candidate_action,frozen_v,mc_q,q_prediction,scenario,source_seed,split,state_id,train_seed,unit_index,variant
1,-29.492202758789062,-33.10894012451172,-25.126407623291016,medium,8,train,seed8/medium/episode2/step11,14,0,full
2,-29.492202758789062,-35.710018157958984,-26.72913360595703,medium,8,train,seed8/medium/episode2/step11,14,0,full
4,-29.492202758789062,-35.71991729736328,-22.634788513183594,medium,8,train,seed8/medium/episode2/step11,14,0,full
5,-29.492202758789062,-34.18324279785156,-23.260156631469727,medium,8,train,seed8/medium/episode2/step11,14,0,full
0,-29.492202758789062,-28.808088302612305,-26.544048309326172,medium,8,train,seed8/medium/episode2/step11,14,1,full
1,-29.492202758789062,-26.458133697509766,-23.93070411682129,medium,8,train,seed8/medium/episode2/step11,14,1,full
3,-29.492202758789062,-28.89006996154785,-27.591814041137695,medium,8,train,seed8/medium/episode2/step11,14,1,full
5,-29.492202758789062,-33.381927490234375,-22.140174865722656,medium,8,train,seed8/medium/episode2/step11,14,1,full
1,-29.492202758789062,-30.486421585083008,-26.263275146484375,medium,8,train,seed8/medium/episode2/step11,14,2,full
5,-29.492202758789062,-34.01565933227539,-24.488615036010742,medium,8,train,seed8/medium/episode2/step11,14,2,full
0,-35.447757720947266,-26.981813430786133,-13.919760704040527,medium,8,train,seed8/medium/episode9/step0,14,0,full
2,-35.447757720947266,-18.885452270507812,-11.458441734313965,medium,8,train,seed8/medium/episode9/step0,14,0,full
5,-35.447757720947266,-16.642976760864258,-11.550945281982422,medium,8,train,seed8/medium/episode9/step0,14,0,full
0,-35.447757720947266,-18.09736442565918,-11.639936447143555,medium,8,train,seed8/medium/episode9/step0,14,1,full
2,-35.447757720947266,-18.09736442565918,-9.34433650970459,medium,8,train,seed8/medium/episode9/step0,14,1,full
3,-35.447757720947266,-18.09736442565918,-11.378212928771973,medium,8,train,seed8/medium/episode9/step0,14,1,full
5,-35.447757720947266,-17.964075088500977,-9.230751991271973,medium,8,train,seed8/medium/episode9/step0,14,1,full
5,-35.447757720947266,-11.5684175491333,-13.214995384216309,medium,8,train,seed8/medium/episode9/step0,14,2,full
5,-33.44831466674805,-3.587488889694214,-0.9480743408203125,medium,8,train,seed8/medium/episode4/step1,14,0,full
5,-33.44831466674805,-9.670360565185547,1.3372726440429688,medium,8,train,seed8/medium/episode4/step1,14,1,full
3,-33.44831466674805,-10.562413215637207,-4.745084762573242,medium,8,train,seed8/medium/episode4/step1,14,2,full
5,-33.44831466674805,-11.683401107788086,-4.117586135864258,medium,8,train,seed8/medium/episode4/step1,14,2,full
5,-38.55025100708008,-12.062366485595703,-12.438937187194824,medium,8,validation,seed8/medium/episode4/step17,14,0,full
0,-38.55025100708008,-6.02097225189209,-23.33018684387207,medium,8,validation,seed8/medium/episode4/step17,14,1,full
1,-38.55025100708008,-4.549280643463135,-18.018327713012695,medium,8,validation,seed8/medium/episode4/step17,14,1,full
2,-38.55025100708008,-4.620107173919678,-16.30535888671875,medium,8,validation,seed8/medium/episode4/step17,14,1,full
5,-38.55025100708008,-5.573254585266113,-14.640087127685547,medium,8,validation,seed8/medium/episode4/step17,14,1,full
2,-38.55025100708008,-10.311877250671387,-14.110170364379883,medium,8,validation,seed8/medium/episode4/step17,14,2,full
5,-38.55025100708008,-12.753405570983887,-12.310123443603516,medium,8,validation,seed8/medium/episode4/step17,14,2,full
5,-31.04770278930664,-23.385412216186523,-37.17710876464844,medium,8,train,seed8/medium/episode15/step20,14,0,full
5,-31.04770278930664,-28.9300594329834,-34.79483413696289,medium,8,train,seed8/medium/episode15/step20,14,1,full
3,-31.04770278930664,-13.946529388427734,-34.88738250732422,medium,8,train,seed8/medium/episode15/step20,14,2,full
5,-31.04770278930664,-11.914278030395508,-35.30913543701172,medium,8,train,seed8/medium/episode15/step20,14,2,full
5,4.333680629730225,6.330555438995361,-10.930957794189453,medium,8,validation,seed8/medium/episode7/step36,14,0,full
5,4.333680629730225,2.202897787094116,-8.506281852722168,medium,8,validation,seed8/medium/episode7/step36,14,1,full
1,4.333680629730225,3.450153350830078,-15.008441925048828,medium,8,validation,seed8/medium/episode7/step36,14,2,full
3,4.333680629730225,2.7973337173461914,-15.574823379516602,medium,8,validation,seed8/medium/episode7/step36,14,2,full
5,4.333680629730225,1.8345015048980713,-16.268463134765625,medium,8,validation,seed8/medium/episode7/step36,14,2,full
0,-26.813440322875977,-12.698175430297852,-20.8330020904541,medium,8,train,seed8/medium/episode3/step0,14,0,full
1,-26.813440322875977,-12.2223539352417,-17.621198654174805,medium,8,train,seed8/medium/episode3/step0,14,0,full
5,-26.813440322875977,-5.456620216369629,-16.15375328063965,medium,8,train,seed8/medium/episode3/step0,14,0,full
0,-26.813440322875977,-21.449033737182617,-19.154571533203125,medium,8,train,seed8/medium/episode3/step0,14,1,full
1,-26.813440322875977,-18.53394889831543,-16.197525024414062,medium,8,train,seed8/medium/episode3/step0,14,1,full
2,-26.813440322875977,-22.274194717407227,-18.17830467224121,medium,8,train,seed8/medium/episode3/step0,14,1,full
5,-26.813440322875977,-5.57970666885376,-14.639276504516602,medium,8,train,seed8/medium/episode3/step0,14,1,full
1,-26.813440322875977,-16.29863166809082,-19.983781814575195,medium,8,train,seed8/medium/episode3/step0,14,2,full
5,-26.813440322875977,-13.24433422088623,-18.504222869873047,medium,8,train,seed8/medium/episode3/step0,14,2,full
5,-0.9851009249687195,-10.886966705322266,-15.90334701538086,medium,8,test,seed8/medium/episode17/step37,14,0,full
5,-0.9851009249687195,-8.048867225646973,-13.442773818969727,medium,8,test,seed8/medium/episode17/step37,14,1,full
2,-0.9851009249687195,-10.674211502075195,-14.703104019165039,medium,8,test,seed8/medium/episode17/step37,14,2,full
3,-0.9851009249687195,-6.5601701736450195,-16.781566619873047,medium,8,test,seed8/medium/episode17/step37,14,2,full
5,-0.9851009249687195,-10.049506187438965,-15.803227424621582,medium,8,test,seed8/medium/episode17/step37,14,2,full
5,-48.39737319946289,-21.931419372558594,-20.6600399017334,medium,8,train,seed8/medium/episode6/step19,14,0,full
5,-48.39737319946289,-14.924541473388672,-18.253570556640625,medium,8,train,seed8/medium/episode6/step19,14,1,full
0,-48.39737319946289,-13.654547691345215,-21.20984649658203,medium,8,train,seed8/medium/episode6/step19,14,2,full
5,-48.39737319946289,-8.585113525390625,-17.333932876586914,medium,8,train,seed8/medium/episode6/step19,14,2,full
5,-15.448270797729492,-10.367734909057617,-14.545639038085938,medium,8,train,seed8/medium/episode2/step20,14,0,full
5,-15.448270797729492,-13.286519050598145,-12.121207237243652,medium,8,train,seed8/medium/episode2/step20,14,1,full
2,-15.448270797729492,-13.715262413024902,-15.327933311462402,medium,8,train,seed8/medium/episode2/step20,14,2,full
5,-15.448270797729492,-15.595102310180664,-13.883806228637695,medium,8,train,seed8/medium/episode2/step20,14,2,full
5,-37.370094299316406,-8.017800331115723,-12.499753952026367,medium,8,test,seed8/medium/episode4/step15,14,0,full
0,-37.370094299316406,-11.572137832641602,-23.697677612304688,medium,8,test,seed8/medium/episode4/step15,14,1,full
1,-37.370094299316406,-5.1192755699157715,-18.366313934326172,medium,8,test,seed8/medium/episode4/step15,14,1,full
2,-37.370094299316406,-4.75659704208374,-16.545291900634766,medium,8,test,seed8/medium/episode4/step15,14,1,full
5,-37.370094299316406,-10.10085678100586,-14.697098731994629,medium,8,test,seed8/medium/episode4/step15,14,1,full
5,-37.370094299316406,-14.092737197875977,-11.349967956542969,medium,8,test,seed8/medium/episode4/step15,14,2,full
1,-37.51372528076172,-10.54308795928955,-14.982099533081055,medium,8,validation,seed8/medium/episode12/step14,14,0,full
2,-37.51372528076172,-9.292527198791504,-13.611157417297363,medium,8,validation,seed8/medium/episode12/step14,14,0,full
4,-37.51372528076172,-10.488576889038086,-15.845630645751953,medium,8,validation,seed8/medium/episode12/step14,14,0,full
5,-37.51372528076172,-0.37721431255340576,-14.503252983093262,medium,8,validation,seed8/medium/episode12/step14,14,0,full
0,-37.51372528076172,-11.632478713989258,-16.386260986328125,medium,8,validation,seed8/medium/episode12/step14,14,1,full
1,-37.51372528076172,-13.118612289428711,-12.00947093963623,medium,8,validation,seed8/medium/episode12/step14,14,1,full
4,-37.51372528076172,-10.281124114990234,-12.807680130004883,medium,8,validation,seed8/medium/episode12/step14,14,1,full
5,-37.51372528076172,-11.875988006591797,-11.606160163879395,medium,8,validation,seed8/medium/episode12/step14,14,1,full
5,-37.51372528076172,-9.637031555175781,-10.842514038085938,medium,8,validation,seed8/medium/episode12/step14,14,2,full
0,-33.2150993347168,-33.374916076660156,-29.754451751708984,medium,8,train,seed8/medium/episode2/step15,14,0,full
1,-33.2150993347168,-32.93619918823242,-26.911535263061523,medium,8,train,seed8/medium/episode2/step15,14,0,full
2,-33.2150993347168,-26.554828643798828,-27.970149993896484,medium,8,train,seed8/medium/episode2/step15,14,0,full
3,-33.2150993347168,-28.814056396484375,-30.228166580200195,medium,8,train,seed8/medium/episode2/step15,14,0,full
4,-33.2150993347168,-33.07803726196289,-24.504138946533203,medium,8,train,seed8/medium/episode2/step15,14,0,full
5,-33.2150993347168,-28.29136085510254,-25.44631004333496,medium,8,train,seed8/medium/episode2/step15,14,0,full
0,-33.2150993347168,-34.90782165527344,-28.986743927001953,medium,8,train,seed8/medium/episode2/step15,14,1,full
1,-33.2150993347168,-18.301359176635742,-26.031692504882812,medium,8,train,seed8/medium/episode2/step15,14,1,full
2,-33.2150993347168,-28.205732345581055,-27.18319320678711,medium,8,train,seed8/medium/episode2/step15,14,1,full
3,-33.2150993347168,-28.783782958984375,-29.3909912109375,medium,8,train,seed8/medium/episode2/step15,14,1,full
5,-33.2150993347168,-25.361066818237305,-24.768110275268555,medium,8,train,seed8/medium/episode2/step15,14,1,full
1,-33.2150993347168,-26.40006446838379,-28.23776626586914,medium,8,train,seed8/medium/episode2/step15,14,2,full
5,-33.2150993347168,-27.37781524658203,-26.988523483276367,medium,8,train,seed8/medium/episode2/step15,14,2,full
5,-7.551610946655273,-22.827241897583008,-22.583683013916016,medium,8,train,seed8/medium/episode7/step8,14,0,full
2,-7.551610946655273,-20.074052810668945,-18.512271881103516,medium,8,train,seed8/medium/episode7/step8,14,1,full
4,-7.551610946655273,-21.82307243347168,-18.858163833618164,medium,8,train,seed8/medium/episode7/step8,14,1,full
5,-7.551610946655273,-19.989810943603516,-17.20362091064453,medium,8,train,seed8/medium/episode7/step8,14,1,full
5,-7.551610946655273,-22.747802734375,-19.72398567199707,medium,8,train,seed8/medium/episode7/step8,14,2,full
5,-42.05026626586914,-37.09263610839844,-8.342034339904785,medium,8,test,seed8/medium/episode11/step4,14,0,full
0,-42.05026626586914,3.3420968055725098,-20.640600204467773,medium,8,test,seed8/medium/episode11/step4,14,1,full
1,-42.05026626586914,-18.884119033813477,-18.91545867919922,medium,8,test,seed8/medium/episode11/step4,14,1,full
2,-42.05026626586914,-16.048072814941406,-16.437978744506836,medium,8,test,seed8/medium/episode11/step4,14,1,full
3,-42.05026626586914,-9.627930641174316,-15.735645294189453,medium,8,test,seed8/medium/episode11/step4,14,1,full
5,-42.05026626586914,-17.162158966064453,-15.380705833435059,medium,8,test,seed8/medium/episode11/step4,14,1,full
1,-42.05026626586914,11.115246772766113,-22.502443313598633,medium,8,test,seed8/medium/episode11/step4,14,2,full
3,-42.05026626586914,11.115246772766113,-19.193885803222656,medium,8,test,seed8/medium/episode11/step4,14,2,full
5,-42.05026626586914,0.1420089602470398,-18.967647552490234,medium,8,test,seed8/medium/episode11/step4,14,2,full
0,-14.634188652038574,4.261696815490723,-4.764171600341797,time_pressure,8,train,seed8/time_pressure/episode17/step3,14,0,full
2,-14.634188652038574,5.870260715484619,-3.610219955444336,time_pressure,8,train,seed8/time_pressure/episode17/step3,14,0,full
4,-14.634188652038574,5.920765399932861,-1.7894325256347656,time_pressure,8,train,seed8/time_pressure/episode17/step3,14,0,full
5,-14.634188652038574,10.429814338684082,-2.396108627319336,time_pressure,8,train,seed8/time_pressure/episode17/step3,14,0,full
2,-14.634188652038574,5.793713569641113,-3.3181381225585938,time_pressure,8,train,seed8/time_pressure/episode17/step3,14,1,full
4,-14.634188652038574,8.283580780029297,-1.5120582580566406,time_pressure,8,train,seed8/time_pressure/episode17/step3,14,1,full
5,-14.634188652038574,6.379310607910156,-2.1303768157958984,time_pressure,8,train,seed8/time_pressure/episode17/step3,14,1,full
2,-14.634188652038574,-6.383850574493408,-6.2236480712890625,time_pressure,8,train,seed8/time_pressure/episode17/step3,14,2,full
4,-14.634188652038574,-1.8439735174179077,-4.327280044555664,time_pressure,8,train,seed8/time_pressure/episode17/step3,14,2,full
5,-14.634188652038574,-7.755964756011963,-4.919313430786133,time_pressure,8,train,seed8/time_pressure/episode17/step3,14,2,full
5,-12.54377555847168,-14.145971298217773,-23.71091651916504,time_pressure,8,train,seed8/time_pressure/episode10/step7,14,0,full
1,-12.54377555847168,-20.319665908813477,-28.195709228515625,time_pressure,8,train,seed8/time_pressure/episode10/step7,14,1,full
2,-12.54377555847168,-22.443574905395508,-24.439960479736328,time_pressure,8,train,seed8/time_pressure/episode10/step7,14,1,full
3,-12.54377555847168,-23.847597122192383,-24.905981063842773,time_pressure,8,train,seed8/time_pressure/episode10/step7,14,1,full
4,-12.54377555847168,-27.918996810913086,-25.13088607788086,time_pressure,8,train,seed8/time_pressure/episode10/step7,14,1,full
5,-12.54377555847168,-23.94202423095703,-23.384418487548828,time_pressure,8,train,seed8/time_pressure/episode10/step7,14,1,full
3,-12.54377555847168,-14.289409637451172,-22.3857364654541,time_pressure,8,train,seed8/time_pressure/episode10/step7,14,2,full
5,-12.54377555847168,-11.84142017364502,-20.758569717407227,time_pressure,8,train,seed8/time_pressure/episode10/step7,14,2,full
0,-29.865127563476562,-25.640548706054688,-30.4736270904541,time_pressure,8,validation,seed8/time_pressure/episode0/step2,14,0,full
1,-29.865127563476562,-12.728217124938965,-25.90357780456543,time_pressure,8,validation,seed8/time_pressure/episode0/step2,14,0,full
3,-29.865127563476562,-15.205229759216309,-28.527902603149414,time_pressure,8,validation,seed8/time_pressure/episode0/step2,14,0,full
5,-29.865127563476562,-1.150765061378479,-24.233623504638672,time_pressure,8,validation,seed8/time_pressure/episode0/step2,14,0,full
0,-29.865127563476562,-28.93889808654785,-29.95182991027832,time_pressure,8,validation,seed8/time_pressure/episode0/step2,14,1,full
1,-29.865127563476562,-26.039899826049805,-25.436004638671875,time_pressure,8,validation,seed8/time_pressure/episode0/step2,14,1,full
2,-29.865127563476562,-26.815553665161133,-23.691078186035156,time_pressure,8,validation,seed8/time_pressure/episode0/step2,14,1,full
4,-29.865127563476562,-25.309741973876953,-22.76725959777832,time_pressure,8,validation,seed8/time_pressure/episode0/step2,14,1,full
5,-29.865127563476562,-23.81761360168457,-23.68785285949707,time_pressure,8,validation,seed8/time_pressure/episode0/step2,14,1,full
1,-29.865127563476562,-30.156808853149414,-31.7735595703125,time_pressure,8,validation,seed8/time_pressure/episode0/step2,14,2,full
5,-29.865127563476562,-19.129053115844727,-30.085433959960938,time_pressure,8,validation,seed8/time_pressure/episode0/step2,14,2,full
5,-59.50522994995117,-74.36446380615234,-34.4409294128418,time_pressure,8,test,seed8/time_pressure/episode2/step18,14,0,full
5,-59.50522994995117,-57.90886306762695,-31.96198081970215,time_pressure,8,test,seed8/time_pressure/episode2/step18,14,1,full
0,-59.50522994995117,-61.32829284667969,-38.160240173339844,time_pressure,8,test,seed8/time_pressure/episode2/step18,14,2,full
1,-59.50522994995117,-63.19756317138672,-38.63368606567383,time_pressure,8,test,seed8/time_pressure/episode2/step18,14,2,full
3,-59.50522994995117,-53.538665771484375,-37.06262969970703,time_pressure,8,test,seed8/time_pressure/episode2/step18,14,2,full
4,-59.50522994995117,-57.24195098876953,-35.90309143066406,time_pressure,8,test,seed8/time_pressure/episode2/step18,14,2,full
5,-59.50522994995117,-65.06932067871094,-36.0782470703125,time_pressure,8,test,seed8/time_pressure/episode2/step18,14,2,full
5,-32.757591247558594,8.118378639221191,-8.071950912475586,time_pressure,8,train,seed8/time_pressure/episode16/step22,14,0,full
5,-32.757591247558594,-5.0014848709106445,-5.615943908691406,time_pressure,8,train,seed8/time_pressure/episode16/step22,14,1,full
4,-32.757591247558594,22.540985107421875,-2.1437244415283203,time_pressure,8,train,seed8/time_pressure/episode16/step22,14,2,full
5,-32.757591247558594,8.338809967041016,-5.030603408813477,time_pressure,8,train,seed8/time_pressure/episode16/step22,14,2,full
5,-56.540401458740234,-56.82118606567383,-21.37060546875,time_pressure,8,test,seed8/time_pressure/episode2/step15,14,0,full
5,-56.540401458740234,-56.65013122558594,-22.50196647644043,time_pressure,8,test,seed8/time_pressure/episode2/step15,14,1,full
0,-56.540401458740234,-53.21440887451172,-22.65981101989746,time_pressure,8,test,seed8/time_pressure/episode2/step15,14,2,full
3,-56.540401458740234,-53.21440887451172,-21.518856048583984,time_pressure,8,test,seed8/time_pressure/episode2/step15,14,2,full
4,-56.540401458740234,-53.21440887451172,-20.690814971923828,time_pressure,8,test,seed8/time_pressure/episode2/step15,14,2,full
5,-56.540401458740234,-59.69396209716797,-20.11953353881836,time_pressure,8,test,seed8/time_pressure/episode2/step15,14,2,full
0,-52.9025993347168,-32.12995529174805,-33.23002624511719,time_pressure,8,train,seed8/time_pressure/episode11/step16,14,0,full
1,-52.9025993347168,-32.06916046142578,-31.25470733642578,time_pressure,8,train,seed8/time_pressure/episode11/step16,14,0,full
2,-52.9025993347168,-26.168453216552734,-30.08096694946289,time_pressure,8,train,seed8/time_pressure/episode11/step16,14,0,full
3,-52.9025993347168,-30.01949691772461,-29.88453483581543,time_pressure,8,train,seed8/time_pressure/episode11/step16,14,0,full
4,-52.9025993347168,-28.768707275390625,-29.747432708740234,time_pressure,8,train,seed8/time_pressure/episode11/step16,14,0,full
5,-52.9025993347168,-27.733718872070312,-29.532869338989258,time_pressure,8,train,seed8/time_pressure/episode11/step16,14,0,full
5,-52.9025993347168,-15.674344062805176,-24.229333877563477,time_pressure,8,train,seed8/time_pressure/episode11/step16,14,1,full
0,-52.9025993347168,-41.60237503051758,-33.321346282958984,time_pressure,8,train,seed8/time_pressure/episode11/step16,14,2,full
1,-52.9025993347168,-49.2067756652832,-31.30284309387207,time_pressure,8,train,seed8/time_pressure/episode11/step16,14,2,full
2,-52.9025993347168,-49.2067756652832,-30.35365104675293,time_pressure,8,train,seed8/time_pressure/episode11/step16,14,2,full
4,-52.9025993347168,-49.2067756652832,-29.856367111206055,time_pressure,8,train,seed8/time_pressure/episode11/step16,14,2,full
5,-52.9025993347168,-22.799285888671875,-29.742820739746094,time_pressure,8,train,seed8/time_pressure/episode11/step16,14,2,full
0,-35.00529479980469,-41.886539459228516,-28.359344482421875,time_pressure,8,train,seed8/time_pressure/episode13/step0,14,0,full
1,-35.00529479980469,-44.126991271972656,-26.15428352355957,time_pressure,8,train,seed8/time_pressure/episode13/step0,14,0,full
3,-35.00529479980469,-44.727420806884766,-29.238115310668945,time_pressure,8,train,seed8/time_pressure/episode13/step0,14,0,full
5,-35.00529479980469,-26.63924789428711,-23.44840431213379,time_pressure,8,train,seed8/time_pressure/episode13/step0,14,0,full
1,-35.00529479980469,-34.4774169921875,-23.355913162231445,time_pressure,8,train,seed8/time_pressure/episode13/step0,14,1,full
2,-35.00529479980469,-36.44472885131836,-23.266399383544922,time_pressure,8,train,seed8/time_pressure/episode13/step0,14,1,full
3,-35.00529479980469,-36.44472885131836,-26.595565795898438,time_pressure,8,train,seed8/time_pressure/episode13/step0,14,1,full
4,-35.00529479980469,-27.2710018157959,-21.433839797973633,time_pressure,8,train,seed8/time_pressure/episode13/step0,14,1,full
5,-35.00529479980469,-19.675100326538086,-20.798786163330078,time_pressure,8,train,seed8/time_pressure/episode13/step0,14,1,full
5,-35.00529479980469,-33.321475982666016,-19.569896697998047,time_pressure,8,train,seed8/time_pressure/episode13/step0,14,2,full
5,10.870283126831055,-4.251091480255127,2.973268508911133,time_pressure,8,train,seed8/time_pressure/episode9/step35,14,0,full
5,10.870283126831055,-4.4449639320373535,5.211696624755859,time_pressure,8,train,seed8/time_pressure/episode9/step35,14,1,full
4,10.870283126831055,-7.17270040512085,7.866235733032227,time_pressure,8,train,seed8/time_pressure/episode9/step35,14,2,full
5,10.870283126831055,-11.856842041015625,5.545989990234375,time_pressure,8,train,seed8/time_pressure/episode9/step35,14,2,full
5,-14.520394325256348,1.8083842992782593,-6.555854797363281,time_pressure,8,train,seed8/time_pressure/episode15/step7,14,0,full
4,-14.520394325256348,0.6055953502655029,-3.0577869415283203,time_pressure,8,train,seed8/time_pressure/episode15/step7,14,1,full
5,-14.520394325256348,9.040234565734863,-3.898090362548828,time_pressure,8,train,seed8/time_pressure/episode15/step7,14,1,full
5,-14.520394325256348,-3.676816463470459,-8.893508911132812,time_pressure,8,train,seed8/time_pressure/episode15/step7,14,2,full
5,-24.699077606201172,-21.053157806396484,-27.593185424804688,time_pressure,8,validation,seed8/time_pressure/episode12/step27,14,0,full
5,-24.699077606201172,-16.328664779663086,-25.12049674987793,time_pressure,8,validation,seed8/time_pressure/episode12/step27,14,1,full
0,-24.699077606201172,-19.209224700927734,-31.804954528808594,time_pressure,8,validation,seed8/time_pressure/episode12/step27,14,2,full
1,-24.699077606201172,-21.68877410888672,-31.69720458984375,time_pressure,8,validation,seed8/time_pressure/episode12/step27,14,2,full
4,-24.699077606201172,-17.343713760375977,-25.966747283935547,time_pressure,8,validation,seed8/time_pressure/episode12/step27,14,2,full
5,-24.699077606201172,-25.950592041015625,-30.048263549804688,time_pressure,8,validation,seed8/time_pressure/episode12/step27,14,2,full
5,-21.368650436401367,-26.50551414489746,-19.063037872314453,time_pressure,8,validation,seed8/time_pressure/episode8/step14,14,0,full
1,-21.368650436401367,-10.095391273498535,-20.88852882385254,time_pressure,8,validation,seed8/time_pressure/episode8/step14,14,1,full
2,-21.368650436401367,-4.6209540367126465,-20.66226577758789,time_pressure,8,validation,seed8/time_pressure/episode8/step14,14,1,full
3,-21.368650436401367,-12.604879379272461,-18.710426330566406,time_pressure,8,validation,seed8/time_pressure/episode8/step14,14,1,full
4,-21.368650436401367,-4.74187707901001,-17.399354934692383,time_pressure,8,validation,seed8/time_pressure/episode8/step14,14,1,full
5,-21.368650436401367,-16.336193084716797,-18.780315399169922,time_pressure,8,validation,seed8/time_pressure/episode8/step14,14,1,full
3,-21.368650436401367,-29.64705467224121,-16.032588958740234,time_pressure,8,validation,seed8/time_pressure/episode8/step14,14,2,full
4,-21.368650436401367,-23.041860580444336,-14.75523567199707,time_pressure,8,validation,seed8/time_pressure/episode8/step14,14,2,full
5,-21.368650436401367,-44.469058990478516,-16.0386962890625,time_pressure,8,validation,seed8/time_pressure/episode8/step14,14,2,full
5,-39.77165603637695,-19.601375579833984,-11.403678894042969,time_pressure,8,test,seed8/time_pressure/episode13/step20,14,0,full
1,-39.77165603637695,-24.61168098449707,-11.306015014648438,time_pressure,8,test,seed8/time_pressure/episode13/step20,14,1,full
3,-39.77165603637695,-24.947572708129883,-12.067523956298828,time_pressure,8,test,seed8/time_pressure/episode13/step20,14,1,full
4,-39.77165603637695,-14.33698558807373,-8.237403869628906,time_pressure,8,test,seed8/time_pressure/episode13/step20,14,1,full
5,-39.77165603637695,-16.484954833984375,-10.131824493408203,time_pressure,8,test,seed8/time_pressure/episode13/step20,14,1,full
1,-39.77165603637695,-4.6942291259765625,-15.110137939453125,time_pressure,8,test,seed8/time_pressure/episode13/step20,14,2,full
3,-39.77165603637695,-4.431199550628662,-16.035139083862305,time_pressure,8,test,seed8/time_pressure/episode13/step20,14,2,full
4,-39.77165603637695,-13.37242603302002,-11.924585342407227,time_pressure,8,test,seed8/time_pressure/episode13/step20,14,2,full
5,-39.77165603637695,-23.988494873046875,-13.845237731933594,time_pressure,8,test,seed8/time_pressure/episode13/step20,14,2,full
5,-16.282501220703125,-18.258764266967773,-20.146310806274414,time_pressure,8,train,seed8/time_pressure/episode8/step8,14,0,full
1,-16.282501220703125,-35.11442565917969,-22.444303512573242,time_pressure,8,train,seed8/time_pressure/episode8/step8,14,1,full
2,-16.282501220703125,-35.11442565917969,-22.919986724853516,time_pressure,8,train,seed8/time_pressure/episode8/step8,14,1,full
3,-16.282501220703125,-35.05192565917969,-20.128986358642578,time_pressure,8,train,seed8/time_pressure/episode8/step8,14,1,full
4,-16.282501220703125,-22.602405548095703,-18.79109764099121,time_pressure,8,train,seed8/time_pressure/episode8/step8,14,1,full
5,-16.282501220703125,-20.62894058227539,-19.8845157623291,time_pressure,8,train,seed8/time_pressure/episode8/step8,14,1,full
3,-16.282501220703125,-25.183115005493164,-16.57355308532715,time_pressure,8,train,seed8/time_pressure/episode8/step8,14,2,full
4,-16.282501220703125,-13.778369903564453,-15.226492881774902,time_pressure,8,train,seed8/time_pressure/episode8/step8,14,2,full
5,-16.282501220703125,-22.75790786743164,-16.276762008666992,time_pressure,8,train,seed8/time_pressure/episode8/step8,14,2,full
5,-27.448820114135742,-9.9039945602417,-9.264864921569824,time_pressure,8,train,seed8/time_pressure/episode2/step31,14,0,full
5,-27.448820114135742,-9.8414945602417,-6.831193923950195,time_pressure,8,train,seed8/time_pressure/episode2/step31,14,1,full
2,-27.448820114135742,-12.16547679901123,-9.869950294494629,time_pressure,8,train,seed8/time_pressure/episode2/step31,14,2,full
5,-27.448820114135742,-11.66547679901123,-9.923416137695312,time_pressure,8,train,seed8/time_pressure/episode2/step31,14,2,full
0,-22.217601776123047,-51.579132080078125,-25.942785263061523,heterogeneity_pressure,8,validation,seed8/heterogeneity_pressure/episode10/step11,14,0,full
1,-22.217601776123047,-34.912750244140625,-23.974863052368164,heterogeneity_pressure,8,validation,seed8/heterogeneity_pressure/episode10/step11,14,0,full
2,-22.217601776123047,-27.975473403930664,-24.122312545776367,heterogeneity_pressure,8,validation,seed8/heterogeneity_pressure/episode10/step11,14,0,full
4,-22.217601776123047,-54.25129318237305,-21.463394165039062,heterogeneity_pressure,8,validation,seed8/heterogeneity_pressure/episode10/step11,14,0,full
5,-22.217601776123047,-26.837488174438477,-21.872547149658203,heterogeneity_pressure,8,validation,seed8/heterogeneity_pressure/episode10/step11,14,0,full
5,-22.217601776123047,-64.74677276611328,-22.42839241027832,heterogeneity_pressure,8,validation,seed8/heterogeneity_pressure/episode10/step11,14,1,full
1,-22.217601776123047,-24.677980422973633,-31.33663558959961,heterogeneity_pressure,8,validation,seed8/heterogeneity_pressure/episode10/step11,14,2,full
5,-22.217601776123047,-50.53042221069336,-29.416851043701172,heterogeneity_pressure,8,validation,seed8/heterogeneity_pressure/episode10/step11,14,2,full
0,-26.131437301635742,-30.500980377197266,-36.761688232421875,heterogeneity_pressure,8,train,seed8/heterogeneity_pressure/episode0/step1,14,0,full
1,-26.131437301635742,-35.883544921875,-29.5825252532959,heterogeneity_pressure,8,train,seed8/heterogeneity_pressure/episode0/step1,14,0,full
2,-26.131437301635742,-30.806915283203125,-31.023326873779297,heterogeneity_pressure,8,train,seed8/heterogeneity_pressure/episode0/step1,14,0,full
4,-26.131437301635742,-32.82799530029297,-31.545120239257812,heterogeneity_pressure,8,train,seed8/heterogeneity_pressure/episode0/step1,14,0,full
5,-26.131437301635742,-29.249675750732422,-28.842716217041016,heterogeneity_pressure,8,train,seed8/heterogeneity_pressure/episode0/step1,14,0,full
5,-26.131437301635742,-21.092615127563477,-19.743492126464844,heterogeneity_pressure,8,train,seed8/heterogeneity_pressure/episode0/step1,14,1,full
5,-26.131437301635742,-32.49578857421875,-25.54610252380371,heterogeneity_pressure,8,train,seed8/heterogeneity_pressure/episode0/step1,14,2,full
0,-23.031288146972656,-30.436260223388672,-25.29409408569336,heterogeneity_pressure,8,train,seed8/heterogeneity_pressure/episode1/step5,14,0,full
1,-23.031288146972656,-30.843313217163086,-25.832420349121094,heterogeneity_pressure,8,train,seed8/heterogeneity_pressure/episode1/step5,14,0,full
2,-23.031288146972656,-27.491342544555664,-27.021461486816406,heterogeneity_pressure,8,train,seed8/heterogeneity_pressure/episode1/step5,14,0,full
3,-23.031288146972656,-28.615798950195312,-25.23429298400879,heterogeneity_pressure,8,train,seed8/heterogeneity_pressure/episode1/step5,14,0,full
5,-23.031288146972656,-25.739112854003906,-23.1105899810791,heterogeneity_pressure,8,train,seed8/heterogeneity_pressure/episode1/step5,14,0,full
5,-23.031288146972656,-15.78065299987793,-12.025508880615234,heterogeneity_pressure,8,train,seed8/heterogeneity_pressure/episode1/step5,14,1,full
5,-23.031288146972656,-24.654285430908203,-16.47845458984375,heterogeneity_pressure,8,train,seed8/heterogeneity_pressure/episode1/step5,14,2,full
5,-20.239990234375,-24.729141235351562,-7.878034591674805,heterogeneity_pressure,8,validation,seed8/heterogeneity_pressure/episode7/step14,14,0,full
0,-20.239990234375,-39.66286849975586,-8.76331615447998,heterogeneity_pressure,8,validation,seed8/heterogeneity_pressure/episode7/step14,14,1,full
1,-20.239990234375,-48.14617919921875,-12.054677963256836,heterogeneity_pressure,8,validation,seed8/heterogeneity_pressure/episode7/step14,14,1,full
2,-20.239990234375,-48.14617919921875,-10.893725395202637,heterogeneity_pressure,8,validation,seed8/heterogeneity_pressure/episode7/step14,14,1,full
3,-20.239990234375,-42.71379089355469,-10.550044059753418,heterogeneity_pressure,8,validation,seed8/heterogeneity_pressure/episode7/step14,14,1,full
5,-20.239990234375,-34.807987213134766,-7.065235137939453,heterogeneity_pressure,8,validation,seed8/heterogeneity_pressure/episode7/step14,14,1,full
5,-20.239990234375,-41.03832244873047,-4.689279556274414,heterogeneity_pressure,8,validation,seed8/heterogeneity_pressure/episode7/step14,14,2,full
5,-53.74814987182617,-15.408243179321289,-23.163419723510742,heterogeneity_pressure,8,train,seed8/heterogeneity_pressure/episode4/step41,14,0,full
5,-53.74814987182617,-12.455791473388672,-20.347740173339844,heterogeneity_pressure,8,train,seed8/heterogeneity_pressure/episode4/step41,14,1,full
2,-53.74814987182617,-13.761735916137695,-20.934389114379883,heterogeneity_pressure,8,train,seed8/heterogeneity_pressure/episode4/step41,14,2,full
4,-53.74814987182617,-13.072408676147461,-17.249120712280273,heterogeneity_pressure,8,train,seed8/heterogeneity_pressure/episode4/step41,14,2,full
5,-53.74814987182617,-13.733016967773438,-22.115867614746094,heterogeneity_pressure,8,train,seed8/heterogeneity_pressure/episode4/step41,14,2,full
5,-44.25516128540039,-20.439416885375977,-31.183475494384766,heterogeneity_pressure,8,test,seed8/heterogeneity_pressure/episode4/step28,14,0,full
5,-44.25516128540039,-16.284255981445312,-28.393095016479492,heterogeneity_pressure,8,test,seed8/heterogeneity_pressure/episode4/step28,14,1,full
3,-44.25516128540039,-18.03166389465332,-26.634061813354492,heterogeneity_pressure,8,test,seed8/heterogeneity_pressure/episode4/step28,14,2,full
4,-44.25516128540039,-25.132131576538086,-23.983488082885742,heterogeneity_pressure,8,test,seed8/heterogeneity_pressure/episode4/step28,14,2,full
5,-44.25516128540039,-35.15403366088867,-27.886337280273438,heterogeneity_pressure,8,test,seed8/heterogeneity_pressure/episode4/step28,14,2,full
5,4.426466464996338,2.1517786979675293,3.4643592834472656,heterogeneity_pressure,8,test,seed8/heterogeneity_pressure/episode8/step41,14,0,full
5,4.426466464996338,0.4348887801170349,6.123937606811523,heterogeneity_pressure,8,test,seed8/heterogeneity_pressure/episode8/step41,14,1,full
0,4.426466464996338,-0.22265611588954926,3.5181503295898438,heterogeneity_pressure,8,test,seed8/heterogeneity_pressure/episode8/step41,14,2,full
5,4.426466464996338,-0.23812775313854218,3.6774749755859375,heterogeneity_pressure,8,test,seed8/heterogeneity_pressure/episode8/step41,14,2,full
5,-20.031503677368164,-0.540927529335022,-5.905488967895508,heterogeneity_pressure,8,train,seed8/heterogeneity_pressure/episode5/step47,14,0,full
5,-20.031503677368164,0.007023833692073822,-3.0943851470947266,heterogeneity_pressure,8,train,seed8/heterogeneity_pressure/episode5/step47,14,1,full
1,-20.031503677368164,-0.665927529335022,-12.285326957702637,heterogeneity_pressure,8,train,seed8/heterogeneity_pressure/episode5/step47,14,2,full
5,-20.031503677368164,-0.4459399878978729,-12.235834121704102,heterogeneity_pressure,8,train,seed8/heterogeneity_pressure/episode5/step47,14,2,full
5,-10.722909927368164,0.4606660008430481,0.5920391082763672,heterogeneity_pressure,8,train,seed8/heterogeneity_pressure/episode2/step49,14,0,full
5,-10.722909927368164,-0.10000000149011612,3.2783470153808594,heterogeneity_pressure,8,train,seed8/heterogeneity_pressure/episode2/step49,14,1,full
4,-10.722909927368164,2.2676639556884766,8.163991928100586,heterogeneity_pressure,8,train,seed8/heterogeneity_pressure/episode2/step49,14,2,full
5,-10.722909927368164,-0.10000000149011612,3.21490478515625,heterogeneity_pressure,8,train,seed8/heterogeneity_pressure/episode2/step49,14,2,full
1,-44.46287536621094,-45.17937088012695,-32.596622467041016,heterogeneity_pressure,8,train,seed8/heterogeneity_pressure/episode9/step3,14,0,full
2,-44.46287536621094,-41.17977523803711,-28.66960906982422,heterogeneity_pressure,8,train,seed8/heterogeneity_pressure/episode9/step3,14,0,full
4,-44.46287536621094,-45.592979431152344,-27.987106323242188,heterogeneity_pressure,8,train,seed8/heterogeneity_pressure/episode9/step3,14,0,full
5,-44.46287536621094,-29.654233932495117,-28.200214385986328,heterogeneity_pressure,8,train,seed8/heterogeneity_pressure/episode9/step3,14,0,full
1,-44.46287536621094,-33.3438720703125,-29.63429832458496,heterogeneity_pressure,8,train,seed8/heterogeneity_pressure/episode9/step3,14,1,full
2,-44.46287536621094,-32.95407485961914,-25.69970703125,heterogeneity_pressure,8,train,seed8/heterogeneity_pressure/episode9/step3,14,1,full
4,-44.46287536621094,-29.453737258911133,-24.928882598876953,heterogeneity_pressure,8,train,seed8/heterogeneity_pressure/episode9/step3,14,1,full
5,-44.46287536621094,-31.395183563232422,-25.32234001159668,heterogeneity_pressure,8,train,seed8/heterogeneity_pressure/episode9/step3,14,1,full
5,-44.46287536621094,-34.88938522338867,-24.889789581298828,heterogeneity_pressure,8,train,seed8/heterogeneity_pressure/episode9/step3,14,2,full
5,-42.721309661865234,-33.07182312011719,-26.638933181762695,heterogeneity_pressure,8,validation,seed8/heterogeneity_pressure/episode15/step15,14,0,full
5,-42.721309661865234,-29.22667121887207,-23.744956970214844,heterogeneity_pressure,8,validation,seed8/heterogeneity_pressure/episode15/step15,14,1,full
1,-42.721309661865234,-35.59503173828125,-30.634170532226562,heterogeneity_pressure,8,validation,seed8/heterogeneity_pressure/episode15/step15,14,2,full
5,-42.721309661865234,-36.510955810546875,-30.345243453979492,heterogeneity_pressure,8,validation,seed8/heterogeneity_pressure/episode15/step15,14,2,full
5,-41.89836502075195,-28.442615509033203,-24.899215698242188,heterogeneity_pressure,8,train,seed8/heterogeneity_pressure/episode9/step12,14,0,full
0,-41.89836502075195,-24.136560440063477,-28.398611068725586,heterogeneity_pressure,8,train,seed8/heterogeneity_pressure/episode9/step12,14,1,full
1,-41.89836502075195,-19.18574333190918,-25.935359954833984,heterogeneity_pressure,8,train,seed8/heterogeneity_pressure/episode9/step12,14,1,full
3,-41.89836502075195,-23.005014419555664,-25.160985946655273,heterogeneity_pressure,8,train,seed8/heterogeneity_pressure/episode9/step12,14,1,full
4,-41.89836502075195,-24.436819076538086,-20.828561782836914,heterogeneity_pressure,8,train,seed8/heterogeneity_pressure/episode9/step12,14,1,full
5,-41.89836502075195,-19.98539924621582,-22.464818954467773,heterogeneity_pressure,8,train,seed8/heterogeneity_pressure/episode9/step12,14,1,full
4,-41.89836502075195,-29.748361587524414,-18.71240997314453,heterogeneity_pressure,8,train,seed8/heterogeneity_pressure/episode9/step12,14,2,full
5,-41.89836502075195,-32.11484909057617,-20.322481155395508,heterogeneity_pressure,8,train,seed8/heterogeneity_pressure/episode9/step12,14,2,full
5,-14.050912857055664,-0.8201633095741272,-5.482170104980469,heterogeneity_pressure,8,train,seed8/heterogeneity_pressure/episode5/step40,14,0,full
5,-14.050912857055664,-1.115088939666748,-2.6766586303710938,heterogeneity_pressure,8,train,seed8/heterogeneity_pressure/episode5/step40,14,1,full
1,-14.050912857055664,-1.3136887550354004,-11.492918968200684,heterogeneity_pressure,8,train,seed8/heterogeneity_pressure/episode5/step40,14,2,full
5,-14.050912857055664,-1.5664178133010864,-10.603776931762695,heterogeneity_pressure,8,train,seed8/heterogeneity_pressure/episode5/step40,14,2,full
5,-41.35121154785156,-18.37588882446289,-14.676749229431152,heterogeneity_pressure,8,train,seed8/heterogeneity_pressure/episode3/step30,14,0,full
5,-41.35121154785156,-20.48017120361328,-11.76340389251709,heterogeneity_pressure,8,train,seed8/heterogeneity_pressure/episode3/step30,14,1,full
3,-41.35121154785156,-22.882488250732422,-14.965583801269531,heterogeneity_pressure,8,train,seed8/heterogeneity_pressure/episode3/step30,14,2,full
5,-41.35121154785156,-23.39225959777832,-13.099058151245117,heterogeneity_pressure,8,train,seed8/heterogeneity_pressure/episode3/step30,14,2,full
5,-13.094359397888184,-29.47755241394043,-28.676944732666016,heterogeneity_pressure,8,test,seed8/heterogeneity_pressure/episode16/step11,14,0,full
0,-13.094359397888184,-37.5859489440918,-33.68020248413086,heterogeneity_pressure,8,test,seed8/heterogeneity_pressure/episode16/step11,14,1,full
1,-13.094359397888184,-27.50814437866211,-31.19925308227539,heterogeneity_pressure,8,test,seed8/heterogeneity_pressure/episode16/step11,14,1,full
4,-13.094359397888184,-35.097530364990234,-26.757631301879883,heterogeneity_pressure,8,test,seed8/heterogeneity_pressure/episode16/step11,14,1,full
5,-13.094359397888184,-42.76420211791992,-27.72909164428711,heterogeneity_pressure,8,test,seed8/heterogeneity_pressure/episode16/step11,14,1,full
4,-13.094359397888184,-35.98424530029297,-24.776222229003906,heterogeneity_pressure,8,test,seed8/heterogeneity_pressure/episode16/step11,14,2,full
5,-13.094359397888184,-31.61025619506836,-25.808687210083008,heterogeneity_pressure,8,test,seed8/heterogeneity_pressure/episode16/step11,14,2,full
5,-35.68598556518555,-55.87950897216797,-19.443567276000977,medium,10,validation,seed10/medium/episode7/step5,14,0,full
0,-35.68598556518555,-60.30918502807617,-27.149545669555664,medium,10,validation,seed10/medium/episode7/step5,14,1,full
1,-35.68598556518555,-55.957305908203125,-27.010730743408203,medium,10,validation,seed10/medium/episode7/step5,14,1,full
2,-35.68598556518555,-55.957305908203125,-27.74901008605957,medium,10,validation,seed10/medium/episode7/step5,14,1,full
3,-35.68598556518555,-60.55872344970703,-26.3380069732666,medium,10,validation,seed10/medium/episode7/step5,14,1,full
4,-35.68598556518555,-55.957305908203125,-21.27003288269043,medium,10,validation,seed10/medium/episode7/step5,14,1,full
5,-35.68598556518555,-52.83570098876953,-23.338638305664062,medium,10,validation,seed10/medium/episode7/step5,14,1,full
0,-35.68598556518555,-66.3775863647461,-29.875686645507812,medium,10,validation,seed10/medium/episode7/step5,14,2,full
3,-35.68598556518555,-66.3775863647461,-29.202251434326172,medium,10,validation,seed10/medium/episode7/step5,14,2,full
5,-35.68598556518555,-47.52043533325195,-26.112014770507812,medium,10,validation,seed10/medium/episode7/step5,14,2,full
5,-41.86380386352539,-31.02754020690918,-18.315095901489258,medium,10,train,seed10/medium/episode15/step24,14,0,full
5,-41.86380386352539,-26.491273880004883,-15.920028686523438,medium,10,train,seed10/medium/episode15/step24,14,1,full
0,-41.86380386352539,-23.024757385253906,-27.433706283569336,medium,10,train,seed10/medium/episode15/step24,14,2,full
1,-41.86380386352539,-22.034337997436523,-23.96596908569336,medium,10,train,seed10/medium/episode15/step24,14,2,full
3,-41.86380386352539,-22.377193450927734,-24.900423049926758,medium,10,train,seed10/medium/episode15/step24,14,2,full
5,-41.86380386352539,-24.454883575439453,-24.10185432434082,medium,10,train,seed10/medium/episode15/step24,14,2,full
4,-15.354440689086914,-2.157315969467163,8.71046257019043,medium,10,train,seed10/medium/episode1/step16,14,0,full
5,-15.354440689086914,-3.736421585083008,10.909881591796875,medium,10,train,seed10/medium/episode1/step16,14,0,full
5,-15.354440689086914,-10.530824661254883,3.1076488494873047,medium,10,train,seed10/medium/episode1/step16,14,1,full
5,-15.354440689086914,-13.574185371398926,3.377725601196289,medium,10,train,seed10/medium/episode1/step16,14,2,full
5,-55.76152038574219,-31.1512451171875,-31.9761962890625,medium,10,train,seed10/medium/episode10/step22,14,0,full
5,-55.76152038574219,-32.70480728149414,-29.494686126708984,medium,10,train,seed10/medium/episode10/step22,14,1,full
1,-55.76152038574219,-22.69593048095703,-34.19865417480469,medium,10,train,seed10/medium/episode10/step22,14,2,full
3,-55.76152038574219,-25.175235748291016,-37.465538024902344,medium,10,train,seed10/medium/episode10/step22,14,2,full
4,-55.76152038574219,-22.688711166381836,-34.76728057861328,medium,10,train,seed10/medium/episode10/step22,14,2,full
5,-55.76152038574219,-27.154003143310547,-35.68342590332031,medium,10,train,seed10/medium/episode10/step22,14,2,full
5,-50.72065734863281,-19.28573989868164,-30.3111515045166,medium,10,train,seed10/medium/episode8/step18,14,0,full
5,-50.72065734863281,-17.641267776489258,-27.8491153717041,medium,10,train,seed10/medium/episode8/step18,14,1,full
3,-50.72065734863281,-20.39323616027832,-29.564054489135742,medium,10,train,seed10/medium/episode8/step18,14,2,full
5,-50.72065734863281,-18.16260528564453,-27.606056213378906,medium,10,train,seed10/medium/episode8/step18,14,2,full
5,-40.21684265136719,-1.3780397176742554,-7.05938720703125,medium,10,test,seed10/medium/episode5/step26,14,0,full
5,-40.21684265136719,-1.896801233291626,-4.686727523803711,medium,10,test,seed10/medium/episode5/step26,14,1,full
3,-40.21684265136719,-1.8980512619018555,-8.799955368041992,medium,10,test,seed10/medium/episode5/step26,14,2,full
5,-40.21684265136719,-1.9039369821548462,-7.726362228393555,medium,10,test,seed10/medium/episode5/step26,14,2,full
0,-38.125389099121094,-22.54469108581543,-33.130104064941406,medium,10,test,seed10/medium/episode4/step0,14,0,full
1,-38.125389099121094,-28.730648040771484,-29.18408966064453,medium,10,test,seed10/medium/episode4/step0,14,0,full
2,-38.125389099121094,-34.44580841064453,-31.693565368652344,medium,10,test,seed10/medium/episode4/step0,14,0,full
5,-38.125389099121094,-28.73064613342285,-27.625831604003906,medium,10,test,seed10/medium/episode4/step0,14,0,full
0,-38.125389099121094,-20.424787521362305,-30.74758529663086,medium,10,test,seed10/medium/episode4/step0,14,1,full
1,-38.125389099121094,-23.55385398864746,-26.741756439208984,medium,10,test,seed10/medium/episode4/step0,14,1,full
2,-38.125389099121094,-23.55385398864746,-29.243488311767578,medium,10,test,seed10/medium/episode4/step0,14,1,full
5,-38.125389099121094,-17.332595825195312,-25.126689910888672,medium,10,test,seed10/medium/episode4/step0,14,1,full
5,-38.125389099121094,-14.990696907043457,-22.80767250061035,medium,10,test,seed10/medium/episode4/step0,14,2,full
1,-43.29454803466797,-24.99823570251465,-37.279842376708984,medium,10,train,seed10/medium/episode10/step5,14,0,full
2,-43.29454803466797,-27.326887130737305,-40.12480163574219,medium,10,train,seed10/medium/episode10/step5,14,0,full
4,-43.29454803466797,-27.326887130737305,-38.43385314941406,medium,10,train,seed10/medium/episode10/step5,14,0,full
5,-43.29454803466797,-26.53093147277832,-36.870243072509766,medium,10,train,seed10/medium/episode10/step5,14,0,full
5,-43.29454803466797,-31.026714324951172,-28.61418342590332,medium,10,train,seed10/medium/episode10/step5,14,1,full
5,-43.29454803466797,-21.823978424072266,-32.0153923034668,medium,10,train,seed10/medium/episode10/step5,14,2,full
5,-52.20142364501953,-14.420633316040039,-25.301572799682617,medium,10,test,seed10/medium/episode8/step30,14,0,full
5,-52.20142364501953,-15.110915184020996,-22.83772850036621,medium,10,test,seed10/medium/episode8/step30,14,1,full
4,-52.20142364501953,-15.294081687927246,-21.197660446166992,medium,10,test,seed10/medium/episode8/step30,14,2,full
5,-52.20142364501953,-15.901695251464844,-23.08631706237793,medium,10,test,seed10/medium/episode8/step30,14,2,full
1,-36.333717346191406,-24.703922271728516,-24.172969818115234,medium,10,validation,seed10/medium/episode11/step2,14,0,full
2,-36.333717346191406,-25.797178268432617,-23.459692001342773,medium,10,validation,seed10/medium/episode11/step2,14,0,full
3,-36.333717346191406,-26.191118240356445,-27.856353759765625,medium,10,validation,seed10/medium/episode11/step2,14,0,full
5,-36.333717346191406,-26.371273040771484,-22.58940887451172,medium,10,validation,seed10/medium/episode11/step2,14,0,full
2,-36.333717346191406,-18.616596221923828,-14.302718162536621,medium,10,validation,seed10/medium/episode11/step2,14,1,full
4,-36.333717346191406,-20.727283477783203,-13.4581937789917,medium,10,validation,seed10/medium/episode11/step2,14,1,full
5,-36.333717346191406,-20.96011734008789,-13.457161903381348,medium,10,validation,seed10/medium/episode11/step2,14,1,full
5,-36.333717346191406,-14.309948921203613,-17.05040740966797,medium,10,validation,seed10/medium/episode11/step2,14,2,full
5,-54.48463439941406,-39.168922424316406,-26.511741638183594,medium,10,train,seed10/medium/episode3/step17,14,0,full
5,-54.48463439941406,-36.869503021240234,-24.03692054748535,medium,10,train,seed10/medium/episode3/step17,14,1,full
1,-54.48463439941406,-30.206525802612305,-34.15727996826172,medium,10,train,seed10/medium/episode3/step17,14,2,full
5,-54.48463439941406,-30.34027862548828,-33.02338409423828,medium,10,train,seed10/medium/episode3/step17,14,2,full
5,-51.40619659423828,-14.173257827758789,-15.852875709533691,medium,10,train,seed10/medium/episode12/step3,14,0,full
0,-51.40619659423828,-15.643163681030273,-25.74241828918457,medium,10,train,seed10/medium/episode12/step3,14,1,full
1,-51.40619659423828,-21.415624618530273,-24.555313110351562,medium,10,train,seed10/medium/episode12/step3,14,1,full
2,-51.40619659423828,-16.50662612915039,-23.60724639892578,medium,10,train,seed10/medium/episode12/step3,14,1,full
4,-51.40619659423828,-17.357559204101562,-22.351194381713867,medium,10,train,seed10/medium/episode12/step3,14,1,full
5,-51.40619659423828,-25.153074264526367,-20.95389175415039,medium,10,train,seed10/medium/episode12/step3,14,1,full
5,-51.40619659423828,-24.997943878173828,-19.15154266357422,medium,10,train,seed10/medium/episode12/step3,14,2,full
5,-31.546545028686523,-9.02413272857666,-10.93892765045166,medium,10,train,seed10/medium/episode5/step12,14,0,full
5,-31.546545028686523,-14.530287742614746,-8.53594970703125,medium,10,train,seed10/medium/episode5/step12,14,1,full
3,-31.546545028686523,-9.952210426330566,-10.017997741699219,medium,10,train,seed10/medium/episode5/step12,14,2,full
5,-31.546545028686523,-1.920183777809143,-8.098634719848633,medium,10,train,seed10/medium/episode5/step12,14,2,full
5,-37.825347900390625,1.0332249402999878,-26.73993682861328,medium,10,validation,seed10/medium/episode9/step13,14,0,full
5,-37.825347900390625,-0.4318791627883911,-24.212820053100586,medium,10,validation,seed10/medium/episode9/step13,14,1,full
1,-37.825347900390625,-4.53907585144043,-29.567426681518555,medium,10,validation,seed10/medium/episode9/step13,14,2,full
5,-37.825347900390625,-4.579248905181885,-31.15587615966797,medium,10,validation,seed10/medium/episode9/step13,14,2,full
5,-11.840337753295898,7.620176315307617,11.249420166015625,medium,10,train,seed10/medium/episode1/step40,14,0,full
5,-11.840337753295898,7.128280162811279,13.349998474121094,medium,10,train,seed10/medium/episode1/step40,14,1,full
1,-11.840337753295898,6.893083572387695,6.916234970092773,medium,10,train,seed10/medium/episode1/step40,14,2,full
5,-11.840337753295898,3.765859365463257,7.880626678466797,medium,10,train,seed10/medium/episode1/step40,14,2,full
0,-32.780826568603516,-36.680728912353516,-19.02805519104004,time_pressure,10,train,seed10/time_pressure/episode17/step4,14,0,full
1,-32.780826568603516,-18.68159294128418,-15.220223426818848,time_pressure,10,train,seed10/time_pressure/episode17/step4,14,0,full
2,-32.780826568603516,-6.104510307312012,-16.65666389465332,time_pressure,10,train,seed10/time_pressure/episode17/step4,14,0,full
3,-32.780826568603516,-21.79892921447754,-17.01886749267578,time_pressure,10,train,seed10/time_pressure/episode17/step4,14,0,full
4,-32.780826568603516,-29.252639770507812,-15.219392776489258,time_pressure,10,train,seed10/time_pressure/episode17/step4,14,0,full
5,-32.780826568603516,-28.6420955657959,-15.413248062133789,time_pressure,10,train,seed10/time_pressure/episode17/step4,14,0,full
0,-32.780826568603516,0.32874318957328796,-16.635787963867188,time_pressure,10,train,seed10/time_pressure/episode17/step4,14,1,full
1,-32.780826568603516,0.32874318957328796,-12.784116744995117,time_pressure,10,train,seed10/time_pressure/episode17/step4,14,1,full
2,-32.780826568603516,12.691333770751953,-14.025335311889648,time_pressure,10,train,seed10/time_pressure/episode17/step4,14,1,full
3,-32.780826568603516,0.47014516592025757,-14.500395774841309,time_pressure,10,train,seed10/time_pressure/episode17/step4,14,1,full
4,-32.780826568603516,13.072425842285156,-12.579901695251465,time_pressure,10,train,seed10/time_pressure/episode17/step4,14,1,full
5,-32.780826568603516,-16.217052459716797,-12.93837833404541,time_pressure,10,train,seed10/time_pressure/episode17/step4,14,1,full
2,-32.780826568603516,-8.995748519897461,-13.903024673461914,time_pressure,10,train,seed10/time_pressure/episode17/step4,14,2,full
3,-32.780826568603516,-8.37341594696045,-14.147403717041016,time_pressure,10,train,seed10/time_pressure/episode17/step4,14,2,full
5,-32.780826568603516,-8.69400405883789,-12.517457008361816,time_pressure,10,train,seed10/time_pressure/episode17/step4,14,2,full
5,-12.364377975463867,-0.23333290219306946,-17.108539581298828,time_pressure,10,train,seed10/time_pressure/episode2/step16,14,0,full
5,-12.364377975463867,-20.81153106689453,-14.673148155212402,time_pressure,10,train,seed10/time_pressure/episode2/step16,14,1,full
4,-12.364377975463867,-4.30639123916626,-12.973321914672852,time_pressure,10,train,seed10/time_pressure/episode2/step16,14,2,full
5,-12.364377975463867,-1.2189213037490845,-13.653326988220215,time_pressure,10,train,seed10/time_pressure/episode2/step16,14,2,full
0,-33.68705749511719,-38.635337829589844,-18.683700561523438,time_pressure,10,test,seed10/time_pressure/episode13/step2,14,0,full
2,-33.68705749511719,-32.22697830200195,-19.45258140563965,time_pressure,10,test,seed10/time_pressure/episode13/step2,14,0,full
4,-33.68705749511719,-33.35552215576172,-17.338836669921875,time_pressure,10,test,seed10/time_pressure/episode13/step2,14,0,full
5,-33.68705749511719,-31.707569122314453,-16.932050704956055,time_pressure,10,test,seed10/time_pressure/episode13/step2,14,0,full
1,-33.68705749511719,-24.88421058654785,-26.617538452148438,time_pressure,10,test,seed10/time_pressure/episode13/step2,14,1,full
2,-33.68705749511719,-24.577547073364258,-24.579500198364258,time_pressure,10,test,seed10/time_pressure/episode13/step2,14,1,full
5,-33.68705749511719,-24.018342971801758,-21.928251266479492,time_pressure,10,test,seed10/time_pressure/episode13/step2,14,1,full
5,-33.68705749511719,-30.824386596679688,-18.921588897705078,time_pressure,10,test,seed10/time_pressure/episode13/step2,14,2,full
5,-33.07527542114258,-39.6837272644043,-21.89469337463379,time_pressure,10,train,seed10/time_pressure/episode7/step9,14,0,full
1,-33.07527542114258,-26.42143440246582,-25.093299865722656,time_pressure,10,train,seed10/time_pressure/episode7/step9,14,1,full
2,-33.07527542114258,-36.100372314453125,-25.692302703857422,time_pressure,10,train,seed10/time_pressure/episode7/step9,14,1,full
4,-33.07527542114258,-26.61481475830078,-22.311126708984375,time_pressure,10,train,seed10/time_pressure/episode7/step9,14,1,full
5,-33.07527542114258,-36.14894485473633,-22.970439910888672,time_pressure,10,train,seed10/time_pressure/episode7/step9,14,1,full
1,-33.07527542114258,-46.95102310180664,-35.77824401855469,time_pressure,10,train,seed10/time_pressure/episode7/step9,14,2,full
5,-33.07527542114258,-42.86922836303711,-33.71238327026367,time_pressure,10,train,seed10/time_pressure/episode7/step9,14,2,full
1,-29.5692138671875,-21.90455436706543,-27.3336181640625,time_pressure,10,train,seed10/time_pressure/episode6/step2,14,0,full
3,-29.5692138671875,-23.093769073486328,-24.090253829956055,time_pressure,10,train,seed10/time_pressure/episode6/step2,14,0,full
4,-29.5692138671875,-21.747642517089844,-22.7373104095459,time_pressure,10,train,seed10/time_pressure/episode6/step2,14,0,full
5,-29.5692138671875,-24.489959716796875,-24.175758361816406,time_pressure,10,train,seed10/time_pressure/episode6/step2,14,0,full
1,-29.5692138671875,-26.203153610229492,-25.535995483398438,time_pressure,10,train,seed10/time_pressure/episode6/step2,14,1,full
3,-29.5692138671875,-26.203153610229492,-22.283342361450195,time_pressure,10,train,seed10/time_pressure/episode6/step2,14,1,full
5,-29.5692138671875,-28.36974334716797,-22.285127639770508,time_pressure,10,train,seed10/time_pressure/episode6/step2,14,1,full
5,-29.5692138671875,-34.7044792175293,-23.130090713500977,time_pressure,10,train,seed10/time_pressure/episode6/step2,14,2,full
5,-44.84532165527344,-17.421295166015625,-47.1622314453125,time_pressure,10,train,seed10/time_pressure/episode16/step9,14,0,full
5,-44.84532165527344,-65.22337341308594,-44.825904846191406,time_pressure,10,train,seed10/time_pressure/episode16/step9,14,1,full
0,-44.84532165527344,-73.95187377929688,-54.46100616455078,time_pressure,10,train,seed10/time_pressure/episode16/step9,14,2,full
1,-44.84532165527344,-65.7739028930664,-50.41086959838867,time_pressure,10,train,seed10/time_pressure/episode16/step9,14,2,full
4,-44.84532165527344,-71.34691619873047,-47.936195373535156,time_pressure,10,train,seed10/time_pressure/episode16/step9,14,2,full
5,-44.84532165527344,-70.97869873046875,-50.35773468017578,time_pressure,10,train,seed10/time_pressure/episode16/step9,14,2,full
5,-46.35187911987305,-77.09550476074219,-47.487831115722656,time_pressure,10,train,seed10/time_pressure/episode16/step10,14,0,full
5,-46.35187911987305,-59.04667663574219,-45.14973449707031,time_pressure,10,train,seed10/time_pressure/episode16/step10,14,1,full
0,-46.35187911987305,-82.70098114013672,-54.968544006347656,time_pressure,10,train,seed10/time_pressure/episode16/step10,14,2,full
1,-46.35187911987305,-66.52872467041016,-51.04164123535156,time_pressure,10,train,seed10/time_pressure/episode16/step10,14,2,full
4,-46.35187911987305,-72.26375579833984,-48.59119415283203,time_pressure,10,train,seed10/time_pressure/episode16/step10,14,2,full
5,-46.35187911987305,-72.59828186035156,-51.047996520996094,time_pressure,10,train,seed10/time_pressure/episode16/step10,14,2,full
5,-30.79086685180664,-8.568219184875488,-23.44597053527832,time_pressure,10,validation,seed10/time_pressure/episode15/step14,14,0,full
5,-30.79086685180664,-12.198286056518555,-20.91622543334961,time_pressure,10,validation,seed10/time_pressure/episode15/step14,14,1,full
1,-30.79086685180664,-6.0362982749938965,-31.197223663330078,time_pressure,10,validation,seed10/time_pressure/episode15/step14,14,2,full
5,-30.79086685180664,-6.082505226135254,-28.799312591552734,time_pressure,10,validation,seed10/time_pressure/episode15/step14,14,2,full
5,-35.37253189086914,-51.63031005859375,-27.124290466308594,time_pressure,10,test,seed10/time_pressure/episode7/step12,14,0,full
5,-35.37253189086914,-48.780174255371094,-24.678424835205078,time_pressure,10,test,seed10/time_pressure/episode7/step12,14,1,full
1,-35.37253189086914,-43.77391815185547,-33.71903610229492,time_pressure,10,test,seed10/time_pressure/episode7/step12,14,2,full
4,-35.37253189086914,-35.68687057495117,-30.82387924194336,time_pressure,10,test,seed10/time_pressure/episode7/step12,14,2,full
5,-35.37253189086914,-43.95708465576172,-31.756698608398438,time_pressure,10,test,seed10/time_pressure/episode7/step12,14,2,full
5,-54.286766052246094,-49.65937805175781,-47.83649444580078,time_pressure,10,train,seed10/time_pressure/episode4/step12,14,0,full
5,-54.286766052246094,-61.54647445678711,-45.48419952392578,time_pressure,10,train,seed10/time_pressure/episode4/step12,14,1,full
2,-54.286766052246094,-65.97720336914062,-49.71040344238281,time_pressure,10,train,seed10/time_pressure/episode4/step12,14,2,full
3,-54.286766052246094,-70.48692321777344,-52.21795654296875,time_pressure,10,train,seed10/time_pressure/episode4/step12,14,2,full
5,-54.286766052246094,-65.97906494140625,-48.96479034423828,time_pressure,10,train,seed10/time_pressure/episode4/step12,14,2,full
5,-13.580699920654297,-43.26108932495117,-30.32653045654297,time_pressure,10,validation,seed10/time_pressure/episode10/step14,14,0,full
5,-13.580699920654297,-36.904335021972656,-27.920007705688477,time_pressure,10,validation,seed10/time_pressure/episode10/step14,14,1,full
1,-13.580699920654297,-37.1174430847168,-37.74530792236328,time_pressure,10,validation,seed10/time_pressure/episode10/step14,14,2,full
5,-13.580699920654297,-33.564735412597656,-35.69832229614258,time_pressure,10,validation,seed10/time_pressure/episode10/step14,14,2,full
5,-10.575489044189453,-17.48856544494629,-29.02748680114746,time_pressure,10,validation,seed10/time_pressure/episode10/step8,14,0,full
5,-10.575489044189453,-14.4224853515625,-26.62651252746582,time_pressure,10,validation,seed10/time_pressure/episode10/step8,14,1,full
1,-10.575489044189453,-18.692123413085938,-35.96930694580078,time_pressure,10,validation,seed10/time_pressure/episode10/step8,14,2,full
5,-10.575489044189453,-18.807222366333008,-32.78199005126953,time_pressure,10,validation,seed10/time_pressure/episode10/step8,14,2,full
1,-28.793285369873047,-31.893980026245117,-24.117328643798828,time_pressure,10,train,seed10/time_pressure/episode3/step7,14,0,full
2,-28.793285369873047,-30.205974578857422,-22.27760124206543,time_pressure,10,train,seed10/time_pressure/episode3/step7,14,0,full
5,-28.793285369873047,-24.612285614013672,-21.36652374267578,time_pressure,10,train,seed10/time_pressure/episode3/step7,14,0,full
5,-28.793285369873047,-1.5589079856872559,-9.822498321533203,time_pressure,10,train,seed10/time_pressure/episode3/step7,14,1,full
1,-28.793285369873047,-20.561504364013672,-23.685766220092773,time_pressure,10,train,seed10/time_pressure/episode3/step7,14,2,full
5,-28.793285369873047,-20.661182403564453,-20.96941375732422,time_pressure,10,train,seed10/time_pressure/episode3/step7,14,2,full
5,-57.466217041015625,-46.90613555908203,-28.293813705444336,time_pressure,10,train,seed10/time_pressure/episode11/step26,14,0,full
5,-57.466217041015625,-32.320556640625,-25.7415771484375,time_pressure,10,train,seed10/time_pressure/episode11/step26,14,1,full
2,-57.466217041015625,-40.386505126953125,-28.762773513793945,time_pressure,10,train,seed10/time_pressure/episode11/step26,14,2,full
3,-57.466217041015625,-40.386505126953125,-29.22806739807129,time_pressure,10,train,seed10/time_pressure/episode11/step26,14,2,full
4,-57.466217041015625,-40.386505126953125,-25.465835571289062,time_pressure,10,train,seed10/time_pressure/episode11/step26,14,2,full
5,-57.466217041015625,-43.738609313964844,-27.439422607421875,time_pressure,10,train,seed10/time_pressure/episode11/step26,14,2,full
5,-46.59867477416992,-14.837443351745605,-27.73011016845703,time_pressure,10,test,seed10/time_pressure/episode1/step16,14,0,full
5,-46.59867477416992,-35.28004837036133,-25.226322174072266,time_pressure,10,test,seed10/time_pressure/episode1/step16,14,1,full
1,-46.59867477416992,-33.70951843261719,-34.142669677734375,time_pressure,10,test,seed10/time_pressure/episode1/step16,14,2,full
2,-46.59867477416992,-33.70951843261719,-32.91994094848633,time_pressure,10,test,seed10/time_pressure/episode1/step16,14,2,full
4,-46.59867477416992,-33.70951843261719,-30.323654174804688,time_pressure,10,test,seed10/time_pressure/episode1/step16,14,2,full
5,-46.59867477416992,-40.005157470703125,-32.151947021484375,time_pressure,10,test,seed10/time_pressure/episode1/step16,14,2,full
5,-58.83220672607422,-38.66096878051758,-36.3567008972168,heterogeneity_pressure,10,train,seed10/heterogeneity_pressure/episode6/step19,14,0,full
5,-58.83220672607422,-37.06432342529297,-33.550533294677734,heterogeneity_pressure,10,train,seed10/heterogeneity_pressure/episode6/step19,14,1,full
3,-58.83220672607422,-32.142147064208984,-32.56730651855469,heterogeneity_pressure,10,train,seed10/heterogeneity_pressure/episode6/step19,14,2,full
4,-58.83220672607422,-32.142147064208984,-31.670059204101562,heterogeneity_pressure,10,train,seed10/heterogeneity_pressure/episode6/step19,14,2,full
5,-58.83220672607422,-31.54319953918457,-31.87420654296875,heterogeneity_pressure,10,train,seed10/heterogeneity_pressure/episode6/step19,14,2,full
5,-50.585025787353516,-24.075105667114258,-20.44548797607422,heterogeneity_pressure,10,train,seed10/heterogeneity_pressure/episode14/step21,14,0,full
5,-50.585025787353516,-26.947134017944336,-17.550437927246094,heterogeneity_pressure,10,train,seed10/heterogeneity_pressure/episode14/step21,14,1,full
0,-50.585025787353516,-24.11383628845215,-21.774778366088867,heterogeneity_pressure,10,train,seed10/heterogeneity_pressure/episode14/step21,14,2,full
2,-50.585025787353516,-26.49840545654297,-20.16607666015625,heterogeneity_pressure,10,train,seed10/heterogeneity_pressure/episode14/step21,14,2,full
5,-50.585025787353516,-28.76556968688965,-18.9793701171875,heterogeneity_pressure,10,train,seed10/heterogeneity_pressure/episode14/step21,14,2,full
0,-38.196128845214844,-9.163990020751953,-28.380779266357422,heterogeneity_pressure,10,test,seed10/heterogeneity_pressure/episode7/step2,14,0,full
1,-38.196128845214844,-13.489645004272461,-26.50739097595215,heterogeneity_pressure,10,test,seed10/heterogeneity_pressure/episode7/step2,14,0,full
2,-38.196128845214844,-8.96423625946045,-27.31743621826172,heterogeneity_pressure,10,test,seed10/heterogeneity_pressure/episode7/step2,14,0,full
3,-38.196128845214844,-12.908406257629395,-25.0260009765625,heterogeneity_pressure,10,test,seed10/heterogeneity_pressure/episode7/step2,14,0,full
4,-38.196128845214844,-8.053070068359375,-24.0386905670166,heterogeneity_pressure,10,test,seed10/heterogeneity_pressure/episode7/step2,14,0,full
5,-38.196128845214844,-19.270116806030273,-24.211505889892578,heterogeneity_pressure,10,test,seed10/heterogeneity_pressure/episode7/step2,14,0,full
0,-38.196128845214844,-22.523283004760742,-22.750925064086914,heterogeneity_pressure,10,test,seed10/heterogeneity_pressure/episode7/step2,14,1,full
2,-38.196128845214844,-22.523283004760742,-21.7205867767334,heterogeneity_pressure,10,test,seed10/heterogeneity_pressure/episode7/step2,14,1,full
5,-38.196128845214844,-24.002248764038086,-18.508634567260742,heterogeneity_pressure,10,test,seed10/heterogeneity_pressure/episode7/step2,14,1,full
5,-38.196128845214844,-17.880714416503906,-22.505826950073242,heterogeneity_pressure,10,test,seed10/heterogeneity_pressure/episode7/step2,14,2,full
5,-38.58123779296875,-28.087331771850586,-22.776636123657227,heterogeneity_pressure,10,test,seed10/heterogeneity_pressure/episode2/step23,14,0,full
5,-38.58123779296875,-12.319510459899902,-19.842750549316406,heterogeneity_pressure,10,test,seed10/heterogeneity_pressure/episode2/step23,14,1,full
0,-38.58123779296875,-21.47611427307129,-24.990699768066406,heterogeneity_pressure,10,test,seed10/heterogeneity_pressure/episode2/step23,14,2,full
2,-38.58123779296875,-28.587726593017578,-21.951953887939453,heterogeneity_pressure,10,test,seed10/heterogeneity_pressure/episode2/step23,14,2,full
3,-38.58123779296875,-22.938146591186523,-24.70651626586914,heterogeneity_pressure,10,test,seed10/heterogeneity_pressure/episode2/step23,14,2,full
5,-38.58123779296875,-24.743135452270508,-22.454185485839844,heterogeneity_pressure,10,test,seed10/heterogeneity_pressure/episode2/step23,14,2,full
1,-39.98905944824219,-24.093046188354492,-27.163848876953125,heterogeneity_pressure,10,train,seed10/heterogeneity_pressure/episode2/step1,14,0,full
3,-39.98905944824219,-19.301279067993164,-30.903369903564453,heterogeneity_pressure,10,train,seed10/heterogeneity_pressure/episode2/step1,14,0,full
4,-39.98905944824219,-22.357072830200195,-24.199661254882812,heterogeneity_pressure,10,train,seed10/heterogeneity_pressure/episode2/step1,14,0,full
5,-39.98905944824219,-22.43428611755371,-26.152170181274414,heterogeneity_pressure,10,train,seed10/heterogeneity_pressure/episode2/step1,14,0,full
5,-39.98905944824219,-25.5206241607666,-17.620548248291016,heterogeneity_pressure,10,train,seed10/heterogeneity_pressure/episode2/step1,14,1,full
5,-39.98905944824219,-20.704065322875977,-23.64921760559082,heterogeneity_pressure,10,train,seed10/heterogeneity_pressure/episode2/step1,14,2,full
5,-38.9393310546875,-28.762115478515625,-22.600017547607422,heterogeneity_pressure,10,test,seed10/heterogeneity_pressure/episode2/step24,14,0,full
5,-38.9393310546875,-26.229232788085938,-19.666414260864258,heterogeneity_pressure,10,test,seed10/heterogeneity_pressure/episode2/step24,14,1,full
0,-38.9393310546875,-17.024948120117188,-24.599685668945312,heterogeneity_pressure,10,test,seed10/heterogeneity_pressure/episode2/step24,14,2,full
2,-38.9393310546875,-23.69082260131836,-21.667713165283203,heterogeneity_pressure,10,test,seed10/heterogeneity_pressure/episode2/step24,14,2,full
3,-38.9393310546875,-23.69082260131836,-24.41010093688965,heterogeneity_pressure,10,test,seed10/heterogeneity_pressure/episode2/step24,14,2,full
5,-38.9393310546875,-25.455245971679688,-22.27700424194336,heterogeneity_pressure,10,test,seed10/heterogeneity_pressure/episode2/step24,14,2,full
5,-45.44908142089844,-7.2376604080200195,-19.397686004638672,heterogeneity_pressure,10,validation,seed10/heterogeneity_pressure/episode7/step26,14,0,full
5,-45.44908142089844,-17.316743850708008,-16.603721618652344,heterogeneity_pressure,10,validation,seed10/heterogeneity_pressure/episode7/step26,14,1,full
1,-45.44908142089844,-7.2078399658203125,-26.069576263427734,heterogeneity_pressure,10,validation,seed10/heterogeneity_pressure/episode7/step26,14,2,full
5,-45.44908142089844,-13.645308494567871,-25.140243530273438,heterogeneity_pressure,10,validation,seed10/heterogeneity_pressure/episode7/step26,14,2,full
5,-20.816810607910156,-16.07911491394043,-13.304195404052734,heterogeneity_pressure,10,train,seed10/heterogeneity_pressure/episode9/step24,14,0,full
5,-20.816810607910156,-14.442678451538086,-10.444806098937988,heterogeneity_pressure,10,train,seed10/heterogeneity_pressure/episode9/step24,14,1,full
0,-20.816810607910156,-13.864917755126953,-21.92612075805664,heterogeneity_pressure,10,train,seed10/heterogeneity_pressure/episode9/step24,14,2,full
1,-20.816810607910156,-13.909819602966309,-20.664701461791992,heterogeneity_pressure,10,train,seed10/heterogeneity_pressure/episode9/step24,14,2,full
2,-20.816810607910156,-10.30628776550293,-17.33890151977539,heterogeneity_pressure,10,train,seed10/heterogeneity_pressure/episode9/step24,14,2,full
5,-20.816810607910156,-15.747425079345703,-19.573257446289062,heterogeneity_pressure,10,train,seed10/heterogeneity_pressure/episode9/step24,14,2,full
0,-41.504188537597656,-17.263614654541016,-25.628616333007812,heterogeneity_pressure,10,validation,seed10/heterogeneity_pressure/episode14/step3,14,0,full
1,-41.504188537597656,-17.360780715942383,-26.062572479248047,heterogeneity_pressure,10,validation,seed10/heterogeneity_pressure/episode14/step3,14,0,full
4,-41.504188537597656,-20.049043655395508,-20.41872787475586,heterogeneity_pressure,10,validation,seed10/heterogeneity_pressure/episode14/step3,14,0,full
5,-41.504188537597656,-17.062252044677734,-20.146942138671875,heterogeneity_pressure,10,validation,seed10/heterogeneity_pressure/episode14/step3,14,0,full
0,-41.504188537597656,-21.08688735961914,-22.880281448364258,heterogeneity_pressure,10,validation,seed10/heterogeneity_pressure/episode14/step3,14,1,full
1,-41.504188537597656,-21.08688735961914,-23.143802642822266,heterogeneity_pressure,10,validation,seed10/heterogeneity_pressure/episode14/step3,14,1,full
4,-41.504188537597656,-20.81922721862793,-17.46057891845703,heterogeneity_pressure,10,validation,seed10/heterogeneity_pressure/episode14/step3,14,1,full
5,-41.504188537597656,-22.920564651489258,-17.294164657592773,heterogeneity_pressure,10,validation,seed10/heterogeneity_pressure/episode14/step3,14,1,full
5,-41.504188537597656,-28.65008544921875,-16.59465217590332,heterogeneity_pressure,10,validation,seed10/heterogeneity_pressure/episode14/step3,14,2,full
5,-36.69670867919922,-44.103363037109375,-22.50040626525879,heterogeneity_pressure,10,validation,seed10/heterogeneity_pressure/episode3/step12,14,0,full
5,-36.69670867919922,-55.59968185424805,-19.6201171875,heterogeneity_pressure,10,validation,seed10/heterogeneity_pressure/episode3/step12,14,1,full
1,-36.69670867919922,-40.278221130371094,-29.831523895263672,heterogeneity_pressure,10,validation,seed10/heterogeneity_pressure/episode3/step12,14,2,full
5,-36.69670867919922,-36.55768585205078,-28.27126693725586,heterogeneity_pressure,10,validation,seed10/heterogeneity_pressure/episode3/step12,14,2,full
5,-51.90120315551758,-34.20975875854492,-23.218698501586914,heterogeneity_pressure,10,train,seed10/heterogeneity_pressure/episode5/step28,14,0,full
5,-51.90120315551758,-27.370765686035156,-20.329303741455078,heterogeneity_pressure,10,train,seed10/heterogeneity_pressure/episode5/step28,14,1,full
0,-51.90120315551758,-33.25312805175781,-32.28852081298828,heterogeneity_pressure,10,train,seed10/heterogeneity_pressure/episode5/step28,14,2,full
1,-51.90120315551758,-36.06590270996094,-28.283187866210938,heterogeneity_pressure,10,train,seed10/heterogeneity_pressure/episode5/step28,14,2,full
2,-51.90120315551758,-35.79221725463867,-28.99301528930664,heterogeneity_pressure,10,train,seed10/heterogeneity_pressure/episode5/step28,14,2,full
3,-51.90120315551758,-26.431835174560547,-30.16656494140625,heterogeneity_pressure,10,train,seed10/heterogeneity_pressure/episode5/step28,14,2,full
5,-51.90120315551758,-33.51583480834961,-30.471599578857422,heterogeneity_pressure,10,train,seed10/heterogeneity_pressure/episode5/step28,14,2,full
5,-35.575931549072266,-26.57111358642578,-21.287029266357422,heterogeneity_pressure,10,train,seed10/heterogeneity_pressure/episode2/step20,14,0,full
5,-35.575931549072266,-10.801885604858398,-18.360057830810547,heterogeneity_pressure,10,train,seed10/heterogeneity_pressure/episode2/step20,14,1,full
0,-35.575931549072266,-13.672247886657715,-21.891521453857422,heterogeneity_pressure,10,train,seed10/heterogeneity_pressure/episode2/step20,14,2,full
3,-35.575931549072266,-13.672247886657715,-21.404951095581055,heterogeneity_pressure,10,train,seed10/heterogeneity_pressure/episode2/step20,14,2,full
5,-35.575931549072266,-8.164082527160645,-18.766801834106445,heterogeneity_pressure,10,train,seed10/heterogeneity_pressure/episode2/step20,14,2,full
0,-33.939884185791016,-33.39618682861328,-30.691112518310547,heterogeneity_pressure,10,train,seed10/heterogeneity_pressure/episode4/step3,14,0,full
1,-33.939884185791016,-30.177461624145508,-26.605453491210938,heterogeneity_pressure,10,train,seed10/heterogeneity_pressure/episode4/step3,14,0,full
2,-33.939884185791016,-31.998798370361328,-25.15204620361328,heterogeneity_pressure,10,train,seed10/heterogeneity_pressure/episode4/step3,14,0,full
3,-33.939884185791016,-33.39618682861328,-25.340774536132812,heterogeneity_pressure,10,train,seed10/heterogeneity_pressure/episode4/step3,14,0,full
5,-33.939884185791016,-27.088605880737305,-24.212791442871094,heterogeneity_pressure,10,train,seed10/heterogeneity_pressure/episode4/step3,14,0,full
5,-33.939884185791016,-33.062042236328125,-14.30379867553711,heterogeneity_pressure,10,train,seed10/heterogeneity_pressure/episode4/step3,14,1,full
1,-33.939884185791016,-28.230480194091797,-27.70786476135254,heterogeneity_pressure,10,train,seed10/heterogeneity_pressure/episode4/step3,14,2,full
5,-33.939884185791016,-31.333965301513672,-25.26079750061035,heterogeneity_pressure,10,train,seed10/heterogeneity_pressure/episode4/step3,14,2,full
5,-21.775144577026367,0.2643786668777466,4.040746688842773,heterogeneity_pressure,10,train,seed10/heterogeneity_pressure/episode8/step22,14,0,full
3,-21.775144577026367,-3.66011905670166,4.9424591064453125,heterogeneity_pressure,10,train,seed10/heterogeneity_pressure/episode8/step22,14,1,full
5,-21.775144577026367,-3.601792573928833,8.503250122070312,heterogeneity_pressure,10,train,seed10/heterogeneity_pressure/episode8/step22,14,1,full
5,-21.775144577026367,-3.66011905670166,4.446727752685547,heterogeneity_pressure,10,train,seed10/heterogeneity_pressure/episode8/step22,14,2,full
5,-51.97251510620117,-27.609771728515625,-20.16229820251465,heterogeneity_pressure,10,train,seed10/heterogeneity_pressure/episode6/step4,14,0,full
1,-51.97251510620117,-31.595455169677734,-27.943885803222656,heterogeneity_pressure,10,train,seed10/heterogeneity_pressure/episode6/step4,14,1,full
3,-51.97251510620117,-32.502044677734375,-26.937870025634766,heterogeneity_pressure,10,train,seed10/heterogeneity_pressure/episode6/step4,14,1,full
4,-51.97251510620117,-32.502044677734375,-25.720319747924805,heterogeneity_pressure,10,train,seed10/heterogeneity_pressure/episode6/step4,14,1,full
5,-51.97251510620117,-31.995540618896484,-23.369409561157227,heterogeneity_pressure,10,train,seed10/heterogeneity_pressure/episode6/step4,14,1,full
5,-51.97251510620117,-32.19270706176758,-22.031885147094727,heterogeneity_pressure,10,train,seed10/heterogeneity_pressure/episode6/step4,14,2,full
1,-29.492202758789062,-33.10894012451172,-26.81230926513672,medium,8,train,seed8/medium/episode2/step11,15,0,full
2,-29.492202758789062,-35.710018157958984,-29.077999114990234,medium,8,train,seed8/medium/episode2/step11,15,0,full
4,-29.492202758789062,-35.71991729736328,-24.703346252441406,medium,8,train,seed8/medium/episode2/step11,15,0,full
5,-29.492202758789062,-34.18324279785156,-25.248188018798828,medium,8,train,seed8/medium/episode2/step11,15,0,full
0,-29.492202758789062,-28.808088302612305,-28.359722137451172,medium,8,train,seed8/medium/episode2/step11,15,1,full
1,-29.492202758789062,-26.458133697509766,-23.768930435180664,medium,8,train,seed8/medium/episode2/step11,15,1,full
3,-29.492202758789062,-28.89006996154785,-28.142236709594727,medium,8,train,seed8/medium/episode2/step11,15,1,full
5,-29.492202758789062,-33.381927490234375,-22.80288314819336,medium,8,train,seed8/medium/episode2/step11,15,1,full
1,-29.492202758789062,-30.486421585083008,-27.248737335205078,medium,8,train,seed8/medium/episode2/step11,15,2,full
5,-29.492202758789062,-34.01565933227539,-26.050443649291992,medium,8,train,seed8/medium/episode2/step11,15,2,full
0,-35.447757720947266,-26.981813430786133,-15.486557006835938,medium,8,train,seed8/medium/episode9/step0,15,0,full
2,-35.447757720947266,-18.885452270507812,-13.548249244689941,medium,8,train,seed8/medium/episode9/step0,15,0,full
5,-35.447757720947266,-16.642976760864258,-13.3306303024292,medium,8,train,seed8/medium/episode9/step0,15,0,full
0,-35.447757720947266,-18.09736442565918,-11.927229881286621,medium,8,train,seed8/medium/episode9/step0,15,1,full
2,-35.447757720947266,-18.09736442565918,-10.401471138000488,medium,8,train,seed8/medium/episode9/step0,15,1,full
3,-35.447757720947266,-18.09736442565918,-12.281764030456543,medium,8,train,seed8/medium/episode9/step0,15,1,full
5,-35.447757720947266,-17.964075088500977,-9.737601280212402,medium,8,train,seed8/medium/episode9/step0,15,1,full
5,-35.447757720947266,-11.5684175491333,-13.082743644714355,medium,8,train,seed8/medium/episode9/step0,15,2,full
5,-33.44831466674805,-3.587488889694214,-0.12377548217773438,medium,8,train,seed8/medium/episode4/step1,15,0,full
5,-33.44831466674805,-9.670360565185547,3.1511077880859375,medium,8,train,seed8/medium/episode4/step1,15,1,full
3,-33.44831466674805,-10.562413215637207,-0.7353496551513672,medium,8,train,seed8/medium/episode4/step1,15,2,full
5,-33.44831466674805,-11.683401107788086,-1.0142383575439453,medium,8,train,seed8/medium/episode4/step1,15,2,full
5,-38.55025100708008,-12.062366485595703,-11.442825317382812,medium,8,validation,seed8/medium/episode4/step17,15,0,full
0,-38.55025100708008,-6.02097225189209,-21.659574508666992,medium,8,validation,seed8/medium/episode4/step17,15,1,full
1,-38.55025100708008,-4.549280643463135,-16.6737060546875,medium,8,validation,seed8/medium/episode4/step17,15,1,full
2,-38.55025100708008,-4.620107173919678,-14.373885154724121,medium,8,validation,seed8/medium/episode4/step17,15,1,full
5,-38.55025100708008,-5.573254585266113,-12.549790382385254,medium,8,validation,seed8/medium/episode4/step17,15,1,full
2,-38.55025100708008,-10.311877250671387,-12.532522201538086,medium,8,validation,seed8/medium/episode4/step17,15,2,full
5,-38.55025100708008,-12.753405570983887,-10.539884567260742,medium,8,validation,seed8/medium/episode4/step17,15,2,full
5,-31.04770278930664,-23.385412216186523,-36.49927520751953,medium,8,train,seed8/medium/episode15/step20,15,0,full
5,-31.04770278930664,-28.9300594329834,-33.05480194091797,medium,8,train,seed8/medium/episode15/step20,15,1,full
3,-31.04770278930664,-13.946529388427734,-28.58816146850586,medium,8,train,seed8/medium/episode15/step20,15,2,full
5,-31.04770278930664,-11.914278030395508,-31.785831451416016,medium,8,train,seed8/medium/episode15/step20,15,2,full
5,4.333680629730225,6.330555438995361,-10.955005645751953,medium,8,validation,seed8/medium/episode7/step36,15,0,full
5,4.333680629730225,2.202897787094116,-7.481481552124023,medium,8,validation,seed8/medium/episode7/step36,15,1,full
1,4.333680629730225,3.450153350830078,-12.139348030090332,medium,8,validation,seed8/medium/episode7/step36,15,2,full
3,4.333680629730225,2.7973337173461914,-11.550286293029785,medium,8,validation,seed8/medium/episode7/step36,15,2,full
5,4.333680629730225,1.8345015048980713,-14.475370407104492,medium,8,validation,seed8/medium/episode7/step36,15,2,full
0,-26.813440322875977,-12.698175430297852,-22.492305755615234,medium,8,train,seed8/medium/episode3/step0,15,0,full
1,-26.813440322875977,-12.2223539352417,-17.560035705566406,medium,8,train,seed8/medium/episode3/step0,15,0,full
5,-26.813440322875977,-5.456620216369629,-15.973577499389648,medium,8,train,seed8/medium/episode3/step0,15,0,full
0,-26.813440322875977,-21.449033737182617,-21.35098648071289,medium,8,train,seed8/medium/episode3/step0,15,1,full
1,-26.813440322875977,-18.53394889831543,-17.264921188354492,medium,8,train,seed8/medium/episode3/step0,15,1,full
2,-26.813440322875977,-22.274194717407227,-20.521442413330078,medium,8,train,seed8/medium/episode3/step0,15,1,full
5,-26.813440322875977,-5.57970666885376,-15.300426483154297,medium,8,train,seed8/medium/episode3/step0,15,1,full
1,-26.813440322875977,-16.29863166809082,-20.472782135009766,medium,8,train,seed8/medium/episode3/step0,15,2,full
5,-26.813440322875977,-13.24433422088623,-18.65110969543457,medium,8,train,seed8/medium/episode3/step0,15,2,full
5,-0.9851009249687195,-10.886966705322266,-14.180909156799316,medium,8,test,seed8/medium/episode17/step37,15,0,full
5,-0.9851009249687195,-8.048867225646973,-10.740493774414062,medium,8,test,seed8/medium/episode17/step37,15,1,full
2,-0.9851009249687195,-10.674211502075195,-11.153011322021484,medium,8,test,seed8/medium/episode17/step37,15,2,full
3,-0.9851009249687195,-6.5601701736450195,-11.07870864868164,medium,8,test,seed8/medium/episode17/step37,15,2,full
5,-0.9851009249687195,-10.049506187438965,-13.222708702087402,medium,8,test,seed8/medium/episode17/step37,15,2,full
5,-48.39737319946289,-21.931419372558594,-21.43503761291504,medium,8,train,seed8/medium/episode6/step19,15,0,full
5,-48.39737319946289,-14.924541473388672,-17.901626586914062,medium,8,train,seed8/medium/episode6/step19,15,1,full
0,-48.39737319946289,-13.654547691345215,-18.6844539642334,medium,8,train,seed8/medium/episode6/step19,15,2,full
5,-48.39737319946289,-8.585113525390625,-15.18201732635498,medium,8,train,seed8/medium/episode6/step19,15,2,full
5,-15.448270797729492,-10.367734909057617,-14.628296852111816,medium,8,train,seed8/medium/episode2/step20,15,0,full
5,-15.448270797729492,-13.286519050598145,-11.155492782592773,medium,8,train,seed8/medium/episode2/step20,15,1,full
2,-15.448270797729492,-13.715262413024902,-14.21497631072998,medium,8,train,seed8/medium/episode2/step20,15,2,full
5,-15.448270797729492,-15.595102310180664,-13.321470260620117,medium,8,train,seed8/medium/episode2/step20,15,2,full
5,-37.370094299316406,-8.017800331115723,-11.68136978149414,medium,8,test,seed8/medium/episode4/step15,15,0,full
0,-37.370094299316406,-11.572137832641602,-22.395326614379883,medium,8,test,seed8/medium/episode4/step15,15,1,full
1,-37.370094299316406,-5.1192755699157715,-17.451519012451172,medium,8,test,seed8/medium/episode4/step15,15,1,full
2,-37.370094299316406,-4.75659704208374,-15.092496871948242,medium,8,test,seed8/medium/episode4/step15,15,1,full
5,-37.370094299316406,-10.10085678100586,-12.793167114257812,medium,8,test,seed8/medium/episode4/step15,15,1,full
5,-37.370094299316406,-14.092737197875977,-7.992929458618164,medium,8,test,seed8/medium/episode4/step15,15,2,full
1,-37.51372528076172,-10.54308795928955,-17.924558639526367,medium,8,validation,seed8/medium/episode12/step14,15,0,full
2,-37.51372528076172,-9.292527198791504,-16.467308044433594,medium,8,validation,seed8/medium/episode12/step14,15,0,full
4,-37.51372528076172,-10.488576889038086,-19.38625717163086,medium,8,validation,seed8/medium/episode12/step14,15,0,full
5,-37.51372528076172,-0.37721431255340576,-17.284833908081055,medium,8,validation,seed8/medium/episode12/step14,15,0,full
0,-37.51372528076172,-11.632478713989258,-17.016176223754883,medium,8,validation,seed8/medium/episode12/step14,15,1,full
1,-37.51372528076172,-13.118612289428711,-12.044092178344727,medium,8,validation,seed8/medium/episode12/step14,15,1,full
4,-37.51372528076172,-10.281124114990234,-13.208691596984863,medium,8,validation,seed8/medium/episode12/step14,15,1,full
5,-37.51372528076172,-11.875988006591797,-11.803447723388672,medium,8,validation,seed8/medium/episode12/step14,15,1,full
5,-37.51372528076172,-9.637031555175781,-13.180371284484863,medium,8,validation,seed8/medium/episode12/step14,15,2,full
0,-33.2150993347168,-33.374916076660156,-32.435150146484375,medium,8,train,seed8/medium/episode2/step15,15,0,full
1,-33.2150993347168,-32.93619918823242,-27.521427154541016,medium,8,train,seed8/medium/episode2/step15,15,0,full
2,-33.2150993347168,-26.554828643798828,-29.385894775390625,medium,8,train,seed8/medium/episode2/step15,15,0,full
3,-33.2150993347168,-28.814056396484375,-31.610897064208984,medium,8,train,seed8/medium/episode2/step15,15,0,full
4,-33.2150993347168,-33.07803726196289,-25.931272506713867,medium,8,train,seed8/medium/episode2/step15,15,0,full
5,-33.2150993347168,-28.29136085510254,-27.061574935913086,medium,8,train,seed8/medium/episode2/step15,15,0,full
0,-33.2150993347168,-34.90782165527344,-30.73466682434082,medium,8,train,seed8/medium/episode2/step15,15,1,full
1,-33.2150993347168,-18.301359176635742,-25.515405654907227,medium,8,train,seed8/medium/episode2/step15,15,1,full
2,-33.2150993347168,-28.205732345581055,-27.698688507080078,medium,8,train,seed8/medium/episode2/step15,15,1,full
3,-33.2150993347168,-28.783782958984375,-29.69975471496582,medium,8,train,seed8/medium/episode2/step15,15,1,full
5,-33.2150993347168,-25.361066818237305,-25.64956283569336,medium,8,train,seed8/medium/episode2/step15,15,1,full
1,-33.2150993347168,-26.40006446838379,-27.240406036376953,medium,8,train,seed8/medium/episode2/step15,15,2,full
5,-33.2150993347168,-27.37781524658203,-27.038061141967773,medium,8,train,seed8/medium/episode2/step15,15,2,full
5,-7.551610946655273,-22.827241897583008,-24.408676147460938,medium,8,train,seed8/medium/episode7/step8,15,0,full
2,-7.551610946655273,-20.074052810668945,-19.64655303955078,medium,8,train,seed8/medium/episode7/step8,15,1,full
4,-7.551610946655273,-21.82307243347168,-19.28360939025879,medium,8,train,seed8/medium/episode7/step8,15,1,full
5,-7.551610946655273,-19.989810943603516,-17.36351776123047,medium,8,train,seed8/medium/episode7/step8,15,1,full
5,-7.551610946655273,-22.747802734375,-19.003204345703125,medium,8,train,seed8/medium/episode7/step8,15,2,full
5,-42.05026626586914,-37.09263610839844,-8.14688777923584,medium,8,test,seed8/medium/episode11/step4,15,0,full
0,-42.05026626586914,3.3420968055725098,-19.159425735473633,medium,8,test,seed8/medium/episode11/step4,15,1,full
1,-42.05026626586914,-18.884119033813477,-17.398557662963867,medium,8,test,seed8/medium/episode11/step4,15,1,full
2,-42.05026626586914,-16.048072814941406,-16.08179473876953,medium,8,test,seed8/medium/episode11/step4,15,1,full
3,-42.05026626586914,-9.627930641174316,-13.585897445678711,medium,8,test,seed8/medium/episode11/step4,15,1,full
5,-42.05026626586914,-17.162158966064453,-14.195002555847168,medium,8,test,seed8/medium/episode11/step4,15,1,full
1,-42.05026626586914,11.115246772766113,-20.4317626953125,medium,8,test,seed8/medium/episode11/step4,15,2,full
3,-42.05026626586914,11.115246772766113,-16.092741012573242,medium,8,test,seed8/medium/episode11/step4,15,2,full
5,-42.05026626586914,0.1420089602470398,-16.898319244384766,medium,8,test,seed8/medium/episode11/step4,15,2,full
0,-14.634188652038574,4.261696815490723,-4.958881378173828,time_pressure,8,train,seed8/time_pressure/episode17/step3,15,0,full
2,-14.634188652038574,5.870260715484619,-5.803373336791992,time_pressure,8,train,seed8/time_pressure/episode17/step3,15,0,full
4,-14.634188652038574,5.920765399932861,-3.7197494506835938,time_pressure,8,train,seed8/time_pressure/episode17/step3,15,0,full
5,-14.634188652038574,10.429814338684082,-3.279264450073242,time_pressure,8,train,seed8/time_pressure/episode17/step3,15,0,full
2,-14.634188652038574,5.793713569641113,-4.2930450439453125,time_pressure,8,train,seed8/time_pressure/episode17/step3,15,1,full
4,-14.634188652038574,8.283580780029297,-2.335142135620117,time_pressure,8,train,seed8/time_pressure/episode17/step3,15,1,full
5,-14.634188652038574,6.379310607910156,-1.9756851196289062,time_pressure,8,train,seed8/time_pressure/episode17/step3,15,1,full
2,-14.634188652038574,-6.383850574493408,-7.964438438415527,time_pressure,8,train,seed8/time_pressure/episode17/step3,15,2,full
4,-14.634188652038574,-1.8439735174179077,-5.91400146484375,time_pressure,8,train,seed8/time_pressure/episode17/step3,15,2,full
5,-14.634188652038574,-7.755964756011963,-5.81938362121582,time_pressure,8,train,seed8/time_pressure/episode17/step3,15,2,full
5,-12.54377555847168,-14.145971298217773,-25.01173973083496,time_pressure,8,train,seed8/time_pressure/episode10/step7,15,0,full
1,-12.54377555847168,-20.319665908813477,-29.253543853759766,time_pressure,8,train,seed8/time_pressure/episode10/step7,15,1,full
2,-12.54377555847168,-22.443574905395508,-25.87408447265625,time_pressure,8,train,seed8/time_pressure/episode10/step7,15,1,full
3,-12.54377555847168,-23.847597122192383,-23.142539978027344,time_pressure,8,train,seed8/time_pressure/episode10/step7,15,1,full
4,-12.54377555847168,-27.918996810913086,-25.3237247467041,time_pressure,8,train,seed8/time_pressure/episode10/step7,15,1,full
5,-12.54377555847168,-23.94202423095703,-23.319791793823242,time_pressure,8,train,seed8/time_pressure/episode10/step7,15,1,full
3,-12.54377555847168,-14.289409637451172,-20.571216583251953,time_pressure,8,train,seed8/time_pressure/episode10/step7,15,2,full
5,-12.54377555847168,-11.84142017364502,-20.616737365722656,time_pressure,8,train,seed8/time_pressure/episode10/step7,15,2,full
0,-29.865127563476562,-25.640548706054688,-29.49423599243164,time_pressure,8,validation,seed8/time_pressure/episode0/step2,15,0,full
1,-29.865127563476562,-12.728217124938965,-24.290042877197266,time_pressure,8,validation,seed8/time_pressure/episode0/step2,15,0,full
3,-29.865127563476562,-15.205229759216309,-26.726428985595703,time_pressure,8,validation,seed8/time_pressure/episode0/step2,15,0,full
5,-29.865127563476562,-1.150765061378479,-23.00824546813965,time_pressure,8,validation,seed8/time_pressure/episode0/step2,15,0,full
0,-29.865127563476562,-28.93889808654785,-33.68726348876953,time_pressure,8,validation,seed8/time_pressure/episode0/step2,15,1,full
1,-29.865127563476562,-26.039899826049805,-28.82480239868164,time_pressure,8,validation,seed8/time_pressure/episode0/step2,15,1,full
2,-29.865127563476562,-26.815553665161133,-28.715051651000977,time_pressure,8,validation,seed8/time_pressure/episode0/step2,15,1,full
4,-29.865127563476562,-25.309741973876953,-27.948139190673828,time_pressure,8,validation,seed8/time_pressure/episode0/step2,15,1,full
5,-29.865127563476562,-23.81761360168457,-27.048673629760742,time_pressure,8,validation,seed8/time_pressure/episode0/step2,15,1,full
1,-29.865127563476562,-30.156808853149414,-35.96989059448242,time_pressure,8,validation,seed8/time_pressure/episode0/step2,15,2,full
5,-29.865127563476562,-19.129053115844727,-34.458595275878906,time_pressure,8,validation,seed8/time_pressure/episode0/step2,15,2,full
5,-59.50522994995117,-74.36446380615234,-34.09900665283203,time_pressure,8,test,seed8/time_pressure/episode2/step18,15,0,full
5,-59.50522994995117,-57.90886306762695,-30.67087745666504,time_pressure,8,test,seed8/time_pressure/episode2/step18,15,1,full
0,-59.50522994995117,-61.32829284667969,-34.62040710449219,time_pressure,8,test,seed8/time_pressure/episode2/step18,15,2,full
1,-59.50522994995117,-63.19756317138672,-35.66572570800781,time_pressure,8,test,seed8/time_pressure/episode2/step18,15,2,full
3,-59.50522994995117,-53.538665771484375,-32.46815872192383,time_pressure,8,test,seed8/time_pressure/episode2/step18,15,2,full
4,-59.50522994995117,-57.24195098876953,-31.88539695739746,time_pressure,8,test,seed8/time_pressure/episode2/step18,15,2,full
5,-59.50522994995117,-65.06932067871094,-33.21459197998047,time_pressure,8,test,seed8/time_pressure/episode2/step18,15,2,full
5,-32.757591247558594,8.118378639221191,-9.844264030456543,time_pressure,8,train,seed8/time_pressure/episode16/step22,15,0,full
5,-32.757591247558594,-5.0014848709106445,-6.450559616088867,time_pressure,8,train,seed8/time_pressure/episode16/step22,15,1,full
4,-32.757591247558594,22.540985107421875,0.23662948608398438,time_pressure,8,train,seed8/time_pressure/episode16/step22,15,2,full
5,-32.757591247558594,8.338809967041016,-4.238750457763672,time_pressure,8,train,seed8/time_pressure/episode16/step22,15,2,full
5,-56.540401458740234,-56.82118606567383,-20.823131561279297,time_pressure,8,test,seed8/time_pressure/episode2/step15,15,0,full
5,-56.540401458740234,-56.65013122558594,-21.134445190429688,time_pressure,8,test,seed8/time_pressure/episode2/step15,15,1,full
0,-56.540401458740234,-53.21440887451172,-18.876623153686523,time_pressure,8,test,seed8/time_pressure/episode2/step15,15,2,full
3,-56.540401458740234,-53.21440887451172,-16.623640060424805,time_pressure,8,test,seed8/time_pressure/episode2/step15,15,2,full
4,-56.540401458740234,-53.21440887451172,-16.545154571533203,time_pressure,8,test,seed8/time_pressure/episode2/step15,15,2,full
5,-56.540401458740234,-59.69396209716797,-16.701019287109375,time_pressure,8,test,seed8/time_pressure/episode2/step15,15,2,full
0,-52.9025993347168,-32.12995529174805,-34.96689987182617,time_pressure,8,train,seed8/time_pressure/episode11/step16,15,0,full
1,-52.9025993347168,-32.06916046142578,-33.11639404296875,time_pressure,8,train,seed8/time_pressure/episode11/step16,15,0,full
2,-52.9025993347168,-26.168453216552734,-31.725482940673828,time_pressure,8,train,seed8/time_pressure/episode11/step16,15,0,full
3,-52.9025993347168,-30.01949691772461,-29.73944854736328,time_pressure,8,train,seed8/time_pressure/episode11/step16,15,0,full
4,-52.9025993347168,-28.768707275390625,-30.62547492980957,time_pressure,8,train,seed8/time_pressure/episode11/step16,15,0,full
5,-52.9025993347168,-27.733718872070312,-31.54997444152832,time_pressure,8,train,seed8/time_pressure/episode11/step16,15,0,full
5,-52.9025993347168,-15.674344062805176,-25.728397369384766,time_pressure,8,train,seed8/time_pressure/episode11/step16,15,1,full
0,-52.9025993347168,-41.60237503051758,-34.745330810546875,time_pressure,8,train,seed8/time_pressure/episode11/step16,15,2,full
1,-52.9025993347168,-49.2067756652832,-32.95606231689453,time_pressure,8,train,seed8/time_pressure/episode11/step16,15,2,full
2,-52.9025993347168,-49.2067756652832,-32.30192184448242,time_pressure,8,train,seed8/time_pressure/episode11/step16,15,2,full
4,-52.9025993347168,-49.2067756652832,-30.50093650817871,time_pressure,8,train,seed8/time_pressure/episode11/step16,15,2,full
5,-52.9025993347168,-22.799285888671875,-31.686256408691406,time_pressure,8,train,seed8/time_pressure/episode11/step16,15,2,full
0,-35.00529479980469,-41.886539459228516,-27.98432731628418,time_pressure,8,train,seed8/time_pressure/episode13/step0,15,0,full
1,-35.00529479980469,-44.126991271972656,-27.6126651763916,time_pressure,8,train,seed8/time_pressure/episode13/step0,15,0,full
3,-35.00529479980469,-44.727420806884766,-29.22422218322754,time_pressure,8,train,seed8/time_pressure/episode13/step0,15,0,full
5,-35.00529479980469,-26.63924789428711,-23.536823272705078,time_pressure,8,train,seed8/time_pressure/episode13/step0,15,0,full
1,-35.00529479980469,-34.4774169921875,-25.183427810668945,time_pressure,8,train,seed8/time_pressure/episode13/step0,15,1,full
2,-35.00529479980469,-36.44472885131836,-26.52568817138672,time_pressure,8,train,seed8/time_pressure/episode13/step0,15,1,full
3,-35.00529479980469,-36.44472885131836,-27.387367248535156,time_pressure,8,train,seed8/time_pressure/episode13/step0,15,1,full
4,-35.00529479980469,-27.2710018157959,-23.784481048583984,time_pressure,8,train,seed8/time_pressure/episode13/step0,15,1,full
5,-35.00529479980469,-19.675100326538086,-21.557758331298828,time_pressure,8,train,seed8/time_pressure/episode13/step0,15,1,full
5,-35.00529479980469,-33.321475982666016,-19.350643157958984,time_pressure,8,train,seed8/time_pressure/episode13/step0,15,2,full
5,10.870283126831055,-4.251091480255127,1.4619369506835938,time_pressure,8,train,seed8/time_pressure/episode9/step35,15,0,full
5,10.870283126831055,-4.4449639320373535,4.711648941040039,time_pressure,8,train,seed8/time_pressure/episode9/step35,15,1,full
4,10.870283126831055,-7.17270040512085,9.57474136352539,time_pressure,8,train,seed8/time_pressure/episode9/step35,15,2,full
5,10.870283126831055,-11.856842041015625,6.492914199829102,time_pressure,8,train,seed8/time_pressure/episode9/step35,15,2,full
5,-14.520394325256348,1.8083842992782593,-8.212296485900879,time_pressure,8,train,seed8/time_pressure/episode15/step7,15,0,full
4,-14.520394325256348,0.6055953502655029,-1.3878631591796875,time_pressure,8,train,seed8/time_pressure/episode15/step7,15,1,full
5,-14.520394325256348,9.040234565734863,-2.198375701904297,time_pressure,8,train,seed8/time_pressure/episode15/step7,15,1,full
5,-14.520394325256348,-3.676816463470459,-8.428513526916504,time_pressure,8,train,seed8/time_pressure/episode15/step7,15,2,full
5,-24.699077606201172,-21.053157806396484,-28.498384475708008,time_pressure,8,validation,seed8/time_pressure/episode12/step27,15,0,full
5,-24.699077606201172,-16.328664779663086,-24.932796478271484,time_pressure,8,validation,seed8/time_pressure/episode12/step27,15,1,full
0,-24.699077606201172,-19.209224700927734,-27.905529022216797,time_pressure,8,validation,seed8/time_pressure/episode12/step27,15,2,full
1,-24.699077606201172,-21.68877410888672,-28.416553497314453,time_pressure,8,validation,seed8/time_pressure/episode12/step27,15,2,full
4,-24.699077606201172,-17.343713760375977,-23.53121566772461,time_pressure,8,validation,seed8/time_pressure/episode12/step27,15,2,full
5,-24.699077606201172,-25.950592041015625,-28.582616806030273,time_pressure,8,validation,seed8/time_pressure/episode12/step27,15,2,full
5,-21.368650436401367,-26.50551414489746,-21.273571014404297,time_pressure,8,validation,seed8/time_pressure/episode8/step14,15,0,full
1,-21.368650436401367,-10.095391273498535,-22.10845947265625,time_pressure,8,validation,seed8/time_pressure/episode8/step14,15,1,full
2,-21.368650436401367,-4.6209540367126465,-21.931442260742188,time_pressure,8,validation,seed8/time_pressure/episode8/step14,15,1,full
3,-21.368650436401367,-12.604879379272461,-18.193613052368164,time_pressure,8,validation,seed8/time_pressure/episode8/step14,15,1,full
4,-21.368650436401367,-4.74187707901001,-17.70325469970703,time_pressure,8,validation,seed8/time_pressure/episode8/step14,15,1,full
5,-21.368650436401367,-16.336193084716797,-19.55908203125,time_pressure,8,validation,seed8/time_pressure/episode8/step14,15,1,full
3,-21.368650436401367,-29.64705467224121,-15.875085830688477,time_pressure,8,validation,seed8/time_pressure/episode8/step14,15,2,full
4,-21.368650436401367,-23.041860580444336,-15.738324165344238,time_pressure,8,validation,seed8/time_pressure/episode8/step14,15,2,full
5,-21.368650436401367,-44.469058990478516,-17.484922409057617,time_pressure,8,validation,seed8/time_pressure/episode8/step14,15,2,full
5,-39.77165603637695,-19.601375579833984,-12.737332344055176,time_pressure,8,test,seed8/time_pressure/episode13/step20,15,0,full
1,-39.77165603637695,-24.61168098449707,-8.307356834411621,time_pressure,8,test,seed8/time_pressure/episode13/step20,15,1,full
3,-39.77165603637695,-24.947572708129883,-8.704361915588379,time_pressure,8,test,seed8/time_pressure/episode13/step20,15,1,full
4,-39.77165603637695,-14.33698558807373,-5.266607284545898,time_pressure,8,test,seed8/time_pressure/episode13/step20,15,1,full
5,-39.77165603637695,-16.484954833984375,-8.384845733642578,time_pressure,8,test,seed8/time_pressure/episode13/step20,15,1,full
1,-39.77165603637695,-4.6942291259765625,-13.276450157165527,time_pressure,8,test,seed8/time_pressure/episode13/step20,15,2,full
3,-39.77165603637695,-4.431199550628662,-13.803400993347168,time_pressure,8,test,seed8/time_pressure/episode13/step20,15,2,full
4,-39.77165603637695,-13.37242603302002,-10.019371032714844,time_pressure,8,test,seed8/time_pressure/episode13/step20,15,2,full
5,-39.77165603637695,-23.988494873046875,-13.057374000549316,time_pressure,8,test,seed8/time_pressure/episode13/step20,15,2,full
5,-16.282501220703125,-18.258764266967773,-22.661357879638672,time_pressure,8,train,seed8/time_pressure/episode8/step8,15,0,full
1,-16.282501220703125,-35.11442565917969,-24.70429229736328,time_pressure,8,train,seed8/time_pressure/episode8/step8,15,1,full
2,-16.282501220703125,-35.11442565917969,-24.8942928314209,time_pressure,8,train,seed8/time_pressure/episode8/step8,15,1,full
3,-16.282501220703125,-35.05192565917969,-20.261632919311523,time_pressure,8,train,seed8/time_pressure/episode8/step8,15,1,full
4,-16.282501220703125,-22.602405548095703,-19.898427963256836,time_pressure,8,train,seed8/time_pressure/episode8/step8,15,1,full
5,-16.282501220703125,-20.62894058227539,-20.92849349975586,time_pressure,8,train,seed8/time_pressure/episode8/step8,15,1,full
3,-16.282501220703125,-25.183115005493164,-15.177313804626465,time_pressure,8,train,seed8/time_pressure/episode8/step8,15,2,full
4,-16.282501220703125,-13.778369903564453,-14.947915077209473,time_pressure,8,train,seed8/time_pressure/episode8/step8,15,2,full
5,-16.282501220703125,-22.75790786743164,-16.042814254760742,time_pressure,8,train,seed8/time_pressure/episode8/step8,15,2,full
5,-27.448820114135742,-9.9039945602417,-7.508151054382324,time_pressure,8,train,seed8/time_pressure/episode2/step31,15,0,full
5,-27.448820114135742,-9.8414945602417,-4.172445297241211,time_pressure,8,train,seed8/time_pressure/episode2/step31,15,1,full
2,-27.448820114135742,-12.16547679901123,-6.0438079833984375,time_pressure,8,train,seed8/time_pressure/episode2/step31,15,2,full
5,-27.448820114135742,-11.66547679901123,-7.505674362182617,time_pressure,8,train,seed8/time_pressure/episode2/step31,15,2,full
0,-22.217601776123047,-51.579132080078125,-28.26503562927246,heterogeneity_pressure,8,validation,seed8/heterogeneity_pressure/episode10/step11,15,0,full
1,-22.217601776123047,-34.912750244140625,-25.770721435546875,heterogeneity_pressure,8,validation,seed8/heterogeneity_pressure/episode10/step11,15,0,full
2,-22.217601776123047,-27.975473403930664,-27.012678146362305,heterogeneity_pressure,8,validation,seed8/heterogeneity_pressure/episode10/step11,15,0,full
4,-22.217601776123047,-54.25129318237305,-22.8009090423584,heterogeneity_pressure,8,validation,seed8/heterogeneity_pressure/episode10/step11,15,0,full
5,-22.217601776123047,-26.837488174438477,-24.2628173828125,heterogeneity_pressure,8,validation,seed8/heterogeneity_pressure/episode10/step11,15,0,full
5,-22.217601776123047,-64.74677276611328,-28.116418838500977,heterogeneity_pressure,8,validation,seed8/heterogeneity_pressure/episode10/step11,15,1,full
1,-22.217601776123047,-24.677980422973633,-34.987648010253906,heterogeneity_pressure,8,validation,seed8/heterogeneity_pressure/episode10/step11,15,2,full
5,-22.217601776123047,-50.53042221069336,-33.976139068603516,heterogeneity_pressure,8,validation,seed8/heterogeneity_pressure/episode10/step11,15,2,full
0,-26.131437301635742,-30.500980377197266,-36.71142578125,heterogeneity_pressure,8,train,seed8/heterogeneity_pressure/episode0/step1,15,0,full
1,-26.131437301635742,-35.883544921875,-30.719188690185547,heterogeneity_pressure,8,train,seed8/heterogeneity_pressure/episode0/step1,15,0,full
2,-26.131437301635742,-30.806915283203125,-32.07709884643555,heterogeneity_pressure,8,train,seed8/heterogeneity_pressure/episode0/step1,15,0,full
4,-26.131437301635742,-32.82799530029297,-32.17987823486328,heterogeneity_pressure,8,train,seed8/heterogeneity_pressure/episode0/step1,15,0,full
5,-26.131437301635742,-29.249675750732422,-28.15860366821289,heterogeneity_pressure,8,train,seed8/heterogeneity_pressure/episode0/step1,15,0,full
5,-26.131437301635742,-21.092615127563477,-18.190898895263672,heterogeneity_pressure,8,train,seed8/heterogeneity_pressure/episode0/step1,15,1,full
5,-26.131437301635742,-32.49578857421875,-23.032611846923828,heterogeneity_pressure,8,train,seed8/heterogeneity_pressure/episode0/step1,15,2,full
0,-23.031288146972656,-30.436260223388672,-27.016210556030273,heterogeneity_pressure,8,train,seed8/heterogeneity_pressure/episode1/step5,15,0,full
1,-23.031288146972656,-30.843313217163086,-27.517126083374023,heterogeneity_pressure,8,train,seed8/heterogeneity_pressure/episode1/step5,15,0,full
2,-23.031288146972656,-27.491342544555664,-29.159523010253906,heterogeneity_pressure,8,train,seed8/heterogeneity_pressure/episode1/step5,15,0,full
3,-23.031288146972656,-28.615798950195312,-25.309818267822266,heterogeneity_pressure,8,train,seed8/heterogeneity_pressure/episode1/step5,15,0,full
5,-23.031288146972656,-25.739112854003906,-24.315807342529297,heterogeneity_pressure,8,train,seed8/heterogeneity_pressure/episode1/step5,15,0,full
5,-23.031288146972656,-15.78065299987793,-12.380509376525879,heterogeneity_pressure,8,train,seed8/heterogeneity_pressure/episode1/step5,15,1,full
5,-23.031288146972656,-24.654285430908203,-15.713178634643555,heterogeneity_pressure,8,train,seed8/heterogeneity_pressure/episode1/step5,15,2,full
5,-20.239990234375,-24.729141235351562,-6.084344863891602,heterogeneity_pressure,8,validation,seed8/heterogeneity_pressure/episode7/step14,15,0,full
0,-20.239990234375,-39.66286849975586,-5.116462707519531,heterogeneity_pressure,8,validation,seed8/heterogeneity_pressure/episode7/step14,15,1,full
1,-20.239990234375,-48.14617919921875,-9.657621383666992,heterogeneity_pressure,8,validation,seed8/heterogeneity_pressure/episode7/step14,15,1,full
2,-20.239990234375,-48.14617919921875,-8.271478652954102,heterogeneity_pressure,8,validation,seed8/heterogeneity_pressure/episode7/step14,15,1,full
3,-20.239990234375,-42.71379089355469,-6.314607620239258,heterogeneity_pressure,8,validation,seed8/heterogeneity_pressure/episode7/step14,15,1,full
5,-20.239990234375,-34.807987213134766,-4.176662445068359,heterogeneity_pressure,8,validation,seed8/heterogeneity_pressure/episode7/step14,15,1,full
5,-20.239990234375,-41.03832244873047,-0.6703853607177734,heterogeneity_pressure,8,validation,seed8/heterogeneity_pressure/episode7/step14,15,2,full
5,-53.74814987182617,-15.408243179321289,-21.25301742553711,heterogeneity_pressure,8,train,seed8/heterogeneity_pressure/episode4/step41,15,0,full
5,-53.74814987182617,-12.455791473388672,-17.617910385131836,heterogeneity_pressure,8,train,seed8/heterogeneity_pressure/episode4/step41,15,1,full
2,-53.74814987182617,-13.761735916137695,-17.380672454833984,heterogeneity_pressure,8,train,seed8/heterogeneity_pressure/episode4/step41,15,2,full
4,-53.74814987182617,-13.072408676147461,-13.01805591583252,heterogeneity_pressure,8,train,seed8/heterogeneity_pressure/episode4/step41,15,2,full
5,-53.74814987182617,-13.733016967773438,-19.44056510925293,heterogeneity_pressure,8,train,seed8/heterogeneity_pressure/episode4/step41,15,2,full
5,-44.25516128540039,-20.439416885375977,-30.52894401550293,heterogeneity_pressure,8,test,seed8/heterogeneity_pressure/episode4/step28,15,0,full
5,-44.25516128540039,-16.284255981445312,-26.915555953979492,heterogeneity_pressure,8,test,seed8/heterogeneity_pressure/episode4/step28,15,1,full
3,-44.25516128540039,-18.03166389465332,-21.049728393554688,heterogeneity_pressure,8,test,seed8/heterogeneity_pressure/episode4/step28,15,2,full
4,-44.25516128540039,-25.132131576538086,-19.730716705322266,heterogeneity_pressure,8,test,seed8/heterogeneity_pressure/episode4/step28,15,2,full
5,-44.25516128540039,-35.15403366088867,-24.51894760131836,heterogeneity_pressure,8,test,seed8/heterogeneity_pressure/episode4/step28,15,2,full
5,4.426466464996338,2.1517786979675293,2.4271984100341797,heterogeneity_pressure,8,test,seed8/heterogeneity_pressure/episode8/step41,15,0,full
5,4.426466464996338,0.4348887801170349,5.787937164306641,heterogeneity_pressure,8,test,seed8/heterogeneity_pressure/episode8/step41,15,1,full
0,4.426466464996338,-0.22265611588954926,6.073333740234375,heterogeneity_pressure,8,test,seed8/heterogeneity_pressure/episode8/step41,15,2,full
5,4.426466464996338,-0.23812775313854218,4.519649505615234,heterogeneity_pressure,8,test,seed8/heterogeneity_pressure/episode8/step41,15,2,full
5,-20.031503677368164,-0.540927529335022,-3.8077049255371094,heterogeneity_pressure,8,train,seed8/heterogeneity_pressure/episode5/step47,15,0,full
5,-20.031503677368164,0.007023833692073822,-0.32618141174316406,heterogeneity_pressure,8,train,seed8/heterogeneity_pressure/episode5/step47,15,1,full
1,-20.031503677368164,-0.665927529335022,-6.462255477905273,heterogeneity_pressure,8,train,seed8/heterogeneity_pressure/episode5/step47,15,2,full
5,-20.031503677368164,-0.4459399878978729,-8.583762168884277,heterogeneity_pressure,8,train,seed8/heterogeneity_pressure/episode5/step47,15,2,full
5,-10.722909927368164,0.4606660008430481,0.11673545837402344,heterogeneity_pressure,8,train,seed8/heterogeneity_pressure/episode2/step49,15,0,full
5,-10.722909927368164,-0.10000000149011612,3.555147171020508,heterogeneity_pressure,8,train,seed8/heterogeneity_pressure/episode2/step49,15,1,full
4,-10.722909927368164,2.2676639556884766,11.390098571777344,heterogeneity_pressure,8,train,seed8/heterogeneity_pressure/episode2/step49,15,2,full
5,-10.722909927368164,-0.10000000149011612,4.749460220336914,heterogeneity_pressure,8,train,seed8/heterogeneity_pressure/episode2/step49,15,2,full
1,-44.46287536621094,-45.17937088012695,-36.040771484375,heterogeneity_pressure,8,train,seed8/heterogeneity_pressure/episode9/step3,15,0,full
2,-44.46287536621094,-41.17977523803711,-32.697452545166016,heterogeneity_pressure,8,train,seed8/heterogeneity_pressure/episode9/step3,15,0,full
4,-44.46287536621094,-45.592979431152344,-31.08212661743164,heterogeneity_pressure,8,train,seed8/heterogeneity_pressure/episode9/step3,15,0,full
5,-44.46287536621094,-29.654233932495117,-30.50384521484375,heterogeneity_pressure,8,train,seed8/heterogeneity_pressure/episode9/step3,15,0,full
1,-44.46287536621094,-33.3438720703125,-31.98187828063965,heterogeneity_pressure,8,train,seed8/heterogeneity_pressure/episode9/step3,15,1,full
2,-44.46287536621094,-32.95407485961914,-28.776630401611328,heterogeneity_pressure,8,train,seed8/heterogeneity_pressure/episode9/step3,15,1,full
4,-44.46287536621094,-29.453737258911133,-26.945234298706055,heterogeneity_pressure,8,train,seed8/heterogeneity_pressure/episode9/step3,15,1,full
5,-44.46287536621094,-31.395183563232422,-26.904165267944336,heterogeneity_pressure,8,train,seed8/heterogeneity_pressure/episode9/step3,15,1,full
5,-44.46287536621094,-34.88938522338867,-27.088003158569336,heterogeneity_pressure,8,train,seed8/heterogeneity_pressure/episode9/step3,15,2,full
5,-42.721309661865234,-33.07182312011719,-25.75943946838379,heterogeneity_pressure,8,validation,seed8/heterogeneity_pressure/episode15/step15,15,0,full
5,-42.721309661865234,-29.22667121887207,-22.182373046875,heterogeneity_pressure,8,validation,seed8/heterogeneity_pressure/episode15/step15,15,1,full
1,-42.721309661865234,-35.59503173828125,-27.8831844329834,heterogeneity_pressure,8,validation,seed8/heterogeneity_pressure/episode15/step15,15,2,full
5,-42.721309661865234,-36.510955810546875,-27.602210998535156,heterogeneity_pressure,8,validation,seed8/heterogeneity_pressure/episode15/step15,15,2,full
5,-41.89836502075195,-28.442615509033203,-26.176517486572266,heterogeneity_pressure,8,train,seed8/heterogeneity_pressure/episode9/step12,15,0,full
0,-41.89836502075195,-24.136560440063477,-25.76905059814453,heterogeneity_pressure,8,train,seed8/heterogeneity_pressure/episode9/step12,15,1,full
1,-41.89836502075195,-19.18574333190918,-23.56743621826172,heterogeneity_pressure,8,train,seed8/heterogeneity_pressure/episode9/step12,15,1,full
3,-41.89836502075195,-23.005014419555664,-23.018211364746094,heterogeneity_pressure,8,train,seed8/heterogeneity_pressure/episode9/step12,15,1,full
4,-41.89836502075195,-24.436819076538086,-18.188257217407227,heterogeneity_pressure,8,train,seed8/heterogeneity_pressure/episode9/step12,15,1,full
5,-41.89836502075195,-19.98539924621582,-20.73309898376465,heterogeneity_pressure,8,train,seed8/heterogeneity_pressure/episode9/step12,15,1,full
4,-41.89836502075195,-29.748361587524414,-16.6258487701416,heterogeneity_pressure,8,train,seed8/heterogeneity_pressure/episode9/step12,15,2,full
5,-41.89836502075195,-32.11484909057617,-18.902385711669922,heterogeneity_pressure,8,train,seed8/heterogeneity_pressure/episode9/step12,15,2,full
5,-14.050912857055664,-0.8201633095741272,-3.0432090759277344,heterogeneity_pressure,8,train,seed8/heterogeneity_pressure/episode5/step40,15,0,full
5,-14.050912857055664,-1.115088939666748,0.44702911376953125,heterogeneity_pressure,8,train,seed8/heterogeneity_pressure/episode5/step40,15,1,full
1,-14.050912857055664,-1.3136887550354004,-5.9111785888671875,heterogeneity_pressure,8,train,seed8/heterogeneity_pressure/episode5/step40,15,2,full
5,-14.050912857055664,-1.5664178133010864,-6.491710662841797,heterogeneity_pressure,8,train,seed8/heterogeneity_pressure/episode5/step40,15,2,full
5,-41.35121154785156,-18.37588882446289,-16.153303146362305,heterogeneity_pressure,8,train,seed8/heterogeneity_pressure/episode3/step30,15,0,full
5,-41.35121154785156,-20.48017120361328,-12.59272575378418,heterogeneity_pressure,8,train,seed8/heterogeneity_pressure/episode3/step30,15,1,full
3,-41.35121154785156,-22.882488250732422,-12.350372314453125,heterogeneity_pressure,8,train,seed8/heterogeneity_pressure/episode3/step30,15,2,full
5,-41.35121154785156,-23.39225959777832,-12.313953399658203,heterogeneity_pressure,8,train,seed8/heterogeneity_pressure/episode3/step30,15,2,full
5,-13.094359397888184,-29.47755241394043,-27.713333129882812,heterogeneity_pressure,8,test,seed8/heterogeneity_pressure/episode16/step11,15,0,full
0,-13.094359397888184,-37.5859489440918,-30.01629066467285,heterogeneity_pressure,8,test,seed8/heterogeneity_pressure/episode16/step11,15,1,full
1,-13.094359397888184,-27.50814437866211,-28.00606346130371,heterogeneity_pressure,8,test,seed8/heterogeneity_pressure/episode16/step11,15,1,full
4,-13.094359397888184,-35.097530364990234,-23.159875869750977,heterogeneity_pressure,8,test,seed8/heterogeneity_pressure/episode16/step11,15,1,full
5,-13.094359397888184,-42.76420211791992,-23.964622497558594,heterogeneity_pressure,8,test,seed8/heterogeneity_pressure/episode16/step11,15,1,full
4,-13.094359397888184,-35.98424530029297,-21.367111206054688,heterogeneity_pressure,8,test,seed8/heterogeneity_pressure/episode16/step11,15,2,full
5,-13.094359397888184,-31.61025619506836,-22.488645553588867,heterogeneity_pressure,8,test,seed8/heterogeneity_pressure/episode16/step11,15,2,full
5,-35.68598556518555,-55.87950897216797,-21.58014678955078,medium,10,validation,seed10/medium/episode7/step5,15,0,full
0,-35.68598556518555,-60.30918502807617,-28.5594482421875,medium,10,validation,seed10/medium/episode7/step5,15,1,full
1,-35.68598556518555,-55.957305908203125,-28.72403335571289,medium,10,validation,seed10/medium/episode7/step5,15,1,full
2,-35.68598556518555,-55.957305908203125,-30.009592056274414,medium,10,validation,seed10/medium/episode7/step5,15,1,full
3,-35.68598556518555,-60.55872344970703,-27.19533920288086,medium,10,validation,seed10/medium/episode7/step5,15,1,full
4,-35.68598556518555,-55.957305908203125,-23.010913848876953,medium,10,validation,seed10/medium/episode7/step5,15,1,full
5,-35.68598556518555,-52.83570098876953,-24.260251998901367,medium,10,validation,seed10/medium/episode7/step5,15,1,full
0,-35.68598556518555,-66.3775863647461,-33.49041748046875,medium,10,validation,seed10/medium/episode7/step5,15,2,full
3,-35.68598556518555,-66.3775863647461,-32.321495056152344,medium,10,validation,seed10/medium/episode7/step5,15,2,full
5,-35.68598556518555,-47.52043533325195,-29.389789581298828,medium,10,validation,seed10/medium/episode7/step5,15,2,full
5,-41.86380386352539,-31.02754020690918,-14.908343315124512,medium,10,train,seed10/medium/episode15/step24,15,0,full
5,-41.86380386352539,-26.491273880004883,-11.407910346984863,medium,10,train,seed10/medium/episode15/step24,15,1,full
0,-41.86380386352539,-23.024757385253906,-21.297473907470703,medium,10,train,seed10/medium/episode15/step24,15,2,full
1,-41.86380386352539,-22.034337997436523,-18.1372127532959,medium,10,train,seed10/medium/episode15/step24,15,2,full
3,-41.86380386352539,-22.377193450927734,-18.283668518066406,medium,10,train,seed10/medium/episode15/step24,15,2,full
5,-41.86380386352539,-24.454883575439453,-18.657085418701172,medium,10,train,seed10/medium/episode15/step24,15,2,full
4,-15.354440689086914,-2.157315969467163,9.891216278076172,medium,10,train,seed10/medium/episode1/step16,15,0,full
5,-15.354440689086914,-3.736421585083008,13.034618377685547,medium,10,train,seed10/medium/episode1/step16,15,0,full
5,-15.354440689086914,-10.530824661254883,0.11883163452148438,medium,10,train,seed10/medium/episode1/step16,15,1,full
5,-15.354440689086914,-13.574185371398926,2.2467708587646484,medium,10,train,seed10/medium/episode1/step16,15,2,full
5,-55.76152038574219,-31.1512451171875,-30.5399169921875,medium,10,train,seed10/medium/episode10/step22,15,0,full
5,-55.76152038574219,-32.70480728149414,-27.117538452148438,medium,10,train,seed10/medium/episode10/step22,15,1,full
1,-55.76152038574219,-22.69593048095703,-30.28428077697754,medium,10,train,seed10/medium/episode10/step22,15,2,full
3,-55.76152038574219,-25.175235748291016,-31.507631301879883,medium,10,train,seed10/medium/episode10/step22,15,2,full
4,-55.76152038574219,-22.688711166381836,-29.345123291015625,medium,10,train,seed10/medium/episode10/step22,15,2,full
5,-55.76152038574219,-27.154003143310547,-31.99260711669922,medium,10,train,seed10/medium/episode10/step22,15,2,full
5,-50.72065734863281,-19.28573989868164,-31.073177337646484,medium,10,train,seed10/medium/episode8/step18,15,0,full
5,-50.72065734863281,-17.641267776489258,-27.67410659790039,medium,10,train,seed10/medium/episode8/step18,15,1,full
3,-50.72065734863281,-20.39323616027832,-25.710262298583984,medium,10,train,seed10/medium/episode8/step18,15,2,full
5,-50.72065734863281,-18.16260528564453,-25.439184188842773,medium,10,train,seed10/medium/episode8/step18,15,2,full
5,-40.21684265136719,-1.3780397176742554,-5.497217178344727,medium,10,test,seed10/medium/episode5/step26,15,0,full
5,-40.21684265136719,-1.896801233291626,-2.0679454803466797,medium,10,test,seed10/medium/episode5/step26,15,1,full
3,-40.21684265136719,-1.8980512619018555,-3.753572463989258,medium,10,test,seed10/medium/episode5/step26,15,2,full
5,-40.21684265136719,-1.9039369821548462,-4.045494079589844,medium,10,test,seed10/medium/episode5/step26,15,2,full
0,-38.125389099121094,-22.54469108581543,-35.6134147644043,medium,10,test,seed10/medium/episode4/step0,15,0,full
1,-38.125389099121094,-28.730648040771484,-33.87385559082031,medium,10,test,seed10/medium/episode4/step0,15,0,full
2,-38.125389099121094,-34.44580841064453,-37.207794189453125,medium,10,test,seed10/medium/episode4/step0,15,0,full
5,-38.125389099121094,-28.73064613342285,-31.141233444213867,medium,10,test,seed10/medium/episode4/step0,15,0,full
0,-38.125389099121094,-20.424787521362305,-32.67985534667969,medium,10,test,seed10/medium/episode4/step0,15,1,full
1,-38.125389099121094,-23.55385398864746,-30.64301300048828,medium,10,test,seed10/medium/episode4/step0,15,1,full
2,-38.125389099121094,-23.55385398864746,-33.89529037475586,medium,10,test,seed10/medium/episode4/step0,15,1,full
5,-38.125389099121094,-17.332595825195312,-27.704801559448242,medium,10,test,seed10/medium/episode4/step0,15,1,full
5,-38.125389099121094,-14.990696907043457,-24.177797317504883,medium,10,test,seed10/medium/episode4/step0,15,2,full
1,-43.29454803466797,-24.99823570251465,-35.326011657714844,medium,10,train,seed10/medium/episode10/step5,15,0,full
2,-43.29454803466797,-27.326887130737305,-39.364227294921875,medium,10,train,seed10/medium/episode10/step5,15,0,full
4,-43.29454803466797,-27.326887130737305,-37.394588470458984,medium,10,train,seed10/medium/episode10/step5,15,0,full
5,-43.29454803466797,-26.53093147277832,-34.992191314697266,medium,10,train,seed10/medium/episode10/step5,15,0,full
5,-43.29454803466797,-31.026714324951172,-27.197717666625977,medium,10,train,seed10/medium/episode10/step5,15,1,full
5,-43.29454803466797,-21.823978424072266,-29.0429630279541,medium,10,train,seed10/medium/episode10/step5,15,2,full
5,-52.20142364501953,-14.420633316040039,-25.89434242248535,medium,10,test,seed10/medium/episode8/step30,15,0,full
5,-52.20142364501953,-15.110915184020996,-22.44671058654785,medium,10,test,seed10/medium/episode8/step30,15,1,full
4,-52.20142364501953,-15.294081687927246,-19.10517120361328,medium,10,test,seed10/medium/episode8/step30,15,2,full
5,-52.20142364501953,-15.901695251464844,-20.98744773864746,medium,10,test,seed10/medium/episode8/step30,15,2,full
1,-36.333717346191406,-24.703922271728516,-26.534128189086914,medium,10,validation,seed10/medium/episode11/step2,15,0,full
2,-36.333717346191406,-25.797178268432617,-26.29010772705078,medium,10,validation,seed10/medium/episode11/step2,15,0,full
3,-36.333717346191406,-26.191118240356445,-29.407560348510742,medium,10,validation,seed10/medium/episode11/step2,15,0,full
5,-36.333717346191406,-26.371273040771484,-24.189125061035156,medium,10,validation,seed10/medium/episode11/step2,15,0,full
2,-36.333717346191406,-18.616596221923828,-15.73276138305664,medium,10,validation,seed10/medium/episode11/step2,15,1,full
4,-36.333717346191406,-20.727283477783203,-15.324975967407227,medium,10,validation,seed10/medium/episode11/step2,15,1,full
5,-36.333717346191406,-20.96011734008789,-13.440977096557617,medium,10,validation,seed10/medium/episode11/step2,15,1,full
5,-36.333717346191406,-14.309948921203613,-17.524463653564453,medium,10,validation,seed10/medium/episode11/step2,15,2,full
5,-54.48463439941406,-39.168922424316406,-26.288990020751953,medium,10,train,seed10/medium/episode3/step17,15,0,full
5,-54.48463439941406,-36.869503021240234,-22.8603458404541,medium,10,train,seed10/medium/episode3/step17,15,1,full
1,-54.48463439941406,-30.206525802612305,-31.28937530517578,medium,10,train,seed10/medium/episode3/step17,15,2,full
5,-54.48463439941406,-30.34027862548828,-30.8519287109375,medium,10,train,seed10/medium/episode3/step17,15,2,full
5,-51.40619659423828,-14.173257827758789,-16.67188835144043,medium,10,train,seed10/medium/episode12/step3,15,0,full
0,-51.40619659423828,-15.643163681030273,-26.26327896118164,medium,10,train,seed10/medium/episode12/step3,15,1,full
1,-51.40619659423828,-21.415624618530273,-25.098588943481445,medium,10,train,seed10/medium/episode12/step3,15,1,full
2,-51.40619659423828,-16.50662612915039,-24.819149017333984,medium,10,train,seed10/medium/episode12/step3,15,1,full
4,-51.40619659423828,-17.357559204101562,-22.695945739746094,medium,10,train,seed10/medium/episode12/step3,15,1,full
5,-51.40619659423828,-25.153074264526367,-20.888280868530273,medium,10,train,seed10/medium/episode12/step3,15,1,full
5,-51.40619659423828,-24.997943878173828,-18.937904357910156,medium,10,train,seed10/medium/episode12/step3,15,2,full
5,-31.546545028686523,-9.02413272857666,-9.19625186920166,medium,10,train,seed10/medium/episode5/step12,15,0,full
5,-31.546545028686523,-14.530287742614746,-5.688629150390625,medium,10,train,seed10/medium/episode5/step12,15,1,full
3,-31.546545028686523,-9.952210426330566,-4.9118194580078125,medium,10,train,seed10/medium/episode5/step12,15,2,full
5,-31.546545028686523,-1.920183777809143,-3.764925003051758,medium,10,train,seed10/medium/episode5/step12,15,2,full
5,-37.825347900390625,1.0332249402999878,-27.296142578125,medium,10,validation,seed10/medium/episode9/step13,15,0,full
5,-37.825347900390625,-0.4318791627883911,-23.83333969116211,medium,10,validation,seed10/medium/episode9/step13,15,1,full
1,-37.825347900390625,-4.53907585144043,-28.185136795043945,medium,10,validation,seed10/medium/episode9/step13,15,2,full
5,-37.825347900390625,-4.579248905181885,-29.665584564208984,medium,10,validation,seed10/medium/episode9/step13,15,2,full
5,-11.840337753295898,7.620176315307617,12.234920501708984,medium,10,train,seed10/medium/episode1/step40,15,0,full
5,-11.840337753295898,7.128280162811279,15.095481872558594,medium,10,train,seed10/medium/episode1/step40,15,1,full
1,-11.840337753295898,6.893083572387695,11.214515686035156,medium,10,train,seed10/medium/episode1/step40,15,2,full
5,-11.840337753295898,3.765859365463257,10.72464370727539,medium,10,train,seed10/medium/episode1/step40,15,2,full
0,-32.780826568603516,-36.680728912353516,-18.638174057006836,time_pressure,10,train,seed10/time_pressure/episode17/step4,15,0,full
1,-32.780826568603516,-18.68159294128418,-15.650718688964844,time_pressure,10,train,seed10/time_pressure/episode17/step4,15,0,full
2,-32.780826568603516,-6.104510307312012,-17.305253982543945,time_pressure,10,train,seed10/time_pressure/episode17/step4,15,0,full
3,-32.780826568603516,-21.79892921447754,-16.796979904174805,time_pressure,10,train,seed10/time_pressure/episode17/step4,15,0,full
4,-32.780826568603516,-29.252639770507812,-16.10386085510254,time_pressure,10,train,seed10/time_pressure/episode17/step4,15,0,full
5,-32.780826568603516,-28.6420955657959,-15.652608871459961,time_pressure,10,train,seed10/time_pressure/episode17/step4,15,0,full
0,-32.780826568603516,0.32874318957328796,-15.547719955444336,time_pressure,10,train,seed10/time_pressure/episode17/step4,15,1,full
1,-32.780826568603516,0.32874318957328796,-12.369428634643555,time_pressure,10,train,seed10/time_pressure/episode17/step4,15,1,full
2,-32.780826568603516,12.691333770751953,-13.248887062072754,time_pressure,10,train,seed10/time_pressure/episode17/step4,15,1,full
3,-32.780826568603516,0.47014516592025757,-13.15713119506836,time_pressure,10,train,seed10/time_pressure/episode17/step4,15,1,full
4,-32.780826568603516,13.072425842285156,-12.021714210510254,time_pressure,10,train,seed10/time_pressure/episode17/step4,15,1,full
5,-32.780826568603516,-16.217052459716797,-12.172900199890137,time_pressure,10,train,seed10/time_pressure/episode17/step4,15,1,full
2,-32.780826568603516,-8.995748519897461,-14.156431198120117,time_pressure,10,train,seed10/time_pressure/episode17/step4,15,2,full
3,-32.780826568603516,-8.37341594696045,-13.35961627960205,time_pressure,10,train,seed10/time_pressure/episode17/step4,15,2,full
5,-32.780826568603516,-8.69400405883789,-12.469332695007324,time_pressure,10,train,seed10/time_pressure/episode17/step4,15,2,full
5,-12.364377975463867,-0.23333290219306946,-15.31297492980957,time_pressure,10,train,seed10/time_pressure/episode2/step16,15,0,full
5,-12.364377975463867,-20.81153106689453,-11.812615394592285,time_pressure,10,train,seed10/time_pressure/episode2/step16,15,1,full
4,-12.364377975463867,-4.30639123916626,-7.920119285583496,time_pressure,10,train,seed10/time_pressure/episode2/step16,15,2,full
5,-12.364377975463867,-1.2189213037490845,-9.159818649291992,time_pressure,10,train,seed10/time_pressure/episode2/step16,15,2,full
0,-33.68705749511719,-38.635337829589844,-19.493701934814453,time_pressure,10,test,seed10/time_pressure/episode13/step2,15,0,full
2,-33.68705749511719,-32.22697830200195,-20.140026092529297,time_pressure,10,test,seed10/time_pressure/episode13/step2,15,0,full
4,-33.68705749511719,-33.35552215576172,-17.733009338378906,time_pressure,10,test,seed10/time_pressure/episode13/step2,15,0,full
5,-33.68705749511719,-31.707569122314453,-16.99981117248535,time_pressure,10,test,seed10/time_pressure/episode13/step2,15,0,full
1,-33.68705749511719,-24.88421058654785,-28.011821746826172,time_pressure,10,test,seed10/time_pressure/episode13/step2,15,1,full
2,-33.68705749511719,-24.577547073364258,-25.415512084960938,time_pressure,10,test,seed10/time_pressure/episode13/step2,15,1,full
5,-33.68705749511719,-24.018342971801758,-21.806140899658203,time_pressure,10,test,seed10/time_pressure/episode13/step2,15,1,full
5,-33.68705749511719,-30.824386596679688,-18.45159149169922,time_pressure,10,test,seed10/time_pressure/episode13/step2,15,2,full
5,-33.07527542114258,-39.6837272644043,-27.077449798583984,time_pressure,10,train,seed10/time_pressure/episode7/step9,15,0,full
1,-33.07527542114258,-26.42143440246582,-29.054683685302734,time_pressure,10,train,seed10/time_pressure/episode7/step9,15,1,full
2,-33.07527542114258,-36.100372314453125,-30.790620803833008,time_pressure,10,train,seed10/time_pressure/episode7/step9,15,1,full
4,-33.07527542114258,-26.61481475830078,-26.444185256958008,time_pressure,10,train,seed10/time_pressure/episode7/step9,15,1,full
5,-33.07527542114258,-36.14894485473633,-26.878368377685547,time_pressure,10,train,seed10/time_pressure/episode7/step9,15,1,full
1,-33.07527542114258,-46.95102310180664,-42.66764831542969,time_pressure,10,train,seed10/time_pressure/episode7/step9,15,2,full
5,-33.07527542114258,-42.86922836303711,-40.75794982910156,time_pressure,10,train,seed10/time_pressure/episode7/step9,15,2,full
1,-29.5692138671875,-21.90455436706543,-24.666915893554688,time_pressure,10,train,seed10/time_pressure/episode6/step2,15,0,full
3,-29.5692138671875,-23.093769073486328,-20.852373123168945,time_pressure,10,train,seed10/time_pressure/episode6/step2,15,0,full
4,-29.5692138671875,-21.747642517089844,-20.036842346191406,time_pressure,10,train,seed10/time_pressure/episode6/step2,15,0,full
5,-29.5692138671875,-24.489959716796875,-21.28986167907715,time_pressure,10,train,seed10/time_pressure/episode6/step2,15,0,full
1,-29.5692138671875,-26.203153610229492,-22.311826705932617,time_pressure,10,train,seed10/time_pressure/episode6/step2,15,1,full
3,-29.5692138671875,-26.203153610229492,-18.222902297973633,time_pressure,10,train,seed10/time_pressure/episode6/step2,15,1,full
5,-29.5692138671875,-28.36974334716797,-18.38081932067871,time_pressure,10,train,seed10/time_pressure/episode6/step2,15,1,full
5,-29.5692138671875,-34.7044792175293,-23.89822006225586,time_pressure,10,train,seed10/time_pressure/episode6/step2,15,2,full
5,-44.84532165527344,-17.421295166015625,-51.72191619873047,time_pressure,10,train,seed10/time_pressure/episode16/step9,15,0,full
5,-44.84532165527344,-65.22337341308594,-48.556640625,time_pressure,10,train,seed10/time_pressure/episode16/step9,15,1,full
0,-44.84532165527344,-73.95187377929688,-56.71615982055664,time_pressure,10,train,seed10/time_pressure/episode16/step9,15,2,full
1,-44.84532165527344,-65.7739028930664,-52.361732482910156,time_pressure,10,train,seed10/time_pressure/episode16/step9,15,2,full
4,-44.84532165527344,-71.34691619873047,-50.246307373046875,time_pressure,10,train,seed10/time_pressure/episode16/step9,15,2,full
5,-44.84532165527344,-70.97869873046875,-52.72294616699219,time_pressure,10,train,seed10/time_pressure/episode16/step9,15,2,full
5,-46.35187911987305,-77.09550476074219,-52.069557189941406,time_pressure,10,train,seed10/time_pressure/episode16/step10,15,0,full
5,-46.35187911987305,-59.04667663574219,-48.910858154296875,time_pressure,10,train,seed10/time_pressure/episode16/step10,15,1,full
0,-46.35187911987305,-82.70098114013672,-57.10805130004883,time_pressure,10,train,seed10/time_pressure/episode16/step10,15,2,full
1,-46.35187911987305,-66.52872467041016,-52.95207977294922,time_pressure,10,train,seed10/time_pressure/episode16/step10,15,2,full
4,-46.35187911987305,-72.26375579833984,-50.849212646484375,time_pressure,10,train,seed10/time_pressure/episode16/step10,15,2,full
5,-46.35187911987305,-72.59828186035156,-53.46813201904297,time_pressure,10,train,seed10/time_pressure/episode16/step10,15,2,full
5,-30.79086685180664,-8.568219184875488,-25.729780197143555,time_pressure,10,validation,seed10/time_pressure/episode15/step14,15,0,full
5,-30.79086685180664,-12.198286056518555,-22.260879516601562,time_pressure,10,validation,seed10/time_pressure/episode15/step14,15,1,full
1,-30.79086685180664,-6.0362982749938965,-31.443626403808594,time_pressure,10,validation,seed10/time_pressure/episode15/step14,15,2,full
5,-30.79086685180664,-6.082505226135254,-29.065771102905273,time_pressure,10,validation,seed10/time_pressure/episode15/step14,15,2,full
5,-35.37253189086914,-51.63031005859375,-32.48926544189453,time_pressure,10,test,seed10/time_pressure/episode7/step12,15,0,full
5,-35.37253189086914,-48.780174255371094,-28.957321166992188,time_pressure,10,test,seed10/time_pressure/episode7/step12,15,1,full
1,-35.37253189086914,-43.77391815185547,-36.732078552246094,time_pressure,10,test,seed10/time_pressure/episode7/step12,15,2,full
4,-35.37253189086914,-35.68687057495117,-34.174842834472656,time_pressure,10,test,seed10/time_pressure/episode7/step12,15,2,full
5,-35.37253189086914,-43.95708465576172,-35.13813400268555,time_pressure,10,test,seed10/time_pressure/episode7/step12,15,2,full
5,-54.286766052246094,-49.65937805175781,-45.71644592285156,time_pressure,10,train,seed10/time_pressure/episode4/step12,15,0,full
5,-54.286766052246094,-61.54647445678711,-42.479583740234375,time_pressure,10,train,seed10/time_pressure/episode4/step12,15,1,full
2,-54.286766052246094,-65.97720336914062,-46.6807861328125,time_pressure,10,train,seed10/time_pressure/episode4/step12,15,2,full
3,-54.286766052246094,-70.48692321777344,-48.327579498291016,time_pressure,10,train,seed10/time_pressure/episode4/step12,15,2,full
5,-54.286766052246094,-65.97906494140625,-46.047760009765625,time_pressure,10,train,seed10/time_pressure/episode4/step12,15,2,full
5,-13.580699920654297,-43.26108932495117,-30.785579681396484,time_pressure,10,validation,seed10/time_pressure/episode10/step14,15,0,full
5,-13.580699920654297,-36.904335021972656,-27.314922332763672,time_pressure,10,validation,seed10/time_pressure/episode10/step14,15,1,full
1,-13.580699920654297,-37.1174430847168,-36.430419921875,time_pressure,10,validation,seed10/time_pressure/episode10/step14,15,2,full
5,-13.580699920654297,-33.564735412597656,-34.066986083984375,time_pressure,10,validation,seed10/time_pressure/episode10/step14,15,2,full
5,-10.575489044189453,-17.48856544494629,-29.27802276611328,time_pressure,10,validation,seed10/time_pressure/episode10/step8,15,0,full
5,-10.575489044189453,-14.4224853515625,-25.795352935791016,time_pressure,10,validation,seed10/time_pressure/episode10/step8,15,1,full
1,-10.575489044189453,-18.692123413085938,-34.578704833984375,time_pressure,10,validation,seed10/time_pressure/episode10/step8,15,2,full
5,-10.575489044189453,-18.807222366333008,-30.761898040771484,time_pressure,10,validation,seed10/time_pressure/episode10/step8,15,2,full
1,-28.793285369873047,-31.893980026245117,-28.493572235107422,time_pressure,10,train,seed10/time_pressure/episode3/step7,15,0,full
2,-28.793285369873047,-30.205974578857422,-27.32793426513672,time_pressure,10,train,seed10/time_pressure/episode3/step7,15,0,full
5,-28.793285369873047,-24.612285614013672,-25.705896377563477,time_pressure,10,train,seed10/time_pressure/episode3/step7,15,0,full
5,-28.793285369873047,-1.5589079856872559,-14.107993125915527,time_pressure,10,train,seed10/time_pressure/episode3/step7,15,1,full
1,-28.793285369873047,-20.561504364013672,-27.05025863647461,time_pressure,10,train,seed10/time_pressure/episode3/step7,15,2,full
5,-28.793285369873047,-20.661182403564453,-24.670806884765625,time_pressure,10,train,seed10/time_pressure/episode3/step7,15,2,full
5,-57.466217041015625,-46.90613555908203,-29.14620018005371,time_pressure,10,train,seed10/time_pressure/episode11/step26,15,0,full
5,-57.466217041015625,-32.320556640625,-25.73050880432129,time_pressure,10,train,seed10/time_pressure/episode11/step26,15,1,full
2,-57.466217041015625,-40.386505126953125,-27.652523040771484,time_pressure,10,train,seed10/time_pressure/episode11/step26,15,2,full
3,-57.466217041015625,-40.386505126953125,-25.450071334838867,time_pressure,10,train,seed10/time_pressure/episode11/step26,15,2,full
4,-57.466217041015625,-40.386505126953125,-24.809661865234375,time_pressure,10,train,seed10/time_pressure/episode11/step26,15,2,full
5,-57.466217041015625,-43.738609313964844,-27.395721435546875,time_pressure,10,train,seed10/time_pressure/episode11/step26,15,2,full
5,-46.59867477416992,-14.837443351745605,-29.206966400146484,time_pressure,10,test,seed10/time_pressure/episode1/step16,15,0,full
5,-46.59867477416992,-35.28004837036133,-25.717113494873047,time_pressure,10,test,seed10/time_pressure/episode1/step16,15,1,full
1,-46.59867477416992,-33.70951843261719,-34.139766693115234,time_pressure,10,test,seed10/time_pressure/episode1/step16,15,2,full
2,-46.59867477416992,-33.70951843261719,-33.745086669921875,time_pressure,10,test,seed10/time_pressure/episode1/step16,15,2,full
4,-46.59867477416992,-33.70951843261719,-31.29531478881836,time_pressure,10,test,seed10/time_pressure/episode1/step16,15,2,full
5,-46.59867477416992,-40.005157470703125,-33.17131805419922,time_pressure,10,test,seed10/time_pressure/episode1/step16,15,2,full
5,-58.83220672607422,-38.66096878051758,-38.3363151550293,heterogeneity_pressure,10,train,seed10/heterogeneity_pressure/episode6/step19,15,0,full
5,-58.83220672607422,-37.06432342529297,-34.911773681640625,heterogeneity_pressure,10,train,seed10/heterogeneity_pressure/episode6/step19,15,1,full
3,-58.83220672607422,-32.142147064208984,-30.451629638671875,heterogeneity_pressure,10,train,seed10/heterogeneity_pressure/episode6/step19,15,2,full
4,-58.83220672607422,-32.142147064208984,-29.058494567871094,heterogeneity_pressure,10,train,seed10/heterogeneity_pressure/episode6/step19,15,2,full
5,-58.83220672607422,-31.54319953918457,-31.26711082458496,heterogeneity_pressure,10,train,seed10/heterogeneity_pressure/episode6/step19,15,2,full
5,-50.585025787353516,-24.075105667114258,-18.53142738342285,heterogeneity_pressure,10,train,seed10/heterogeneity_pressure/episode14/step21,15,0,full
5,-50.585025787353516,-26.947134017944336,-14.956400871276855,heterogeneity_pressure,10,train,seed10/heterogeneity_pressure/episode14/step21,15,1,full
0,-50.585025787353516,-24.11383628845215,-18.988889694213867,heterogeneity_pressure,10,train,seed10/heterogeneity_pressure/episode14/step21,15,2,full
2,-50.585025787353516,-26.49840545654297,-16.184680938720703,heterogeneity_pressure,10,train,seed10/heterogeneity_pressure/episode14/step21,15,2,full
5,-50.585025787353516,-28.76556968688965,-16.381244659423828,heterogeneity_pressure,10,train,seed10/heterogeneity_pressure/episode14/step21,15,2,full
0,-38.196128845214844,-9.163990020751953,-29.69217872619629,heterogeneity_pressure,10,test,seed10/heterogeneity_pressure/episode7/step2,15,0,full
1,-38.196128845214844,-13.489645004272461,-29.553831100463867,heterogeneity_pressure,10,test,seed10/heterogeneity_pressure/episode7/step2,15,0,full
2,-38.196128845214844,-8.96423625946045,-29.994295120239258,heterogeneity_pressure,10,test,seed10/heterogeneity_pressure/episode7/step2,15,0,full
3,-38.196128845214844,-12.908406257629395,-25.281219482421875,heterogeneity_pressure,10,test,seed10/heterogeneity_pressure/episode7/step2,15,0,full
4,-38.196128845214844,-8.053070068359375,-25.820966720581055,heterogeneity_pressure,10,test,seed10/heterogeneity_pressure/episode7/step2,15,0,full
5,-38.196128845214844,-19.270116806030273,-25.4581241607666,heterogeneity_pressure,10,test,seed10/heterogeneity_pressure/episode7/step2,15,0,full
0,-38.196128845214844,-22.523283004760742,-26.920448303222656,heterogeneity_pressure,10,test,seed10/heterogeneity_pressure/episode7/step2,15,1,full
2,-38.196128845214844,-22.523283004760742,-27.406021118164062,heterogeneity_pressure,10,test,seed10/heterogeneity_pressure/episode7/step2,15,1,full
5,-38.196128845214844,-24.002248764038086,-22.56725311279297,heterogeneity_pressure,10,test,seed10/heterogeneity_pressure/episode7/step2,15,1,full
5,-38.196128845214844,-17.880714416503906,-26.01321029663086,heterogeneity_pressure,10,test,seed10/heterogeneity_pressure/episode7/step2,15,2,full
5,-38.58123779296875,-28.087331771850586,-24.0750789642334,heterogeneity_pressure,10,test,seed10/heterogeneity_pressure/episode2/step23,15,0,full
5,-38.58123779296875,-12.319510459899902,-20.48094940185547,heterogeneity_pressure,10,test,seed10/heterogeneity_pressure/episode2/step23,15,1,full
0,-38.58123779296875,-21.47611427307129,-23.62734603881836,heterogeneity_pressure,10,test,seed10/heterogeneity_pressure/episode2/step23,15,2,full
2,-38.58123779296875,-28.587726593017578,-22.50041961669922,heterogeneity_pressure,10,test,seed10/heterogeneity_pressure/episode2/step23,15,2,full
3,-38.58123779296875,-22.938146591186523,-23.773529052734375,heterogeneity_pressure,10,test,seed10/heterogeneity_pressure/episode2/step23,15,2,full
5,-38.58123779296875,-24.743135452270508,-23.182767868041992,heterogeneity_pressure,10,test,seed10/heterogeneity_pressure/episode2/step23,15,2,full
1,-39.98905944824219,-24.093046188354492,-25.34444808959961,heterogeneity_pressure,10,train,seed10/heterogeneity_pressure/episode2/step1,15,0,full
3,-39.98905944824219,-19.301279067993164,-27.371557235717773,heterogeneity_pressure,10,train,seed10/heterogeneity_pressure/episode2/step1,15,0,full
4,-39.98905944824219,-22.357072830200195,-23.49445152282715,heterogeneity_pressure,10,train,seed10/heterogeneity_pressure/episode2/step1,15,0,full
5,-39.98905944824219,-22.43428611755371,-23.555814743041992,heterogeneity_pressure,10,train,seed10/heterogeneity_pressure/episode2/step1,15,0,full
5,-39.98905944824219,-25.5206241607666,-18.07588768005371,heterogeneity_pressure,10,train,seed10/heterogeneity_pressure/episode2/step1,15,1,full
5,-39.98905944824219,-20.704065322875977,-22.976808547973633,heterogeneity_pressure,10,train,seed10/heterogeneity_pressure/episode2/step1,15,2,full
5,-38.9393310546875,-28.762115478515625,-23.905981063842773,heterogeneity_pressure,10,test,seed10/heterogeneity_pressure/episode2/step24,15,0,full
5,-38.9393310546875,-26.229232788085938,-20.31096839904785,heterogeneity_pressure,10,test,seed10/heterogeneity_pressure/episode2/step24,15,1,full
0,-38.9393310546875,-17.024948120117188,-23.092626571655273,heterogeneity_pressure,10,test,seed10/heterogeneity_pressure/episode2/step24,15,2,full
2,-38.9393310546875,-23.69082260131836,-22.108091354370117,heterogeneity_pressure,10,test,seed10/heterogeneity_pressure/episode2/step24,15,2,full
3,-38.9393310546875,-23.69082260131836,-23.444644927978516,heterogeneity_pressure,10,test,seed10/heterogeneity_pressure/episode2/step24,15,2,full
5,-38.9393310546875,-25.455245971679688,-23.012189865112305,heterogeneity_pressure,10,test,seed10/heterogeneity_pressure/episode2/step24,15,2,full
5,-45.44908142089844,-7.2376604080200195,-21.8654727935791,heterogeneity_pressure,10,validation,seed10/heterogeneity_pressure/episode7/step26,15,0,full
5,-45.44908142089844,-17.316743850708008,-18.28070068359375,heterogeneity_pressure,10,validation,seed10/heterogeneity_pressure/episode7/step26,15,1,full
1,-45.44908142089844,-7.2078399658203125,-26.21136474609375,heterogeneity_pressure,10,validation,seed10/heterogeneity_pressure/episode7/step26,15,2,full
5,-45.44908142089844,-13.645308494567871,-26.13742446899414,heterogeneity_pressure,10,validation,seed10/heterogeneity_pressure/episode7/step26,15,2,full
5,-20.816810607910156,-16.07911491394043,-11.870857238769531,heterogeneity_pressure,10,train,seed10/heterogeneity_pressure/episode9/step24,15,0,full
5,-20.816810607910156,-14.442678451538086,-8.248120307922363,heterogeneity_pressure,10,train,seed10/heterogeneity_pressure/episode9/step24,15,1,full
0,-20.816810607910156,-13.864917755126953,-19.40151596069336,heterogeneity_pressure,10,train,seed10/heterogeneity_pressure/episode9/step24,15,2,full
1,-20.816810607910156,-13.909819602966309,-19.11949348449707,heterogeneity_pressure,10,train,seed10/heterogeneity_pressure/episode9/step24,15,2,full
2,-20.816810607910156,-10.30628776550293,-15.859894752502441,heterogeneity_pressure,10,train,seed10/heterogeneity_pressure/episode9/step24,15,2,full
5,-20.816810607910156,-15.747425079345703,-18.34819793701172,heterogeneity_pressure,10,train,seed10/heterogeneity_pressure/episode9/step24,15,2,full
0,-41.504188537597656,-17.263614654541016,-22.39109992980957,heterogeneity_pressure,10,validation,seed10/heterogeneity_pressure/episode14/step3,15,0,full
1,-41.504188537597656,-17.360780715942383,-24.389272689819336,heterogeneity_pressure,10,validation,seed10/heterogeneity_pressure/episode14/step3,15,0,full
4,-41.504188537597656,-20.049043655395508,-18.056419372558594,heterogeneity_pressure,10,validation,seed10/heterogeneity_pressure/episode14/step3,15,0,full
5,-41.504188537597656,-17.062252044677734,-16.558868408203125,heterogeneity_pressure,10,validation,seed10/heterogeneity_pressure/episode14/step3,15,0,full
0,-41.504188537597656,-21.08688735961914,-19.21432113647461,heterogeneity_pressure,10,validation,seed10/heterogeneity_pressure/episode14/step3,15,1,full
1,-41.504188537597656,-21.08688735961914,-20.355131149291992,heterogeneity_pressure,10,validation,seed10/heterogeneity_pressure/episode14/step3,15,1,full
4,-41.504188537597656,-20.81922721862793,-13.925732612609863,heterogeneity_pressure,10,validation,seed10/heterogeneity_pressure/episode14/step3,15,1,full
5,-41.504188537597656,-22.920564651489258,-13.00767993927002,heterogeneity_pressure,10,validation,seed10/heterogeneity_pressure/episode14/step3,15,1,full
5,-41.504188537597656,-28.65008544921875,-12.876748085021973,heterogeneity_pressure,10,validation,seed10/heterogeneity_pressure/episode14/step3,15,2,full
5,-36.69670867919922,-44.103363037109375,-24.806575775146484,heterogeneity_pressure,10,validation,seed10/heterogeneity_pressure/episode3/step12,15,0,full
5,-36.69670867919922,-55.59968185424805,-21.19835662841797,heterogeneity_pressure,10,validation,seed10/heterogeneity_pressure/episode3/step12,15,1,full
1,-36.69670867919922,-40.278221130371094,-30.746082305908203,heterogeneity_pressure,10,validation,seed10/heterogeneity_pressure/episode3/step12,15,2,full
5,-36.69670867919922,-36.55768585205078,-29.017059326171875,heterogeneity_pressure,10,validation,seed10/heterogeneity_pressure/episode3/step12,15,2,full
5,-51.90120315551758,-34.20975875854492,-22.995712280273438,heterogeneity_pressure,10,train,seed10/heterogeneity_pressure/episode5/step28,15,0,full
5,-51.90120315551758,-27.370765686035156,-19.369218826293945,heterogeneity_pressure,10,train,seed10/heterogeneity_pressure/episode5/step28,15,1,full
0,-51.90120315551758,-33.25312805175781,-29.87358856201172,heterogeneity_pressure,10,train,seed10/heterogeneity_pressure/episode5/step28,15,2,full
1,-51.90120315551758,-36.06590270996094,-27.1123104095459,heterogeneity_pressure,10,train,seed10/heterogeneity_pressure/episode5/step28,15,2,full
2,-51.90120315551758,-35.79221725463867,-27.980558395385742,heterogeneity_pressure,10,train,seed10/heterogeneity_pressure/episode5/step28,15,2,full
3,-51.90120315551758,-26.431835174560547,-26.87327766418457,heterogeneity_pressure,10,train,seed10/heterogeneity_pressure/episode5/step28,15,2,full
5,-51.90120315551758,-33.51583480834961,-30.38058853149414,heterogeneity_pressure,10,train,seed10/heterogeneity_pressure/episode5/step28,15,2,full
5,-35.575931549072266,-26.57111358642578,-22.242324829101562,heterogeneity_pressure,10,train,seed10/heterogeneity_pressure/episode2/step20,15,0,full
5,-35.575931549072266,-10.801885604858398,-18.639822006225586,heterogeneity_pressure,10,train,seed10/heterogeneity_pressure/episode2/step20,15,1,full
0,-35.575931549072266,-13.672247886657715,-18.752866744995117,heterogeneity_pressure,10,train,seed10/heterogeneity_pressure/episode2/step20,15,2,full
3,-35.575931549072266,-13.672247886657715,-18.269088745117188,heterogeneity_pressure,10,train,seed10/heterogeneity_pressure/episode2/step20,15,2,full
5,-35.575931549072266,-8.164082527160645,-17.18236541748047,heterogeneity_pressure,10,train,seed10/heterogeneity_pressure/episode2/step20,15,2,full
0,-33.939884185791016,-33.39618682861328,-29.813213348388672,heterogeneity_pressure,10,train,seed10/heterogeneity_pressure/episode4/step3,15,0,full
1,-33.939884185791016,-30.177461624145508,-25.192630767822266,heterogeneity_pressure,10,train,seed10/heterogeneity_pressure/episode4/step3,15,0,full
2,-33.939884185791016,-31.998798370361328,-24.46187400817871,heterogeneity_pressure,10,train,seed10/heterogeneity_pressure/episode4/step3,15,0,full
3,-33.939884185791016,-33.39618682861328,-24.03700828552246,heterogeneity_pressure,10,train,seed10/heterogeneity_pressure/episode4/step3,15,0,full
5,-33.939884185791016,-27.088605880737305,-23.243547439575195,heterogeneity_pressure,10,train,seed10/heterogeneity_pressure/episode4/step3,15,0,full
5,-33.939884185791016,-33.062042236328125,-14.103533744812012,heterogeneity_pressure,10,train,seed10/heterogeneity_pressure/episode4/step3,15,1,full
1,-33.939884185791016,-28.230480194091797,-26.2912654876709,heterogeneity_pressure,10,train,seed10/heterogeneity_pressure/episode4/step3,15,2,full
5,-33.939884185791016,-31.333965301513672,-24.158540725708008,heterogeneity_pressure,10,train,seed10/heterogeneity_pressure/episode4/step3,15,2,full
5,-21.775144577026367,0.2643786668777466,3.907451629638672,heterogeneity_pressure,10,train,seed10/heterogeneity_pressure/episode8/step22,15,0,full
3,-21.775144577026367,-3.66011905670166,7.681732177734375,heterogeneity_pressure,10,train,seed10/heterogeneity_pressure/episode8/step22,15,1,full
5,-21.775144577026367,-3.601792573928833,11.058013916015625,heterogeneity_pressure,10,train,seed10/heterogeneity_pressure/episode8/step22,15,1,full
5,-21.775144577026367,-3.66011905670166,2.757791519165039,heterogeneity_pressure,10,train,seed10/heterogeneity_pressure/episode8/step22,15,2,full
5,-51.97251510620117,-27.609771728515625,-22.518512725830078,heterogeneity_pressure,10,train,seed10/heterogeneity_pressure/episode6/step4,15,0,full
1,-51.97251510620117,-31.595455169677734,-29.446292877197266,heterogeneity_pressure,10,train,seed10/heterogeneity_pressure/episode6/step4,15,1,full
3,-51.97251510620117,-32.502044677734375,-26.227176666259766,heterogeneity_pressure,10,train,seed10/heterogeneity_pressure/episode6/step4,15,1,full
4,-51.97251510620117,-32.502044677734375,-25.979799270629883,heterogeneity_pressure,10,train,seed10/heterogeneity_pressure/episode6/step4,15,1,full
5,-51.97251510620117,-31.995540618896484,-23.166259765625,heterogeneity_pressure,10,train,seed10/heterogeneity_pressure/episode6/step4,15,1,full
5,-51.97251510620117,-32.19270706176758,-22.208263397216797,heterogeneity_pressure,10,train,seed10/heterogeneity_pressure/episode6/step4,15,2,full
1,-29.492202758789062,-33.10894012451172,-19.55706024169922,medium,8,train,seed8/medium/episode2/step11,16,0,full
2,-29.492202758789062,-35.710018157958984,-23.011106491088867,medium,8,train,seed8/medium/episode2/step11,16,0,full
4,-29.492202758789062,-35.71991729736328,-21.41492462158203,medium,8,train,seed8/medium/episode2/step11,16,0,full
5,-29.492202758789062,-34.18324279785156,-21.68825912475586,medium,8,train,seed8/medium/episode2/step11,16,0,full
0,-29.492202758789062,-28.808088302612305,-22.381715774536133,medium,8,train,seed8/medium/episode2/step11,16,1,full
1,-29.492202758789062,-26.458133697509766,-17.357152938842773,medium,8,train,seed8/medium/episode2/step11,16,1,full
3,-29.492202758789062,-28.89006996154785,-23.84894371032715,medium,8,train,seed8/medium/episode2/step11,16,1,full
5,-29.492202758789062,-33.381927490234375,-20.016756057739258,medium,8,train,seed8/medium/episode2/step11,16,1,full
1,-29.492202758789062,-30.486421585083008,-19.146745681762695,medium,8,train,seed8/medium/episode2/step11,16,2,full
5,-29.492202758789062,-34.01565933227539,-21.665124893188477,medium,8,train,seed8/medium/episode2/step11,16,2,full
0,-35.447757720947266,-26.981813430786133,-11.073976516723633,medium,8,train,seed8/medium/episode9/step0,16,0,full
2,-35.447757720947266,-18.885452270507812,-11.871927261352539,medium,8,train,seed8/medium/episode9/step0,16,0,full
5,-35.447757720947266,-16.642976760864258,-11.372971534729004,medium,8,train,seed8/medium/episode9/step0,16,0,full
0,-35.447757720947266,-18.09736442565918,-8.532943725585938,medium,8,train,seed8/medium/episode9/step0,16,1,full
2,-35.447757720947266,-18.09736442565918,-9.61743450164795,medium,8,train,seed8/medium/episode9/step0,16,1,full
3,-35.447757720947266,-18.09736442565918,-8.36567211151123,medium,8,train,seed8/medium/episode9/step0,16,1,full
5,-35.447757720947266,-17.964075088500977,-8.754910469055176,medium,8,train,seed8/medium/episode9/step0,16,1,full
5,-35.447757720947266,-11.5684175491333,-11.743263244628906,medium,8,train,seed8/medium/episode9/step0,16,2,full
5,-33.44831466674805,-3.587488889694214,2.6911869049072266,medium,8,train,seed8/medium/episode4/step1,16,0,full
5,-33.44831466674805,-9.670360565185547,5.446113586425781,medium,8,train,seed8/medium/episode4/step1,16,1,full
3,-33.44831466674805,-10.562413215637207,-0.20449447631835938,medium,8,train,seed8/medium/episode4/step1,16,2,full
5,-33.44831466674805,-11.683401107788086,-0.8344974517822266,medium,8,train,seed8/medium/episode4/step1,16,2,full
5,-38.55025100708008,-12.062366485595703,-11.370538711547852,medium,8,validation,seed8/medium/episode4/step17,16,0,full
0,-38.55025100708008,-6.02097225189209,-19.29213523864746,medium,8,validation,seed8/medium/episode4/step17,16,1,full
1,-38.55025100708008,-4.549280643463135,-14.100053787231445,medium,8,validation,seed8/medium/episode4/step17,16,1,full
2,-38.55025100708008,-4.620107173919678,-12.374188423156738,medium,8,validation,seed8/medium/episode4/step17,16,1,full
5,-38.55025100708008,-5.573254585266113,-12.536418914794922,medium,8,validation,seed8/medium/episode4/step17,16,1,full
2,-38.55025100708008,-10.311877250671387,-10.645021438598633,medium,8,validation,seed8/medium/episode4/step17,16,2,full
5,-38.55025100708008,-12.753405570983887,-10.66128921508789,medium,8,validation,seed8/medium/episode4/step17,16,2,full
5,-31.04770278930664,-23.385412216186523,-37.86463165283203,medium,8,train,seed8/medium/episode15/step20,16,0,full
5,-31.04770278930664,-28.9300594329834,-35.036441802978516,medium,8,train,seed8/medium/episode15/step20,16,1,full
3,-31.04770278930664,-13.946529388427734,-31.337705612182617,medium,8,train,seed8/medium/episode15/step20,16,2,full
5,-31.04770278930664,-11.914278030395508,-35.21977233886719,medium,8,train,seed8/medium/episode15/step20,16,2,full
5,4.333680629730225,6.330555438995361,-5.75318717956543,medium,8,validation,seed8/medium/episode7/step36,16,0,full
5,4.333680629730225,2.202897787094116,-2.996063232421875,medium,8,validation,seed8/medium/episode7/step36,16,1,full
1,4.333680629730225,3.450153350830078,-8.862479209899902,medium,8,validation,seed8/medium/episode7/step36,16,2,full
3,4.333680629730225,2.7973337173461914,-6.018682479858398,medium,8,validation,seed8/medium/episode7/step36,16,2,full
5,4.333680629730225,1.8345015048980713,-9.74863052368164,medium,8,validation,seed8/medium/episode7/step36,16,2,full
0,-26.813440322875977,-12.698175430297852,-17.308395385742188,medium,8,train,seed8/medium/episode3/step0,16,0,full
1,-26.813440322875977,-12.2223539352417,-13.870077133178711,medium,8,train,seed8/medium/episode3/step0,16,0,full
5,-26.813440322875977,-5.456620216369629,-14.011173248291016,medium,8,train,seed8/medium/episode3/step0,16,0,full
0,-26.813440322875977,-21.449033737182617,-15.52414608001709,medium,8,train,seed8/medium/episode3/step0,16,1,full
1,-26.813440322875977,-18.53394889831543,-12.730198860168457,medium,8,train,seed8/medium/episode3/step0,16,1,full
2,-26.813440322875977,-22.274194717407227,-16.397890090942383,medium,8,train,seed8/medium/episode3/step0,16,1,full
5,-26.813440322875977,-5.57970666885376,-12.534577369689941,medium,8,train,seed8/medium/episode3/step0,16,1,full
1,-26.813440322875977,-16.29863166809082,-15.814169883728027,medium,8,train,seed8/medium/episode3/step0,16,2,full
5,-26.813440322875977,-13.24433422088623,-15.904132843017578,medium,8,train,seed8/medium/episode3/step0,16,2,full
5,-0.9851009249687195,-10.886966705322266,-17.256649017333984,medium,8,test,seed8/medium/episode17/step37,16,0,full
5,-0.9851009249687195,-8.048867225646973,-14.319429397583008,medium,8,test,seed8/medium/episode17/step37,16,1,full
2,-0.9851009249687195,-10.674211502075195,-14.426665306091309,medium,8,test,seed8/medium/episode17/step37,16,2,full
3,-0.9851009249687195,-6.5601701736450195,-14.126769065856934,medium,8,test,seed8/medium/episode17/step37,16,2,full
5,-0.9851009249687195,-10.049506187438965,-17.029556274414062,medium,8,test,seed8/medium/episode17/step37,16,2,full
5,-48.39737319946289,-21.931419372558594,-17.84359359741211,medium,8,train,seed8/medium/episode6/step19,16,0,full
5,-48.39737319946289,-14.924541473388672,-14.928269386291504,medium,8,train,seed8/medium/episode6/step19,16,1,full
0,-48.39737319946289,-13.654547691345215,-12.985533714294434,medium,8,train,seed8/medium/episode6/step19,16,2,full
5,-48.39737319946289,-8.585113525390625,-13.82639217376709,medium,8,train,seed8/medium/episode6/step19,16,2,full
5,-15.448270797729492,-10.367734909057617,-15.159821510314941,medium,8,train,seed8/medium/episode2/step20,16,0,full
5,-15.448270797729492,-13.286519050598145,-12.270186424255371,medium,8,train,seed8/medium/episode2/step20,16,1,full
2,-15.448270797729492,-13.715262413024902,-12.443078994750977,medium,8,train,seed8/medium/episode2/step20,16,2,full
5,-15.448270797729492,-15.595102310180664,-14.119046211242676,medium,8,train,seed8/medium/episode2/step20,16,2,full
5,-37.370094299316406,-8.017800331115723,-11.513345718383789,medium,8,test,seed8/medium/episode4/step15,16,0,full
0,-37.370094299316406,-11.572137832641602,-19.828590393066406,medium,8,test,seed8/medium/episode4/step15,16,1,full
1,-37.370094299316406,-5.1192755699157715,-14.591691970825195,medium,8,test,seed8/medium/episode4/step15,16,1,full
2,-37.370094299316406,-4.75659704208374,-12.74952507019043,medium,8,test,seed8/medium/episode4/step15,16,1,full
5,-37.370094299316406,-10.10085678100586,-12.670920372009277,medium,8,test,seed8/medium/episode4/step15,16,1,full
5,-37.370094299316406,-14.092737197875977,-9.400236129760742,medium,8,test,seed8/medium/episode4/step15,16,2,full
1,-37.51372528076172,-10.54308795928955,-15.274789810180664,medium,8,validation,seed8/medium/episode12/step14,16,0,full
2,-37.51372528076172,-9.292527198791504,-16.08420181274414,medium,8,validation,seed8/medium/episode12/step14,16,0,full
4,-37.51372528076172,-10.488576889038086,-14.546710014343262,medium,8,validation,seed8/medium/episode12/step14,16,0,full
5,-37.51372528076172,-0.37721431255340576,-17.149850845336914,medium,8,validation,seed8/medium/episode12/step14,16,0,full
0,-37.51372528076172,-11.632478713989258,-15.127507209777832,medium,8,validation,seed8/medium/episode12/step14,16,1,full
1,-37.51372528076172,-13.118612289428711,-11.739797592163086,medium,8,validation,seed8/medium/episode12/step14,16,1,full
4,-37.51372528076172,-10.281124114990234,-10.832269668579102,medium,8,validation,seed8/medium/episode12/step14,16,1,full
5,-37.51372528076172,-11.875988006591797,-13.96998119354248,medium,8,validation,seed8/medium/episode12/step14,16,1,full
5,-37.51372528076172,-9.637031555175781,-14.394654273986816,medium,8,validation,seed8/medium/episode12/step14,16,2,full
0,-33.2150993347168,-33.374916076660156,-26.919498443603516,medium,8,train,seed8/medium/episode2/step15,16,0,full
1,-33.2150993347168,-32.93619918823242,-21.927932739257812,medium,8,train,seed8/medium/episode2/step15,16,0,full
2,-33.2150993347168,-26.554828643798828,-24.641082763671875,medium,8,train,seed8/medium/episode2/step15,16,0,full
3,-33.2150993347168,-28.814056396484375,-27.954925537109375,medium,8,train,seed8/medium/episode2/step15,16,0,full
4,-33.2150993347168,-33.07803726196289,-23.811796188354492,medium,8,train,seed8/medium/episode2/step15,16,0,full
5,-33.2150993347168,-28.29136085510254,-24.730409622192383,medium,8,train,seed8/medium/episode2/step15,16,0,full
0,-33.2150993347168,-34.90782165527344,-25.393592834472656,medium,8,train,seed8/medium/episode2/step15,16,1,full
1,-33.2150993347168,-18.301359176635742,-20.087032318115234,medium,8,train,seed8/medium/episode2/step15,16,1,full
2,-33.2150993347168,-28.205732345581055,-23.030590057373047,medium,8,train,seed8/medium/episode2/step15,16,1,full
3,-33.2150993347168,-28.783782958984375,-26.25383186340332,medium,8,train,seed8/medium/episode2/step15,16,1,full
5,-33.2150993347168,-25.361066818237305,-23.36815643310547,medium,8,train,seed8/medium/episode2/step15,16,1,full
1,-33.2150993347168,-26.40006446838379,-21.232467651367188,medium,8,train,seed8/medium/episode2/step15,16,2,full
5,-33.2150993347168,-27.37781524658203,-24.296966552734375,medium,8,train,seed8/medium/episode2/step15,16,2,full
5,-7.551610946655273,-22.827241897583008,-19.413461685180664,medium,8,train,seed8/medium/episode7/step8,16,0,full
2,-7.551610946655273,-20.074052810668945,-18.019412994384766,medium,8,train,seed8/medium/episode7/step8,16,1,full
4,-7.551610946655273,-21.82307243347168,-13.775972366333008,medium,8,train,seed8/medium/episode7/step8,16,1,full
5,-7.551610946655273,-19.989810943603516,-13.8795747756958,medium,8,train,seed8/medium/episode7/step8,16,1,full
5,-7.551610946655273,-22.747802734375,-15.686605453491211,medium,8,train,seed8/medium/episode7/step8,16,2,full
5,-42.05026626586914,-37.09263610839844,-4.102693557739258,medium,8,test,seed8/medium/episode11/step4,16,0,full
0,-42.05026626586914,3.3420968055725098,-14.381266593933105,medium,8,test,seed8/medium/episode11/step4,16,1,full
1,-42.05026626586914,-18.884119033813477,-14.974954605102539,medium,8,test,seed8/medium/episode11/step4,16,1,full
2,-42.05026626586914,-16.048072814941406,-10.57127571105957,medium,8,test,seed8/medium/episode11/step4,16,1,full
3,-42.05026626586914,-9.627930641174316,-8.980226516723633,medium,8,test,seed8/medium/episode11/step4,16,1,full
5,-42.05026626586914,-17.162158966064453,-11.421113014221191,medium,8,test,seed8/medium/episode11/step4,16,1,full
1,-42.05026626586914,11.115246772766113,-17.823827743530273,medium,8,test,seed8/medium/episode11/step4,16,2,full
3,-42.05026626586914,11.115246772766113,-11.482731819152832,medium,8,test,seed8/medium/episode11/step4,16,2,full
5,-42.05026626586914,0.1420089602470398,-14.120835304260254,medium,8,test,seed8/medium/episode11/step4,16,2,full
0,-14.634188652038574,4.261696815490723,-4.144626617431641,time_pressure,8,train,seed8/time_pressure/episode17/step3,16,0,full
2,-14.634188652038574,5.870260715484619,-3.0781517028808594,time_pressure,8,train,seed8/time_pressure/episode17/step3,16,0,full
4,-14.634188652038574,5.920765399932861,-1.4345760345458984,time_pressure,8,train,seed8/time_pressure/episode17/step3,16,0,full
5,-14.634188652038574,10.429814338684082,-2.83184814453125,time_pressure,8,train,seed8/time_pressure/episode17/step3,16,0,full
2,-14.634188652038574,5.793713569641113,-1.6180763244628906,time_pressure,8,train,seed8/time_pressure/episode17/step3,16,1,full
4,-14.634188652038574,8.283580780029297,-0.0784149169921875,time_pressure,8,train,seed8/time_pressure/episode17/step3,16,1,full
5,-14.634188652038574,6.379310607910156,-1.602285385131836,time_pressure,8,train,seed8/time_pressure/episode17/step3,16,1,full
2,-14.634188652038574,-6.383850574493408,-4.472984313964844,time_pressure,8,train,seed8/time_pressure/episode17/step3,16,2,full
4,-14.634188652038574,-1.8439735174179077,-2.8706092834472656,time_pressure,8,train,seed8/time_pressure/episode17/step3,16,2,full
5,-14.634188652038574,-7.755964756011963,-4.719234466552734,time_pressure,8,train,seed8/time_pressure/episode17/step3,16,2,full
5,-12.54377555847168,-14.145971298217773,-24.38345718383789,time_pressure,8,train,seed8/time_pressure/episode10/step7,16,0,full
1,-12.54377555847168,-20.319665908813477,-25.864398956298828,time_pressure,8,train,seed8/time_pressure/episode10/step7,16,1,full
2,-12.54377555847168,-22.443574905395508,-22.43621826171875,time_pressure,8,train,seed8/time_pressure/episode10/step7,16,1,full
3,-12.54377555847168,-23.847597122192383,-20.165685653686523,time_pressure,8,train,seed8/time_pressure/episode10/step7,16,1,full
4,-12.54377555847168,-27.918996810913086,-25.121549606323242,time_pressure,8,train,seed8/time_pressure/episode10/step7,16,1,full
5,-12.54377555847168,-23.94202423095703,-23.08384132385254,time_pressure,8,train,seed8/time_pressure/episode10/step7,16,1,full
3,-12.54377555847168,-14.289409637451172,-17.62804412841797,time_pressure,8,train,seed8/time_pressure/episode10/step7,16,2,full
5,-12.54377555847168,-11.84142017364502,-20.48086166381836,time_pressure,8,train,seed8/time_pressure/episode10/step7,16,2,full
0,-29.865127563476562,-25.640548706054688,-31.393766403198242,time_pressure,8,validation,seed8/time_pressure/episode0/step2,16,0,full
1,-29.865127563476562,-12.728217124938965,-24.084035873413086,time_pressure,8,validation,seed8/time_pressure/episode0/step2,16,0,full
3,-29.865127563476562,-15.205229759216309,-27.90131187438965,time_pressure,8,validation,seed8/time_pressure/episode0/step2,16,0,full
5,-29.865127563476562,-1.150765061378479,-24.384048461914062,time_pressure,8,validation,seed8/time_pressure/episode0/step2,16,0,full
0,-29.865127563476562,-28.93889808654785,-33.20945739746094,time_pressure,8,validation,seed8/time_pressure/episode0/step2,16,1,full
1,-29.865127563476562,-26.039899826049805,-26.05175018310547,time_pressure,8,validation,seed8/time_pressure/episode0/step2,16,1,full
2,-29.865127563476562,-26.815553665161133,-23.376689910888672,time_pressure,8,validation,seed8/time_pressure/episode0/step2,16,1,full
4,-29.865127563476562,-25.309741973876953,-21.032594680786133,time_pressure,8,validation,seed8/time_pressure/episode0/step2,16,1,full
5,-29.865127563476562,-23.81761360168457,-26.068462371826172,time_pressure,8,validation,seed8/time_pressure/episode0/step2,16,1,full
1,-29.865127563476562,-30.156808853149414,-31.242671966552734,time_pressure,8,validation,seed8/time_pressure/episode0/step2,16,2,full
5,-29.865127563476562,-19.129053115844727,-31.374305725097656,time_pressure,8,validation,seed8/time_pressure/episode0/step2,16,2,full
5,-59.50522994995117,-74.36446380615234,-31.78374481201172,time_pressure,8,test,seed8/time_pressure/episode2/step18,16,0,full
5,-59.50522994995117,-57.90886306762695,-28.908538818359375,time_pressure,8,test,seed8/time_pressure/episode2/step18,16,1,full
0,-59.50522994995117,-61.32829284667969,-31.042762756347656,time_pressure,8,test,seed8/time_pressure/episode2/step18,16,2,full
1,-59.50522994995117,-63.19756317138672,-34.55944061279297,time_pressure,8,test,seed8/time_pressure/episode2/step18,16,2,full
3,-59.50522994995117,-53.538665771484375,-29.78194236755371,time_pressure,8,test,seed8/time_pressure/episode2/step18,16,2,full
4,-59.50522994995117,-57.24195098876953,-28.57558250427246,time_pressure,8,test,seed8/time_pressure/episode2/step18,16,2,full
5,-59.50522994995117,-65.06932067871094,-32.42389678955078,time_pressure,8,test,seed8/time_pressure/episode2/step18,16,2,full
5,-32.757591247558594,8.118378639221191,-8.084149360656738,time_pressure,8,train,seed8/time_pressure/episode16/step22,16,0,full
5,-32.757591247558594,-5.0014848709106445,-5.200990676879883,time_pressure,8,train,seed8/time_pressure/episode16/step22,16,1,full
4,-32.757591247558594,22.540985107421875,1.3615169525146484,time_pressure,8,train,seed8/time_pressure/episode16/step22,16,2,full
5,-32.757591247558594,8.338809967041016,-4.443578720092773,time_pressure,8,train,seed8/time_pressure/episode16/step22,16,2,full
5,-56.540401458740234,-56.82118606567383,-16.786043167114258,time_pressure,8,test,seed8/time_pressure/episode2/step15,16,0,full
5,-56.540401458740234,-56.65013122558594,-18.562667846679688,time_pressure,8,test,seed8/time_pressure/episode2/step15,16,1,full
0,-56.540401458740234,-53.21440887451172,-15.86756420135498,time_pressure,8,test,seed8/time_pressure/episode2/step15,16,2,full
3,-56.540401458740234,-53.21440887451172,-14.58827018737793,time_pressure,8,test,seed8/time_pressure/episode2/step15,16,2,full
4,-56.540401458740234,-53.21440887451172,-13.738709449768066,time_pressure,8,test,seed8/time_pressure/episode2/step15,16,2,full
5,-56.540401458740234,-59.69396209716797,-16.676637649536133,time_pressure,8,test,seed8/time_pressure/episode2/step15,16,2,full
0,-52.9025993347168,-32.12995529174805,-31.6979923248291,time_pressure,8,train,seed8/time_pressure/episode11/step16,16,0,full
1,-52.9025993347168,-32.06916046142578,-27.933591842651367,time_pressure,8,train,seed8/time_pressure/episode11/step16,16,0,full
2,-52.9025993347168,-26.168453216552734,-30.248830795288086,time_pressure,8,train,seed8/time_pressure/episode11/step16,16,0,full
3,-52.9025993347168,-30.01949691772461,-29.838258743286133,time_pressure,8,train,seed8/time_pressure/episode11/step16,16,0,full
4,-52.9025993347168,-28.768707275390625,-24.423337936401367,time_pressure,8,train,seed8/time_pressure/episode11/step16,16,0,full
5,-52.9025993347168,-27.733718872070312,-30.32704734802246,time_pressure,8,train,seed8/time_pressure/episode11/step16,16,0,full
5,-52.9025993347168,-15.674344062805176,-24.507841110229492,time_pressure,8,train,seed8/time_pressure/episode11/step16,16,1,full
0,-52.9025993347168,-41.60237503051758,-30.90812873840332,time_pressure,8,train,seed8/time_pressure/episode11/step16,16,2,full
1,-52.9025993347168,-49.2067756652832,-27.180204391479492,time_pressure,8,train,seed8/time_pressure/episode11/step16,16,2,full
2,-52.9025993347168,-49.2067756652832,-30.061851501464844,time_pressure,8,train,seed8/time_pressure/episode11/step16,16,2,full
4,-52.9025993347168,-49.2067756652832,-23.732467651367188,time_pressure,8,train,seed8/time_pressure/episode11/step16,16,2,full
5,-52.9025993347168,-22.799285888671875,-29.833141326904297,time_pressure,8,train,seed8/time_pressure/episode11/step16,16,2,full
0,-35.00529479980469,-41.886539459228516,-25.53522300720215,time_pressure,8,train,seed8/time_pressure/episode13/step0,16,0,full
1,-35.00529479980469,-44.126991271972656,-22.427427291870117,time_pressure,8,train,seed8/time_pressure/episode13/step0,16,0,full
3,-35.00529479980469,-44.727420806884766,-27.640674591064453,time_pressure,8,train,seed8/time_pressure/episode13/step0,16,0,full
5,-35.00529479980469,-26.63924789428711,-21.827688217163086,time_pressure,8,train,seed8/time_pressure/episode13/step0,16,0,full
1,-35.00529479980469,-34.4774169921875,-19.305017471313477,time_pressure,8,train,seed8/time_pressure/episode13/step0,16,1,full
2,-35.00529479980469,-36.44472885131836,-19.694150924682617,time_pressure,8,train,seed8/time_pressure/episode13/step0,16,1,full
3,-35.00529479980469,-36.44472885131836,-25.003684997558594,time_pressure,8,train,seed8/time_pressure/episode13/step0,16,1,full
4,-35.00529479980469,-27.2710018157959,-17.61583709716797,time_pressure,8,train,seed8/time_pressure/episode13/step0,16,1,full
5,-35.00529479980469,-19.675100326538086,-19.033403396606445,time_pressure,8,train,seed8/time_pressure/episode13/step0,16,1,full
5,-35.00529479980469,-33.321475982666016,-18.074928283691406,time_pressure,8,train,seed8/time_pressure/episode13/step0,16,2,full
5,10.870283126831055,-4.251091480255127,4.757087707519531,time_pressure,8,train,seed8/time_pressure/episode9/step35,16,0,full
5,10.870283126831055,-4.4449639320373535,7.329765319824219,time_pressure,8,train,seed8/time_pressure/episode9/step35,16,1,full
4,10.870283126831055,-7.17270040512085,12.452381134033203,time_pressure,8,train,seed8/time_pressure/episode9/step35,16,2,full
5,10.870283126831055,-11.856842041015625,7.620885848999023,time_pressure,8,train,seed8/time_pressure/episode9/step35,16,2,full
5,-14.520394325256348,1.8083842992782593,-5.659414291381836,time_pressure,8,train,seed8/time_pressure/episode15/step7,16,0,full
4,-14.520394325256348,0.6055953502655029,-0.5560054779052734,time_pressure,8,train,seed8/time_pressure/episode15/step7,16,1,full
5,-14.520394325256348,9.040234565734863,-3.2376575469970703,time_pressure,8,train,seed8/time_pressure/episode15/step7,16,1,full
5,-14.520394325256348,-3.676816463470459,-8.303949356079102,time_pressure,8,train,seed8/time_pressure/episode15/step7,16,2,full
5,-24.699077606201172,-21.053157806396484,-27.623695373535156,time_pressure,8,validation,seed8/time_pressure/episode12/step27,16,0,full
5,-24.699077606201172,-16.328664779663086,-24.67885398864746,time_pressure,8,validation,seed8/time_pressure/episode12/step27,16,1,full
0,-24.699077606201172,-19.209224700927734,-26.410947799682617,time_pressure,8,validation,seed8/time_pressure/episode12/step27,16,2,full
1,-24.699077606201172,-21.68877410888672,-26.442066192626953,time_pressure,8,validation,seed8/time_pressure/episode12/step27,16,2,full
4,-24.699077606201172,-17.343713760375977,-23.57938575744629,time_pressure,8,validation,seed8/time_pressure/episode12/step27,16,2,full
5,-24.699077606201172,-25.950592041015625,-28.890792846679688,time_pressure,8,validation,seed8/time_pressure/episode12/step27,16,2,full
5,-21.368650436401367,-26.50551414489746,-18.017044067382812,time_pressure,8,validation,seed8/time_pressure/episode8/step14,16,0,full
1,-21.368650436401367,-10.095391273498535,-16.896501541137695,time_pressure,8,validation,seed8/time_pressure/episode8/step14,16,1,full
2,-21.368650436401367,-4.6209540367126465,-17.784912109375,time_pressure,8,validation,seed8/time_pressure/episode8/step14,16,1,full
3,-21.368650436401367,-12.604879379272461,-17.128215789794922,time_pressure,8,validation,seed8/time_pressure/episode8/step14,16,1,full
4,-21.368650436401367,-4.74187707901001,-12.62332820892334,time_pressure,8,validation,seed8/time_pressure/episode8/step14,16,1,full
5,-21.368650436401367,-16.336193084716797,-16.61113929748535,time_pressure,8,validation,seed8/time_pressure/episode8/step14,16,1,full
3,-21.368650436401367,-29.64705467224121,-15.740030288696289,time_pressure,8,validation,seed8/time_pressure/episode8/step14,16,2,full
4,-21.368650436401367,-23.041860580444336,-11.613232612609863,time_pressure,8,validation,seed8/time_pressure/episode8/step14,16,2,full
5,-21.368650436401367,-44.469058990478516,-15.578407287597656,time_pressure,8,validation,seed8/time_pressure/episode8/step14,16,2,full
5,-39.77165603637695,-19.601375579833984,-8.562121391296387,time_pressure,8,test,seed8/time_pressure/episode13/step20,16,0,full
1,-39.77165603637695,-24.61168098449707,-4.094503402709961,time_pressure,8,test,seed8/time_pressure/episode13/step20,16,1,full
3,-39.77165603637695,-24.947572708129883,-5.953153610229492,time_pressure,8,test,seed8/time_pressure/episode13/step20,16,1,full
4,-39.77165603637695,-14.33698558807373,-1.2053699493408203,time_pressure,8,test,seed8/time_pressure/episode13/step20,16,1,full
5,-39.77165603637695,-16.484954833984375,-5.678920745849609,time_pressure,8,test,seed8/time_pressure/episode13/step20,16,1,full
1,-39.77165603637695,-4.6942291259765625,-8.236881256103516,time_pressure,8,test,seed8/time_pressure/episode13/step20,16,2,full
3,-39.77165603637695,-4.431199550628662,-10.165861129760742,time_pressure,8,test,seed8/time_pressure/episode13/step20,16,2,full
4,-39.77165603637695,-13.37242603302002,-5.093717575073242,time_pressure,8,test,seed8/time_pressure/episode13/step20,16,2,full
5,-39.77165603637695,-23.988494873046875,-9.674935340881348,time_pressure,8,test,seed8/time_pressure/episode13/step20,16,2,full
5,-16.282501220703125,-18.258764266967773,-20.041152954101562,time_pressure,8,train,seed8/time_pressure/episode8/step8,16,0,full
1,-16.282501220703125,-35.11442565917969,-19.5900821685791,time_pressure,8,train,seed8/time_pressure/episode8/step8,16,1,full
2,-16.282501220703125,-35.11442565917969,-21.540544509887695,time_pressure,8,train,seed8/time_pressure/episode8/step8,16,1,full
3,-16.282501220703125,-35.05192565917969,-19.759414672851562,time_pressure,8,train,seed8/time_pressure/episode8/step8,16,1,full
4,-16.282501220703125,-22.602405548095703,-15.114419937133789,time_pressure,8,train,seed8/time_pressure/episode8/step8,16,1,full
5,-16.282501220703125,-20.62894058227539,-18.644302368164062,time_pressure,8,train,seed8/time_pressure/episode8/step8,16,1,full
3,-16.282501220703125,-25.183115005493164,-16.550457000732422,time_pressure,8,train,seed8/time_pressure/episode8/step8,16,2,full
4,-16.282501220703125,-13.778369903564453,-12.102882385253906,time_pressure,8,train,seed8/time_pressure/episode8/step8,16,2,full
5,-16.282501220703125,-22.75790786743164,-15.77154541015625,time_pressure,8,train,seed8/time_pressure/episode8/step8,16,2,full
5,-27.448820114135742,-9.9039945602417,-4.960916519165039,time_pressure,8,train,seed8/time_pressure/episode2/step31,16,0,full
5,-27.448820114135742,-9.8414945602417,-2.1824302673339844,time_pressure,8,train,seed8/time_pressure/episode2/step31,16,1,full
2,-27.448820114135742,-12.16547679901123,-2.2726612091064453,time_pressure,8,train,seed8/time_pressure/episode2/step31,16,2,full
5,-27.448820114135742,-11.66547679901123,-5.281227111816406,time_pressure,8,train,seed8/time_pressure/episode2/step31,16,2,full
0,-22.217601776123047,-51.579132080078125,-27.236339569091797,heterogeneity_pressure,8,validation,seed8/heterogeneity_pressure/episode10/step11,16,0,full
1,-22.217601776123047,-34.912750244140625,-24.724090576171875,heterogeneity_pressure,8,validation,seed8/heterogeneity_pressure/episode10/step11,16,0,full
2,-22.217601776123047,-27.975473403930664,-29.81387710571289,heterogeneity_pressure,8,validation,seed8/heterogeneity_pressure/episode10/step11,16,0,full
4,-22.217601776123047,-54.25129318237305,-22.7629451751709,heterogeneity_pressure,8,validation,seed8/heterogeneity_pressure/episode10/step11,16,0,full
5,-22.217601776123047,-26.837488174438477,-26.4835205078125,heterogeneity_pressure,8,validation,seed8/heterogeneity_pressure/episode10/step11,16,0,full
5,-22.217601776123047,-64.74677276611328,-31.496007919311523,heterogeneity_pressure,8,validation,seed8/heterogeneity_pressure/episode10/step11,16,1,full
1,-22.217601776123047,-24.677980422973633,-34.36627960205078,heterogeneity_pressure,8,validation,seed8/heterogeneity_pressure/episode10/step11,16,2,full
5,-22.217601776123047,-50.53042221069336,-36.43894958496094,heterogeneity_pressure,8,validation,seed8/heterogeneity_pressure/episode10/step11,16,2,full
0,-26.131437301635742,-30.500980377197266,-34.915626525878906,heterogeneity_pressure,8,train,seed8/heterogeneity_pressure/episode0/step1,16,0,full
1,-26.131437301635742,-35.883544921875,-24.764869689941406,heterogeneity_pressure,8,train,seed8/heterogeneity_pressure/episode0/step1,16,0,full
2,-26.131437301635742,-30.806915283203125,-28.080900192260742,heterogeneity_pressure,8,train,seed8/heterogeneity_pressure/episode0/step1,16,0,full
4,-26.131437301635742,-32.82799530029297,-28.10335922241211,heterogeneity_pressure,8,train,seed8/heterogeneity_pressure/episode0/step1,16,0,full
5,-26.131437301635742,-29.249675750732422,-26.742328643798828,heterogeneity_pressure,8,train,seed8/heterogeneity_pressure/episode0/step1,16,0,full
5,-26.131437301635742,-21.092615127563477,-17.134737014770508,heterogeneity_pressure,8,train,seed8/heterogeneity_pressure/episode0/step1,16,1,full
5,-26.131437301635742,-32.49578857421875,-23.368803024291992,heterogeneity_pressure,8,train,seed8/heterogeneity_pressure/episode0/step1,16,2,full
0,-23.031288146972656,-30.436260223388672,-22.427186965942383,heterogeneity_pressure,8,train,seed8/heterogeneity_pressure/episode1/step5,16,0,full
1,-23.031288146972656,-30.843313217163086,-22.292232513427734,heterogeneity_pressure,8,train,seed8/heterogeneity_pressure/episode1/step5,16,0,full
2,-23.031288146972656,-27.491342544555664,-23.53361701965332,heterogeneity_pressure,8,train,seed8/heterogeneity_pressure/episode1/step5,16,0,full
3,-23.031288146972656,-28.615798950195312,-25.81027603149414,heterogeneity_pressure,8,train,seed8/heterogeneity_pressure/episode1/step5,16,0,full
5,-23.031288146972656,-25.739112854003906,-22.285749435424805,heterogeneity_pressure,8,train,seed8/heterogeneity_pressure/episode1/step5,16,0,full
5,-23.031288146972656,-15.78065299987793,-10.649422645568848,heterogeneity_pressure,8,train,seed8/heterogeneity_pressure/episode1/step5,16,1,full
5,-23.031288146972656,-24.654285430908203,-15.389052391052246,heterogeneity_pressure,8,train,seed8/heterogeneity_pressure/episode1/step5,16,2,full
5,-20.239990234375,-24.729141235351562,-2.113262176513672,heterogeneity_pressure,8,validation,seed8/heterogeneity_pressure/episode7/step14,16,0,full
0,-20.239990234375,-39.66286849975586,-1.8120098114013672,heterogeneity_pressure,8,validation,seed8/heterogeneity_pressure/episode7/step14,16,1,full
1,-20.239990234375,-48.14617919921875,-3.750499725341797,heterogeneity_pressure,8,validation,seed8/heterogeneity_pressure/episode7/step14,16,1,full
2,-20.239990234375,-48.14617919921875,-1.5021781921386719,heterogeneity_pressure,8,validation,seed8/heterogeneity_pressure/episode7/step14,16,1,full
3,-20.239990234375,-42.71379089355469,-2.925539016723633,heterogeneity_pressure,8,validation,seed8/heterogeneity_pressure/episode7/step14,16,1,full
5,-20.239990234375,-34.807987213134766,-1.149881362915039,heterogeneity_pressure,8,validation,seed8/heterogeneity_pressure/episode7/step14,16,1,full
5,-20.239990234375,-41.03832244873047,1.6402931213378906,heterogeneity_pressure,8,validation,seed8/heterogeneity_pressure/episode7/step14,16,2,full
5,-53.74814987182617,-15.408243179321289,-20.244770050048828,heterogeneity_pressure,8,train,seed8/heterogeneity_pressure/episode4/step41,16,0,full
5,-53.74814987182617,-12.455791473388672,-17.73004150390625,heterogeneity_pressure,8,train,seed8/heterogeneity_pressure/episode4/step41,16,1,full
2,-53.74814987182617,-13.761735916137695,-16.163904190063477,heterogeneity_pressure,8,train,seed8/heterogeneity_pressure/episode4/step41,16,2,full
4,-53.74814987182617,-13.072408676147461,-11.572473526000977,heterogeneity_pressure,8,train,seed8/heterogeneity_pressure/episode4/step41,16,2,full
5,-53.74814987182617,-13.733016967773438,-19.434574127197266,heterogeneity_pressure,8,train,seed8/heterogeneity_pressure/episode4/step41,16,2,full
5,-44.25516128540039,-20.439416885375977,-29.126667022705078,heterogeneity_pressure,8,test,seed8/heterogeneity_pressure/episode4/step28,16,0,full
5,-44.25516128540039,-16.284255981445312,-26.569337844848633,heterogeneity_pressure,8,test,seed8/heterogeneity_pressure/episode4/step28,16,1,full
3,-44.25516128540039,-18.03166389465332,-23.05135154724121,heterogeneity_pressure,8,test,seed8/heterogeneity_pressure/episode4/step28,16,2,full
4,-44.25516128540039,-25.132131576538086,-19.345428466796875,heterogeneity_pressure,8,test,seed8/heterogeneity_pressure/episode4/step28,16,2,full
5,-44.25516128540039,-35.15403366088867,-25.723966598510742,heterogeneity_pressure,8,test,seed8/heterogeneity_pressure/episode4/step28,16,2,full
5,4.426466464996338,2.1517786979675293,7.078033447265625,heterogeneity_pressure,8,test,seed8/heterogeneity_pressure/episode8/step41,16,0,full
5,4.426466464996338,0.4348887801170349,9.363887786865234,heterogeneity_pressure,8,test,seed8/heterogeneity_pressure/episode8/step41,16,1,full
0,4.426466464996338,-0.22265611588954926,8.384956359863281,heterogeneity_pressure,8,test,seed8/heterogeneity_pressure/episode8/step41,16,2,full
5,4.426466464996338,-0.23812775313854218,7.112703323364258,heterogeneity_pressure,8,test,seed8/heterogeneity_pressure/episode8/step41,16,2,full
5,-20.031503677368164,-0.540927529335022,-1.1606330871582031,heterogeneity_pressure,8,train,seed8/heterogeneity_pressure/episode5/step47,16,0,full
5,-20.031503677368164,0.007023833692073822,1.2431392669677734,heterogeneity_pressure,8,train,seed8/heterogeneity_pressure/episode5/step47,16,1,full
1,-20.031503677368164,-0.665927529335022,-2.1213035583496094,heterogeneity_pressure,8,train,seed8/heterogeneity_pressure/episode5/step47,16,2,full
5,-20.031503677368164,-0.4459399878978729,-5.991397857666016,heterogeneity_pressure,8,train,seed8/heterogeneity_pressure/episode5/step47,16,2,full
5,-10.722909927368164,0.4606660008430481,5.793529510498047,heterogeneity_pressure,8,train,seed8/heterogeneity_pressure/episode2/step49,16,0,full
5,-10.722909927368164,-0.10000000149011612,8.129768371582031,heterogeneity_pressure,8,train,seed8/heterogeneity_pressure/episode2/step49,16,1,full
4,-10.722909927368164,2.2676639556884766,15.166614532470703,heterogeneity_pressure,8,train,seed8/heterogeneity_pressure/episode2/step49,16,2,full
5,-10.722909927368164,-0.10000000149011612,8.363834381103516,heterogeneity_pressure,8,train,seed8/heterogeneity_pressure/episode2/step49,16,2,full
1,-44.46287536621094,-45.17937088012695,-31.099864959716797,heterogeneity_pressure,8,train,seed8/heterogeneity_pressure/episode9/step3,16,0,full
2,-44.46287536621094,-41.17977523803711,-27.361652374267578,heterogeneity_pressure,8,train,seed8/heterogeneity_pressure/episode9/step3,16,0,full
4,-44.46287536621094,-45.592979431152344,-24.646068572998047,heterogeneity_pressure,8,train,seed8/heterogeneity_pressure/episode9/step3,16,0,full
5,-44.46287536621094,-29.654233932495117,-29.13747787475586,heterogeneity_pressure,8,train,seed8/heterogeneity_pressure/episode9/step3,16,0,full
1,-44.46287536621094,-33.3438720703125,-28.228546142578125,heterogeneity_pressure,8,train,seed8/heterogeneity_pressure/episode9/step3,16,1,full
2,-44.46287536621094,-32.95407485961914,-24.538494110107422,heterogeneity_pressure,8,train,seed8/heterogeneity_pressure/episode9/step3,16,1,full
4,-44.46287536621094,-29.453737258911133,-21.621654510498047,heterogeneity_pressure,8,train,seed8/heterogeneity_pressure/episode9/step3,16,1,full
5,-44.46287536621094,-31.395183563232422,-26.646883010864258,heterogeneity_pressure,8,train,seed8/heterogeneity_pressure/episode9/step3,16,1,full
5,-44.46287536621094,-34.88938522338867,-27.01404571533203,heterogeneity_pressure,8,train,seed8/heterogeneity_pressure/episode9/step3,16,2,full
5,-42.721309661865234,-33.07182312011719,-25.551767349243164,heterogeneity_pressure,8,validation,seed8/heterogeneity_pressure/episode15/step15,16,0,full
5,-42.721309661865234,-29.22667121887207,-23.038284301757812,heterogeneity_pressure,8,validation,seed8/heterogeneity_pressure/episode15/step15,16,1,full
1,-42.721309661865234,-35.59503173828125,-29.067596435546875,heterogeneity_pressure,8,validation,seed8/heterogeneity_pressure/episode15/step15,16,2,full
5,-42.721309661865234,-36.510955810546875,-27.475175857543945,heterogeneity_pressure,8,validation,seed8/heterogeneity_pressure/episode15/step15,16,2,full
5,-41.89836502075195,-28.442615509033203,-26.077722549438477,heterogeneity_pressure,8,train,seed8/heterogeneity_pressure/episode9/step12,16,0,full
0,-41.89836502075195,-24.136560440063477,-23.76130485534668,heterogeneity_pressure,8,train,seed8/heterogeneity_pressure/episode9/step12,16,1,full
1,-41.89836502075195,-19.18574333190918,-23.669466018676758,heterogeneity_pressure,8,train,seed8/heterogeneity_pressure/episode9/step12,16,1,full
3,-41.89836502075195,-23.005014419555664,-22.14426040649414,heterogeneity_pressure,8,train,seed8/heterogeneity_pressure/episode9/step12,16,1,full
4,-41.89836502075195,-24.436819076538086,-16.633281707763672,heterogeneity_pressure,8,train,seed8/heterogeneity_pressure/episode9/step12,16,1,full
5,-41.89836502075195,-19.98539924621582,-23.302745819091797,heterogeneity_pressure,8,train,seed8/heterogeneity_pressure/episode9/step12,16,1,full
4,-41.89836502075195,-29.748361587524414,-14.606285095214844,heterogeneity_pressure,8,train,seed8/heterogeneity_pressure/episode9/step12,16,2,full
5,-41.89836502075195,-32.11484909057617,-20.930130004882812,heterogeneity_pressure,8,train,seed8/heterogeneity_pressure/episode9/step12,16,2,full
5,-14.050912857055664,-0.8201633095741272,-0.9103145599365234,heterogeneity_pressure,8,train,seed8/heterogeneity_pressure/episode5/step40,16,0,full
5,-14.050912857055664,-1.115088939666748,1.5138473510742188,heterogeneity_pressure,8,train,seed8/heterogeneity_pressure/episode5/step40,16,1,full
1,-14.050912857055664,-1.3136887550354004,-1.4955577850341797,heterogeneity_pressure,8,train,seed8/heterogeneity_pressure/episode5/step40,16,2,full
5,-14.050912857055664,-1.5664178133010864,-4.417224884033203,heterogeneity_pressure,8,train,seed8/heterogeneity_pressure/episode5/step40,16,2,full
5,-41.35121154785156,-18.37588882446289,-11.835887908935547,heterogeneity_pressure,8,train,seed8/heterogeneity_pressure/episode3/step30,16,0,full
5,-41.35121154785156,-20.48017120361328,-9.232290267944336,heterogeneity_pressure,8,train,seed8/heterogeneity_pressure/episode3/step30,16,1,full
3,-41.35121154785156,-22.882488250732422,-9.268017768859863,heterogeneity_pressure,8,train,seed8/heterogeneity_pressure/episode3/step30,16,2,full
5,-41.35121154785156,-23.39225959777832,-9.928263664245605,heterogeneity_pressure,8,train,seed8/heterogeneity_pressure/episode3/step30,16,2,full
5,-13.094359397888184,-29.47755241394043,-28.92314338684082,heterogeneity_pressure,8,test,seed8/heterogeneity_pressure/episode16/step11,16,0,full
0,-13.094359397888184,-37.5859489440918,-34.0919075012207,heterogeneity_pressure,8,test,seed8/heterogeneity_pressure/episode16/step11,16,1,full
1,-13.094359397888184,-27.50814437866211,-30.614200592041016,heterogeneity_pressure,8,test,seed8/heterogeneity_pressure/episode16/step11,16,1,full
4,-13.094359397888184,-35.097530364990234,-26.070575714111328,heterogeneity_pressure,8,test,seed8/heterogeneity_pressure/episode16/step11,16,1,full
5,-13.094359397888184,-42.76420211791992,-27.381227493286133,heterogeneity_pressure,8,test,seed8/heterogeneity_pressure/episode16/step11,16,1,full
4,-13.094359397888184,-35.98424530029297,-24.054039001464844,heterogeneity_pressure,8,test,seed8/heterogeneity_pressure/episode16/step11,16,2,full
5,-13.094359397888184,-31.61025619506836,-25.714698791503906,heterogeneity_pressure,8,test,seed8/heterogeneity_pressure/episode16/step11,16,2,full
5,-35.68598556518555,-55.87950897216797,-17.655059814453125,medium,10,validation,seed10/medium/episode7/step5,16,0,full
0,-35.68598556518555,-60.30918502807617,-25.15719985961914,medium,10,validation,seed10/medium/episode7/step5,16,1,full
1,-35.68598556518555,-55.957305908203125,-23.871904373168945,medium,10,validation,seed10/medium/episode7/step5,16,1,full
2,-35.68598556518555,-55.957305908203125,-26.26551055908203,medium,10,validation,seed10/medium/episode7/step5,16,1,full
3,-35.68598556518555,-60.55872344970703,-22.314510345458984,medium,10,validation,seed10/medium/episode7/step5,16,1,full
4,-35.68598556518555,-55.957305908203125,-22.099374771118164,medium,10,validation,seed10/medium/episode7/step5,16,1,full
5,-35.68598556518555,-52.83570098876953,-22.271928787231445,medium,10,validation,seed10/medium/episode7/step5,16,1,full
0,-35.68598556518555,-66.3775863647461,-31.85780906677246,medium,10,validation,seed10/medium/episode7/step5,16,2,full
3,-35.68598556518555,-66.3775863647461,-29.223115921020508,medium,10,validation,seed10/medium/episode7/step5,16,2,full
5,-35.68598556518555,-47.52043533325195,-29.354379653930664,medium,10,validation,seed10/medium/episode7/step5,16,2,full
5,-41.86380386352539,-31.02754020690918,-12.983221054077148,medium,10,train,seed10/medium/episode15/step24,16,0,full
5,-41.86380386352539,-26.491273880004883,-10.119584083557129,medium,10,train,seed10/medium/episode15/step24,16,1,full
0,-41.86380386352539,-23.024757385253906,-20.325571060180664,medium,10,train,seed10/medium/episode15/step24,16,2,full
1,-41.86380386352539,-22.034337997436523,-16.26180648803711,medium,10,train,seed10/medium/episode15/step24,16,2,full
3,-41.86380386352539,-22.377193450927734,-16.244384765625,medium,10,train,seed10/medium/episode15/step24,16,2,full
5,-41.86380386352539,-24.454883575439453,-17.877349853515625,medium,10,train,seed10/medium/episode15/step24,16,2,full
4,-15.354440689086914,-2.157315969467163,13.873001098632812,medium,10,train,seed10/medium/episode1/step16,16,0,full
5,-15.354440689086914,-3.736421585083008,14.638385772705078,medium,10,train,seed10/medium/episode1/step16,16,0,full
5,-15.354440689086914,-10.530824661254883,3.459299087524414,medium,10,train,seed10/medium/episode1/step16,16,1,full
5,-15.354440689086914,-13.574185371398926,4.31993293762207,medium,10,train,seed10/medium/episode1/step16,16,2,full
5,-55.76152038574219,-31.1512451171875,-29.775114059448242,medium,10,train,seed10/medium/episode10/step22,16,0,full
5,-55.76152038574219,-32.70480728149414,-26.93117904663086,medium,10,train,seed10/medium/episode10/step22,16,1,full
1,-55.76152038574219,-22.69593048095703,-30.424823760986328,medium,10,train,seed10/medium/episode10/step22,16,2,full
3,-55.76152038574219,-25.175235748291016,-30.832618713378906,medium,10,train,seed10/medium/episode10/step22,16,2,full
4,-55.76152038574219,-22.688711166381836,-25.79483985900879,medium,10,train,seed10/medium/episode10/step22,16,2,full
5,-55.76152038574219,-27.154003143310547,-32.33721923828125,medium,10,train,seed10/medium/episode10/step22,16,2,full
5,-50.72065734863281,-19.28573989868164,-28.659313201904297,medium,10,train,seed10/medium/episode8/step18,16,0,full
5,-50.72065734863281,-17.641267776489258,-25.81062126159668,medium,10,train,seed10/medium/episode8/step18,16,1,full
3,-50.72065734863281,-20.39323616027832,-21.991680145263672,medium,10,train,seed10/medium/episode8/step18,16,2,full
5,-50.72065734863281,-18.16260528564453,-25.109479904174805,medium,10,train,seed10/medium/episode8/step18,16,2,full
5,-40.21684265136719,-1.3780397176742554,-3.180410385131836,medium,10,test,seed10/medium/episode5/step26,16,0,full
5,-40.21684265136719,-1.896801233291626,-0.3090991973876953,medium,10,test,seed10/medium/episode5/step26,16,1,full
3,-40.21684265136719,-1.8980512619018555,-2.946928024291992,medium,10,test,seed10/medium/episode5/step26,16,2,full
5,-40.21684265136719,-1.9039369821548462,-3.532632827758789,medium,10,test,seed10/medium/episode5/step26,16,2,full
0,-38.125389099121094,-22.54469108581543,-29.702014923095703,medium,10,test,seed10/medium/episode4/step0,16,0,full
1,-38.125389099121094,-28.730648040771484,-28.182889938354492,medium,10,test,seed10/medium/episode4/step0,16,0,full
2,-38.125389099121094,-34.44580841064453,-32.78669738769531,medium,10,test,seed10/medium/episode4/step0,16,0,full
5,-38.125389099121094,-28.73064613342285,-26.28687858581543,medium,10,test,seed10/medium/episode4/step0,16,0,full
0,-38.125389099121094,-20.424787521362305,-27.175941467285156,medium,10,test,seed10/medium/episode4/step0,16,1,full
1,-38.125389099121094,-23.55385398864746,-25.455223083496094,medium,10,test,seed10/medium/episode4/step0,16,1,full
2,-38.125389099121094,-23.55385398864746,-29.994571685791016,medium,10,test,seed10/medium/episode4/step0,16,1,full
5,-38.125389099121094,-17.332595825195312,-23.402009963989258,medium,10,test,seed10/medium/episode4/step0,16,1,full
5,-38.125389099121094,-14.990696907043457,-21.392940521240234,medium,10,test,seed10/medium/episode4/step0,16,2,full
1,-43.29454803466797,-24.99823570251465,-34.061588287353516,medium,10,train,seed10/medium/episode10/step5,16,0,full
2,-43.29454803466797,-27.326887130737305,-35.307861328125,medium,10,train,seed10/medium/episode10/step5,16,0,full
4,-43.29454803466797,-27.326887130737305,-30.300241470336914,medium,10,train,seed10/medium/episode10/step5,16,0,full
5,-43.29454803466797,-26.53093147277832,-33.67902374267578,medium,10,train,seed10/medium/episode10/step5,16,0,full
5,-43.29454803466797,-31.026714324951172,-24.66064453125,medium,10,train,seed10/medium/episode10/step5,16,1,full
5,-43.29454803466797,-21.823978424072266,-28.388919830322266,medium,10,train,seed10/medium/episode10/step5,16,2,full
5,-52.20142364501953,-14.420633316040039,-23.489084243774414,medium,10,test,seed10/medium/episode8/step30,16,0,full
5,-52.20142364501953,-15.110915184020996,-20.611154556274414,medium,10,test,seed10/medium/episode8/step30,16,1,full
4,-52.20142364501953,-15.294081687927246,-14.855706214904785,medium,10,test,seed10/medium/episode8/step30,16,2,full
5,-52.20142364501953,-15.901695251464844,-20.70342254638672,medium,10,test,seed10/medium/episode8/step30,16,2,full
1,-36.333717346191406,-24.703922271728516,-24.638710021972656,medium,10,validation,seed10/medium/episode11/step2,16,0,full
2,-36.333717346191406,-25.797178268432617,-20.816829681396484,medium,10,validation,seed10/medium/episode11/step2,16,0,full
3,-36.333717346191406,-26.191118240356445,-27.719968795776367,medium,10,validation,seed10/medium/episode11/step2,16,0,full
5,-36.333717346191406,-26.371273040771484,-20.910884857177734,medium,10,validation,seed10/medium/episode11/step2,16,0,full
2,-36.333717346191406,-18.616596221923828,-12.340433120727539,medium,10,validation,seed10/medium/episode11/step2,16,1,full
4,-36.333717346191406,-20.727283477783203,-8.310341835021973,medium,10,validation,seed10/medium/episode11/step2,16,1,full
5,-36.333717346191406,-20.96011734008789,-12.299860000610352,medium,10,validation,seed10/medium/episode11/step2,16,1,full
5,-36.333717346191406,-14.309948921203613,-15.14365005493164,medium,10,validation,seed10/medium/episode11/step2,16,2,full
5,-54.48463439941406,-39.168922424316406,-26.583105087280273,medium,10,train,seed10/medium/episode3/step17,16,0,full
5,-54.48463439941406,-36.869503021240234,-23.735509872436523,medium,10,train,seed10/medium/episode3/step17,16,1,full
1,-54.48463439941406,-30.206525802612305,-29.219289779663086,medium,10,train,seed10/medium/episode3/step17,16,2,full
5,-54.48463439941406,-30.34027862548828,-31.284202575683594,medium,10,train,seed10/medium/episode3/step17,16,2,full
5,-51.40619659423828,-14.173257827758789,-11.379186630249023,medium,10,train,seed10/medium/episode12/step3,16,0,full
0,-51.40619659423828,-15.643163681030273,-19.350265502929688,medium,10,train,seed10/medium/episode12/step3,16,1,full
1,-51.40619659423828,-21.415624618530273,-19.816028594970703,medium,10,train,seed10/medium/episode12/step3,16,1,full
2,-51.40619659423828,-16.50662612915039,-20.647619247436523,medium,10,train,seed10/medium/episode12/step3,16,1,full
4,-51.40619659423828,-17.357559204101562,-17.883068084716797,medium,10,train,seed10/medium/episode12/step3,16,1,full
5,-51.40619659423828,-25.153074264526367,-16.91253662109375,medium,10,train,seed10/medium/episode12/step3,16,1,full
5,-51.40619659423828,-24.997943878173828,-14.757553100585938,medium,10,train,seed10/medium/episode12/step3,16,2,full
5,-31.546545028686523,-9.02413272857666,-8.33464527130127,medium,10,train,seed10/medium/episode5/step12,16,0,full
5,-31.546545028686523,-14.530287742614746,-5.365547180175781,medium,10,train,seed10/medium/episode5/step12,16,1,full
3,-31.546545028686523,-9.952210426330566,-5.287418365478516,medium,10,train,seed10/medium/episode5/step12,16,2,full
5,-31.546545028686523,-1.920183777809143,-4.840719223022461,medium,10,train,seed10/medium/episode5/step12,16,2,full
5,-37.825347900390625,1.0332249402999878,-28.853267669677734,medium,10,validation,seed10/medium/episode9/step13,16,0,full
5,-37.825347900390625,-0.4318791627883911,-26.00946617126465,medium,10,validation,seed10/medium/episode9/step13,16,1,full
1,-37.825347900390625,-4.53907585144043,-28.72032356262207,medium,10,validation,seed10/medium/episode9/step13,16,2,full
5,-37.825347900390625,-4.579248905181885,-31.31793212890625,medium,10,validation,seed10/medium/episode9/step13,16,2,full
5,-11.840337753295898,7.620176315307617,14.586769104003906,medium,10,train,seed10/medium/episode1/step40,16,0,full
5,-11.840337753295898,7.128280162811279,16.93710708618164,medium,10,train,seed10/medium/episode1/step40,16,1,full
1,-11.840337753295898,6.893083572387695,15.805194854736328,medium,10,train,seed10/medium/episode1/step40,16,2,full
5,-11.840337753295898,3.765859365463257,13.09591293334961,medium,10,train,seed10/medium/episode1/step40,16,2,full
0,-32.780826568603516,-36.680728912353516,-13.2891206741333,time_pressure,10,train,seed10/time_pressure/episode17/step4,16,0,full
1,-32.780826568603516,-18.68159294128418,-9.902975082397461,time_pressure,10,train,seed10/time_pressure/episode17/step4,16,0,full
2,-32.780826568603516,-6.104510307312012,-9.209930419921875,time_pressure,10,train,seed10/time_pressure/episode17/step4,16,0,full
3,-32.780826568603516,-21.79892921447754,-9.141206741333008,time_pressure,10,train,seed10/time_pressure/episode17/step4,16,0,full
4,-32.780826568603516,-29.252639770507812,-6.617387771606445,time_pressure,10,train,seed10/time_pressure/episode17/step4,16,0,full
5,-32.780826568603516,-28.6420955657959,-10.528627395629883,time_pressure,10,train,seed10/time_pressure/episode17/step4,16,0,full
0,-32.780826568603516,0.32874318957328796,-10.625458717346191,time_pressure,10,train,seed10/time_pressure/episode17/step4,16,1,full
1,-32.780826568603516,0.32874318957328796,-7.087200164794922,time_pressure,10,train,seed10/time_pressure/episode17/step4,16,1,full
2,-32.780826568603516,12.691333770751953,-5.828960418701172,time_pressure,10,train,seed10/time_pressure/episode17/step4,16,1,full
3,-32.780826568603516,0.47014516592025757,-6.0618896484375,time_pressure,10,train,seed10/time_pressure/episode17/step4,16,1,full
4,-32.780826568603516,13.072425842285156,-3.2683277130126953,time_pressure,10,train,seed10/time_pressure/episode17/step4,16,1,full
5,-32.780826568603516,-16.217052459716797,-7.590085983276367,time_pressure,10,train,seed10/time_pressure/episode17/step4,16,1,full
2,-32.780826568603516,-8.995748519897461,-6.331203460693359,time_pressure,10,train,seed10/time_pressure/episode17/step4,16,2,full
3,-32.780826568603516,-8.37341594696045,-6.0388336181640625,time_pressure,10,train,seed10/time_pressure/episode17/step4,16,2,full
5,-32.780826568603516,-8.69400405883789,-7.672502517700195,time_pressure,10,train,seed10/time_pressure/episode17/step4,16,2,full
5,-12.364377975463867,-0.23333290219306946,-13.844490051269531,time_pressure,10,train,seed10/time_pressure/episode2/step16,16,0,full
5,-12.364377975463867,-20.81153106689453,-11.060577392578125,time_pressure,10,train,seed10/time_pressure/episode2/step16,16,1,full
4,-12.364377975463867,-4.30639123916626,-4.419294357299805,time_pressure,10,train,seed10/time_pressure/episode2/step16,16,2,full
5,-12.364377975463867,-1.2189213037490845,-9.757759094238281,time_pressure,10,train,seed10/time_pressure/episode2/step16,16,2,full
0,-33.68705749511719,-38.635337829589844,-17.505695343017578,time_pressure,10,test,seed10/time_pressure/episode13/step2,16,0,full
2,-33.68705749511719,-32.22697830200195,-17.91234588623047,time_pressure,10,test,seed10/time_pressure/episode13/step2,16,0,full
4,-33.68705749511719,-33.35552215576172,-15.637358665466309,time_pressure,10,test,seed10/time_pressure/episode13/step2,16,0,full
5,-33.68705749511719,-31.707569122314453,-15.491354942321777,time_pressure,10,test,seed10/time_pressure/episode13/step2,16,0,full
1,-33.68705749511719,-24.88421058654785,-19.84524917602539,time_pressure,10,test,seed10/time_pressure/episode13/step2,16,1,full
2,-33.68705749511719,-24.577547073364258,-20.70319366455078,time_pressure,10,test,seed10/time_pressure/episode13/step2,16,1,full
5,-33.68705749511719,-24.018342971801758,-18.126811981201172,time_pressure,10,test,seed10/time_pressure/episode13/step2,16,1,full
5,-33.68705749511719,-30.824386596679688,-15.611321449279785,time_pressure,10,test,seed10/time_pressure/episode13/step2,16,2,full
5,-33.07527542114258,-39.6837272644043,-22.039318084716797,time_pressure,10,train,seed10/time_pressure/episode7/step9,16,0,full
1,-33.07527542114258,-26.42143440246582,-22.768508911132812,time_pressure,10,train,seed10/time_pressure/episode7/step9,16,1,full
2,-33.07527542114258,-36.100372314453125,-21.86726951599121,time_pressure,10,train,seed10/time_pressure/episode7/step9,16,1,full
4,-33.07527542114258,-26.61481475830078,-21.647817611694336,time_pressure,10,train,seed10/time_pressure/episode7/step9,16,1,full
5,-33.07527542114258,-36.14894485473633,-21.752140045166016,time_pressure,10,train,seed10/time_pressure/episode7/step9,16,1,full
1,-33.07527542114258,-46.95102310180664,-36.872493743896484,time_pressure,10,train,seed10/time_pressure/episode7/step9,16,2,full
5,-33.07527542114258,-42.86922836303711,-36.086204528808594,time_pressure,10,train,seed10/time_pressure/episode7/step9,16,2,full
1,-29.5692138671875,-21.90455436706543,-24.068117141723633,time_pressure,10,train,seed10/time_pressure/episode6/step2,16,0,full
3,-29.5692138671875,-23.093769073486328,-20.246889114379883,time_pressure,10,train,seed10/time_pressure/episode6/step2,16,0,full
4,-29.5692138671875,-21.747642517089844,-20.144561767578125,time_pressure,10,train,seed10/time_pressure/episode6/step2,16,0,full
5,-29.5692138671875,-24.489959716796875,-21.09484100341797,time_pressure,10,train,seed10/time_pressure/episode6/step2,16,0,full
1,-29.5692138671875,-26.203153610229492,-21.71248435974121,time_pressure,10,train,seed10/time_pressure/episode6/step2,16,1,full
3,-29.5692138671875,-26.203153610229492,-17.752647399902344,time_pressure,10,train,seed10/time_pressure/episode6/step2,16,1,full
5,-29.5692138671875,-28.36974334716797,-18.396747589111328,time_pressure,10,train,seed10/time_pressure/episode6/step2,16,1,full
5,-29.5692138671875,-34.7044792175293,-22.356595993041992,time_pressure,10,train,seed10/time_pressure/episode6/step2,16,2,full
5,-44.84532165527344,-17.421295166015625,-52.14201354980469,time_pressure,10,train,seed10/time_pressure/episode16/step9,16,0,full
5,-44.84532165527344,-65.22337341308594,-49.5416145324707,time_pressure,10,train,seed10/time_pressure/episode16/step9,16,1,full
0,-44.84532165527344,-73.95187377929688,-55.5113639831543,time_pressure,10,train,seed10/time_pressure/episode16/step9,16,2,full
1,-44.84532165527344,-65.7739028930664,-52.686363220214844,time_pressure,10,train,seed10/time_pressure/episode16/step9,16,2,full
4,-44.84532165527344,-71.34691619873047,-49.971290588378906,time_pressure,10,train,seed10/time_pressure/episode16/step9,16,2,full
5,-44.84532165527344,-70.97869873046875,-54.31037902832031,time_pressure,10,train,seed10/time_pressure/episode16/step9,16,2,full
5,-46.35187911987305,-77.09550476074219,-52.34292221069336,time_pressure,10,train,seed10/time_pressure/episode16/step10,16,0,full
5,-46.35187911987305,-59.04667663574219,-49.740760803222656,time_pressure,10,train,seed10/time_pressure/episode16/step10,16,1,full
0,-46.35187911987305,-82.70098114013672,-55.89384460449219,time_pressure,10,train,seed10/time_pressure/episode16/step10,16,2,full
1,-46.35187911987305,-66.52872467041016,-53.19805145263672,time_pressure,10,train,seed10/time_pressure/episode16/step10,16,2,full
4,-46.35187911987305,-72.26375579833984,-50.50495910644531,time_pressure,10,train,seed10/time_pressure/episode16/step10,16,2,full
5,-46.35187911987305,-72.59828186035156,-54.90104293823242,time_pressure,10,train,seed10/time_pressure/episode16/step10,16,2,full
5,-30.79086685180664,-8.568219184875488,-21.982099533081055,time_pressure,10,validation,seed10/time_pressure/episode15/step14,16,0,full
5,-30.79086685180664,-12.198286056518555,-19.091503143310547,time_pressure,10,validation,seed10/time_pressure/episode15/step14,16,1,full
1,-30.79086685180664,-6.0362982749938965,-26.60492515563965,time_pressure,10,validation,seed10/time_pressure/episode15/step14,16,2,full
5,-30.79086685180664,-6.082505226135254,-25.330524444580078,time_pressure,10,validation,seed10/time_pressure/episode15/step14,16,2,full
5,-35.37253189086914,-51.63031005859375,-27.343135833740234,time_pressure,10,test,seed10/time_pressure/episode7/step12,16,0,full
5,-35.37253189086914,-48.780174255371094,-24.4592342376709,time_pressure,10,test,seed10/time_pressure/episode7/step12,16,1,full
1,-35.37253189086914,-43.77391815185547,-31.055524826049805,time_pressure,10,test,seed10/time_pressure/episode7/step12,16,2,full
4,-35.37253189086914,-35.68687057495117,-29.702518463134766,time_pressure,10,test,seed10/time_pressure/episode7/step12,16,2,full
5,-35.37253189086914,-43.95708465576172,-30.47198486328125,time_pressure,10,test,seed10/time_pressure/episode7/step12,16,2,full
5,-54.286766052246094,-49.65937805175781,-46.115108489990234,time_pressure,10,train,seed10/time_pressure/episode4/step12,16,0,full
5,-54.286766052246094,-61.54647445678711,-43.4279670715332,time_pressure,10,train,seed10/time_pressure/episode4/step12,16,1,full
2,-54.286766052246094,-65.97720336914062,-44.67973709106445,time_pressure,10,train,seed10/time_pressure/episode4/step12,16,2,full
3,-54.286766052246094,-70.48692321777344,-47.386695861816406,time_pressure,10,train,seed10/time_pressure/episode4/step12,16,2,full
5,-54.286766052246094,-65.97906494140625,-47.015541076660156,time_pressure,10,train,seed10/time_pressure/episode4/step12,16,2,full
5,-13.580699920654297,-43.26108932495117,-26.214599609375,time_pressure,10,validation,seed10/time_pressure/episode10/step14,16,0,full
5,-13.580699920654297,-36.904335021972656,-23.3448486328125,time_pressure,10,validation,seed10/time_pressure/episode10/step14,16,1,full
1,-13.580699920654297,-37.1174430847168,-32.04434585571289,time_pressure,10,validation,seed10/time_pressure/episode10/step14,16,2,full
5,-13.580699920654297,-33.564735412597656,-29.58978843688965,time_pressure,10,validation,seed10/time_pressure/episode10/step14,16,2,full
5,-10.575489044189453,-17.48856544494629,-24.70638656616211,time_pressure,10,validation,seed10/time_pressure/episode10/step8,16,0,full
5,-10.575489044189453,-14.4224853515625,-21.847923278808594,time_pressure,10,validation,seed10/time_pressure/episode10/step8,16,1,full
1,-10.575489044189453,-18.692123413085938,-30.345687866210938,time_pressure,10,validation,seed10/time_pressure/episode10/step8,16,2,full
5,-10.575489044189453,-18.807222366333008,-26.2902889251709,time_pressure,10,validation,seed10/time_pressure/episode10/step8,16,2,full
1,-28.793285369873047,-31.893980026245117,-19.06244659423828,time_pressure,10,train,seed10/time_pressure/episode3/step7,16,0,full
2,-28.793285369873047,-30.205974578857422,-20.011316299438477,time_pressure,10,train,seed10/time_pressure/episode3/step7,16,0,full
5,-28.793285369873047,-24.612285614013672,-18.94634246826172,time_pressure,10,train,seed10/time_pressure/episode3/step7,16,0,full
5,-28.793285369873047,-1.5589079856872559,-6.904384613037109,time_pressure,10,train,seed10/time_pressure/episode3/step7,16,1,full
1,-28.793285369873047,-20.561504364013672,-17.246858596801758,time_pressure,10,train,seed10/time_pressure/episode3/step7,16,2,full
5,-28.793285369873047,-20.661182403564453,-17.636478424072266,time_pressure,10,train,seed10/time_pressure/episode3/step7,16,2,full
5,-57.466217041015625,-46.90613555908203,-26.740259170532227,time_pressure,10,train,seed10/time_pressure/episode11/step26,16,0,full
5,-57.466217041015625,-32.320556640625,-23.790964126586914,time_pressure,10,train,seed10/time_pressure/episode11/step26,16,1,full
2,-57.466217041015625,-40.386505126953125,-25.786039352416992,time_pressure,10,train,seed10/time_pressure/episode11/step26,16,2,full
3,-57.466217041015625,-40.386505126953125,-22.002582550048828,time_pressure,10,train,seed10/time_pressure/episode11/step26,16,2,full
4,-57.466217041015625,-40.386505126953125,-21.461956024169922,time_pressure,10,train,seed10/time_pressure/episode11/step26,16,2,full
5,-57.466217041015625,-43.738609313964844,-26.26271629333496,time_pressure,10,train,seed10/time_pressure/episode11/step26,16,2,full
5,-46.59867477416992,-14.837443351745605,-27.90882110595703,time_pressure,10,test,seed10/time_pressure/episode1/step16,16,0,full
5,-46.59867477416992,-35.28004837036133,-25.04191780090332,time_pressure,10,test,seed10/time_pressure/episode1/step16,16,1,full
1,-46.59867477416992,-33.70951843261719,-30.07304573059082,time_pressure,10,test,seed10/time_pressure/episode1/step16,16,2,full
2,-46.59867477416992,-33.70951843261719,-29.128005981445312,time_pressure,10,test,seed10/time_pressure/episode1/step16,16,2,full
4,-46.59867477416992,-33.70951843261719,-27.143882751464844,time_pressure,10,test,seed10/time_pressure/episode1/step16,16,2,full
5,-46.59867477416992,-40.005157470703125,-31.08879852294922,time_pressure,10,test,seed10/time_pressure/episode1/step16,16,2,full
5,-58.83220672607422,-38.66096878051758,-37.15473937988281,heterogeneity_pressure,10,train,seed10/heterogeneity_pressure/episode6/step19,16,0,full
5,-58.83220672607422,-37.06432342529297,-34.7871208190918,heterogeneity_pressure,10,train,seed10/heterogeneity_pressure/episode6/step19,16,1,full
3,-58.83220672607422,-32.142147064208984,-31.872966766357422,heterogeneity_pressure,10,train,seed10/heterogeneity_pressure/episode6/step19,16,2,full
4,-58.83220672607422,-32.142147064208984,-26.1957950592041,heterogeneity_pressure,10,train,seed10/heterogeneity_pressure/episode6/step19,16,2,full
5,-58.83220672607422,-31.54319953918457,-32.601966857910156,heterogeneity_pressure,10,train,seed10/heterogeneity_pressure/episode6/step19,16,2,full
5,-50.585025787353516,-24.075105667114258,-14.608941078186035,heterogeneity_pressure,10,train,seed10/heterogeneity_pressure/episode14/step21,16,0,full
5,-50.585025787353516,-26.947134017944336,-12.047035217285156,heterogeneity_pressure,10,train,seed10/heterogeneity_pressure/episode14/step21,16,1,full
0,-50.585025787353516,-24.11383628845215,-15.056114196777344,heterogeneity_pressure,10,train,seed10/heterogeneity_pressure/episode14/step21,16,2,full
2,-50.585025787353516,-26.49840545654297,-9.698558807373047,heterogeneity_pressure,10,train,seed10/heterogeneity_pressure/episode14/step21,16,2,full
5,-50.585025787353516,-28.76556968688965,-13.442758560180664,heterogeneity_pressure,10,train,seed10/heterogeneity_pressure/episode14/step21,16,2,full
0,-38.196128845214844,-9.163990020751953,-27.0142765045166,heterogeneity_pressure,10,test,seed10/heterogeneity_pressure/episode7/step2,16,0,full
1,-38.196128845214844,-13.489645004272461,-25.085906982421875,heterogeneity_pressure,10,test,seed10/heterogeneity_pressure/episode7/step2,16,0,full
2,-38.196128845214844,-8.96423625946045,-29.067909240722656,heterogeneity_pressure,10,test,seed10/heterogeneity_pressure/episode7/step2,16,0,full
3,-38.196128845214844,-12.908406257629395,-22.76335334777832,heterogeneity_pressure,10,test,seed10/heterogeneity_pressure/episode7/step2,16,0,full
4,-38.196128845214844,-8.053070068359375,-23.97962760925293,heterogeneity_pressure,10,test,seed10/heterogeneity_pressure/episode7/step2,16,0,full
5,-38.196128845214844,-19.270116806030273,-23.536287307739258,heterogeneity_pressure,10,test,seed10/heterogeneity_pressure/episode7/step2,16,0,full
0,-38.196128845214844,-22.523283004760742,-23.895662307739258,heterogeneity_pressure,10,test,seed10/heterogeneity_pressure/episode7/step2,16,1,full
2,-38.196128845214844,-22.523283004760742,-26.10327911376953,heterogeneity_pressure,10,test,seed10/heterogeneity_pressure/episode7/step2,16,1,full
5,-38.196128845214844,-24.002248764038086,-20.277080535888672,heterogeneity_pressure,10,test,seed10/heterogeneity_pressure/episode7/step2,16,1,full
5,-38.196128845214844,-17.880714416503906,-23.047666549682617,heterogeneity_pressure,10,test,seed10/heterogeneity_pressure/episode7/step2,16,2,full
5,-38.58123779296875,-28.087331771850586,-25.086864471435547,heterogeneity_pressure,10,test,seed10/heterogeneity_pressure/episode2/step23,16,0,full
5,-38.58123779296875,-12.319510459899902,-22.471651077270508,heterogeneity_pressure,10,test,seed10/heterogeneity_pressure/episode2/step23,16,1,full
0,-38.58123779296875,-21.47611427307129,-24.010168075561523,heterogeneity_pressure,10,test,seed10/heterogeneity_pressure/episode2/step23,16,2,full
2,-38.58123779296875,-28.587726593017578,-21.886343002319336,heterogeneity_pressure,10,test,seed10/heterogeneity_pressure/episode2/step23,16,2,full
3,-38.58123779296875,-22.938146591186523,-27.392309188842773,heterogeneity_pressure,10,test,seed10/heterogeneity_pressure/episode2/step23,16,2,full
5,-38.58123779296875,-24.743135452270508,-25.49358558654785,heterogeneity_pressure,10,test,seed10/heterogeneity_pressure/episode2/step23,16,2,full
1,-39.98905944824219,-24.093046188354492,-24.396724700927734,heterogeneity_pressure,10,train,seed10/heterogeneity_pressure/episode2/step1,16,0,full
3,-39.98905944824219,-19.301279067993164,-30.826671600341797,heterogeneity_pressure,10,train,seed10/heterogeneity_pressure/episode2/step1,16,0,full
4,-39.98905944824219,-22.357072830200195,-20.593074798583984,heterogeneity_pressure,10,train,seed10/heterogeneity_pressure/episode2/step1,16,0,full
5,-39.98905944824219,-22.43428611755371,-25.282329559326172,heterogeneity_pressure,10,train,seed10/heterogeneity_pressure/episode2/step1,16,0,full
5,-39.98905944824219,-25.5206241607666,-18.03829574584961,heterogeneity_pressure,10,train,seed10/heterogeneity_pressure/episode2/step1,16,1,full
5,-39.98905944824219,-20.704065322875977,-24.174606323242188,heterogeneity_pressure,10,train,seed10/heterogeneity_pressure/episode2/step1,16,2,full
5,-38.9393310546875,-28.762115478515625,-24.853853225708008,heterogeneity_pressure,10,test,seed10/heterogeneity_pressure/episode2/step24,16,0,full
5,-38.9393310546875,-26.229232788085938,-22.236881256103516,heterogeneity_pressure,10,test,seed10/heterogeneity_pressure/episode2/step24,16,1,full
0,-38.9393310546875,-17.024948120117188,-23.508201599121094,heterogeneity_pressure,10,test,seed10/heterogeneity_pressure/episode2/step24,16,2,full
2,-38.9393310546875,-23.69082260131836,-21.513042449951172,heterogeneity_pressure,10,test,seed10/heterogeneity_pressure/episode2/step24,16,2,full
3,-38.9393310546875,-23.69082260131836,-26.977619171142578,heterogeneity_pressure,10,test,seed10/heterogeneity_pressure/episode2/step24,16,2,full
5,-38.9393310546875,-25.455245971679688,-25.262428283691406,heterogeneity_pressure,10,test,seed10/heterogeneity_pressure/episode2/step24,16,2,full
5,-45.44908142089844,-7.2376604080200195,-17.43880844116211,heterogeneity_pressure,10,validation,seed10/heterogeneity_pressure/episode7/step26,16,0,full
5,-45.44908142089844,-17.316743850708008,-14.876856803894043,heterogeneity_pressure,10,validation,seed10/heterogeneity_pressure/episode7/step26,16,1,full
1,-45.44908142089844,-7.2078399658203125,-20.845090866088867,heterogeneity_pressure,10,validation,seed10/heterogeneity_pressure/episode7/step26,16,2,full
5,-45.44908142089844,-13.645308494567871,-21.63430404663086,heterogeneity_pressure,10,validation,seed10/heterogeneity_pressure/episode7/step26,16,2,full
5,-20.816810607910156,-16.07911491394043,-11.598341941833496,heterogeneity_pressure,10,train,seed10/heterogeneity_pressure/episode9/step24,16,0,full
5,-20.816810607910156,-14.442678451538086,-9.07731819152832,heterogeneity_pressure,10,train,seed10/heterogeneity_pressure/episode9/step24,16,1,full
0,-20.816810607910156,-13.864917755126953,-17.150096893310547,heterogeneity_pressure,10,train,seed10/heterogeneity_pressure/episode9/step24,16,2,full
1,-20.816810607910156,-13.909819602966309,-15.674736022949219,heterogeneity_pressure,10,train,seed10/heterogeneity_pressure/episode9/step24,16,2,full
2,-20.816810607910156,-10.30628776550293,-14.727697372436523,heterogeneity_pressure,10,train,seed10/heterogeneity_pressure/episode9/step24,16,2,full
5,-20.816810607910156,-15.747425079345703,-17.63556671142578,heterogeneity_pressure,10,train,seed10/heterogeneity_pressure/episode9/step24,16,2,full
0,-41.504188537597656,-17.263614654541016,-19.075305938720703,heterogeneity_pressure,10,validation,seed10/heterogeneity_pressure/episode14/step3,16,0,full
1,-41.504188537597656,-17.360780715942383,-18.19881820678711,heterogeneity_pressure,10,validation,seed10/heterogeneity_pressure/episode14/step3,16,0,full
4,-41.504188537597656,-20.049043655395508,-11.555389404296875,heterogeneity_pressure,10,validation,seed10/heterogeneity_pressure/episode14/step3,16,0,full
5,-41.504188537597656,-17.062252044677734,-13.664411544799805,heterogeneity_pressure,10,validation,seed10/heterogeneity_pressure/episode14/step3,16,0,full
0,-41.504188537597656,-21.08688735961914,-16.79344940185547,heterogeneity_pressure,10,validation,seed10/heterogeneity_pressure/episode14/step3,16,1,full
1,-41.504188537597656,-21.08688735961914,-15.304399490356445,heterogeneity_pressure,10,validation,seed10/heterogeneity_pressure/episode14/step3,16,1,full
4,-41.504188537597656,-20.81922721862793,-8.58111572265625,heterogeneity_pressure,10,validation,seed10/heterogeneity_pressure/episode14/step3,16,1,full
5,-41.504188537597656,-22.920564651489258,-11.105031967163086,heterogeneity_pressure,10,validation,seed10/heterogeneity_pressure/episode14/step3,16,1,full
5,-41.504188537597656,-28.65008544921875,-10.152447700500488,heterogeneity_pressure,10,validation,seed10/heterogeneity_pressure/episode14/step3,16,2,full
5,-36.69670867919922,-44.103363037109375,-21.51805305480957,heterogeneity_pressure,10,validation,seed10/heterogeneity_pressure/episode3/step12,16,0,full
5,-36.69670867919922,-55.59968185424805,-19.01836585998535,heterogeneity_pressure,10,validation,seed10/heterogeneity_pressure/episode3/step12,16,1,full
1,-36.69670867919922,-40.278221130371094,-26.021398544311523,heterogeneity_pressure,10,validation,seed10/heterogeneity_pressure/episode3/step12,16,2,full
5,-36.69670867919922,-36.55768585205078,-25.782041549682617,heterogeneity_pressure,10,validation,seed10/heterogeneity_pressure/episode3/step12,16,2,full
5,-51.90120315551758,-34.20975875854492,-21.373193740844727,heterogeneity_pressure,10,train,seed10/heterogeneity_pressure/episode5/step28,16,0,full
5,-51.90120315551758,-27.370765686035156,-18.817123413085938,heterogeneity_pressure,10,train,seed10/heterogeneity_pressure/episode5/step28,16,1,full
0,-51.90120315551758,-33.25312805175781,-25.43069076538086,heterogeneity_pressure,10,train,seed10/heterogeneity_pressure/episode5/step28,16,2,full
1,-51.90120315551758,-36.06590270996094,-24.069664001464844,heterogeneity_pressure,10,train,seed10/heterogeneity_pressure/episode5/step28,16,2,full
2,-51.90120315551758,-35.79221725463867,-24.109561920166016,heterogeneity_pressure,10,train,seed10/heterogeneity_pressure/episode5/step28,16,2,full
3,-51.90120315551758,-26.431835174560547,-25.374540328979492,heterogeneity_pressure,10,train,seed10/heterogeneity_pressure/episode5/step28,16,2,full
5,-51.90120315551758,-33.51583480834961,-28.665401458740234,heterogeneity_pressure,10,train,seed10/heterogeneity_pressure/episode5/step28,16,2,full
5,-35.575931549072266,-26.57111358642578,-23.71129035949707,heterogeneity_pressure,10,train,seed10/heterogeneity_pressure/episode2/step20,16,0,full
5,-35.575931549072266,-10.801885604858398,-21.093481063842773,heterogeneity_pressure,10,train,seed10/heterogeneity_pressure/episode2/step20,16,1,full
0,-35.575931549072266,-13.672247886657715,-20.574132919311523,heterogeneity_pressure,10,train,seed10/heterogeneity_pressure/episode2/step20,16,2,full
3,-35.575931549072266,-13.672247886657715,-23.72475242614746,heterogeneity_pressure,10,train,seed10/heterogeneity_pressure/episode2/step20,16,2,full
5,-35.575931549072266,-8.164082527160645,-21.218595504760742,heterogeneity_pressure,10,train,seed10/heterogeneity_pressure/episode2/step20,16,2,full
0,-33.939884185791016,-33.39618682861328,-29.149742126464844,heterogeneity_pressure,10,train,seed10/heterogeneity_pressure/episode4/step3,16,0,full
1,-33.939884185791016,-30.177461624145508,-24.725679397583008,heterogeneity_pressure,10,train,seed10/heterogeneity_pressure/episode4/step3,16,0,full
2,-33.939884185791016,-31.998798370361328,-21.888668060302734,heterogeneity_pressure,10,train,seed10/heterogeneity_pressure/episode4/step3,16,0,full
3,-33.939884185791016,-33.39618682861328,-20.347671508789062,heterogeneity_pressure,10,train,seed10/heterogeneity_pressure/episode4/step3,16,0,full
5,-33.939884185791016,-27.088605880737305,-22.67470932006836,heterogeneity_pressure,10,train,seed10/heterogeneity_pressure/episode4/step3,16,0,full
5,-33.939884185791016,-33.062042236328125,-12.182212829589844,heterogeneity_pressure,10,train,seed10/heterogeneity_pressure/episode4/step3,16,1,full
1,-33.939884185791016,-28.230480194091797,-24.340721130371094,heterogeneity_pressure,10,train,seed10/heterogeneity_pressure/episode4/step3,16,2,full
5,-33.939884185791016,-31.333965301513672,-22.291160583496094,heterogeneity_pressure,10,train,seed10/heterogeneity_pressure/episode4/step3,16,2,full
5,-21.775144577026367,0.2643786668777466,7.244485855102539,heterogeneity_pressure,10,train,seed10/heterogeneity_pressure/episode8/step22,16,0,full
3,-21.775144577026367,-3.66011905670166,9.835323333740234,heterogeneity_pressure,10,train,seed10/heterogeneity_pressure/episode8/step22,16,1,full
5,-21.775144577026367,-3.601792573928833,11.648292541503906,heterogeneity_pressure,10,train,seed10/heterogeneity_pressure/episode8/step22,16,1,full
5,-21.775144577026367,-3.66011905670166,6.421476364135742,heterogeneity_pressure,10,train,seed10/heterogeneity_pressure/episode8/step22,16,2,full
5,-51.97251510620117,-27.609771728515625,-20.18267250061035,heterogeneity_pressure,10,train,seed10/heterogeneity_pressure/episode6/step4,16,0,full
1,-51.97251510620117,-31.595455169677734,-26.869089126586914,heterogeneity_pressure,10,train,seed10/heterogeneity_pressure/episode6/step4,16,1,full
3,-51.97251510620117,-32.502044677734375,-26.796907424926758,heterogeneity_pressure,10,train,seed10/heterogeneity_pressure/episode6/step4,16,1,full
4,-51.97251510620117,-32.502044677734375,-20.364686965942383,heterogeneity_pressure,10,train,seed10/heterogeneity_pressure/episode6/step4,16,1,full
5,-51.97251510620117,-31.995540618896484,-23.7198486328125,heterogeneity_pressure,10,train,seed10/heterogeneity_pressure/episode6/step4,16,1,full
5,-51.97251510620117,-32.19270706176758,-22.454675674438477,heterogeneity_pressure,10,train,seed10/heterogeneity_pressure/episode6/step4,16,2,full
1,-29.492202758789062,-33.10894012451172,-22.0577392578125,medium,8,train,seed8/medium/episode2/step11,14,0,no_prefix
2,-29.492202758789062,-35.710018157958984,-24.219051361083984,medium,8,train,seed8/medium/episode2/step11,14,0,no_prefix
4,-29.492202758789062,-35.71991729736328,-23.37078285217285,medium,8,train,seed8/medium/episode2/step11,14,0,no_prefix
5,-29.492202758789062,-34.18324279785156,-20.525562286376953,medium,8,train,seed8/medium/episode2/step11,14,0,no_prefix
0,-29.492202758789062,-28.808088302612305,-21.13899803161621,medium,8,train,seed8/medium/episode2/step11,14,1,no_prefix
1,-29.492202758789062,-26.458133697509766,-17.21619415283203,medium,8,train,seed8/medium/episode2/step11,14,1,no_prefix
3,-29.492202758789062,-28.89006996154785,-23.65167236328125,medium,8,train,seed8/medium/episode2/step11,14,1,no_prefix
5,-29.492202758789062,-33.381927490234375,-17.44546890258789,medium,8,train,seed8/medium/episode2/step11,14,1,no_prefix
1,-29.492202758789062,-30.486421585083008,-24.279338836669922,medium,8,train,seed8/medium/episode2/step11,14,2,no_prefix
5,-29.492202758789062,-34.01565933227539,-23.817636489868164,medium,8,train,seed8/medium/episode2/step11,14,2,no_prefix
0,-35.447757720947266,-26.981813430786133,-13.306656837463379,medium,8,train,seed8/medium/episode9/step0,14,0,no_prefix
2,-35.447757720947266,-18.885452270507812,-11.009000778198242,medium,8,train,seed8/medium/episode9/step0,14,0,no_prefix
5,-35.447757720947266,-16.642976760864258,-10.515273094177246,medium,8,train,seed8/medium/episode9/step0,14,0,no_prefix
0,-35.447757720947266,-18.09736442565918,-9.677172660827637,medium,8,train,seed8/medium/episode9/step0,14,1,no_prefix
2,-35.447757720947266,-18.09736442565918,-8.504829406738281,medium,8,train,seed8/medium/episode9/step0,14,1,no_prefix
3,-35.447757720947266,-18.09736442565918,-11.873568534851074,medium,8,train,seed8/medium/episode9/step0,14,1,no_prefix
5,-35.447757720947266,-17.964075088500977,-6.845441818237305,medium,8,train,seed8/medium/episode9/step0,14,1,no_prefix
5,-35.447757720947266,-11.5684175491333,-13.75010871887207,medium,8,train,seed8/medium/episode9/step0,14,2,no_prefix
5,-33.44831466674805,-3.587488889694214,0.39470672607421875,medium,8,train,seed8/medium/episode4/step1,14,0,no_prefix
5,-33.44831466674805,-9.670360565185547,2.7050838470458984,medium,8,train,seed8/medium/episode4/step1,14,1,no_prefix
3,-33.44831466674805,-10.562413215637207,-1.7439498901367188,medium,8,train,seed8/medium/episode4/step1,14,2,no_prefix
5,-33.44831466674805,-11.683401107788086,-1.9120769500732422,medium,8,train,seed8/medium/episode4/step1,14,2,no_prefix
5,-38.55025100708008,-12.062366485595703,-8.566364288330078,medium,8,validation,seed8/medium/episode4/step17,14,0,no_prefix
0,-38.55025100708008,-6.02097225189209,-18.085363388061523,medium,8,validation,seed8/medium/episode4/step17,14,1,no_prefix
1,-38.55025100708008,-4.549280643463135,-13.272720336914062,medium,8,validation,seed8/medium/episode4/step17,14,1,no_prefix
2,-38.55025100708008,-4.620107173919678,-10.435454368591309,medium,8,validation,seed8/medium/episode4/step17,14,1,no_prefix
5,-38.55025100708008,-5.573254585266113,-10.33716869354248,medium,8,validation,seed8/medium/episode4/step17,14,1,no_prefix
2,-38.55025100708008,-10.311877250671387,-12.719117164611816,medium,8,validation,seed8/medium/episode4/step17,14,2,no_prefix
5,-38.55025100708008,-12.753405570983887,-12.337159156799316,medium,8,validation,seed8/medium/episode4/step17,14,2,no_prefix
5,-31.04770278930664,-23.385412216186523,-25.739070892333984,medium,8,train,seed8/medium/episode15/step20,14,0,no_prefix
5,-31.04770278930664,-28.9300594329834,-23.308799743652344,medium,8,train,seed8/medium/episode15/step20,14,1,no_prefix
3,-31.04770278930664,-13.946529388427734,-19.492116928100586,medium,8,train,seed8/medium/episode15/step20,14,2,no_prefix
5,-31.04770278930664,-11.914278030395508,-23.587352752685547,medium,8,train,seed8/medium/episode15/step20,14,2,no_prefix
5,4.333680629730225,6.330555438995361,-5.962301254272461,medium,8,validation,seed8/medium/episode7/step36,14,0,no_prefix
5,4.333680629730225,2.202897787094116,-3.5154685974121094,medium,8,validation,seed8/medium/episode7/step36,14,1,no_prefix
1,4.333680629730225,3.450153350830078,-7.216403961181641,medium,8,validation,seed8/medium/episode7/step36,14,2,no_prefix
3,4.333680629730225,2.7973337173461914,-8.894536972045898,medium,8,validation,seed8/medium/episode7/step36,14,2,no_prefix
5,4.333680629730225,1.8345015048980713,-11.156135559082031,medium,8,validation,seed8/medium/episode7/step36,14,2,no_prefix
0,-26.813440322875977,-12.698175430297852,-14.939468383789062,medium,8,train,seed8/medium/episode3/step0,14,0,no_prefix
1,-26.813440322875977,-12.2223539352417,-10.998857498168945,medium,8,train,seed8/medium/episode3/step0,14,0,no_prefix
5,-26.813440322875977,-5.456620216369629,-10.061761856079102,medium,8,train,seed8/medium/episode3/step0,14,0,no_prefix
0,-26.813440322875977,-21.449033737182617,-14.514043807983398,medium,8,train,seed8/medium/episode3/step0,14,1,no_prefix
1,-26.813440322875977,-18.53394889831543,-12.719733238220215,medium,8,train,seed8/medium/episode3/step0,14,1,no_prefix
2,-26.813440322875977,-22.274194717407227,-17.060922622680664,medium,8,train,seed8/medium/episode3/step0,14,1,no_prefix
5,-26.813440322875977,-5.57970666885376,-10.822647094726562,medium,8,train,seed8/medium/episode3/step0,14,1,no_prefix
1,-26.813440322875977,-16.29863166809082,-18.071767807006836,medium,8,train,seed8/medium/episode3/step0,14,2,no_prefix
5,-26.813440322875977,-13.24433422088623,-16.926464080810547,medium,8,train,seed8/medium/episode3/step0,14,2,no_prefix
5,-0.9851009249687195,-10.886966705322266,-9.75610065460205,medium,8,test,seed8/medium/episode17/step37,14,0,no_prefix
5,-0.9851009249687195,-8.048867225646973,-7.26324462890625,medium,8,test,seed8/medium/episode17/step37,14,1,no_prefix
2,-0.9851009249687195,-10.674211502075195,-11.065040588378906,medium,8,test,seed8/medium/episode17/step37,14,2,no_prefix
3,-0.9851009249687195,-6.5601701736450195,-10.542088508605957,medium,8,test,seed8/medium/episode17/step37,14,2,no_prefix
5,-0.9851009249687195,-10.049506187438965,-12.71600341796875,medium,8,test,seed8/medium/episode17/step37,14,2,no_prefix
5,-48.39737319946289,-21.931419372558594,-19.26009750366211,medium,8,train,seed8/medium/episode6/step19,14,0,no_prefix
5,-48.39737319946289,-14.924541473388672,-16.787517547607422,medium,8,train,seed8/medium/episode6/step19,14,1,no_prefix
0,-48.39737319946289,-13.654547691345215,-19.152820587158203,medium,8,train,seed8/medium/episode6/step19,14,2,no_prefix
5,-48.39737319946289,-8.585113525390625,-17.259578704833984,medium,8,train,seed8/medium/episode6/step19,14,2,no_prefix
5,-15.448270797729492,-10.367734909057617,-9.187281608581543,medium,8,train,seed8/medium/episode2/step20,14,0,no_prefix
5,-15.448270797729492,-13.286519050598145,-6.67664909362793,medium,8,train,seed8/medium/episode2/step20,14,1,no_prefix
2,-15.448270797729492,-13.715262413024902,-12.019933700561523,medium,8,train,seed8/medium/episode2/step20,14,2,no_prefix
5,-15.448270797729492,-15.595102310180664,-12.819249153137207,medium,8,train,seed8/medium/episode2/step20,14,2,no_prefix
5,-37.370094299316406,-8.017800331115723,-9.385407447814941,medium,8,test,seed8/medium/episode4/step15,14,0,no_prefix
0,-37.370094299316406,-11.572137832641602,-19.527315139770508,medium,8,test,seed8/medium/episode4/step15,14,1,no_prefix
1,-37.370094299316406,-5.1192755699157715,-14.760599136352539,medium,8,test,seed8/medium/episode4/step15,14,1,no_prefix
2,-37.370094299316406,-4.75659704208374,-11.937309265136719,medium,8,test,seed8/medium/episode4/step15,14,1,no_prefix
5,-37.370094299316406,-10.10085678100586,-11.161665916442871,medium,8,test,seed8/medium/episode4/step15,14,1,no_prefix
5,-37.370094299316406,-14.092737197875977,-9.722272872924805,medium,8,test,seed8/medium/episode4/step15,14,2,no_prefix
1,-37.51372528076172,-10.54308795928955,-8.154436111450195,medium,8,validation,seed8/medium/episode12/step14,14,0,no_prefix
2,-37.51372528076172,-9.292527198791504,-8.150016784667969,medium,8,validation,seed8/medium/episode12/step14,14,0,no_prefix
4,-37.51372528076172,-10.488576889038086,-12.161355018615723,medium,8,validation,seed8/medium/episode12/step14,14,0,no_prefix
5,-37.51372528076172,-0.37721431255340576,-7.6539764404296875,medium,8,validation,seed8/medium/episode12/step14,14,0,no_prefix
0,-37.51372528076172,-11.632478713989258,-7.530703544616699,medium,8,validation,seed8/medium/episode12/step14,14,1,no_prefix
1,-37.51372528076172,-13.118612289428711,-3.0950889587402344,medium,8,validation,seed8/medium/episode12/step14,14,1,no_prefix
4,-37.51372528076172,-10.281124114990234,-6.47834587097168,medium,8,validation,seed8/medium/episode12/step14,14,1,no_prefix
5,-37.51372528076172,-11.875988006591797,-3.885801315307617,medium,8,validation,seed8/medium/episode12/step14,14,1,no_prefix
5,-37.51372528076172,-9.637031555175781,-6.824546813964844,medium,8,validation,seed8/medium/episode12/step14,14,2,no_prefix
0,-33.2150993347168,-33.374916076660156,-26.931968688964844,medium,8,train,seed8/medium/episode2/step15,14,0,no_prefix
1,-33.2150993347168,-32.93619918823242,-22.993793487548828,medium,8,train,seed8/medium/episode2/step15,14,0,no_prefix
2,-33.2150993347168,-26.554828643798828,-24.470291137695312,medium,8,train,seed8/medium/episode2/step15,14,0,no_prefix
3,-33.2150993347168,-28.814056396484375,-28.85575294494629,medium,8,train,seed8/medium/episode2/step15,14,0,no_prefix
4,-33.2150993347168,-33.07803726196289,-25.04048728942871,medium,8,train,seed8/medium/episode2/step15,14,0,no_prefix
5,-33.2150993347168,-28.29136085510254,-22.876628875732422,medium,8,train,seed8/medium/episode2/step15,14,0,no_prefix
0,-33.2150993347168,-34.90782165527344,-25.57665252685547,medium,8,train,seed8/medium/episode2/step15,14,1,no_prefix
1,-33.2150993347168,-18.301359176635742,-20.839906692504883,medium,8,train,seed8/medium/episode2/step15,14,1,no_prefix
2,-33.2150993347168,-28.205732345581055,-23.279682159423828,medium,8,train,seed8/medium/episode2/step15,14,1,no_prefix
3,-33.2150993347168,-28.783782958984375,-27.041988372802734,medium,8,train,seed8/medium/episode2/step15,14,1,no_prefix
5,-33.2150993347168,-25.361066818237305,-22.428363800048828,medium,8,train,seed8/medium/episode2/step15,14,1,no_prefix
1,-33.2150993347168,-26.40006446838379,-25.64255714416504,medium,8,train,seed8/medium/episode2/step15,14,2,no_prefix
5,-33.2150993347168,-27.37781524658203,-26.430416107177734,medium,8,train,seed8/medium/episode2/step15,14,2,no_prefix
5,-7.551610946655273,-22.827241897583008,-20.827178955078125,medium,8,train,seed8/medium/episode7/step8,14,0,no_prefix
2,-7.551610946655273,-20.074052810668945,-16.51190185546875,medium,8,train,seed8/medium/episode7/step8,14,1,no_prefix
4,-7.551610946655273,-21.82307243347168,-19.1039981842041,medium,8,train,seed8/medium/episode7/step8,14,1,no_prefix
5,-7.551610946655273,-19.989810943603516,-15.022310256958008,medium,8,train,seed8/medium/episode7/step8,14,1,no_prefix
5,-7.551610946655273,-22.747802734375,-18.734329223632812,medium,8,train,seed8/medium/episode7/step8,14,2,no_prefix
5,-42.05026626586914,-37.09263610839844,-4.244392395019531,medium,8,test,seed8/medium/episode11/step4,14,0,no_prefix
0,-42.05026626586914,3.3420968055725098,-10.598973274230957,medium,8,test,seed8/medium/episode11/step4,14,1,no_prefix
1,-42.05026626586914,-18.884119033813477,-10.587672233581543,medium,8,test,seed8/medium/episode11/step4,14,1,no_prefix
2,-42.05026626586914,-16.048072814941406,-11.425161361694336,medium,8,test,seed8/medium/episode11/step4,14,1,no_prefix
3,-42.05026626586914,-9.627930641174316,-9.911100387573242,medium,8,test,seed8/medium/episode11/step4,14,1,no_prefix
5,-42.05026626586914,-17.162158966064453,-8.955872535705566,medium,8,test,seed8/medium/episode11/step4,14,1,no_prefix
1,-42.05026626586914,11.115246772766113,-15.749496459960938,medium,8,test,seed8/medium/episode11/step4,14,2,no_prefix
3,-42.05026626586914,11.115246772766113,-13.986188888549805,medium,8,test,seed8/medium/episode11/step4,14,2,no_prefix
5,-42.05026626586914,0.1420089602470398,-13.606755256652832,medium,8,test,seed8/medium/episode11/step4,14,2,no_prefix
0,-14.634188652038574,4.261696815490723,1.5629405975341797,time_pressure,8,train,seed8/time_pressure/episode17/step3,14,0,no_prefix
2,-14.634188652038574,5.870260715484619,2.0846805572509766,time_pressure,8,train,seed8/time_pressure/episode17/step3,14,0,no_prefix
4,-14.634188652038574,5.920765399932861,3.4848594665527344,time_pressure,8,train,seed8/time_pressure/episode17/step3,14,0,no_prefix
5,-14.634188652038574,10.429814338684082,4.416223526000977,time_pressure,8,train,seed8/time_pressure/episode17/step3,14,0,no_prefix
2,-14.634188652038574,5.793713569641113,3.0267868041992188,time_pressure,8,train,seed8/time_pressure/episode17/step3,14,1,no_prefix
4,-14.634188652038574,8.283580780029297,4.236377716064453,time_pressure,8,train,seed8/time_pressure/episode17/step3,14,1,no_prefix
5,-14.634188652038574,6.379310607910156,4.655284881591797,time_pressure,8,train,seed8/time_pressure/episode17/step3,14,1,no_prefix
2,-14.634188652038574,-6.383850574493408,-3.672750473022461,time_pressure,8,train,seed8/time_pressure/episode17/step3,14,2,no_prefix
4,-14.634188652038574,-1.8439735174179077,-2.155733108520508,time_pressure,8,train,seed8/time_pressure/episode17/step3,14,2,no_prefix
5,-14.634188652038574,-7.755964756011963,-2.2770843505859375,time_pressure,8,train,seed8/time_pressure/episode17/step3,14,2,no_prefix
5,-12.54377555847168,-14.145971298217773,-21.9520206451416,time_pressure,8,train,seed8/time_pressure/episode10/step7,14,0,no_prefix
1,-12.54377555847168,-20.319665908813477,-22.989526748657227,time_pressure,8,train,seed8/time_pressure/episode10/step7,14,1,no_prefix
2,-12.54377555847168,-22.443574905395508,-20.529836654663086,time_pressure,8,train,seed8/time_pressure/episode10/step7,14,1,no_prefix
3,-12.54377555847168,-23.847597122192383,-18.985595703125,time_pressure,8,train,seed8/time_pressure/episode10/step7,14,1,no_prefix
4,-12.54377555847168,-27.918996810913086,-23.44199562072754,time_pressure,8,train,seed8/time_pressure/episode10/step7,14,1,no_prefix
5,-12.54377555847168,-23.94202423095703,-18.399261474609375,time_pressure,8,train,seed8/time_pressure/episode10/step7,14,1,no_prefix
3,-12.54377555847168,-14.289409637451172,-19.20669937133789,time_pressure,8,train,seed8/time_pressure/episode10/step7,14,2,no_prefix
5,-12.54377555847168,-11.84142017364502,-18.422189712524414,time_pressure,8,train,seed8/time_pressure/episode10/step7,14,2,no_prefix
0,-29.865127563476562,-25.640548706054688,-30.19377899169922,time_pressure,8,validation,seed8/time_pressure/episode0/step2,14,0,no_prefix
1,-29.865127563476562,-12.728217124938965,-24.68893814086914,time_pressure,8,validation,seed8/time_pressure/episode0/step2,14,0,no_prefix
3,-29.865127563476562,-15.205229759216309,-29.633756637573242,time_pressure,8,validation,seed8/time_pressure/episode0/step2,14,0,no_prefix
5,-29.865127563476562,-1.150765061378479,-24.540788650512695,time_pressure,8,validation,seed8/time_pressure/episode0/step2,14,0,no_prefix
0,-29.865127563476562,-28.93889808654785,-30.384464263916016,time_pressure,8,validation,seed8/time_pressure/episode0/step2,14,1,no_prefix
1,-29.865127563476562,-26.039899826049805,-25.46901512145996,time_pressure,8,validation,seed8/time_pressure/episode0/step2,14,1,no_prefix
2,-29.865127563476562,-26.815553665161133,-27.235692977905273,time_pressure,8,validation,seed8/time_pressure/episode0/step2,14,1,no_prefix
4,-29.865127563476562,-25.309741973876953,-28.936458587646484,time_pressure,8,validation,seed8/time_pressure/episode0/step2,14,1,no_prefix
5,-29.865127563476562,-23.81761360168457,-24.277448654174805,time_pressure,8,validation,seed8/time_pressure/episode0/step2,14,1,no_prefix
1,-29.865127563476562,-30.156808853149414,-34.42231750488281,time_pressure,8,validation,seed8/time_pressure/episode0/step2,14,2,no_prefix
5,-29.865127563476562,-19.129053115844727,-33.74501419067383,time_pressure,8,validation,seed8/time_pressure/episode0/step2,14,2,no_prefix
5,-59.50522994995117,-74.36446380615234,-37.244468688964844,time_pressure,8,test,seed8/time_pressure/episode2/step18,14,0,no_prefix
5,-59.50522994995117,-57.90886306762695,-34.84855270385742,time_pressure,8,test,seed8/time_pressure/episode2/step18,14,1,no_prefix
0,-59.50522994995117,-61.32829284667969,-38.08054733276367,time_pressure,8,test,seed8/time_pressure/episode2/step18,14,2,no_prefix
1,-59.50522994995117,-63.19756317138672,-38.18727111816406,time_pressure,8,test,seed8/time_pressure/episode2/step18,14,2,no_prefix
3,-59.50522994995117,-53.538665771484375,-38.127662658691406,time_pressure,8,test,seed8/time_pressure/episode2/step18,14,2,no_prefix
4,-59.50522994995117,-57.24195098876953,-37.12993621826172,time_pressure,8,test,seed8/time_pressure/episode2/step18,14,2,no_prefix
5,-59.50522994995117,-65.06932067871094,-38.513885498046875,time_pressure,8,test,seed8/time_pressure/episode2/step18,14,2,no_prefix
5,-32.757591247558594,8.118378639221191,-2.629018783569336,time_pressure,8,train,seed8/time_pressure/episode16/step22,14,0,no_prefix
5,-32.757591247558594,-5.0014848709106445,-0.1998138427734375,time_pressure,8,train,seed8/time_pressure/episode16/step22,14,1,no_prefix
4,-32.757591247558594,22.540985107421875,4.647790908813477,time_pressure,8,train,seed8/time_pressure/episode16/step22,14,2,no_prefix
5,-32.757591247558594,8.338809967041016,-0.6549110412597656,time_pressure,8,train,seed8/time_pressure/episode16/step22,14,2,no_prefix
5,-56.540401458740234,-56.82118606567383,-24.13269805908203,time_pressure,8,test,seed8/time_pressure/episode2/step15,14,0,no_prefix
5,-56.540401458740234,-56.65013122558594,-23.967580795288086,time_pressure,8,test,seed8/time_pressure/episode2/step15,14,1,no_prefix
0,-56.540401458740234,-53.21440887451172,-22.07400894165039,time_pressure,8,test,seed8/time_pressure/episode2/step15,14,2,no_prefix
3,-56.540401458740234,-53.21440887451172,-22.157943725585938,time_pressure,8,test,seed8/time_pressure/episode2/step15,14,2,no_prefix
4,-56.540401458740234,-53.21440887451172,-21.695262908935547,time_pressure,8,test,seed8/time_pressure/episode2/step15,14,2,no_prefix
5,-56.540401458740234,-59.69396209716797,-21.67698860168457,time_pressure,8,test,seed8/time_pressure/episode2/step15,14,2,no_prefix
0,-52.9025993347168,-32.12995529174805,-31.244619369506836,time_pressure,8,train,seed8/time_pressure/episode11/step16,14,0,no_prefix
1,-52.9025993347168,-32.06916046142578,-32.42533874511719,time_pressure,8,train,seed8/time_pressure/episode11/step16,14,0,no_prefix
2,-52.9025993347168,-26.168453216552734,-28.92610740661621,time_pressure,8,train,seed8/time_pressure/episode11/step16,14,0,no_prefix
3,-52.9025993347168,-30.01949691772461,-28.869243621826172,time_pressure,8,train,seed8/time_pressure/episode11/step16,14,0,no_prefix
4,-52.9025993347168,-28.768707275390625,-31.351531982421875,time_pressure,8,train,seed8/time_pressure/episode11/step16,14,0,no_prefix
5,-52.9025993347168,-27.733718872070312,-29.71491813659668,time_pressure,8,train,seed8/time_pressure/episode11/step16,14,0,no_prefix
5,-52.9025993347168,-15.674344062805176,-25.888259887695312,time_pressure,8,train,seed8/time_pressure/episode11/step16,14,1,no_prefix
0,-52.9025993347168,-41.60237503051758,-35.76633834838867,time_pressure,8,train,seed8/time_pressure/episode11/step16,14,2,no_prefix
1,-52.9025993347168,-49.2067756652832,-37.212615966796875,time_pressure,8,train,seed8/time_pressure/episode11/step16,14,2,no_prefix
2,-52.9025993347168,-49.2067756652832,-35.58651351928711,time_pressure,8,train,seed8/time_pressure/episode11/step16,14,2,no_prefix
4,-52.9025993347168,-49.2067756652832,-36.37184143066406,time_pressure,8,train,seed8/time_pressure/episode11/step16,14,2,no_prefix
5,-52.9025993347168,-22.799285888671875,-35.25798797607422,time_pressure,8,train,seed8/time_pressure/episode11/step16,14,2,no_prefix
0,-35.00529479980469,-41.886539459228516,-28.013450622558594,time_pressure,8,train,seed8/time_pressure/episode13/step0,14,0,no_prefix
1,-35.00529479980469,-44.126991271972656,-27.78827476501465,time_pressure,8,train,seed8/time_pressure/episode13/step0,14,0,no_prefix
3,-35.00529479980469,-44.727420806884766,-30.63028907775879,time_pressure,8,train,seed8/time_pressure/episode13/step0,14,0,no_prefix
5,-35.00529479980469,-26.63924789428711,-23.725736618041992,time_pressure,8,train,seed8/time_pressure/episode13/step0,14,0,no_prefix
1,-35.00529479980469,-34.4774169921875,-24.94226837158203,time_pressure,8,train,seed8/time_pressure/episode13/step0,14,1,no_prefix
2,-35.00529479980469,-36.44472885131836,-28.01580047607422,time_pressure,8,train,seed8/time_pressure/episode13/step0,14,1,no_prefix
3,-35.00529479980469,-36.44472885131836,-29.363296508789062,time_pressure,8,train,seed8/time_pressure/episode13/step0,14,1,no_prefix
4,-35.00529479980469,-27.2710018157959,-26.273136138916016,time_pressure,8,train,seed8/time_pressure/episode13/step0,14,1,no_prefix
5,-35.00529479980469,-19.675100326538086,-22.12586784362793,time_pressure,8,train,seed8/time_pressure/episode13/step0,14,1,no_prefix
5,-35.00529479980469,-33.321475982666016,-25.82712173461914,time_pressure,8,train,seed8/time_pressure/episode13/step0,14,2,no_prefix
5,10.870283126831055,-4.251091480255127,-4.328390121459961,time_pressure,8,train,seed8/time_pressure/episode9/step35,14,0,no_prefix
5,10.870283126831055,-4.4449639320373535,-1.9818572998046875,time_pressure,8,train,seed8/time_pressure/episode9/step35,14,1,no_prefix
4,10.870283126831055,-7.17270040512085,0.1990203857421875,time_pressure,8,train,seed8/time_pressure/episode9/step35,14,2,no_prefix
5,10.870283126831055,-11.856842041015625,-3.11328125,time_pressure,8,train,seed8/time_pressure/episode9/step35,14,2,no_prefix
5,-14.520394325256348,1.8083842992782593,1.803680419921875,time_pressure,8,train,seed8/time_pressure/episode15/step7,14,0,no_prefix
4,-14.520394325256348,0.6055953502655029,7.158695220947266,time_pressure,8,train,seed8/time_pressure/episode15/step7,14,1,no_prefix
5,-14.520394325256348,9.040234565734863,8.574951171875,time_pressure,8,train,seed8/time_pressure/episode15/step7,14,1,no_prefix
5,-14.520394325256348,-3.676816463470459,-1.0137996673583984,time_pressure,8,train,seed8/time_pressure/episode15/step7,14,2,no_prefix
5,-24.699077606201172,-21.053157806396484,-25.883197784423828,time_pressure,8,validation,seed8/time_pressure/episode12/step27,14,0,no_prefix
5,-24.699077606201172,-16.328664779663086,-23.416831970214844,time_pressure,8,validation,seed8/time_pressure/episode12/step27,14,1,no_prefix
0,-24.699077606201172,-19.209224700927734,-27.057859420776367,time_pressure,8,validation,seed8/time_pressure/episode12/step27,14,2,no_prefix
1,-24.699077606201172,-21.68877410888672,-28.354873657226562,time_pressure,8,validation,seed8/time_pressure/episode12/step27,14,2,no_prefix
4,-24.699077606201172,-17.343713760375977,-25.700185775756836,time_pressure,8,validation,seed8/time_pressure/episode12/step27,14,2,no_prefix
5,-24.699077606201172,-25.950592041015625,-29.767333984375,time_pressure,8,validation,seed8/time_pressure/episode12/step27,14,2,no_prefix
5,-21.368650436401367,-26.50551414489746,-19.84885597229004,time_pressure,8,validation,seed8/time_pressure/episode8/step14,14,0,no_prefix
1,-21.368650436401367,-10.095391273498535,-17.77364730834961,time_pressure,8,validation,seed8/time_pressure/episode8/step14,14,1,no_prefix
2,-21.368650436401367,-4.6209540367126465,-18.544273376464844,time_pressure,8,validation,seed8/time_pressure/episode8/step14,14,1,no_prefix
3,-21.368650436401367,-12.604879379272461,-15.020551681518555,time_pressure,8,validation,seed8/time_pressure/episode8/step14,14,1,no_prefix
4,-21.368650436401367,-4.74187707901001,-14.463048934936523,time_pressure,8,validation,seed8/time_pressure/episode8/step14,14,1,no_prefix
5,-21.368650436401367,-16.336193084716797,-16.44387435913086,time_pressure,8,validation,seed8/time_pressure/episode8/step14,14,1,no_prefix
3,-21.368650436401367,-29.64705467224121,-13.73409366607666,time_pressure,8,validation,seed8/time_pressure/episode8/step14,14,2,no_prefix
4,-21.368650436401367,-23.041860580444336,-14.099435806274414,time_pressure,8,validation,seed8/time_pressure/episode8/step14,14,2,no_prefix
5,-21.368650436401367,-44.469058990478516,-16.107044219970703,time_pressure,8,validation,seed8/time_pressure/episode8/step14,14,2,no_prefix
5,-39.77165603637695,-19.601375579833984,-4.852558135986328,time_pressure,8,test,seed8/time_pressure/episode13/step20,14,0,no_prefix
1,-39.77165603637695,-24.61168098449707,4.811273574829102,time_pressure,8,test,seed8/time_pressure/episode13/step20,14,1,no_prefix
3,-39.77165603637695,-24.947572708129883,3.836456298828125,time_pressure,8,test,seed8/time_pressure/episode13/step20,14,1,no_prefix
4,-39.77165603637695,-14.33698558807373,5.339168548583984,time_pressure,8,test,seed8/time_pressure/episode13/step20,14,1,no_prefix
5,-39.77165603637695,-16.484954833984375,2.1929702758789062,time_pressure,8,test,seed8/time_pressure/episode13/step20,14,1,no_prefix
1,-39.77165603637695,-4.6942291259765625,-3.7243690490722656,time_pressure,8,test,seed8/time_pressure/episode13/step20,14,2,no_prefix
3,-39.77165603637695,-4.431199550628662,-4.942861557006836,time_pressure,8,test,seed8/time_pressure/episode13/step20,14,2,no_prefix
4,-39.77165603637695,-13.37242603302002,-2.6669788360595703,time_pressure,8,test,seed8/time_pressure/episode13/step20,14,2,no_prefix
5,-39.77165603637695,-23.988494873046875,-5.790628433227539,time_pressure,8,test,seed8/time_pressure/episode13/step20,14,2,no_prefix
5,-16.282501220703125,-18.258764266967773,-22.220155715942383,time_pressure,8,train,seed8/time_pressure/episode8/step8,14,0,no_prefix
1,-16.282501220703125,-35.11442565917969,-22.008060455322266,time_pressure,8,train,seed8/time_pressure/episode8/step8,14,1,no_prefix
2,-16.282501220703125,-35.11442565917969,-23.82938575744629,time_pressure,8,train,seed8/time_pressure/episode8/step8,14,1,no_prefix
3,-16.282501220703125,-35.05192565917969,-18.970386505126953,time_pressure,8,train,seed8/time_pressure/episode8/step8,14,1,no_prefix
4,-16.282501220703125,-22.602405548095703,-18.300369262695312,time_pressure,8,train,seed8/time_pressure/episode8/step8,14,1,no_prefix
5,-16.282501220703125,-20.62894058227539,-18.849626541137695,time_pressure,8,train,seed8/time_pressure/episode8/step8,14,1,no_prefix
3,-16.282501220703125,-25.183115005493164,-17.02967643737793,time_pressure,8,train,seed8/time_pressure/episode8/step8,14,2,no_prefix
4,-16.282501220703125,-13.778369903564453,-16.709800720214844,time_pressure,8,train,seed8/time_pressure/episode8/step8,14,2,no_prefix
5,-16.282501220703125,-22.75790786743164,-17.83831787109375,time_pressure,8,train,seed8/time_pressure/episode8/step8,14,2,no_prefix
5,-27.448820114135742,-9.9039945602417,-5.674161911010742,time_pressure,8,train,seed8/time_pressure/episode2/step31,14,0,no_prefix
5,-27.448820114135742,-9.8414945602417,-3.27471923828125,time_pressure,8,train,seed8/time_pressure/episode2/step31,14,1,no_prefix
2,-27.448820114135742,-12.16547679901123,-7.530912399291992,time_pressure,8,train,seed8/time_pressure/episode2/step31,14,2,no_prefix
5,-27.448820114135742,-11.66547679901123,-11.162970542907715,time_pressure,8,train,seed8/time_pressure/episode2/step31,14,2,no_prefix
0,-22.217601776123047,-51.579132080078125,-31.053247451782227,heterogeneity_pressure,8,validation,seed8/heterogeneity_pressure/episode10/step11,14,0,no_prefix
1,-22.217601776123047,-34.912750244140625,-29.69287872314453,heterogeneity_pressure,8,validation,seed8/heterogeneity_pressure/episode10/step11,14,0,no_prefix
2,-22.217601776123047,-27.975473403930664,-27.78928565979004,heterogeneity_pressure,8,validation,seed8/heterogeneity_pressure/episode10/step11,14,0,no_prefix
4,-22.217601776123047,-54.25129318237305,-27.80725860595703,heterogeneity_pressure,8,validation,seed8/heterogeneity_pressure/episode10/step11,14,0,no_prefix
5,-22.217601776123047,-26.837488174438477,-28.280380249023438,heterogeneity_pressure,8,validation,seed8/heterogeneity_pressure/episode10/step11,14,0,no_prefix
5,-22.217601776123047,-64.74677276611328,-24.007524490356445,heterogeneity_pressure,8,validation,seed8/heterogeneity_pressure/episode10/step11,14,1,no_prefix
1,-22.217601776123047,-24.677980422973633,-31.285552978515625,heterogeneity_pressure,8,validation,seed8/heterogeneity_pressure/episode10/step11,14,2,no_prefix
5,-22.217601776123047,-50.53042221069336,-31.048316955566406,heterogeneity_pressure,8,validation,seed8/heterogeneity_pressure/episode10/step11,14,2,no_prefix
0,-26.131437301635742,-30.500980377197266,-29.635143280029297,heterogeneity_pressure,8,train,seed8/heterogeneity_pressure/episode0/step1,14,0,no_prefix
1,-26.131437301635742,-35.883544921875,-26.023441314697266,heterogeneity_pressure,8,train,seed8/heterogeneity_pressure/episode0/step1,14,0,no_prefix
2,-26.131437301635742,-30.806915283203125,-25.561473846435547,heterogeneity_pressure,8,train,seed8/heterogeneity_pressure/episode0/step1,14,0,no_prefix
4,-26.131437301635742,-32.82799530029297,-27.51698875427246,heterogeneity_pressure,8,train,seed8/heterogeneity_pressure/episode0/step1,14,0,no_prefix
5,-26.131437301635742,-29.249675750732422,-22.071636199951172,heterogeneity_pressure,8,train,seed8/heterogeneity_pressure/episode0/step1,14,0,no_prefix
5,-26.131437301635742,-21.092615127563477,-16.0639705657959,heterogeneity_pressure,8,train,seed8/heterogeneity_pressure/episode0/step1,14,1,no_prefix
5,-26.131437301635742,-32.49578857421875,-22.463008880615234,heterogeneity_pressure,8,train,seed8/heterogeneity_pressure/episode0/step1,14,2,no_prefix
0,-23.031288146972656,-30.436260223388672,-21.56139373779297,heterogeneity_pressure,8,train,seed8/heterogeneity_pressure/episode1/step5,14,0,no_prefix
1,-23.031288146972656,-30.843313217163086,-22.425317764282227,heterogeneity_pressure,8,train,seed8/heterogeneity_pressure/episode1/step5,14,0,no_prefix
2,-23.031288146972656,-27.491342544555664,-24.594898223876953,heterogeneity_pressure,8,train,seed8/heterogeneity_pressure/episode1/step5,14,0,no_prefix
3,-23.031288146972656,-28.615798950195312,-19.418779373168945,heterogeneity_pressure,8,train,seed8/heterogeneity_pressure/episode1/step5,14,0,no_prefix
5,-23.031288146972656,-25.739112854003906,-18.84893035888672,heterogeneity_pressure,8,train,seed8/heterogeneity_pressure/episode1/step5,14,0,no_prefix
5,-23.031288146972656,-15.78065299987793,-11.137663841247559,heterogeneity_pressure,8,train,seed8/heterogeneity_pressure/episode1/step5,14,1,no_prefix
5,-23.031288146972656,-24.654285430908203,-15.581602096557617,heterogeneity_pressure,8,train,seed8/heterogeneity_pressure/episode1/step5,14,2,no_prefix
5,-20.239990234375,-24.729141235351562,-3.3387584686279297,heterogeneity_pressure,8,validation,seed8/heterogeneity_pressure/episode7/step14,14,0,no_prefix
0,-20.239990234375,-39.66286849975586,-0.10796546936035156,heterogeneity_pressure,8,validation,seed8/heterogeneity_pressure/episode7/step14,14,1,no_prefix
1,-20.239990234375,-48.14617919921875,-5.585809707641602,heterogeneity_pressure,8,validation,seed8/heterogeneity_pressure/episode7/step14,14,1,no_prefix
2,-20.239990234375,-48.14617919921875,-4.721967697143555,heterogeneity_pressure,8,validation,seed8/heterogeneity_pressure/episode7/step14,14,1,no_prefix
3,-20.239990234375,-42.71379089355469,-1.7176666259765625,heterogeneity_pressure,8,validation,seed8/heterogeneity_pressure/episode7/step14,14,1,no_prefix
5,-20.239990234375,-34.807987213134766,-0.5669040679931641,heterogeneity_pressure,8,validation,seed8/heterogeneity_pressure/episode7/step14,14,1,no_prefix
5,-20.239990234375,-41.03832244873047,-1.0760211944580078,heterogeneity_pressure,8,validation,seed8/heterogeneity_pressure/episode7/step14,14,2,no_prefix
5,-53.74814987182617,-15.408243179321289,-14.755279541015625,heterogeneity_pressure,8,train,seed8/heterogeneity_pressure/episode4/step41,14,0,no_prefix
5,-53.74814987182617,-12.455791473388672,-12.986884117126465,heterogeneity_pressure,8,train,seed8/heterogeneity_pressure/episode4/step41,14,1,no_prefix
2,-53.74814987182617,-13.761735916137695,-14.247620582580566,heterogeneity_pressure,8,train,seed8/heterogeneity_pressure/episode4/step41,14,2,no_prefix
4,-53.74814987182617,-13.072408676147461,-14.393723487854004,heterogeneity_pressure,8,train,seed8/heterogeneity_pressure/episode4/step41,14,2,no_prefix
5,-53.74814987182617,-13.733016967773438,-19.126426696777344,heterogeneity_pressure,8,train,seed8/heterogeneity_pressure/episode4/step41,14,2,no_prefix
5,-44.25516128540039,-20.439416885375977,-28.349414825439453,heterogeneity_pressure,8,test,seed8/heterogeneity_pressure/episode4/step28,14,0,no_prefix
5,-44.25516128540039,-16.284255981445312,-26.63461685180664,heterogeneity_pressure,8,test,seed8/heterogeneity_pressure/episode4/step28,14,1,no_prefix
3,-44.25516128540039,-18.03166389465332,-21.587169647216797,heterogeneity_pressure,8,test,seed8/heterogeneity_pressure/episode4/step28,14,2,no_prefix
4,-44.25516128540039,-25.132131576538086,-23.703277587890625,heterogeneity_pressure,8,test,seed8/heterogeneity_pressure/episode4/step28,14,2,no_prefix
5,-44.25516128540039,-35.15403366088867,-25.64847755432129,heterogeneity_pressure,8,test,seed8/heterogeneity_pressure/episode4/step28,14,2,no_prefix
5,4.426466464996338,2.1517786979675293,0.8340435028076172,heterogeneity_pressure,8,test,seed8/heterogeneity_pressure/episode8/step41,14,0,no_prefix
5,4.426466464996338,0.4348887801170349,2.501066207885742,heterogeneity_pressure,8,test,seed8/heterogeneity_pressure/episode8/step41,14,1,no_prefix
0,4.426466464996338,-0.22265611588954926,1.0428619384765625,heterogeneity_pressure,8,test,seed8/heterogeneity_pressure/episode8/step41,14,2,no_prefix
5,4.426466464996338,-0.23812775313854218,-2.9851417541503906,heterogeneity_pressure,8,test,seed8/heterogeneity_pressure/episode8/step41,14,2,no_prefix
5,-20.031503677368164,-0.540927529335022,3.8744163513183594,heterogeneity_pressure,8,train,seed8/heterogeneity_pressure/episode5/step47,14,0,no_prefix
5,-20.031503677368164,0.007023833692073822,5.5404052734375,heterogeneity_pressure,8,train,seed8/heterogeneity_pressure/episode5/step47,14,1,no_prefix
1,-20.031503677368164,-0.665927529335022,-1.2380752563476562,heterogeneity_pressure,8,train,seed8/heterogeneity_pressure/episode5/step47,14,2,no_prefix
5,-20.031503677368164,-0.4459399878978729,-4.5537109375,heterogeneity_pressure,8,train,seed8/heterogeneity_pressure/episode5/step47,14,2,no_prefix
5,-10.722909927368164,0.4606660008430481,0.3404369354248047,heterogeneity_pressure,8,train,seed8/heterogeneity_pressure/episode2/step49,14,0,no_prefix
5,-10.722909927368164,-0.10000000149011612,2.0961532592773438,heterogeneity_pressure,8,train,seed8/heterogeneity_pressure/episode2/step49,14,1,no_prefix
4,-10.722909927368164,2.2676639556884766,7.577814102172852,heterogeneity_pressure,8,train,seed8/heterogeneity_pressure/episode2/step49,14,2,no_prefix
5,-10.722909927368164,-0.10000000149011612,0.7605876922607422,heterogeneity_pressure,8,train,seed8/heterogeneity_pressure/episode2/step49,14,2,no_prefix
1,-44.46287536621094,-45.17937088012695,-34.474666595458984,heterogeneity_pressure,8,train,seed8/heterogeneity_pressure/episode9/step3,14,0,no_prefix
2,-44.46287536621094,-41.17977523803711,-31.28748321533203,heterogeneity_pressure,8,train,seed8/heterogeneity_pressure/episode9/step3,14,0,no_prefix
4,-44.46287536621094,-45.592979431152344,-32.472564697265625,heterogeneity_pressure,8,train,seed8/heterogeneity_pressure/episode9/step3,14,0,no_prefix
5,-44.46287536621094,-29.654233932495117,-28.01648712158203,heterogeneity_pressure,8,train,seed8/heterogeneity_pressure/episode9/step3,14,0,no_prefix
1,-44.46287536621094,-33.3438720703125,-31.106063842773438,heterogeneity_pressure,8,train,seed8/heterogeneity_pressure/episode9/step3,14,1,no_prefix
2,-44.46287536621094,-32.95407485961914,-28.403303146362305,heterogeneity_pressure,8,train,seed8/heterogeneity_pressure/episode9/step3,14,1,no_prefix
4,-44.46287536621094,-29.453737258911133,-29.042512893676758,heterogeneity_pressure,8,train,seed8/heterogeneity_pressure/episode9/step3,14,1,no_prefix
5,-44.46287536621094,-31.395183563232422,-26.175662994384766,heterogeneity_pressure,8,train,seed8/heterogeneity_pressure/episode9/step3,14,1,no_prefix
5,-44.46287536621094,-34.88938522338867,-28.305702209472656,heterogeneity_pressure,8,train,seed8/heterogeneity_pressure/episode9/step3,14,2,no_prefix
5,-42.721309661865234,-33.07182312011719,-28.94558334350586,heterogeneity_pressure,8,validation,seed8/heterogeneity_pressure/episode15/step15,14,0,no_prefix
5,-42.721309661865234,-29.22667121887207,-27.221363067626953,heterogeneity_pressure,8,validation,seed8/heterogeneity_pressure/episode15/step15,14,1,no_prefix
1,-42.721309661865234,-35.59503173828125,-30.925853729248047,heterogeneity_pressure,8,validation,seed8/heterogeneity_pressure/episode15/step15,14,2,no_prefix
5,-42.721309661865234,-36.510955810546875,-33.378089904785156,heterogeneity_pressure,8,validation,seed8/heterogeneity_pressure/episode15/step15,14,2,no_prefix
5,-41.89836502075195,-28.442615509033203,-23.7685546875,heterogeneity_pressure,8,train,seed8/heterogeneity_pressure/episode9/step12,14,0,no_prefix
0,-41.89836502075195,-24.136560440063477,-20.768489837646484,heterogeneity_pressure,8,train,seed8/heterogeneity_pressure/episode9/step12,14,1,no_prefix
1,-41.89836502075195,-19.18574333190918,-18.9121150970459,heterogeneity_pressure,8,train,seed8/heterogeneity_pressure/episode9/step12,14,1,no_prefix
3,-41.89836502075195,-23.005014419555664,-21.139741897583008,heterogeneity_pressure,8,train,seed8/heterogeneity_pressure/episode9/step12,14,1,no_prefix
4,-41.89836502075195,-24.436819076538086,-16.65157699584961,heterogeneity_pressure,8,train,seed8/heterogeneity_pressure/episode9/step12,14,1,no_prefix
5,-41.89836502075195,-19.98539924621582,-17.226974487304688,heterogeneity_pressure,8,train,seed8/heterogeneity_pressure/episode9/step12,14,1,no_prefix
4,-41.89836502075195,-29.748361587524414,-20.04399299621582,heterogeneity_pressure,8,train,seed8/heterogeneity_pressure/episode9/step12,14,2,no_prefix
5,-41.89836502075195,-32.11484909057617,-20.259544372558594,heterogeneity_pressure,8,train,seed8/heterogeneity_pressure/episode9/step12,14,2,no_prefix
5,-14.050912857055664,-0.8201633095741272,4.719646453857422,heterogeneity_pressure,8,train,seed8/heterogeneity_pressure/episode5/step40,14,0,no_prefix
5,-14.050912857055664,-1.115088939666748,6.384616851806641,heterogeneity_pressure,8,train,seed8/heterogeneity_pressure/episode5/step40,14,1,no_prefix
1,-14.050912857055664,-1.3136887550354004,-0.11754417419433594,heterogeneity_pressure,8,train,seed8/heterogeneity_pressure/episode5/step40,14,2,no_prefix
5,-14.050912857055664,-1.5664178133010864,-1.7336273193359375,heterogeneity_pressure,8,train,seed8/heterogeneity_pressure/episode5/step40,14,2,no_prefix
5,-41.35121154785156,-18.37588882446289,-13.023491859436035,heterogeneity_pressure,8,train,seed8/heterogeneity_pressure/episode3/step30,14,0,no_prefix
5,-41.35121154785156,-20.48017120361328,-11.203636169433594,heterogeneity_pressure,8,train,seed8/heterogeneity_pressure/episode3/step30,14,1,no_prefix
3,-41.35121154785156,-22.882488250732422,-11.254487991333008,heterogeneity_pressure,8,train,seed8/heterogeneity_pressure/episode3/step30,14,2,no_prefix
5,-41.35121154785156,-23.39225959777832,-12.310297012329102,heterogeneity_pressure,8,train,seed8/heterogeneity_pressure/episode3/step30,14,2,no_prefix
5,-13.094359397888184,-29.47755241394043,-28.946456909179688,heterogeneity_pressure,8,test,seed8/heterogeneity_pressure/episode16/step11,14,0,no_prefix
0,-13.094359397888184,-37.5859489440918,-30.775508880615234,heterogeneity_pressure,8,test,seed8/heterogeneity_pressure/episode16/step11,14,1,no_prefix
1,-13.094359397888184,-27.50814437866211,-27.25701332092285,heterogeneity_pressure,8,test,seed8/heterogeneity_pressure/episode16/step11,14,1,no_prefix
4,-13.094359397888184,-35.097530364990234,-26.469018936157227,heterogeneity_pressure,8,test,seed8/heterogeneity_pressure/episode16/step11,14,1,no_prefix
5,-13.094359397888184,-42.76420211791992,-26.176040649414062,heterogeneity_pressure,8,test,seed8/heterogeneity_pressure/episode16/step11,14,1,no_prefix
4,-13.094359397888184,-35.98424530029297,-27.402881622314453,heterogeneity_pressure,8,test,seed8/heterogeneity_pressure/episode16/step11,14,2,no_prefix
5,-13.094359397888184,-31.61025619506836,-28.149818420410156,heterogeneity_pressure,8,test,seed8/heterogeneity_pressure/episode16/step11,14,2,no_prefix
5,-35.68598556518555,-55.87950897216797,-16.59676742553711,medium,10,validation,seed10/medium/episode7/step5,14,0,no_prefix
0,-35.68598556518555,-60.30918502807617,-20.348731994628906,medium,10,validation,seed10/medium/episode7/step5,14,1,no_prefix
1,-35.68598556518555,-55.957305908203125,-21.958789825439453,medium,10,validation,seed10/medium/episode7/step5,14,1,no_prefix
2,-35.68598556518555,-55.957305908203125,-24.103805541992188,medium,10,validation,seed10/medium/episode7/step5,14,1,no_prefix
3,-35.68598556518555,-60.55872344970703,-20.72498893737793,medium,10,validation,seed10/medium/episode7/step5,14,1,no_prefix
4,-35.68598556518555,-55.957305908203125,-18.525402069091797,medium,10,validation,seed10/medium/episode7/step5,14,1,no_prefix
5,-35.68598556518555,-52.83570098876953,-17.165742874145508,medium,10,validation,seed10/medium/episode7/step5,14,1,no_prefix
0,-35.68598556518555,-66.3775863647461,-18.331661224365234,medium,10,validation,seed10/medium/episode7/step5,14,2,no_prefix
3,-35.68598556518555,-66.3775863647461,-19.162750244140625,medium,10,validation,seed10/medium/episode7/step5,14,2,no_prefix
5,-35.68598556518555,-47.52043533325195,-15.934273719787598,medium,10,validation,seed10/medium/episode7/step5,14,2,no_prefix
5,-41.86380386352539,-31.02754020690918,-13.196539878845215,medium,10,train,seed10/medium/episode15/step24,14,0,no_prefix
5,-41.86380386352539,-26.491273880004883,-10.749581336975098,medium,10,train,seed10/medium/episode15/step24,14,1,no_prefix
0,-41.86380386352539,-23.024757385253906,-17.59458351135254,medium,10,train,seed10/medium/episode15/step24,14,2,no_prefix
1,-41.86380386352539,-22.034337997436523,-19.484477996826172,medium,10,train,seed10/medium/episode15/step24,14,2,no_prefix
3,-41.86380386352539,-22.377193450927734,-19.704504013061523,medium,10,train,seed10/medium/episode15/step24,14,2,no_prefix
5,-41.86380386352539,-24.454883575439453,-19.877832412719727,medium,10,train,seed10/medium/episode15/step24,14,2,no_prefix
4,-15.354440689086914,-2.157315969467163,3.411439895629883,medium,10,train,seed10/medium/episode1/step16,14,0,no_prefix
5,-15.354440689086914,-3.736421585083008,7.189487457275391,medium,10,train,seed10/medium/episode1/step16,14,0,no_prefix
5,-15.354440689086914,-10.530824661254883,1.530517578125,medium,10,train,seed10/medium/episode1/step16,14,1,no_prefix
5,-15.354440689086914,-13.574185371398926,1.7481269836425781,medium,10,train,seed10/medium/episode1/step16,14,2,no_prefix
5,-55.76152038574219,-31.1512451171875,-24.516155242919922,medium,10,train,seed10/medium/episode10/step22,14,0,no_prefix
5,-55.76152038574219,-32.70480728149414,-21.986007690429688,medium,10,train,seed10/medium/episode10/step22,14,1,no_prefix
1,-55.76152038574219,-22.69593048095703,-25.31654167175293,medium,10,train,seed10/medium/episode10/step22,14,2,no_prefix
3,-55.76152038574219,-25.175235748291016,-26.895998001098633,medium,10,train,seed10/medium/episode10/step22,14,2,no_prefix
4,-55.76152038574219,-22.688711166381836,-26.753103256225586,medium,10,train,seed10/medium/episode10/step22,14,2,no_prefix
5,-55.76152038574219,-27.154003143310547,-27.887187957763672,medium,10,train,seed10/medium/episode10/step22,14,2,no_prefix
5,-50.72065734863281,-19.28573989868164,-26.738588333129883,medium,10,train,seed10/medium/episode8/step18,14,0,no_prefix
5,-50.72065734863281,-17.641267776489258,-24.223840713500977,medium,10,train,seed10/medium/episode8/step18,14,1,no_prefix
3,-50.72065734863281,-20.39323616027832,-23.405502319335938,medium,10,train,seed10/medium/episode8/step18,14,2,no_prefix
5,-50.72065734863281,-18.16260528564453,-23.306610107421875,medium,10,train,seed10/medium/episode8/step18,14,2,no_prefix
5,-40.21684265136719,-1.3780397176742554,-6.081806182861328,medium,10,test,seed10/medium/episode5/step26,14,0,no_prefix
5,-40.21684265136719,-1.896801233291626,-3.7253570556640625,medium,10,test,seed10/medium/episode5/step26,14,1,no_prefix
3,-40.21684265136719,-1.8980512619018555,-6.8694305419921875,medium,10,test,seed10/medium/episode5/step26,14,2,no_prefix
5,-40.21684265136719,-1.9039369821548462,-8.103938102722168,medium,10,test,seed10/medium/episode5/step26,14,2,no_prefix
0,-38.125389099121094,-22.54469108581543,-29.45142364501953,medium,10,test,seed10/medium/episode4/step0,14,0,no_prefix
1,-38.125389099121094,-28.730648040771484,-28.309349060058594,medium,10,test,seed10/medium/episode4/step0,14,0,no_prefix
2,-38.125389099121094,-34.44580841064453,-32.82661437988281,medium,10,test,seed10/medium/episode4/step0,14,0,no_prefix
5,-38.125389099121094,-28.73064613342285,-26.510957717895508,medium,10,test,seed10/medium/episode4/step0,14,0,no_prefix
0,-38.125389099121094,-20.424787521362305,-28.102174758911133,medium,10,test,seed10/medium/episode4/step0,14,1,no_prefix
1,-38.125389099121094,-23.55385398864746,-26.008398056030273,medium,10,test,seed10/medium/episode4/step0,14,1,no_prefix
2,-38.125389099121094,-23.55385398864746,-30.350940704345703,medium,10,test,seed10/medium/episode4/step0,14,1,no_prefix
5,-38.125389099121094,-17.332595825195312,-23.93219566345215,medium,10,test,seed10/medium/episode4/step0,14,1,no_prefix
5,-38.125389099121094,-14.990696907043457,-24.330617904663086,medium,10,test,seed10/medium/episode4/step0,14,2,no_prefix
1,-43.29454803466797,-24.99823570251465,-24.904855728149414,medium,10,train,seed10/medium/episode10/step5,14,0,no_prefix
2,-43.29454803466797,-27.326887130737305,-29.207775115966797,medium,10,train,seed10/medium/episode10/step5,14,0,no_prefix
4,-43.29454803466797,-27.326887130737305,-30.025253295898438,medium,10,train,seed10/medium/episode10/step5,14,0,no_prefix
5,-43.29454803466797,-26.53093147277832,-24.392101287841797,medium,10,train,seed10/medium/episode10/step5,14,0,no_prefix
5,-43.29454803466797,-31.026714324951172,-19.669986724853516,medium,10,train,seed10/medium/episode10/step5,14,1,no_prefix
5,-43.29454803466797,-21.823978424072266,-22.53945541381836,medium,10,train,seed10/medium/episode10/step5,14,2,no_prefix
5,-52.20142364501953,-14.420633316040039,-21.12848472595215,medium,10,test,seed10/medium/episode8/step30,14,0,no_prefix
5,-52.20142364501953,-15.110915184020996,-18.643505096435547,medium,10,test,seed10/medium/episode8/step30,14,1,no_prefix
4,-52.20142364501953,-15.294081687927246,-20.913721084594727,medium,10,test,seed10/medium/episode8/step30,14,2,no_prefix
5,-52.20142364501953,-15.901695251464844,-20.749704360961914,medium,10,test,seed10/medium/episode8/step30,14,2,no_prefix
1,-36.333717346191406,-24.703922271728516,-22.32439422607422,medium,10,validation,seed10/medium/episode11/step2,14,0,no_prefix
2,-36.333717346191406,-25.797178268432617,-21.943897247314453,medium,10,validation,seed10/medium/episode11/step2,14,0,no_prefix
3,-36.333717346191406,-26.191118240356445,-25.628047943115234,medium,10,validation,seed10/medium/episode11/step2,14,0,no_prefix
5,-36.333717346191406,-26.371273040771484,-19.670236587524414,medium,10,validation,seed10/medium/episode11/step2,14,0,no_prefix
2,-36.333717346191406,-18.616596221923828,-15.146474838256836,medium,10,validation,seed10/medium/episode11/step2,14,1,no_prefix
4,-36.333717346191406,-20.727283477783203,-17.63452911376953,medium,10,validation,seed10/medium/episode11/step2,14,1,no_prefix
5,-36.333717346191406,-20.96011734008789,-12.688249588012695,medium,10,validation,seed10/medium/episode11/step2,14,1,no_prefix
5,-36.333717346191406,-14.309948921203613,-18.46261978149414,medium,10,validation,seed10/medium/episode11/step2,14,2,no_prefix
5,-54.48463439941406,-39.168922424316406,-23.969093322753906,medium,10,train,seed10/medium/episode3/step17,14,0,no_prefix
5,-54.48463439941406,-36.869503021240234,-21.397855758666992,medium,10,train,seed10/medium/episode3/step17,14,1,no_prefix
1,-54.48463439941406,-30.206525802612305,-31.661605834960938,medium,10,train,seed10/medium/episode3/step17,14,2,no_prefix
5,-54.48463439941406,-30.34027862548828,-31.895612716674805,medium,10,train,seed10/medium/episode3/step17,14,2,no_prefix
5,-51.40619659423828,-14.173257827758789,-17.039546966552734,medium,10,train,seed10/medium/episode12/step3,14,0,no_prefix
0,-51.40619659423828,-15.643163681030273,-24.288082122802734,medium,10,train,seed10/medium/episode12/step3,14,1,no_prefix
1,-51.40619659423828,-21.415624618530273,-22.956010818481445,medium,10,train,seed10/medium/episode12/step3,14,1,no_prefix
2,-51.40619659423828,-16.50662612915039,-23.137514114379883,medium,10,train,seed10/medium/episode12/step3,14,1,no_prefix
4,-51.40619659423828,-17.357559204101562,-23.64723777770996,medium,10,train,seed10/medium/episode12/step3,14,1,no_prefix
5,-51.40619659423828,-25.153074264526367,-21.387399673461914,medium,10,train,seed10/medium/episode12/step3,14,1,no_prefix
5,-51.40619659423828,-24.997943878173828,-21.5966739654541,medium,10,train,seed10/medium/episode12/step3,14,2,no_prefix
5,-31.546545028686523,-9.02413272857666,-8.706572532653809,medium,10,train,seed10/medium/episode5/step12,14,0,no_prefix
5,-31.546545028686523,-14.530287742614746,-6.326419830322266,medium,10,train,seed10/medium/episode5/step12,14,1,no_prefix
3,-31.546545028686523,-9.952210426330566,-5.8252105712890625,medium,10,train,seed10/medium/episode5/step12,14,2,no_prefix
5,-31.546545028686523,-1.920183777809143,-5.081439971923828,medium,10,train,seed10/medium/episode5/step12,14,2,no_prefix
5,-37.825347900390625,1.0332249402999878,-30.50432777404785,medium,10,validation,seed10/medium/episode9/step13,14,0,no_prefix
5,-37.825347900390625,-0.4318791627883911,-27.963537216186523,medium,10,validation,seed10/medium/episode9/step13,14,1,no_prefix
1,-37.825347900390625,-4.53907585144043,-32.913787841796875,medium,10,validation,seed10/medium/episode9/step13,14,2,no_prefix
5,-37.825347900390625,-4.579248905181885,-35.422203063964844,medium,10,validation,seed10/medium/episode9/step13,14,2,no_prefix
5,-11.840337753295898,7.620176315307617,9.747737884521484,medium,10,train,seed10/medium/episode1/step40,14,0,no_prefix
5,-11.840337753295898,7.128280162811279,12.001644134521484,medium,10,train,seed10/medium/episode1/step40,14,1,no_prefix
1,-11.840337753295898,6.893083572387695,8.897848129272461,medium,10,train,seed10/medium/episode1/step40,14,2,no_prefix
5,-11.840337753295898,3.765859365463257,7.268211364746094,medium,10,train,seed10/medium/episode1/step40,14,2,no_prefix
0,-32.780826568603516,-36.680728912353516,-9.434379577636719,time_pressure,10,train,seed10/time_pressure/episode17/step4,14,0,no_prefix
1,-32.780826568603516,-18.68159294128418,-8.203158378601074,time_pressure,10,train,seed10/time_pressure/episode17/step4,14,0,no_prefix
2,-32.780826568603516,-6.104510307312012,-9.26425552368164,time_pressure,10,train,seed10/time_pressure/episode17/step4,14,0,no_prefix
3,-32.780826568603516,-21.79892921447754,-9.944419860839844,time_pressure,10,train,seed10/time_pressure/episode17/step4,14,0,no_prefix
4,-32.780826568603516,-29.252639770507812,-10.927885055541992,time_pressure,10,train,seed10/time_pressure/episode17/step4,14,0,no_prefix
5,-32.780826568603516,-28.6420955657959,-8.124939918518066,time_pressure,10,train,seed10/time_pressure/episode17/step4,14,0,no_prefix
0,-32.780826568603516,0.32874318957328796,-7.657959938049316,time_pressure,10,train,seed10/time_pressure/episode17/step4,14,1,no_prefix
1,-32.780826568603516,0.32874318957328796,-5.822452545166016,time_pressure,10,train,seed10/time_pressure/episode17/step4,14,1,no_prefix
2,-32.780826568603516,12.691333770751953,-4.983095169067383,time_pressure,10,train,seed10/time_pressure/episode17/step4,14,1,no_prefix
3,-32.780826568603516,0.47014516592025757,-6.659187316894531,time_pressure,10,train,seed10/time_pressure/episode17/step4,14,1,no_prefix
4,-32.780826568603516,13.072425842285156,-6.55015754699707,time_pressure,10,train,seed10/time_pressure/episode17/step4,14,1,no_prefix
5,-32.780826568603516,-16.217052459716797,-5.411890029907227,time_pressure,10,train,seed10/time_pressure/episode17/step4,14,1,no_prefix
2,-32.780826568603516,-8.995748519897461,-11.044021606445312,time_pressure,10,train,seed10/time_pressure/episode17/step4,14,2,no_prefix
3,-32.780826568603516,-8.37341594696045,-10.969884872436523,time_pressure,10,train,seed10/time_pressure/episode17/step4,14,2,no_prefix
5,-32.780826568603516,-8.69400405883789,-10.28667163848877,time_pressure,10,train,seed10/time_pressure/episode17/step4,14,2,no_prefix
5,-12.364377975463867,-0.23333290219306946,-13.575396537780762,time_pressure,10,train,seed10/time_pressure/episode2/step16,14,0,no_prefix
5,-12.364377975463867,-20.81153106689453,-11.039652824401855,time_pressure,10,train,seed10/time_pressure/episode2/step16,14,1,no_prefix
4,-12.364377975463867,-4.30639123916626,-11.1734037399292,time_pressure,10,train,seed10/time_pressure/episode2/step16,14,2,no_prefix
5,-12.364377975463867,-1.2189213037490845,-11.026987075805664,time_pressure,10,train,seed10/time_pressure/episode2/step16,14,2,no_prefix
0,-33.68705749511719,-38.635337829589844,-19.33437728881836,time_pressure,10,test,seed10/time_pressure/episode13/step2,14,0,no_prefix
2,-33.68705749511719,-32.22697830200195,-20.644004821777344,time_pressure,10,test,seed10/time_pressure/episode13/step2,14,0,no_prefix
4,-33.68705749511719,-33.35552215576172,-22.312301635742188,time_pressure,10,test,seed10/time_pressure/episode13/step2,14,0,no_prefix
5,-33.68705749511719,-31.707569122314453,-17.66288185119629,time_pressure,10,test,seed10/time_pressure/episode13/step2,14,0,no_prefix
1,-33.68705749511719,-24.88421058654785,-28.079381942749023,time_pressure,10,test,seed10/time_pressure/episode13/step2,14,1,no_prefix
2,-33.68705749511719,-24.577547073364258,-24.758689880371094,time_pressure,10,test,seed10/time_pressure/episode13/step2,14,1,no_prefix
5,-33.68705749511719,-24.018342971801758,-20.572620391845703,time_pressure,10,test,seed10/time_pressure/episode13/step2,14,1,no_prefix
5,-33.68705749511719,-30.824386596679688,-20.638263702392578,time_pressure,10,test,seed10/time_pressure/episode13/step2,14,2,no_prefix
5,-33.07527542114258,-39.6837272644043,-32.516937255859375,time_pressure,10,train,seed10/time_pressure/episode7/step9,14,0,no_prefix
1,-33.07527542114258,-26.42143440246582,-32.887149810791016,time_pressure,10,train,seed10/time_pressure/episode7/step9,14,1,no_prefix
2,-33.07527542114258,-36.100372314453125,-36.181312561035156,time_pressure,10,train,seed10/time_pressure/episode7/step9,14,1,no_prefix
4,-33.07527542114258,-26.61481475830078,-31.729354858398438,time_pressure,10,train,seed10/time_pressure/episode7/step9,14,1,no_prefix
5,-33.07527542114258,-36.14894485473633,-32.51405334472656,time_pressure,10,train,seed10/time_pressure/episode7/step9,14,1,no_prefix
1,-33.07527542114258,-46.95102310180664,-39.666236877441406,time_pressure,10,train,seed10/time_pressure/episode7/step9,14,2,no_prefix
5,-33.07527542114258,-42.86922836303711,-39.548370361328125,time_pressure,10,train,seed10/time_pressure/episode7/step9,14,2,no_prefix
1,-29.5692138671875,-21.90455436706543,-24.692167282104492,time_pressure,10,train,seed10/time_pressure/episode6/step2,14,0,no_prefix
3,-29.5692138671875,-23.093769073486328,-22.80622100830078,time_pressure,10,train,seed10/time_pressure/episode6/step2,14,0,no_prefix
4,-29.5692138671875,-21.747642517089844,-23.036500930786133,time_pressure,10,train,seed10/time_pressure/episode6/step2,14,0,no_prefix
5,-29.5692138671875,-24.489959716796875,-21.316505432128906,time_pressure,10,train,seed10/time_pressure/episode6/step2,14,0,no_prefix
1,-29.5692138671875,-26.203153610229492,-23.41647720336914,time_pressure,10,train,seed10/time_pressure/episode6/step2,14,1,no_prefix
3,-29.5692138671875,-26.203153610229492,-20.742700576782227,time_pressure,10,train,seed10/time_pressure/episode6/step2,14,1,no_prefix
5,-29.5692138671875,-28.36974334716797,-18.90854835510254,time_pressure,10,train,seed10/time_pressure/episode6/step2,14,1,no_prefix
5,-29.5692138671875,-34.7044792175293,-23.928342819213867,time_pressure,10,train,seed10/time_pressure/episode6/step2,14,2,no_prefix
5,-44.84532165527344,-17.421295166015625,-50.67073059082031,time_pressure,10,train,seed10/time_pressure/episode16/step9,14,0,no_prefix
5,-44.84532165527344,-65.22337341308594,-48.26093673706055,time_pressure,10,train,seed10/time_pressure/episode16/step9,14,1,no_prefix
0,-44.84532165527344,-73.95187377929688,-59.18375778198242,time_pressure,10,train,seed10/time_pressure/episode16/step9,14,2,no_prefix
1,-44.84532165527344,-65.7739028930664,-54.88435745239258,time_pressure,10,train,seed10/time_pressure/episode16/step9,14,2,no_prefix
4,-44.84532165527344,-71.34691619873047,-55.66032028198242,time_pressure,10,train,seed10/time_pressure/episode16/step9,14,2,no_prefix
5,-44.84532165527344,-70.97869873046875,-56.22270584106445,time_pressure,10,train,seed10/time_pressure/episode16/step9,14,2,no_prefix
5,-46.35187911987305,-77.09550476074219,-51.67466354370117,time_pressure,10,train,seed10/time_pressure/episode16/step10,14,0,no_prefix
5,-46.35187911987305,-59.04667663574219,-49.27808380126953,time_pressure,10,train,seed10/time_pressure/episode16/step10,14,1,no_prefix
0,-46.35187911987305,-82.70098114013672,-60.31670379638672,time_pressure,10,train,seed10/time_pressure/episode16/step10,14,2,no_prefix
1,-46.35187911987305,-66.52872467041016,-56.26747512817383,time_pressure,10,train,seed10/time_pressure/episode16/step10,14,2,no_prefix
4,-46.35187911987305,-72.26375579833984,-57.012474060058594,time_pressure,10,train,seed10/time_pressure/episode16/step10,14,2,no_prefix
5,-46.35187911987305,-72.59828186035156,-57.848175048828125,time_pressure,10,train,seed10/time_pressure/episode16/step10,14,2,no_prefix
5,-30.79086685180664,-8.568219184875488,-16.550552368164062,time_pressure,10,validation,seed10/time_pressure/episode15/step14,14,0,no_prefix
5,-30.79086685180664,-12.198286056518555,-14.005695343017578,time_pressure,10,validation,seed10/time_pressure/episode15/step14,14,1,no_prefix
1,-30.79086685180664,-6.0362982749938965,-23.594989776611328,time_pressure,10,validation,seed10/time_pressure/episode15/step14,14,2,no_prefix
5,-30.79086685180664,-6.082505226135254,-22.607389450073242,time_pressure,10,validation,seed10/time_pressure/episode15/step14,14,2,no_prefix
5,-35.37253189086914,-51.63031005859375,-40.44356918334961,time_pressure,10,test,seed10/time_pressure/episode7/step12,14,0,no_prefix
5,-35.37253189086914,-48.780174255371094,-38.02382278442383,time_pressure,10,test,seed10/time_pressure/episode7/step12,14,1,no_prefix
1,-35.37253189086914,-43.77391815185547,-46.27216339111328,time_pressure,10,test,seed10/time_pressure/episode7/step12,14,2,no_prefix
4,-35.37253189086914,-35.68687057495117,-44.768959045410156,time_pressure,10,test,seed10/time_pressure/episode7/step12,14,2,no_prefix
5,-35.37253189086914,-43.95708465576172,-46.688331604003906,time_pressure,10,test,seed10/time_pressure/episode7/step12,14,2,no_prefix
5,-54.286766052246094,-49.65937805175781,-44.68257522583008,time_pressure,10,train,seed10/time_pressure/episode4/step12,14,0,no_prefix
5,-54.286766052246094,-61.54647445678711,-42.175270080566406,time_pressure,10,train,seed10/time_pressure/episode4/step12,14,1,no_prefix
2,-54.286766052246094,-65.97720336914062,-51.4746208190918,time_pressure,10,train,seed10/time_pressure/episode4/step12,14,2,no_prefix
3,-54.286766052246094,-70.48692321777344,-52.81913757324219,time_pressure,10,train,seed10/time_pressure/episode4/step12,14,2,no_prefix
5,-54.286766052246094,-65.97906494140625,-50.2132453918457,time_pressure,10,train,seed10/time_pressure/episode4/step12,14,2,no_prefix
5,-13.580699920654297,-43.26108932495117,-32.27296829223633,time_pressure,10,validation,seed10/time_pressure/episode10/step14,14,0,no_prefix
5,-13.580699920654297,-36.904335021972656,-29.752750396728516,time_pressure,10,validation,seed10/time_pressure/episode10/step14,14,1,no_prefix
1,-13.580699920654297,-37.1174430847168,-37.6949462890625,time_pressure,10,validation,seed10/time_pressure/episode10/step14,14,2,no_prefix
5,-13.580699920654297,-33.564735412597656,-38.710350036621094,time_pressure,10,validation,seed10/time_pressure/episode10/step14,14,2,no_prefix
5,-10.575489044189453,-17.48856544494629,-29.85564422607422,time_pressure,10,validation,seed10/time_pressure/episode10/step8,14,0,no_prefix
5,-10.575489044189453,-14.4224853515625,-27.339723587036133,time_pressure,10,validation,seed10/time_pressure/episode10/step8,14,1,no_prefix
1,-10.575489044189453,-18.692123413085938,-34.932228088378906,time_pressure,10,validation,seed10/time_pressure/episode10/step8,14,2,no_prefix
5,-10.575489044189453,-18.807222366333008,-33.61781692504883,time_pressure,10,validation,seed10/time_pressure/episode10/step8,14,2,no_prefix
1,-28.793285369873047,-31.893980026245117,-23.61423683166504,time_pressure,10,train,seed10/time_pressure/episode3/step7,14,0,no_prefix
2,-28.793285369873047,-30.205974578857422,-21.630634307861328,time_pressure,10,train,seed10/time_pressure/episode3/step7,14,0,no_prefix
5,-28.793285369873047,-24.612285614013672,-21.41738510131836,time_pressure,10,train,seed10/time_pressure/episode3/step7,14,0,no_prefix
5,-28.793285369873047,-1.5589079856872559,-12.369783401489258,time_pressure,10,train,seed10/time_pressure/episode3/step7,14,1,no_prefix
1,-28.793285369873047,-20.561504364013672,-24.044736862182617,time_pressure,10,train,seed10/time_pressure/episode3/step7,14,2,no_prefix
5,-28.793285369873047,-20.661182403564453,-23.144287109375,time_pressure,10,train,seed10/time_pressure/episode3/step7,14,2,no_prefix
5,-57.466217041015625,-46.90613555908203,-29.913095474243164,time_pressure,10,train,seed10/time_pressure/episode11/step26,14,0,no_prefix
5,-57.466217041015625,-32.320556640625,-27.429767608642578,time_pressure,10,train,seed10/time_pressure/episode11/step26,14,1,no_prefix
2,-57.466217041015625,-40.386505126953125,-31.286035537719727,time_pressure,10,train,seed10/time_pressure/episode11/step26,14,2,no_prefix
3,-57.466217041015625,-40.386505126953125,-30.856708526611328,time_pressure,10,train,seed10/time_pressure/episode11/step26,14,2,no_prefix
4,-57.466217041015625,-40.386505126953125,-28.894866943359375,time_pressure,10,train,seed10/time_pressure/episode11/step26,14,2,no_prefix
5,-57.466217041015625,-43.738609313964844,-32.715641021728516,time_pressure,10,train,seed10/time_pressure/episode11/step26,14,2,no_prefix
5,-46.59867477416992,-14.837443351745605,-36.45152282714844,time_pressure,10,test,seed10/time_pressure/episode1/step16,14,0,no_prefix
5,-46.59867477416992,-35.28004837036133,-33.99872970581055,time_pressure,10,test,seed10/time_pressure/episode1/step16,14,1,no_prefix
1,-46.59867477416992,-33.70951843261719,-44.0195198059082,time_pressure,10,test,seed10/time_pressure/episode1/step16,14,2,no_prefix
2,-46.59867477416992,-33.70951843261719,-44.613746643066406,time_pressure,10,test,seed10/time_pressure/episode1/step16,14,2,no_prefix
4,-46.59867477416992,-33.70951843261719,-43.229156494140625,time_pressure,10,test,seed10/time_pressure/episode1/step16,14,2,no_prefix
5,-46.59867477416992,-40.005157470703125,-44.23973083496094,time_pressure,10,test,seed10/time_pressure/episode1/step16,14,2,no_prefix
5,-58.83220672607422,-38.66096878051758,-36.035709381103516,heterogeneity_pressure,10,train,seed10/heterogeneity_pressure/episode6/step19,14,0,no_prefix
5,-58.83220672607422,-37.06432342529297,-34.45970916748047,heterogeneity_pressure,10,train,seed10/heterogeneity_pressure/episode6/step19,14,1,no_prefix
3,-58.83220672607422,-32.142147064208984,-30.43156623840332,heterogeneity_pressure,10,train,seed10/heterogeneity_pressure/episode6/step19,14,2,no_prefix
4,-58.83220672607422,-32.142147064208984,-31.398319244384766,heterogeneity_pressure,10,train,seed10/heterogeneity_pressure/episode6/step19,14,2,no_prefix
5,-58.83220672607422,-31.54319953918457,-31.546371459960938,heterogeneity_pressure,10,train,seed10/heterogeneity_pressure/episode6/step19,14,2,no_prefix
5,-50.585025787353516,-24.075105667114258,-16.449485778808594,heterogeneity_pressure,10,train,seed10/heterogeneity_pressure/episode14/step21,14,0,no_prefix
5,-50.585025787353516,-26.947134017944336,-14.540820121765137,heterogeneity_pressure,10,train,seed10/heterogeneity_pressure/episode14/step21,14,1,no_prefix
0,-50.585025787353516,-24.11383628845215,-18.287303924560547,heterogeneity_pressure,10,train,seed10/heterogeneity_pressure/episode14/step21,14,2,no_prefix
2,-50.585025787353516,-26.49840545654297,-19.934349060058594,heterogeneity_pressure,10,train,seed10/heterogeneity_pressure/episode14/step21,14,2,no_prefix
5,-50.585025787353516,-28.76556968688965,-20.24990463256836,heterogeneity_pressure,10,train,seed10/heterogeneity_pressure/episode14/step21,14,2,no_prefix
0,-38.196128845214844,-9.163990020751953,-27.976696014404297,heterogeneity_pressure,10,test,seed10/heterogeneity_pressure/episode7/step2,14,0,no_prefix
1,-38.196128845214844,-13.489645004272461,-29.00054931640625,heterogeneity_pressure,10,test,seed10/heterogeneity_pressure/episode7/step2,14,0,no_prefix
2,-38.196128845214844,-8.96423625946045,-28.298320770263672,heterogeneity_pressure,10,test,seed10/heterogeneity_pressure/episode7/step2,14,0,no_prefix
3,-38.196128845214844,-12.908406257629395,-28.415021896362305,heterogeneity_pressure,10,test,seed10/heterogeneity_pressure/episode7/step2,14,0,no_prefix
4,-38.196128845214844,-8.053070068359375,-28.040971755981445,heterogeneity_pressure,10,test,seed10/heterogeneity_pressure/episode7/step2,14,0,no_prefix
5,-38.196128845214844,-19.270116806030273,-25.205322265625,heterogeneity_pressure,10,test,seed10/heterogeneity_pressure/episode7/step2,14,0,no_prefix
0,-38.196128845214844,-22.523283004760742,-22.136587142944336,heterogeneity_pressure,10,test,seed10/heterogeneity_pressure/episode7/step2,14,1,no_prefix
2,-38.196128845214844,-22.523283004760742,-22.98716163635254,heterogeneity_pressure,10,test,seed10/heterogeneity_pressure/episode7/step2,14,1,no_prefix
5,-38.196128845214844,-24.002248764038086,-18.954675674438477,heterogeneity_pressure,10,test,seed10/heterogeneity_pressure/episode7/step2,14,1,no_prefix
5,-38.196128845214844,-17.880714416503906,-24.211009979248047,heterogeneity_pressure,10,test,seed10/heterogeneity_pressure/episode7/step2,14,2,no_prefix
5,-38.58123779296875,-28.087331771850586,-21.288650512695312,heterogeneity_pressure,10,test,seed10/heterogeneity_pressure/episode2/step23,14,0,no_prefix
5,-38.58123779296875,-12.319510459899902,-19.46458625793457,heterogeneity_pressure,10,test,seed10/heterogeneity_pressure/episode2/step23,14,1,no_prefix
0,-38.58123779296875,-21.47611427307129,-24.176067352294922,heterogeneity_pressure,10,test,seed10/heterogeneity_pressure/episode2/step23,14,2,no_prefix
2,-38.58123779296875,-28.587726593017578,-25.831100463867188,heterogeneity_pressure,10,test,seed10/heterogeneity_pressure/episode2/step23,14,2,no_prefix
3,-38.58123779296875,-22.938146591186523,-25.16733741760254,heterogeneity_pressure,10,test,seed10/heterogeneity_pressure/episode2/step23,14,2,no_prefix
5,-38.58123779296875,-24.743135452270508,-26.180707931518555,heterogeneity_pressure,10,test,seed10/heterogeneity_pressure/episode2/step23,14,2,no_prefix
1,-39.98905944824219,-24.093046188354492,-23.359285354614258,heterogeneity_pressure,10,train,seed10/heterogeneity_pressure/episode2/step1,14,0,no_prefix
3,-39.98905944824219,-19.301279067993164,-24.747652053833008,heterogeneity_pressure,10,train,seed10/heterogeneity_pressure/episode2/step1,14,0,no_prefix
4,-39.98905944824219,-22.357072830200195,-23.447622299194336,heterogeneity_pressure,10,train,seed10/heterogeneity_pressure/episode2/step1,14,0,no_prefix
5,-39.98905944824219,-22.43428611755371,-20.53929328918457,heterogeneity_pressure,10,train,seed10/heterogeneity_pressure/episode2/step1,14,0,no_prefix
5,-39.98905944824219,-25.5206241607666,-19.191753387451172,heterogeneity_pressure,10,train,seed10/heterogeneity_pressure/episode2/step1,14,1,no_prefix
5,-39.98905944824219,-20.704065322875977,-25.64447021484375,heterogeneity_pressure,10,train,seed10/heterogeneity_pressure/episode2/step1,14,2,no_prefix
5,-38.9393310546875,-28.762115478515625,-20.670848846435547,heterogeneity_pressure,10,test,seed10/heterogeneity_pressure/episode2/step24,14,0,no_prefix
5,-38.9393310546875,-26.229232788085938,-18.846851348876953,heterogeneity_pressure,10,test,seed10/heterogeneity_pressure/episode2/step24,14,1,no_prefix
0,-38.9393310546875,-17.024948120117188,-23.061248779296875,heterogeneity_pressure,10,test,seed10/heterogeneity_pressure/episode2/step24,14,2,no_prefix
2,-38.9393310546875,-23.69082260131836,-24.906911849975586,heterogeneity_pressure,10,test,seed10/heterogeneity_pressure/episode2/step24,14,2,no_prefix
3,-38.9393310546875,-23.69082260131836,-24.267107009887695,heterogeneity_pressure,10,test,seed10/heterogeneity_pressure/episode2/step24,14,2,no_prefix
5,-38.9393310546875,-25.455245971679688,-25.554161071777344,heterogeneity_pressure,10,test,seed10/heterogeneity_pressure/episode2/step24,14,2,no_prefix
5,-45.44908142089844,-7.2376604080200195,-23.46929359436035,heterogeneity_pressure,10,validation,seed10/heterogeneity_pressure/episode7/step26,14,0,no_prefix
5,-45.44908142089844,-17.316743850708008,-21.734853744506836,heterogeneity_pressure,10,validation,seed10/heterogeneity_pressure/episode7/step26,14,1,no_prefix
1,-45.44908142089844,-7.2078399658203125,-28.859107971191406,heterogeneity_pressure,10,validation,seed10/heterogeneity_pressure/episode7/step26,14,2,no_prefix
5,-45.44908142089844,-13.645308494567871,-31.429237365722656,heterogeneity_pressure,10,validation,seed10/heterogeneity_pressure/episode7/step26,14,2,no_prefix
5,-20.816810607910156,-16.07911491394043,-8.302852630615234,heterogeneity_pressure,10,train,seed10/heterogeneity_pressure/episode9/step24,14,0,no_prefix
5,-20.816810607910156,-14.442678451538086,-6.517887115478516,heterogeneity_pressure,10,train,seed10/heterogeneity_pressure/episode9/step24,14,1,no_prefix
0,-20.816810607910156,-13.864917755126953,-18.890541076660156,heterogeneity_pressure,10,train,seed10/heterogeneity_pressure/episode9/step24,14,2,no_prefix
1,-20.816810607910156,-13.909819602966309,-20.557598114013672,heterogeneity_pressure,10,train,seed10/heterogeneity_pressure/episode9/step24,14,2,no_prefix
2,-20.816810607910156,-10.30628776550293,-16.85506820678711,heterogeneity_pressure,10,train,seed10/heterogeneity_pressure/episode9/step24,14,2,no_prefix
5,-20.816810607910156,-15.747425079345703,-20.731658935546875,heterogeneity_pressure,10,train,seed10/heterogeneity_pressure/episode9/step24,14,2,no_prefix
0,-41.504188537597656,-17.263614654541016,-22.90760612487793,heterogeneity_pressure,10,validation,seed10/heterogeneity_pressure/episode14/step3,14,0,no_prefix
1,-41.504188537597656,-17.360780715942383,-28.47633171081543,heterogeneity_pressure,10,validation,seed10/heterogeneity_pressure/episode14/step3,14,0,no_prefix
4,-41.504188537597656,-20.049043655395508,-22.515056610107422,heterogeneity_pressure,10,validation,seed10/heterogeneity_pressure/episode14/step3,14,0,no_prefix
5,-41.504188537597656,-17.062252044677734,-19.51213836669922,heterogeneity_pressure,10,validation,seed10/heterogeneity_pressure/episode14/step3,14,0,no_prefix
0,-41.504188537597656,-21.08688735961914,-21.857006072998047,heterogeneity_pressure,10,validation,seed10/heterogeneity_pressure/episode14/step3,14,1,no_prefix
1,-41.504188537597656,-21.08688735961914,-25.229549407958984,heterogeneity_pressure,10,validation,seed10/heterogeneity_pressure/episode14/step3,14,1,no_prefix
4,-41.504188537597656,-20.81922721862793,-19.037654876708984,heterogeneity_pressure,10,validation,seed10/heterogeneity_pressure/episode14/step3,14,1,no_prefix
5,-41.504188537597656,-22.920564651489258,-17.568767547607422,heterogeneity_pressure,10,validation,seed10/heterogeneity_pressure/episode14/step3,14,1,no_prefix
5,-41.504188537597656,-28.65008544921875,-20.848840713500977,heterogeneity_pressure,10,validation,seed10/heterogeneity_pressure/episode14/step3,14,2,no_prefix
5,-36.69670867919922,-44.103363037109375,-33.964385986328125,heterogeneity_pressure,10,validation,seed10/heterogeneity_pressure/episode3/step12,14,0,no_prefix
5,-36.69670867919922,-55.59968185424805,-32.29703140258789,heterogeneity_pressure,10,validation,seed10/heterogeneity_pressure/episode3/step12,14,1,no_prefix
1,-36.69670867919922,-40.278221130371094,-40.96787643432617,heterogeneity_pressure,10,validation,seed10/heterogeneity_pressure/episode3/step12,14,2,no_prefix
5,-36.69670867919922,-36.55768585205078,-41.798095703125,heterogeneity_pressure,10,validation,seed10/heterogeneity_pressure/episode3/step12,14,2,no_prefix
5,-51.90120315551758,-34.20975875854492,-20.842355728149414,heterogeneity_pressure,10,train,seed10/heterogeneity_pressure/episode5/step28,14,0,no_prefix
5,-51.90120315551758,-27.370765686035156,-19.0384578704834,heterogeneity_pressure,10,train,seed10/heterogeneity_pressure/episode5/step28,14,1,no_prefix
0,-51.90120315551758,-33.25312805175781,-31.917417526245117,heterogeneity_pressure,10,train,seed10/heterogeneity_pressure/episode5/step28,14,2,no_prefix
1,-51.90120315551758,-36.06590270996094,-29.996164321899414,heterogeneity_pressure,10,train,seed10/heterogeneity_pressure/episode5/step28,14,2,no_prefix
2,-51.90120315551758,-35.79221725463867,-31.027271270751953,heterogeneity_pressure,10,train,seed10/heterogeneity_pressure/episode5/step28,14,2,no_prefix
3,-51.90120315551758,-26.431835174560547,-30.072132110595703,heterogeneity_pressure,10,train,seed10/heterogeneity_pressure/episode5/step28,14,2,no_prefix
5,-51.90120315551758,-33.51583480834961,-33.71729278564453,heterogeneity_pressure,10,train,seed10/heterogeneity_pressure/episode5/step28,14,2,no_prefix
5,-35.575931549072266,-26.57111358642578,-18.37195587158203,heterogeneity_pressure,10,train,seed10/heterogeneity_pressure/episode2/step20,14,0,no_prefix
5,-35.575931549072266,-10.801885604858398,-16.554203033447266,heterogeneity_pressure,10,train,seed10/heterogeneity_pressure/episode2/step20,14,1,no_prefix
0,-35.575931549072266,-13.672247886657715,-16.59705924987793,heterogeneity_pressure,10,train,seed10/heterogeneity_pressure/episode2/step20,14,2,no_prefix
3,-35.575931549072266,-13.672247886657715,-17.147390365600586,heterogeneity_pressure,10,train,seed10/heterogeneity_pressure/episode2/step20,14,2,no_prefix
5,-35.575931549072266,-8.164082527160645,-17.239713668823242,heterogeneity_pressure,10,train,seed10/heterogeneity_pressure/episode2/step20,14,2,no_prefix
0,-33.939884185791016,-33.39618682861328,-25.3604793548584,heterogeneity_pressure,10,train,seed10/heterogeneity_pressure/episode4/step3,14,0,no_prefix
1,-33.939884185791016,-30.177461624145508,-19.238937377929688,heterogeneity_pressure,10,train,seed10/heterogeneity_pressure/episode4/step3,14,0,no_prefix
2,-33.939884185791016,-31.998798370361328,-21.78404426574707,heterogeneity_pressure,10,train,seed10/heterogeneity_pressure/episode4/step3,14,0,no_prefix
3,-33.939884185791016,-33.39618682861328,-23.37187957763672,heterogeneity_pressure,10,train,seed10/heterogeneity_pressure/episode4/step3,14,0,no_prefix
5,-33.939884185791016,-27.088605880737305,-20.063730239868164,heterogeneity_pressure,10,train,seed10/heterogeneity_pressure/episode4/step3,14,0,no_prefix
5,-33.939884185791016,-33.062042236328125,-15.114890098571777,heterogeneity_pressure,10,train,seed10/heterogeneity_pressure/episode4/step3,14,1,no_prefix
1,-33.939884185791016,-28.230480194091797,-24.160419464111328,heterogeneity_pressure,10,train,seed10/heterogeneity_pressure/episode4/step3,14,2,no_prefix
5,-33.939884185791016,-31.333965301513672,-25.018047332763672,heterogeneity_pressure,10,train,seed10/heterogeneity_pressure/episode4/step3,14,2,no_prefix
5,-21.775144577026367,0.2643786668777466,1.733602523803711,heterogeneity_pressure,10,train,seed10/heterogeneity_pressure/episode8/step22,14,0,no_prefix
3,-21.775144577026367,-3.66011905670166,2.693990707397461,heterogeneity_pressure,10,train,seed10/heterogeneity_pressure/episode8/step22,14,1,no_prefix
5,-21.775144577026367,-3.601792573928833,8.435922622680664,heterogeneity_pressure,10,train,seed10/heterogeneity_pressure/episode8/step22,14,1,no_prefix
5,-21.775144577026367,-3.66011905670166,3.5962390899658203,heterogeneity_pressure,10,train,seed10/heterogeneity_pressure/episode8/step22,14,2,no_prefix
5,-51.97251510620117,-27.609771728515625,-22.726303100585938,heterogeneity_pressure,10,train,seed10/heterogeneity_pressure/episode6/step4,14,0,no_prefix
1,-51.97251510620117,-31.595455169677734,-26.512577056884766,heterogeneity_pressure,10,train,seed10/heterogeneity_pressure/episode6/step4,14,1,no_prefix
3,-51.97251510620117,-32.502044677734375,-25.15264320373535,heterogeneity_pressure,10,train,seed10/heterogeneity_pressure/episode6/step4,14,1,no_prefix
4,-51.97251510620117,-32.502044677734375,-26.270362854003906,heterogeneity_pressure,10,train,seed10/heterogeneity_pressure/episode6/step4,14,1,no_prefix
5,-51.97251510620117,-31.995540618896484,-20.649343490600586,heterogeneity_pressure,10,train,seed10/heterogeneity_pressure/episode6/step4,14,1,no_prefix
5,-51.97251510620117,-32.19270706176758,-25.25714111328125,heterogeneity_pressure,10,train,seed10/heterogeneity_pressure/episode6/step4,14,2,no_prefix
1,-29.492202758789062,-33.10894012451172,-28.347440719604492,medium,8,train,seed8/medium/episode2/step11,15,0,no_prefix
2,-29.492202758789062,-35.710018157958984,-27.646953582763672,medium,8,train,seed8/medium/episode2/step11,15,0,no_prefix
4,-29.492202758789062,-35.71991729736328,-27.628400802612305,medium,8,train,seed8/medium/episode2/step11,15,0,no_prefix
5,-29.492202758789062,-34.18324279785156,-25.696435928344727,medium,8,train,seed8/medium/episode2/step11,15,0,no_prefix
0,-29.492202758789062,-28.808088302612305,-28.505367279052734,medium,8,train,seed8/medium/episode2/step11,15,1,no_prefix
1,-29.492202758789062,-26.458133697509766,-28.264385223388672,medium,8,train,seed8/medium/episode2/step11,15,1,no_prefix
3,-29.492202758789062,-28.89006996154785,-28.745616912841797,medium,8,train,seed8/medium/episode2/step11,15,1,no_prefix
5,-29.492202758789062,-33.381927490234375,-25.588382720947266,medium,8,train,seed8/medium/episode2/step11,15,1,no_prefix
1,-29.492202758789062,-30.486421585083008,-27.142704010009766,medium,8,train,seed8/medium/episode2/step11,15,2,no_prefix
5,-29.492202758789062,-34.01565933227539,-24.442609786987305,medium,8,train,seed8/medium/episode2/step11,15,2,no_prefix
0,-35.447757720947266,-26.981813430786133,-25.638477325439453,medium,8,train,seed8/medium/episode9/step0,15,0,no_prefix
2,-35.447757720947266,-18.885452270507812,-25.211322784423828,medium,8,train,seed8/medium/episode9/step0,15,0,no_prefix
5,-35.447757720947266,-16.642976760864258,-23.41602325439453,medium,8,train,seed8/medium/episode9/step0,15,0,no_prefix
0,-35.447757720947266,-18.09736442565918,-26.02136993408203,medium,8,train,seed8/medium/episode9/step0,15,1,no_prefix
2,-35.447757720947266,-18.09736442565918,-25.589441299438477,medium,8,train,seed8/medium/episode9/step0,15,1,no_prefix
3,-35.447757720947266,-18.09736442565918,-26.58405303955078,medium,8,train,seed8/medium/episode9/step0,15,1,no_prefix
5,-35.447757720947266,-17.964075088500977,-23.817058563232422,medium,8,train,seed8/medium/episode9/step0,15,1,no_prefix
5,-35.447757720947266,-11.5684175491333,-22.28058624267578,medium,8,train,seed8/medium/episode9/step0,15,2,no_prefix
5,-33.44831466674805,-3.587488889694214,-21.554309844970703,medium,8,train,seed8/medium/episode4/step1,15,0,no_prefix
5,-33.44831466674805,-9.670360565185547,-21.569782257080078,medium,8,train,seed8/medium/episode4/step1,15,1,no_prefix
3,-33.44831466674805,-10.562413215637207,-24.25238037109375,medium,8,train,seed8/medium/episode4/step1,15,2,no_prefix
5,-33.44831466674805,-11.683401107788086,-21.87906265258789,medium,8,train,seed8/medium/episode4/step1,15,2,no_prefix
5,-38.55025100708008,-12.062366485595703,-21.871461868286133,medium,8,validation,seed8/medium/episode4/step17,15,0,no_prefix
0,-38.55025100708008,-6.02097225189209,-26.468835830688477,medium,8,validation,seed8/medium/episode4/step17,15,1,no_prefix
1,-38.55025100708008,-4.549280643463135,-26.91596794128418,medium,8,validation,seed8/medium/episode4/step17,15,1,no_prefix
2,-38.55025100708008,-4.620107173919678,-26.562488555908203,medium,8,validation,seed8/medium/episode4/step17,15,1,no_prefix
5,-38.55025100708008,-5.573254585266113,-23.5524845123291,medium,8,validation,seed8/medium/episode4/step17,15,1,no_prefix
2,-38.55025100708008,-10.311877250671387,-25.38499641418457,medium,8,validation,seed8/medium/episode4/step17,15,2,no_prefix
5,-38.55025100708008,-12.753405570983887,-22.39590072631836,medium,8,validation,seed8/medium/episode4/step17,15,2,no_prefix
5,-31.04770278930664,-23.385412216186523,-24.893970489501953,medium,8,train,seed8/medium/episode15/step20,15,0,no_prefix
5,-31.04770278930664,-28.9300594329834,-24.867700576782227,medium,8,train,seed8/medium/episode15/step20,15,1,no_prefix
3,-31.04770278930664,-13.946529388427734,-27.649629592895508,medium,8,train,seed8/medium/episode15/step20,15,2,no_prefix
5,-31.04770278930664,-11.914278030395508,-24.92610740661621,medium,8,train,seed8/medium/episode15/step20,15,2,no_prefix
5,4.333680629730225,6.330555438995361,-22.309499740600586,medium,8,validation,seed8/medium/episode7/step36,15,0,no_prefix
5,4.333680629730225,2.202897787094116,-22.291980743408203,medium,8,validation,seed8/medium/episode7/step36,15,1,no_prefix
1,4.333680629730225,3.450153350830078,-25.336894989013672,medium,8,validation,seed8/medium/episode7/step36,15,2,no_prefix
3,4.333680629730225,2.7973337173461914,-25.77814483642578,medium,8,validation,seed8/medium/episode7/step36,15,2,no_prefix
5,4.333680629730225,1.8345015048980713,-23.127553939819336,medium,8,validation,seed8/medium/episode7/step36,15,2,no_prefix
0,-26.813440322875977,-12.698175430297852,-26.495698928833008,medium,8,train,seed8/medium/episode3/step0,15,0,no_prefix
1,-26.813440322875977,-12.2223539352417,-25.259973526000977,medium,8,train,seed8/medium/episode3/step0,15,0,no_prefix
5,-26.813440322875977,-5.456620216369629,-23.32339096069336,medium,8,train,seed8/medium/episode3/step0,15,0,no_prefix
0,-26.813440322875977,-21.449033737182617,-27.261775970458984,medium,8,train,seed8/medium/episode3/step0,15,1,no_prefix
1,-26.813440322875977,-18.53394889831543,-26.030414581298828,medium,8,train,seed8/medium/episode3/step0,15,1,no_prefix
2,-26.813440322875977,-22.274194717407227,-26.162609100341797,medium,8,train,seed8/medium/episode3/step0,15,1,no_prefix
5,-26.813440322875977,-5.57970666885376,-24.1095027923584,medium,8,train,seed8/medium/episode3/step0,15,1,no_prefix
1,-26.813440322875977,-16.29863166809082,-24.84874153137207,medium,8,train,seed8/medium/episode3/step0,15,2,no_prefix
5,-26.813440322875977,-13.24433422088623,-22.96102523803711,medium,8,train,seed8/medium/episode3/step0,15,2,no_prefix
5,-0.9851009249687195,-10.886966705322266,-21.62529754638672,medium,8,test,seed8/medium/episode17/step37,15,0,no_prefix
5,-0.9851009249687195,-8.048867225646973,-21.609846115112305,medium,8,test,seed8/medium/episode17/step37,15,1,no_prefix
2,-0.9851009249687195,-10.674211502075195,-24.39605712890625,medium,8,test,seed8/medium/episode17/step37,15,2,no_prefix
3,-0.9851009249687195,-6.5601701736450195,-25.00338363647461,medium,8,test,seed8/medium/episode17/step37,15,2,no_prefix
5,-0.9851009249687195,-10.049506187438965,-22.44127655029297,medium,8,test,seed8/medium/episode17/step37,15,2,no_prefix
5,-48.39737319946289,-21.931419372558594,-22.401262283325195,medium,8,train,seed8/medium/episode6/step19,15,0,no_prefix
5,-48.39737319946289,-14.924541473388672,-22.40690803527832,medium,8,train,seed8/medium/episode6/step19,15,1,no_prefix
0,-48.39737319946289,-13.654547691345215,-25.09016227722168,medium,8,train,seed8/medium/episode6/step19,15,2,no_prefix
5,-48.39737319946289,-8.585113525390625,-22.389314651489258,medium,8,train,seed8/medium/episode6/step19,15,2,no_prefix
5,-15.448270797729492,-10.367734909057617,-23.904136657714844,medium,8,train,seed8/medium/episode2/step20,15,0,no_prefix
5,-15.448270797729492,-13.286519050598145,-23.915199279785156,medium,8,train,seed8/medium/episode2/step20,15,1,no_prefix
2,-15.448270797729492,-13.715262413024902,-26.250865936279297,medium,8,train,seed8/medium/episode2/step20,15,2,no_prefix
5,-15.448270797729492,-15.595102310180664,-24.381206512451172,medium,8,train,seed8/medium/episode2/step20,15,2,no_prefix
5,-37.370094299316406,-8.017800331115723,-21.84830093383789,medium,8,test,seed8/medium/episode4/step15,15,0,no_prefix
0,-37.370094299316406,-11.572137832641602,-26.453014373779297,medium,8,test,seed8/medium/episode4/step15,15,1,no_prefix
1,-37.370094299316406,-5.1192755699157715,-26.911470413208008,medium,8,test,seed8/medium/episode4/step15,15,1,no_prefix
2,-37.370094299316406,-4.75659704208374,-26.561275482177734,medium,8,test,seed8/medium/episode4/step15,15,1,no_prefix
5,-37.370094299316406,-10.10085678100586,-23.530323028564453,medium,8,test,seed8/medium/episode4/step15,15,1,no_prefix
5,-37.370094299316406,-14.092737197875977,-21.659610748291016,medium,8,test,seed8/medium/episode4/step15,15,2,no_prefix
1,-37.51372528076172,-10.54308795928955,-26.903104782104492,medium,8,validation,seed8/medium/episode12/step14,15,0,no_prefix
2,-37.51372528076172,-9.292527198791504,-25.768051147460938,medium,8,validation,seed8/medium/episode12/step14,15,0,no_prefix
4,-37.51372528076172,-10.488576889038086,-26.999980926513672,medium,8,validation,seed8/medium/episode12/step14,15,0,no_prefix
5,-37.51372528076172,-0.37721431255340576,-24.17247200012207,medium,8,validation,seed8/medium/episode12/step14,15,0,no_prefix
0,-37.51372528076172,-11.632478713989258,-26.971323013305664,medium,8,validation,seed8/medium/episode12/step14,15,1,no_prefix
1,-37.51372528076172,-13.118612289428711,-26.729598999023438,medium,8,validation,seed8/medium/episode12/step14,15,1,no_prefix
4,-37.51372528076172,-10.281124114990234,-26.836429595947266,medium,8,validation,seed8/medium/episode12/step14,15,1,no_prefix
5,-37.51372528076172,-11.875988006591797,-24.013591766357422,medium,8,validation,seed8/medium/episode12/step14,15,1,no_prefix
5,-37.51372528076172,-9.637031555175781,-22.413686752319336,medium,8,validation,seed8/medium/episode12/step14,15,2,no_prefix
0,-33.2150993347168,-33.374916076660156,-29.597978591918945,medium,8,train,seed8/medium/episode2/step15,15,0,no_prefix
1,-33.2150993347168,-32.93619918823242,-29.274436950683594,medium,8,train,seed8/medium/episode2/step15,15,0,no_prefix
2,-33.2150993347168,-26.554828643798828,-28.580917358398438,medium,8,train,seed8/medium/episode2/step15,15,0,no_prefix
3,-33.2150993347168,-28.814056396484375,-29.755088806152344,medium,8,train,seed8/medium/episode2/step15,15,0,no_prefix
4,-33.2150993347168,-33.07803726196289,-28.638463973999023,medium,8,train,seed8/medium/episode2/step15,15,0,no_prefix
5,-33.2150993347168,-28.29136085510254,-26.697385787963867,medium,8,train,seed8/medium/episode2/step15,15,0,no_prefix
0,-33.2150993347168,-34.90782165527344,-29.267070770263672,medium,8,train,seed8/medium/episode2/step15,15,1,no_prefix
1,-33.2150993347168,-18.301359176635742,-28.972196578979492,medium,8,train,seed8/medium/episode2/step15,15,1,no_prefix
2,-33.2150993347168,-28.205732345581055,-28.27111053466797,medium,8,train,seed8/medium/episode2/step15,15,1,no_prefix
3,-33.2150993347168,-28.783782958984375,-29.447355270385742,medium,8,train,seed8/medium/episode2/step15,15,1,no_prefix
5,-33.2150993347168,-25.361066818237305,-26.373186111450195,medium,8,train,seed8/medium/episode2/step15,15,1,no_prefix
1,-33.2150993347168,-26.40006446838379,-27.25400733947754,medium,8,train,seed8/medium/episode2/step15,15,2,no_prefix
5,-33.2150993347168,-27.37781524658203,-24.608009338378906,medium,8,train,seed8/medium/episode2/step15,15,2,no_prefix
5,-7.551610946655273,-22.827241897583008,-22.453702926635742,medium,8,train,seed8/medium/episode7/step8,15,0,no_prefix
2,-7.551610946655273,-20.074052810668945,-25.28443145751953,medium,8,train,seed8/medium/episode7/step8,15,1,no_prefix
4,-7.551610946655273,-21.82307243347168,-25.0192813873291,medium,8,train,seed8/medium/episode7/step8,15,1,no_prefix
5,-7.551610946655273,-19.989810943603516,-23.375154495239258,medium,8,train,seed8/medium/episode7/step8,15,1,no_prefix
5,-7.551610946655273,-22.747802734375,-21.947011947631836,medium,8,train,seed8/medium/episode7/step8,15,2,no_prefix
5,-42.05026626586914,-37.09263610839844,-21.967119216918945,medium,8,test,seed8/medium/episode11/step4,15,0,no_prefix
0,-42.05026626586914,3.3420968055725098,-27.371723175048828,medium,8,test,seed8/medium/episode11/step4,15,1,no_prefix
1,-42.05026626586914,-18.884119033813477,-26.024433135986328,medium,8,test,seed8/medium/episode11/step4,15,1,no_prefix
2,-42.05026626586914,-16.048072814941406,-27.255521774291992,medium,8,test,seed8/medium/episode11/step4,15,1,no_prefix
3,-42.05026626586914,-9.627930641174316,-26.53909683227539,medium,8,test,seed8/medium/episode11/step4,15,1,no_prefix
5,-42.05026626586914,-17.162158966064453,-24.22078514099121,medium,8,test,seed8/medium/episode11/step4,15,1,no_prefix
1,-42.05026626586914,11.115246772766113,-24.8656063079834,medium,8,test,seed8/medium/episode11/step4,15,2,no_prefix
3,-42.05026626586914,11.115246772766113,-25.43062400817871,medium,8,test,seed8/medium/episode11/step4,15,2,no_prefix
5,-42.05026626586914,0.1420089602470398,-23.100515365600586,medium,8,test,seed8/medium/episode11/step4,15,2,no_prefix
0,-14.634188652038574,4.261696815490723,-23.764413833618164,time_pressure,8,train,seed8/time_pressure/episode17/step3,15,0,no_prefix
2,-14.634188652038574,5.870260715484619,-24.494861602783203,time_pressure,8,train,seed8/time_pressure/episode17/step3,15,0,no_prefix
4,-14.634188652038574,5.920765399932861,-24.56044578552246,time_pressure,8,train,seed8/time_pressure/episode17/step3,15,0,no_prefix
5,-14.634188652038574,10.429814338684082,-22.047693252563477,time_pressure,8,train,seed8/time_pressure/episode17/step3,15,0,no_prefix
2,-14.634188652038574,5.793713569641113,-24.281869888305664,time_pressure,8,train,seed8/time_pressure/episode17/step3,15,1,no_prefix
4,-14.634188652038574,8.283580780029297,-24.35826873779297,time_pressure,8,train,seed8/time_pressure/episode17/step3,15,1,no_prefix
5,-14.634188652038574,6.379310607910156,-21.84835433959961,time_pressure,8,train,seed8/time_pressure/episode17/step3,15,1,no_prefix
2,-14.634188652038574,-6.383850574493408,-24.13387680053711,time_pressure,8,train,seed8/time_pressure/episode17/step3,15,2,no_prefix
4,-14.634188652038574,-1.8439735174179077,-24.200563430786133,time_pressure,8,train,seed8/time_pressure/episode17/step3,15,2,no_prefix
5,-14.634188652038574,-7.755964756011963,-21.712574005126953,time_pressure,8,train,seed8/time_pressure/episode17/step3,15,2,no_prefix
5,-12.54377555847168,-14.145971298217773,-20.80038833618164,time_pressure,8,train,seed8/time_pressure/episode10/step7,15,0,no_prefix
1,-12.54377555847168,-20.319665908813477,-25.97753143310547,time_pressure,8,train,seed8/time_pressure/episode10/step7,15,1,no_prefix
2,-12.54377555847168,-22.443574905395508,-25.199832916259766,time_pressure,8,train,seed8/time_pressure/episode10/step7,15,1,no_prefix
3,-12.54377555847168,-23.847597122192383,-25.314085006713867,time_pressure,8,train,seed8/time_pressure/episode10/step7,15,1,no_prefix
4,-12.54377555847168,-27.918996810913086,-24.620014190673828,time_pressure,8,train,seed8/time_pressure/episode10/step7,15,1,no_prefix
5,-12.54377555847168,-23.94202423095703,-22.623266220092773,time_pressure,8,train,seed8/time_pressure/episode10/step7,15,1,no_prefix
3,-12.54377555847168,-14.289409637451172,-23.412439346313477,time_pressure,8,train,seed8/time_pressure/episode10/step7,15,2,no_prefix
5,-12.54377555847168,-11.84142017364502,-20.712894439697266,time_pressure,8,train,seed8/time_pressure/episode10/step7,15,2,no_prefix
0,-29.865127563476562,-25.640548706054688,-23.291574478149414,time_pressure,8,validation,seed8/time_pressure/episode0/step2,15,0,no_prefix
1,-29.865127563476562,-12.728217124938965,-22.877525329589844,time_pressure,8,validation,seed8/time_pressure/episode0/step2,15,0,no_prefix
3,-29.865127563476562,-15.205229759216309,-22.716156005859375,time_pressure,8,validation,seed8/time_pressure/episode0/step2,15,0,no_prefix
5,-29.865127563476562,-1.150765061378479,-21.096710205078125,time_pressure,8,validation,seed8/time_pressure/episode0/step2,15,0,no_prefix
0,-29.865127563476562,-28.93889808654785,-24.114307403564453,time_pressure,8,validation,seed8/time_pressure/episode0/step2,15,1,no_prefix
1,-29.865127563476562,-26.039899826049805,-23.656139373779297,time_pressure,8,validation,seed8/time_pressure/episode0/step2,15,1,no_prefix
2,-29.865127563476562,-26.815553665161133,-24.552217483520508,time_pressure,8,validation,seed8/time_pressure/episode0/step2,15,1,no_prefix
4,-29.865127563476562,-25.309741973876953,-24.574983596801758,time_pressure,8,validation,seed8/time_pressure/episode0/step2,15,1,no_prefix
5,-29.865127563476562,-23.81761360168457,-21.875167846679688,time_pressure,8,validation,seed8/time_pressure/episode0/step2,15,1,no_prefix
1,-29.865127563476562,-30.156808853149414,-22.182483673095703,time_pressure,8,validation,seed8/time_pressure/episode0/step2,15,2,no_prefix
5,-29.865127563476562,-19.129053115844727,-20.431480407714844,time_pressure,8,validation,seed8/time_pressure/episode0/step2,15,2,no_prefix
5,-59.50522994995117,-74.36446380615234,-23.77212142944336,time_pressure,8,test,seed8/time_pressure/episode2/step18,15,0,no_prefix
5,-59.50522994995117,-57.90886306762695,-23.777631759643555,time_pressure,8,test,seed8/time_pressure/episode2/step18,15,1,no_prefix
0,-59.50522994995117,-61.32829284667969,-28.22340965270996,time_pressure,8,test,seed8/time_pressure/episode2/step18,15,2,no_prefix
1,-59.50522994995117,-63.19756317138672,-27.503128051757812,time_pressure,8,test,seed8/time_pressure/episode2/step18,15,2,no_prefix
3,-59.50522994995117,-53.538665771484375,-28.125391006469727,time_pressure,8,test,seed8/time_pressure/episode2/step18,15,2,no_prefix
4,-59.50522994995117,-57.24195098876953,-28.117305755615234,time_pressure,8,test,seed8/time_pressure/episode2/step18,15,2,no_prefix
5,-59.50522994995117,-65.06932067871094,-25.182004928588867,time_pressure,8,test,seed8/time_pressure/episode2/step18,15,2,no_prefix
5,-32.757591247558594,8.118378639221191,-20.78754425048828,time_pressure,8,train,seed8/time_pressure/episode16/step22,15,0,no_prefix
5,-32.757591247558594,-5.0014848709106445,-20.80824851989746,time_pressure,8,train,seed8/time_pressure/episode16/step22,15,1,no_prefix
4,-32.757591247558594,22.540985107421875,-23.81751823425293,time_pressure,8,train,seed8/time_pressure/episode16/step22,15,2,no_prefix
5,-32.757591247558594,8.338809967041016,-20.89569091796875,time_pressure,8,train,seed8/time_pressure/episode16/step22,15,2,no_prefix
5,-56.540401458740234,-56.82118606567383,-23.22592544555664,time_pressure,8,test,seed8/time_pressure/episode2/step15,15,0,no_prefix
5,-56.540401458740234,-56.65013122558594,-23.281538009643555,time_pressure,8,test,seed8/time_pressure/episode2/step15,15,1,no_prefix
0,-56.540401458740234,-53.21440887451172,-27.11173439025879,time_pressure,8,test,seed8/time_pressure/episode2/step15,15,2,no_prefix
3,-56.540401458740234,-53.21440887451172,-27.007654190063477,time_pressure,8,test,seed8/time_pressure/episode2/step15,15,2,no_prefix
4,-56.540401458740234,-53.21440887451172,-27.034414291381836,time_pressure,8,test,seed8/time_pressure/episode2/step15,15,2,no_prefix
5,-56.540401458740234,-59.69396209716797,-24.01963233947754,time_pressure,8,test,seed8/time_pressure/episode2/step15,15,2,no_prefix
0,-52.9025993347168,-32.12995529174805,-28.68258285522461,time_pressure,8,train,seed8/time_pressure/episode11/step16,15,0,no_prefix
1,-52.9025993347168,-32.06916046142578,-28.348037719726562,time_pressure,8,train,seed8/time_pressure/episode11/step16,15,0,no_prefix
2,-52.9025993347168,-26.168453216552734,-27.469053268432617,time_pressure,8,train,seed8/time_pressure/episode11/step16,15,0,no_prefix
3,-52.9025993347168,-30.01949691772461,-27.309160232543945,time_pressure,8,train,seed8/time_pressure/episode11/step16,15,0,no_prefix
4,-52.9025993347168,-28.768707275390625,-28.052379608154297,time_pressure,8,train,seed8/time_pressure/episode11/step16,15,0,no_prefix
5,-52.9025993347168,-27.733718872070312,-25.500703811645508,time_pressure,8,train,seed8/time_pressure/episode11/step16,15,0,no_prefix
5,-52.9025993347168,-15.674344062805176,-23.14447021484375,time_pressure,8,train,seed8/time_pressure/episode11/step16,15,1,no_prefix
0,-52.9025993347168,-41.60237503051758,-28.06682586669922,time_pressure,8,train,seed8/time_pressure/episode11/step16,15,2,no_prefix
1,-52.9025993347168,-49.2067756652832,-27.719167709350586,time_pressure,8,train,seed8/time_pressure/episode11/step16,15,2,no_prefix
2,-52.9025993347168,-49.2067756652832,-26.829710006713867,time_pressure,8,train,seed8/time_pressure/episode11/step16,15,2,no_prefix
4,-52.9025993347168,-49.2067756652832,-27.42494010925293,time_pressure,8,train,seed8/time_pressure/episode11/step16,15,2,no_prefix
5,-52.9025993347168,-22.799285888671875,-24.89678192138672,time_pressure,8,train,seed8/time_pressure/episode11/step16,15,2,no_prefix
0,-35.00529479980469,-41.886539459228516,-22.215608596801758,time_pressure,8,train,seed8/time_pressure/episode13/step0,15,0,no_prefix
1,-35.00529479980469,-44.126991271972656,-23.4298095703125,time_pressure,8,train,seed8/time_pressure/episode13/step0,15,0,no_prefix
3,-35.00529479980469,-44.727420806884766,-22.635568618774414,time_pressure,8,train,seed8/time_pressure/episode13/step0,15,0,no_prefix
5,-35.00529479980469,-26.63924789428711,-20.637371063232422,time_pressure,8,train,seed8/time_pressure/episode13/step0,15,0,no_prefix
1,-35.00529479980469,-34.4774169921875,-24.074857711791992,time_pressure,8,train,seed8/time_pressure/episode13/step0,15,1,no_prefix
2,-35.00529479980469,-36.44472885131836,-24.60232925415039,time_pressure,8,train,seed8/time_pressure/episode13/step0,15,1,no_prefix
3,-35.00529479980469,-36.44472885131836,-23.322404861450195,time_pressure,8,train,seed8/time_pressure/episode13/step0,15,1,no_prefix
4,-35.00529479980469,-27.2710018157959,-24.612470626831055,time_pressure,8,train,seed8/time_pressure/episode13/step0,15,1,no_prefix
5,-35.00529479980469,-19.675100326538086,-21.330814361572266,time_pressure,8,train,seed8/time_pressure/episode13/step0,15,1,no_prefix
5,-35.00529479980469,-33.321475982666016,-19.199790954589844,time_pressure,8,train,seed8/time_pressure/episode13/step0,15,2,no_prefix
5,10.870283126831055,-4.251091480255127,-19.230199813842773,time_pressure,8,train,seed8/time_pressure/episode9/step35,15,0,no_prefix
5,10.870283126831055,-4.4449639320373535,-19.240488052368164,time_pressure,8,train,seed8/time_pressure/episode9/step35,15,1,no_prefix
4,10.870283126831055,-7.17270040512085,-21.056400299072266,time_pressure,8,train,seed8/time_pressure/episode9/step35,15,2,no_prefix
5,10.870283126831055,-11.856842041015625,-19.386730194091797,time_pressure,8,train,seed8/time_pressure/episode9/step35,15,2,no_prefix
5,-14.520394325256348,1.8083842992782593,-20.15871238708496,time_pressure,8,train,seed8/time_pressure/episode15/step7,15,0,no_prefix
4,-14.520394325256348,0.6055953502655029,-23.4566593170166,time_pressure,8,train,seed8/time_pressure/episode15/step7,15,1,no_prefix
5,-14.520394325256348,9.040234565734863,-20.46221160888672,time_pressure,8,train,seed8/time_pressure/episode15/step7,15,1,no_prefix
5,-14.520394325256348,-3.676816463470459,-19.987640380859375,time_pressure,8,train,seed8/time_pressure/episode15/step7,15,2,no_prefix
5,-24.699077606201172,-21.053157806396484,-24.096900939941406,time_pressure,8,validation,seed8/time_pressure/episode12/step27,15,0,no_prefix
5,-24.699077606201172,-16.328664779663086,-24.101167678833008,time_pressure,8,validation,seed8/time_pressure/episode12/step27,15,1,no_prefix
0,-24.699077606201172,-19.209224700927734,-28.03958511352539,time_pressure,8,validation,seed8/time_pressure/episode12/step27,15,2,no_prefix
1,-24.699077606201172,-21.68877410888672,-27.90540313720703,time_pressure,8,validation,seed8/time_pressure/episode12/step27,15,2,no_prefix
4,-24.699077606201172,-17.343713760375977,-27.147064208984375,time_pressure,8,validation,seed8/time_pressure/episode12/step27,15,2,no_prefix
5,-24.699077606201172,-25.950592041015625,-25.2346248626709,time_pressure,8,validation,seed8/time_pressure/episode12/step27,15,2,no_prefix
5,-21.368650436401367,-26.50551414489746,-21.825380325317383,time_pressure,8,validation,seed8/time_pressure/episode8/step14,15,0,no_prefix
1,-21.368650436401367,-10.095391273498535,-26.6460018157959,time_pressure,8,validation,seed8/time_pressure/episode8/step14,15,1,no_prefix
2,-21.368650436401367,-4.6209540367126465,-25.243206024169922,time_pressure,8,validation,seed8/time_pressure/episode8/step14,15,1,no_prefix
3,-21.368650436401367,-12.604879379272461,-25.836700439453125,time_pressure,8,validation,seed8/time_pressure/episode8/step14,15,1,no_prefix
4,-21.368650436401367,-4.74187707901001,-25.926618576049805,time_pressure,8,validation,seed8/time_pressure/episode8/step14,15,1,no_prefix
5,-21.368650436401367,-16.336193084716797,-23.628849029541016,time_pressure,8,validation,seed8/time_pressure/episode8/step14,15,1,no_prefix
3,-21.368650436401367,-29.64705467224121,-24.43362045288086,time_pressure,8,validation,seed8/time_pressure/episode8/step14,15,2,no_prefix
4,-21.368650436401367,-23.041860580444336,-24.524356842041016,time_pressure,8,validation,seed8/time_pressure/episode8/step14,15,2,no_prefix
5,-21.368650436401367,-44.469058990478516,-22.232131958007812,time_pressure,8,validation,seed8/time_pressure/episode8/step14,15,2,no_prefix
5,-39.77165603637695,-19.601375579833984,-19.339649200439453,time_pressure,8,test,seed8/time_pressure/episode13/step20,15,0,no_prefix
1,-39.77165603637695,-24.61168098449707,-23.074756622314453,time_pressure,8,test,seed8/time_pressure/episode13/step20,15,1,no_prefix
3,-39.77165603637695,-24.947572708129883,-22.456554412841797,time_pressure,8,test,seed8/time_pressure/episode13/step20,15,1,no_prefix
4,-39.77165603637695,-14.33698558807373,-23.47237205505371,time_pressure,8,test,seed8/time_pressure/episode13/step20,15,1,no_prefix
5,-39.77165603637695,-16.484954833984375,-20.46881675720215,time_pressure,8,test,seed8/time_pressure/episode13/step20,15,1,no_prefix
1,-39.77165603637695,-4.6942291259765625,-22.966510772705078,time_pressure,8,test,seed8/time_pressure/episode13/step20,15,2,no_prefix
3,-39.77165603637695,-4.431199550628662,-22.316879272460938,time_pressure,8,test,seed8/time_pressure/episode13/step20,15,2,no_prefix
4,-39.77165603637695,-13.37242603302002,-23.36568832397461,time_pressure,8,test,seed8/time_pressure/episode13/step20,15,2,no_prefix
5,-39.77165603637695,-23.988494873046875,-20.363075256347656,time_pressure,8,test,seed8/time_pressure/episode13/step20,15,2,no_prefix
5,-16.282501220703125,-18.258764266967773,-21.7894287109375,time_pressure,8,train,seed8/time_pressure/episode8/step8,15,0,no_prefix
1,-16.282501220703125,-35.11442565917969,-26.674266815185547,time_pressure,8,train,seed8/time_pressure/episode8/step8,15,1,no_prefix
2,-16.282501220703125,-35.11442565917969,-25.202999114990234,time_pressure,8,train,seed8/time_pressure/episode8/step8,15,1,no_prefix
3,-16.282501220703125,-35.05192565917969,-25.793367385864258,time_pressure,8,train,seed8/time_pressure/episode8/step8,15,1,no_prefix
4,-16.282501220703125,-22.602405548095703,-25.91649627685547,time_pressure,8,train,seed8/time_pressure/episode8/step8,15,1,no_prefix
5,-16.282501220703125,-20.62894058227539,-23.59711456298828,time_pressure,8,train,seed8/time_pressure/episode8/step8,15,1,no_prefix
3,-16.282501220703125,-25.183115005493164,-24.328224182128906,time_pressure,8,train,seed8/time_pressure/episode8/step8,15,2,no_prefix
4,-16.282501220703125,-13.778369903564453,-24.45301055908203,time_pressure,8,train,seed8/time_pressure/episode8/step8,15,2,no_prefix
5,-16.282501220703125,-22.75790786743164,-22.142066955566406,time_pressure,8,train,seed8/time_pressure/episode8/step8,15,2,no_prefix
5,-27.448820114135742,-9.9039945602417,-21.72800636291504,time_pressure,8,train,seed8/time_pressure/episode2/step31,15,0,no_prefix
5,-27.448820114135742,-9.8414945602417,-21.71940803527832,time_pressure,8,train,seed8/time_pressure/episode2/step31,15,1,no_prefix
2,-27.448820114135742,-12.16547679901123,-24.60477638244629,time_pressure,8,train,seed8/time_pressure/episode2/step31,15,2,no_prefix
5,-27.448820114135742,-11.66547679901123,-22.33161735534668,time_pressure,8,train,seed8/time_pressure/episode2/step31,15,2,no_prefix
0,-22.217601776123047,-51.579132080078125,-26.13996696472168,heterogeneity_pressure,8,validation,seed8/heterogeneity_pressure/episode10/step11,15,0,no_prefix
1,-22.217601776123047,-34.912750244140625,-26.26585578918457,heterogeneity_pressure,8,validation,seed8/heterogeneity_pressure/episode10/step11,15,0,no_prefix
2,-22.217601776123047,-27.975473403930664,-25.492202758789062,heterogeneity_pressure,8,validation,seed8/heterogeneity_pressure/episode10/step11,15,0,no_prefix
4,-22.217601776123047,-54.25129318237305,-25.441883087158203,heterogeneity_pressure,8,validation,seed8/heterogeneity_pressure/episode10/step11,15,0,no_prefix
5,-22.217601776123047,-26.837488174438477,-23.631637573242188,heterogeneity_pressure,8,validation,seed8/heterogeneity_pressure/episode10/step11,15,0,no_prefix
5,-22.217601776123047,-64.74677276611328,-21.591659545898438,heterogeneity_pressure,8,validation,seed8/heterogeneity_pressure/episode10/step11,15,1,no_prefix
1,-22.217601776123047,-24.677980422973633,-24.655900955200195,heterogeneity_pressure,8,validation,seed8/heterogeneity_pressure/episode10/step11,15,2,no_prefix
5,-22.217601776123047,-50.53042221069336,-21.984045028686523,heterogeneity_pressure,8,validation,seed8/heterogeneity_pressure/episode10/step11,15,2,no_prefix
0,-26.131437301635742,-30.500980377197266,-26.566469192504883,heterogeneity_pressure,8,train,seed8/heterogeneity_pressure/episode0/step1,15,0,no_prefix
1,-26.131437301635742,-35.883544921875,-27.262487411499023,heterogeneity_pressure,8,train,seed8/heterogeneity_pressure/episode0/step1,15,0,no_prefix
2,-26.131437301635742,-30.806915283203125,-27.653430938720703,heterogeneity_pressure,8,train,seed8/heterogeneity_pressure/episode0/step1,15,0,no_prefix
4,-26.131437301635742,-32.82799530029297,-26.58964729309082,heterogeneity_pressure,8,train,seed8/heterogeneity_pressure/episode0/step1,15,0,no_prefix
5,-26.131437301635742,-29.249675750732422,-24.53312110900879,heterogeneity_pressure,8,train,seed8/heterogeneity_pressure/episode0/step1,15,0,no_prefix
5,-26.131437301635742,-21.092615127563477,-22.449851989746094,heterogeneity_pressure,8,train,seed8/heterogeneity_pressure/episode0/step1,15,1,no_prefix
5,-26.131437301635742,-32.49578857421875,-22.436588287353516,heterogeneity_pressure,8,train,seed8/heterogeneity_pressure/episode0/step1,15,2,no_prefix
0,-23.031288146972656,-30.436260223388672,-27.657215118408203,heterogeneity_pressure,8,train,seed8/heterogeneity_pressure/episode1/step5,15,0,no_prefix
1,-23.031288146972656,-30.843313217163086,-27.84311294555664,heterogeneity_pressure,8,train,seed8/heterogeneity_pressure/episode1/step5,15,0,no_prefix
2,-23.031288146972656,-27.491342544555664,-27.248619079589844,heterogeneity_pressure,8,train,seed8/heterogeneity_pressure/episode1/step5,15,0,no_prefix
3,-23.031288146972656,-28.615798950195312,-26.956998825073242,heterogeneity_pressure,8,train,seed8/heterogeneity_pressure/episode1/step5,15,0,no_prefix
5,-23.031288146972656,-25.739112854003906,-25.062129974365234,heterogeneity_pressure,8,train,seed8/heterogeneity_pressure/episode1/step5,15,0,no_prefix
5,-23.031288146972656,-15.78065299987793,-22.87628936767578,heterogeneity_pressure,8,train,seed8/heterogeneity_pressure/episode1/step5,15,1,no_prefix
5,-23.031288146972656,-24.654285430908203,-22.748414993286133,heterogeneity_pressure,8,train,seed8/heterogeneity_pressure/episode1/step5,15,2,no_prefix
5,-20.239990234375,-24.729141235351562,-19.56134033203125,heterogeneity_pressure,8,validation,seed8/heterogeneity_pressure/episode7/step14,15,0,no_prefix
0,-20.239990234375,-39.66286849975586,-23.07575035095215,heterogeneity_pressure,8,validation,seed8/heterogeneity_pressure/episode7/step14,15,1,no_prefix
1,-20.239990234375,-48.14617919921875,-24.0564022064209,heterogeneity_pressure,8,validation,seed8/heterogeneity_pressure/episode7/step14,15,1,no_prefix
2,-20.239990234375,-48.14617919921875,-23.937971115112305,heterogeneity_pressure,8,validation,seed8/heterogeneity_pressure/episode7/step14,15,1,no_prefix
3,-20.239990234375,-42.71379089355469,-23.32688331604004,heterogeneity_pressure,8,validation,seed8/heterogeneity_pressure/episode7/step14,15,1,no_prefix
5,-20.239990234375,-34.807987213134766,-21.337282180786133,heterogeneity_pressure,8,validation,seed8/heterogeneity_pressure/episode7/step14,15,1,no_prefix
5,-20.239990234375,-41.03832244873047,-19.159767150878906,heterogeneity_pressure,8,validation,seed8/heterogeneity_pressure/episode7/step14,15,2,no_prefix
5,-53.74814987182617,-15.408243179321289,-23.025075912475586,heterogeneity_pressure,8,train,seed8/heterogeneity_pressure/episode4/step41,15,0,no_prefix
5,-53.74814987182617,-12.455791473388672,-22.981502532958984,heterogeneity_pressure,8,train,seed8/heterogeneity_pressure/episode4/step41,15,1,no_prefix
2,-53.74814987182617,-13.761735916137695,-25.99063491821289,heterogeneity_pressure,8,train,seed8/heterogeneity_pressure/episode4/step41,15,2,no_prefix
4,-53.74814987182617,-13.072408676147461,-25.862667083740234,heterogeneity_pressure,8,train,seed8/heterogeneity_pressure/episode4/step41,15,2,no_prefix
5,-53.74814987182617,-13.733016967773438,-24.05011558532715,heterogeneity_pressure,8,train,seed8/heterogeneity_pressure/episode4/step41,15,2,no_prefix
5,-44.25516128540039,-20.439416885375977,-23.593961715698242,heterogeneity_pressure,8,test,seed8/heterogeneity_pressure/episode4/step28,15,0,no_prefix
5,-44.25516128540039,-16.284255981445312,-23.551095962524414,heterogeneity_pressure,8,test,seed8/heterogeneity_pressure/episode4/step28,15,1,no_prefix
3,-44.25516128540039,-18.03166389465332,-26.25531768798828,heterogeneity_pressure,8,test,seed8/heterogeneity_pressure/episode4/step28,15,2,no_prefix
4,-44.25516128540039,-25.132131576538086,-25.929737091064453,heterogeneity_pressure,8,test,seed8/heterogeneity_pressure/episode4/step28,15,2,no_prefix
5,-44.25516128540039,-35.15403366088867,-24.12439727783203,heterogeneity_pressure,8,test,seed8/heterogeneity_pressure/episode4/step28,15,2,no_prefix
5,4.426466464996338,2.1517786979675293,-19.825916290283203,heterogeneity_pressure,8,test,seed8/heterogeneity_pressure/episode8/step41,15,0,no_prefix
5,4.426466464996338,0.4348887801170349,-19.784439086914062,heterogeneity_pressure,8,test,seed8/heterogeneity_pressure/episode8/step41,15,1,no_prefix
0,4.426466464996338,-0.22265611588954926,-22.484363555908203,heterogeneity_pressure,8,test,seed8/heterogeneity_pressure/episode8/step41,15,2,no_prefix
5,4.426466464996338,-0.23812775313854218,-20.35883331298828,heterogeneity_pressure,8,test,seed8/heterogeneity_pressure/episode8/step41,15,2,no_prefix
5,-20.031503677368164,-0.540927529335022,-21.420513153076172,heterogeneity_pressure,8,train,seed8/heterogeneity_pressure/episode5/step47,15,0,no_prefix
5,-20.031503677368164,0.007023833692073822,-21.367748260498047,heterogeneity_pressure,8,train,seed8/heterogeneity_pressure/episode5/step47,15,1,no_prefix
1,-20.031503677368164,-0.665927529335022,-24.90074348449707,heterogeneity_pressure,8,train,seed8/heterogeneity_pressure/episode5/step47,15,2,no_prefix
5,-20.031503677368164,-0.4459399878978729,-22.11246681213379,heterogeneity_pressure,8,train,seed8/heterogeneity_pressure/episode5/step47,15,2,no_prefix
5,-10.722909927368164,0.4606660008430481,-19.71105194091797,heterogeneity_pressure,8,train,seed8/heterogeneity_pressure/episode2/step49,15,0,no_prefix
5,-10.722909927368164,-0.10000000149011612,-19.683246612548828,heterogeneity_pressure,8,train,seed8/heterogeneity_pressure/episode2/step49,15,1,no_prefix
4,-10.722909927368164,2.2676639556884766,-22.290042877197266,heterogeneity_pressure,8,train,seed8/heterogeneity_pressure/episode2/step49,15,2,no_prefix
5,-10.722909927368164,-0.10000000149011612,-19.982532501220703,heterogeneity_pressure,8,train,seed8/heterogeneity_pressure/episode2/step49,15,2,no_prefix
1,-44.46287536621094,-45.17937088012695,-28.27501106262207,heterogeneity_pressure,8,train,seed8/heterogeneity_pressure/episode9/step3,15,0,no_prefix
2,-44.46287536621094,-41.17977523803711,-27.603382110595703,heterogeneity_pressure,8,train,seed8/heterogeneity_pressure/episode9/step3,15,0,no_prefix
4,-44.46287536621094,-45.592979431152344,-27.794403076171875,heterogeneity_pressure,8,train,seed8/heterogeneity_pressure/episode9/step3,15,0,no_prefix
5,-44.46287536621094,-29.654233932495117,-25.11394691467285,heterogeneity_pressure,8,train,seed8/heterogeneity_pressure/episode9/step3,15,0,no_prefix
1,-44.46287536621094,-33.3438720703125,-28.252988815307617,heterogeneity_pressure,8,train,seed8/heterogeneity_pressure/episode9/step3,15,1,no_prefix
2,-44.46287536621094,-32.95407485961914,-27.58623504638672,heterogeneity_pressure,8,train,seed8/heterogeneity_pressure/episode9/step3,15,1,no_prefix
4,-44.46287536621094,-29.453737258911133,-27.79417610168457,heterogeneity_pressure,8,train,seed8/heterogeneity_pressure/episode9/step3,15,1,no_prefix
5,-44.46287536621094,-31.395183563232422,-25.099687576293945,heterogeneity_pressure,8,train,seed8/heterogeneity_pressure/episode9/step3,15,1,no_prefix
5,-44.46287536621094,-34.88938522338867,-23.428993225097656,heterogeneity_pressure,8,train,seed8/heterogeneity_pressure/episode9/step3,15,2,no_prefix
5,-42.721309661865234,-33.07182312011719,-22.64610481262207,heterogeneity_pressure,8,validation,seed8/heterogeneity_pressure/episode15/step15,15,0,no_prefix
5,-42.721309661865234,-29.22667121887207,-22.636280059814453,heterogeneity_pressure,8,validation,seed8/heterogeneity_pressure/episode15/step15,15,1,no_prefix
1,-42.721309661865234,-35.59503173828125,-24.912405014038086,heterogeneity_pressure,8,validation,seed8/heterogeneity_pressure/episode15/step15,15,2,no_prefix
5,-42.721309661865234,-36.510955810546875,-23.01046371459961,heterogeneity_pressure,8,validation,seed8/heterogeneity_pressure/episode15/step15,15,2,no_prefix
5,-41.89836502075195,-28.442615509033203,-23.34153175354004,heterogeneity_pressure,8,train,seed8/heterogeneity_pressure/episode9/step12,15,0,no_prefix
0,-41.89836502075195,-24.136560440063477,-27.62569808959961,heterogeneity_pressure,8,train,seed8/heterogeneity_pressure/episode9/step12,15,1,no_prefix
1,-41.89836502075195,-19.18574333190918,-27.856809616088867,heterogeneity_pressure,8,train,seed8/heterogeneity_pressure/episode9/step12,15,1,no_prefix
3,-41.89836502075195,-23.005014419555664,-27.73503303527832,heterogeneity_pressure,8,train,seed8/heterogeneity_pressure/episode9/step12,15,1,no_prefix
4,-41.89836502075195,-24.436819076538086,-27.36639404296875,heterogeneity_pressure,8,train,seed8/heterogeneity_pressure/episode9/step12,15,1,no_prefix
5,-41.89836502075195,-19.98539924621582,-24.786094665527344,heterogeneity_pressure,8,train,seed8/heterogeneity_pressure/episode9/step12,15,1,no_prefix
4,-41.89836502075195,-29.748361587524414,-25.982210159301758,heterogeneity_pressure,8,train,seed8/heterogeneity_pressure/episode9/step12,15,2,no_prefix
5,-41.89836502075195,-32.11484909057617,-23.382244110107422,heterogeneity_pressure,8,train,seed8/heterogeneity_pressure/episode9/step12,15,2,no_prefix
5,-14.050912857055664,-0.8201633095741272,-21.313663482666016,heterogeneity_pressure,8,train,seed8/heterogeneity_pressure/episode5/step40,15,0,no_prefix
5,-14.050912857055664,-1.115088939666748,-21.262149810791016,heterogeneity_pressure,8,train,seed8/heterogeneity_pressure/episode5/step40,15,1,no_prefix
1,-14.050912857055664,-1.3136887550354004,-24.69534683227539,heterogeneity_pressure,8,train,seed8/heterogeneity_pressure/episode5/step40,15,2,no_prefix
5,-14.050912857055664,-1.5664178133010864,-21.834806442260742,heterogeneity_pressure,8,train,seed8/heterogeneity_pressure/episode5/step40,15,2,no_prefix
5,-41.35121154785156,-18.37588882446289,-20.66852569580078,heterogeneity_pressure,8,train,seed8/heterogeneity_pressure/episode3/step30,15,0,no_prefix
5,-41.35121154785156,-20.48017120361328,-20.643814086914062,heterogeneity_pressure,8,train,seed8/heterogeneity_pressure/episode3/step30,15,1,no_prefix
3,-41.35121154785156,-22.882488250732422,-22.730257034301758,heterogeneity_pressure,8,train,seed8/heterogeneity_pressure/episode3/step30,15,2,no_prefix
5,-41.35121154785156,-23.39225959777832,-20.82914161682129,heterogeneity_pressure,8,train,seed8/heterogeneity_pressure/episode3/step30,15,2,no_prefix
5,-13.094359397888184,-29.47755241394043,-22.57236099243164,heterogeneity_pressure,8,test,seed8/heterogeneity_pressure/episode16/step11,15,0,no_prefix
0,-13.094359397888184,-37.5859489440918,-25.981590270996094,heterogeneity_pressure,8,test,seed8/heterogeneity_pressure/episode16/step11,15,1,no_prefix
1,-13.094359397888184,-27.50814437866211,-26.228191375732422,heterogeneity_pressure,8,test,seed8/heterogeneity_pressure/episode16/step11,15,1,no_prefix
4,-13.094359397888184,-35.097530364990234,-26.102680206298828,heterogeneity_pressure,8,test,seed8/heterogeneity_pressure/episode16/step11,15,1,no_prefix
5,-13.094359397888184,-42.76420211791992,-23.798551559448242,heterogeneity_pressure,8,test,seed8/heterogeneity_pressure/episode16/step11,15,1,no_prefix
4,-13.094359397888184,-35.98424530029297,-25.060693740844727,heterogeneity_pressure,8,test,seed8/heterogeneity_pressure/episode16/step11,15,2,no_prefix
5,-13.094359397888184,-31.61025619506836,-22.764530181884766,heterogeneity_pressure,8,test,seed8/heterogeneity_pressure/episode16/step11,15,2,no_prefix
5,-35.68598556518555,-55.87950897216797,-23.73752784729004,medium,10,validation,seed10/medium/episode7/step5,15,0,no_prefix
0,-35.68598556518555,-60.30918502807617,-28.605091094970703,medium,10,validation,seed10/medium/episode7/step5,15,1,no_prefix
1,-35.68598556518555,-55.957305908203125,-28.7545166015625,medium,10,validation,seed10/medium/episode7/step5,15,1,no_prefix
2,-35.68598556518555,-55.957305908203125,-28.705739974975586,medium,10,validation,seed10/medium/episode7/step5,15,1,no_prefix
3,-35.68598556518555,-60.55872344970703,-28.747737884521484,medium,10,validation,seed10/medium/episode7/step5,15,1,no_prefix
4,-35.68598556518555,-55.957305908203125,-28.114694595336914,medium,10,validation,seed10/medium/episode7/step5,15,1,no_prefix
5,-35.68598556518555,-52.83570098876953,-26.23386001586914,medium,10,validation,seed10/medium/episode7/step5,15,1,no_prefix
0,-35.68598556518555,-66.3775863647461,-26.634599685668945,medium,10,validation,seed10/medium/episode7/step5,15,2,no_prefix
3,-35.68598556518555,-66.3775863647461,-26.807567596435547,medium,10,validation,seed10/medium/episode7/step5,15,2,no_prefix
5,-35.68598556518555,-47.52043533325195,-24.214357376098633,medium,10,validation,seed10/medium/episode7/step5,15,2,no_prefix
5,-41.86380386352539,-31.02754020690918,-22.942472457885742,medium,10,train,seed10/medium/episode15/step24,15,0,no_prefix
5,-41.86380386352539,-26.491273880004883,-22.943593978881836,medium,10,train,seed10/medium/episode15/step24,15,1,no_prefix
0,-41.86380386352539,-23.024757385253906,-26.454444885253906,medium,10,train,seed10/medium/episode15/step24,15,2,no_prefix
1,-41.86380386352539,-22.034337997436523,-26.171710968017578,medium,10,train,seed10/medium/episode15/step24,15,2,no_prefix
3,-41.86380386352539,-22.377193450927734,-27.242393493652344,medium,10,train,seed10/medium/episode15/step24,15,2,no_prefix
5,-41.86380386352539,-24.454883575439453,-24.31778907775879,medium,10,train,seed10/medium/episode15/step24,15,2,no_prefix
4,-15.354440689086914,-2.157315969467163,-21.392881393432617,medium,10,train,seed10/medium/episode1/step16,15,0,no_prefix
5,-15.354440689086914,-3.736421585083008,-18.439668655395508,medium,10,train,seed10/medium/episode1/step16,15,0,no_prefix
5,-15.354440689086914,-10.530824661254883,-18.38564682006836,medium,10,train,seed10/medium/episode1/step16,15,1,no_prefix
5,-15.354440689086914,-13.574185371398926,-17.950841903686523,medium,10,train,seed10/medium/episode1/step16,15,2,no_prefix
5,-55.76152038574219,-31.1512451171875,-24.879426956176758,medium,10,train,seed10/medium/episode10/step22,15,0,no_prefix
5,-55.76152038574219,-32.70480728149414,-24.893142700195312,medium,10,train,seed10/medium/episode10/step22,15,1,no_prefix
1,-55.76152038574219,-22.69593048095703,-27.729557037353516,medium,10,train,seed10/medium/episode10/step22,15,2,no_prefix
3,-55.76152038574219,-25.175235748291016,-29.19576644897461,medium,10,train,seed10/medium/episode10/step22,15,2,no_prefix
4,-55.76152038574219,-22.688711166381836,-28.56085968017578,medium,10,train,seed10/medium/episode10/step22,15,2,no_prefix
5,-55.76152038574219,-27.154003143310547,-26.1069278717041,medium,10,train,seed10/medium/episode10/step22,15,2,no_prefix
5,-50.72065734863281,-19.28573989868164,-21.77777862548828,medium,10,train,seed10/medium/episode8/step18,15,0,no_prefix
5,-50.72065734863281,-17.641267776489258,-21.807723999023438,medium,10,train,seed10/medium/episode8/step18,15,1,no_prefix
3,-50.72065734863281,-20.39323616027832,-24.17742347717285,medium,10,train,seed10/medium/episode8/step18,15,2,no_prefix
5,-50.72065734863281,-18.16260528564453,-21.689388275146484,medium,10,train,seed10/medium/episode8/step18,15,2,no_prefix
5,-40.21684265136719,-1.3780397176742554,-21.874975204467773,medium,10,test,seed10/medium/episode5/step26,15,0,no_prefix
5,-40.21684265136719,-1.896801233291626,-21.864765167236328,medium,10,test,seed10/medium/episode5/step26,15,1,no_prefix
3,-40.21684265136719,-1.8980512619018555,-24.877626419067383,medium,10,test,seed10/medium/episode5/step26,15,2,no_prefix
5,-40.21684265136719,-1.9039369821548462,-22.30064582824707,medium,10,test,seed10/medium/episode5/step26,15,2,no_prefix
0,-38.125389099121094,-22.54469108581543,-24.283145904541016,medium,10,test,seed10/medium/episode4/step0,15,0,no_prefix
1,-38.125389099121094,-28.730648040771484,-24.891128540039062,medium,10,test,seed10/medium/episode4/step0,15,0,no_prefix
2,-38.125389099121094,-34.44580841064453,-24.873689651489258,medium,10,test,seed10/medium/episode4/step0,15,0,no_prefix
5,-38.125389099121094,-28.73064613342285,-22.535066604614258,medium,10,test,seed10/medium/episode4/step0,15,0,no_prefix
0,-38.125389099121094,-20.424787521362305,-24.311113357543945,medium,10,test,seed10/medium/episode4/step0,15,1,no_prefix
1,-38.125389099121094,-23.55385398864746,-24.901248931884766,medium,10,test,seed10/medium/episode4/step0,15,1,no_prefix
2,-38.125389099121094,-23.55385398864746,-24.884912490844727,medium,10,test,seed10/medium/episode4/step0,15,1,no_prefix
5,-38.125389099121094,-17.332595825195312,-22.553009033203125,medium,10,test,seed10/medium/episode4/step0,15,1,no_prefix
5,-38.125389099121094,-14.990696907043457,-20.732261657714844,medium,10,test,seed10/medium/episode4/step0,15,2,no_prefix
1,-43.29454803466797,-24.99823570251465,-28.278045654296875,medium,10,train,seed10/medium/episode10/step5,15,0,no_prefix
2,-43.29454803466797,-27.326887130737305,-29.96915054321289,medium,10,train,seed10/medium/episode10/step5,15,0,no_prefix
4,-43.29454803466797,-27.326887130737305,-29.410240173339844,medium,10,train,seed10/medium/episode10/step5,15,0,no_prefix
5,-43.29454803466797,-26.53093147277832,-26.79322052001953,medium,10,train,seed10/medium/episode10/step5,15,0,no_prefix
5,-43.29454803466797,-31.026714324951172,-25.356285095214844,medium,10,train,seed10/medium/episode10/step5,15,1,no_prefix
5,-43.29454803466797,-21.823978424072266,-24.936229705810547,medium,10,train,seed10/medium/episode10/step5,15,2,no_prefix
5,-52.20142364501953,-14.420633316040039,-21.410186767578125,medium,10,test,seed10/medium/episode8/step30,15,0,no_prefix
5,-52.20142364501953,-15.110915184020996,-21.436044692993164,medium,10,test,seed10/medium/episode8/step30,15,1,no_prefix
4,-52.20142364501953,-15.294081687927246,-24.37221908569336,medium,10,test,seed10/medium/episode8/step30,15,2,no_prefix
5,-52.20142364501953,-15.901695251464844,-21.653396606445312,medium,10,test,seed10/medium/episode8/step30,15,2,no_prefix
1,-36.333717346191406,-24.703922271728516,-25.263959884643555,medium,10,validation,seed10/medium/episode11/step2,15,0,no_prefix
2,-36.333717346191406,-25.797178268432617,-25.4526309967041,medium,10,validation,seed10/medium/episode11/step2,15,0,no_prefix
3,-36.333717346191406,-26.191118240356445,-25.2845458984375,medium,10,validation,seed10/medium/episode11/step2,15,0,no_prefix
5,-36.333717346191406,-26.371273040771484,-23.3537540435791,medium,10,validation,seed10/medium/episode11/step2,15,0,no_prefix
2,-36.333717346191406,-18.616596221923828,-24.98032569885254,medium,10,validation,seed10/medium/episode11/step2,15,1,no_prefix
4,-36.333717346191406,-20.727283477783203,-25.265621185302734,medium,10,validation,seed10/medium/episode11/step2,15,1,no_prefix
5,-36.333717346191406,-20.96011734008789,-22.905790328979492,medium,10,validation,seed10/medium/episode11/step2,15,1,no_prefix
5,-36.333717346191406,-14.309948921203613,-21.631013870239258,medium,10,validation,seed10/medium/episode11/step2,15,2,no_prefix
5,-54.48463439941406,-39.168922424316406,-22.634723663330078,medium,10,train,seed10/medium/episode3/step17,15,0,no_prefix
5,-54.48463439941406,-36.869503021240234,-22.649978637695312,medium,10,train,seed10/medium/episode3/step17,15,1,no_prefix
1,-54.48463439941406,-30.206525802612305,-25.59393310546875,medium,10,train,seed10/medium/episode3/step17,15,2,no_prefix
5,-54.48463439941406,-30.34027862548828,-23.21864891052246,medium,10,train,seed10/medium/episode3/step17,15,2,no_prefix
5,-51.40619659423828,-14.173257827758789,-23.029029846191406,medium,10,train,seed10/medium/episode12/step3,15,0,no_prefix
0,-51.40619659423828,-15.643163681030273,-28.517974853515625,medium,10,train,seed10/medium/episode12/step3,15,1,no_prefix
1,-51.40619659423828,-21.415624618530273,-28.165008544921875,medium,10,train,seed10/medium/episode12/step3,15,1,no_prefix
2,-51.40619659423828,-16.50662612915039,-26.88178825378418,medium,10,train,seed10/medium/episode12/step3,15,1,no_prefix
4,-51.40619659423828,-17.357559204101562,-27.668575286865234,medium,10,train,seed10/medium/episode12/step3,15,1,no_prefix
5,-51.40619659423828,-25.153074264526367,-25.282161712646484,medium,10,train,seed10/medium/episode12/step3,15,1,no_prefix
5,-51.40619659423828,-24.997943878173828,-23.016817092895508,medium,10,train,seed10/medium/episode12/step3,15,2,no_prefix
5,-31.546545028686523,-9.02413272857666,-22.384550094604492,medium,10,train,seed10/medium/episode5/step12,15,0,no_prefix
5,-31.546545028686523,-14.530287742614746,-22.386573791503906,medium,10,train,seed10/medium/episode5/step12,15,1,no_prefix
3,-31.546545028686523,-9.952210426330566,-24.84815788269043,medium,10,train,seed10/medium/episode5/step12,15,2,no_prefix
5,-31.546545028686523,-1.920183777809143,-22.317455291748047,medium,10,train,seed10/medium/episode5/step12,15,2,no_prefix
5,-37.825347900390625,1.0332249402999878,-23.5251522064209,medium,10,validation,seed10/medium/episode9/step13,15,0,no_prefix
5,-37.825347900390625,-0.4318791627883911,-23.57048797607422,medium,10,validation,seed10/medium/episode9/step13,15,1,no_prefix
1,-37.825347900390625,-4.53907585144043,-25.797264099121094,medium,10,validation,seed10/medium/episode9/step13,15,2,no_prefix
5,-37.825347900390625,-4.579248905181885,-23.90831184387207,medium,10,validation,seed10/medium/episode9/step13,15,2,no_prefix
5,-11.840337753295898,7.620176315307617,-18.670515060424805,medium,10,train,seed10/medium/episode1/step40,15,0,no_prefix
5,-11.840337753295898,7.128280162811279,-18.693115234375,medium,10,train,seed10/medium/episode1/step40,15,1,no_prefix
1,-11.840337753295898,6.893083572387695,-21.450294494628906,medium,10,train,seed10/medium/episode1/step40,15,2,no_prefix
5,-11.840337753295898,3.765859365463257,-18.977191925048828,medium,10,train,seed10/medium/episode1/step40,15,2,no_prefix
0,-32.780826568603516,-36.680728912353516,-25.770883560180664,time_pressure,10,train,seed10/time_pressure/episode17/step4,15,0,no_prefix
1,-32.780826568603516,-18.68159294128418,-26.1763916015625,time_pressure,10,train,seed10/time_pressure/episode17/step4,15,0,no_prefix
2,-32.780826568603516,-6.104510307312012,-26.395912170410156,time_pressure,10,train,seed10/time_pressure/episode17/step4,15,0,no_prefix
3,-32.780826568603516,-21.79892921447754,-26.060182571411133,time_pressure,10,train,seed10/time_pressure/episode17/step4,15,0,no_prefix
4,-32.780826568603516,-29.252639770507812,-26.475177764892578,time_pressure,10,train,seed10/time_pressure/episode17/step4,15,0,no_prefix
5,-32.780826568603516,-28.6420955657959,-23.85254669189453,time_pressure,10,train,seed10/time_pressure/episode17/step4,15,0,no_prefix
0,-32.780826568603516,0.32874318957328796,-25.76663589477539,time_pressure,10,train,seed10/time_pressure/episode17/step4,15,1,no_prefix
1,-32.780826568603516,0.32874318957328796,-26.164308547973633,time_pressure,10,train,seed10/time_pressure/episode17/step4,15,1,no_prefix
2,-32.780826568603516,12.691333770751953,-26.39327621459961,time_pressure,10,train,seed10/time_pressure/episode17/step4,15,1,no_prefix
3,-32.780826568603516,0.47014516592025757,-26.05293083190918,time_pressure,10,train,seed10/time_pressure/episode17/step4,15,1,no_prefix
4,-32.780826568603516,13.072425842285156,-26.483747482299805,time_pressure,10,train,seed10/time_pressure/episode17/step4,15,1,no_prefix
5,-32.780826568603516,-16.217052459716797,-23.858667373657227,time_pressure,10,train,seed10/time_pressure/episode17/step4,15,1,no_prefix
2,-32.780826568603516,-8.995748519897461,-24.904434204101562,time_pressure,10,train,seed10/time_pressure/episode17/step4,15,2,no_prefix
3,-32.780826568603516,-8.37341594696045,-24.55708122253418,time_pressure,10,train,seed10/time_pressure/episode17/step4,15,2,no_prefix
5,-32.780826568603516,-8.69400405883789,-22.34663963317871,time_pressure,10,train,seed10/time_pressure/episode17/step4,15,2,no_prefix
5,-12.364377975463867,-0.23333290219306946,-21.119016647338867,time_pressure,10,train,seed10/time_pressure/episode2/step16,15,0,no_prefix
5,-12.364377975463867,-20.81153106689453,-21.119226455688477,time_pressure,10,train,seed10/time_pressure/episode2/step16,15,1,no_prefix
4,-12.364377975463867,-4.30639123916626,-23.79065704345703,time_pressure,10,train,seed10/time_pressure/episode2/step16,15,2,no_prefix
5,-12.364377975463867,-1.2189213037490845,-21.16592025756836,time_pressure,10,train,seed10/time_pressure/episode2/step16,15,2,no_prefix
0,-33.68705749511719,-38.635337829589844,-26.603195190429688,time_pressure,10,test,seed10/time_pressure/episode13/step2,15,0,no_prefix
2,-33.68705749511719,-32.22697830200195,-25.57416534423828,time_pressure,10,test,seed10/time_pressure/episode13/step2,15,0,no_prefix
4,-33.68705749511719,-33.35552215576172,-25.711286544799805,time_pressure,10,test,seed10/time_pressure/episode13/step2,15,0,no_prefix
5,-33.68705749511719,-31.707569122314453,-24.167999267578125,time_pressure,10,test,seed10/time_pressure/episode13/step2,15,0,no_prefix
1,-33.68705749511719,-24.88421058654785,-26.72639274597168,time_pressure,10,test,seed10/time_pressure/episode13/step2,15,1,no_prefix
2,-33.68705749511719,-24.577547073364258,-25.3685302734375,time_pressure,10,test,seed10/time_pressure/episode13/step2,15,1,no_prefix
5,-33.68705749511719,-24.018342971801758,-23.95957374572754,time_pressure,10,test,seed10/time_pressure/episode13/step2,15,1,no_prefix
5,-33.68705749511719,-30.824386596679688,-22.510746002197266,time_pressure,10,test,seed10/time_pressure/episode13/step2,15,2,no_prefix
5,-33.07527542114258,-39.6837272644043,-22.4822940826416,time_pressure,10,train,seed10/time_pressure/episode7/step9,15,0,no_prefix
1,-33.07527542114258,-26.42143440246582,-26.960599899291992,time_pressure,10,train,seed10/time_pressure/episode7/step9,15,1,no_prefix
2,-33.07527542114258,-36.100372314453125,-27.16021156311035,time_pressure,10,train,seed10/time_pressure/episode7/step9,15,1,no_prefix
4,-33.07527542114258,-26.61481475830078,-26.091144561767578,time_pressure,10,train,seed10/time_pressure/episode7/step9,15,1,no_prefix
5,-33.07527542114258,-36.14894485473633,-24.155315399169922,time_pressure,10,train,seed10/time_pressure/episode7/step9,15,1,no_prefix
1,-33.07527542114258,-46.95102310180664,-25.873512268066406,time_pressure,10,train,seed10/time_pressure/episode7/step9,15,2,no_prefix
5,-33.07527542114258,-42.86922836303711,-23.0169677734375,time_pressure,10,train,seed10/time_pressure/episode7/step9,15,2,no_prefix
1,-29.5692138671875,-21.90455436706543,-25.276683807373047,time_pressure,10,train,seed10/time_pressure/episode6/step2,15,0,no_prefix
3,-29.5692138671875,-23.093769073486328,-26.11260986328125,time_pressure,10,train,seed10/time_pressure/episode6/step2,15,0,no_prefix
4,-29.5692138671875,-21.747642517089844,-25.43514060974121,time_pressure,10,train,seed10/time_pressure/episode6/step2,15,0,no_prefix
5,-29.5692138671875,-24.489959716796875,-23.864154815673828,time_pressure,10,train,seed10/time_pressure/episode6/step2,15,0,no_prefix
1,-29.5692138671875,-26.203153610229492,-24.746021270751953,time_pressure,10,train,seed10/time_pressure/episode6/step2,15,1,no_prefix
3,-29.5692138671875,-26.203153610229492,-25.58064842224121,time_pressure,10,train,seed10/time_pressure/episode6/step2,15,1,no_prefix
5,-29.5692138671875,-28.36974334716797,-23.33466911315918,time_pressure,10,train,seed10/time_pressure/episode6/step2,15,1,no_prefix
5,-29.5692138671875,-34.7044792175293,-22.273269653320312,time_pressure,10,train,seed10/time_pressure/episode6/step2,15,2,no_prefix
5,-44.84532165527344,-17.421295166015625,-26.60004234313965,time_pressure,10,train,seed10/time_pressure/episode16/step9,15,0,no_prefix
5,-44.84532165527344,-65.22337341308594,-26.609390258789062,time_pressure,10,train,seed10/time_pressure/episode16/step9,15,1,no_prefix
0,-44.84532165527344,-73.95187377929688,-30.960636138916016,time_pressure,10,train,seed10/time_pressure/episode16/step9,15,2,no_prefix
1,-44.84532165527344,-65.7739028930664,-30.383258819580078,time_pressure,10,train,seed10/time_pressure/episode16/step9,15,2,no_prefix
4,-44.84532165527344,-71.34691619873047,-30.156150817871094,time_pressure,10,train,seed10/time_pressure/episode16/step9,15,2,no_prefix
5,-44.84532165527344,-70.97869873046875,-27.815217971801758,time_pressure,10,train,seed10/time_pressure/episode16/step9,15,2,no_prefix
5,-46.35187911987305,-77.09550476074219,-26.633607864379883,time_pressure,10,train,seed10/time_pressure/episode16/step10,15,0,no_prefix
5,-46.35187911987305,-59.04667663574219,-26.64187240600586,time_pressure,10,train,seed10/time_pressure/episode16/step10,15,1,no_prefix
0,-46.35187911987305,-82.70098114013672,-31.028467178344727,time_pressure,10,train,seed10/time_pressure/episode16/step10,15,2,no_prefix
1,-46.35187911987305,-66.52872467041016,-30.466970443725586,time_pressure,10,train,seed10/time_pressure/episode16/step10,15,2,no_prefix
4,-46.35187911987305,-72.26375579833984,-30.23896026611328,time_pressure,10,train,seed10/time_pressure/episode16/step10,15,2,no_prefix
5,-46.35187911987305,-72.59828186035156,-27.900745391845703,time_pressure,10,train,seed10/time_pressure/episode16/step10,15,2,no_prefix
5,-30.79086685180664,-8.568219184875488,-22.29597282409668,time_pressure,10,validation,seed10/time_pressure/episode15/step14,15,0,no_prefix
5,-30.79086685180664,-12.198286056518555,-22.319517135620117,time_pressure,10,validation,seed10/time_pressure/episode15/step14,15,1,no_prefix
1,-30.79086685180664,-6.0362982749938965,-25.552799224853516,time_pressure,10,validation,seed10/time_pressure/episode15/step14,15,2,no_prefix
5,-30.79086685180664,-6.082505226135254,-22.70255470275879,time_pressure,10,validation,seed10/time_pressure/episode15/step14,15,2,no_prefix
5,-35.37253189086914,-51.63031005859375,-22.96685218811035,time_pressure,10,test,seed10/time_pressure/episode7/step12,15,0,no_prefix
5,-35.37253189086914,-48.780174255371094,-22.97950553894043,time_pressure,10,test,seed10/time_pressure/episode7/step12,15,1,no_prefix
1,-35.37253189086914,-43.77391815185547,-26.768924713134766,time_pressure,10,test,seed10/time_pressure/episode7/step12,15,2,no_prefix
4,-35.37253189086914,-35.68687057495117,-25.91180419921875,time_pressure,10,test,seed10/time_pressure/episode7/step12,15,2,no_prefix
5,-35.37253189086914,-43.95708465576172,-23.956029891967773,time_pressure,10,test,seed10/time_pressure/episode7/step12,15,2,no_prefix
5,-54.286766052246094,-49.65937805175781,-24.550891876220703,time_pressure,10,train,seed10/time_pressure/episode4/step12,15,0,no_prefix
5,-54.286766052246094,-61.54647445678711,-24.54342269897461,time_pressure,10,train,seed10/time_pressure/episode4/step12,15,1,no_prefix
2,-54.286766052246094,-65.97720336914062,-28.32539176940918,time_pressure,10,train,seed10/time_pressure/episode4/step12,15,2,no_prefix
3,-54.286766052246094,-70.48692321777344,-28.6773681640625,time_pressure,10,train,seed10/time_pressure/episode4/step12,15,2,no_prefix
5,-54.286766052246094,-65.97906494140625,-25.62913703918457,time_pressure,10,train,seed10/time_pressure/episode4/step12,15,2,no_prefix
5,-13.580699920654297,-43.26108932495117,-21.681297302246094,time_pressure,10,validation,seed10/time_pressure/episode10/step14,15,0,no_prefix
5,-13.580699920654297,-36.904335021972656,-21.67342758178711,time_pressure,10,validation,seed10/time_pressure/episode10/step14,15,1,no_prefix
1,-13.580699920654297,-37.1174430847168,-24.26861572265625,time_pressure,10,validation,seed10/time_pressure/episode10/step14,15,2,no_prefix
5,-13.580699920654297,-33.564735412597656,-22.11514663696289,time_pressure,10,validation,seed10/time_pressure/episode10/step14,15,2,no_prefix
5,-10.575489044189453,-17.48856544494629,-21.428220748901367,time_pressure,10,validation,seed10/time_pressure/episode10/step8,15,0,no_prefix
5,-10.575489044189453,-14.4224853515625,-21.421363830566406,time_pressure,10,validation,seed10/time_pressure/episode10/step8,15,1,no_prefix
1,-10.575489044189453,-18.692123413085938,-23.76910972595215,time_pressure,10,validation,seed10/time_pressure/episode10/step8,15,2,no_prefix
5,-10.575489044189453,-18.807222366333008,-21.64012336730957,time_pressure,10,validation,seed10/time_pressure/episode10/step8,15,2,no_prefix
1,-28.793285369873047,-31.893980026245117,-25.602441787719727,time_pressure,10,train,seed10/time_pressure/episode3/step7,15,0,no_prefix
2,-28.793285369873047,-30.205974578857422,-24.887556076049805,time_pressure,10,train,seed10/time_pressure/episode3/step7,15,0,no_prefix
5,-28.793285369873047,-24.612285614013672,-22.688425064086914,time_pressure,10,train,seed10/time_pressure/episode3/step7,15,0,no_prefix
5,-28.793285369873047,-1.5589079856872559,-21.349069595336914,time_pressure,10,train,seed10/time_pressure/episode3/step7,15,1,no_prefix
1,-28.793285369873047,-20.561504364013672,-24.76642608642578,time_pressure,10,train,seed10/time_pressure/episode3/step7,15,2,no_prefix
5,-28.793285369873047,-20.661182403564453,-21.828357696533203,time_pressure,10,train,seed10/time_pressure/episode3/step7,15,2,no_prefix
5,-57.466217041015625,-46.90613555908203,-22.129409790039062,time_pressure,10,train,seed10/time_pressure/episode11/step26,15,0,no_prefix
5,-57.466217041015625,-32.320556640625,-22.14720916748047,time_pressure,10,train,seed10/time_pressure/episode11/step26,15,1,no_prefix
2,-57.466217041015625,-40.386505126953125,-26.167015075683594,time_pressure,10,train,seed10/time_pressure/episode11/step26,15,2,no_prefix
3,-57.466217041015625,-40.386505126953125,-25.92184829711914,time_pressure,10,train,seed10/time_pressure/episode11/step26,15,2,no_prefix
4,-57.466217041015625,-40.386505126953125,-25.618249893188477,time_pressure,10,train,seed10/time_pressure/episode11/step26,15,2,no_prefix
5,-57.466217041015625,-43.738609313964844,-23.48788833618164,time_pressure,10,train,seed10/time_pressure/episode11/step26,15,2,no_prefix
5,-46.59867477416992,-14.837443351745605,-21.626712799072266,time_pressure,10,test,seed10/time_pressure/episode1/step16,15,0,no_prefix
5,-46.59867477416992,-35.28004837036133,-21.647794723510742,time_pressure,10,test,seed10/time_pressure/episode1/step16,15,1,no_prefix
1,-46.59867477416992,-33.70951843261719,-25.963871002197266,time_pressure,10,test,seed10/time_pressure/episode1/step16,15,2,no_prefix
2,-46.59867477416992,-33.70951843261719,-26.012842178344727,time_pressure,10,test,seed10/time_pressure/episode1/step16,15,2,no_prefix
4,-46.59867477416992,-33.70951843261719,-25.21024513244629,time_pressure,10,test,seed10/time_pressure/episode1/step16,15,2,no_prefix
5,-46.59867477416992,-40.005157470703125,-23.172746658325195,time_pressure,10,test,seed10/time_pressure/episode1/step16,15,2,no_prefix
5,-58.83220672607422,-38.66096878051758,-23.195995330810547,heterogeneity_pressure,10,train,seed10/heterogeneity_pressure/episode6/step19,15,0,no_prefix
5,-58.83220672607422,-37.06432342529297,-23.179990768432617,heterogeneity_pressure,10,train,seed10/heterogeneity_pressure/episode6/step19,15,1,no_prefix
3,-58.83220672607422,-32.142147064208984,-25.49969482421875,heterogeneity_pressure,10,train,seed10/heterogeneity_pressure/episode6/step19,15,2,no_prefix
4,-58.83220672607422,-32.142147064208984,-26.215774536132812,heterogeneity_pressure,10,train,seed10/heterogeneity_pressure/episode6/step19,15,2,no_prefix
5,-58.83220672607422,-31.54319953918457,-23.564165115356445,heterogeneity_pressure,10,train,seed10/heterogeneity_pressure/episode6/step19,15,2,no_prefix
5,-50.585025787353516,-24.075105667114258,-21.236143112182617,heterogeneity_pressure,10,train,seed10/heterogeneity_pressure/episode14/step21,15,0,no_prefix
5,-50.585025787353516,-26.947134017944336,-21.206144332885742,heterogeneity_pressure,10,train,seed10/heterogeneity_pressure/episode14/step21,15,1,no_prefix
0,-50.585025787353516,-24.11383628845215,-23.845691680908203,heterogeneity_pressure,10,train,seed10/heterogeneity_pressure/episode14/step21,15,2,no_prefix
2,-50.585025787353516,-26.49840545654297,-24.629932403564453,heterogeneity_pressure,10,train,seed10/heterogeneity_pressure/episode14/step21,15,2,no_prefix
5,-50.585025787353516,-28.76556968688965,-22.144582748413086,heterogeneity_pressure,10,train,seed10/heterogeneity_pressure/episode14/step21,15,2,no_prefix
0,-38.196128845214844,-9.163990020751953,-25.119216918945312,heterogeneity_pressure,10,test,seed10/heterogeneity_pressure/episode7/step2,15,0,no_prefix
1,-38.196128845214844,-13.489645004272461,-26.22762680053711,heterogeneity_pressure,10,test,seed10/heterogeneity_pressure/episode7/step2,15,0,no_prefix
2,-38.196128845214844,-8.96423625946045,-24.988826751708984,heterogeneity_pressure,10,test,seed10/heterogeneity_pressure/episode7/step2,15,0,no_prefix
3,-38.196128845214844,-12.908406257629395,-25.071514129638672,heterogeneity_pressure,10,test,seed10/heterogeneity_pressure/episode7/step2,15,0,no_prefix
4,-38.196128845214844,-8.053070068359375,-25.337392807006836,heterogeneity_pressure,10,test,seed10/heterogeneity_pressure/episode7/step2,15,0,no_prefix
5,-38.196128845214844,-19.270116806030273,-23.285926818847656,heterogeneity_pressure,10,test,seed10/heterogeneity_pressure/episode7/step2,15,0,no_prefix
0,-38.196128845214844,-22.523283004760742,-23.51034164428711,heterogeneity_pressure,10,test,seed10/heterogeneity_pressure/episode7/step2,15,1,no_prefix
2,-38.196128845214844,-22.523283004760742,-23.35541534423828,heterogeneity_pressure,10,test,seed10/heterogeneity_pressure/episode7/step2,15,1,no_prefix
5,-38.196128845214844,-24.002248764038086,-21.68198585510254,heterogeneity_pressure,10,test,seed10/heterogeneity_pressure/episode7/step2,15,1,no_prefix
5,-38.196128845214844,-17.880714416503906,-20.65095329284668,heterogeneity_pressure,10,test,seed10/heterogeneity_pressure/episode7/step2,15,2,no_prefix
5,-38.58123779296875,-28.087331771850586,-23.302400588989258,heterogeneity_pressure,10,test,seed10/heterogeneity_pressure/episode2/step23,15,0,no_prefix
5,-38.58123779296875,-12.319510459899902,-23.284652709960938,heterogeneity_pressure,10,test,seed10/heterogeneity_pressure/episode2/step23,15,1,no_prefix
0,-38.58123779296875,-21.47611427307129,-27.5201358795166,heterogeneity_pressure,10,test,seed10/heterogeneity_pressure/episode2/step23,15,2,no_prefix
2,-38.58123779296875,-28.587726593017578,-27.318302154541016,heterogeneity_pressure,10,test,seed10/heterogeneity_pressure/episode2/step23,15,2,no_prefix
3,-38.58123779296875,-22.938146591186523,-26.620956420898438,heterogeneity_pressure,10,test,seed10/heterogeneity_pressure/episode2/step23,15,2,no_prefix
5,-38.58123779296875,-24.743135452270508,-24.72937774658203,heterogeneity_pressure,10,test,seed10/heterogeneity_pressure/episode2/step23,15,2,no_prefix
1,-39.98905944824219,-24.093046188354492,-26.963926315307617,heterogeneity_pressure,10,train,seed10/heterogeneity_pressure/episode2/step1,15,0,no_prefix
3,-39.98905944824219,-19.301279067993164,-26.128095626831055,heterogeneity_pressure,10,train,seed10/heterogeneity_pressure/episode2/step1,15,0,no_prefix
4,-39.98905944824219,-22.357072830200195,-26.6981201171875,heterogeneity_pressure,10,train,seed10/heterogeneity_pressure/episode2/step1,15,0,no_prefix
5,-39.98905944824219,-22.43428611755371,-24.31675910949707,heterogeneity_pressure,10,train,seed10/heterogeneity_pressure/episode2/step1,15,0,no_prefix
5,-39.98905944824219,-25.5206241607666,-23.01883888244629,heterogeneity_pressure,10,train,seed10/heterogeneity_pressure/episode2/step1,15,1,no_prefix
5,-39.98905944824219,-20.704065322875977,-23.048967361450195,heterogeneity_pressure,10,train,seed10/heterogeneity_pressure/episode2/step1,15,2,no_prefix
5,-38.9393310546875,-28.762115478515625,-23.284948348999023,heterogeneity_pressure,10,test,seed10/heterogeneity_pressure/episode2/step24,15,0,no_prefix
5,-38.9393310546875,-26.229232788085938,-23.26693344116211,heterogeneity_pressure,10,test,seed10/heterogeneity_pressure/episode2/step24,15,1,no_prefix
0,-38.9393310546875,-17.024948120117188,-27.484729766845703,heterogeneity_pressure,10,test,seed10/heterogeneity_pressure/episode2/step24,15,2,no_prefix
2,-38.9393310546875,-23.69082260131836,-27.291044235229492,heterogeneity_pressure,10,test,seed10/heterogeneity_pressure/episode2/step24,15,2,no_prefix
3,-38.9393310546875,-23.69082260131836,-26.607257843017578,heterogeneity_pressure,10,test,seed10/heterogeneity_pressure/episode2/step24,15,2,no_prefix
5,-38.9393310546875,-25.455245971679688,-24.710681915283203,heterogeneity_pressure,10,test,seed10/heterogeneity_pressure/episode2/step24,15,2,no_prefix
5,-45.44908142089844,-7.2376604080200195,-20.97994041442871,heterogeneity_pressure,10,validation,seed10/heterogeneity_pressure/episode7/step26,15,0,no_prefix
5,-45.44908142089844,-17.316743850708008,-20.919849395751953,heterogeneity_pressure,10,validation,seed10/heterogeneity_pressure/episode7/step26,15,1,no_prefix
1,-45.44908142089844,-7.2078399658203125,-24.362844467163086,heterogeneity_pressure,10,validation,seed10/heterogeneity_pressure/episode7/step26,15,2,no_prefix
5,-45.44908142089844,-13.645308494567871,-21.526906967163086,heterogeneity_pressure,10,validation,seed10/heterogeneity_pressure/episode7/step26,15,2,no_prefix
5,-20.816810607910156,-16.07911491394043,-23.5252628326416,heterogeneity_pressure,10,train,seed10/heterogeneity_pressure/episode9/step24,15,0,no_prefix
5,-20.816810607910156,-14.442678451538086,-23.480236053466797,heterogeneity_pressure,10,train,seed10/heterogeneity_pressure/episode9/step24,15,1,no_prefix
0,-20.816810607910156,-13.864917755126953,-27.68537139892578,heterogeneity_pressure,10,train,seed10/heterogeneity_pressure/episode9/step24,15,2,no_prefix
1,-20.816810607910156,-13.909819602966309,-27.914836883544922,heterogeneity_pressure,10,train,seed10/heterogeneity_pressure/episode9/step24,15,2,no_prefix
2,-20.816810607910156,-10.30628776550293,-26.747020721435547,heterogeneity_pressure,10,train,seed10/heterogeneity_pressure/episode9/step24,15,2,no_prefix
5,-20.816810607910156,-15.747425079345703,-25.284008026123047,heterogeneity_pressure,10,train,seed10/heterogeneity_pressure/episode9/step24,15,2,no_prefix
0,-41.504188537597656,-17.263614654541016,-23.047258377075195,heterogeneity_pressure,10,validation,seed10/heterogeneity_pressure/episode14/step3,15,0,no_prefix
1,-41.504188537597656,-17.360780715942383,-24.396839141845703,heterogeneity_pressure,10,validation,seed10/heterogeneity_pressure/episode14/step3,15,0,no_prefix
4,-41.504188537597656,-20.049043655395508,-24.147201538085938,heterogeneity_pressure,10,validation,seed10/heterogeneity_pressure/episode14/step3,15,0,no_prefix
5,-41.504188537597656,-17.062252044677734,-21.363285064697266,heterogeneity_pressure,10,validation,seed10/heterogeneity_pressure/episode14/step3,15,0,no_prefix
0,-41.504188537597656,-21.08688735961914,-23.031639099121094,heterogeneity_pressure,10,validation,seed10/heterogeneity_pressure/episode14/step3,15,1,no_prefix
1,-41.504188537597656,-21.08688735961914,-24.359848022460938,heterogeneity_pressure,10,validation,seed10/heterogeneity_pressure/episode14/step3,15,1,no_prefix
4,-41.504188537597656,-20.81922721862793,-24.113786697387695,heterogeneity_pressure,10,validation,seed10/heterogeneity_pressure/episode14/step3,15,1,no_prefix
5,-41.504188537597656,-22.920564651489258,-21.33747100830078,heterogeneity_pressure,10,validation,seed10/heterogeneity_pressure/episode14/step3,15,1,no_prefix
5,-41.504188537597656,-28.65008544921875,-19.808828353881836,heterogeneity_pressure,10,validation,seed10/heterogeneity_pressure/episode14/step3,15,2,no_prefix
5,-36.69670867919922,-44.103363037109375,-22.072282791137695,heterogeneity_pressure,10,validation,seed10/heterogeneity_pressure/episode3/step12,15,0,no_prefix
5,-36.69670867919922,-55.59968185424805,-22.02470588684082,heterogeneity_pressure,10,validation,seed10/heterogeneity_pressure/episode3/step12,15,1,no_prefix
1,-36.69670867919922,-40.278221130371094,-25.319164276123047,heterogeneity_pressure,10,validation,seed10/heterogeneity_pressure/episode3/step12,15,2,no_prefix
5,-36.69670867919922,-36.55768585205078,-22.670482635498047,heterogeneity_pressure,10,validation,seed10/heterogeneity_pressure/episode3/step12,15,2,no_prefix
5,-51.90120315551758,-34.20975875854492,-24.489084243774414,heterogeneity_pressure,10,train,seed10/heterogeneity_pressure/episode5/step28,15,0,no_prefix
5,-51.90120315551758,-27.370765686035156,-24.450298309326172,heterogeneity_pressure,10,train,seed10/heterogeneity_pressure/episode5/step28,15,1,no_prefix
0,-51.90120315551758,-33.25312805175781,-29.475330352783203,heterogeneity_pressure,10,train,seed10/heterogeneity_pressure/episode5/step28,15,2,no_prefix
1,-51.90120315551758,-36.06590270996094,-28.8869686126709,heterogeneity_pressure,10,train,seed10/heterogeneity_pressure/episode5/step28,15,2,no_prefix
2,-51.90120315551758,-35.79221725463867,-29.16486358642578,heterogeneity_pressure,10,train,seed10/heterogeneity_pressure/episode5/step28,15,2,no_prefix
3,-51.90120315551758,-26.431835174560547,-29.092504501342773,heterogeneity_pressure,10,train,seed10/heterogeneity_pressure/episode5/step28,15,2,no_prefix
5,-51.90120315551758,-33.51583480834961,-26.7462100982666,heterogeneity_pressure,10,train,seed10/heterogeneity_pressure/episode5/step28,15,2,no_prefix
5,-35.575931549072266,-26.57111358642578,-23.223773956298828,heterogeneity_pressure,10,train,seed10/heterogeneity_pressure/episode2/step20,15,0,no_prefix
5,-35.575931549072266,-10.801885604858398,-23.208953857421875,heterogeneity_pressure,10,train,seed10/heterogeneity_pressure/episode2/step20,15,1,no_prefix
0,-35.575931549072266,-13.672247886657715,-26.606441497802734,heterogeneity_pressure,10,train,seed10/heterogeneity_pressure/episode2/step20,15,2,no_prefix
3,-35.575931549072266,-13.672247886657715,-25.658100128173828,heterogeneity_pressure,10,train,seed10/heterogeneity_pressure/episode2/step20,15,2,no_prefix
5,-35.575931549072266,-8.164082527160645,-23.7503662109375,heterogeneity_pressure,10,train,seed10/heterogeneity_pressure/episode2/step20,15,2,no_prefix
0,-33.939884185791016,-33.39618682861328,-25.342763900756836,heterogeneity_pressure,10,train,seed10/heterogeneity_pressure/episode4/step3,15,0,no_prefix
1,-33.939884185791016,-30.177461624145508,-25.85320472717285,heterogeneity_pressure,10,train,seed10/heterogeneity_pressure/episode4/step3,15,0,no_prefix
2,-33.939884185791016,-31.998798370361328,-25.243253707885742,heterogeneity_pressure,10,train,seed10/heterogeneity_pressure/episode4/step3,15,0,no_prefix
3,-33.939884185791016,-33.39618682861328,-25.87921905517578,heterogeneity_pressure,10,train,seed10/heterogeneity_pressure/episode4/step3,15,0,no_prefix
5,-33.939884185791016,-27.088605880737305,-23.47698974609375,heterogeneity_pressure,10,train,seed10/heterogeneity_pressure/episode4/step3,15,0,no_prefix
5,-33.939884185791016,-33.062042236328125,-21.531639099121094,heterogeneity_pressure,10,train,seed10/heterogeneity_pressure/episode4/step3,15,1,no_prefix
1,-33.939884185791016,-28.230480194091797,-24.3670597076416,heterogeneity_pressure,10,train,seed10/heterogeneity_pressure/episode4/step3,15,2,no_prefix
5,-33.939884185791016,-31.333965301513672,-22.0365047454834,heterogeneity_pressure,10,train,seed10/heterogeneity_pressure/episode4/step3,15,2,no_prefix
5,-21.775144577026367,0.2643786668777466,-19.93191146850586,heterogeneity_pressure,10,train,seed10/heterogeneity_pressure/episode8/step22,15,0,no_prefix
3,-21.775144577026367,-3.66011905670166,-22.668466567993164,heterogeneity_pressure,10,train,seed10/heterogeneity_pressure/episode8/step22,15,1,no_prefix
5,-21.775144577026367,-3.601792573928833,-20.143587112426758,heterogeneity_pressure,10,train,seed10/heterogeneity_pressure/episode8/step22,15,1,no_prefix
5,-21.775144577026367,-3.66011905670166,-19.486379623413086,heterogeneity_pressure,10,train,seed10/heterogeneity_pressure/episode8/step22,15,2,no_prefix
5,-51.97251510620117,-27.609771728515625,-21.862991333007812,heterogeneity_pressure,10,train,seed10/heterogeneity_pressure/episode6/step4,15,0,no_prefix
1,-51.97251510620117,-31.595455169677734,-26.03156852722168,heterogeneity_pressure,10,train,seed10/heterogeneity_pressure/episode6/step4,15,1,no_prefix
3,-51.97251510620117,-32.502044677734375,-25.14807891845703,heterogeneity_pressure,10,train,seed10/heterogeneity_pressure/episode6/step4,15,1,no_prefix
4,-51.97251510620117,-32.502044677734375,-26.10832977294922,heterogeneity_pressure,10,train,seed10/heterogeneity_pressure/episode6/step4,15,1,no_prefix
5,-51.97251510620117,-31.995540618896484,-23.163339614868164,heterogeneity_pressure,10,train,seed10/heterogeneity_pressure/episode6/step4,15,1,no_prefix
5,-51.97251510620117,-32.19270706176758,-21.674283981323242,heterogeneity_pressure,10,train,seed10/heterogeneity_pressure/episode6/step4,15,2,no_prefix
1,-29.492202758789062,-33.10894012451172,-23.503042221069336,medium,8,train,seed8/medium/episode2/step11,16,0,no_prefix
2,-29.492202758789062,-35.710018157958984,-26.937034606933594,medium,8,train,seed8/medium/episode2/step11,16,0,no_prefix
4,-29.492202758789062,-35.71991729736328,-25.124027252197266,medium,8,train,seed8/medium/episode2/step11,16,0,no_prefix
5,-29.492202758789062,-34.18324279785156,-24.118383407592773,medium,8,train,seed8/medium/episode2/step11,16,0,no_prefix
0,-29.492202758789062,-28.808088302612305,-27.978271484375,medium,8,train,seed8/medium/episode2/step11,16,1,no_prefix
1,-29.492202758789062,-26.458133697509766,-21.76211166381836,medium,8,train,seed8/medium/episode2/step11,16,1,no_prefix
3,-29.492202758789062,-28.89006996154785,-27.36440086364746,medium,8,train,seed8/medium/episode2/step11,16,1,no_prefix
5,-29.492202758789062,-33.381927490234375,-23.39163589477539,medium,8,train,seed8/medium/episode2/step11,16,1,no_prefix
1,-29.492202758789062,-30.486421585083008,-24.98668098449707,medium,8,train,seed8/medium/episode2/step11,16,2,no_prefix
5,-29.492202758789062,-34.01565933227539,-26.312618255615234,medium,8,train,seed8/medium/episode2/step11,16,2,no_prefix
0,-35.447757720947266,-26.981813430786133,-15.438407897949219,medium,8,train,seed8/medium/episode9/step0,16,0,no_prefix
2,-35.447757720947266,-18.885452270507812,-15.754654884338379,medium,8,train,seed8/medium/episode9/step0,16,0,no_prefix
5,-35.447757720947266,-16.642976760864258,-14.71672248840332,medium,8,train,seed8/medium/episode9/step0,16,0,no_prefix
0,-35.447757720947266,-18.09736442565918,-13.14112663269043,medium,8,train,seed8/medium/episode9/step0,16,1,no_prefix
2,-35.447757720947266,-18.09736442565918,-13.939062118530273,medium,8,train,seed8/medium/episode9/step0,16,1,no_prefix
3,-35.447757720947266,-18.09736442565918,-14.063070297241211,medium,8,train,seed8/medium/episode9/step0,16,1,no_prefix
5,-35.447757720947266,-17.964075088500977,-12.190771102905273,medium,8,train,seed8/medium/episode9/step0,16,1,no_prefix
5,-35.447757720947266,-11.5684175491333,-15.732036590576172,medium,8,train,seed8/medium/episode9/step0,16,2,no_prefix
5,-33.44831466674805,-3.587488889694214,0.6414604187011719,medium,8,train,seed8/medium/episode4/step1,16,0,no_prefix
5,-33.44831466674805,-9.670360565185547,2.9564876556396484,medium,8,train,seed8/medium/episode4/step1,16,1,no_prefix
3,-33.44831466674805,-10.562413215637207,-3.470560073852539,medium,8,train,seed8/medium/episode4/step1,16,2,no_prefix
5,-33.44831466674805,-11.683401107788086,-3.0176620483398438,medium,8,train,seed8/medium/episode4/step1,16,2,no_prefix
5,-38.55025100708008,-12.062366485595703,-10.482206344604492,medium,8,validation,seed8/medium/episode4/step17,16,0,no_prefix
0,-38.55025100708008,-6.02097225189209,-19.52252197265625,medium,8,validation,seed8/medium/episode4/step17,16,1,no_prefix
1,-38.55025100708008,-4.549280643463135,-14.569857597351074,medium,8,validation,seed8/medium/episode4/step17,16,1,no_prefix
2,-38.55025100708008,-4.620107173919678,-13.212422370910645,medium,8,validation,seed8/medium/episode4/step17,16,1,no_prefix
5,-38.55025100708008,-5.573254585266113,-12.58354663848877,medium,8,validation,seed8/medium/episode4/step17,16,1,no_prefix
2,-38.55025100708008,-10.311877250671387,-11.695556640625,medium,8,validation,seed8/medium/episode4/step17,16,2,no_prefix
5,-38.55025100708008,-12.753405570983887,-11.08161449432373,medium,8,validation,seed8/medium/episode4/step17,16,2,no_prefix
5,-31.04770278930664,-23.385412216186523,-40.01716613769531,medium,8,train,seed8/medium/episode15/step20,16,0,no_prefix
5,-31.04770278930664,-28.9300594329834,-37.47881317138672,medium,8,train,seed8/medium/episode15/step20,16,1,no_prefix
3,-31.04770278930664,-13.946529388427734,-32.990196228027344,medium,8,train,seed8/medium/episode15/step20,16,2,no_prefix
5,-31.04770278930664,-11.914278030395508,-37.69253921508789,medium,8,train,seed8/medium/episode15/step20,16,2,no_prefix
5,4.333680629730225,6.330555438995361,-10.348419189453125,medium,8,validation,seed8/medium/episode7/step36,16,0,no_prefix
5,4.333680629730225,2.202897787094116,-7.8241071701049805,medium,8,validation,seed8/medium/episode7/step36,16,1,no_prefix
1,4.333680629730225,3.450153350830078,-13.078483581542969,medium,8,validation,seed8/medium/episode7/step36,16,2,no_prefix
3,4.333680629730225,2.7973337173461914,-11.520505905151367,medium,8,validation,seed8/medium/episode7/step36,16,2,no_prefix
5,4.333680629730225,1.8345015048980713,-15.368301391601562,medium,8,validation,seed8/medium/episode7/step36,16,2,no_prefix
0,-26.813440322875977,-12.698175430297852,-21.404094696044922,medium,8,train,seed8/medium/episode3/step0,16,0,no_prefix
1,-26.813440322875977,-12.2223539352417,-18.980667114257812,medium,8,train,seed8/medium/episode3/step0,16,0,no_prefix
5,-26.813440322875977,-5.456620216369629,-16.373008728027344,medium,8,train,seed8/medium/episode3/step0,16,0,no_prefix
0,-26.813440322875977,-21.449033737182617,-20.22960662841797,medium,8,train,seed8/medium/episode3/step0,16,1,no_prefix
1,-26.813440322875977,-18.53394889831543,-18.92279815673828,medium,8,train,seed8/medium/episode3/step0,16,1,no_prefix
2,-26.813440322875977,-22.274194717407227,-20.828203201293945,medium,8,train,seed8/medium/episode3/step0,16,1,no_prefix
5,-26.813440322875977,-5.57970666885376,-15.811761856079102,medium,8,train,seed8/medium/episode3/step0,16,1,no_prefix
1,-26.813440322875977,-16.29863166809082,-22.230873107910156,medium,8,train,seed8/medium/episode3/step0,16,2,no_prefix
5,-26.813440322875977,-13.24433422088623,-19.61276626586914,medium,8,train,seed8/medium/episode3/step0,16,2,no_prefix
5,-0.9851009249687195,-10.886966705322266,-18.43545150756836,medium,8,test,seed8/medium/episode17/step37,16,0,no_prefix
5,-0.9851009249687195,-8.048867225646973,-15.801643371582031,medium,8,test,seed8/medium/episode17/step37,16,1,no_prefix
2,-0.9851009249687195,-10.674211502075195,-15.983259201049805,medium,8,test,seed8/medium/episode17/step37,16,2,no_prefix
3,-0.9851009249687195,-6.5601701736450195,-15.091363906860352,medium,8,test,seed8/medium/episode17/step37,16,2,no_prefix
5,-0.9851009249687195,-10.049506187438965,-19.04608154296875,medium,8,test,seed8/medium/episode17/step37,16,2,no_prefix
5,-48.39737319946289,-21.931419372558594,-22.34673500061035,medium,8,train,seed8/medium/episode6/step19,16,0,no_prefix
5,-48.39737319946289,-14.924541473388672,-19.76013946533203,medium,8,train,seed8/medium/episode6/step19,16,1,no_prefix
0,-48.39737319946289,-13.654547691345215,-19.486644744873047,medium,8,train,seed8/medium/episode6/step19,16,2,no_prefix
5,-48.39737319946289,-8.585113525390625,-18.983129501342773,medium,8,train,seed8/medium/episode6/step19,16,2,no_prefix
5,-15.448270797729492,-10.367734909057617,-14.953656196594238,medium,8,train,seed8/medium/episode2/step20,16,0,no_prefix
5,-15.448270797729492,-13.286519050598145,-12.322660446166992,medium,8,train,seed8/medium/episode2/step20,16,1,no_prefix
2,-15.448270797729492,-13.715262413024902,-14.437236785888672,medium,8,train,seed8/medium/episode2/step20,16,2,no_prefix
5,-15.448270797729492,-15.595102310180664,-15.098047256469727,medium,8,train,seed8/medium/episode2/step20,16,2,no_prefix
5,-37.370094299316406,-8.017800331115723,-10.652718544006348,medium,8,test,seed8/medium/episode4/step15,16,0,no_prefix
0,-37.370094299316406,-11.572137832641602,-20.180713653564453,medium,8,test,seed8/medium/episode4/step15,16,1,no_prefix
1,-37.370094299316406,-5.1192755699157715,-15.22763442993164,medium,8,test,seed8/medium/episode4/step15,16,1,no_prefix
2,-37.370094299316406,-4.75659704208374,-13.873230934143066,medium,8,test,seed8/medium/episode4/step15,16,1,no_prefix
5,-37.370094299316406,-10.10085678100586,-12.747879981994629,medium,8,test,seed8/medium/episode4/step15,16,1,no_prefix
5,-37.370094299316406,-14.092737197875977,-9.131876945495605,medium,8,test,seed8/medium/episode4/step15,16,2,no_prefix
1,-37.51372528076172,-10.54308795928955,-13.704109191894531,medium,8,validation,seed8/medium/episode12/step14,16,0,no_prefix
2,-37.51372528076172,-9.292527198791504,-15.072100639343262,medium,8,validation,seed8/medium/episode12/step14,16,0,no_prefix
4,-37.51372528076172,-10.488576889038086,-14.411932945251465,medium,8,validation,seed8/medium/episode12/step14,16,0,no_prefix
5,-37.51372528076172,-0.37721431255340576,-15.018569946289062,medium,8,validation,seed8/medium/episode12/step14,16,0,no_prefix
0,-37.51372528076172,-11.632478713989258,-15.02601432800293,medium,8,validation,seed8/medium/episode12/step14,16,1,no_prefix
1,-37.51372528076172,-13.118612289428711,-9.745475769042969,medium,8,validation,seed8/medium/episode12/step14,16,1,no_prefix
4,-37.51372528076172,-10.281124114990234,-10.085721969604492,medium,8,validation,seed8/medium/episode12/step14,16,1,no_prefix
5,-37.51372528076172,-11.875988006591797,-11.558650970458984,medium,8,validation,seed8/medium/episode12/step14,16,1,no_prefix
5,-37.51372528076172,-9.637031555175781,-11.854698181152344,medium,8,validation,seed8/medium/episode12/step14,16,2,no_prefix
0,-33.2150993347168,-33.374916076660156,-31.41387367248535,medium,8,train,seed8/medium/episode2/step15,16,0,no_prefix
1,-33.2150993347168,-32.93619918823242,-25.216106414794922,medium,8,train,seed8/medium/episode2/step15,16,0,no_prefix
2,-33.2150993347168,-26.554828643798828,-28.231956481933594,medium,8,train,seed8/medium/episode2/step15,16,0,no_prefix
3,-33.2150993347168,-28.814056396484375,-30.491125106811523,medium,8,train,seed8/medium/episode2/step15,16,0,no_prefix
4,-33.2150993347168,-33.07803726196289,-27.22943687438965,medium,8,train,seed8/medium/episode2/step15,16,0,no_prefix
5,-33.2150993347168,-28.29136085510254,-26.981721878051758,medium,8,train,seed8/medium/episode2/step15,16,0,no_prefix
0,-33.2150993347168,-34.90782165527344,-30.926002502441406,medium,8,train,seed8/medium/episode2/step15,16,1,no_prefix
1,-33.2150993347168,-18.301359176635742,-24.285863876342773,medium,8,train,seed8/medium/episode2/step15,16,1,no_prefix
2,-33.2150993347168,-28.205732345581055,-27.7739200592041,medium,8,train,seed8/medium/episode2/step15,16,1,no_prefix
3,-33.2150993347168,-28.783782958984375,-29.737258911132812,medium,8,train,seed8/medium/episode2/step15,16,1,no_prefix
5,-33.2150993347168,-25.361066818237305,-26.994314193725586,medium,8,train,seed8/medium/episode2/step15,16,1,no_prefix
1,-33.2150993347168,-26.40006446838379,-26.333049774169922,medium,8,train,seed8/medium/episode2/step15,16,2,no_prefix
5,-33.2150993347168,-27.37781524658203,-28.64032745361328,medium,8,train,seed8/medium/episode2/step15,16,2,no_prefix
5,-7.551610946655273,-22.827241897583008,-23.267080307006836,medium,8,train,seed8/medium/episode7/step8,16,0,no_prefix
2,-7.551610946655273,-20.074052810668945,-20.496082305908203,medium,8,train,seed8/medium/episode7/step8,16,1,no_prefix
4,-7.551610946655273,-21.82307243347168,-18.01804542541504,medium,8,train,seed8/medium/episode7/step8,16,1,no_prefix
5,-7.551610946655273,-19.989810943603516,-16.703166961669922,medium,8,train,seed8/medium/episode7/step8,16,1,no_prefix
5,-7.551610946655273,-22.747802734375,-20.018146514892578,medium,8,train,seed8/medium/episode7/step8,16,2,no_prefix
5,-42.05026626586914,-37.09263610839844,-8.838046073913574,medium,8,test,seed8/medium/episode11/step4,16,0,no_prefix
0,-42.05026626586914,3.3420968055725098,-19.54010581970215,medium,8,test,seed8/medium/episode11/step4,16,1,no_prefix
1,-42.05026626586914,-18.884119033813477,-20.782245635986328,medium,8,test,seed8/medium/episode11/step4,16,1,no_prefix
2,-42.05026626586914,-16.048072814941406,-17.31581687927246,medium,8,test,seed8/medium/episode11/step4,16,1,no_prefix
3,-42.05026626586914,-9.627930641174316,-14.943089485168457,medium,8,test,seed8/medium/episode11/step4,16,1,no_prefix
5,-42.05026626586914,-17.162158966064453,-16.55562973022461,medium,8,test,seed8/medium/episode11/step4,16,1,no_prefix
1,-42.05026626586914,11.115246772766113,-24.10984230041504,medium,8,test,seed8/medium/episode11/step4,16,2,no_prefix
3,-42.05026626586914,11.115246772766113,-17.69747543334961,medium,8,test,seed8/medium/episode11/step4,16,2,no_prefix
5,-42.05026626586914,0.1420089602470398,-19.661441802978516,medium,8,test,seed8/medium/episode11/step4,16,2,no_prefix
0,-14.634188652038574,4.261696815490723,-6.039056777954102,time_pressure,8,train,seed8/time_pressure/episode17/step3,16,0,no_prefix
2,-14.634188652038574,5.870260715484619,-5.534008026123047,time_pressure,8,train,seed8/time_pressure/episode17/step3,16,0,no_prefix
4,-14.634188652038574,5.920765399932861,-3.680316925048828,time_pressure,8,train,seed8/time_pressure/episode17/step3,16,0,no_prefix
5,-14.634188652038574,10.429814338684082,-3.4747180938720703,time_pressure,8,train,seed8/time_pressure/episode17/step3,16,0,no_prefix
2,-14.634188652038574,5.793713569641113,-4.269083023071289,time_pressure,8,train,seed8/time_pressure/episode17/step3,16,1,no_prefix
4,-14.634188652038574,8.283580780029297,-2.5254478454589844,time_pressure,8,train,seed8/time_pressure/episode17/step3,16,1,no_prefix
5,-14.634188652038574,6.379310607910156,-2.5213260650634766,time_pressure,8,train,seed8/time_pressure/episode17/step3,16,1,no_prefix
2,-14.634188652038574,-6.383850574493408,-8.064759254455566,time_pressure,8,train,seed8/time_pressure/episode17/step3,16,2,no_prefix
4,-14.634188652038574,-1.8439735174179077,-6.313068389892578,time_pressure,8,train,seed8/time_pressure/episode17/step3,16,2,no_prefix
5,-14.634188652038574,-7.755964756011963,-6.744434356689453,time_pressure,8,train,seed8/time_pressure/episode17/step3,16,2,no_prefix
5,-12.54377555847168,-14.145971298217773,-26.582704544067383,time_pressure,8,train,seed8/time_pressure/episode10/step7,16,0,no_prefix
1,-12.54377555847168,-20.319665908813477,-29.01333236694336,time_pressure,8,train,seed8/time_pressure/episode10/step7,16,1,no_prefix
2,-12.54377555847168,-22.443574905395508,-26.29418182373047,time_pressure,8,train,seed8/time_pressure/episode10/step7,16,1,no_prefix
3,-12.54377555847168,-23.847597122192383,-22.6278018951416,time_pressure,8,train,seed8/time_pressure/episode10/step7,16,1,no_prefix
4,-12.54377555847168,-27.918996810913086,-28.048757553100586,time_pressure,8,train,seed8/time_pressure/episode10/step7,16,1,no_prefix
5,-12.54377555847168,-23.94202423095703,-24.731109619140625,time_pressure,8,train,seed8/time_pressure/episode10/step7,16,1,no_prefix
3,-12.54377555847168,-14.289409637451172,-21.135128021240234,time_pressure,8,train,seed8/time_pressure/episode10/step7,16,2,no_prefix
5,-12.54377555847168,-11.84142017364502,-23.33429527282715,time_pressure,8,train,seed8/time_pressure/episode10/step7,16,2,no_prefix
0,-29.865127563476562,-25.640548706054688,-34.415889739990234,time_pressure,8,validation,seed8/time_pressure/episode0/step2,16,0,no_prefix
1,-29.865127563476562,-12.728217124938965,-28.6837100982666,time_pressure,8,validation,seed8/time_pressure/episode0/step2,16,0,no_prefix
3,-29.865127563476562,-15.205229759216309,-32.505348205566406,time_pressure,8,validation,seed8/time_pressure/episode0/step2,16,0,no_prefix
5,-29.865127563476562,-1.150765061378479,-27.72995376586914,time_pressure,8,validation,seed8/time_pressure/episode0/step2,16,0,no_prefix
0,-29.865127563476562,-28.93889808654785,-31.73760223388672,time_pressure,8,validation,seed8/time_pressure/episode0/step2,16,1,no_prefix
1,-29.865127563476562,-26.039899826049805,-26.215946197509766,time_pressure,8,validation,seed8/time_pressure/episode0/step2,16,1,no_prefix
2,-29.865127563476562,-26.815553665161133,-24.244075775146484,time_pressure,8,validation,seed8/time_pressure/episode0/step2,16,1,no_prefix
4,-29.865127563476562,-25.309741973876953,-22.66765594482422,time_pressure,8,validation,seed8/time_pressure/episode0/step2,16,1,no_prefix
5,-29.865127563476562,-23.81761360168457,-24.678651809692383,time_pressure,8,validation,seed8/time_pressure/episode0/step2,16,1,no_prefix
1,-29.865127563476562,-30.156808853149414,-32.681365966796875,time_pressure,8,validation,seed8/time_pressure/episode0/step2,16,2,no_prefix
5,-29.865127563476562,-19.129053115844727,-31.587507247924805,time_pressure,8,validation,seed8/time_pressure/episode0/step2,16,2,no_prefix
5,-59.50522994995117,-74.36446380615234,-35.00812530517578,time_pressure,8,test,seed8/time_pressure/episode2/step18,16,0,no_prefix
5,-59.50522994995117,-57.90886306762695,-32.42485046386719,time_pressure,8,test,seed8/time_pressure/episode2/step18,16,1,no_prefix
0,-59.50522994995117,-61.32829284667969,-34.7398681640625,time_pressure,8,test,seed8/time_pressure/episode2/step18,16,2,no_prefix
1,-59.50522994995117,-63.19756317138672,-38.54595184326172,time_pressure,8,test,seed8/time_pressure/episode2/step18,16,2,no_prefix
3,-59.50522994995117,-53.538665771484375,-33.6205940246582,time_pressure,8,test,seed8/time_pressure/episode2/step18,16,2,no_prefix
4,-59.50522994995117,-57.24195098876953,-33.25756072998047,time_pressure,8,test,seed8/time_pressure/episode2/step18,16,2,no_prefix
5,-59.50522994995117,-65.06932067871094,-35.89021682739258,time_pressure,8,test,seed8/time_pressure/episode2/step18,16,2,no_prefix
5,-32.757591247558594,8.118378639221191,-10.330354690551758,time_pressure,8,train,seed8/time_pressure/episode16/step22,16,0,no_prefix
5,-32.757591247558594,-5.0014848709106445,-7.799842834472656,time_pressure,8,train,seed8/time_pressure/episode16/step22,16,1,no_prefix
4,-32.757591247558594,22.540985107421875,-0.1120758056640625,time_pressure,8,train,seed8/time_pressure/episode16/step22,16,2,no_prefix
5,-32.757591247558594,8.338809967041016,-6.319334030151367,time_pressure,8,train,seed8/time_pressure/episode16/step22,16,2,no_prefix
5,-56.540401458740234,-56.82118606567383,-20.470043182373047,time_pressure,8,test,seed8/time_pressure/episode2/step15,16,0,no_prefix
5,-56.540401458740234,-56.65013122558594,-22.06622314453125,time_pressure,8,test,seed8/time_pressure/episode2/step15,16,1,no_prefix
0,-56.540401458740234,-53.21440887451172,-18.98080825805664,time_pressure,8,test,seed8/time_pressure/episode2/step15,16,2,no_prefix
3,-56.540401458740234,-53.21440887451172,-17.836606979370117,time_pressure,8,test,seed8/time_pressure/episode2/step15,16,2,no_prefix
4,-56.540401458740234,-53.21440887451172,-17.750349044799805,time_pressure,8,test,seed8/time_pressure/episode2/step15,16,2,no_prefix
5,-56.540401458740234,-59.69396209716797,-19.307125091552734,time_pressure,8,test,seed8/time_pressure/episode2/step15,16,2,no_prefix
0,-52.9025993347168,-32.12995529174805,-32.763877868652344,time_pressure,8,train,seed8/time_pressure/episode11/step16,16,0,no_prefix
1,-52.9025993347168,-32.06916046142578,-29.875240325927734,time_pressure,8,train,seed8/time_pressure/episode11/step16,16,0,no_prefix
2,-52.9025993347168,-26.168453216552734,-30.477121353149414,time_pressure,8,train,seed8/time_pressure/episode11/step16,16,0,no_prefix
3,-52.9025993347168,-30.01949691772461,-30.40192985534668,time_pressure,8,train,seed8/time_pressure/episode11/step16,16,0,no_prefix
4,-52.9025993347168,-28.768707275390625,-27.392663955688477,time_pressure,8,train,seed8/time_pressure/episode11/step16,16,0,no_prefix
5,-52.9025993347168,-27.733718872070312,-31.275238037109375,time_pressure,8,train,seed8/time_pressure/episode11/step16,16,0,no_prefix
5,-52.9025993347168,-15.674344062805176,-26.360776901245117,time_pressure,8,train,seed8/time_pressure/episode11/step16,16,1,no_prefix
0,-52.9025993347168,-41.60237503051758,-33.333858489990234,time_pressure,8,train,seed8/time_pressure/episode11/step16,16,2,no_prefix
1,-52.9025993347168,-49.2067756652832,-30.514358520507812,time_pressure,8,train,seed8/time_pressure/episode11/step16,16,2,no_prefix
2,-52.9025993347168,-49.2067756652832,-32.1478271484375,time_pressure,8,train,seed8/time_pressure/episode11/step16,16,2,no_prefix
4,-52.9025993347168,-49.2067756652832,-28.175935745239258,time_pressure,8,train,seed8/time_pressure/episode11/step16,16,2,no_prefix
5,-52.9025993347168,-22.799285888671875,-32.40163803100586,time_pressure,8,train,seed8/time_pressure/episode11/step16,16,2,no_prefix
0,-35.00529479980469,-41.886539459228516,-31.193283081054688,time_pressure,8,train,seed8/time_pressure/episode13/step0,16,0,no_prefix
1,-35.00529479980469,-44.126991271972656,-28.86964225769043,time_pressure,8,train,seed8/time_pressure/episode13/step0,16,0,no_prefix
3,-35.00529479980469,-44.727420806884766,-32.64380645751953,time_pressure,8,train,seed8/time_pressure/episode13/step0,16,0,no_prefix
5,-35.00529479980469,-26.63924789428711,-25.862945556640625,time_pressure,8,train,seed8/time_pressure/episode13/step0,16,0,no_prefix
1,-35.00529479980469,-34.4774169921875,-25.49616813659668,time_pressure,8,train,seed8/time_pressure/episode13/step0,16,1,no_prefix
2,-35.00529479980469,-36.44472885131836,-25.471302032470703,time_pressure,8,train,seed8/time_pressure/episode13/step0,16,1,no_prefix
3,-35.00529479980469,-36.44472885131836,-30.067569732666016,time_pressure,8,train,seed8/time_pressure/episode13/step0,16,1,no_prefix
4,-35.00529479980469,-27.2710018157959,-23.362947463989258,time_pressure,8,train,seed8/time_pressure/episode13/step0,16,1,no_prefix
5,-35.00529479980469,-19.675100326538086,-22.9821720123291,time_pressure,8,train,seed8/time_pressure/episode13/step0,16,1,no_prefix
5,-35.00529479980469,-33.321475982666016,-22.783061981201172,time_pressure,8,train,seed8/time_pressure/episode13/step0,16,2,no_prefix
5,10.870283126831055,-4.251091480255127,1.5518913269042969,time_pressure,8,train,seed8/time_pressure/episode9/step35,16,0,no_prefix
5,10.870283126831055,-4.4449639320373535,3.9216537475585938,time_pressure,8,train,seed8/time_pressure/episode9/step35,16,1,no_prefix
4,10.870283126831055,-7.17270040512085,9.644187927246094,time_pressure,8,train,seed8/time_pressure/episode9/step35,16,2,no_prefix
5,10.870283126831055,-11.856842041015625,4.80201530456543,time_pressure,8,train,seed8/time_pressure/episode9/step35,16,2,no_prefix
5,-14.520394325256348,1.8083842992782593,-6.450321197509766,time_pressure,8,train,seed8/time_pressure/episode15/step7,16,0,no_prefix
4,-14.520394325256348,0.6055953502655029,-0.9185161590576172,time_pressure,8,train,seed8/time_pressure/episode15/step7,16,1,no_prefix
5,-14.520394325256348,9.040234565734863,-2.2643699645996094,time_pressure,8,train,seed8/time_pressure/episode15/step7,16,1,no_prefix
5,-14.520394325256348,-3.676816463470459,-9.145614624023438,time_pressure,8,train,seed8/time_pressure/episode15/step7,16,2,no_prefix
5,-24.699077606201172,-21.053157806396484,-29.75444793701172,time_pressure,8,validation,seed8/time_pressure/episode12/step27,16,0,no_prefix
5,-24.699077606201172,-16.328664779663086,-27.17083168029785,time_pressure,8,validation,seed8/time_pressure/episode12/step27,16,1,no_prefix
0,-24.699077606201172,-19.209224700927734,-27.795469284057617,time_pressure,8,validation,seed8/time_pressure/episode12/step27,16,2,no_prefix
1,-24.699077606201172,-21.68877410888672,-29.46665382385254,time_pressure,8,validation,seed8/time_pressure/episode12/step27,16,2,no_prefix
4,-24.699077606201172,-17.343713760375977,-25.36017608642578,time_pressure,8,validation,seed8/time_pressure/episode12/step27,16,2,no_prefix
5,-24.699077606201172,-25.950592041015625,-31.322111129760742,time_pressure,8,validation,seed8/time_pressure/episode12/step27,16,2,no_prefix
5,-21.368650436401367,-26.50551414489746,-20.92351722717285,time_pressure,8,validation,seed8/time_pressure/episode8/step14,16,0,no_prefix
1,-21.368650436401367,-10.095391273498535,-20.59579849243164,time_pressure,8,validation,seed8/time_pressure/episode8/step14,16,1,no_prefix
2,-21.368650436401367,-4.6209540367126465,-21.119264602661133,time_pressure,8,validation,seed8/time_pressure/episode8/step14,16,1,no_prefix
3,-21.368650436401367,-12.604879379272461,-18.870220184326172,time_pressure,8,validation,seed8/time_pressure/episode8/step14,16,1,no_prefix
4,-21.368650436401367,-4.74187707901001,-15.538497924804688,time_pressure,8,validation,seed8/time_pressure/episode8/step14,16,1,no_prefix
5,-21.368650436401367,-16.336193084716797,-19.052711486816406,time_pressure,8,validation,seed8/time_pressure/episode8/step14,16,1,no_prefix
3,-21.368650436401367,-29.64705467224121,-15.688909530639648,time_pressure,8,validation,seed8/time_pressure/episode8/step14,16,2,no_prefix
4,-21.368650436401367,-23.041860580444336,-12.760992050170898,time_pressure,8,validation,seed8/time_pressure/episode8/step14,16,2,no_prefix
5,-21.368650436401367,-44.469058990478516,-16.311630249023438,time_pressure,8,validation,seed8/time_pressure/episode8/step14,16,2,no_prefix
5,-39.77165603637695,-19.601375579833984,-11.797374725341797,time_pressure,8,test,seed8/time_pressure/episode13/step20,16,0,no_prefix
1,-39.77165603637695,-24.61168098449707,-6.331676483154297,time_pressure,8,test,seed8/time_pressure/episode13/step20,16,1,no_prefix
3,-39.77165603637695,-24.947572708129883,-8.268977165222168,time_pressure,8,test,seed8/time_pressure/episode13/step20,16,1,no_prefix
4,-39.77165603637695,-14.33698558807373,-3.2704200744628906,time_pressure,8,test,seed8/time_pressure/episode13/step20,16,1,no_prefix
5,-39.77165603637695,-16.484954833984375,-7.956367492675781,time_pressure,8,test,seed8/time_pressure/episode13/step20,16,1,no_prefix
1,-39.77165603637695,-4.6942291259765625,-11.559280395507812,time_pressure,8,test,seed8/time_pressure/episode13/step20,16,2,no_prefix
3,-39.77165603637695,-4.431199550628662,-13.751418113708496,time_pressure,8,test,seed8/time_pressure/episode13/step20,16,2,no_prefix
4,-39.77165603637695,-13.37242603302002,-8.24760627746582,time_pressure,8,test,seed8/time_pressure/episode13/step20,16,2,no_prefix
5,-39.77165603637695,-23.988494873046875,-12.977005958557129,time_pressure,8,test,seed8/time_pressure/episode13/step20,16,2,no_prefix
5,-16.282501220703125,-18.258764266967773,-22.507802963256836,time_pressure,8,train,seed8/time_pressure/episode8/step8,16,0,no_prefix
1,-16.282501220703125,-35.11442565917969,-23.583541870117188,time_pressure,8,train,seed8/time_pressure/episode8/step8,16,1,no_prefix
2,-16.282501220703125,-35.11442565917969,-24.82115364074707,time_pressure,8,train,seed8/time_pressure/episode8/step8,16,1,no_prefix
3,-16.282501220703125,-35.05192565917969,-21.834814071655273,time_pressure,8,train,seed8/time_pressure/episode8/step8,16,1,no_prefix
4,-16.282501220703125,-22.602405548095703,-18.380096435546875,time_pressure,8,train,seed8/time_pressure/episode8/step8,16,1,no_prefix
5,-16.282501220703125,-20.62894058227539,-20.665821075439453,time_pressure,8,train,seed8/time_pressure/episode8/step8,16,1,no_prefix
3,-16.282501220703125,-25.183115005493164,-18.203603744506836,time_pressure,8,train,seed8/time_pressure/episode8/step8,16,2,no_prefix
4,-16.282501220703125,-13.778369903564453,-14.890422821044922,time_pressure,8,train,seed8/time_pressure/episode8/step8,16,2,no_prefix
5,-16.282501220703125,-22.75790786743164,-17.501497268676758,time_pressure,8,train,seed8/time_pressure/episode8/step8,16,2,no_prefix
5,-27.448820114135742,-9.9039945602417,-7.217896461486816,time_pressure,8,train,seed8/time_pressure/episode2/step31,16,0,no_prefix
5,-27.448820114135742,-9.8414945602417,-4.8148040771484375,time_pressure,8,train,seed8/time_pressure/episode2/step31,16,1,no_prefix
2,-27.448820114135742,-12.16547679901123,-5.530183792114258,time_pressure,8,train,seed8/time_pressure/episode2/step31,16,2,no_prefix
5,-27.448820114135742,-11.66547679901123,-8.550002098083496,time_pressure,8,train,seed8/time_pressure/episode2/step31,16,2,no_prefix
0,-22.217601776123047,-51.579132080078125,-28.252342224121094,heterogeneity_pressure,8,validation,seed8/heterogeneity_pressure/episode10/step11,16,0,no_prefix
1,-22.217601776123047,-34.912750244140625,-26.49407958984375,heterogeneity_pressure,8,validation,seed8/heterogeneity_pressure/episode10/step11,16,0,no_prefix
2,-22.217601776123047,-27.975473403930664,-30.051931381225586,heterogeneity_pressure,8,validation,seed8/heterogeneity_pressure/episode10/step11,16,0,no_prefix
4,-22.217601776123047,-54.25129318237305,-24.730792999267578,heterogeneity_pressure,8,validation,seed8/heterogeneity_pressure/episode10/step11,16,0,no_prefix
5,-22.217601776123047,-26.837488174438477,-26.685068130493164,heterogeneity_pressure,8,validation,seed8/heterogeneity_pressure/episode10/step11,16,0,no_prefix
5,-22.217601776123047,-64.74677276611328,-22.021047592163086,heterogeneity_pressure,8,validation,seed8/heterogeneity_pressure/episode10/step11,16,1,no_prefix
1,-22.217601776123047,-24.677980422973633,-27.2911319732666,heterogeneity_pressure,8,validation,seed8/heterogeneity_pressure/episode10/step11,16,2,no_prefix
5,-22.217601776123047,-50.53042221069336,-28.13332748413086,heterogeneity_pressure,8,validation,seed8/heterogeneity_pressure/episode10/step11,16,2,no_prefix
0,-26.131437301635742,-30.500980377197266,-35.81304168701172,heterogeneity_pressure,8,train,seed8/heterogeneity_pressure/episode0/step1,16,0,no_prefix
1,-26.131437301635742,-35.883544921875,-27.92786407470703,heterogeneity_pressure,8,train,seed8/heterogeneity_pressure/episode0/step1,16,0,no_prefix
2,-26.131437301635742,-30.806915283203125,-29.871538162231445,heterogeneity_pressure,8,train,seed8/heterogeneity_pressure/episode0/step1,16,0,no_prefix
4,-26.131437301635742,-32.82799530029297,-30.088708877563477,heterogeneity_pressure,8,train,seed8/heterogeneity_pressure/episode0/step1,16,0,no_prefix
5,-26.131437301635742,-29.249675750732422,-26.974824905395508,heterogeneity_pressure,8,train,seed8/heterogeneity_pressure/episode0/step1,16,0,no_prefix
5,-26.131437301635742,-21.092615127563477,-18.129070281982422,heterogeneity_pressure,8,train,seed8/heterogeneity_pressure/episode0/step1,16,1,no_prefix
5,-26.131437301635742,-32.49578857421875,-24.39234161376953,heterogeneity_pressure,8,train,seed8/heterogeneity_pressure/episode0/step1,16,2,no_prefix
0,-23.031288146972656,-30.436260223388672,-26.094972610473633,heterogeneity_pressure,8,train,seed8/heterogeneity_pressure/episode1/step5,16,0,no_prefix
1,-23.031288146972656,-30.843313217163086,-26.36164665222168,heterogeneity_pressure,8,train,seed8/heterogeneity_pressure/episode1/step5,16,0,no_prefix
2,-23.031288146972656,-27.491342544555664,-27.505434036254883,heterogeneity_pressure,8,train,seed8/heterogeneity_pressure/episode1/step5,16,0,no_prefix
3,-23.031288146972656,-28.615798950195312,-27.70636749267578,heterogeneity_pressure,8,train,seed8/heterogeneity_pressure/episode1/step5,16,0,no_prefix
5,-23.031288146972656,-25.739112854003906,-24.619340896606445,heterogeneity_pressure,8,train,seed8/heterogeneity_pressure/episode1/step5,16,0,no_prefix
5,-23.031288146972656,-15.78065299987793,-13.105798721313477,heterogeneity_pressure,8,train,seed8/heterogeneity_pressure/episode1/step5,16,1,no_prefix
5,-23.031288146972656,-24.654285430908203,-18.002046585083008,heterogeneity_pressure,8,train,seed8/heterogeneity_pressure/episode1/step5,16,2,no_prefix
5,-20.239990234375,-24.729141235351562,-3.455507278442383,heterogeneity_pressure,8,validation,seed8/heterogeneity_pressure/episode7/step14,16,0,no_prefix
0,-20.239990234375,-39.66286849975586,-3.123659133911133,heterogeneity_pressure,8,validation,seed8/heterogeneity_pressure/episode7/step14,16,1,no_prefix
1,-20.239990234375,-48.14617919921875,-6.091062545776367,heterogeneity_pressure,8,validation,seed8/heterogeneity_pressure/episode7/step14,16,1,no_prefix
2,-20.239990234375,-48.14617919921875,-4.418340682983398,heterogeneity_pressure,8,validation,seed8/heterogeneity_pressure/episode7/step14,16,1,no_prefix
3,-20.239990234375,-42.71379089355469,-4.523046493530273,heterogeneity_pressure,8,validation,seed8/heterogeneity_pressure/episode7/step14,16,1,no_prefix
5,-20.239990234375,-34.807987213134766,-2.7088775634765625,heterogeneity_pressure,8,validation,seed8/heterogeneity_pressure/episode7/step14,16,1,no_prefix
5,-20.239990234375,-41.03832244873047,-0.22916030883789062,heterogeneity_pressure,8,validation,seed8/heterogeneity_pressure/episode7/step14,16,2,no_prefix
5,-53.74814987182617,-15.408243179321289,-22.65584373474121,heterogeneity_pressure,8,train,seed8/heterogeneity_pressure/episode4/step41,16,0,no_prefix
5,-53.74814987182617,-12.455791473388672,-20.00543212890625,heterogeneity_pressure,8,train,seed8/heterogeneity_pressure/episode4/step41,16,1,no_prefix
2,-53.74814987182617,-13.761735916137695,-18.319473266601562,heterogeneity_pressure,8,train,seed8/heterogeneity_pressure/episode4/step41,16,2,no_prefix
4,-53.74814987182617,-13.072408676147461,-13.461169242858887,heterogeneity_pressure,8,train,seed8/heterogeneity_pressure/episode4/step41,16,2,no_prefix
5,-53.74814987182617,-13.733016967773438,-22.02103042602539,heterogeneity_pressure,8,train,seed8/heterogeneity_pressure/episode4/step41,16,2,no_prefix
5,-44.25516128540039,-20.439416885375977,-33.16771697998047,heterogeneity_pressure,8,test,seed8/heterogeneity_pressure/episode4/step28,16,0,no_prefix
5,-44.25516128540039,-16.284255981445312,-30.559101104736328,heterogeneity_pressure,8,test,seed8/heterogeneity_pressure/episode4/step28,16,1,no_prefix
3,-44.25516128540039,-18.03166389465332,-25.493982315063477,heterogeneity_pressure,8,test,seed8/heterogeneity_pressure/episode4/step28,16,2,no_prefix
4,-44.25516128540039,-25.132131576538086,-23.08713150024414,heterogeneity_pressure,8,test,seed8/heterogeneity_pressure/episode4/step28,16,2,no_prefix
5,-44.25516128540039,-35.15403366088867,-29.111064910888672,heterogeneity_pressure,8,test,seed8/heterogeneity_pressure/episode4/step28,16,2,no_prefix
5,4.426466464996338,2.1517786979675293,2.1473045349121094,heterogeneity_pressure,8,test,seed8/heterogeneity_pressure/episode8/step41,16,0,no_prefix
5,4.426466464996338,0.4348887801170349,4.542442321777344,heterogeneity_pressure,8,test,seed8/heterogeneity_pressure/episode8/step41,16,1,no_prefix
0,4.426466464996338,-0.22265611588954926,4.579586029052734,heterogeneity_pressure,8,test,seed8/heterogeneity_pressure/episode8/step41,16,2,no_prefix
5,4.426466464996338,-0.23812775313854218,1.742288589477539,heterogeneity_pressure,8,test,seed8/heterogeneity_pressure/episode8/step41,16,2,no_prefix
5,-20.031503677368164,-0.540927529335022,-2.434701919555664,heterogeneity_pressure,8,train,seed8/heterogeneity_pressure/episode5/step47,16,0,no_prefix
5,-20.031503677368164,0.007023833692073822,0.034961700439453125,heterogeneity_pressure,8,train,seed8/heterogeneity_pressure/episode5/step47,16,1,no_prefix
1,-20.031503677368164,-0.665927529335022,-3.806425094604492,heterogeneity_pressure,8,train,seed8/heterogeneity_pressure/episode5/step47,16,2,no_prefix
5,-20.031503677368164,-0.4459399878978729,-8.167013168334961,heterogeneity_pressure,8,train,seed8/heterogeneity_pressure/episode5/step47,16,2,no_prefix
5,-10.722909927368164,0.4606660008430481,1.1965675354003906,heterogeneity_pressure,8,train,seed8/heterogeneity_pressure/episode2/step49,16,0,no_prefix
5,-10.722909927368164,-0.10000000149011612,3.754230499267578,heterogeneity_pressure,8,train,seed8/heterogeneity_pressure/episode2/step49,16,1,no_prefix
4,-10.722909927368164,2.2676639556884766,12.394439697265625,heterogeneity_pressure,8,train,seed8/heterogeneity_pressure/episode2/step49,16,2,no_prefix
5,-10.722909927368164,-0.10000000149011612,4.311733245849609,heterogeneity_pressure,8,train,seed8/heterogeneity_pressure/episode2/step49,16,2,no_prefix
1,-44.46287536621094,-45.17937088012695,-35.334877014160156,heterogeneity_pressure,8,train,seed8/heterogeneity_pressure/episode9/step3,16,0,no_prefix
2,-44.46287536621094,-41.17977523803711,-32.10934066772461,heterogeneity_pressure,8,train,seed8/heterogeneity_pressure/episode9/step3,16,0,no_prefix
4,-44.46287536621094,-45.592979431152344,-29.203861236572266,heterogeneity_pressure,8,train,seed8/heterogeneity_pressure/episode9/step3,16,0,no_prefix
5,-44.46287536621094,-29.654233932495117,-31.42812156677246,heterogeneity_pressure,8,train,seed8/heterogeneity_pressure/episode9/step3,16,0,no_prefix
1,-44.46287536621094,-33.3438720703125,-32.080162048339844,heterogeneity_pressure,8,train,seed8/heterogeneity_pressure/episode9/step3,16,1,no_prefix
2,-44.46287536621094,-32.95407485961914,-29.01369857788086,heterogeneity_pressure,8,train,seed8/heterogeneity_pressure/episode9/step3,16,1,no_prefix
4,-44.46287536621094,-29.453737258911133,-25.811527252197266,heterogeneity_pressure,8,train,seed8/heterogeneity_pressure/episode9/step3,16,1,no_prefix
5,-44.46287536621094,-31.395183563232422,-28.920602798461914,heterogeneity_pressure,8,train,seed8/heterogeneity_pressure/episode9/step3,16,1,no_prefix
5,-44.46287536621094,-34.88938522338867,-28.904088973999023,heterogeneity_pressure,8,train,seed8/heterogeneity_pressure/episode9/step3,16,2,no_prefix
5,-42.721309661865234,-33.07182312011719,-26.65638542175293,heterogeneity_pressure,8,validation,seed8/heterogeneity_pressure/episode15/step15,16,0,no_prefix
5,-42.721309661865234,-29.22667121887207,-24.04389190673828,heterogeneity_pressure,8,validation,seed8/heterogeneity_pressure/episode15/step15,16,1,no_prefix
1,-42.721309661865234,-35.59503173828125,-30.760610580444336,heterogeneity_pressure,8,validation,seed8/heterogeneity_pressure/episode15/step15,16,2,no_prefix
5,-42.721309661865234,-36.510955810546875,-30.012409210205078,heterogeneity_pressure,8,validation,seed8/heterogeneity_pressure/episode15/step15,16,2,no_prefix
5,-41.89836502075195,-28.442615509033203,-28.251415252685547,heterogeneity_pressure,8,train,seed8/heterogeneity_pressure/episode9/step12,16,0,no_prefix
0,-41.89836502075195,-24.136560440063477,-26.301836013793945,heterogeneity_pressure,8,train,seed8/heterogeneity_pressure/episode9/step12,16,1,no_prefix
1,-41.89836502075195,-19.18574333190918,-25.23186683654785,heterogeneity_pressure,8,train,seed8/heterogeneity_pressure/episode9/step12,16,1,no_prefix
3,-41.89836502075195,-23.005014419555664,-24.153589248657227,heterogeneity_pressure,8,train,seed8/heterogeneity_pressure/episode9/step12,16,1,no_prefix
4,-41.89836502075195,-24.436819076538086,-18.618255615234375,heterogeneity_pressure,8,train,seed8/heterogeneity_pressure/episode9/step12,16,1,no_prefix
5,-41.89836502075195,-19.98539924621582,-24.21562957763672,heterogeneity_pressure,8,train,seed8/heterogeneity_pressure/episode9/step12,16,1,no_prefix
4,-41.89836502075195,-29.748361587524414,-17.46773338317871,heterogeneity_pressure,8,train,seed8/heterogeneity_pressure/episode9/step12,16,2,no_prefix
5,-41.89836502075195,-32.11484909057617,-22.883024215698242,heterogeneity_pressure,8,train,seed8/heterogeneity_pressure/episode9/step12,16,2,no_prefix
5,-14.050912857055664,-0.8201633095741272,-1.8810138702392578,heterogeneity_pressure,8,train,seed8/heterogeneity_pressure/episode5/step40,16,0,no_prefix
5,-14.050912857055664,-1.115088939666748,0.5952396392822266,heterogeneity_pressure,8,train,seed8/heterogeneity_pressure/episode5/step40,16,1,no_prefix
1,-14.050912857055664,-1.3136887550354004,-3.487691879272461,heterogeneity_pressure,8,train,seed8/heterogeneity_pressure/episode5/step40,16,2,no_prefix
5,-14.050912857055664,-1.5664178133010864,-6.404664993286133,heterogeneity_pressure,8,train,seed8/heterogeneity_pressure/episode5/step40,16,2,no_prefix
5,-41.35121154785156,-18.37588882446289,-13.713103294372559,heterogeneity_pressure,8,train,seed8/heterogeneity_pressure/episode3/step30,16,0,no_prefix
5,-41.35121154785156,-20.48017120361328,-10.9439115524292,heterogeneity_pressure,8,train,seed8/heterogeneity_pressure/episode3/step30,16,1,no_prefix
3,-41.35121154785156,-22.882488250732422,-11.09372329711914,heterogeneity_pressure,8,train,seed8/heterogeneity_pressure/episode3/step30,16,2,no_prefix
5,-41.35121154785156,-23.39225959777832,-12.153885841369629,heterogeneity_pressure,8,train,seed8/heterogeneity_pressure/episode3/step30,16,2,no_prefix
5,-13.094359397888184,-29.47755241394043,-31.906192779541016,heterogeneity_pressure,8,test,seed8/heterogeneity_pressure/episode16/step11,16,0,no_prefix
0,-13.094359397888184,-37.5859489440918,-36.412662506103516,heterogeneity_pressure,8,test,seed8/heterogeneity_pressure/episode16/step11,16,1,no_prefix
1,-13.094359397888184,-27.50814437866211,-33.003475189208984,heterogeneity_pressure,8,test,seed8/heterogeneity_pressure/episode16/step11,16,1,no_prefix
4,-13.094359397888184,-35.097530364990234,-29.55070686340332,heterogeneity_pressure,8,test,seed8/heterogeneity_pressure/episode16/step11,16,1,no_prefix
5,-13.094359397888184,-42.76420211791992,-29.114877700805664,heterogeneity_pressure,8,test,seed8/heterogeneity_pressure/episode16/step11,16,1,no_prefix
4,-13.094359397888184,-35.98424530029297,-28.02872657775879,heterogeneity_pressure,8,test,seed8/heterogeneity_pressure/episode16/step11,16,2,no_prefix
5,-13.094359397888184,-31.61025619506836,-28.200014114379883,heterogeneity_pressure,8,test,seed8/heterogeneity_pressure/episode16/step11,16,2,no_prefix
5,-35.68598556518555,-55.87950897216797,-22.576889038085938,medium,10,validation,seed10/medium/episode7/step5,16,0,no_prefix
0,-35.68598556518555,-60.30918502807617,-30.730627059936523,medium,10,validation,seed10/medium/episode7/step5,16,1,no_prefix
1,-35.68598556518555,-55.957305908203125,-28.928741455078125,medium,10,validation,seed10/medium/episode7/step5,16,1,no_prefix
2,-35.68598556518555,-55.957305908203125,-30.653837203979492,medium,10,validation,seed10/medium/episode7/step5,16,1,no_prefix
3,-35.68598556518555,-60.55872344970703,-28.80625343322754,medium,10,validation,seed10/medium/episode7/step5,16,1,no_prefix
4,-35.68598556518555,-55.957305908203125,-27.390342712402344,medium,10,validation,seed10/medium/episode7/step5,16,1,no_prefix
5,-35.68598556518555,-52.83570098876953,-26.324018478393555,medium,10,validation,seed10/medium/episode7/step5,16,1,no_prefix
0,-35.68598556518555,-66.3775863647461,-27.656005859375,medium,10,validation,seed10/medium/episode7/step5,16,2,no_prefix
3,-35.68598556518555,-66.3775863647461,-26.012605667114258,medium,10,validation,seed10/medium/episode7/step5,16,2,no_prefix
5,-35.68598556518555,-47.52043533325195,-23.860441207885742,medium,10,validation,seed10/medium/episode7/step5,16,2,no_prefix
5,-41.86380386352539,-31.02754020690918,-14.557961463928223,medium,10,train,seed10/medium/episode15/step24,16,0,no_prefix
5,-41.86380386352539,-26.491273880004883,-11.945331573486328,medium,10,train,seed10/medium/episode15/step24,16,1,no_prefix
0,-41.86380386352539,-23.024757385253906,-22.478302001953125,medium,10,train,seed10/medium/episode15/step24,16,2,no_prefix
1,-41.86380386352539,-22.034337997436523,-18.762042999267578,medium,10,train,seed10/medium/episode15/step24,16,2,no_prefix
3,-41.86380386352539,-22.377193450927734,-18.746353149414062,medium,10,train,seed10/medium/episode15/step24,16,2,no_prefix
5,-41.86380386352539,-24.454883575439453,-20.46672821044922,medium,10,train,seed10/medium/episode15/step24,16,2,no_prefix
4,-15.354440689086914,-2.157315969467163,9.036865234375,medium,10,train,seed10/medium/episode1/step16,16,0,no_prefix
5,-15.354440689086914,-3.736421585083008,11.122020721435547,medium,10,train,seed10/medium/episode1/step16,16,0,no_prefix
5,-15.354440689086914,-10.530824661254883,6.930170059204102,medium,10,train,seed10/medium/episode1/step16,16,1,no_prefix
5,-15.354440689086914,-13.574185371398926,7.441488265991211,medium,10,train,seed10/medium/episode1/step16,16,2,no_prefix
5,-55.76152038574219,-31.1512451171875,-30.45690155029297,medium,10,train,seed10/medium/episode10/step22,16,0,no_prefix
5,-55.76152038574219,-32.70480728149414,-27.83128547668457,medium,10,train,seed10/medium/episode10/step22,16,1,no_prefix
1,-55.76152038574219,-22.69593048095703,-31.21047019958496,medium,10,train,seed10/medium/episode10/step22,16,2,no_prefix
3,-55.76152038574219,-25.175235748291016,-30.996543884277344,medium,10,train,seed10/medium/episode10/step22,16,2,no_prefix
4,-55.76152038574219,-22.688711166381836,-27.60991668701172,medium,10,train,seed10/medium/episode10/step22,16,2,no_prefix
5,-55.76152038574219,-27.154003143310547,-32.991050720214844,medium,10,train,seed10/medium/episode10/step22,16,2,no_prefix
5,-50.72065734863281,-19.28573989868164,-32.93361282348633,medium,10,train,seed10/medium/episode8/step18,16,0,no_prefix
5,-50.72065734863281,-17.641267776489258,-30.3821964263916,medium,10,train,seed10/medium/episode8/step18,16,1,no_prefix
3,-50.72065734863281,-20.39323616027832,-27.826980590820312,medium,10,train,seed10/medium/episode8/step18,16,2,no_prefix
5,-50.72065734863281,-18.16260528564453,-29.749563217163086,medium,10,train,seed10/medium/episode8/step18,16,2,no_prefix
5,-40.21684265136719,-1.3780397176742554,-7.47902774810791,medium,10,test,seed10/medium/episode5/step26,16,0,no_prefix
5,-40.21684265136719,-1.896801233291626,-5.100297927856445,medium,10,test,seed10/medium/episode5/step26,16,1,no_prefix
3,-40.21684265136719,-1.8980512619018555,-8.054049491882324,medium,10,test,seed10/medium/episode5/step26,16,2,no_prefix
5,-40.21684265136719,-1.9039369821548462,-7.996522903442383,medium,10,test,seed10/medium/episode5/step26,16,2,no_prefix
0,-38.125389099121094,-22.54469108581543,-32.43019485473633,medium,10,test,seed10/medium/episode4/step0,16,0,no_prefix
1,-38.125389099121094,-28.730648040771484,-32.268287658691406,medium,10,test,seed10/medium/episode4/step0,16,0,no_prefix
2,-38.125389099121094,-34.44580841064453,-34.85174560546875,medium,10,test,seed10/medium/episode4/step0,16,0,no_prefix
5,-38.125389099121094,-28.73064613342285,-28.138668060302734,medium,10,test,seed10/medium/episode4/step0,16,0,no_prefix
0,-38.125389099121094,-20.424787521362305,-30.53925323486328,medium,10,test,seed10/medium/episode4/step0,16,1,no_prefix
1,-38.125389099121094,-23.55385398864746,-29.921831130981445,medium,10,test,seed10/medium/episode4/step0,16,1,no_prefix
2,-38.125389099121094,-23.55385398864746,-32.34849548339844,medium,10,test,seed10/medium/episode4/step0,16,1,no_prefix
5,-38.125389099121094,-17.332595825195312,-25.517866134643555,medium,10,test,seed10/medium/episode4/step0,16,1,no_prefix
5,-38.125389099121094,-14.990696907043457,-23.177602767944336,medium,10,test,seed10/medium/episode4/step0,16,2,no_prefix
1,-43.29454803466797,-24.99823570251465,-35.490928649902344,medium,10,train,seed10/medium/episode10/step5,16,0,no_prefix
2,-43.29454803466797,-27.326887130737305,-36.54884719848633,medium,10,train,seed10/medium/episode10/step5,16,0,no_prefix
4,-43.29454803466797,-27.326887130737305,-33.504112243652344,medium,10,train,seed10/medium/episode10/step5,16,0,no_prefix
5,-43.29454803466797,-26.53093147277832,-33.76468276977539,medium,10,train,seed10/medium/episode10/step5,16,0,no_prefix
5,-43.29454803466797,-31.026714324951172,-26.496917724609375,medium,10,train,seed10/medium/episode10/step5,16,1,no_prefix
5,-43.29454803466797,-21.823978424072266,-29.86587142944336,medium,10,train,seed10/medium/episode10/step5,16,2,no_prefix
5,-52.20142364501953,-14.420633316040039,-27.12957763671875,medium,10,test,seed10/medium/episode8/step30,16,0,no_prefix
5,-52.20142364501953,-15.110915184020996,-24.558507919311523,medium,10,test,seed10/medium/episode8/step30,16,1,no_prefix
4,-52.20142364501953,-15.294081687927246,-19.140554428100586,medium,10,test,seed10/medium/episode8/step30,16,2,no_prefix
5,-52.20142364501953,-15.901695251464844,-23.97092628479004,medium,10,test,seed10/medium/episode8/step30,16,2,no_prefix
1,-36.333717346191406,-24.703922271728516,-28.353483200073242,medium,10,validation,seed10/medium/episode11/step2,16,0,no_prefix
2,-36.333717346191406,-25.797178268432617,-27.037120819091797,medium,10,validation,seed10/medium/episode11/step2,16,0,no_prefix
3,-36.333717346191406,-26.191118240356445,-31.95684051513672,medium,10,validation,seed10/medium/episode11/step2,16,0,no_prefix
5,-36.333717346191406,-26.371273040771484,-24.384124755859375,medium,10,validation,seed10/medium/episode11/step2,16,0,no_prefix
2,-36.333717346191406,-18.616596221923828,-17.41748809814453,medium,10,validation,seed10/medium/episode11/step2,16,1,no_prefix
4,-36.333717346191406,-20.727283477783203,-14.021822929382324,medium,10,validation,seed10/medium/episode11/step2,16,1,no_prefix
5,-36.333717346191406,-20.96011734008789,-14.510381698608398,medium,10,validation,seed10/medium/episode11/step2,16,1,no_prefix
5,-36.333717346191406,-14.309948921203613,-19.27623748779297,medium,10,validation,seed10/medium/episode11/step2,16,2,no_prefix
5,-54.48463439941406,-39.168922424316406,-28.760448455810547,medium,10,train,seed10/medium/episode3/step17,16,0,no_prefix
5,-54.48463439941406,-36.869503021240234,-26.145362854003906,medium,10,train,seed10/medium/episode3/step17,16,1,no_prefix
1,-54.48463439941406,-30.206525802612305,-32.76836013793945,medium,10,train,seed10/medium/episode3/step17,16,2,no_prefix
5,-54.48463439941406,-30.34027862548828,-34.61442947387695,medium,10,train,seed10/medium/episode3/step17,16,2,no_prefix
5,-51.40619659423828,-14.173257827758789,-14.378593444824219,medium,10,train,seed10/medium/episode12/step3,16,0,no_prefix
0,-51.40619659423828,-15.643163681030273,-22.199613571166992,medium,10,train,seed10/medium/episode12/step3,16,1,no_prefix
1,-51.40619659423828,-21.415624618530273,-22.614240646362305,medium,10,train,seed10/medium/episode12/step3,16,1,no_prefix
2,-51.40619659423828,-16.50662612915039,-24.073383331298828,medium,10,train,seed10/medium/episode12/step3,16,1,no_prefix
4,-51.40619659423828,-17.357559204101562,-20.537498474121094,medium,10,train,seed10/medium/episode12/step3,16,1,no_prefix
5,-51.40619659423828,-25.153074264526367,-19.52365493774414,medium,10,train,seed10/medium/episode12/step3,16,1,no_prefix
5,-51.40619659423828,-24.997943878173828,-18.10822296142578,medium,10,train,seed10/medium/episode12/step3,16,2,no_prefix
5,-31.546545028686523,-9.02413272857666,-11.155570030212402,medium,10,train,seed10/medium/episode5/step12,16,0,no_prefix
5,-31.546545028686523,-14.530287742614746,-8.716381072998047,medium,10,train,seed10/medium/episode5/step12,16,1,no_prefix
3,-31.546545028686523,-9.952210426330566,-10.122323989868164,medium,10,train,seed10/medium/episode5/step12,16,2,no_prefix
5,-31.546545028686523,-1.920183777809143,-8.012598991394043,medium,10,train,seed10/medium/episode5/step12,16,2,no_prefix
5,-37.825347900390625,1.0332249402999878,-28.77883529663086,medium,10,validation,seed10/medium/episode9/step13,16,0,no_prefix
5,-37.825347900390625,-0.4318791627883911,-26.161474227905273,medium,10,validation,seed10/medium/episode9/step13,16,1,no_prefix
1,-37.825347900390625,-4.53907585144043,-29.932462692260742,medium,10,validation,seed10/medium/episode9/step13,16,2,no_prefix
5,-37.825347900390625,-4.579248905181885,-32.39836120605469,medium,10,validation,seed10/medium/episode9/step13,16,2,no_prefix
5,-11.840337753295898,7.620176315307617,11.60989761352539,medium,10,train,seed10/medium/episode1/step40,16,0,no_prefix
5,-11.840337753295898,7.128280162811279,13.638545989990234,medium,10,train,seed10/medium/episode1/step40,16,1,no_prefix
1,-11.840337753295898,6.893083572387695,10.84804916381836,medium,10,train,seed10/medium/episode1/step40,16,2,no_prefix
5,-11.840337753295898,3.765859365463257,8.77617073059082,medium,10,train,seed10/medium/episode1/step40,16,2,no_prefix
0,-32.780826568603516,-36.680728912353516,-17.246803283691406,time_pressure,10,train,seed10/time_pressure/episode17/step4,16,0,no_prefix
1,-32.780826568603516,-18.68159294128418,-14.149618148803711,time_pressure,10,train,seed10/time_pressure/episode17/step4,16,0,no_prefix
2,-32.780826568603516,-6.104510307312012,-13.09103775024414,time_pressure,10,train,seed10/time_pressure/episode17/step4,16,0,no_prefix
3,-32.780826568603516,-21.79892921447754,-14.235191345214844,time_pressure,10,train,seed10/time_pressure/episode17/step4,16,0,no_prefix
4,-32.780826568603516,-29.252639770507812,-11.02354621887207,time_pressure,10,train,seed10/time_pressure/episode17/step4,16,0,no_prefix
5,-32.780826568603516,-28.6420955657959,-13.37157917022705,time_pressure,10,train,seed10/time_pressure/episode17/step4,16,0,no_prefix
0,-32.780826568603516,0.32874318957328796,-15.210472106933594,time_pressure,10,train,seed10/time_pressure/episode17/step4,16,1,no_prefix
1,-32.780826568603516,0.32874318957328796,-11.75505542755127,time_pressure,10,train,seed10/time_pressure/episode17/step4,16,1,no_prefix
2,-32.780826568603516,12.691333770751953,-9.744609832763672,time_pressure,10,train,seed10/time_pressure/episode17/step4,16,1,no_prefix
3,-32.780826568603516,0.47014516592025757,-11.416089057922363,time_pressure,10,train,seed10/time_pressure/episode17/step4,16,1,no_prefix
4,-32.780826568603516,13.072425842285156,-7.642657279968262,time_pressure,10,train,seed10/time_pressure/episode17/step4,16,1,no_prefix
5,-32.780826568603516,-16.217052459716797,-10.701449394226074,time_pressure,10,train,seed10/time_pressure/episode17/step4,16,1,no_prefix
2,-32.780826568603516,-8.995748519897461,-11.456502914428711,time_pressure,10,train,seed10/time_pressure/episode17/step4,16,2,no_prefix
3,-32.780826568603516,-8.37341594696045,-12.281643867492676,time_pressure,10,train,seed10/time_pressure/episode17/step4,16,2,no_prefix
5,-32.780826568603516,-8.69400405883789,-12.02242660522461,time_pressure,10,train,seed10/time_pressure/episode17/step4,16,2,no_prefix
5,-12.364377975463867,-0.23333290219306946,-14.467806816101074,time_pressure,10,train,seed10/time_pressure/episode2/step16,16,0,no_prefix
5,-12.364377975463867,-20.81153106689453,-11.798615455627441,time_pressure,10,train,seed10/time_pressure/episode2/step16,16,1,no_prefix
4,-12.364377975463867,-4.30639123916626,-6.422101974487305,time_pressure,10,train,seed10/time_pressure/episode2/step16,16,2,no_prefix
5,-12.364377975463867,-1.2189213037490845,-9.935624122619629,time_pressure,10,train,seed10/time_pressure/episode2/step16,16,2,no_prefix
0,-33.68705749511719,-38.635337829589844,-19.859054565429688,time_pressure,10,test,seed10/time_pressure/episode13/step2,16,0,no_prefix
2,-33.68705749511719,-32.22697830200195,-19.85995864868164,time_pressure,10,test,seed10/time_pressure/episode13/step2,16,0,no_prefix
4,-33.68705749511719,-33.35552215576172,-17.467403411865234,time_pressure,10,test,seed10/time_pressure/episode13/step2,16,0,no_prefix
5,-33.68705749511719,-31.707569122314453,-16.297054290771484,time_pressure,10,test,seed10/time_pressure/episode13/step2,16,0,no_prefix
1,-33.68705749511719,-24.88421058654785,-23.828487396240234,time_pressure,10,test,seed10/time_pressure/episode13/step2,16,1,no_prefix
2,-33.68705749511719,-24.577547073364258,-25.262020111083984,time_pressure,10,test,seed10/time_pressure/episode13/step2,16,1,no_prefix
5,-33.68705749511719,-24.018342971801758,-21.168703079223633,time_pressure,10,test,seed10/time_pressure/episode13/step2,16,1,no_prefix
5,-33.68705749511719,-30.824386596679688,-18.593935012817383,time_pressure,10,test,seed10/time_pressure/episode13/step2,16,2,no_prefix
5,-33.07527542114258,-39.6837272644043,-28.147096633911133,time_pressure,10,train,seed10/time_pressure/episode7/step9,16,0,no_prefix
1,-33.07527542114258,-26.42143440246582,-29.681543350219727,time_pressure,10,train,seed10/time_pressure/episode7/step9,16,1,no_prefix
2,-33.07527542114258,-36.100372314453125,-29.6761474609375,time_pressure,10,train,seed10/time_pressure/episode7/step9,16,1,no_prefix
4,-33.07527542114258,-26.61481475830078,-28.398666381835938,time_pressure,10,train,seed10/time_pressure/episode7/step9,16,1,no_prefix
5,-33.07527542114258,-36.14894485473633,-27.86481475830078,time_pressure,10,train,seed10/time_pressure/episode7/step9,16,1,no_prefix
1,-33.07527542114258,-46.95102310180664,-34.68560791015625,time_pressure,10,train,seed10/time_pressure/episode7/step9,16,2,no_prefix
5,-33.07527542114258,-42.86922836303711,-33.16046142578125,time_pressure,10,train,seed10/time_pressure/episode7/step9,16,2,no_prefix
1,-29.5692138671875,-21.90455436706543,-26.878211975097656,time_pressure,10,train,seed10/time_pressure/episode6/step2,16,0,no_prefix
3,-29.5692138671875,-23.093769073486328,-23.50990104675293,time_pressure,10,train,seed10/time_pressure/episode6/step2,16,0,no_prefix
4,-29.5692138671875,-21.747642517089844,-22.998857498168945,time_pressure,10,train,seed10/time_pressure/episode6/step2,16,0,no_prefix
5,-29.5692138671875,-24.489959716796875,-22.892478942871094,time_pressure,10,train,seed10/time_pressure/episode6/step2,16,0,no_prefix
1,-29.5692138671875,-26.203153610229492,-25.976398468017578,time_pressure,10,train,seed10/time_pressure/episode6/step2,16,1,no_prefix
3,-29.5692138671875,-26.203153610229492,-22.181015014648438,time_pressure,10,train,seed10/time_pressure/episode6/step2,16,1,no_prefix
5,-29.5692138671875,-28.36974334716797,-21.422710418701172,time_pressure,10,train,seed10/time_pressure/episode6/step2,16,1,no_prefix
5,-29.5692138671875,-34.7044792175293,-20.850772857666016,time_pressure,10,train,seed10/time_pressure/episode6/step2,16,2,no_prefix
5,-44.84532165527344,-17.421295166015625,-54.22323989868164,time_pressure,10,train,seed10/time_pressure/episode16/step9,16,0,no_prefix
5,-44.84532165527344,-65.22337341308594,-51.868385314941406,time_pressure,10,train,seed10/time_pressure/episode16/step9,16,1,no_prefix
0,-44.84532165527344,-73.95187377929688,-57.90785598754883,time_pressure,10,train,seed10/time_pressure/episode16/step9,16,2,no_prefix
1,-44.84532165527344,-65.7739028930664,-55.463356018066406,time_pressure,10,train,seed10/time_pressure/episode16/step9,16,2,no_prefix
4,-44.84532165527344,-71.34691619873047,-53.11674499511719,time_pressure,10,train,seed10/time_pressure/episode16/step9,16,2,no_prefix
5,-44.84532165527344,-70.97869873046875,-56.59252166748047,time_pressure,10,train,seed10/time_pressure/episode16/step9,16,2,no_prefix
5,-46.35187911987305,-77.09550476074219,-54.644508361816406,time_pressure,10,train,seed10/time_pressure/episode16/step10,16,0,no_prefix
5,-46.35187911987305,-59.04667663574219,-52.296226501464844,time_pressure,10,train,seed10/time_pressure/episode16/step10,16,1,no_prefix
0,-46.35187911987305,-82.70098114013672,-58.4153938293457,time_pressure,10,train,seed10/time_pressure/episode16/step10,16,2,no_prefix
1,-46.35187911987305,-66.52872467041016,-56.09201431274414,time_pressure,10,train,seed10/time_pressure/episode16/step10,16,2,no_prefix
4,-46.35187911987305,-72.26375579833984,-53.730445861816406,time_pressure,10,train,seed10/time_pressure/episode16/step10,16,2,no_prefix
5,-46.35187911987305,-72.59828186035156,-57.39329147338867,time_pressure,10,train,seed10/time_pressure/episode16/step10,16,2,no_prefix
5,-30.79086685180664,-8.568219184875488,-26.698972702026367,time_pressure,10,validation,seed10/time_pressure/episode15/step14,16,0,no_prefix
5,-30.79086685180664,-12.198286056518555,-24.01319122314453,time_pressure,10,validation,seed10/time_pressure/episode15/step14,16,1,no_prefix
1,-30.79086685180664,-6.0362982749938965,-32.236881256103516,time_pressure,10,validation,seed10/time_pressure/episode15/step14,16,2,no_prefix
5,-30.79086685180664,-6.082505226135254,-31.23188018798828,time_pressure,10,validation,seed10/time_pressure/episode15/step14,16,2,no_prefix
5,-35.37253189086914,-51.63031005859375,-34.09209060668945,time_pressure,10,test,seed10/time_pressure/episode7/step12,16,0,no_prefix
5,-35.37253189086914,-48.780174255371094,-31.520084381103516,time_pressure,10,test,seed10/time_pressure/episode7/step12,16,1,no_prefix
1,-35.37253189086914,-43.77391815185547,-38.550941467285156,time_pressure,10,test,seed10/time_pressure/episode7/step12,16,2,no_prefix
4,-35.37253189086914,-35.68687057495117,-37.04149627685547,time_pressure,10,test,seed10/time_pressure/episode7/step12,16,2,no_prefix
5,-35.37253189086914,-43.95708465576172,-37.524105072021484,time_pressure,10,test,seed10/time_pressure/episode7/step12,16,2,no_prefix
5,-54.286766052246094,-49.65937805175781,-48.82630920410156,time_pressure,10,train,seed10/time_pressure/episode4/step12,16,0,no_prefix
5,-54.286766052246094,-61.54647445678711,-46.35808563232422,time_pressure,10,train,seed10/time_pressure/episode4/step12,16,1,no_prefix
2,-54.286766052246094,-65.97720336914062,-48.710655212402344,time_pressure,10,train,seed10/time_pressure/episode4/step12,16,2,no_prefix
3,-54.286766052246094,-70.48692321777344,-51.36646270751953,time_pressure,10,train,seed10/time_pressure/episode4/step12,16,2,no_prefix
5,-54.286766052246094,-65.97906494140625,-50.612762451171875,time_pressure,10,train,seed10/time_pressure/episode4/step12,16,2,no_prefix
5,-13.580699920654297,-43.26108932495117,-32.06416320800781,time_pressure,10,validation,seed10/time_pressure/episode10/step14,16,0,no_prefix
5,-13.580699920654297,-36.904335021972656,-29.3961238861084,time_pressure,10,validation,seed10/time_pressure/episode10/step14,16,1,no_prefix
1,-13.580699920654297,-37.1174430847168,-39.025203704833984,time_pressure,10,validation,seed10/time_pressure/episode10/step14,16,2,no_prefix
5,-13.580699920654297,-33.564735412597656,-36.46815872192383,time_pressure,10,validation,seed10/time_pressure/episode10/step14,16,2,no_prefix
5,-10.575489044189453,-17.48856544494629,-30.985694885253906,time_pressure,10,validation,seed10/time_pressure/episode10/step8,16,0,no_prefix
5,-10.575489044189453,-14.4224853515625,-28.331695556640625,time_pressure,10,validation,seed10/time_pressure/episode10/step8,16,1,no_prefix
1,-10.575489044189453,-18.692123413085938,-38.02995300292969,time_pressure,10,validation,seed10/time_pressure/episode10/step8,16,2,no_prefix
5,-10.575489044189453,-18.807222366333008,-33.71623229980469,time_pressure,10,validation,seed10/time_pressure/episode10/step8,16,2,no_prefix
1,-28.793285369873047,-31.893980026245117,-25.103891372680664,time_pressure,10,train,seed10/time_pressure/episode3/step7,16,0,no_prefix
2,-28.793285369873047,-30.205974578857422,-25.685150146484375,time_pressure,10,train,seed10/time_pressure/episode3/step7,16,0,no_prefix
5,-28.793285369873047,-24.612285614013672,-23.355892181396484,time_pressure,10,train,seed10/time_pressure/episode3/step7,16,0,no_prefix
5,-28.793285369873047,-1.5589079856872559,-11.755626678466797,time_pressure,10,train,seed10/time_pressure/episode3/step7,16,1,no_prefix
1,-28.793285369873047,-20.561504364013672,-24.147096633911133,time_pressure,10,train,seed10/time_pressure/episode3/step7,16,2,no_prefix
5,-28.793285369873047,-20.661182403564453,-23.132827758789062,time_pressure,10,train,seed10/time_pressure/episode3/step7,16,2,no_prefix
5,-57.466217041015625,-46.90613555908203,-29.423847198486328,time_pressure,10,train,seed10/time_pressure/episode11/step26,16,0,no_prefix
5,-57.466217041015625,-32.320556640625,-26.809309005737305,time_pressure,10,train,seed10/time_pressure/episode11/step26,16,1,no_prefix
2,-57.466217041015625,-40.386505126953125,-28.01552963256836,time_pressure,10,train,seed10/time_pressure/episode11/step26,16,2,no_prefix
3,-57.466217041015625,-40.386505126953125,-25.146169662475586,time_pressure,10,train,seed10/time_pressure/episode11/step26,16,2,no_prefix
4,-57.466217041015625,-40.386505126953125,-25.28341293334961,time_pressure,10,train,seed10/time_pressure/episode11/step26,16,2,no_prefix
5,-57.466217041015625,-43.738609313964844,-28.865936279296875,time_pressure,10,train,seed10/time_pressure/episode11/step26,16,2,no_prefix
5,-46.59867477416992,-14.837443351745605,-29.524124145507812,time_pressure,10,test,seed10/time_pressure/episode1/step16,16,0,no_prefix
5,-46.59867477416992,-35.28004837036133,-26.917461395263672,time_pressure,10,test,seed10/time_pressure/episode1/step16,16,1,no_prefix
1,-46.59867477416992,-33.70951843261719,-33.28825378417969,time_pressure,10,test,seed10/time_pressure/episode1/step16,16,2,no_prefix
2,-46.59867477416992,-33.70951843261719,-32.20089340209961,time_pressure,10,test,seed10/time_pressure/episode1/step16,16,2,no_prefix
4,-46.59867477416992,-33.70951843261719,-30.090723037719727,time_pressure,10,test,seed10/time_pressure/episode1/step16,16,2,no_prefix
5,-46.59867477416992,-40.005157470703125,-33.82394790649414,time_pressure,10,test,seed10/time_pressure/episode1/step16,16,2,no_prefix
5,-58.83220672607422,-38.66096878051758,-39.068626403808594,heterogeneity_pressure,10,train,seed10/heterogeneity_pressure/episode6/step19,16,0,no_prefix
5,-58.83220672607422,-37.06432342529297,-36.51517105102539,heterogeneity_pressure,10,train,seed10/heterogeneity_pressure/episode6/step19,16,1,no_prefix
3,-58.83220672607422,-32.142147064208984,-32.475494384765625,heterogeneity_pressure,10,train,seed10/heterogeneity_pressure/episode6/step19,16,2,no_prefix
4,-58.83220672607422,-32.142147064208984,-28.917816162109375,heterogeneity_pressure,10,train,seed10/heterogeneity_pressure/episode6/step19,16,2,no_prefix
5,-58.83220672607422,-31.54319953918457,-33.829376220703125,heterogeneity_pressure,10,train,seed10/heterogeneity_pressure/episode6/step19,16,2,no_prefix
5,-50.585025787353516,-24.075105667114258,-16.4791316986084,heterogeneity_pressure,10,train,seed10/heterogeneity_pressure/episode14/step21,16,0,no_prefix
5,-50.585025787353516,-26.947134017944336,-13.782363891601562,heterogeneity_pressure,10,train,seed10/heterogeneity_pressure/episode14/step21,16,1,no_prefix
0,-50.585025787353516,-24.11383628845215,-17.676109313964844,heterogeneity_pressure,10,train,seed10/heterogeneity_pressure/episode14/step21,16,2,no_prefix
2,-50.585025787353516,-26.49840545654297,-13.186027526855469,heterogeneity_pressure,10,train,seed10/heterogeneity_pressure/episode14/step21,16,2,no_prefix
5,-50.585025787353516,-28.76556968688965,-16.468555450439453,heterogeneity_pressure,10,train,seed10/heterogeneity_pressure/episode14/step21,16,2,no_prefix
0,-38.196128845214844,-9.163990020751953,-30.4149227142334,heterogeneity_pressure,10,test,seed10/heterogeneity_pressure/episode7/step2,16,0,no_prefix
1,-38.196128845214844,-13.489645004272461,-30.8247013092041,heterogeneity_pressure,10,test,seed10/heterogeneity_pressure/episode7/step2,16,0,no_prefix
2,-38.196128845214844,-8.96423625946045,-32.2495231628418,heterogeneity_pressure,10,test,seed10/heterogeneity_pressure/episode7/step2,16,0,no_prefix
3,-38.196128845214844,-12.908406257629395,-27.48165512084961,heterogeneity_pressure,10,test,seed10/heterogeneity_pressure/episode7/step2,16,0,no_prefix
4,-38.196128845214844,-8.053070068359375,-27.716068267822266,heterogeneity_pressure,10,test,seed10/heterogeneity_pressure/episode7/step2,16,0,no_prefix
5,-38.196128845214844,-19.270116806030273,-26.431442260742188,heterogeneity_pressure,10,test,seed10/heterogeneity_pressure/episode7/step2,16,0,no_prefix
0,-38.196128845214844,-22.523283004760742,-22.879520416259766,heterogeneity_pressure,10,test,seed10/heterogeneity_pressure/episode7/step2,16,1,no_prefix
2,-38.196128845214844,-22.523283004760742,-25.003732681274414,heterogeneity_pressure,10,test,seed10/heterogeneity_pressure/episode7/step2,16,1,no_prefix
5,-38.196128845214844,-24.002248764038086,-18.680267333984375,heterogeneity_pressure,10,test,seed10/heterogeneity_pressure/episode7/step2,16,1,no_prefix
5,-38.196128845214844,-17.880714416503906,-22.340900421142578,heterogeneity_pressure,10,test,seed10/heterogeneity_pressure/episode7/step2,16,2,no_prefix
5,-38.58123779296875,-28.087331771850586,-26.324440002441406,heterogeneity_pressure,10,test,seed10/heterogeneity_pressure/episode2/step23,16,0,no_prefix
5,-38.58123779296875,-12.319510459899902,-23.69145965576172,heterogeneity_pressure,10,test,seed10/heterogeneity_pressure/episode2/step23,16,1,no_prefix
0,-38.58123779296875,-21.47611427307129,-25.75109100341797,heterogeneity_pressure,10,test,seed10/heterogeneity_pressure/episode2/step23,16,2,no_prefix
2,-38.58123779296875,-28.587726593017578,-24.842620849609375,heterogeneity_pressure,10,test,seed10/heterogeneity_pressure/episode2/step23,16,2,no_prefix
3,-38.58123779296875,-22.938146591186523,-29.017959594726562,heterogeneity_pressure,10,test,seed10/heterogeneity_pressure/episode2/step23,16,2,no_prefix
5,-38.58123779296875,-24.743135452270508,-27.740970611572266,heterogeneity_pressure,10,test,seed10/heterogeneity_pressure/episode2/step23,16,2,no_prefix
1,-39.98905944824219,-24.093046188354492,-27.078922271728516,heterogeneity_pressure,10,train,seed10/heterogeneity_pressure/episode2/step1,16,0,no_prefix
3,-39.98905944824219,-19.301279067993164,-33.20282745361328,heterogeneity_pressure,10,train,seed10/heterogeneity_pressure/episode2/step1,16,0,no_prefix
4,-39.98905944824219,-22.357072830200195,-25.259754180908203,heterogeneity_pressure,10,train,seed10/heterogeneity_pressure/episode2/step1,16,0,no_prefix
5,-39.98905944824219,-22.43428611755371,-26.75693130493164,heterogeneity_pressure,10,train,seed10/heterogeneity_pressure/episode2/step1,16,0,no_prefix
5,-39.98905944824219,-25.5206241607666,-20.00882911682129,heterogeneity_pressure,10,train,seed10/heterogeneity_pressure/episode2/step1,16,1,no_prefix
5,-39.98905944824219,-20.704065322875977,-25.988384246826172,heterogeneity_pressure,10,train,seed10/heterogeneity_pressure/episode2/step1,16,2,no_prefix
5,-38.9393310546875,-28.762115478515625,-26.093698501586914,heterogeneity_pressure,10,test,seed10/heterogeneity_pressure/episode2/step24,16,0,no_prefix
5,-38.9393310546875,-26.229232788085938,-23.45993995666504,heterogeneity_pressure,10,test,seed10/heterogeneity_pressure/episode2/step24,16,1,no_prefix
0,-38.9393310546875,-17.024948120117188,-25.181583404541016,heterogeneity_pressure,10,test,seed10/heterogeneity_pressure/episode2/step24,16,2,no_prefix
2,-38.9393310546875,-23.69082260131836,-24.389156341552734,heterogeneity_pressure,10,test,seed10/heterogeneity_pressure/episode2/step24,16,2,no_prefix
3,-38.9393310546875,-23.69082260131836,-28.536052703857422,heterogeneity_pressure,10,test,seed10/heterogeneity_pressure/episode2/step24,16,2,no_prefix
5,-38.9393310546875,-25.455245971679688,-27.509153366088867,heterogeneity_pressure,10,test,seed10/heterogeneity_pressure/episode2/step24,16,2,no_prefix
5,-45.44908142089844,-7.2376604080200195,-21.723281860351562,heterogeneity_pressure,10,validation,seed10/heterogeneity_pressure/episode7/step26,16,0,no_prefix
5,-45.44908142089844,-17.316743850708008,-19.056943893432617,heterogeneity_pressure,10,validation,seed10/heterogeneity_pressure/episode7/step26,16,1,no_prefix
1,-45.44908142089844,-7.2078399658203125,-26.315784454345703,heterogeneity_pressure,10,validation,seed10/heterogeneity_pressure/episode7/step26,16,2,no_prefix
5,-45.44908142089844,-13.645308494567871,-27.218461990356445,heterogeneity_pressure,10,validation,seed10/heterogeneity_pressure/episode7/step26,16,2,no_prefix
5,-20.816810607910156,-16.07911491394043,-14.178672790527344,heterogeneity_pressure,10,train,seed10/heterogeneity_pressure/episode9/step24,16,0,no_prefix
5,-20.816810607910156,-14.442678451538086,-11.570486068725586,heterogeneity_pressure,10,train,seed10/heterogeneity_pressure/episode9/step24,16,1,no_prefix
0,-20.816810607910156,-13.864917755126953,-21.373859405517578,heterogeneity_pressure,10,train,seed10/heterogeneity_pressure/episode9/step24,16,2,no_prefix
1,-20.816810607910156,-13.909819602966309,-21.22698211669922,heterogeneity_pressure,10,train,seed10/heterogeneity_pressure/episode9/step24,16,2,no_prefix
2,-20.816810607910156,-10.30628776550293,-17.94280242919922,heterogeneity_pressure,10,train,seed10/heterogeneity_pressure/episode9/step24,16,2,no_prefix
5,-20.816810607910156,-15.747425079345703,-22.185348510742188,heterogeneity_pressure,10,train,seed10/heterogeneity_pressure/episode9/step24,16,2,no_prefix
0,-41.504188537597656,-17.263614654541016,-22.325721740722656,heterogeneity_pressure,10,validation,seed10/heterogeneity_pressure/episode14/step3,16,0,no_prefix
1,-41.504188537597656,-17.360780715942383,-21.76255226135254,heterogeneity_pressure,10,validation,seed10/heterogeneity_pressure/episode14/step3,16,0,no_prefix
4,-41.504188537597656,-20.049043655395508,-15.42398452758789,heterogeneity_pressure,10,validation,seed10/heterogeneity_pressure/episode14/step3,16,0,no_prefix
5,-41.504188537597656,-17.062252044677734,-16.3386287689209,heterogeneity_pressure,10,validation,seed10/heterogeneity_pressure/episode14/step3,16,0,no_prefix
0,-41.504188537597656,-21.08688735961914,-20.14036750793457,heterogeneity_pressure,10,validation,seed10/heterogeneity_pressure/episode14/step3,16,1,no_prefix
1,-41.504188537597656,-21.08688735961914,-18.425769805908203,heterogeneity_pressure,10,validation,seed10/heterogeneity_pressure/episode14/step3,16,1,no_prefix
4,-41.504188537597656,-20.81922721862793,-12.022953987121582,heterogeneity_pressure,10,validation,seed10/heterogeneity_pressure/episode14/step3,16,1,no_prefix
5,-41.504188537597656,-22.920564651489258,-13.746848106384277,heterogeneity_pressure,10,validation,seed10/heterogeneity_pressure/episode14/step3,16,1,no_prefix
5,-41.504188537597656,-28.65008544921875,-14.402832984924316,heterogeneity_pressure,10,validation,seed10/heterogeneity_pressure/episode14/step3,16,2,no_prefix
5,-36.69670867919922,-44.103363037109375,-23.425121307373047,heterogeneity_pressure,10,validation,seed10/heterogeneity_pressure/episode3/step12,16,0,no_prefix
5,-36.69670867919922,-55.59968185424805,-20.796621322631836,heterogeneity_pressure,10,validation,seed10/heterogeneity_pressure/episode3/step12,16,1,no_prefix
1,-36.69670867919922,-40.278221130371094,-29.742158889770508,heterogeneity_pressure,10,validation,seed10/heterogeneity_pressure/episode3/step12,16,2,no_prefix
5,-36.69670867919922,-36.55768585205078,-28.916595458984375,heterogeneity_pressure,10,validation,seed10/heterogeneity_pressure/episode3/step12,16,2,no_prefix
5,-51.90120315551758,-34.20975875854492,-23.648935317993164,heterogeneity_pressure,10,train,seed10/heterogeneity_pressure/episode5/step28,16,0,no_prefix
5,-51.90120315551758,-27.370765686035156,-20.988431930541992,heterogeneity_pressure,10,train,seed10/heterogeneity_pressure/episode5/step28,16,1,no_prefix
0,-51.90120315551758,-33.25312805175781,-29.204410552978516,heterogeneity_pressure,10,train,seed10/heterogeneity_pressure/episode5/step28,16,2,no_prefix
1,-51.90120315551758,-36.06590270996094,-28.39000701904297,heterogeneity_pressure,10,train,seed10/heterogeneity_pressure/episode5/step28,16,2,no_prefix
2,-51.90120315551758,-35.79221725463867,-28.4551944732666,heterogeneity_pressure,10,train,seed10/heterogeneity_pressure/episode5/step28,16,2,no_prefix
3,-51.90120315551758,-26.431835174560547,-27.58411979675293,heterogeneity_pressure,10,train,seed10/heterogeneity_pressure/episode5/step28,16,2,no_prefix
5,-51.90120315551758,-33.51583480834961,-32.55339813232422,heterogeneity_pressure,10,train,seed10/heterogeneity_pressure/episode5/step28,16,2,no_prefix
5,-35.575931549072266,-26.57111358642578,-24.496532440185547,heterogeneity_pressure,10,train,seed10/heterogeneity_pressure/episode2/step20,16,0,no_prefix
5,-35.575931549072266,-10.801885604858398,-21.859718322753906,heterogeneity_pressure,10,train,seed10/heterogeneity_pressure/episode2/step20,16,1,no_prefix
0,-35.575931549072266,-13.672247886657715,-21.39884376525879,heterogeneity_pressure,10,train,seed10/heterogeneity_pressure/episode2/step20,16,2,no_prefix
3,-35.575931549072266,-13.672247886657715,-24.476882934570312,heterogeneity_pressure,10,train,seed10/heterogeneity_pressure/episode2/step20,16,2,no_prefix
5,-35.575931549072266,-8.164082527160645,-22.423595428466797,heterogeneity_pressure,10,train,seed10/heterogeneity_pressure/episode2/step20,16,2,no_prefix
0,-33.939884185791016,-33.39618682861328,-34.35587692260742,heterogeneity_pressure,10,train,seed10/heterogeneity_pressure/episode4/step3,16,0,no_prefix
1,-33.939884185791016,-30.177461624145508,-30.42020606994629,heterogeneity_pressure,10,train,seed10/heterogeneity_pressure/episode4/step3,16,0,no_prefix
2,-33.939884185791016,-31.998798370361328,-27.95975112915039,heterogeneity_pressure,10,train,seed10/heterogeneity_pressure/episode4/step3,16,0,no_prefix
3,-33.939884185791016,-33.39618682861328,-27.2025203704834,heterogeneity_pressure,10,train,seed10/heterogeneity_pressure/episode4/step3,16,0,no_prefix
5,-33.939884185791016,-27.088605880737305,-27.22191619873047,heterogeneity_pressure,10,train,seed10/heterogeneity_pressure/episode4/step3,16,0,no_prefix
5,-33.939884185791016,-33.062042236328125,-17.205425262451172,heterogeneity_pressure,10,train,seed10/heterogeneity_pressure/episode4/step3,16,1,no_prefix
1,-33.939884185791016,-28.230480194091797,-31.325809478759766,heterogeneity_pressure,10,train,seed10/heterogeneity_pressure/episode4/step3,16,2,no_prefix
5,-33.939884185791016,-31.333965301513672,-28.195077896118164,heterogeneity_pressure,10,train,seed10/heterogeneity_pressure/episode4/step3,16,2,no_prefix
5,-21.775144577026367,0.2643786668777466,4.581464767456055,heterogeneity_pressure,10,train,seed10/heterogeneity_pressure/episode8/step22,16,0,no_prefix
3,-21.775144577026367,-3.66011905670166,8.290943145751953,heterogeneity_pressure,10,train,seed10/heterogeneity_pressure/episode8/step22,16,1,no_prefix
5,-21.775144577026367,-3.601792573928833,9.898910522460938,heterogeneity_pressure,10,train,seed10/heterogeneity_pressure/episode8/step22,16,1,no_prefix
5,-21.775144577026367,-3.66011905670166,7.452325820922852,heterogeneity_pressure,10,train,seed10/heterogeneity_pressure/episode8/step22,16,2,no_prefix
5,-51.97251510620117,-27.609771728515625,-21.24715805053711,heterogeneity_pressure,10,train,seed10/heterogeneity_pressure/episode6/step4,16,0,no_prefix
1,-51.97251510620117,-31.595455169677734,-26.913909912109375,heterogeneity_pressure,10,train,seed10/heterogeneity_pressure/episode6/step4,16,1,no_prefix
3,-51.97251510620117,-32.502044677734375,-26.38056182861328,heterogeneity_pressure,10,train,seed10/heterogeneity_pressure/episode6/step4,16,1,no_prefix
4,-51.97251510620117,-32.502044677734375,-22.65730857849121,heterogeneity_pressure,10,train,seed10/heterogeneity_pressure/episode6/step4,16,1,no_prefix
5,-51.97251510620117,-31.995540618896484,-23.105714797973633,heterogeneity_pressure,10,train,seed10/heterogeneity_pressure/episode6/step4,16,1,no_prefix
5,-51.97251510620117,-32.19270706176758,-23.47785758972168,heterogeneity_pressure,10,train,seed10/heterogeneity_pressure/episode6/step4,16,2,no_prefix
1,-29.492202758789062,-33.10894012451172,-25.511959075927734,medium,8,train,seed8/medium/episode2/step11,14,0,no_mask
2,-29.492202758789062,-35.710018157958984,-26.947189331054688,medium,8,train,seed8/medium/episode2/step11,14,0,no_mask
4,-29.492202758789062,-35.71991729736328,-23.33420753479004,medium,8,train,seed8/medium/episode2/step11,14,0,no_mask
5,-29.492202758789062,-34.18324279785156,-22.039859771728516,medium,8,train,seed8/medium/episode2/step11,14,0,no_mask
0,-29.492202758789062,-28.808088302612305,-27.326635360717773,medium,8,train,seed8/medium/episode2/step11,14,1,no_mask
1,-29.492202758789062,-26.458133697509766,-24.569419860839844,medium,8,train,seed8/medium/episode2/step11,14,1,no_mask
3,-29.492202758789062,-28.89006996154785,-29.134103775024414,medium,8,train,seed8/medium/episode2/step11,14,1,no_mask
5,-29.492202758789062,-33.381927490234375,-21.72147560119629,medium,8,train,seed8/medium/episode2/step11,14,1,no_mask
1,-29.492202758789062,-30.486421585083008,-25.68712043762207,medium,8,train,seed8/medium/episode2/step11,14,2,no_mask
5,-29.492202758789062,-34.01565933227539,-22.536020278930664,medium,8,train,seed8/medium/episode2/step11,14,2,no_mask
0,-35.447757720947266,-26.981813430786133,-15.231215476989746,medium,8,train,seed8/medium/episode9/step0,14,0,no_mask
2,-35.447757720947266,-18.885452270507812,-13.082773208618164,medium,8,train,seed8/medium/episode9/step0,14,0,no_mask
5,-35.447757720947266,-16.642976760864258,-12.257325172424316,medium,8,train,seed8/medium/episode9/step0,14,0,no_mask
0,-35.447757720947266,-18.09736442565918,-12.663307189941406,medium,8,train,seed8/medium/episode9/step0,14,1,no_mask
2,-35.447757720947266,-18.09736442565918,-10.918832778930664,medium,8,train,seed8/medium/episode9/step0,14,1,no_mask
3,-35.447757720947266,-18.09736442565918,-12.89733600616455,medium,8,train,seed8/medium/episode9/step0,14,1,no_mask
5,-35.447757720947266,-17.964075088500977,-9.574454307556152,medium,8,train,seed8/medium/episode9/step0,14,1,no_mask
5,-35.447757720947266,-11.5684175491333,-13.659401893615723,medium,8,train,seed8/medium/episode9/step0,14,2,no_mask
5,-33.44831466674805,-3.587488889694214,-0.6578330993652344,medium,8,train,seed8/medium/episode4/step1,14,0,no_mask
5,-33.44831466674805,-9.670360565185547,1.7999019622802734,medium,8,train,seed8/medium/episode4/step1,14,1,no_mask
3,-33.44831466674805,-10.562413215637207,-6.356296539306641,medium,8,train,seed8/medium/episode4/step1,14,2,no_mask
5,-33.44831466674805,-11.683401107788086,-5.517913818359375,medium,8,train,seed8/medium/episode4/step1,14,2,no_mask
5,-38.55025100708008,-12.062366485595703,-11.233808517456055,medium,8,validation,seed8/medium/episode4/step17,14,0,no_mask
0,-38.55025100708008,-6.02097225189209,-18.38307762145996,medium,8,validation,seed8/medium/episode4/step17,14,1,no_mask
1,-38.55025100708008,-4.549280643463135,-14.577656745910645,medium,8,validation,seed8/medium/episode4/step17,14,1,no_mask
2,-38.55025100708008,-4.620107173919678,-9.911908149719238,medium,8,validation,seed8/medium/episode4/step17,14,1,no_mask
5,-38.55025100708008,-5.573254585266113,-7.660920143127441,medium,8,validation,seed8/medium/episode4/step17,14,1,no_mask
2,-38.55025100708008,-10.311877250671387,-12.807497024536133,medium,8,validation,seed8/medium/episode4/step17,14,2,no_mask
5,-38.55025100708008,-12.753405570983887,-10.45870590209961,medium,8,validation,seed8/medium/episode4/step17,14,2,no_mask
5,-31.04770278930664,-23.385412216186523,-38.732784271240234,medium,8,train,seed8/medium/episode15/step20,14,0,no_mask
5,-31.04770278930664,-28.9300594329834,-36.14501190185547,medium,8,train,seed8/medium/episode15/step20,14,1,no_mask
3,-31.04770278930664,-13.946529388427734,-36.00802230834961,medium,8,train,seed8/medium/episode15/step20,14,2,no_mask
5,-31.04770278930664,-11.914278030395508,-37.10078430175781,medium,8,train,seed8/medium/episode15/step20,14,2,no_mask
5,4.333680629730225,6.330555438995361,-13.070524215698242,medium,8,validation,seed8/medium/episode7/step36,14,0,no_mask
5,4.333680629730225,2.202897787094116,-10.399116516113281,medium,8,validation,seed8/medium/episode7/step36,14,1,no_mask
1,4.333680629730225,3.450153350830078,-14.229669570922852,medium,8,validation,seed8/medium/episode7/step36,14,2,no_mask
3,4.333680629730225,2.7973337173461914,-12.170602798461914,medium,8,validation,seed8/medium/episode7/step36,14,2,no_mask
5,4.333680629730225,1.8345015048980713,-12.692523956298828,medium,8,validation,seed8/medium/episode7/step36,14,2,no_mask
0,-26.813440322875977,-12.698175430297852,-21.53148078918457,medium,8,train,seed8/medium/episode3/step0,14,0,no_mask
1,-26.813440322875977,-12.2223539352417,-18.10249137878418,medium,8,train,seed8/medium/episode3/step0,14,0,no_mask
5,-26.813440322875977,-5.456620216369629,-14.993453979492188,medium,8,train,seed8/medium/episode3/step0,14,0,no_mask
0,-26.813440322875977,-21.449033737182617,-18.511152267456055,medium,8,train,seed8/medium/episode3/step0,14,1,no_mask
1,-26.813440322875977,-18.53394889831543,-15.902870178222656,medium,8,train,seed8/medium/episode3/step0,14,1,no_mask
2,-26.813440322875977,-22.274194717407227,-19.04077911376953,medium,8,train,seed8/medium/episode3/step0,14,1,no_mask
5,-26.813440322875977,-5.57970666885376,-12.367508888244629,medium,8,train,seed8/medium/episode3/step0,14,1,no_mask
1,-26.813440322875977,-16.29863166809082,-19.56522560119629,medium,8,train,seed8/medium/episode3/step0,14,2,no_mask
5,-26.813440322875977,-13.24433422088623,-16.435279846191406,medium,8,train,seed8/medium/episode3/step0,14,2,no_mask
5,-0.9851009249687195,-10.886966705322266,-18.831300735473633,medium,8,test,seed8/medium/episode17/step37,14,0,no_mask
5,-0.9851009249687195,-8.048867225646973,-16.15951156616211,medium,8,test,seed8/medium/episode17/step37,14,1,no_mask
2,-0.9851009249687195,-10.674211502075195,-18.084402084350586,medium,8,test,seed8/medium/episode17/step37,14,2,no_mask
3,-0.9851009249687195,-6.5601701736450195,-18.25353240966797,medium,8,test,seed8/medium/episode17/step37,14,2,no_mask
5,-0.9851009249687195,-10.049506187438965,-18.142290115356445,medium,8,test,seed8/medium/episode17/step37,14,2,no_mask
5,-48.39737319946289,-21.931419372558594,-21.201366424560547,medium,8,train,seed8/medium/episode6/step19,14,0,no_mask
5,-48.39737319946289,-14.924541473388672,-18.54488754272461,medium,8,train,seed8/medium/episode6/step19,14,1,no_mask
0,-48.39737319946289,-13.654547691345215,-22.88376235961914,medium,8,train,seed8/medium/episode6/step19,14,2,no_mask
5,-48.39737319946289,-8.585113525390625,-18.560882568359375,medium,8,train,seed8/medium/episode6/step19,14,2,no_mask
5,-15.448270797729492,-10.367734909057617,-16.30293846130371,medium,8,train,seed8/medium/episode2/step20,14,0,no_mask
5,-15.448270797729492,-13.286519050598145,-13.707839012145996,medium,8,train,seed8/medium/episode2/step20,14,1,no_mask
2,-15.448270797729492,-13.715262413024902,-16.953575134277344,medium,8,train,seed8/medium/episode2/step20,14,2,no_mask
5,-15.448270797729492,-15.595102310180664,-15.034923553466797,medium,8,train,seed8/medium/episode2/step20,14,2,no_mask
5,-37.370094299316406,-8.017800331115723,-11.244245529174805,medium,8,test,seed8/medium/episode4/step15,14,0,no_mask
0,-37.370094299316406,-11.572137832641602,-18.804988861083984,medium,8,test,seed8/medium/episode4/step15,14,1,no_mask
1,-37.370094299316406,-5.1192755699157715,-15.002406120300293,medium,8,test,seed8/medium/episode4/step15,14,1,no_mask
2,-37.370094299316406,-4.75659704208374,-10.257893562316895,medium,8,test,seed8/medium/episode4/step15,14,1,no_mask
5,-37.370094299316406,-10.10085678100586,-7.674968719482422,medium,8,test,seed8/medium/episode4/step15,14,1,no_mask
5,-37.370094299316406,-14.092737197875977,-10.50494384765625,medium,8,test,seed8/medium/episode4/step15,14,2,no_mask
1,-37.51372528076172,-10.54308795928955,-13.53373908996582,medium,8,validation,seed8/medium/episode12/step14,14,0,no_mask
2,-37.51372528076172,-9.292527198791504,-10.897167205810547,medium,8,validation,seed8/medium/episode12/step14,14,0,no_mask
4,-37.51372528076172,-10.488576889038086,-13.216398239135742,medium,8,validation,seed8/medium/episode12/step14,14,0,no_mask
5,-37.51372528076172,-0.37721431255340576,-10.454523086547852,medium,8,validation,seed8/medium/episode12/step14,14,0,no_mask
0,-37.51372528076172,-11.632478713989258,-15.218561172485352,medium,8,validation,seed8/medium/episode12/step14,14,1,no_mask
1,-37.51372528076172,-13.118612289428711,-12.175973892211914,medium,8,validation,seed8/medium/episode12/step14,14,1,no_mask
4,-37.51372528076172,-10.281124114990234,-11.556143760681152,medium,8,validation,seed8/medium/episode12/step14,14,1,no_mask
5,-37.51372528076172,-11.875988006591797,-9.437103271484375,medium,8,validation,seed8/medium/episode12/step14,14,1,no_mask
5,-37.51372528076172,-9.637031555175781,-10.340157508850098,medium,8,validation,seed8/medium/episode12/step14,14,2,no_mask
0,-33.2150993347168,-33.374916076660156,-30.80795669555664,medium,8,train,seed8/medium/episode2/step15,14,0,no_mask
1,-33.2150993347168,-32.93619918823242,-27.753976821899414,medium,8,train,seed8/medium/episode2/step15,14,0,no_mask
2,-33.2150993347168,-26.554828643798828,-28.57697105407715,medium,8,train,seed8/medium/episode2/step15,14,0,no_mask
3,-33.2150993347168,-28.814056396484375,-31.920909881591797,medium,8,train,seed8/medium/episode2/step15,14,0,no_mask
4,-33.2150993347168,-33.07803726196289,-25.958463668823242,medium,8,train,seed8/medium/episode2/step15,14,0,no_mask
5,-33.2150993347168,-28.29136085510254,-25.112102508544922,medium,8,train,seed8/medium/episode2/step15,14,0,no_mask
0,-33.2150993347168,-34.90782165527344,-27.792144775390625,medium,8,train,seed8/medium/episode2/step15,14,1,no_mask
1,-33.2150993347168,-18.301359176635742,-24.460893630981445,medium,8,train,seed8/medium/episode2/step15,14,1,no_mask
2,-33.2150993347168,-28.205732345581055,-25.631507873535156,medium,8,train,seed8/medium/episode2/step15,14,1,no_mask
3,-33.2150993347168,-28.783782958984375,-28.766366958618164,medium,8,train,seed8/medium/episode2/step15,14,1,no_mask
5,-33.2150993347168,-25.361066818237305,-22.457189559936523,medium,8,train,seed8/medium/episode2/step15,14,1,no_mask
1,-33.2150993347168,-26.40006446838379,-26.62993621826172,medium,8,train,seed8/medium/episode2/step15,14,2,no_mask
5,-33.2150993347168,-27.37781524658203,-24.255245208740234,medium,8,train,seed8/medium/episode2/step15,14,2,no_mask
5,-7.551610946655273,-22.827241897583008,-22.92067527770996,medium,8,train,seed8/medium/episode7/step8,14,0,no_mask
2,-7.551610946655273,-20.074052810668945,-23.202686309814453,medium,8,train,seed8/medium/episode7/step8,14,1,no_mask
4,-7.551610946655273,-21.82307243347168,-22.6519775390625,medium,8,train,seed8/medium/episode7/step8,14,1,no_mask
5,-7.551610946655273,-19.989810943603516,-19.352067947387695,medium,8,train,seed8/medium/episode7/step8,14,1,no_mask
5,-7.551610946655273,-22.747802734375,-20.203712463378906,medium,8,train,seed8/medium/episode7/step8,14,2,no_mask
5,-42.05026626586914,-37.09263610839844,-9.203887939453125,medium,8,test,seed8/medium/episode11/step4,14,0,no_mask
0,-42.05026626586914,3.3420968055725098,-18.387065887451172,medium,8,test,seed8/medium/episode11/step4,14,1,no_mask
1,-42.05026626586914,-18.884119033813477,-17.832582473754883,medium,8,test,seed8/medium/episode11/step4,14,1,no_mask
2,-42.05026626586914,-16.048072814941406,-14.159345626831055,medium,8,test,seed8/medium/episode11/step4,14,1,no_mask
3,-42.05026626586914,-9.627930641174316,-12.285810470581055,medium,8,test,seed8/medium/episode11/step4,14,1,no_mask
5,-42.05026626586914,-17.162158966064453,-11.765569686889648,medium,8,test,seed8/medium/episode11/step4,14,1,no_mask
1,-42.05026626586914,11.115246772766113,-21.384685516357422,medium,8,test,seed8/medium/episode11/step4,14,2,no_mask
3,-42.05026626586914,11.115246772766113,-15.41583251953125,medium,8,test,seed8/medium/episode11/step4,14,2,no_mask
5,-42.05026626586914,0.1420089602470398,-15.212860107421875,medium,8,test,seed8/medium/episode11/step4,14,2,no_mask
0,-14.634188652038574,4.261696815490723,-7.371480941772461,time_pressure,8,train,seed8/time_pressure/episode17/step3,14,0,no_mask
2,-14.634188652038574,5.870260715484619,-6.3962860107421875,time_pressure,8,train,seed8/time_pressure/episode17/step3,14,0,no_mask
4,-14.634188652038574,5.920765399932861,-4.347755432128906,time_pressure,8,train,seed8/time_pressure/episode17/step3,14,0,no_mask
5,-14.634188652038574,10.429814338684082,-4.142536163330078,time_pressure,8,train,seed8/time_pressure/episode17/step3,14,0,no_mask
2,-14.634188652038574,5.793713569641113,-5.101045608520508,time_pressure,8,train,seed8/time_pressure/episode17/step3,14,1,no_mask
4,-14.634188652038574,8.283580780029297,-3.160696029663086,time_pressure,8,train,seed8/time_pressure/episode17/step3,14,1,no_mask
5,-14.634188652038574,6.379310607910156,-3.090200424194336,time_pressure,8,train,seed8/time_pressure/episode17/step3,14,1,no_mask
2,-14.634188652038574,-6.383850574493408,-7.3571882247924805,time_pressure,8,train,seed8/time_pressure/episode17/step3,14,2,no_mask
4,-14.634188652038574,-1.8439735174179077,-5.310939788818359,time_pressure,8,train,seed8/time_pressure/episode17/step3,14,2,no_mask
5,-14.634188652038574,-7.755964756011963,-5.534883499145508,time_pressure,8,train,seed8/time_pressure/episode17/step3,14,2,no_mask
5,-12.54377555847168,-14.145971298217773,-25.63877296447754,time_pressure,8,train,seed8/time_pressure/episode10/step7,14,0,no_mask
1,-12.54377555847168,-20.319665908813477,-28.523433685302734,time_pressure,8,train,seed8/time_pressure/episode10/step7,14,1,no_mask
2,-12.54377555847168,-22.443574905395508,-22.389934539794922,time_pressure,8,train,seed8/time_pressure/episode10/step7,14,1,no_mask
3,-12.54377555847168,-23.847597122192383,-21.825727462768555,time_pressure,8,train,seed8/time_pressure/episode10/step7,14,1,no_mask
4,-12.54377555847168,-27.918996810913086,-23.730318069458008,time_pressure,8,train,seed8/time_pressure/episode10/step7,14,1,no_mask
5,-12.54377555847168,-23.94202423095703,-20.460124969482422,time_pressure,8,train,seed8/time_pressure/episode10/step7,14,1,no_mask
3,-12.54377555847168,-14.289409637451172,-25.05968475341797,time_pressure,8,train,seed8/time_pressure/episode10/step7,14,2,no_mask
5,-12.54377555847168,-11.84142017364502,-23.629350662231445,time_pressure,8,train,seed8/time_pressure/episode10/step7,14,2,no_mask
0,-29.865127563476562,-25.640548706054688,-31.669246673583984,time_pressure,8,validation,seed8/time_pressure/episode0/step2,14,0,no_mask
1,-29.865127563476562,-12.728217124938965,-26.057106018066406,time_pressure,8,validation,seed8/time_pressure/episode0/step2,14,0,no_mask
3,-29.865127563476562,-15.205229759216309,-28.487049102783203,time_pressure,8,validation,seed8/time_pressure/episode0/step2,14,0,no_mask
5,-29.865127563476562,-1.150765061378479,-23.06535530090332,time_pressure,8,validation,seed8/time_pressure/episode0/step2,14,0,no_mask
0,-29.865127563476562,-28.93889808654785,-31.88176727294922,time_pressure,8,validation,seed8/time_pressure/episode0/step2,14,1,no_mask
1,-29.865127563476562,-26.039899826049805,-26.591894149780273,time_pressure,8,validation,seed8/time_pressure/episode0/step2,14,1,no_mask
2,-29.865127563476562,-26.815553665161133,-24.579051971435547,time_pressure,8,validation,seed8/time_pressure/episode0/step2,14,1,no_mask
4,-29.865127563476562,-25.309741973876953,-23.840606689453125,time_pressure,8,validation,seed8/time_pressure/episode0/step2,14,1,no_mask
5,-29.865127563476562,-23.81761360168457,-23.08719253540039,time_pressure,8,validation,seed8/time_pressure/episode0/step2,14,1,no_mask
1,-29.865127563476562,-30.156808853149414,-32.03477478027344,time_pressure,8,validation,seed8/time_pressure/episode0/step2,14,2,no_mask
5,-29.865127563476562,-19.129053115844727,-28.87116050720215,time_pressure,8,validation,seed8/time_pressure/episode0/step2,14,2,no_mask
5,-59.50522994995117,-74.36446380615234,-37.48097610473633,time_pressure,8,test,seed8/time_pressure/episode2/step18,14,0,no_mask
5,-59.50522994995117,-57.90886306762695,-34.8971061706543,time_pressure,8,test,seed8/time_pressure/episode2/step18,14,1,no_mask
0,-59.50522994995117,-61.32829284667969,-37.9457893371582,time_pressure,8,test,seed8/time_pressure/episode2/step18,14,2,no_mask
1,-59.50522994995117,-63.19756317138672,-40.67033004760742,time_pressure,8,test,seed8/time_pressure/episode2/step18,14,2,no_mask
3,-59.50522994995117,-53.538665771484375,-36.39908218383789,time_pressure,8,test,seed8/time_pressure/episode2/step18,14,2,no_mask
4,-59.50522994995117,-57.24195098876953,-35.18553924560547,time_pressure,8,test,seed8/time_pressure/episode2/step18,14,2,no_mask
5,-59.50522994995117,-65.06932067871094,-35.40059280395508,time_pressure,8,test,seed8/time_pressure/episode2/step18,14,2,no_mask
5,-32.757591247558594,8.118378639221191,-6.1509552001953125,time_pressure,8,train,seed8/time_pressure/episode16/step22,14,0,no_mask
5,-32.757591247558594,-5.0014848709106445,-3.5919933319091797,time_pressure,8,train,seed8/time_pressure/episode16/step22,14,1,no_mask
4,-32.757591247558594,22.540985107421875,-2.803180694580078,time_pressure,8,train,seed8/time_pressure/episode16/step22,14,2,no_mask
5,-32.757591247558594,8.338809967041016,-5.51470947265625,time_pressure,8,train,seed8/time_pressure/episode16/step22,14,2,no_mask
5,-56.540401458740234,-56.82118606567383,-23.839691162109375,time_pressure,8,test,seed8/time_pressure/episode2/step15,14,0,no_mask
5,-56.540401458740234,-56.65013122558594,-25.757963180541992,time_pressure,8,test,seed8/time_pressure/episode2/step15,14,1,no_mask
0,-56.540401458740234,-53.21440887451172,-29.62384605407715,time_pressure,8,test,seed8/time_pressure/episode2/step15,14,2,no_mask
3,-56.540401458740234,-53.21440887451172,-27.96211051940918,time_pressure,8,test,seed8/time_pressure/episode2/step15,14,2,no_mask
4,-56.540401458740234,-53.21440887451172,-27.230342864990234,time_pressure,8,test,seed8/time_pressure/episode2/step15,14,2,no_mask
5,-56.540401458740234,-59.69396209716797,-26.340417861938477,time_pressure,8,test,seed8/time_pressure/episode2/step15,14,2,no_mask
0,-52.9025993347168,-32.12995529174805,-34.02354431152344,time_pressure,8,train,seed8/time_pressure/episode11/step16,14,0,no_mask
1,-52.9025993347168,-32.06916046142578,-33.391544342041016,time_pressure,8,train,seed8/time_pressure/episode11/step16,14,0,no_mask
2,-52.9025993347168,-26.168453216552734,-30.690696716308594,time_pressure,8,train,seed8/time_pressure/episode11/step16,14,0,no_mask
3,-52.9025993347168,-30.01949691772461,-29.727853775024414,time_pressure,8,train,seed8/time_pressure/episode11/step16,14,0,no_mask
4,-52.9025993347168,-28.768707275390625,-29.1242618560791,time_pressure,8,train,seed8/time_pressure/episode11/step16,14,0,no_mask
5,-52.9025993347168,-27.733718872070312,-29.023862838745117,time_pressure,8,train,seed8/time_pressure/episode11/step16,14,0,no_mask
5,-52.9025993347168,-15.674344062805176,-27.22888946533203,time_pressure,8,train,seed8/time_pressure/episode11/step16,14,1,no_mask
0,-52.9025993347168,-41.60237503051758,-32.817161560058594,time_pressure,8,train,seed8/time_pressure/episode11/step16,14,2,no_mask
1,-52.9025993347168,-49.2067756652832,-32.2889404296875,time_pressure,8,train,seed8/time_pressure/episode11/step16,14,2,no_mask
2,-52.9025993347168,-49.2067756652832,-30.305126190185547,time_pressure,8,train,seed8/time_pressure/episode11/step16,14,2,no_mask
4,-52.9025993347168,-49.2067756652832,-28.115345001220703,time_pressure,8,train,seed8/time_pressure/episode11/step16,14,2,no_mask
5,-52.9025993347168,-22.799285888671875,-28.264142990112305,time_pressure,8,train,seed8/time_pressure/episode11/step16,14,2,no_mask
0,-35.00529479980469,-41.886539459228516,-26.2281494140625,time_pressure,8,train,seed8/time_pressure/episode13/step0,14,0,no_mask
1,-35.00529479980469,-44.126991271972656,-25.96405792236328,time_pressure,8,train,seed8/time_pressure/episode13/step0,14,0,no_mask
3,-35.00529479980469,-44.727420806884766,-28.13350486755371,time_pressure,8,train,seed8/time_pressure/episode13/step0,14,0,no_mask
5,-35.00529479980469,-26.63924789428711,-20.72626304626465,time_pressure,8,train,seed8/time_pressure/episode13/step0,14,0,no_mask
1,-35.00529479980469,-34.4774169921875,-22.918603897094727,time_pressure,8,train,seed8/time_pressure/episode13/step0,14,1,no_mask
2,-35.00529479980469,-36.44472885131836,-23.087799072265625,time_pressure,8,train,seed8/time_pressure/episode13/step0,14,1,no_mask
3,-35.00529479980469,-36.44472885131836,-25.601970672607422,time_pressure,8,train,seed8/time_pressure/episode13/step0,14,1,no_mask
4,-35.00529479980469,-27.2710018157959,-20.525955200195312,time_pressure,8,train,seed8/time_pressure/episode13/step0,14,1,no_mask
5,-35.00529479980469,-19.675100326538086,-18.067096710205078,time_pressure,8,train,seed8/time_pressure/episode13/step0,14,1,no_mask
5,-35.00529479980469,-33.321475982666016,-22.15934944152832,time_pressure,8,train,seed8/time_pressure/episode13/step0,14,2,no_mask
5,10.870283126831055,-4.251091480255127,3.392669677734375,time_pressure,8,train,seed8/time_pressure/episode9/step35,14,0,no_mask
5,10.870283126831055,-4.4449639320373535,5.797878265380859,time_pressure,8,train,seed8/time_pressure/episode9/step35,14,1,no_mask
4,10.870283126831055,-7.17270040512085,5.603841781616211,time_pressure,8,train,seed8/time_pressure/episode9/step35,14,2,no_mask
5,10.870283126831055,-11.856842041015625,3.727273941040039,time_pressure,8,train,seed8/time_pressure/episode9/step35,14,2,no_mask
5,-14.520394325256348,1.8083842992782593,-6.313465118408203,time_pressure,8,train,seed8/time_pressure/episode15/step7,14,0,no_mask
4,-14.520394325256348,0.6055953502655029,-7.305142402648926,time_pressure,8,train,seed8/time_pressure/episode15/step7,14,1,no_mask
5,-14.520394325256348,9.040234565734863,-7.217211723327637,time_pressure,8,train,seed8/time_pressure/episode15/step7,14,1,no_mask
5,-14.520394325256348,-3.676816463470459,-10.037850379943848,time_pressure,8,train,seed8/time_pressure/episode15/step7,14,2,no_mask
5,-24.699077606201172,-21.053157806396484,-27.326250076293945,time_pressure,8,validation,seed8/time_pressure/episode12/step27,14,0,no_mask
5,-24.699077606201172,-16.328664779663086,-24.637170791625977,time_pressure,8,validation,seed8/time_pressure/episode12/step27,14,1,no_mask
0,-24.699077606201172,-19.209224700927734,-27.71190071105957,time_pressure,8,validation,seed8/time_pressure/episode12/step27,14,2,no_mask
1,-24.699077606201172,-21.68877410888672,-29.247365951538086,time_pressure,8,validation,seed8/time_pressure/episode12/step27,14,2,no_mask
4,-24.699077606201172,-17.343713760375977,-22.92609214782715,time_pressure,8,validation,seed8/time_pressure/episode12/step27,14,2,no_mask
5,-24.699077606201172,-25.950592041015625,-26.102407455444336,time_pressure,8,validation,seed8/time_pressure/episode12/step27,14,2,no_mask
5,-21.368650436401367,-26.50551414489746,-21.243030548095703,time_pressure,8,validation,seed8/time_pressure/episode8/step14,14,0,no_mask
1,-21.368650436401367,-10.095391273498535,-20.512948989868164,time_pressure,8,validation,seed8/time_pressure/episode8/step14,14,1,no_mask
2,-21.368650436401367,-4.6209540367126465,-19.432437896728516,time_pressure,8,validation,seed8/time_pressure/episode8/step14,14,1,no_mask
3,-21.368650436401367,-12.604879379272461,-16.73937225341797,time_pressure,8,validation,seed8/time_pressure/episode8/step14,14,1,no_mask
4,-21.368650436401367,-4.74187707901001,-14.635781288146973,time_pressure,8,validation,seed8/time_pressure/episode8/step14,14,1,no_mask
5,-21.368650436401367,-16.336193084716797,-16.06379508972168,time_pressure,8,validation,seed8/time_pressure/episode8/step14,14,1,no_mask
3,-21.368650436401367,-29.64705467224121,-19.279937744140625,time_pressure,8,validation,seed8/time_pressure/episode8/step14,14,2,no_mask
4,-21.368650436401367,-23.041860580444336,-17.578815460205078,time_pressure,8,validation,seed8/time_pressure/episode8/step14,14,2,no_mask
5,-21.368650436401367,-44.469058990478516,-18.991893768310547,time_pressure,8,validation,seed8/time_pressure/episode8/step14,14,2,no_mask
5,-39.77165603637695,-19.601375579833984,-13.486113548278809,time_pressure,8,test,seed8/time_pressure/episode13/step20,14,0,no_mask
1,-39.77165603637695,-24.61168098449707,-10.804415702819824,time_pressure,8,test,seed8/time_pressure/episode13/step20,14,1,no_mask
3,-39.77165603637695,-24.947572708129883,-10.547981262207031,time_pressure,8,test,seed8/time_pressure/episode13/step20,14,1,no_mask
4,-39.77165603637695,-14.33698558807373,-6.881633758544922,time_pressure,8,test,seed8/time_pressure/episode13/step20,14,1,no_mask
5,-39.77165603637695,-16.484954833984375,-8.339086532592773,time_pressure,8,test,seed8/time_pressure/episode13/step20,14,1,no_mask
1,-39.77165603637695,-4.6942291259765625,-14.430641174316406,time_pressure,8,test,seed8/time_pressure/episode13/step20,14,2,no_mask
3,-39.77165603637695,-4.431199550628662,-14.344342231750488,time_pressure,8,test,seed8/time_pressure/episode13/step20,14,2,no_mask
4,-39.77165603637695,-13.37242603302002,-10.294797897338867,time_pressure,8,test,seed8/time_pressure/episode13/step20,14,2,no_mask
5,-39.77165603637695,-23.988494873046875,-11.706071853637695,time_pressure,8,test,seed8/time_pressure/episode13/step20,14,2,no_mask
5,-16.282501220703125,-18.258764266967773,-22.04914093017578,time_pressure,8,train,seed8/time_pressure/episode8/step8,14,0,no_mask
1,-16.282501220703125,-35.11442565917969,-22.16109275817871,time_pressure,8,train,seed8/time_pressure/episode8/step8,14,1,no_mask
2,-16.282501220703125,-35.11442565917969,-21.854890823364258,time_pressure,8,train,seed8/time_pressure/episode8/step8,14,1,no_mask
3,-16.282501220703125,-35.05192565917969,-18.07219696044922,time_pressure,8,train,seed8/time_pressure/episode8/step8,14,1,no_mask
4,-16.282501220703125,-22.602405548095703,-15.963632583618164,time_pressure,8,train,seed8/time_pressure/episode8/step8,14,1,no_mask
5,-16.282501220703125,-20.62894058227539,-16.88384246826172,time_pressure,8,train,seed8/time_pressure/episode8/step8,14,1,no_mask
3,-16.282501220703125,-25.183115005493164,-21.144620895385742,time_pressure,8,train,seed8/time_pressure/episode8/step8,14,2,no_mask
4,-16.282501220703125,-13.778369903564453,-19.234365463256836,time_pressure,8,train,seed8/time_pressure/episode8/step8,14,2,no_mask
5,-16.282501220703125,-22.75790786743164,-20.373201370239258,time_pressure,8,train,seed8/time_pressure/episode8/step8,14,2,no_mask
5,-27.448820114135742,-9.9039945602417,-9.861937522888184,time_pressure,8,train,seed8/time_pressure/episode2/step31,14,0,no_mask
5,-27.448820114135742,-9.8414945602417,-7.200182914733887,time_pressure,8,train,seed8/time_pressure/episode2/step31,14,1,no_mask
2,-27.448820114135742,-12.16547679901123,-9.993020057678223,time_pressure,8,train,seed8/time_pressure/episode2/step31,14,2,no_mask
5,-27.448820114135742,-11.66547679901123,-10.136073112487793,time_pressure,8,train,seed8/time_pressure/episode2/step31,14,2,no_mask
0,-22.217601776123047,-51.579132080078125,-26.769887924194336,heterogeneity_pressure,8,validation,seed8/heterogeneity_pressure/episode10/step11,14,0,no_mask
1,-22.217601776123047,-34.912750244140625,-24.62339210510254,heterogeneity_pressure,8,validation,seed8/heterogeneity_pressure/episode10/step11,14,0,no_mask
2,-22.217601776123047,-27.975473403930664,-24.68389129638672,heterogeneity_pressure,8,validation,seed8/heterogeneity_pressure/episode10/step11,14,0,no_mask
4,-22.217601776123047,-54.25129318237305,-20.3756103515625,heterogeneity_pressure,8,validation,seed8/heterogeneity_pressure/episode10/step11,14,0,no_mask
5,-22.217601776123047,-26.837488174438477,-21.1039981842041,heterogeneity_pressure,8,validation,seed8/heterogeneity_pressure/episode10/step11,14,0,no_mask
5,-22.217601776123047,-64.74677276611328,-25.857152938842773,heterogeneity_pressure,8,validation,seed8/heterogeneity_pressure/episode10/step11,14,1,no_mask
1,-22.217601776123047,-24.677980422973633,-29.686134338378906,heterogeneity_pressure,8,validation,seed8/heterogeneity_pressure/episode10/step11,14,2,no_mask
5,-22.217601776123047,-50.53042221069336,-26.665679931640625,heterogeneity_pressure,8,validation,seed8/heterogeneity_pressure/episode10/step11,14,2,no_mask
0,-26.131437301635742,-30.500980377197266,-38.31403732299805,heterogeneity_pressure,8,train,seed8/heterogeneity_pressure/episode0/step1,14,0,no_mask
1,-26.131437301635742,-35.883544921875,-32.28617858886719,heterogeneity_pressure,8,train,seed8/heterogeneity_pressure/episode0/step1,14,0,no_mask
2,-26.131437301635742,-30.806915283203125,-32.573089599609375,heterogeneity_pressure,8,train,seed8/heterogeneity_pressure/episode0/step1,14,0,no_mask
4,-26.131437301635742,-32.82799530029297,-32.88406753540039,heterogeneity_pressure,8,train,seed8/heterogeneity_pressure/episode0/step1,14,0,no_mask
5,-26.131437301635742,-29.249675750732422,-28.331323623657227,heterogeneity_pressure,8,train,seed8/heterogeneity_pressure/episode0/step1,14,0,no_mask
5,-26.131437301635742,-21.092615127563477,-22.099082946777344,heterogeneity_pressure,8,train,seed8/heterogeneity_pressure/episode0/step1,14,1,no_mask
5,-26.131437301635742,-32.49578857421875,-29.699474334716797,heterogeneity_pressure,8,train,seed8/heterogeneity_pressure/episode0/step1,14,2,no_mask
0,-23.031288146972656,-30.436260223388672,-23.139516830444336,heterogeneity_pressure,8,train,seed8/heterogeneity_pressure/episode1/step5,14,0,no_mask
1,-23.031288146972656,-30.843313217163086,-24.712867736816406,heterogeneity_pressure,8,train,seed8/heterogeneity_pressure/episode1/step5,14,0,no_mask
2,-23.031288146972656,-27.491342544555664,-25.287105560302734,heterogeneity_pressure,8,train,seed8/heterogeneity_pressure/episode1/step5,14,0,no_mask
3,-23.031288146972656,-28.615798950195312,-23.289047241210938,heterogeneity_pressure,8,train,seed8/heterogeneity_pressure/episode1/step5,14,0,no_mask
5,-23.031288146972656,-25.739112854003906,-19.953208923339844,heterogeneity_pressure,8,train,seed8/heterogeneity_pressure/episode1/step5,14,0,no_mask
5,-23.031288146972656,-15.78065299987793,-13.800768852233887,heterogeneity_pressure,8,train,seed8/heterogeneity_pressure/episode1/step5,14,1,no_mask
5,-23.031288146972656,-24.654285430908203,-19.820907592773438,heterogeneity_pressure,8,train,seed8/heterogeneity_pressure/episode1/step5,14,2,no_mask
5,-20.239990234375,-24.729141235351562,-9.243833541870117,heterogeneity_pressure,8,validation,seed8/heterogeneity_pressure/episode7/step14,14,0,no_mask
0,-20.239990234375,-39.66286849975586,-5.51953125,heterogeneity_pressure,8,validation,seed8/heterogeneity_pressure/episode7/step14,14,1,no_mask
1,-20.239990234375,-48.14617919921875,-10.830538749694824,heterogeneity_pressure,8,validation,seed8/heterogeneity_pressure/episode7/step14,14,1,no_mask
2,-20.239990234375,-48.14617919921875,-7.809647560119629,heterogeneity_pressure,8,validation,seed8/heterogeneity_pressure/episode7/step14,14,1,no_mask
3,-20.239990234375,-42.71379089355469,-6.74285888671875,heterogeneity_pressure,8,validation,seed8/heterogeneity_pressure/episode7/step14,14,1,no_mask
5,-20.239990234375,-34.807987213134766,-2.763538360595703,heterogeneity_pressure,8,validation,seed8/heterogeneity_pressure/episode7/step14,14,1,no_mask
5,-20.239990234375,-41.03832244873047,-6.520709991455078,heterogeneity_pressure,8,validation,seed8/heterogeneity_pressure/episode7/step14,14,2,no_mask
5,-53.74814987182617,-15.408243179321289,-22.82857894897461,heterogeneity_pressure,8,train,seed8/heterogeneity_pressure/episode4/step41,14,0,no_mask
5,-53.74814987182617,-12.455791473388672,-20.180606842041016,heterogeneity_pressure,8,train,seed8/heterogeneity_pressure/episode4/step41,14,1,no_mask
2,-53.74814987182617,-13.761735916137695,-22.733234405517578,heterogeneity_pressure,8,train,seed8/heterogeneity_pressure/episode4/step41,14,2,no_mask
4,-53.74814987182617,-13.072408676147461,-19.02216148376465,heterogeneity_pressure,8,train,seed8/heterogeneity_pressure/episode4/step41,14,2,no_mask
5,-53.74814987182617,-13.733016967773438,-23.408912658691406,heterogeneity_pressure,8,train,seed8/heterogeneity_pressure/episode4/step41,14,2,no_mask
5,-44.25516128540039,-20.439416885375977,-32.027000427246094,heterogeneity_pressure,8,test,seed8/heterogeneity_pressure/episode4/step28,14,0,no_mask
5,-44.25516128540039,-16.284255981445312,-29.404949188232422,heterogeneity_pressure,8,test,seed8/heterogeneity_pressure/episode4/step28,14,1,no_mask
3,-44.25516128540039,-18.03166389465332,-30.062191009521484,heterogeneity_pressure,8,test,seed8/heterogeneity_pressure/episode4/step28,14,2,no_mask
4,-44.25516128540039,-25.132131576538086,-27.916854858398438,heterogeneity_pressure,8,test,seed8/heterogeneity_pressure/episode4/step28,14,2,no_mask
5,-44.25516128540039,-35.15403366088867,-31.153423309326172,heterogeneity_pressure,8,test,seed8/heterogeneity_pressure/episode4/step28,14,2,no_mask
5,4.426466464996338,2.1517786979675293,2.9481067657470703,heterogeneity_pressure,8,test,seed8/heterogeneity_pressure/episode8/step41,14,0,no_mask
5,4.426466464996338,0.4348887801170349,5.442035675048828,heterogeneity_pressure,8,test,seed8/heterogeneity_pressure/episode8/step41,14,1,no_mask
0,4.426466464996338,-0.22265611588954926,0.42626190185546875,heterogeneity_pressure,8,test,seed8/heterogeneity_pressure/episode8/step41,14,2,no_mask
5,4.426466464996338,-0.23812775313854218,1.6534900665283203,heterogeneity_pressure,8,test,seed8/heterogeneity_pressure/episode8/step41,14,2,no_mask
5,-20.031503677368164,-0.540927529335022,-7.843423843383789,heterogeneity_pressure,8,train,seed8/heterogeneity_pressure/episode5/step47,14,0,no_mask
5,-20.031503677368164,0.007023833692073822,-5.2776031494140625,heterogeneity_pressure,8,train,seed8/heterogeneity_pressure/episode5/step47,14,1,no_mask
1,-20.031503677368164,-0.665927529335022,-10.48962688446045,heterogeneity_pressure,8,train,seed8/heterogeneity_pressure/episode5/step47,14,2,no_mask
5,-20.031503677368164,-0.4459399878978729,-8.865104675292969,heterogeneity_pressure,8,train,seed8/heterogeneity_pressure/episode5/step47,14,2,no_mask
5,-10.722909927368164,0.4606660008430481,-0.3957710266113281,heterogeneity_pressure,8,train,seed8/heterogeneity_pressure/episode2/step49,14,0,no_mask
5,-10.722909927368164,-0.10000000149011612,2.1680870056152344,heterogeneity_pressure,8,train,seed8/heterogeneity_pressure/episode2/step49,14,1,no_mask
4,-10.722909927368164,2.2676639556884766,4.155431747436523,heterogeneity_pressure,8,train,seed8/heterogeneity_pressure/episode2/step49,14,2,no_mask
5,-10.722909927368164,-0.10000000149011612,-0.49508094787597656,heterogeneity_pressure,8,train,seed8/heterogeneity_pressure/episode2/step49,14,2,no_mask
1,-44.46287536621094,-45.17937088012695,-34.28264617919922,heterogeneity_pressure,8,train,seed8/heterogeneity_pressure/episode9/step3,14,0,no_mask
2,-44.46287536621094,-41.17977523803711,-29.1080265045166,heterogeneity_pressure,8,train,seed8/heterogeneity_pressure/episode9/step3,14,0,no_mask
4,-44.46287536621094,-45.592979431152344,-28.310976028442383,heterogeneity_pressure,8,train,seed8/heterogeneity_pressure/episode9/step3,14,0,no_mask
5,-44.46287536621094,-29.654233932495117,-27.111774444580078,heterogeneity_pressure,8,train,seed8/heterogeneity_pressure/episode9/step3,14,0,no_mask
1,-44.46287536621094,-33.3438720703125,-31.22701644897461,heterogeneity_pressure,8,train,seed8/heterogeneity_pressure/episode9/step3,14,1,no_mask
2,-44.46287536621094,-32.95407485961914,-26.17754364013672,heterogeneity_pressure,8,train,seed8/heterogeneity_pressure/episode9/step3,14,1,no_mask
4,-44.46287536621094,-29.453737258911133,-25.17980194091797,heterogeneity_pressure,8,train,seed8/heterogeneity_pressure/episode9/step3,14,1,no_mask
5,-44.46287536621094,-31.395183563232422,-24.513683319091797,heterogeneity_pressure,8,train,seed8/heterogeneity_pressure/episode9/step3,14,1,no_mask
5,-44.46287536621094,-34.88938522338867,-27.401702880859375,heterogeneity_pressure,8,train,seed8/heterogeneity_pressure/episode9/step3,14,2,no_mask
5,-42.721309661865234,-33.07182312011719,-28.88330078125,heterogeneity_pressure,8,validation,seed8/heterogeneity_pressure/episode15/step15,14,0,no_mask
5,-42.721309661865234,-29.22667121887207,-26.31302261352539,heterogeneity_pressure,8,validation,seed8/heterogeneity_pressure/episode15/step15,14,1,no_mask
1,-42.721309661865234,-35.59503173828125,-29.87985610961914,heterogeneity_pressure,8,validation,seed8/heterogeneity_pressure/episode15/step15,14,2,no_mask
5,-42.721309661865234,-36.510955810546875,-26.648529052734375,heterogeneity_pressure,8,validation,seed8/heterogeneity_pressure/episode15/step15,14,2,no_mask
5,-41.89836502075195,-28.442615509033203,-28.06158447265625,heterogeneity_pressure,8,train,seed8/heterogeneity_pressure/episode9/step12,14,0,no_mask
0,-41.89836502075195,-24.136560440063477,-29.402156829833984,heterogeneity_pressure,8,train,seed8/heterogeneity_pressure/episode9/step12,14,1,no_mask
1,-41.89836502075195,-19.18574333190918,-28.020160675048828,heterogeneity_pressure,8,train,seed8/heterogeneity_pressure/episode9/step12,14,1,no_mask
3,-41.89836502075195,-23.005014419555664,-26.54853630065918,heterogeneity_pressure,8,train,seed8/heterogeneity_pressure/episode9/step12,14,1,no_mask
4,-41.89836502075195,-24.436819076538086,-21.545217514038086,heterogeneity_pressure,8,train,seed8/heterogeneity_pressure/episode9/step12,14,1,no_mask
5,-41.89836502075195,-19.98539924621582,-22.838552474975586,heterogeneity_pressure,8,train,seed8/heterogeneity_pressure/episode9/step12,14,1,no_mask
4,-41.89836502075195,-29.748361587524414,-24.454734802246094,heterogeneity_pressure,8,train,seed8/heterogeneity_pressure/episode9/step12,14,2,no_mask
5,-41.89836502075195,-32.11484909057617,-25.646451950073242,heterogeneity_pressure,8,train,seed8/heterogeneity_pressure/episode9/step12,14,2,no_mask
5,-14.050912857055664,-0.8201633095741272,-6.686256408691406,heterogeneity_pressure,8,train,seed8/heterogeneity_pressure/episode5/step40,14,0,no_mask
5,-14.050912857055664,-1.115088939666748,-4.126609802246094,heterogeneity_pressure,8,train,seed8/heterogeneity_pressure/episode5/step40,14,1,no_mask
1,-14.050912857055664,-1.3136887550354004,-8.97608470916748,heterogeneity_pressure,8,train,seed8/heterogeneity_pressure/episode5/step40,14,2,no_mask
5,-14.050912857055664,-1.5664178133010864,-6.275487899780273,heterogeneity_pressure,8,train,seed8/heterogeneity_pressure/episode5/step40,14,2,no_mask
5,-41.35121154785156,-18.37588882446289,-14.783670425415039,heterogeneity_pressure,8,train,seed8/heterogeneity_pressure/episode3/step30,14,0,no_mask
5,-41.35121154785156,-20.48017120361328,-12.189064979553223,heterogeneity_pressure,8,train,seed8/heterogeneity_pressure/episode3/step30,14,1,no_mask
3,-41.35121154785156,-22.882488250732422,-16.08843231201172,heterogeneity_pressure,8,train,seed8/heterogeneity_pressure/episode3/step30,14,2,no_mask
5,-41.35121154785156,-23.39225959777832,-13.885892868041992,heterogeneity_pressure,8,train,seed8/heterogeneity_pressure/episode3/step30,14,2,no_mask
5,-13.094359397888184,-29.47755241394043,-27.917034149169922,heterogeneity_pressure,8,test,seed8/heterogeneity_pressure/episode16/step11,14,0,no_mask
0,-13.094359397888184,-37.5859489440918,-32.30864334106445,heterogeneity_pressure,8,test,seed8/heterogeneity_pressure/episode16/step11,14,1,no_mask
1,-13.094359397888184,-27.50814437866211,-31.03260040283203,heterogeneity_pressure,8,test,seed8/heterogeneity_pressure/episode16/step11,14,1,no_mask
4,-13.094359397888184,-35.097530364990234,-24.404951095581055,heterogeneity_pressure,8,test,seed8/heterogeneity_pressure/episode16/step11,14,1,no_mask
5,-13.094359397888184,-42.76420211791992,-24.451295852661133,heterogeneity_pressure,8,test,seed8/heterogeneity_pressure/episode16/step11,14,1,no_mask
4,-13.094359397888184,-35.98424530029297,-27.13143539428711,heterogeneity_pressure,8,test,seed8/heterogeneity_pressure/episode16/step11,14,2,no_mask
5,-13.094359397888184,-31.61025619506836,-27.589805603027344,heterogeneity_pressure,8,test,seed8/heterogeneity_pressure/episode16/step11,14,2,no_mask
5,-35.68598556518555,-55.87950897216797,-19.915807723999023,medium,10,validation,seed10/medium/episode7/step5,14,0,no_mask
0,-35.68598556518555,-60.30918502807617,-25.76886749267578,medium,10,validation,seed10/medium/episode7/step5,14,1,no_mask
1,-35.68598556518555,-55.957305908203125,-28.30434799194336,medium,10,validation,seed10/medium/episode7/step5,14,1,no_mask
2,-35.68598556518555,-55.957305908203125,-28.14041519165039,medium,10,validation,seed10/medium/episode7/step5,14,1,no_mask
3,-35.68598556518555,-60.55872344970703,-24.28889274597168,medium,10,validation,seed10/medium/episode7/step5,14,1,no_mask
4,-35.68598556518555,-55.957305908203125,-21.103103637695312,medium,10,validation,seed10/medium/episode7/step5,14,1,no_mask
5,-35.68598556518555,-52.83570098876953,-20.878034591674805,medium,10,validation,seed10/medium/episode7/step5,14,1,no_mask
0,-35.68598556518555,-66.3775863647461,-33.06331253051758,medium,10,validation,seed10/medium/episode7/step5,14,2,no_mask
3,-35.68598556518555,-66.3775863647461,-31.903675079345703,medium,10,validation,seed10/medium/episode7/step5,14,2,no_mask
5,-35.68598556518555,-47.52043533325195,-28.59156036376953,medium,10,validation,seed10/medium/episode7/step5,14,2,no_mask
5,-41.86380386352539,-31.02754020690918,-19.705366134643555,medium,10,train,seed10/medium/episode15/step24,14,0,no_mask
5,-41.86380386352539,-26.491273880004883,-17.011892318725586,medium,10,train,seed10/medium/episode15/step24,14,1,no_mask
0,-41.86380386352539,-23.024757385253906,-24.702539443969727,medium,10,train,seed10/medium/episode15/step24,14,2,no_mask
1,-41.86380386352539,-22.034337997436523,-23.121213912963867,medium,10,train,seed10/medium/episode15/step24,14,2,no_mask
3,-41.86380386352539,-22.377193450927734,-21.712156295776367,medium,10,train,seed10/medium/episode15/step24,14,2,no_mask
5,-41.86380386352539,-24.454883575439453,-20.372453689575195,medium,10,train,seed10/medium/episode15/step24,14,2,no_mask
4,-15.354440689086914,-2.157315969467163,3.7868785858154297,medium,10,train,seed10/medium/episode1/step16,14,0,no_mask
5,-15.354440689086914,-3.736421585083008,8.064809799194336,medium,10,train,seed10/medium/episode1/step16,14,0,no_mask
5,-15.354440689086914,-10.530824661254883,2.379892349243164,medium,10,train,seed10/medium/episode1/step16,14,1,no_mask
5,-15.354440689086914,-13.574185371398926,2.433107376098633,medium,10,train,seed10/medium/episode1/step16,14,2,no_mask
5,-55.76152038574219,-31.1512451171875,-34.13355255126953,medium,10,train,seed10/medium/episode10/step22,14,0,no_mask
5,-55.76152038574219,-32.70480728149414,-31.514545440673828,medium,10,train,seed10/medium/episode10/step22,14,1,no_mask
1,-55.76152038574219,-22.69593048095703,-35.48534393310547,medium,10,train,seed10/medium/episode10/step22,14,2,no_mask
3,-55.76152038574219,-25.175235748291016,-35.9093017578125,medium,10,train,seed10/medium/episode10/step22,14,2,no_mask
4,-55.76152038574219,-22.688711166381836,-32.52033233642578,medium,10,train,seed10/medium/episode10/step22,14,2,no_mask
5,-55.76152038574219,-27.154003143310547,-33.958465576171875,medium,10,train,seed10/medium/episode10/step22,14,2,no_mask
5,-50.72065734863281,-19.28573989868164,-32.62334442138672,medium,10,train,seed10/medium/episode8/step18,14,0,no_mask
5,-50.72065734863281,-17.641267776489258,-29.95798110961914,medium,10,train,seed10/medium/episode8/step18,14,1,no_mask
3,-50.72065734863281,-20.39323616027832,-31.53685760498047,medium,10,train,seed10/medium/episode8/step18,14,2,no_mask
5,-50.72065734863281,-18.16260528564453,-29.91034507751465,medium,10,train,seed10/medium/episode8/step18,14,2,no_mask
5,-40.21684265136719,-1.3780397176742554,-8.04154109954834,medium,10,test,seed10/medium/episode5/step26,14,0,no_mask
5,-40.21684265136719,-1.896801233291626,-5.43199348449707,medium,10,test,seed10/medium/episode5/step26,14,1,no_mask
3,-40.21684265136719,-1.8980512619018555,-10.804966926574707,medium,10,test,seed10/medium/episode5/step26,14,2,no_mask
5,-40.21684265136719,-1.9039369821548462,-9.672459602355957,medium,10,test,seed10/medium/episode5/step26,14,2,no_mask
0,-38.125389099121094,-22.54469108581543,-31.77106475830078,medium,10,test,seed10/medium/episode4/step0,14,0,no_mask
1,-38.125389099121094,-28.730648040771484,-30.355836868286133,medium,10,test,seed10/medium/episode4/step0,14,0,no_mask
2,-38.125389099121094,-34.44580841064453,-33.59247589111328,medium,10,test,seed10/medium/episode4/step0,14,0,no_mask
5,-38.125389099121094,-28.73064613342285,-26.35336685180664,medium,10,test,seed10/medium/episode4/step0,14,0,no_mask
0,-38.125389099121094,-20.424787521362305,-29.758047103881836,medium,10,test,seed10/medium/episode4/step0,14,1,no_mask
1,-38.125389099121094,-23.55385398864746,-27.985591888427734,medium,10,test,seed10/medium/episode4/step0,14,1,no_mask
2,-38.125389099121094,-23.55385398864746,-31.140727996826172,medium,10,test,seed10/medium/episode4/step0,14,1,no_mask
5,-38.125389099121094,-17.332595825195312,-23.76031494140625,medium,10,test,seed10/medium/episode4/step0,14,1,no_mask
5,-38.125389099121094,-14.990696907043457,-27.915584564208984,medium,10,test,seed10/medium/episode4/step0,14,2,no_mask
1,-43.29454803466797,-24.99823570251465,-37.492252349853516,medium,10,train,seed10/medium/episode10/step5,14,0,no_mask
2,-43.29454803466797,-27.326887130737305,-39.354312896728516,medium,10,train,seed10/medium/episode10/step5,14,0,no_mask
4,-43.29454803466797,-27.326887130737305,-36.7282600402832,medium,10,train,seed10/medium/episode10/step5,14,0,no_mask
5,-43.29454803466797,-26.53093147277832,-34.26084518432617,medium,10,train,seed10/medium/episode10/step5,14,0,no_mask
5,-43.29454803466797,-31.026714324951172,-30.326271057128906,medium,10,train,seed10/medium/episode10/step5,14,1,no_mask
5,-43.29454803466797,-21.823978424072266,-34.774478912353516,medium,10,train,seed10/medium/episode10/step5,14,2,no_mask
5,-52.20142364501953,-14.420633316040039,-26.998687744140625,medium,10,test,seed10/medium/episode8/step30,14,0,no_mask
5,-52.20142364501953,-15.110915184020996,-24.382978439331055,medium,10,test,seed10/medium/episode8/step30,14,1,no_mask
4,-52.20142364501953,-15.294081687927246,-26.930757522583008,medium,10,test,seed10/medium/episode8/step30,14,2,no_mask
5,-52.20142364501953,-15.901695251464844,-27.235002517700195,medium,10,test,seed10/medium/episode8/step30,14,2,no_mask
1,-36.333717346191406,-24.703922271728516,-18.573299407958984,medium,10,validation,seed10/medium/episode11/step2,14,0,no_mask
2,-36.333717346191406,-25.797178268432617,-15.237581253051758,medium,10,validation,seed10/medium/episode11/step2,14,0,no_mask
3,-36.333717346191406,-26.191118240356445,-20.79611587524414,medium,10,validation,seed10/medium/episode11/step2,14,0,no_mask
5,-36.333717346191406,-26.371273040771484,-13.560630798339844,medium,10,validation,seed10/medium/episode11/step2,14,0,no_mask
2,-36.333717346191406,-18.616596221923828,-14.401925086975098,medium,10,validation,seed10/medium/episode11/step2,14,1,no_mask
4,-36.333717346191406,-20.727283477783203,-13.606494903564453,medium,10,validation,seed10/medium/episode11/step2,14,1,no_mask
5,-36.333717346191406,-20.96011734008789,-12.518239974975586,medium,10,validation,seed10/medium/episode11/step2,14,1,no_mask
5,-36.333717346191406,-14.309948921203613,-15.87773323059082,medium,10,validation,seed10/medium/episode11/step2,14,2,no_mask
5,-54.48463439941406,-39.168922424316406,-27.75522804260254,medium,10,train,seed10/medium/episode3/step17,14,0,no_mask
5,-54.48463439941406,-36.869503021240234,-25.08652687072754,medium,10,train,seed10/medium/episode3/step17,14,1,no_mask
1,-54.48463439941406,-30.206525802612305,-31.973180770874023,medium,10,train,seed10/medium/episode3/step17,14,2,no_mask
5,-54.48463439941406,-30.34027862548828,-28.523319244384766,medium,10,train,seed10/medium/episode3/step17,14,2,no_mask
5,-51.40619659423828,-14.173257827758789,-14.728300094604492,medium,10,train,seed10/medium/episode12/step3,14,0,no_mask
0,-51.40619659423828,-15.643163681030273,-23.5411319732666,medium,10,train,seed10/medium/episode12/step3,14,1,no_mask
1,-51.40619659423828,-21.415624618530273,-24.424978256225586,medium,10,train,seed10/medium/episode12/step3,14,1,no_mask
2,-51.40619659423828,-16.50662612915039,-21.915016174316406,medium,10,train,seed10/medium/episode12/step3,14,1,no_mask
4,-51.40619659423828,-17.357559204101562,-20.66228485107422,medium,10,train,seed10/medium/episode12/step3,14,1,no_mask
5,-51.40619659423828,-25.153074264526367,-17.304546356201172,medium,10,train,seed10/medium/episode12/step3,14,1,no_mask
5,-51.40619659423828,-24.997943878173828,-20.439632415771484,medium,10,train,seed10/medium/episode12/step3,14,2,no_mask
5,-31.546545028686523,-9.02413272857666,-11.297233581542969,medium,10,train,seed10/medium/episode5/step12,14,0,no_mask
5,-31.546545028686523,-14.530287742614746,-8.688441276550293,medium,10,train,seed10/medium/episode5/step12,14,1,no_mask
3,-31.546545028686523,-9.952210426330566,-10.696290016174316,medium,10,train,seed10/medium/episode5/step12,14,2,no_mask
5,-31.546545028686523,-1.920183777809143,-8.691448211669922,medium,10,train,seed10/medium/episode5/step12,14,2,no_mask
5,-37.825347900390625,1.0332249402999878,-30.385080337524414,medium,10,validation,seed10/medium/episode9/step13,14,0,no_mask
5,-37.825347900390625,-0.4318791627883911,-27.753793716430664,medium,10,validation,seed10/medium/episode9/step13,14,1,no_mask
1,-37.825347900390625,-4.53907585144043,-29.229970932006836,medium,10,validation,seed10/medium/episode9/step13,14,2,no_mask
5,-37.825347900390625,-4.579248905181885,-28.665081024169922,medium,10,validation,seed10/medium/episode9/step13,14,2,no_mask
5,-11.840337753295898,7.620176315307617,10.359916687011719,medium,10,train,seed10/medium/episode1/step40,14,0,no_mask
5,-11.840337753295898,7.128280162811279,12.603092193603516,medium,10,train,seed10/medium/episode1/step40,14,1,no_mask
1,-11.840337753295898,6.893083572387695,9.497638702392578,medium,10,train,seed10/medium/episode1/step40,14,2,no_mask
5,-11.840337753295898,3.765859365463257,12.27151870727539,medium,10,train,seed10/medium/episode1/step40,14,2,no_mask
0,-32.780826568603516,-36.680728912353516,-18.608890533447266,time_pressure,10,train,seed10/time_pressure/episode17/step4,14,0,no_mask
1,-32.780826568603516,-18.68159294128418,-16.995054244995117,time_pressure,10,train,seed10/time_pressure/episode17/step4,14,0,no_mask
2,-32.780826568603516,-6.104510307312012,-17.267223358154297,time_pressure,10,train,seed10/time_pressure/episode17/step4,14,0,no_mask
3,-32.780826568603516,-21.79892921447754,-16.161148071289062,time_pressure,10,train,seed10/time_pressure/episode17/step4,14,0,no_mask
4,-32.780826568603516,-29.252639770507812,-16.005966186523438,time_pressure,10,train,seed10/time_pressure/episode17/step4,14,0,no_mask
5,-32.780826568603516,-28.6420955657959,-14.521120071411133,time_pressure,10,train,seed10/time_pressure/episode17/step4,14,0,no_mask
0,-32.780826568603516,0.32874318957328796,-16.365449905395508,time_pressure,10,train,seed10/time_pressure/episode17/step4,14,1,no_mask
1,-32.780826568603516,0.32874318957328796,-14.551974296569824,time_pressure,10,train,seed10/time_pressure/episode17/step4,14,1,no_mask
2,-32.780826568603516,12.691333770751953,-14.062029838562012,time_pressure,10,train,seed10/time_pressure/episode17/step4,14,1,no_mask
3,-32.780826568603516,0.47014516592025757,-13.371220588684082,time_pressure,10,train,seed10/time_pressure/episode17/step4,14,1,no_mask
4,-32.780826568603516,13.072425842285156,-12.797647476196289,time_pressure,10,train,seed10/time_pressure/episode17/step4,14,1,no_mask
5,-32.780826568603516,-16.217052459716797,-11.859444618225098,time_pressure,10,train,seed10/time_pressure/episode17/step4,14,1,no_mask
2,-32.780826568603516,-8.995748519897461,-17.466999053955078,time_pressure,10,train,seed10/time_pressure/episode17/step4,14,2,no_mask
3,-32.780826568603516,-8.37341594696045,-16.046545028686523,time_pressure,10,train,seed10/time_pressure/episode17/step4,14,2,no_mask
5,-32.780826568603516,-8.69400405883789,-14.82419204711914,time_pressure,10,train,seed10/time_pressure/episode17/step4,14,2,no_mask
5,-12.364377975463867,-0.23333290219306946,-16.62040901184082,time_pressure,10,train,seed10/time_pressure/episode2/step16,14,0,no_mask
5,-12.364377975463867,-20.81153106689453,-14.038029670715332,time_pressure,10,train,seed10/time_pressure/episode2/step16,14,1,no_mask
4,-12.364377975463867,-4.30639123916626,-14.633169174194336,time_pressure,10,train,seed10/time_pressure/episode2/step16,14,2,no_mask
5,-12.364377975463867,-1.2189213037490845,-15.362239837646484,time_pressure,10,train,seed10/time_pressure/episode2/step16,14,2,no_mask
0,-33.68705749511719,-38.635337829589844,-21.7291259765625,time_pressure,10,test,seed10/time_pressure/episode13/step2,14,0,no_mask
2,-33.68705749511719,-32.22697830200195,-21.901119232177734,time_pressure,10,test,seed10/time_pressure/episode13/step2,14,0,no_mask
4,-33.68705749511719,-33.35552215576172,-20.60928726196289,time_pressure,10,test,seed10/time_pressure/episode13/step2,14,0,no_mask
5,-33.68705749511719,-31.707569122314453,-18.110197067260742,time_pressure,10,test,seed10/time_pressure/episode13/step2,14,0,no_mask
1,-33.68705749511719,-24.88421058654785,-22.506437301635742,time_pressure,10,test,seed10/time_pressure/episode13/step2,14,1,no_mask
2,-33.68705749511719,-24.577547073364258,-18.11915397644043,time_pressure,10,test,seed10/time_pressure/episode13/step2,14,1,no_mask
5,-33.68705749511719,-24.018342971801758,-13.854324340820312,time_pressure,10,test,seed10/time_pressure/episode13/step2,14,1,no_mask
5,-33.68705749511719,-30.824386596679688,-18.627323150634766,time_pressure,10,test,seed10/time_pressure/episode13/step2,14,2,no_mask
5,-33.07527542114258,-39.6837272644043,-24.965673446655273,time_pressure,10,train,seed10/time_pressure/episode7/step9,14,0,no_mask
1,-33.07527542114258,-26.42143440246582,-25.532394409179688,time_pressure,10,train,seed10/time_pressure/episode7/step9,14,1,no_mask
2,-33.07527542114258,-36.100372314453125,-25.403949737548828,time_pressure,10,train,seed10/time_pressure/episode7/step9,14,1,no_mask
4,-33.07527542114258,-26.61481475830078,-21.825666427612305,time_pressure,10,train,seed10/time_pressure/episode7/step9,14,1,no_mask
5,-33.07527542114258,-36.14894485473633,-21.411815643310547,time_pressure,10,train,seed10/time_pressure/episode7/step9,14,1,no_mask
1,-33.07527542114258,-46.95102310180664,-35.104026794433594,time_pressure,10,train,seed10/time_pressure/episode7/step9,14,2,no_mask
5,-33.07527542114258,-42.86922836303711,-31.20205307006836,time_pressure,10,train,seed10/time_pressure/episode7/step9,14,2,no_mask
1,-29.5692138671875,-21.90455436706543,-29.564945220947266,time_pressure,10,train,seed10/time_pressure/episode6/step2,14,0,no_mask
3,-29.5692138671875,-23.093769073486328,-24.614295959472656,time_pressure,10,train,seed10/time_pressure/episode6/step2,14,0,no_mask
4,-29.5692138671875,-21.747642517089844,-23.786863327026367,time_pressure,10,train,seed10/time_pressure/episode6/step2,14,0,no_mask
5,-29.5692138671875,-24.489959716796875,-23.863813400268555,time_pressure,10,train,seed10/time_pressure/episode6/step2,14,0,no_mask
1,-29.5692138671875,-26.203153610229492,-25.883543014526367,time_pressure,10,train,seed10/time_pressure/episode6/step2,14,1,no_mask
3,-29.5692138671875,-26.203153610229492,-20.51927947998047,time_pressure,10,train,seed10/time_pressure/episode6/step2,14,1,no_mask
5,-29.5692138671875,-28.36974334716797,-19.617712020874023,time_pressure,10,train,seed10/time_pressure/episode6/step2,14,1,no_mask
5,-29.5692138671875,-34.7044792175293,-26.391780853271484,time_pressure,10,train,seed10/time_pressure/episode6/step2,14,2,no_mask
5,-44.84532165527344,-17.421295166015625,-49.291358947753906,time_pressure,10,train,seed10/time_pressure/episode16/step9,14,0,no_mask
5,-44.84532165527344,-65.22337341308594,-46.92903518676758,time_pressure,10,train,seed10/time_pressure/episode16/step9,14,1,no_mask
0,-44.84532165527344,-73.95187377929688,-54.318241119384766,time_pressure,10,train,seed10/time_pressure/episode16/step9,14,2,no_mask
1,-44.84532165527344,-65.7739028930664,-51.10624694824219,time_pressure,10,train,seed10/time_pressure/episode16/step9,14,2,no_mask
4,-44.84532165527344,-71.34691619873047,-47.415435791015625,time_pressure,10,train,seed10/time_pressure/episode16/step9,14,2,no_mask
5,-44.84532165527344,-70.97869873046875,-49.248291015625,time_pressure,10,train,seed10/time_pressure/episode16/step9,14,2,no_mask
5,-46.35187911987305,-77.09550476074219,-49.68437194824219,time_pressure,10,train,seed10/time_pressure/episode16/step10,14,0,no_mask
5,-46.35187911987305,-59.04667663574219,-47.330936431884766,time_pressure,10,train,seed10/time_pressure/episode16/step10,14,1,no_mask
0,-46.35187911987305,-82.70098114013672,-54.8840217590332,time_pressure,10,train,seed10/time_pressure/episode16/step10,14,2,no_mask
1,-46.35187911987305,-66.52872467041016,-51.852386474609375,time_pressure,10,train,seed10/time_pressure/episode16/step10,14,2,no_mask
4,-46.35187911987305,-72.26375579833984,-48.186302185058594,time_pressure,10,train,seed10/time_pressure/episode16/step10,14,2,no_mask
5,-46.35187911987305,-72.59828186035156,-50.10115051269531,time_pressure,10,train,seed10/time_pressure/episode16/step10,14,2,no_mask
5,-30.79086685180664,-8.568219184875488,-21.98274803161621,time_pressure,10,validation,seed10/time_pressure/episode15/step14,14,0,no_mask
5,-30.79086685180664,-12.198286056518555,-19.281143188476562,time_pressure,10,validation,seed10/time_pressure/episode15/step14,14,1,no_mask
1,-30.79086685180664,-6.0362982749938965,-26.88431167602539,time_pressure,10,validation,seed10/time_pressure/episode15/step14,14,2,no_mask
5,-30.79086685180664,-6.082505226135254,-21.332611083984375,time_pressure,10,validation,seed10/time_pressure/episode15/step14,14,2,no_mask
5,-35.37253189086914,-51.63031005859375,-30.977195739746094,time_pressure,10,test,seed10/time_pressure/episode7/step12,14,0,no_mask
5,-35.37253189086914,-48.780174255371094,-28.307735443115234,time_pressure,10,test,seed10/time_pressure/episode7/step12,14,1,no_mask
1,-35.37253189086914,-43.77391815185547,-35.385520935058594,time_pressure,10,test,seed10/time_pressure/episode7/step12,14,2,no_mask
4,-35.37253189086914,-35.68687057495117,-31.568754196166992,time_pressure,10,test,seed10/time_pressure/episode7/step12,14,2,no_mask
5,-35.37253189086914,-43.95708465576172,-31.763896942138672,time_pressure,10,test,seed10/time_pressure/episode7/step12,14,2,no_mask
5,-54.286766052246094,-49.65937805175781,-47.222877502441406,time_pressure,10,train,seed10/time_pressure/episode4/step12,14,0,no_mask
5,-54.286766052246094,-61.54647445678711,-44.67487716674805,time_pressure,10,train,seed10/time_pressure/episode4/step12,14,1,no_mask
2,-54.286766052246094,-65.97720336914062,-49.241363525390625,time_pressure,10,train,seed10/time_pressure/episode4/step12,14,2,no_mask
3,-54.286766052246094,-70.48692321777344,-51.22031021118164,time_pressure,10,train,seed10/time_pressure/episode4/step12,14,2,no_mask
5,-54.286766052246094,-65.97906494140625,-47.89548110961914,time_pressure,10,train,seed10/time_pressure/episode4/step12,14,2,no_mask
5,-13.580699920654297,-43.26108932495117,-29.830856323242188,time_pressure,10,validation,seed10/time_pressure/episode10/step14,14,0,no_mask
5,-13.580699920654297,-36.904335021972656,-27.16478729248047,time_pressure,10,validation,seed10/time_pressure/episode10/step14,14,1,no_mask
1,-13.580699920654297,-37.1174430847168,-33.9723014831543,time_pressure,10,validation,seed10/time_pressure/episode10/step14,14,2,no_mask
5,-13.580699920654297,-33.564735412597656,-29.078819274902344,time_pressure,10,validation,seed10/time_pressure/episode10/step14,14,2,no_mask
5,-10.575489044189453,-17.48856544494629,-27.954099655151367,time_pressure,10,validation,seed10/time_pressure/episode10/step8,14,0,no_mask
5,-10.575489044189453,-14.4224853515625,-25.284664154052734,time_pressure,10,validation,seed10/time_pressure/episode10/step8,14,1,no_mask
1,-10.575489044189453,-18.692123413085938,-31.533912658691406,time_pressure,10,validation,seed10/time_pressure/episode10/step8,14,2,no_mask
5,-10.575489044189453,-18.807222366333008,-25.22854995727539,time_pressure,10,validation,seed10/time_pressure/episode10/step8,14,2,no_mask
1,-28.793285369873047,-31.893980026245117,-22.496074676513672,time_pressure,10,train,seed10/time_pressure/episode3/step7,14,0,no_mask
2,-28.793285369873047,-30.205974578857422,-19.3106632232666,time_pressure,10,train,seed10/time_pressure/episode3/step7,14,0,no_mask
5,-28.793285369873047,-24.612285614013672,-17.800004959106445,time_pressure,10,train,seed10/time_pressure/episode3/step7,14,0,no_mask
5,-28.793285369873047,-1.5589079856872559,-12.177895545959473,time_pressure,10,train,seed10/time_pressure/episode3/step7,14,1,no_mask
1,-28.793285369873047,-20.561504364013672,-22.902929306030273,time_pressure,10,train,seed10/time_pressure/episode3/step7,14,2,no_mask
5,-28.793285369873047,-20.661182403564453,-18.572704315185547,time_pressure,10,train,seed10/time_pressure/episode3/step7,14,2,no_mask
5,-57.466217041015625,-46.90613555908203,-27.486371994018555,time_pressure,10,train,seed10/time_pressure/episode11/step26,14,0,no_mask
5,-57.466217041015625,-32.320556640625,-24.760610580444336,time_pressure,10,train,seed10/time_pressure/episode11/step26,14,1,no_mask
2,-57.466217041015625,-40.386505126953125,-29.468006134033203,time_pressure,10,train,seed10/time_pressure/episode11/step26,14,2,no_mask
3,-57.466217041015625,-40.386505126953125,-28.561485290527344,time_pressure,10,train,seed10/time_pressure/episode11/step26,14,2,no_mask
4,-57.466217041015625,-40.386505126953125,-26.91059112548828,time_pressure,10,train,seed10/time_pressure/episode11/step26,14,2,no_mask
5,-57.466217041015625,-43.738609313964844,-28.226383209228516,time_pressure,10,train,seed10/time_pressure/episode11/step26,14,2,no_mask
5,-46.59867477416992,-14.837443351745605,-32.35487365722656,time_pressure,10,test,seed10/time_pressure/episode1/step16,14,0,no_mask
5,-46.59867477416992,-35.28004837036133,-29.683595657348633,time_pressure,10,test,seed10/time_pressure/episode1/step16,14,1,no_mask
1,-46.59867477416992,-33.70951843261719,-34.99390411376953,time_pressure,10,test,seed10/time_pressure/episode1/step16,14,2,no_mask
2,-46.59867477416992,-33.70951843261719,-33.23797607421875,time_pressure,10,test,seed10/time_pressure/episode1/step16,14,2,no_mask
4,-46.59867477416992,-33.70951843261719,-31.174713134765625,time_pressure,10,test,seed10/time_pressure/episode1/step16,14,2,no_mask
5,-46.59867477416992,-40.005157470703125,-31.608428955078125,time_pressure,10,test,seed10/time_pressure/episode1/step16,14,2,no_mask
5,-58.83220672607422,-38.66096878051758,-37.93548583984375,heterogeneity_pressure,10,train,seed10/heterogeneity_pressure/episode6/step19,14,0,no_mask
5,-58.83220672607422,-37.06432342529297,-35.357295989990234,heterogeneity_pressure,10,train,seed10/heterogeneity_pressure/episode6/step19,14,1,no_mask
3,-58.83220672607422,-32.142147064208984,-37.11576843261719,heterogeneity_pressure,10,train,seed10/heterogeneity_pressure/episode6/step19,14,2,no_mask
4,-58.83220672607422,-32.142147064208984,-34.702415466308594,heterogeneity_pressure,10,train,seed10/heterogeneity_pressure/episode6/step19,14,2,no_mask
5,-58.83220672607422,-31.54319953918457,-35.63465118408203,heterogeneity_pressure,10,train,seed10/heterogeneity_pressure/episode6/step19,14,2,no_mask
5,-50.585025787353516,-24.075105667114258,-21.049726486206055,heterogeneity_pressure,10,train,seed10/heterogeneity_pressure/episode14/step21,14,0,no_mask
5,-50.585025787353516,-26.947134017944336,-18.342050552368164,heterogeneity_pressure,10,train,seed10/heterogeneity_pressure/episode14/step21,14,1,no_mask
0,-50.585025787353516,-24.11383628845215,-23.263641357421875,heterogeneity_pressure,10,train,seed10/heterogeneity_pressure/episode14/step21,14,2,no_mask
2,-50.585025787353516,-26.49840545654297,-20.303544998168945,heterogeneity_pressure,10,train,seed10/heterogeneity_pressure/episode14/step21,14,2,no_mask
5,-50.585025787353516,-28.76556968688965,-19.590417861938477,heterogeneity_pressure,10,train,seed10/heterogeneity_pressure/episode14/step21,14,2,no_mask
0,-38.196128845214844,-9.163990020751953,-28.273866653442383,heterogeneity_pressure,10,test,seed10/heterogeneity_pressure/episode7/step2,14,0,no_mask
1,-38.196128845214844,-13.489645004272461,-27.455020904541016,heterogeneity_pressure,10,test,seed10/heterogeneity_pressure/episode7/step2,14,0,no_mask
2,-38.196128845214844,-8.96423625946045,-27.15802764892578,heterogeneity_pressure,10,test,seed10/heterogeneity_pressure/episode7/step2,14,0,no_mask
3,-38.196128845214844,-12.908406257629395,-23.491748809814453,heterogeneity_pressure,10,test,seed10/heterogeneity_pressure/episode7/step2,14,0,no_mask
4,-38.196128845214844,-8.053070068359375,-23.44917869567871,heterogeneity_pressure,10,test,seed10/heterogeneity_pressure/episode7/step2,14,0,no_mask
5,-38.196128845214844,-19.270116806030273,-22.140548706054688,heterogeneity_pressure,10,test,seed10/heterogeneity_pressure/episode7/step2,14,0,no_mask
0,-38.196128845214844,-22.523283004760742,-27.010475158691406,heterogeneity_pressure,10,test,seed10/heterogeneity_pressure/episode7/step2,14,1,no_mask
2,-38.196128845214844,-22.523283004760742,-26.08719825744629,heterogeneity_pressure,10,test,seed10/heterogeneity_pressure/episode7/step2,14,1,no_mask
5,-38.196128845214844,-24.002248764038086,-20.667583465576172,heterogeneity_pressure,10,test,seed10/heterogeneity_pressure/episode7/step2,14,1,no_mask
5,-38.196128845214844,-17.880714416503906,-24.653915405273438,heterogeneity_pressure,10,test,seed10/heterogeneity_pressure/episode7/step2,14,2,no_mask
5,-38.58123779296875,-28.087331771850586,-24.522367477416992,heterogeneity_pressure,10,test,seed10/heterogeneity_pressure/episode2/step23,14,0,no_mask
5,-38.58123779296875,-12.319510459899902,-21.892322540283203,heterogeneity_pressure,10,test,seed10/heterogeneity_pressure/episode2/step23,14,1,no_mask
0,-38.58123779296875,-21.47611427307129,-27.435081481933594,heterogeneity_pressure,10,test,seed10/heterogeneity_pressure/episode2/step23,14,2,no_mask
2,-38.58123779296875,-28.587726593017578,-25.013790130615234,heterogeneity_pressure,10,test,seed10/heterogeneity_pressure/episode2/step23,14,2,no_mask
3,-38.58123779296875,-22.938146591186523,-27.336078643798828,heterogeneity_pressure,10,test,seed10/heterogeneity_pressure/episode2/step23,14,2,no_mask
5,-38.58123779296875,-24.743135452270508,-24.63283348083496,heterogeneity_pressure,10,test,seed10/heterogeneity_pressure/episode2/step23,14,2,no_mask
1,-39.98905944824219,-24.093046188354492,-27.699886322021484,heterogeneity_pressure,10,train,seed10/heterogeneity_pressure/episode2/step1,14,0,no_mask
3,-39.98905944824219,-19.301279067993164,-29.80158042907715,heterogeneity_pressure,10,train,seed10/heterogeneity_pressure/episode2/step1,14,0,no_mask
4,-39.98905944824219,-22.357072830200195,-23.752321243286133,heterogeneity_pressure,10,train,seed10/heterogeneity_pressure/episode2/step1,14,0,no_mask
5,-39.98905944824219,-22.43428611755371,-24.150310516357422,heterogeneity_pressure,10,train,seed10/heterogeneity_pressure/episode2/step1,14,0,no_mask
5,-39.98905944824219,-25.5206241607666,-16.969614028930664,heterogeneity_pressure,10,train,seed10/heterogeneity_pressure/episode2/step1,14,1,no_mask
5,-39.98905944824219,-20.704065322875977,-24.459260940551758,heterogeneity_pressure,10,train,seed10/heterogeneity_pressure/episode2/step1,14,2,no_mask
5,-38.9393310546875,-28.762115478515625,-24.372446060180664,heterogeneity_pressure,10,test,seed10/heterogeneity_pressure/episode2/step24,14,0,no_mask
5,-38.9393310546875,-26.229232788085938,-21.740367889404297,heterogeneity_pressure,10,test,seed10/heterogeneity_pressure/episode2/step24,14,1,no_mask
0,-38.9393310546875,-17.024948120117188,-26.97791862487793,heterogeneity_pressure,10,test,seed10/heterogeneity_pressure/episode2/step24,14,2,no_mask
2,-38.9393310546875,-23.69082260131836,-24.709463119506836,heterogeneity_pressure,10,test,seed10/heterogeneity_pressure/episode2/step24,14,2,no_mask
3,-38.9393310546875,-23.69082260131836,-27.045513153076172,heterogeneity_pressure,10,test,seed10/heterogeneity_pressure/episode2/step24,14,2,no_mask
5,-38.9393310546875,-25.455245971679688,-24.483766555786133,heterogeneity_pressure,10,test,seed10/heterogeneity_pressure/episode2/step24,14,2,no_mask
5,-45.44908142089844,-7.2376604080200195,-21.957853317260742,heterogeneity_pressure,10,validation,seed10/heterogeneity_pressure/episode7/step26,14,0,no_mask
5,-45.44908142089844,-17.316743850708008,-19.366073608398438,heterogeneity_pressure,10,validation,seed10/heterogeneity_pressure/episode7/step26,14,1,no_mask
1,-45.44908142089844,-7.2078399658203125,-24.704668045043945,heterogeneity_pressure,10,validation,seed10/heterogeneity_pressure/episode7/step26,14,2,no_mask
5,-45.44908142089844,-13.645308494567871,-22.04442596435547,heterogeneity_pressure,10,validation,seed10/heterogeneity_pressure/episode7/step26,14,2,no_mask
5,-20.816810607910156,-16.07911491394043,-14.160293579101562,heterogeneity_pressure,10,train,seed10/heterogeneity_pressure/episode9/step24,14,0,no_mask
5,-20.816810607910156,-14.442678451538086,-11.566076278686523,heterogeneity_pressure,10,train,seed10/heterogeneity_pressure/episode9/step24,14,1,no_mask
0,-20.816810607910156,-13.864917755126953,-16.947479248046875,heterogeneity_pressure,10,train,seed10/heterogeneity_pressure/episode9/step24,14,2,no_mask
1,-20.816810607910156,-13.909819602966309,-17.673568725585938,heterogeneity_pressure,10,train,seed10/heterogeneity_pressure/episode9/step24,14,2,no_mask
2,-20.816810607910156,-10.30628776550293,-13.4268217086792,heterogeneity_pressure,10,train,seed10/heterogeneity_pressure/episode9/step24,14,2,no_mask
5,-20.816810607910156,-15.747425079345703,-14.76820182800293,heterogeneity_pressure,10,train,seed10/heterogeneity_pressure/episode9/step24,14,2,no_mask
0,-41.504188537597656,-17.263614654541016,-24.564697265625,heterogeneity_pressure,10,validation,seed10/heterogeneity_pressure/episode14/step3,14,0,no_mask
1,-41.504188537597656,-17.360780715942383,-27.881696701049805,heterogeneity_pressure,10,validation,seed10/heterogeneity_pressure/episode14/step3,14,0,no_mask
4,-41.504188537597656,-20.049043655395508,-19.74421501159668,heterogeneity_pressure,10,validation,seed10/heterogeneity_pressure/episode14/step3,14,0,no_mask
5,-41.504188537597656,-17.062252044677734,-17.515323638916016,heterogeneity_pressure,10,validation,seed10/heterogeneity_pressure/episode14/step3,14,0,no_mask
0,-41.504188537597656,-21.08688735961914,-22.257022857666016,heterogeneity_pressure,10,validation,seed10/heterogeneity_pressure/episode14/step3,14,1,no_mask
1,-41.504188537597656,-21.08688735961914,-24.780744552612305,heterogeneity_pressure,10,validation,seed10/heterogeneity_pressure/episode14/step3,14,1,no_mask
4,-41.504188537597656,-20.81922721862793,-16.58776092529297,heterogeneity_pressure,10,validation,seed10/heterogeneity_pressure/episode14/step3,14,1,no_mask
5,-41.504188537597656,-22.920564651489258,-14.856589317321777,heterogeneity_pressure,10,validation,seed10/heterogeneity_pressure/episode14/step3,14,1,no_mask
5,-41.504188537597656,-28.65008544921875,-17.089448928833008,heterogeneity_pressure,10,validation,seed10/heterogeneity_pressure/episode14/step3,14,2,no_mask
5,-36.69670867919922,-44.103363037109375,-23.114866256713867,heterogeneity_pressure,10,validation,seed10/heterogeneity_pressure/episode3/step12,14,0,no_mask
5,-36.69670867919922,-55.59968185424805,-20.506126403808594,heterogeneity_pressure,10,validation,seed10/heterogeneity_pressure/episode3/step12,14,1,no_mask
1,-36.69670867919922,-40.278221130371094,-26.662418365478516,heterogeneity_pressure,10,validation,seed10/heterogeneity_pressure/episode3/step12,14,2,no_mask
5,-36.69670867919922,-36.55768585205078,-23.229692459106445,heterogeneity_pressure,10,validation,seed10/heterogeneity_pressure/episode3/step12,14,2,no_mask
5,-51.90120315551758,-34.20975875854492,-25.696514129638672,heterogeneity_pressure,10,train,seed10/heterogeneity_pressure/episode5/step28,14,0,no_mask
5,-51.90120315551758,-27.370765686035156,-23.0390567779541,heterogeneity_pressure,10,train,seed10/heterogeneity_pressure/episode5/step28,14,1,no_mask
0,-51.90120315551758,-33.25312805175781,-29.037559509277344,heterogeneity_pressure,10,train,seed10/heterogeneity_pressure/episode5/step28,14,2,no_mask
1,-51.90120315551758,-36.06590270996094,-27.117111206054688,heterogeneity_pressure,10,train,seed10/heterogeneity_pressure/episode5/step28,14,2,no_mask
2,-51.90120315551758,-35.79221725463867,-26.231929779052734,heterogeneity_pressure,10,train,seed10/heterogeneity_pressure/episode5/step28,14,2,no_mask
3,-51.90120315551758,-26.431835174560547,-26.364736557006836,heterogeneity_pressure,10,train,seed10/heterogeneity_pressure/episode5/step28,14,2,no_mask
5,-51.90120315551758,-33.51583480834961,-27.28904914855957,heterogeneity_pressure,10,train,seed10/heterogeneity_pressure/episode5/step28,14,2,no_mask
5,-35.575931549072266,-26.57111358642578,-22.85166358947754,heterogeneity_pressure,10,train,seed10/heterogeneity_pressure/episode2/step20,14,0,no_mask
5,-35.575931549072266,-10.801885604858398,-20.230655670166016,heterogeneity_pressure,10,train,seed10/heterogeneity_pressure/episode2/step20,14,1,no_mask
0,-35.575931549072266,-13.672247886657715,-25.216232299804688,heterogeneity_pressure,10,train,seed10/heterogeneity_pressure/episode2/step20,14,2,no_mask
3,-35.575931549072266,-13.672247886657715,-24.65334129333496,heterogeneity_pressure,10,train,seed10/heterogeneity_pressure/episode2/step20,14,2,no_mask
5,-35.575931549072266,-8.164082527160645,-21.477989196777344,heterogeneity_pressure,10,train,seed10/heterogeneity_pressure/episode2/step20,14,2,no_mask
0,-33.939884185791016,-33.39618682861328,-29.26498031616211,heterogeneity_pressure,10,train,seed10/heterogeneity_pressure/episode4/step3,14,0,no_mask
1,-33.939884185791016,-30.177461624145508,-24.84959602355957,heterogeneity_pressure,10,train,seed10/heterogeneity_pressure/episode4/step3,14,0,no_mask
2,-33.939884185791016,-31.998798370361328,-21.92095375061035,heterogeneity_pressure,10,train,seed10/heterogeneity_pressure/episode4/step3,14,0,no_mask
3,-33.939884185791016,-33.39618682861328,-22.398088455200195,heterogeneity_pressure,10,train,seed10/heterogeneity_pressure/episode4/step3,14,0,no_mask
5,-33.939884185791016,-27.088605880737305,-20.832361221313477,heterogeneity_pressure,10,train,seed10/heterogeneity_pressure/episode4/step3,14,0,no_mask
5,-33.939884185791016,-33.062042236328125,-16.90814971923828,heterogeneity_pressure,10,train,seed10/heterogeneity_pressure/episode4/step3,14,1,no_mask
1,-33.939884185791016,-28.230480194091797,-26.8671817779541,heterogeneity_pressure,10,train,seed10/heterogeneity_pressure/episode4/step3,14,2,no_mask
5,-33.939884185791016,-31.333965301513672,-22.812776565551758,heterogeneity_pressure,10,train,seed10/heterogeneity_pressure/episode4/step3,14,2,no_mask
5,-21.775144577026367,0.2643786668777466,5.168996810913086,heterogeneity_pressure,10,train,seed10/heterogeneity_pressure/episode8/step22,14,0,no_mask
3,-21.775144577026367,-3.66011905670166,2.631479263305664,heterogeneity_pressure,10,train,seed10/heterogeneity_pressure/episode8/step22,14,1,no_mask
5,-21.775144577026367,-3.601792573928833,8.444190979003906,heterogeneity_pressure,10,train,seed10/heterogeneity_pressure/episode8/step22,14,1,no_mask
5,-21.775144577026367,-3.66011905670166,5.341030120849609,heterogeneity_pressure,10,train,seed10/heterogeneity_pressure/episode8/step22,14,2,no_mask
5,-51.97251510620117,-27.609771728515625,-19.743539810180664,heterogeneity_pressure,10,train,seed10/heterogeneity_pressure/episode6/step4,14,0,no_mask
1,-51.97251510620117,-31.595455169677734,-29.16958999633789,heterogeneity_pressure,10,train,seed10/heterogeneity_pressure/episode6/step4,14,1,no_mask
3,-51.97251510620117,-32.502044677734375,-25.91769790649414,heterogeneity_pressure,10,train,seed10/heterogeneity_pressure/episode6/step4,14,1,no_mask
4,-51.97251510620117,-32.502044677734375,-23.92464256286621,heterogeneity_pressure,10,train,seed10/heterogeneity_pressure/episode6/step4,14,1,no_mask
5,-51.97251510620117,-31.995540618896484,-20.751853942871094,heterogeneity_pressure,10,train,seed10/heterogeneity_pressure/episode6/step4,14,1,no_mask
5,-51.97251510620117,-32.19270706176758,-23.103816986083984,heterogeneity_pressure,10,train,seed10/heterogeneity_pressure/episode6/step4,14,2,no_mask
1,-29.492202758789062,-33.10894012451172,-27.255077362060547,medium,8,train,seed8/medium/episode2/step11,15,0,no_mask
2,-29.492202758789062,-35.710018157958984,-29.362262725830078,medium,8,train,seed8/medium/episode2/step11,15,0,no_mask
4,-29.492202758789062,-35.71991729736328,-24.442228317260742,medium,8,train,seed8/medium/episode2/step11,15,0,no_mask
5,-29.492202758789062,-34.18324279785156,-24.30304718017578,medium,8,train,seed8/medium/episode2/step11,15,0,no_mask
0,-29.492202758789062,-28.808088302612305,-29.634063720703125,medium,8,train,seed8/medium/episode2/step11,15,1,no_mask
1,-29.492202758789062,-26.458133697509766,-24.88343620300293,medium,8,train,seed8/medium/episode2/step11,15,1,no_mask
3,-29.492202758789062,-28.89006996154785,-28.414562225341797,medium,8,train,seed8/medium/episode2/step11,15,1,no_mask
5,-29.492202758789062,-33.381927490234375,-22.656864166259766,medium,8,train,seed8/medium/episode2/step11,15,1,no_mask
1,-29.492202758789062,-30.486421585083008,-24.785491943359375,medium,8,train,seed8/medium/episode2/step11,15,2,no_mask
5,-29.492202758789062,-34.01565933227539,-22.307218551635742,medium,8,train,seed8/medium/episode2/step11,15,2,no_mask
0,-35.447757720947266,-26.981813430786133,-19.03084945678711,medium,8,train,seed8/medium/episode9/step0,15,0,no_mask
2,-35.447757720947266,-18.885452270507812,-16.944202423095703,medium,8,train,seed8/medium/episode9/step0,15,0,no_mask
5,-35.447757720947266,-16.642976760864258,-15.694801330566406,medium,8,train,seed8/medium/episode9/step0,15,0,no_mask
0,-35.447757720947266,-18.09736442565918,-16.827167510986328,medium,8,train,seed8/medium/episode9/step0,15,1,no_mask
2,-35.447757720947266,-18.09736442565918,-15.140031814575195,medium,8,train,seed8/medium/episode9/step0,15,1,no_mask
3,-35.447757720947266,-18.09736442565918,-16.585323333740234,medium,8,train,seed8/medium/episode9/step0,15,1,no_mask
5,-35.447757720947266,-17.964075088500977,-13.24718952178955,medium,8,train,seed8/medium/episode9/step0,15,1,no_mask
5,-35.447757720947266,-11.5684175491333,-15.978759765625,medium,8,train,seed8/medium/episode9/step0,15,2,no_mask
5,-33.44831466674805,-3.587488889694214,0.9146327972412109,medium,8,train,seed8/medium/episode4/step1,15,0,no_mask
5,-33.44831466674805,-9.670360565185547,3.072887420654297,medium,8,train,seed8/medium/episode4/step1,15,1,no_mask
3,-33.44831466674805,-10.562413215637207,-2.9425506591796875,medium,8,train,seed8/medium/episode4/step1,15,2,no_mask
5,-33.44831466674805,-11.683401107788086,-3.016630172729492,medium,8,train,seed8/medium/episode4/step1,15,2,no_mask
5,-38.55025100708008,-12.062366485595703,-10.149356842041016,medium,8,validation,seed8/medium/episode4/step17,15,0,no_mask
0,-38.55025100708008,-6.02097225189209,-17.959003448486328,medium,8,validation,seed8/medium/episode4/step17,15,1,no_mask
1,-38.55025100708008,-4.549280643463135,-13.041353225708008,medium,8,validation,seed8/medium/episode4/step17,15,1,no_mask
2,-38.55025100708008,-4.620107173919678,-9.506827354431152,medium,8,validation,seed8/medium/episode4/step17,15,1,no_mask
5,-38.55025100708008,-5.573254585266113,-7.159071922302246,medium,8,validation,seed8/medium/episode4/step17,15,1,no_mask
2,-38.55025100708008,-10.311877250671387,-10.84603500366211,medium,8,validation,seed8/medium/episode4/step17,15,2,no_mask
5,-38.55025100708008,-12.753405570983887,-8.478889465332031,medium,8,validation,seed8/medium/episode4/step17,15,2,no_mask
5,-31.04770278930664,-23.385412216186523,-34.8879280090332,medium,8,train,seed8/medium/episode15/step20,15,0,no_mask
5,-31.04770278930664,-28.9300594329834,-32.5975341796875,medium,8,train,seed8/medium/episode15/step20,15,1,no_mask
3,-31.04770278930664,-13.946529388427734,-28.740535736083984,medium,8,train,seed8/medium/episode15/step20,15,2,no_mask
5,-31.04770278930664,-11.914278030395508,-32.421810150146484,medium,8,train,seed8/medium/episode15/step20,15,2,no_mask
5,4.333680629730225,6.330555438995361,-13.851007461547852,medium,8,validation,seed8/medium/episode7/step36,15,0,no_mask
5,4.333680629730225,2.202897787094116,-11.474627494812012,medium,8,validation,seed8/medium/episode7/step36,15,1,no_mask
1,4.333680629730225,3.450153350830078,-12.626565933227539,medium,8,validation,seed8/medium/episode7/step36,15,2,no_mask
3,4.333680629730225,2.7973337173461914,-11.218856811523438,medium,8,validation,seed8/medium/episode7/step36,15,2,no_mask
5,4.333680629730225,1.8345015048980713,-12.668702125549316,medium,8,validation,seed8/medium/episode7/step36,15,2,no_mask
0,-26.813440322875977,-12.698175430297852,-23.330488204956055,medium,8,train,seed8/medium/episode3/step0,15,0,no_mask
1,-26.813440322875977,-12.2223539352417,-20.160737991333008,medium,8,train,seed8/medium/episode3/step0,15,0,no_mask
5,-26.813440322875977,-5.456620216369629,-16.024490356445312,medium,8,train,seed8/medium/episode3/step0,15,0,no_mask
0,-26.813440322875977,-21.449033737182617,-20.447599411010742,medium,8,train,seed8/medium/episode3/step0,15,1,no_mask
1,-26.813440322875977,-18.53394889831543,-18.328580856323242,medium,8,train,seed8/medium/episode3/step0,15,1,no_mask
2,-26.813440322875977,-22.274194717407227,-19.809925079345703,medium,8,train,seed8/medium/episode3/step0,15,1,no_mask
5,-26.813440322875977,-5.57970666885376,-13.696337699890137,medium,8,train,seed8/medium/episode3/step0,15,1,no_mask
1,-26.813440322875977,-16.29863166809082,-20.557706832885742,medium,8,train,seed8/medium/episode3/step0,15,2,no_mask
5,-26.813440322875977,-13.24433422088623,-16.466625213623047,medium,8,train,seed8/medium/episode3/step0,15,2,no_mask
5,-0.9851009249687195,-10.886966705322266,-15.840581893920898,medium,8,test,seed8/medium/episode17/step37,15,0,no_mask
5,-0.9851009249687195,-8.048867225646973,-13.429939270019531,medium,8,test,seed8/medium/episode17/step37,15,1,no_mask
2,-0.9851009249687195,-10.674211502075195,-14.356606483459473,medium,8,test,seed8/medium/episode17/step37,15,2,no_mask
3,-0.9851009249687195,-6.5601701736450195,-12.799125671386719,medium,8,test,seed8/medium/episode17/step37,15,2,no_mask
5,-0.9851009249687195,-10.049506187438965,-14.114605903625488,medium,8,test,seed8/medium/episode17/step37,15,2,no_mask
5,-48.39737319946289,-21.931419372558594,-21.17336654663086,medium,8,train,seed8/medium/episode6/step19,15,0,no_mask
5,-48.39737319946289,-14.924541473388672,-18.810293197631836,medium,8,train,seed8/medium/episode6/step19,15,1,no_mask
0,-48.39737319946289,-13.654547691345215,-22.800621032714844,medium,8,train,seed8/medium/episode6/step19,15,2,no_mask
5,-48.39737319946289,-8.585113525390625,-17.70462417602539,medium,8,train,seed8/medium/episode6/step19,15,2,no_mask
5,-15.448270797729492,-10.367734909057617,-13.291808128356934,medium,8,train,seed8/medium/episode2/step20,15,0,no_mask
5,-15.448270797729492,-13.286519050598145,-10.987797737121582,medium,8,train,seed8/medium/episode2/step20,15,1,no_mask
2,-15.448270797729492,-13.715262413024902,-13.372509002685547,medium,8,train,seed8/medium/episode2/step20,15,2,no_mask
5,-15.448270797729492,-15.595102310180664,-11.292764663696289,medium,8,train,seed8/medium/episode2/step20,15,2,no_mask
5,-37.370094299316406,-8.017800331115723,-10.24315357208252,medium,8,test,seed8/medium/episode4/step15,15,0,no_mask
0,-37.370094299316406,-11.572137832641602,-18.508575439453125,medium,8,test,seed8/medium/episode4/step15,15,1,no_mask
1,-37.370094299316406,-5.1192755699157715,-13.628211975097656,medium,8,test,seed8/medium/episode4/step15,15,1,no_mask
2,-37.370094299316406,-4.75659704208374,-10.04981803894043,medium,8,test,seed8/medium/episode4/step15,15,1,no_mask
5,-37.370094299316406,-10.10085678100586,-7.252495765686035,medium,8,test,seed8/medium/episode4/step15,15,1,no_mask
5,-37.370094299316406,-14.092737197875977,-8.688737869262695,medium,8,test,seed8/medium/episode4/step15,15,2,no_mask
1,-37.51372528076172,-10.54308795928955,-15.747532844543457,medium,8,validation,seed8/medium/episode12/step14,15,0,no_mask
2,-37.51372528076172,-9.292527198791504,-14.889784812927246,medium,8,validation,seed8/medium/episode12/step14,15,0,no_mask
4,-37.51372528076172,-10.488576889038086,-15.218826293945312,medium,8,validation,seed8/medium/episode12/step14,15,0,no_mask
5,-37.51372528076172,-0.37721431255340576,-13.530315399169922,medium,8,validation,seed8/medium/episode12/step14,15,0,no_mask
0,-37.51372528076172,-11.632478713989258,-19.838321685791016,medium,8,validation,seed8/medium/episode12/step14,15,1,no_mask
1,-37.51372528076172,-13.118612289428711,-14.40555477142334,medium,8,validation,seed8/medium/episode12/step14,15,1,no_mask
4,-37.51372528076172,-10.281124114990234,-13.610050201416016,medium,8,validation,seed8/medium/episode12/step14,15,1,no_mask
5,-37.51372528076172,-11.875988006591797,-12.664910316467285,medium,8,validation,seed8/medium/episode12/step14,15,1,no_mask
5,-37.51372528076172,-9.637031555175781,-13.28816032409668,medium,8,validation,seed8/medium/episode12/step14,15,2,no_mask
0,-33.2150993347168,-33.374916076660156,-34.09562301635742,medium,8,train,seed8/medium/episode2/step15,15,0,no_mask
1,-33.2150993347168,-32.93619918823242,-29.00457763671875,medium,8,train,seed8/medium/episode2/step15,15,0,no_mask
2,-33.2150993347168,-26.554828643798828,-30.69883155822754,medium,8,train,seed8/medium/episode2/step15,15,0,no_mask
3,-33.2150993347168,-28.814056396484375,-32.110626220703125,medium,8,train,seed8/medium/episode2/step15,15,0,no_mask
4,-33.2150993347168,-33.07803726196289,-26.841495513916016,medium,8,train,seed8/medium/episode2/step15,15,0,no_mask
5,-33.2150993347168,-28.29136085510254,-27.068340301513672,medium,8,train,seed8/medium/episode2/step15,15,0,no_mask
0,-33.2150993347168,-34.90782165527344,-31.346261978149414,medium,8,train,seed8/medium/episode2/step15,15,1,no_mask
1,-33.2150993347168,-18.301359176635742,-25.86649513244629,medium,8,train,seed8/medium/episode2/step15,15,1,no_mask
2,-33.2150993347168,-28.205732345581055,-27.98094367980957,medium,8,train,seed8/medium/episode2/step15,15,1,no_mask
3,-33.2150993347168,-28.783782958984375,-29.143470764160156,medium,8,train,seed8/medium/episode2/step15,15,1,no_mask
5,-33.2150993347168,-25.361066818237305,-24.715307235717773,medium,8,train,seed8/medium/episode2/step15,15,1,no_mask
1,-33.2150993347168,-26.40006446838379,-26.802011489868164,medium,8,train,seed8/medium/episode2/step15,15,2,no_mask
5,-33.2150993347168,-27.37781524658203,-25.30280876159668,medium,8,train,seed8/medium/episode2/step15,15,2,no_mask
5,-7.551610946655273,-22.827241897583008,-24.220157623291016,medium,8,train,seed8/medium/episode7/step8,15,0,no_mask
2,-7.551610946655273,-20.074052810668945,-24.132761001586914,medium,8,train,seed8/medium/episode7/step8,15,1,no_mask
4,-7.551610946655273,-21.82307243347168,-22.994516372680664,medium,8,train,seed8/medium/episode7/step8,15,1,no_mask
5,-7.551610946655273,-19.989810943603516,-21.101285934448242,medium,8,train,seed8/medium/episode7/step8,15,1,no_mask
5,-7.551610946655273,-22.747802734375,-20.810306549072266,medium,8,train,seed8/medium/episode7/step8,15,2,no_mask
5,-42.05026626586914,-37.09263610839844,-11.03393268585205,medium,8,test,seed8/medium/episode11/step4,15,0,no_mask
0,-42.05026626586914,3.3420968055725098,-19.070404052734375,medium,8,test,seed8/medium/episode11/step4,15,1,no_mask
1,-42.05026626586914,-18.884119033813477,-19.288301467895508,medium,8,test,seed8/medium/episode11/step4,15,1,no_mask
2,-42.05026626586914,-16.048072814941406,-16.603252410888672,medium,8,test,seed8/medium/episode11/step4,15,1,no_mask
3,-42.05026626586914,-9.627930641174316,-13.831626892089844,medium,8,test,seed8/medium/episode11/step4,15,1,no_mask
5,-42.05026626586914,-17.162158966064453,-13.982144355773926,medium,8,test,seed8/medium/episode11/step4,15,1,no_mask
1,-42.05026626586914,11.115246772766113,-21.442337036132812,medium,8,test,seed8/medium/episode11/step4,15,2,no_mask
3,-42.05026626586914,11.115246772766113,-15.45034408569336,medium,8,test,seed8/medium/episode11/step4,15,2,no_mask
5,-42.05026626586914,0.1420089602470398,-16.10866355895996,medium,8,test,seed8/medium/episode11/step4,15,2,no_mask
0,-14.634188652038574,4.261696815490723,-7.989452362060547,time_pressure,8,train,seed8/time_pressure/episode17/step3,15,0,no_mask
2,-14.634188652038574,5.870260715484619,-7.722155570983887,time_pressure,8,train,seed8/time_pressure/episode17/step3,15,0,no_mask
4,-14.634188652038574,5.920765399932861,-3.8907527923583984,time_pressure,8,train,seed8/time_pressure/episode17/step3,15,0,no_mask
5,-14.634188652038574,10.429814338684082,-4.59764289855957,time_pressure,8,train,seed8/time_pressure/episode17/step3,15,0,no_mask
2,-14.634188652038574,5.793713569641113,-6.6090087890625,time_pressure,8,train,seed8/time_pressure/episode17/step3,15,1,no_mask
4,-14.634188652038574,8.283580780029297,-2.8687305450439453,time_pressure,8,train,seed8/time_pressure/episode17/step3,15,1,no_mask
5,-14.634188652038574,6.379310607910156,-3.741506576538086,time_pressure,8,train,seed8/time_pressure/episode17/step3,15,1,no_mask
2,-14.634188652038574,-6.383850574493408,-7.390476226806641,time_pressure,8,train,seed8/time_pressure/episode17/step3,15,2,no_mask
4,-14.634188652038574,-1.8439735174179077,-3.629789352416992,time_pressure,8,train,seed8/time_pressure/episode17/step3,15,2,no_mask
5,-14.634188652038574,-7.755964756011963,-4.864662170410156,time_pressure,8,train,seed8/time_pressure/episode17/step3,15,2,no_mask
5,-12.54377555847168,-14.145971298217773,-26.93219566345215,time_pressure,8,train,seed8/time_pressure/episode10/step7,15,0,no_mask
1,-12.54377555847168,-20.319665908813477,-29.206348419189453,time_pressure,8,train,seed8/time_pressure/episode10/step7,15,1,no_mask
2,-12.54377555847168,-22.443574905395508,-25.733612060546875,time_pressure,8,train,seed8/time_pressure/episode10/step7,15,1,no_mask
3,-12.54377555847168,-23.847597122192383,-22.2005672454834,time_pressure,8,train,seed8/time_pressure/episode10/step7,15,1,no_mask
4,-12.54377555847168,-27.918996810913086,-24.545825958251953,time_pressure,8,train,seed8/time_pressure/episode10/step7,15,1,no_mask
5,-12.54377555847168,-23.94202423095703,-22.330459594726562,time_pressure,8,train,seed8/time_pressure/episode10/step7,15,1,no_mask
3,-12.54377555847168,-14.289409637451172,-22.494892120361328,time_pressure,8,train,seed8/time_pressure/episode10/step7,15,2,no_mask
5,-12.54377555847168,-11.84142017364502,-22.60093879699707,time_pressure,8,train,seed8/time_pressure/episode10/step7,15,2,no_mask
0,-29.865127563476562,-25.640548706054688,-32.99155044555664,time_pressure,8,validation,seed8/time_pressure/episode0/step2,15,0,no_mask
1,-29.865127563476562,-12.728217124938965,-28.872678756713867,time_pressure,8,validation,seed8/time_pressure/episode0/step2,15,0,no_mask
3,-29.865127563476562,-15.205229759216309,-30.244998931884766,time_pressure,8,validation,seed8/time_pressure/episode0/step2,15,0,no_mask
5,-29.865127563476562,-1.150765061378479,-25.858112335205078,time_pressure,8,validation,seed8/time_pressure/episode0/step2,15,0,no_mask
0,-29.865127563476562,-28.93889808654785,-38.5274543762207,time_pressure,8,validation,seed8/time_pressure/episode0/step2,15,1,no_mask
1,-29.865127563476562,-26.039899826049805,-34.76167297363281,time_pressure,8,validation,seed8/time_pressure/episode0/step2,15,1,no_mask
2,-29.865127563476562,-26.815553665161133,-33.01559829711914,time_pressure,8,validation,seed8/time_pressure/episode0/step2,15,1,no_mask
4,-29.865127563476562,-25.309741973876953,-31.654708862304688,time_pressure,8,validation,seed8/time_pressure/episode0/step2,15,1,no_mask
5,-29.865127563476562,-23.81761360168457,-31.072917938232422,time_pressure,8,validation,seed8/time_pressure/episode0/step2,15,1,no_mask
1,-29.865127563476562,-30.156808853149414,-36.93519592285156,time_pressure,8,validation,seed8/time_pressure/episode0/step2,15,2,no_mask
5,-29.865127563476562,-19.129053115844727,-33.76543045043945,time_pressure,8,validation,seed8/time_pressure/episode0/step2,15,2,no_mask
5,-59.50522994995117,-74.36446380615234,-38.08852005004883,time_pressure,8,test,seed8/time_pressure/episode2/step18,15,0,no_mask
5,-59.50522994995117,-57.90886306762695,-35.83356475830078,time_pressure,8,test,seed8/time_pressure/episode2/step18,15,1,no_mask
0,-59.50522994995117,-61.32829284667969,-37.27956771850586,time_pressure,8,test,seed8/time_pressure/episode2/step18,15,2,no_mask
1,-59.50522994995117,-63.19756317138672,-39.310630798339844,time_pressure,8,test,seed8/time_pressure/episode2/step18,15,2,no_mask
3,-59.50522994995117,-53.538665771484375,-34.62876510620117,time_pressure,8,test,seed8/time_pressure/episode2/step18,15,2,no_mask
4,-59.50522994995117,-57.24195098876953,-32.92289352416992,time_pressure,8,test,seed8/time_pressure/episode2/step18,15,2,no_mask
5,-59.50522994995117,-65.06932067871094,-35.258514404296875,time_pressure,8,test,seed8/time_pressure/episode2/step18,15,2,no_mask
5,-32.757591247558594,8.118378639221191,-5.551994323730469,time_pressure,8,train,seed8/time_pressure/episode16/step22,15,0,no_mask
5,-32.757591247558594,-5.0014848709106445,-3.398303985595703,time_pressure,8,train,seed8/time_pressure/episode16/step22,15,1,no_mask
4,-32.757591247558594,22.540985107421875,1.6158447265625,time_pressure,8,train,seed8/time_pressure/episode16/step22,15,2,no_mask
5,-32.757591247558594,8.338809967041016,-4.103063583374023,time_pressure,8,train,seed8/time_pressure/episode16/step22,15,2,no_mask
5,-56.540401458740234,-56.82118606567383,-23.295066833496094,time_pressure,8,test,seed8/time_pressure/episode2/step15,15,0,no_mask
5,-56.540401458740234,-56.65013122558594,-25.721078872680664,time_pressure,8,test,seed8/time_pressure/episode2/step15,15,1,no_mask
0,-56.540401458740234,-53.21440887451172,-28.004220962524414,time_pressure,8,test,seed8/time_pressure/episode2/step15,15,2,no_mask
3,-56.540401458740234,-53.21440887451172,-25.264429092407227,time_pressure,8,test,seed8/time_pressure/episode2/step15,15,2,no_mask
4,-56.540401458740234,-53.21440887451172,-24.01932716369629,time_pressure,8,test,seed8/time_pressure/episode2/step15,15,2,no_mask
5,-56.540401458740234,-59.69396209716797,-25.16501235961914,time_pressure,8,test,seed8/time_pressure/episode2/step15,15,2,no_mask
0,-52.9025993347168,-32.12995529174805,-35.430789947509766,time_pressure,8,train,seed8/time_pressure/episode11/step16,15,0,no_mask
1,-52.9025993347168,-32.06916046142578,-34.65822219848633,time_pressure,8,train,seed8/time_pressure/episode11/step16,15,0,no_mask
2,-52.9025993347168,-26.168453216552734,-32.453731536865234,time_pressure,8,train,seed8/time_pressure/episode11/step16,15,0,no_mask
3,-52.9025993347168,-30.01949691772461,-30.327199935913086,time_pressure,8,train,seed8/time_pressure/episode11/step16,15,0,no_mask
4,-52.9025993347168,-28.768707275390625,-29.98589515686035,time_pressure,8,train,seed8/time_pressure/episode11/step16,15,0,no_mask
5,-52.9025993347168,-27.733718872070312,-31.415300369262695,time_pressure,8,train,seed8/time_pressure/episode11/step16,15,0,no_mask
5,-52.9025993347168,-15.674344062805176,-29.786623001098633,time_pressure,8,train,seed8/time_pressure/episode11/step16,15,1,no_mask
0,-52.9025993347168,-41.60237503051758,-33.0864372253418,time_pressure,8,train,seed8/time_pressure/episode11/step16,15,2,no_mask
1,-52.9025993347168,-49.2067756652832,-32.427215576171875,time_pressure,8,train,seed8/time_pressure/episode11/step16,15,2,no_mask
2,-52.9025993347168,-49.2067756652832,-31.111305236816406,time_pressure,8,train,seed8/time_pressure/episode11/step16,15,2,no_mask
4,-52.9025993347168,-49.2067756652832,-27.89595603942871,time_pressure,8,train,seed8/time_pressure/episode11/step16,15,2,no_mask
5,-52.9025993347168,-22.799285888671875,-29.631755828857422,time_pressure,8,train,seed8/time_pressure/episode11/step16,15,2,no_mask
0,-35.00529479980469,-41.886539459228516,-31.18548583984375,time_pressure,8,train,seed8/time_pressure/episode13/step0,15,0,no_mask
1,-35.00529479980469,-44.126991271972656,-30.296878814697266,time_pressure,8,train,seed8/time_pressure/episode13/step0,15,0,no_mask
3,-35.00529479980469,-44.727420806884766,-30.994388580322266,time_pressure,8,train,seed8/time_pressure/episode13/step0,15,0,no_mask
5,-35.00529479980469,-26.63924789428711,-24.986454010009766,time_pressure,8,train,seed8/time_pressure/episode13/step0,15,0,no_mask
1,-35.00529479980469,-34.4774169921875,-27.4293212890625,time_pressure,8,train,seed8/time_pressure/episode13/step0,15,1,no_mask
2,-35.00529479980469,-36.44472885131836,-27.622533798217773,time_pressure,8,train,seed8/time_pressure/episode13/step0,15,1,no_mask
3,-35.00529479980469,-36.44472885131836,-28.794334411621094,time_pressure,8,train,seed8/time_pressure/episode13/step0,15,1,no_mask
4,-35.00529479980469,-27.2710018157959,-23.62217903137207,time_pressure,8,train,seed8/time_pressure/episode13/step0,15,1,no_mask
5,-35.00529479980469,-19.675100326538086,-22.539005279541016,time_pressure,8,train,seed8/time_pressure/episode13/step0,15,1,no_mask
5,-35.00529479980469,-33.321475982666016,-25.222644805908203,time_pressure,8,train,seed8/time_pressure/episode13/step0,15,2,no_mask
5,10.870283126831055,-4.251091480255127,1.0239505767822266,time_pressure,8,train,seed8/time_pressure/episode9/step35,15,0,no_mask
5,10.870283126831055,-4.4449639320373535,3.225454330444336,time_pressure,8,train,seed8/time_pressure/episode9/step35,15,1,no_mask
4,10.870283126831055,-7.17270040512085,4.903406143188477,time_pressure,8,train,seed8/time_pressure/episode9/step35,15,2,no_mask
5,10.870283126831055,-11.856842041015625,2.061748504638672,time_pressure,8,train,seed8/time_pressure/episode9/step35,15,2,no_mask
5,-14.520394325256348,1.8083842992782593,-2.668458938598633,time_pressure,8,train,seed8/time_pressure/episode15/step7,15,0,no_mask
4,-14.520394325256348,0.6055953502655029,-2.6044235229492188,time_pressure,8,train,seed8/time_pressure/episode15/step7,15,1,no_mask
5,-14.520394325256348,9.040234565734863,-4.267683029174805,time_pressure,8,train,seed8/time_pressure/episode15/step7,15,1,no_mask
5,-14.520394325256348,-3.676816463470459,-5.800230026245117,time_pressure,8,train,seed8/time_pressure/episode15/step7,15,2,no_mask
5,-24.699077606201172,-21.053157806396484,-28.028352737426758,time_pressure,8,validation,seed8/time_pressure/episode12/step27,15,0,no_mask
5,-24.699077606201172,-16.328664779663086,-25.69564437866211,time_pressure,8,validation,seed8/time_pressure/episode12/step27,15,1,no_mask
0,-24.699077606201172,-19.209224700927734,-26.31535530090332,time_pressure,8,validation,seed8/time_pressure/episode12/step27,15,2,no_mask
1,-24.699077606201172,-21.68877410888672,-27.800125122070312,time_pressure,8,validation,seed8/time_pressure/episode12/step27,15,2,no_mask
4,-24.699077606201172,-17.343713760375977,-21.0441837310791,time_pressure,8,validation,seed8/time_pressure/episode12/step27,15,2,no_mask
5,-24.699077606201172,-25.950592041015625,-25.938724517822266,time_pressure,8,validation,seed8/time_pressure/episode12/step27,15,2,no_mask
5,-21.368650436401367,-26.50551414489746,-23.358081817626953,time_pressure,8,validation,seed8/time_pressure/episode8/step14,15,0,no_mask
1,-21.368650436401367,-10.095391273498535,-22.603986740112305,time_pressure,8,validation,seed8/time_pressure/episode8/step14,15,1,no_mask
2,-21.368650436401367,-4.6209540367126465,-22.478940963745117,time_pressure,8,validation,seed8/time_pressure/episode8/step14,15,1,no_mask
3,-21.368650436401367,-12.604879379272461,-17.49325180053711,time_pressure,8,validation,seed8/time_pressure/episode8/step14,15,1,no_mask
4,-21.368650436401367,-4.74187707901001,-16.047420501708984,time_pressure,8,validation,seed8/time_pressure/episode8/step14,15,1,no_mask
5,-21.368650436401367,-16.336193084716797,-18.657371520996094,time_pressure,8,validation,seed8/time_pressure/episode8/step14,15,1,no_mask
3,-21.368650436401367,-29.64705467224121,-19.561147689819336,time_pressure,8,validation,seed8/time_pressure/episode8/step14,15,2,no_mask
4,-21.368650436401367,-23.041860580444336,-18.61834716796875,time_pressure,8,validation,seed8/time_pressure/episode8/step14,15,2,no_mask
5,-21.368650436401367,-44.469058990478516,-21.17172622680664,time_pressure,8,validation,seed8/time_pressure/episode8/step14,15,2,no_mask
5,-39.77165603637695,-19.601375579833984,-13.303975105285645,time_pressure,8,test,seed8/time_pressure/episode13/step20,15,0,no_mask
1,-39.77165603637695,-24.61168098449707,-10.210334777832031,time_pressure,8,test,seed8/time_pressure/episode13/step20,15,1,no_mask
3,-39.77165603637695,-24.947572708129883,-9.626502990722656,time_pressure,8,test,seed8/time_pressure/episode13/step20,15,1,no_mask
4,-39.77165603637695,-14.33698558807373,-4.7246551513671875,time_pressure,8,test,seed8/time_pressure/episode13/step20,15,1,no_mask
5,-39.77165603637695,-16.484954833984375,-8.67284870147705,time_pressure,8,test,seed8/time_pressure/episode13/step20,15,1,no_mask
1,-39.77165603637695,-4.6942291259765625,-12.451129913330078,time_pressure,8,test,seed8/time_pressure/episode13/step20,15,2,no_mask
3,-39.77165603637695,-4.431199550628662,-12.045475959777832,time_pressure,8,test,seed8/time_pressure/episode13/step20,15,2,no_mask
4,-39.77165603637695,-13.37242603302002,-6.751232147216797,time_pressure,8,test,seed8/time_pressure/episode13/step20,15,2,no_mask
5,-39.77165603637695,-23.988494873046875,-10.769240379333496,time_pressure,8,test,seed8/time_pressure/episode13/step20,15,2,no_mask
5,-16.282501220703125,-18.258764266967773,-25.237619400024414,time_pressure,8,train,seed8/time_pressure/episode8/step8,15,0,no_mask
1,-16.282501220703125,-35.11442565917969,-25.69315528869629,time_pressure,8,train,seed8/time_pressure/episode8/step8,15,1,no_mask
2,-16.282501220703125,-35.11442565917969,-26.036319732666016,time_pressure,8,train,seed8/time_pressure/episode8/step8,15,1,no_mask
3,-16.282501220703125,-35.05192565917969,-20.116230010986328,time_pressure,8,train,seed8/time_pressure/episode8/step8,15,1,no_mask
4,-16.282501220703125,-22.602405548095703,-18.74979019165039,time_pressure,8,train,seed8/time_pressure/episode8/step8,15,1,no_mask
5,-16.282501220703125,-20.62894058227539,-20.55493927001953,time_pressure,8,train,seed8/time_pressure/episode8/step8,15,1,no_mask
3,-16.282501220703125,-25.183115005493164,-21.73724937438965,time_pressure,8,train,seed8/time_pressure/episode8/step8,15,2,no_mask
4,-16.282501220703125,-13.778369903564453,-20.59239959716797,time_pressure,8,train,seed8/time_pressure/episode8/step8,15,2,no_mask
5,-16.282501220703125,-22.75790786743164,-22.658288955688477,time_pressure,8,train,seed8/time_pressure/episode8/step8,15,2,no_mask
5,-27.448820114135742,-9.9039945602417,-8.248178482055664,time_pressure,8,train,seed8/time_pressure/episode2/step31,15,0,no_mask
5,-27.448820114135742,-9.8414945602417,-5.980247497558594,time_pressure,8,train,seed8/time_pressure/episode2/step31,15,1,no_mask
2,-27.448820114135742,-12.16547679901123,-7.4834794998168945,time_pressure,8,train,seed8/time_pressure/episode2/step31,15,2,no_mask
5,-27.448820114135742,-11.66547679901123,-7.663619041442871,time_pressure,8,train,seed8/time_pressure/episode2/step31,15,2,no_mask
0,-22.217601776123047,-51.579132080078125,-25.267507553100586,heterogeneity_pressure,8,validation,seed8/heterogeneity_pressure/episode10/step11,15,0,no_mask
1,-22.217601776123047,-34.912750244140625,-23.491283416748047,heterogeneity_pressure,8,validation,seed8/heterogeneity_pressure/episode10/step11,15,0,no_mask
2,-22.217601776123047,-27.975473403930664,-23.769235610961914,heterogeneity_pressure,8,validation,seed8/heterogeneity_pressure/episode10/step11,15,0,no_mask
4,-22.217601776123047,-54.25129318237305,-19.387409210205078,heterogeneity_pressure,8,validation,seed8/heterogeneity_pressure/episode10/step11,15,0,no_mask
5,-22.217601776123047,-26.837488174438477,-20.402463912963867,heterogeneity_pressure,8,validation,seed8/heterogeneity_pressure/episode10/step11,15,0,no_mask
5,-22.217601776123047,-64.74677276611328,-27.59876823425293,heterogeneity_pressure,8,validation,seed8/heterogeneity_pressure/episode10/step11,15,1,no_mask
1,-22.217601776123047,-24.677980422973633,-29.79873275756836,heterogeneity_pressure,8,validation,seed8/heterogeneity_pressure/episode10/step11,15,2,no_mask
5,-22.217601776123047,-50.53042221069336,-27.279321670532227,heterogeneity_pressure,8,validation,seed8/heterogeneity_pressure/episode10/step11,15,2,no_mask
0,-26.131437301635742,-30.500980377197266,-35.55290603637695,heterogeneity_pressure,8,train,seed8/heterogeneity_pressure/episode0/step1,15,0,no_mask
1,-26.131437301635742,-35.883544921875,-30.05233383178711,heterogeneity_pressure,8,train,seed8/heterogeneity_pressure/episode0/step1,15,0,no_mask
2,-26.131437301635742,-30.806915283203125,-29.8968505859375,heterogeneity_pressure,8,train,seed8/heterogeneity_pressure/episode0/step1,15,0,no_mask
4,-26.131437301635742,-32.82799530029297,-29.440509796142578,heterogeneity_pressure,8,train,seed8/heterogeneity_pressure/episode0/step1,15,0,no_mask
5,-26.131437301635742,-29.249675750732422,-25.9207820892334,heterogeneity_pressure,8,train,seed8/heterogeneity_pressure/episode0/step1,15,0,no_mask
5,-26.131437301635742,-21.092615127563477,-19.184343338012695,heterogeneity_pressure,8,train,seed8/heterogeneity_pressure/episode0/step1,15,1,no_mask
5,-26.131437301635742,-32.49578857421875,-25.65869140625,heterogeneity_pressure,8,train,seed8/heterogeneity_pressure/episode0/step1,15,2,no_mask
0,-23.031288146972656,-30.436260223388672,-25.61162567138672,heterogeneity_pressure,8,train,seed8/heterogeneity_pressure/episode1/step5,15,0,no_mask
1,-23.031288146972656,-30.843313217163086,-26.603809356689453,heterogeneity_pressure,8,train,seed8/heterogeneity_pressure/episode1/step5,15,0,no_mask
2,-23.031288146972656,-27.491342544555664,-27.85378646850586,heterogeneity_pressure,8,train,seed8/heterogeneity_pressure/episode1/step5,15,0,no_mask
3,-23.031288146972656,-28.615798950195312,-23.28335952758789,heterogeneity_pressure,8,train,seed8/heterogeneity_pressure/episode1/step5,15,0,no_mask
5,-23.031288146972656,-25.739112854003906,-21.98457145690918,heterogeneity_pressure,8,train,seed8/heterogeneity_pressure/episode1/step5,15,0,no_mask
5,-23.031288146972656,-15.78065299987793,-15.219035148620605,heterogeneity_pressure,8,train,seed8/heterogeneity_pressure/episode1/step5,15,1,no_mask
5,-23.031288146972656,-24.654285430908203,-20.275808334350586,heterogeneity_pressure,8,train,seed8/heterogeneity_pressure/episode1/step5,15,2,no_mask
5,-20.239990234375,-24.729141235351562,-4.31745719909668,heterogeneity_pressure,8,validation,seed8/heterogeneity_pressure/episode7/step14,15,0,no_mask
0,-20.239990234375,-39.66286849975586,-0.4707622528076172,heterogeneity_pressure,8,validation,seed8/heterogeneity_pressure/episode7/step14,15,1,no_mask
1,-20.239990234375,-48.14617919921875,-5.327688217163086,heterogeneity_pressure,8,validation,seed8/heterogeneity_pressure/episode7/step14,15,1,no_mask
2,-20.239990234375,-48.14617919921875,-3.2606029510498047,heterogeneity_pressure,8,validation,seed8/heterogeneity_pressure/episode7/step14,15,1,no_mask
3,-20.239990234375,-42.71379089355469,-0.6324615478515625,heterogeneity_pressure,8,validation,seed8/heterogeneity_pressure/episode7/step14,15,1,no_mask
5,-20.239990234375,-34.807987213134766,2.0603084564208984,heterogeneity_pressure,8,validation,seed8/heterogeneity_pressure/episode7/step14,15,1,no_mask
5,-20.239990234375,-41.03832244873047,-0.5746498107910156,heterogeneity_pressure,8,validation,seed8/heterogeneity_pressure/episode7/step14,15,2,no_mask
5,-53.74814987182617,-15.408243179321289,-20.72011947631836,heterogeneity_pressure,8,train,seed8/heterogeneity_pressure/episode4/step41,15,0,no_mask
5,-53.74814987182617,-12.455791473388672,-17.888689041137695,heterogeneity_pressure,8,train,seed8/heterogeneity_pressure/episode4/step41,15,1,no_mask
2,-53.74814987182617,-13.761735916137695,-19.499698638916016,heterogeneity_pressure,8,train,seed8/heterogeneity_pressure/episode4/step41,15,2,no_mask
4,-53.74814987182617,-13.072408676147461,-14.367267608642578,heterogeneity_pressure,8,train,seed8/heterogeneity_pressure/episode4/step41,15,2,no_mask
5,-53.74814987182617,-13.733016967773438,-20.05618667602539,heterogeneity_pressure,8,train,seed8/heterogeneity_pressure/episode4/step41,15,2,no_mask
5,-44.25516128540039,-20.439416885375977,-32.14579391479492,heterogeneity_pressure,8,test,seed8/heterogeneity_pressure/episode4/step28,15,0,no_mask
5,-44.25516128540039,-16.284255981445312,-29.366214752197266,heterogeneity_pressure,8,test,seed8/heterogeneity_pressure/episode4/step28,15,1,no_mask
3,-44.25516128540039,-18.03166389465332,-27.298561096191406,heterogeneity_pressure,8,test,seed8/heterogeneity_pressure/episode4/step28,15,2,no_mask
4,-44.25516128540039,-25.132131576538086,-26.034847259521484,heterogeneity_pressure,8,test,seed8/heterogeneity_pressure/episode4/step28,15,2,no_mask
5,-44.25516128540039,-35.15403366088867,-30.15549087524414,heterogeneity_pressure,8,test,seed8/heterogeneity_pressure/episode4/step28,15,2,no_mask
5,4.426466464996338,2.1517786979675293,1.7640628814697266,heterogeneity_pressure,8,test,seed8/heterogeneity_pressure/episode8/step41,15,0,no_mask
5,4.426466464996338,0.4348887801170349,4.503118515014648,heterogeneity_pressure,8,test,seed8/heterogeneity_pressure/episode8/step41,15,1,no_mask
0,4.426466464996338,-0.22265611588954926,1.5380821228027344,heterogeneity_pressure,8,test,seed8/heterogeneity_pressure/episode8/step41,15,2,no_mask
5,4.426466464996338,-0.23812775313854218,1.6735725402832031,heterogeneity_pressure,8,test,seed8/heterogeneity_pressure/episode8/step41,15,2,no_mask
5,-20.031503677368164,-0.540927529335022,-4.435390472412109,heterogeneity_pressure,8,train,seed8/heterogeneity_pressure/episode5/step47,15,0,no_mask
5,-20.031503677368164,0.007023833692073822,-1.659444808959961,heterogeneity_pressure,8,train,seed8/heterogeneity_pressure/episode5/step47,15,1,no_mask
1,-20.031503677368164,-0.665927529335022,-4.837291717529297,heterogeneity_pressure,8,train,seed8/heterogeneity_pressure/episode5/step47,15,2,no_mask
5,-20.031503677368164,-0.4459399878978729,-4.1398162841796875,heterogeneity_pressure,8,train,seed8/heterogeneity_pressure/episode5/step47,15,2,no_mask
5,-10.722909927368164,0.4606660008430481,-0.25092315673828125,heterogeneity_pressure,8,train,seed8/heterogeneity_pressure/episode2/step49,15,0,no_mask
5,-10.722909927368164,-0.10000000149011612,2.503366470336914,heterogeneity_pressure,8,train,seed8/heterogeneity_pressure/episode2/step49,15,1,no_mask
4,-10.722909927368164,2.2676639556884766,7.474102020263672,heterogeneity_pressure,8,train,seed8/heterogeneity_pressure/episode2/step49,15,2,no_mask
5,-10.722909927368164,-0.10000000149011612,0.9240856170654297,heterogeneity_pressure,8,train,seed8/heterogeneity_pressure/episode2/step49,15,2,no_mask
1,-44.46287536621094,-45.17937088012695,-36.423065185546875,heterogeneity_pressure,8,train,seed8/heterogeneity_pressure/episode9/step3,15,0,no_mask
2,-44.46287536621094,-41.17977523803711,-33.128868103027344,heterogeneity_pressure,8,train,seed8/heterogeneity_pressure/episode9/step3,15,0,no_mask
4,-44.46287536621094,-45.592979431152344,-29.96466827392578,heterogeneity_pressure,8,train,seed8/heterogeneity_pressure/episode9/step3,15,0,no_mask
5,-44.46287536621094,-29.654233932495117,-29.78175926208496,heterogeneity_pressure,8,train,seed8/heterogeneity_pressure/episode9/step3,15,0,no_mask
1,-44.46287536621094,-33.3438720703125,-32.98396301269531,heterogeneity_pressure,8,train,seed8/heterogeneity_pressure/episode9/step3,15,1,no_mask
2,-44.46287536621094,-32.95407485961914,-29.816001892089844,heterogeneity_pressure,8,train,seed8/heterogeneity_pressure/episode9/step3,15,1,no_mask
4,-44.46287536621094,-29.453737258911133,-26.3620662689209,heterogeneity_pressure,8,train,seed8/heterogeneity_pressure/episode9/step3,15,1,no_mask
5,-44.46287536621094,-31.395183563232422,-26.903972625732422,heterogeneity_pressure,8,train,seed8/heterogeneity_pressure/episode9/step3,15,1,no_mask
5,-44.46287536621094,-34.88938522338867,-29.47085189819336,heterogeneity_pressure,8,train,seed8/heterogeneity_pressure/episode9/step3,15,2,no_mask
5,-42.721309661865234,-33.07182312011719,-30.626419067382812,heterogeneity_pressure,8,validation,seed8/heterogeneity_pressure/episode15/step15,15,0,no_mask
5,-42.721309661865234,-29.22667121887207,-27.852188110351562,heterogeneity_pressure,8,validation,seed8/heterogeneity_pressure/episode15/step15,15,1,no_mask
1,-42.721309661865234,-35.59503173828125,-28.90250015258789,heterogeneity_pressure,8,validation,seed8/heterogeneity_pressure/episode15/step15,15,2,no_mask
5,-42.721309661865234,-36.510955810546875,-27.2397403717041,heterogeneity_pressure,8,validation,seed8/heterogeneity_pressure/episode15/step15,15,2,no_mask
5,-41.89836502075195,-28.442615509033203,-28.783252716064453,heterogeneity_pressure,8,train,seed8/heterogeneity_pressure/episode9/step12,15,0,no_mask
0,-41.89836502075195,-24.136560440063477,-29.869348526000977,heterogeneity_pressure,8,train,seed8/heterogeneity_pressure/episode9/step12,15,1,no_mask
1,-41.89836502075195,-19.18574333190918,-27.8493595123291,heterogeneity_pressure,8,train,seed8/heterogeneity_pressure/episode9/step12,15,1,no_mask
3,-41.89836502075195,-23.005014419555664,-26.569446563720703,heterogeneity_pressure,8,train,seed8/heterogeneity_pressure/episode9/step12,15,1,no_mask
4,-41.89836502075195,-24.436819076538086,-20.78006935119629,heterogeneity_pressure,8,train,seed8/heterogeneity_pressure/episode9/step12,15,1,no_mask
5,-41.89836502075195,-19.98539924621582,-23.72408103942871,heterogeneity_pressure,8,train,seed8/heterogeneity_pressure/episode9/step12,15,1,no_mask
4,-41.89836502075195,-29.748361587524414,-22.44745445251465,heterogeneity_pressure,8,train,seed8/heterogeneity_pressure/episode9/step12,15,2,no_mask
5,-41.89836502075195,-32.11484909057617,-25.31907844543457,heterogeneity_pressure,8,train,seed8/heterogeneity_pressure/episode9/step12,15,2,no_mask
5,-14.050912857055664,-0.8201633095741272,-3.7851085662841797,heterogeneity_pressure,8,train,seed8/heterogeneity_pressure/episode5/step40,15,0,no_mask
5,-14.050912857055664,-1.115088939666748,-1.0068817138671875,heterogeneity_pressure,8,train,seed8/heterogeneity_pressure/episode5/step40,15,1,no_mask
1,-14.050912857055664,-1.3136887550354004,-4.197185516357422,heterogeneity_pressure,8,train,seed8/heterogeneity_pressure/episode5/step40,15,2,no_mask
5,-14.050912857055664,-1.5664178133010864,-2.175701141357422,heterogeneity_pressure,8,train,seed8/heterogeneity_pressure/episode5/step40,15,2,no_mask
5,-41.35121154785156,-18.37588882446289,-12.418130874633789,heterogeneity_pressure,8,train,seed8/heterogeneity_pressure/episode3/step30,15,0,no_mask
5,-41.35121154785156,-20.48017120361328,-9.561951637268066,heterogeneity_pressure,8,train,seed8/heterogeneity_pressure/episode3/step30,15,1,no_mask
3,-41.35121154785156,-22.882488250732422,-11.229552268981934,heterogeneity_pressure,8,train,seed8/heterogeneity_pressure/episode3/step30,15,2,no_mask
5,-41.35121154785156,-23.39225959777832,-10.363382339477539,heterogeneity_pressure,8,train,seed8/heterogeneity_pressure/episode3/step30,15,2,no_mask
5,-13.094359397888184,-29.47755241394043,-29.457258224487305,heterogeneity_pressure,8,test,seed8/heterogeneity_pressure/episode16/step11,15,0,no_mask
0,-13.094359397888184,-37.5859489440918,-33.631465911865234,heterogeneity_pressure,8,test,seed8/heterogeneity_pressure/episode16/step11,15,1,no_mask
1,-13.094359397888184,-27.50814437866211,-31.110836029052734,heterogeneity_pressure,8,test,seed8/heterogeneity_pressure/episode16/step11,15,1,no_mask
4,-13.094359397888184,-35.097530364990234,-25.100257873535156,heterogeneity_pressure,8,test,seed8/heterogeneity_pressure/episode16/step11,15,1,no_mask
5,-13.094359397888184,-42.76420211791992,-25.95917320251465,heterogeneity_pressure,8,test,seed8/heterogeneity_pressure/episode16/step11,15,1,no_mask
4,-13.094359397888184,-35.98424530029297,-26.438461303710938,heterogeneity_pressure,8,test,seed8/heterogeneity_pressure/episode16/step11,15,2,no_mask
5,-13.094359397888184,-31.61025619506836,-27.82353973388672,heterogeneity_pressure,8,test,seed8/heterogeneity_pressure/episode16/step11,15,2,no_mask
5,-35.68598556518555,-55.87950897216797,-20.133956909179688,medium,10,validation,seed10/medium/episode7/step5,15,0,no_mask
0,-35.68598556518555,-60.30918502807617,-27.242420196533203,medium,10,validation,seed10/medium/episode7/step5,15,1,no_mask
1,-35.68598556518555,-55.957305908203125,-28.092187881469727,medium,10,validation,seed10/medium/episode7/step5,15,1,no_mask
2,-35.68598556518555,-55.957305908203125,-28.475601196289062,medium,10,validation,seed10/medium/episode7/step5,15,1,no_mask
3,-35.68598556518555,-60.55872344970703,-25.631303787231445,medium,10,validation,seed10/medium/episode7/step5,15,1,no_mask
4,-35.68598556518555,-55.957305908203125,-20.550138473510742,medium,10,validation,seed10/medium/episode7/step5,15,1,no_mask
5,-35.68598556518555,-52.83570098876953,-21.775636672973633,medium,10,validation,seed10/medium/episode7/step5,15,1,no_mask
0,-35.68598556518555,-66.3775863647461,-35.98986053466797,medium,10,validation,seed10/medium/episode7/step5,15,2,no_mask
3,-35.68598556518555,-66.3775863647461,-34.68284606933594,medium,10,validation,seed10/medium/episode7/step5,15,2,no_mask
5,-35.68598556518555,-47.52043533325195,-31.120710372924805,medium,10,validation,seed10/medium/episode7/step5,15,2,no_mask
5,-41.86380386352539,-31.02754020690918,-17.901147842407227,medium,10,train,seed10/medium/episode15/step24,15,0,no_mask
5,-41.86380386352539,-26.491273880004883,-15.57943344116211,medium,10,train,seed10/medium/episode15/step24,15,1,no_mask
0,-41.86380386352539,-23.024757385253906,-21.41539192199707,medium,10,train,seed10/medium/episode15/step24,15,2,no_mask
1,-41.86380386352539,-22.034337997436523,-19.85344123840332,medium,10,train,seed10/medium/episode15/step24,15,2,no_mask
3,-41.86380386352539,-22.377193450927734,-17.816505432128906,medium,10,train,seed10/medium/episode15/step24,15,2,no_mask
5,-41.86380386352539,-24.454883575439453,-17.717058181762695,medium,10,train,seed10/medium/episode15/step24,15,2,no_mask
4,-15.354440689086914,-2.157315969467163,6.256040573120117,medium,10,train,seed10/medium/episode1/step16,15,0,no_mask
5,-15.354440689086914,-3.736421585083008,9.34085464477539,medium,10,train,seed10/medium/episode1/step16,15,0,no_mask
5,-15.354440689086914,-10.530824661254883,0.9320869445800781,medium,10,train,seed10/medium/episode1/step16,15,1,no_mask
5,-15.354440689086914,-13.574185371398926,1.961446762084961,medium,10,train,seed10/medium/episode1/step16,15,2,no_mask
5,-55.76152038574219,-31.1512451171875,-30.30714225769043,medium,10,train,seed10/medium/episode10/step22,15,0,no_mask
5,-55.76152038574219,-32.70480728149414,-27.996299743652344,medium,10,train,seed10/medium/episode10/step22,15,1,no_mask
1,-55.76152038574219,-22.69593048095703,-29.9630184173584,medium,10,train,seed10/medium/episode10/step22,15,2,no_mask
3,-55.76152038574219,-25.175235748291016,-28.574298858642578,medium,10,train,seed10/medium/episode10/step22,15,2,no_mask
4,-55.76152038574219,-22.688711166381836,-26.4687557220459,medium,10,train,seed10/medium/episode10/step22,15,2,no_mask
5,-55.76152038574219,-27.154003143310547,-29.329286575317383,medium,10,train,seed10/medium/episode10/step22,15,2,no_mask
5,-50.72065734863281,-19.28573989868164,-30.471336364746094,medium,10,train,seed10/medium/episode8/step18,15,0,no_mask
5,-50.72065734863281,-17.641267776489258,-28.2315673828125,medium,10,train,seed10/medium/episode8/step18,15,1,no_mask
3,-50.72065734863281,-20.39323616027832,-27.50577735900879,medium,10,train,seed10/medium/episode8/step18,15,2,no_mask
5,-50.72065734863281,-18.16260528564453,-27.114715576171875,medium,10,train,seed10/medium/episode8/step18,15,2,no_mask
5,-40.21684265136719,-1.3780397176742554,-2.6612815856933594,medium,10,test,seed10/medium/episode5/step26,15,0,no_mask
5,-40.21684265136719,-1.896801233291626,-0.40807151794433594,medium,10,test,seed10/medium/episode5/step26,15,1,no_mask
3,-40.21684265136719,-1.8980512619018555,-4.1700439453125,medium,10,test,seed10/medium/episode5/step26,15,2,no_mask
5,-40.21684265136719,-1.9039369821548462,-3.2719860076904297,medium,10,test,seed10/medium/episode5/step26,15,2,no_mask
0,-38.125389099121094,-22.54469108581543,-33.81460952758789,medium,10,test,seed10/medium/episode4/step0,15,0,no_mask
1,-38.125389099121094,-28.730648040771484,-32.20121383666992,medium,10,test,seed10/medium/episode4/step0,15,0,no_mask
2,-38.125389099121094,-34.44580841064453,-34.329593658447266,medium,10,test,seed10/medium/episode4/step0,15,0,no_mask
5,-38.125389099121094,-28.73064613342285,-27.937639236450195,medium,10,test,seed10/medium/episode4/step0,15,0,no_mask
0,-38.125389099121094,-20.424787521362305,-32.22966003417969,medium,10,test,seed10/medium/episode4/step0,15,1,no_mask
1,-38.125389099121094,-23.55385398864746,-30.107994079589844,medium,10,test,seed10/medium/episode4/step0,15,1,no_mask
2,-38.125389099121094,-23.55385398864746,-32.10432815551758,medium,10,test,seed10/medium/episode4/step0,15,1,no_mask
5,-38.125389099121094,-17.332595825195312,-25.622743606567383,medium,10,test,seed10/medium/episode4/step0,15,1,no_mask
5,-38.125389099121094,-14.990696907043457,-28.292024612426758,medium,10,test,seed10/medium/episode4/step0,15,2,no_mask
1,-43.29454803466797,-24.99823570251465,-33.747276306152344,medium,10,train,seed10/medium/episode10/step5,15,0,no_mask
2,-43.29454803466797,-27.326887130737305,-35.7596435546875,medium,10,train,seed10/medium/episode10/step5,15,0,no_mask
4,-43.29454803466797,-27.326887130737305,-33.137664794921875,medium,10,train,seed10/medium/episode10/step5,15,0,no_mask
5,-43.29454803466797,-26.53093147277832,-31.191287994384766,medium,10,train,seed10/medium/episode10/step5,15,0,no_mask
5,-43.29454803466797,-31.026714324951172,-25.622987747192383,medium,10,train,seed10/medium/episode10/step5,15,1,no_mask
5,-43.29454803466797,-21.823978424072266,-29.198415756225586,medium,10,train,seed10/medium/episode10/step5,15,2,no_mask
5,-52.20142364501953,-14.420633316040039,-24.34996223449707,medium,10,test,seed10/medium/episode8/step30,15,0,no_mask
5,-52.20142364501953,-15.110915184020996,-22.08281898498535,medium,10,test,seed10/medium/episode8/step30,15,1,no_mask
4,-52.20142364501953,-15.294081687927246,-22.219669342041016,medium,10,test,seed10/medium/episode8/step30,15,2,no_mask
5,-52.20142364501953,-15.901695251464844,-23.75408935546875,medium,10,test,seed10/medium/episode8/step30,15,2,no_mask
1,-36.333717346191406,-24.703922271728516,-23.316946029663086,medium,10,validation,seed10/medium/episode11/step2,15,0,no_mask
2,-36.333717346191406,-25.797178268432617,-22.715564727783203,medium,10,validation,seed10/medium/episode11/step2,15,0,no_mask
3,-36.333717346191406,-26.191118240356445,-24.795007705688477,medium,10,validation,seed10/medium/episode11/step2,15,0,no_mask
5,-36.333717346191406,-26.371273040771484,-19.322084426879883,medium,10,validation,seed10/medium/episode11/step2,15,0,no_mask
2,-36.333717346191406,-18.616596221923828,-22.07168197631836,medium,10,validation,seed10/medium/episode11/step2,15,1,no_mask
4,-36.333717346191406,-20.727283477783203,-20.44405746459961,medium,10,validation,seed10/medium/episode11/step2,15,1,no_mask
5,-36.333717346191406,-20.96011734008789,-18.33888816833496,medium,10,validation,seed10/medium/episode11/step2,15,1,no_mask
5,-36.333717346191406,-14.309948921203613,-18.771970748901367,medium,10,validation,seed10/medium/episode11/step2,15,2,no_mask
5,-54.48463439941406,-39.168922424316406,-26.69876480102539,medium,10,train,seed10/medium/episode3/step17,15,0,no_mask
5,-54.48463439941406,-36.869503021240234,-24.35996437072754,medium,10,train,seed10/medium/episode3/step17,15,1,no_mask
1,-54.48463439941406,-30.206525802612305,-28.747159957885742,medium,10,train,seed10/medium/episode3/step17,15,2,no_mask
5,-54.48463439941406,-30.34027862548828,-26.4892520904541,medium,10,train,seed10/medium/episode3/step17,15,2,no_mask
5,-51.40619659423828,-14.173257827758789,-16.533832550048828,medium,10,train,seed10/medium/episode12/step3,15,0,no_mask
0,-51.40619659423828,-15.643163681030273,-25.039579391479492,medium,10,train,seed10/medium/episode12/step3,15,1,no_mask
1,-51.40619659423828,-21.415624618530273,-24.53537368774414,medium,10,train,seed10/medium/episode12/step3,15,1,no_mask
2,-51.40619659423828,-16.50662612915039,-24.417341232299805,medium,10,train,seed10/medium/episode12/step3,15,1,no_mask
4,-51.40619659423828,-17.357559204101562,-20.521940231323242,medium,10,train,seed10/medium/episode12/step3,15,1,no_mask
5,-51.40619659423828,-25.153074264526367,-19.867338180541992,medium,10,train,seed10/medium/episode12/step3,15,1,no_mask
5,-51.40619659423828,-24.997943878173828,-20.260950088500977,medium,10,train,seed10/medium/episode12/step3,15,2,no_mask
5,-31.546545028686523,-9.02413272857666,-6.397298812866211,medium,10,train,seed10/medium/episode5/step12,15,0,no_mask
5,-31.546545028686523,-14.530287742614746,-4.111991882324219,medium,10,train,seed10/medium/episode5/step12,15,1,no_mask
3,-31.546545028686523,-9.952210426330566,-4.929416656494141,medium,10,train,seed10/medium/episode5/step12,15,2,no_mask
5,-31.546545028686523,-1.920183777809143,-3.0544281005859375,medium,10,train,seed10/medium/episode5/step12,15,2,no_mask
5,-37.825347900390625,1.0332249402999878,-30.122879028320312,medium,10,validation,seed10/medium/episode9/step13,15,0,no_mask
5,-37.825347900390625,-0.4318791627883911,-27.83016586303711,medium,10,validation,seed10/medium/episode9/step13,15,1,no_mask
1,-37.825347900390625,-4.53907585144043,-27.801292419433594,medium,10,validation,seed10/medium/episode9/step13,15,2,no_mask
5,-37.825347900390625,-4.579248905181885,-27.71436309814453,medium,10,validation,seed10/medium/episode9/step13,15,2,no_mask
5,-11.840337753295898,7.620176315307617,12.662239074707031,medium,10,train,seed10/medium/episode1/step40,15,0,no_mask
5,-11.840337753295898,7.128280162811279,14.567398071289062,medium,10,train,seed10/medium/episode1/step40,15,1,no_mask
1,-11.840337753295898,6.893083572387695,13.041240692138672,medium,10,train,seed10/medium/episode1/step40,15,2,no_mask
5,-11.840337753295898,3.765859365463257,15.114189147949219,medium,10,train,seed10/medium/episode1/step40,15,2,no_mask
0,-32.780826568603516,-36.680728912353516,-21.006288528442383,time_pressure,10,train,seed10/time_pressure/episode17/step4,15,0,no_mask
1,-32.780826568603516,-18.68159294128418,-18.560741424560547,time_pressure,10,train,seed10/time_pressure/episode17/step4,15,0,no_mask
2,-32.780826568603516,-6.104510307312012,-18.70346450805664,time_pressure,10,train,seed10/time_pressure/episode17/step4,15,0,no_mask
3,-32.780826568603516,-21.79892921447754,-18.396955490112305,time_pressure,10,train,seed10/time_pressure/episode17/step4,15,0,no_mask
4,-32.780826568603516,-29.252639770507812,-16.186290740966797,time_pressure,10,train,seed10/time_pressure/episode17/step4,15,0,no_mask
5,-32.780826568603516,-28.6420955657959,-16.618907928466797,time_pressure,10,train,seed10/time_pressure/episode17/step4,15,0,no_mask
0,-32.780826568603516,0.32874318957328796,-19.1896915435791,time_pressure,10,train,seed10/time_pressure/episode17/step4,15,1,no_mask
1,-32.780826568603516,0.32874318957328796,-16.3968563079834,time_pressure,10,train,seed10/time_pressure/episode17/step4,15,1,no_mask
2,-32.780826568603516,12.691333770751953,-15.589081764221191,time_pressure,10,train,seed10/time_pressure/episode17/step4,15,1,no_mask
3,-32.780826568603516,0.47014516592025757,-15.84487533569336,time_pressure,10,train,seed10/time_pressure/episode17/step4,15,1,no_mask
4,-32.780826568603516,13.072425842285156,-13.058993339538574,time_pressure,10,train,seed10/time_pressure/episode17/step4,15,1,no_mask
5,-32.780826568603516,-16.217052459716797,-14.204535484313965,time_pressure,10,train,seed10/time_pressure/episode17/step4,15,1,no_mask
2,-32.780826568603516,-8.995748519897461,-17.71441650390625,time_pressure,10,train,seed10/time_pressure/episode17/step4,15,2,no_mask
3,-32.780826568603516,-8.37341594696045,-17.077789306640625,time_pressure,10,train,seed10/time_pressure/episode17/step4,15,2,no_mask
5,-32.780826568603516,-8.69400405883789,-15.928216934204102,time_pressure,10,train,seed10/time_pressure/episode17/step4,15,2,no_mask
5,-12.364377975463867,-0.23333290219306946,-13.540115356445312,time_pressure,10,train,seed10/time_pressure/episode2/step16,15,0,no_mask
5,-12.364377975463867,-20.81153106689453,-11.307259559631348,time_pressure,10,train,seed10/time_pressure/episode2/step16,15,1,no_mask
4,-12.364377975463867,-4.30639123916626,-10.178893089294434,time_pressure,10,train,seed10/time_pressure/episode2/step16,15,2,no_mask
5,-12.364377975463867,-1.2189213037490845,-11.525279998779297,time_pressure,10,train,seed10/time_pressure/episode2/step16,15,2,no_mask
0,-33.68705749511719,-38.635337829589844,-24.341259002685547,time_pressure,10,test,seed10/time_pressure/episode13/step2,15,0,no_mask
2,-33.68705749511719,-32.22697830200195,-25.2794246673584,time_pressure,10,test,seed10/time_pressure/episode13/step2,15,0,no_mask
4,-33.68705749511719,-33.35552215576172,-21.74239730834961,time_pressure,10,test,seed10/time_pressure/episode13/step2,15,0,no_mask
5,-33.68705749511719,-31.707569122314453,-20.98420524597168,time_pressure,10,test,seed10/time_pressure/episode13/step2,15,0,no_mask
1,-33.68705749511719,-24.88421058654785,-24.39377784729004,time_pressure,10,test,seed10/time_pressure/episode13/step2,15,1,no_mask
2,-33.68705749511719,-24.577547073364258,-21.993532180786133,time_pressure,10,test,seed10/time_pressure/episode13/step2,15,1,no_mask
5,-33.68705749511719,-24.018342971801758,-17.124591827392578,time_pressure,10,test,seed10/time_pressure/episode13/step2,15,1,no_mask
5,-33.68705749511719,-30.824386596679688,-19.07424545288086,time_pressure,10,test,seed10/time_pressure/episode13/step2,15,2,no_mask
5,-33.07527542114258,-39.6837272644043,-30.640459060668945,time_pressure,10,train,seed10/time_pressure/episode7/step9,15,0,no_mask
1,-33.07527542114258,-26.42143440246582,-31.057479858398438,time_pressure,10,train,seed10/time_pressure/episode7/step9,15,1,no_mask
2,-33.07527542114258,-36.100372314453125,-32.127471923828125,time_pressure,10,train,seed10/time_pressure/episode7/step9,15,1,no_mask
4,-33.07527542114258,-26.61481475830078,-26.664894104003906,time_pressure,10,train,seed10/time_pressure/episode7/step9,15,1,no_mask
5,-33.07527542114258,-36.14894485473633,-27.549327850341797,time_pressure,10,train,seed10/time_pressure/episode7/step9,15,1,no_mask
1,-33.07527542114258,-46.95102310180664,-41.89642333984375,time_pressure,10,train,seed10/time_pressure/episode7/step9,15,2,no_mask
5,-33.07527542114258,-42.86922836303711,-38.63408279418945,time_pressure,10,train,seed10/time_pressure/episode7/step9,15,2,no_mask
1,-29.5692138671875,-21.90455436706543,-26.390323638916016,time_pressure,10,train,seed10/time_pressure/episode6/step2,15,0,no_mask
3,-29.5692138671875,-23.093769073486328,-20.629728317260742,time_pressure,10,train,seed10/time_pressure/episode6/step2,15,0,no_mask
4,-29.5692138671875,-21.747642517089844,-19.601043701171875,time_pressure,10,train,seed10/time_pressure/episode6/step2,15,0,no_mask
5,-29.5692138671875,-24.489959716796875,-20.972856521606445,time_pressure,10,train,seed10/time_pressure/episode6/step2,15,0,no_mask
1,-29.5692138671875,-26.203153610229492,-23.1621150970459,time_pressure,10,train,seed10/time_pressure/episode6/step2,15,1,no_mask
3,-29.5692138671875,-26.203153610229492,-17.001129150390625,time_pressure,10,train,seed10/time_pressure/episode6/step2,15,1,no_mask
5,-29.5692138671875,-28.36974334716797,-17.111595153808594,time_pressure,10,train,seed10/time_pressure/episode6/step2,15,1,no_mask
5,-29.5692138671875,-34.7044792175293,-27.595714569091797,time_pressure,10,train,seed10/time_pressure/episode6/step2,15,2,no_mask
5,-44.84532165527344,-17.421295166015625,-52.29228210449219,time_pressure,10,train,seed10/time_pressure/episode16/step9,15,0,no_mask
5,-44.84532165527344,-65.22337341308594,-50.182769775390625,time_pressure,10,train,seed10/time_pressure/episode16/step9,15,1,no_mask
0,-44.84532165527344,-73.95187377929688,-55.49955749511719,time_pressure,10,train,seed10/time_pressure/episode16/step9,15,2,no_mask
1,-44.84532165527344,-65.7739028930664,-52.163978576660156,time_pressure,10,train,seed10/time_pressure/episode16/step9,15,2,no_mask
4,-44.84532165527344,-71.34691619873047,-48.10920715332031,time_pressure,10,train,seed10/time_pressure/episode16/step9,15,2,no_mask
5,-44.84532165527344,-70.97869873046875,-51.39023971557617,time_pressure,10,train,seed10/time_pressure/episode16/step9,15,2,no_mask
5,-46.35187911987305,-77.09550476074219,-52.80356979370117,time_pressure,10,train,seed10/time_pressure/episode16/step10,15,0,no_mask
5,-46.35187911987305,-59.04667663574219,-50.697181701660156,time_pressure,10,train,seed10/time_pressure/episode16/step10,15,1,no_mask
0,-46.35187911987305,-82.70098114013672,-56.10500717163086,time_pressure,10,train,seed10/time_pressure/episode16/step10,15,2,no_mask
1,-46.35187911987305,-66.52872467041016,-52.96082305908203,time_pressure,10,train,seed10/time_pressure/episode16/step10,15,2,no_mask
4,-46.35187911987305,-72.26375579833984,-48.93067932128906,time_pressure,10,train,seed10/time_pressure/episode16/step10,15,2,no_mask
5,-46.35187911987305,-72.59828186035156,-52.336387634277344,time_pressure,10,train,seed10/time_pressure/episode16/step10,15,2,no_mask
5,-30.79086685180664,-8.568219184875488,-24.70639419555664,time_pressure,10,validation,seed10/time_pressure/episode15/step14,15,0,no_mask
5,-30.79086685180664,-12.198286056518555,-22.347036361694336,time_pressure,10,validation,seed10/time_pressure/episode15/step14,15,1,no_mask
1,-30.79086685180664,-6.0362982749938965,-26.561481475830078,time_pressure,10,validation,seed10/time_pressure/episode15/step14,15,2,no_mask
5,-30.79086685180664,-6.082505226135254,-23.06575584411621,time_pressure,10,validation,seed10/time_pressure/episode15/step14,15,2,no_mask
5,-35.37253189086914,-51.63031005859375,-36.66582489013672,time_pressure,10,test,seed10/time_pressure/episode7/step12,15,0,no_mask
5,-35.37253189086914,-48.780174255371094,-34.41157531738281,time_pressure,10,test,seed10/time_pressure/episode7/step12,15,1,no_mask
1,-35.37253189086914,-43.77391815185547,-39.3444709777832,time_pressure,10,test,seed10/time_pressure/episode7/step12,15,2,no_mask
4,-35.37253189086914,-35.68687057495117,-34.91289520263672,time_pressure,10,test,seed10/time_pressure/episode7/step12,15,2,no_mask
5,-35.37253189086914,-43.95708465576172,-36.4267692565918,time_pressure,10,test,seed10/time_pressure/episode7/step12,15,2,no_mask
5,-54.286766052246094,-49.65937805175781,-46.991615295410156,time_pressure,10,train,seed10/time_pressure/episode4/step12,15,0,no_mask
5,-54.286766052246094,-61.54647445678711,-44.75360107421875,time_pressure,10,train,seed10/time_pressure/episode4/step12,15,1,no_mask
2,-54.286766052246094,-65.97720336914062,-47.950679779052734,time_pressure,10,train,seed10/time_pressure/episode4/step12,15,2,no_mask
3,-54.286766052246094,-70.48692321777344,-48.536476135253906,time_pressure,10,train,seed10/time_pressure/episode4/step12,15,2,no_mask
5,-54.286766052246094,-65.97906494140625,-46.883094787597656,time_pressure,10,train,seed10/time_pressure/episode4/step12,15,2,no_mask
5,-13.580699920654297,-43.26108932495117,-32.099403381347656,time_pressure,10,validation,seed10/time_pressure/episode10/step14,15,0,no_mask
5,-13.580699920654297,-36.904335021972656,-29.759992599487305,time_pressure,10,validation,seed10/time_pressure/episode10/step14,15,1,no_mask
1,-13.580699920654297,-37.1174430847168,-34.21959686279297,time_pressure,10,validation,seed10/time_pressure/episode10/step14,15,2,no_mask
5,-13.580699920654297,-33.564735412597656,-30.532817840576172,time_pressure,10,validation,seed10/time_pressure/episode10/step14,15,2,no_mask
5,-10.575489044189453,-17.48856544494629,-30.15097427368164,time_pressure,10,validation,seed10/time_pressure/episode10/step8,15,0,no_mask
5,-10.575489044189453,-14.4224853515625,-27.812034606933594,time_pressure,10,validation,seed10/time_pressure/episode10/step8,15,1,no_mask
1,-10.575489044189453,-18.692123413085938,-31.898414611816406,time_pressure,10,validation,seed10/time_pressure/episode10/step8,15,2,no_mask
5,-10.575489044189453,-18.807222366333008,-26.746017456054688,time_pressure,10,validation,seed10/time_pressure/episode10/step8,15,2,no_mask
1,-28.793285369873047,-31.893980026245117,-27.220378875732422,time_pressure,10,train,seed10/time_pressure/episode3/step7,15,0,no_mask
2,-28.793285369873047,-30.205974578857422,-25.363645553588867,time_pressure,10,train,seed10/time_pressure/episode3/step7,15,0,no_mask
5,-28.793285369873047,-24.612285614013672,-22.876556396484375,time_pressure,10,train,seed10/time_pressure/episode3/step7,15,0,no_mask
5,-28.793285369873047,-1.5589079856872559,-15.777324676513672,time_pressure,10,train,seed10/time_pressure/episode3/step7,15,1,no_mask
1,-28.793285369873047,-20.561504364013672,-24.860633850097656,time_pressure,10,train,seed10/time_pressure/episode3/step7,15,2,no_mask
5,-28.793285369873047,-20.661182403564453,-21.213132858276367,time_pressure,10,train,seed10/time_pressure/episode3/step7,15,2,no_mask
5,-57.466217041015625,-46.90613555908203,-29.468992233276367,time_pressure,10,train,seed10/time_pressure/episode11/step26,15,0,no_mask
5,-57.466217041015625,-32.320556640625,-27.144336700439453,time_pressure,10,train,seed10/time_pressure/episode11/step26,15,1,no_mask
2,-57.466217041015625,-40.386505126953125,-30.67668914794922,time_pressure,10,train,seed10/time_pressure/episode11/step26,15,2,no_mask
3,-57.466217041015625,-40.386505126953125,-28.074726104736328,time_pressure,10,train,seed10/time_pressure/episode11/step26,15,2,no_mask
4,-57.466217041015625,-40.386505126953125,-26.396650314331055,time_pressure,10,train,seed10/time_pressure/episode11/step26,15,2,no_mask
5,-57.466217041015625,-43.738609313964844,-29.252473831176758,time_pressure,10,train,seed10/time_pressure/episode11/step26,15,2,no_mask
5,-46.59867477416992,-14.837443351745605,-34.48876953125,time_pressure,10,test,seed10/time_pressure/episode1/step16,15,0,no_mask
5,-46.59867477416992,-35.28004837036133,-32.185997009277344,time_pressure,10,test,seed10/time_pressure/episode1/step16,15,1,no_mask
1,-46.59867477416992,-33.70951843261719,-35.30569076538086,time_pressure,10,test,seed10/time_pressure/episode1/step16,15,2,no_mask
2,-46.59867477416992,-33.70951843261719,-34.01131057739258,time_pressure,10,test,seed10/time_pressure/episode1/step16,15,2,no_mask
4,-46.59867477416992,-33.70951843261719,-30.26787757873535,time_pressure,10,test,seed10/time_pressure/episode1/step16,15,2,no_mask
5,-46.59867477416992,-40.005157470703125,-32.955322265625,time_pressure,10,test,seed10/time_pressure/episode1/step16,15,2,no_mask
5,-58.83220672607422,-38.66096878051758,-38.98148727416992,heterogeneity_pressure,10,train,seed10/heterogeneity_pressure/episode6/step19,15,0,no_mask
5,-58.83220672607422,-37.06432342529297,-36.2393798828125,heterogeneity_pressure,10,train,seed10/heterogeneity_pressure/episode6/step19,15,1,no_mask
3,-58.83220672607422,-32.142147064208984,-34.92308807373047,heterogeneity_pressure,10,train,seed10/heterogeneity_pressure/episode6/step19,15,2,no_mask
4,-58.83220672607422,-32.142147064208984,-33.087310791015625,heterogeneity_pressure,10,train,seed10/heterogeneity_pressure/episode6/step19,15,2,no_mask
5,-58.83220672607422,-31.54319953918457,-35.68346405029297,heterogeneity_pressure,10,train,seed10/heterogeneity_pressure/episode6/step19,15,2,no_mask
5,-50.585025787353516,-24.075105667114258,-20.323556900024414,heterogeneity_pressure,10,train,seed10/heterogeneity_pressure/episode14/step21,15,0,no_mask
5,-50.585025787353516,-26.947134017944336,-17.540618896484375,heterogeneity_pressure,10,train,seed10/heterogeneity_pressure/episode14/step21,15,1,no_mask
0,-50.585025787353516,-24.11383628845215,-21.621723175048828,heterogeneity_pressure,10,train,seed10/heterogeneity_pressure/episode14/step21,15,2,no_mask
2,-50.585025787353516,-26.49840545654297,-18.653831481933594,heterogeneity_pressure,10,train,seed10/heterogeneity_pressure/episode14/step21,15,2,no_mask
5,-50.585025787353516,-28.76556968688965,-17.820598602294922,heterogeneity_pressure,10,train,seed10/heterogeneity_pressure/episode14/step21,15,2,no_mask
0,-38.196128845214844,-9.163990020751953,-28.533123016357422,heterogeneity_pressure,10,test,seed10/heterogeneity_pressure/episode7/step2,15,0,no_mask
1,-38.196128845214844,-13.489645004272461,-29.08162498474121,heterogeneity_pressure,10,test,seed10/heterogeneity_pressure/episode7/step2,15,0,no_mask
2,-38.196128845214844,-8.96423625946045,-28.45789337158203,heterogeneity_pressure,10,test,seed10/heterogeneity_pressure/episode7/step2,15,0,no_mask
3,-38.196128845214844,-12.908406257629395,-24.344295501708984,heterogeneity_pressure,10,test,seed10/heterogeneity_pressure/episode7/step2,15,0,no_mask
4,-38.196128845214844,-8.053070068359375,-23.53068733215332,heterogeneity_pressure,10,test,seed10/heterogeneity_pressure/episode7/step2,15,0,no_mask
5,-38.196128845214844,-19.270116806030273,-23.45887565612793,heterogeneity_pressure,10,test,seed10/heterogeneity_pressure/episode7/step2,15,0,no_mask
0,-38.196128845214844,-22.523283004760742,-32.214813232421875,heterogeneity_pressure,10,test,seed10/heterogeneity_pressure/episode7/step2,15,1,no_mask
2,-38.196128845214844,-22.523283004760742,-32.27149200439453,heterogeneity_pressure,10,test,seed10/heterogeneity_pressure/episode7/step2,15,1,no_mask
5,-38.196128845214844,-24.002248764038086,-26.90250015258789,heterogeneity_pressure,10,test,seed10/heterogeneity_pressure/episode7/step2,15,1,no_mask
5,-38.196128845214844,-17.880714416503906,-29.36736297607422,heterogeneity_pressure,10,test,seed10/heterogeneity_pressure/episode7/step2,15,2,no_mask
5,-38.58123779296875,-28.087331771850586,-22.48280906677246,heterogeneity_pressure,10,test,seed10/heterogeneity_pressure/episode2/step23,15,0,no_mask
5,-38.58123779296875,-12.319510459899902,-19.62153434753418,heterogeneity_pressure,10,test,seed10/heterogeneity_pressure/episode2/step23,15,1,no_mask
0,-38.58123779296875,-21.47611427307129,-22.76601791381836,heterogeneity_pressure,10,test,seed10/heterogeneity_pressure/episode2/step23,15,2,no_mask
2,-38.58123779296875,-28.587726593017578,-22.302532196044922,heterogeneity_pressure,10,test,seed10/heterogeneity_pressure/episode2/step23,15,2,no_mask
3,-38.58123779296875,-22.938146591186523,-22.758010864257812,heterogeneity_pressure,10,test,seed10/heterogeneity_pressure/episode2/step23,15,2,no_mask
5,-38.58123779296875,-24.743135452270508,-21.34450340270996,heterogeneity_pressure,10,test,seed10/heterogeneity_pressure/episode2/step23,15,2,no_mask
1,-39.98905944824219,-24.093046188354492,-27.250709533691406,heterogeneity_pressure,10,train,seed10/heterogeneity_pressure/episode2/step1,15,0,no_mask
3,-39.98905944824219,-19.301279067993164,-28.849590301513672,heterogeneity_pressure,10,train,seed10/heterogeneity_pressure/episode2/step1,15,0,no_mask
4,-39.98905944824219,-22.357072830200195,-24.46630859375,heterogeneity_pressure,10,train,seed10/heterogeneity_pressure/episode2/step1,15,0,no_mask
5,-39.98905944824219,-22.43428611755371,-24.38701820373535,heterogeneity_pressure,10,train,seed10/heterogeneity_pressure/episode2/step1,15,0,no_mask
5,-39.98905944824219,-25.5206241607666,-17.50292205810547,heterogeneity_pressure,10,train,seed10/heterogeneity_pressure/episode2/step1,15,1,no_mask
5,-39.98905944824219,-20.704065322875977,-24.062885284423828,heterogeneity_pressure,10,train,seed10/heterogeneity_pressure/episode2/step1,15,2,no_mask
5,-38.9393310546875,-28.762115478515625,-22.185197830200195,heterogeneity_pressure,10,test,seed10/heterogeneity_pressure/episode2/step24,15,0,no_mask
5,-38.9393310546875,-26.229232788085938,-19.32132339477539,heterogeneity_pressure,10,test,seed10/heterogeneity_pressure/episode2/step24,15,1,no_mask
0,-38.9393310546875,-17.024948120117188,-22.11899757385254,heterogeneity_pressure,10,test,seed10/heterogeneity_pressure/episode2/step24,15,2,no_mask
2,-38.9393310546875,-23.69082260131836,-21.80283546447754,heterogeneity_pressure,10,test,seed10/heterogeneity_pressure/episode2/step24,15,2,no_mask
3,-38.9393310546875,-23.69082260131836,-22.303646087646484,heterogeneity_pressure,10,test,seed10/heterogeneity_pressure/episode2/step24,15,2,no_mask
5,-38.9393310546875,-25.455245971679688,-21.04387664794922,heterogeneity_pressure,10,test,seed10/heterogeneity_pressure/episode2/step24,15,2,no_mask
5,-45.44908142089844,-7.2376604080200195,-22.991558074951172,heterogeneity_pressure,10,validation,seed10/heterogeneity_pressure/episode7/step26,15,0,no_mask
5,-45.44908142089844,-17.316743850708008,-20.177011489868164,heterogeneity_pressure,10,validation,seed10/heterogeneity_pressure/episode7/step26,15,1,no_mask
1,-45.44908142089844,-7.2078399658203125,-23.558076858520508,heterogeneity_pressure,10,validation,seed10/heterogeneity_pressure/episode7/step26,15,2,no_mask
5,-45.44908142089844,-13.645308494567871,-21.791213989257812,heterogeneity_pressure,10,validation,seed10/heterogeneity_pressure/episode7/step26,15,2,no_mask
5,-20.816810607910156,-16.07911491394043,-14.914414405822754,heterogeneity_pressure,10,train,seed10/heterogeneity_pressure/episode9/step24,15,0,no_mask
5,-20.816810607910156,-14.442678451538086,-12.01033878326416,heterogeneity_pressure,10,train,seed10/heterogeneity_pressure/episode9/step24,15,1,no_mask
0,-20.816810607910156,-13.864917755126953,-16.502857208251953,heterogeneity_pressure,10,train,seed10/heterogeneity_pressure/episode9/step24,15,2,no_mask
1,-20.816810607910156,-13.909819602966309,-17.31805419921875,heterogeneity_pressure,10,train,seed10/heterogeneity_pressure/episode9/step24,15,2,no_mask
2,-20.816810607910156,-10.30628776550293,-12.80313491821289,heterogeneity_pressure,10,train,seed10/heterogeneity_pressure/episode9/step24,15,2,no_mask
5,-20.816810607910156,-15.747425079345703,-14.133045196533203,heterogeneity_pressure,10,train,seed10/heterogeneity_pressure/episode9/step24,15,2,no_mask
0,-41.504188537597656,-17.263614654541016,-24.736663818359375,heterogeneity_pressure,10,validation,seed10/heterogeneity_pressure/episode14/step3,15,0,no_mask
1,-41.504188537597656,-17.360780715942383,-27.439682006835938,heterogeneity_pressure,10,validation,seed10/heterogeneity_pressure/episode14/step3,15,0,no_mask
4,-41.504188537597656,-20.049043655395508,-18.193103790283203,heterogeneity_pressure,10,validation,seed10/heterogeneity_pressure/episode14/step3,15,0,no_mask
5,-41.504188537597656,-17.062252044677734,-17.892578125,heterogeneity_pressure,10,validation,seed10/heterogeneity_pressure/episode14/step3,15,0,no_mask
0,-41.504188537597656,-21.08688735961914,-22.40500259399414,heterogeneity_pressure,10,validation,seed10/heterogeneity_pressure/episode14/step3,15,1,no_mask
1,-41.504188537597656,-21.08688735961914,-24.067541122436523,heterogeneity_pressure,10,validation,seed10/heterogeneity_pressure/episode14/step3,15,1,no_mask
4,-41.504188537597656,-20.81922721862793,-14.74317741394043,heterogeneity_pressure,10,validation,seed10/heterogeneity_pressure/episode14/step3,15,1,no_mask
5,-41.504188537597656,-22.920564651489258,-15.077112197875977,heterogeneity_pressure,10,validation,seed10/heterogeneity_pressure/episode14/step3,15,1,no_mask
5,-41.504188537597656,-28.65008544921875,-16.089874267578125,heterogeneity_pressure,10,validation,seed10/heterogeneity_pressure/episode14/step3,15,2,no_mask
5,-36.69670867919922,-44.103363037109375,-28.763538360595703,heterogeneity_pressure,10,validation,seed10/heterogeneity_pressure/episode3/step12,15,0,no_mask
5,-36.69670867919922,-55.59968185424805,-25.977556228637695,heterogeneity_pressure,10,validation,seed10/heterogeneity_pressure/episode3/step12,15,1,no_mask
1,-36.69670867919922,-40.278221130371094,-30.49091911315918,heterogeneity_pressure,10,validation,seed10/heterogeneity_pressure/episode3/step12,15,2,no_mask
5,-36.69670867919922,-36.55768585205078,-27.69158363342285,heterogeneity_pressure,10,validation,seed10/heterogeneity_pressure/episode3/step12,15,2,no_mask
5,-51.90120315551758,-34.20975875854492,-27.60103988647461,heterogeneity_pressure,10,train,seed10/heterogeneity_pressure/episode5/step28,15,0,no_mask
5,-51.90120315551758,-27.370765686035156,-24.75916290283203,heterogeneity_pressure,10,train,seed10/heterogeneity_pressure/episode5/step28,15,1,no_mask
0,-51.90120315551758,-33.25312805175781,-29.011518478393555,heterogeneity_pressure,10,train,seed10/heterogeneity_pressure/episode5/step28,15,2,no_mask
1,-51.90120315551758,-36.06590270996094,-27.23186683654785,heterogeneity_pressure,10,train,seed10/heterogeneity_pressure/episode5/step28,15,2,no_mask
2,-51.90120315551758,-35.79221725463867,-27.33025360107422,heterogeneity_pressure,10,train,seed10/heterogeneity_pressure/episode5/step28,15,2,no_mask
3,-51.90120315551758,-26.431835174560547,-24.8427791595459,heterogeneity_pressure,10,train,seed10/heterogeneity_pressure/episode5/step28,15,2,no_mask
5,-51.90120315551758,-33.51583480834961,-27.9488525390625,heterogeneity_pressure,10,train,seed10/heterogeneity_pressure/episode5/step28,15,2,no_mask
5,-35.575931549072266,-26.57111358642578,-20.495710372924805,heterogeneity_pressure,10,train,seed10/heterogeneity_pressure/episode2/step20,15,0,no_mask
5,-35.575931549072266,-10.801885604858398,-17.6304931640625,heterogeneity_pressure,10,train,seed10/heterogeneity_pressure/episode2/step20,15,1,no_mask
0,-35.575931549072266,-13.672247886657715,-20.391111373901367,heterogeneity_pressure,10,train,seed10/heterogeneity_pressure/episode2/step20,15,2,no_mask
3,-35.575931549072266,-13.672247886657715,-19.840267181396484,heterogeneity_pressure,10,train,seed10/heterogeneity_pressure/episode2/step20,15,2,no_mask
5,-35.575931549072266,-8.164082527160645,-17.945783615112305,heterogeneity_pressure,10,train,seed10/heterogeneity_pressure/episode2/step20,15,2,no_mask
0,-33.939884185791016,-33.39618682861328,-31.334135055541992,heterogeneity_pressure,10,train,seed10/heterogeneity_pressure/episode4/step3,15,0,no_mask
1,-33.939884185791016,-30.177461624145508,-26.986278533935547,heterogeneity_pressure,10,train,seed10/heterogeneity_pressure/episode4/step3,15,0,no_mask
2,-33.939884185791016,-31.998798370361328,-26.053144454956055,heterogeneity_pressure,10,train,seed10/heterogeneity_pressure/episode4/step3,15,0,no_mask
3,-33.939884185791016,-33.39618682861328,-25.324356079101562,heterogeneity_pressure,10,train,seed10/heterogeneity_pressure/episode4/step3,15,0,no_mask
5,-33.939884185791016,-27.088605880737305,-23.588895797729492,heterogeneity_pressure,10,train,seed10/heterogeneity_pressure/episode4/step3,15,0,no_mask
5,-33.939884185791016,-33.062042236328125,-17.393924713134766,heterogeneity_pressure,10,train,seed10/heterogeneity_pressure/episode4/step3,15,1,no_mask
1,-33.939884185791016,-28.230480194091797,-25.90109634399414,heterogeneity_pressure,10,train,seed10/heterogeneity_pressure/episode4/step3,15,2,no_mask
5,-33.939884185791016,-31.333965301513672,-22.46636962890625,heterogeneity_pressure,10,train,seed10/heterogeneity_pressure/episode4/step3,15,2,no_mask
5,-21.775144577026367,0.2643786668777466,7.080739974975586,heterogeneity_pressure,10,train,seed10/heterogeneity_pressure/episode8/step22,15,0,no_mask
3,-21.775144577026367,-3.66011905670166,5.358341217041016,heterogeneity_pressure,10,train,seed10/heterogeneity_pressure/episode8/step22,15,1,no_mask
5,-21.775144577026367,-3.601792573928833,10.286056518554688,heterogeneity_pressure,10,train,seed10/heterogeneity_pressure/episode8/step22,15,1,no_mask
5,-21.775144577026367,-3.66011905670166,3.6881046295166016,heterogeneity_pressure,10,train,seed10/heterogeneity_pressure/episode8/step22,15,2,no_mask
5,-51.97251510620117,-27.609771728515625,-21.787864685058594,heterogeneity_pressure,10,train,seed10/heterogeneity_pressure/episode6/step4,15,0,no_mask
1,-51.97251510620117,-31.595455169677734,-30.77233123779297,heterogeneity_pressure,10,train,seed10/heterogeneity_pressure/episode6/step4,15,1,no_mask
3,-51.97251510620117,-32.502044677734375,-26.1827392578125,heterogeneity_pressure,10,train,seed10/heterogeneity_pressure/episode6/step4,15,1,no_mask
4,-51.97251510620117,-32.502044677734375,-25.04543685913086,heterogeneity_pressure,10,train,seed10/heterogeneity_pressure/episode6/step4,15,1,no_mask
5,-51.97251510620117,-31.995540618896484,-23.05327796936035,heterogeneity_pressure,10,train,seed10/heterogeneity_pressure/episode6/step4,15,1,no_mask
5,-51.97251510620117,-32.19270706176758,-24.21562957763672,heterogeneity_pressure,10,train,seed10/heterogeneity_pressure/episode6/step4,15,2,no_mask
1,-29.492202758789062,-33.10894012451172,-25.77928352355957,medium,8,train,seed8/medium/episode2/step11,16,0,no_mask
2,-29.492202758789062,-35.710018157958984,-27.719919204711914,medium,8,train,seed8/medium/episode2/step11,16,0,no_mask
4,-29.492202758789062,-35.71991729736328,-25.83047866821289,medium,8,train,seed8/medium/episode2/step11,16,0,no_mask
5,-29.492202758789062,-34.18324279785156,-23.86735725402832,medium,8,train,seed8/medium/episode2/step11,16,0,no_mask
0,-29.492202758789062,-28.808088302612305,-27.680322647094727,medium,8,train,seed8/medium/episode2/step11,16,1,no_mask
1,-29.492202758789062,-26.458133697509766,-22.85308265686035,medium,8,train,seed8/medium/episode2/step11,16,1,no_mask
3,-29.492202758789062,-28.89006996154785,-28.555025100708008,medium,8,train,seed8/medium/episode2/step11,16,1,no_mask
5,-29.492202758789062,-33.381927490234375,-21.686298370361328,medium,8,train,seed8/medium/episode2/step11,16,1,no_mask
1,-29.492202758789062,-30.486421585083008,-24.477529525756836,medium,8,train,seed8/medium/episode2/step11,16,2,no_mask
5,-29.492202758789062,-34.01565933227539,-23.041379928588867,medium,8,train,seed8/medium/episode2/step11,16,2,no_mask
0,-35.447757720947266,-26.981813430786133,-15.901849746704102,medium,8,train,seed8/medium/episode9/step0,16,0,no_mask
2,-35.447757720947266,-18.885452270507812,-15.886640548706055,medium,8,train,seed8/medium/episode9/step0,16,0,no_mask
5,-35.447757720947266,-16.642976760864258,-14.077231407165527,medium,8,train,seed8/medium/episode9/step0,16,0,no_mask
0,-35.447757720947266,-18.09736442565918,-13.52199649810791,medium,8,train,seed8/medium/episode9/step0,16,1,no_mask
2,-35.447757720947266,-18.09736442565918,-13.976680755615234,medium,8,train,seed8/medium/episode9/step0,16,1,no_mask
3,-35.447757720947266,-18.09736442565918,-14.505356788635254,medium,8,train,seed8/medium/episode9/step0,16,1,no_mask
5,-35.447757720947266,-17.964075088500977,-11.595015525817871,medium,8,train,seed8/medium/episode9/step0,16,1,no_mask
5,-35.447757720947266,-11.5684175491333,-15.209449768066406,medium,8,train,seed8/medium/episode9/step0,16,2,no_mask
5,-33.44831466674805,-3.587488889694214,-2.773366928100586,medium,8,train,seed8/medium/episode4/step1,16,0,no_mask
5,-33.44831466674805,-9.670360565185547,-0.3980236053466797,medium,8,train,seed8/medium/episode4/step1,16,1,no_mask
3,-33.44831466674805,-10.562413215637207,-8.681418418884277,medium,8,train,seed8/medium/episode4/step1,16,2,no_mask
5,-33.44831466674805,-11.683401107788086,-7.759611129760742,medium,8,train,seed8/medium/episode4/step1,16,2,no_mask
5,-38.55025100708008,-12.062366485595703,-14.978604316711426,medium,8,validation,seed8/medium/episode4/step17,16,0,no_mask
0,-38.55025100708008,-6.02097225189209,-21.651227951049805,medium,8,validation,seed8/medium/episode4/step17,16,1,no_mask
1,-38.55025100708008,-4.549280643463135,-17.6313533782959,medium,8,validation,seed8/medium/episode4/step17,16,1,no_mask
2,-38.55025100708008,-4.620107173919678,-13.334450721740723,medium,8,validation,seed8/medium/episode4/step17,16,1,no_mask
5,-38.55025100708008,-5.573254585266113,-11.254841804504395,medium,8,validation,seed8/medium/episode4/step17,16,1,no_mask
2,-38.55025100708008,-10.311877250671387,-16.016056060791016,medium,8,validation,seed8/medium/episode4/step17,16,2,no_mask
5,-38.55025100708008,-12.753405570983887,-13.819392204284668,medium,8,validation,seed8/medium/episode4/step17,16,2,no_mask
5,-31.04770278930664,-23.385412216186523,-40.60900115966797,medium,8,train,seed8/medium/episode15/step20,16,0,no_mask
5,-31.04770278930664,-28.9300594329834,-38.226585388183594,medium,8,train,seed8/medium/episode15/step20,16,1,no_mask
3,-31.04770278930664,-13.946529388427734,-36.78617477416992,medium,8,train,seed8/medium/episode15/step20,16,2,no_mask
5,-31.04770278930664,-11.914278030395508,-39.1231689453125,medium,8,train,seed8/medium/episode15/step20,16,2,no_mask
5,4.333680629730225,6.330555438995361,-15.149347305297852,medium,8,validation,seed8/medium/episode7/step36,16,0,no_mask
5,4.333680629730225,2.202897787094116,-12.717411994934082,medium,8,validation,seed8/medium/episode7/step36,16,1,no_mask
1,4.333680629730225,3.450153350830078,-16.179718017578125,medium,8,validation,seed8/medium/episode7/step36,16,2,no_mask
3,4.333680629730225,2.7973337173461914,-12.774614334106445,medium,8,validation,seed8/medium/episode7/step36,16,2,no_mask
5,4.333680629730225,1.8345015048980713,-14.495760917663574,medium,8,validation,seed8/medium/episode7/step36,16,2,no_mask
0,-26.813440322875977,-12.698175430297852,-22.235103607177734,medium,8,train,seed8/medium/episode3/step0,16,0,no_mask
1,-26.813440322875977,-12.2223539352417,-19.10708236694336,medium,8,train,seed8/medium/episode3/step0,16,0,no_mask
5,-26.813440322875977,-5.456620216369629,-15.196708679199219,medium,8,train,seed8/medium/episode3/step0,16,0,no_mask
0,-26.813440322875977,-21.449033737182617,-19.254657745361328,medium,8,train,seed8/medium/episode3/step0,16,1,no_mask
1,-26.813440322875977,-18.53394889831543,-17.0903377532959,medium,8,train,seed8/medium/episode3/step0,16,1,no_mask
2,-26.813440322875977,-22.274194717407227,-18.853317260742188,medium,8,train,seed8/medium/episode3/step0,16,1,no_mask
5,-26.813440322875977,-5.57970666885376,-12.743627548217773,medium,8,train,seed8/medium/episode3/step0,16,1,no_mask
1,-26.813440322875977,-16.29863166809082,-20.302532196044922,medium,8,train,seed8/medium/episode3/step0,16,2,no_mask
5,-26.813440322875977,-13.24433422088623,-16.312644958496094,medium,8,train,seed8/medium/episode3/step0,16,2,no_mask
5,-0.9851009249687195,-10.886966705322266,-19.51336669921875,medium,8,test,seed8/medium/episode17/step37,16,0,no_mask
5,-0.9851009249687195,-8.048867225646973,-17.061870574951172,medium,8,test,seed8/medium/episode17/step37,16,1,no_mask
2,-0.9851009249687195,-10.674211502075195,-17.164081573486328,medium,8,test,seed8/medium/episode17/step37,16,2,no_mask
3,-0.9851009249687195,-6.5601701736450195,-16.435409545898438,medium,8,test,seed8/medium/episode17/step37,16,2,no_mask
5,-0.9851009249687195,-10.049506187438965,-18.356395721435547,medium,8,test,seed8/medium/episode17/step37,16,2,no_mask
5,-48.39737319946289,-21.931419372558594,-21.153196334838867,medium,8,train,seed8/medium/episode6/step19,16,0,no_mask
5,-48.39737319946289,-14.924541473388672,-18.6962890625,medium,8,train,seed8/medium/episode6/step19,16,1,no_mask
0,-48.39737319946289,-13.654547691345215,-20.799055099487305,medium,8,train,seed8/medium/episode6/step19,16,2,no_mask
5,-48.39737319946289,-8.585113525390625,-18.72231101989746,medium,8,train,seed8/medium/episode6/step19,16,2,no_mask
5,-15.448270797729492,-10.367734909057617,-18.036279678344727,medium,8,train,seed8/medium/episode2/step20,16,0,no_mask
5,-15.448270797729492,-13.286519050598145,-15.639318466186523,medium,8,train,seed8/medium/episode2/step20,16,1,no_mask
2,-15.448270797729492,-13.715262413024902,-17.198625564575195,medium,8,train,seed8/medium/episode2/step20,16,2,no_mask
5,-15.448270797729492,-15.595102310180664,-16.6906681060791,medium,8,train,seed8/medium/episode2/step20,16,2,no_mask
5,-37.370094299316406,-8.017800331115723,-14.888726234436035,medium,8,test,seed8/medium/episode4/step15,16,0,no_mask
0,-37.370094299316406,-11.572137832641602,-22.01514434814453,medium,8,test,seed8/medium/episode4/step15,16,1,no_mask
1,-37.370094299316406,-5.1192755699157715,-17.971538543701172,medium,8,test,seed8/medium/episode4/step15,16,1,no_mask
2,-37.370094299316406,-4.75659704208374,-13.6193265914917,medium,8,test,seed8/medium/episode4/step15,16,1,no_mask
5,-37.370094299316406,-10.10085678100586,-11.164542198181152,medium,8,test,seed8/medium/episode4/step15,16,1,no_mask
5,-37.370094299316406,-14.092737197875977,-13.7877836227417,medium,8,test,seed8/medium/episode4/step15,16,2,no_mask
1,-37.51372528076172,-10.54308795928955,-16.126909255981445,medium,8,validation,seed8/medium/episode12/step14,16,0,no_mask
2,-37.51372528076172,-9.292527198791504,-14.916420936584473,medium,8,validation,seed8/medium/episode12/step14,16,0,no_mask
4,-37.51372528076172,-10.488576889038086,-14.890210151672363,medium,8,validation,seed8/medium/episode12/step14,16,0,no_mask
5,-37.51372528076172,-0.37721431255340576,-13.846961975097656,medium,8,validation,seed8/medium/episode12/step14,16,0,no_mask
0,-37.51372528076172,-11.632478713989258,-17.348400115966797,medium,8,validation,seed8/medium/episode12/step14,16,1,no_mask
1,-37.51372528076172,-13.118612289428711,-14.292618751525879,medium,8,validation,seed8/medium/episode12/step14,16,1,no_mask
4,-37.51372528076172,-10.281124114990234,-12.79918098449707,medium,8,validation,seed8/medium/episode12/step14,16,1,no_mask
5,-37.51372528076172,-11.875988006591797,-12.486088752746582,medium,8,validation,seed8/medium/episode12/step14,16,1,no_mask
5,-37.51372528076172,-9.637031555175781,-15.321256637573242,medium,8,validation,seed8/medium/episode12/step14,16,2,no_mask
0,-33.2150993347168,-33.374916076660156,-32.4200439453125,medium,8,train,seed8/medium/episode2/step15,16,0,no_mask
1,-33.2150993347168,-32.93619918823242,-27.541412353515625,medium,8,train,seed8/medium/episode2/step15,16,0,no_mask
2,-33.2150993347168,-26.554828643798828,-28.805023193359375,medium,8,train,seed8/medium/episode2/step15,16,0,no_mask
3,-33.2150993347168,-28.814056396484375,-32.758338928222656,medium,8,train,seed8/medium/episode2/step15,16,0,no_mask
4,-33.2150993347168,-33.07803726196289,-27.77117347717285,medium,8,train,seed8/medium/episode2/step15,16,0,no_mask
5,-33.2150993347168,-28.29136085510254,-26.421358108520508,medium,8,train,seed8/medium/episode2/step15,16,0,no_mask
0,-33.2150993347168,-34.90782165527344,-29.575626373291016,medium,8,train,seed8/medium/episode2/step15,16,1,no_mask
1,-33.2150993347168,-18.301359176635742,-24.29446792602539,medium,8,train,seed8/medium/episode2/step15,16,1,no_mask
2,-33.2150993347168,-28.205732345581055,-25.987545013427734,medium,8,train,seed8/medium/episode2/step15,16,1,no_mask
3,-33.2150993347168,-28.783782958984375,-29.714414596557617,medium,8,train,seed8/medium/episode2/step15,16,1,no_mask
5,-33.2150993347168,-25.361066818237305,-23.96664047241211,medium,8,train,seed8/medium/episode2/step15,16,1,no_mask
1,-33.2150993347168,-26.40006446838379,-26.66106605529785,medium,8,train,seed8/medium/episode2/step15,16,2,no_mask
5,-33.2150993347168,-27.37781524658203,-25.992935180664062,medium,8,train,seed8/medium/episode2/step15,16,2,no_mask
5,-7.551610946655273,-22.827241897583008,-24.010665893554688,medium,8,train,seed8/medium/episode7/step8,16,0,no_mask
2,-7.551610946655273,-20.074052810668945,-25.770572662353516,medium,8,train,seed8/medium/episode7/step8,16,1,no_mask
4,-7.551610946655273,-21.82307243347168,-22.073524475097656,medium,8,train,seed8/medium/episode7/step8,16,1,no_mask
5,-7.551610946655273,-19.989810943603516,-20.337554931640625,medium,8,train,seed8/medium/episode7/step8,16,1,no_mask
5,-7.551610946655273,-22.747802734375,-21.660259246826172,medium,8,train,seed8/medium/episode7/step8,16,2,no_mask
5,-42.05026626586914,-37.09263610839844,-9.059585571289062,medium,8,test,seed8/medium/episode11/step4,16,0,no_mask
0,-42.05026626586914,3.3420968055725098,-18.101612091064453,medium,8,test,seed8/medium/episode11/step4,16,1,no_mask
1,-42.05026626586914,-18.884119033813477,-18.33014678955078,medium,8,test,seed8/medium/episode11/step4,16,1,no_mask
2,-42.05026626586914,-16.048072814941406,-13.492886543273926,medium,8,test,seed8/medium/episode11/step4,16,1,no_mask
3,-42.05026626586914,-9.627930641174316,-10.919461250305176,medium,8,test,seed8/medium/episode11/step4,16,1,no_mask
5,-42.05026626586914,-17.162158966064453,-11.848453521728516,medium,8,test,seed8/medium/episode11/step4,16,1,no_mask
1,-42.05026626586914,11.115246772766113,-21.61727523803711,medium,8,test,seed8/medium/episode11/step4,16,2,no_mask
3,-42.05026626586914,11.115246772766113,-13.783886909484863,medium,8,test,seed8/medium/episode11/step4,16,2,no_mask
5,-42.05026626586914,0.1420089602470398,-15.04332447052002,medium,8,test,seed8/medium/episode11/step4,16,2,no_mask
0,-14.634188652038574,4.261696815490723,-10.936729431152344,time_pressure,8,train,seed8/time_pressure/episode17/step3,16,0,no_mask
2,-14.634188652038574,5.870260715484619,-9.615991592407227,time_pressure,8,train,seed8/time_pressure/episode17/step3,16,0,no_mask
4,-14.634188652038574,5.920765399932861,-7.8206939697265625,time_pressure,8,train,seed8/time_pressure/episode17/step3,16,0,no_mask
5,-14.634188652038574,10.429814338684082,-7.5319976806640625,time_pressure,8,train,seed8/time_pressure/episode17/step3,16,0,no_mask
2,-14.634188652038574,5.793713569641113,-8.019859313964844,time_pressure,8,train,seed8/time_pressure/episode17/step3,16,1,no_mask
4,-14.634188652038574,8.283580780029297,-6.31488037109375,time_pressure,8,train,seed8/time_pressure/episode17/step3,16,1,no_mask
5,-14.634188652038574,6.379310607910156,-6.212015151977539,time_pressure,8,train,seed8/time_pressure/episode17/step3,16,1,no_mask
2,-14.634188652038574,-6.383850574493408,-10.263028144836426,time_pressure,8,train,seed8/time_pressure/episode17/step3,16,2,no_mask
4,-14.634188652038574,-1.8439735174179077,-8.470869064331055,time_pressure,8,train,seed8/time_pressure/episode17/step3,16,2,no_mask
5,-14.634188652038574,-7.755964756011963,-8.628398895263672,time_pressure,8,train,seed8/time_pressure/episode17/step3,16,2,no_mask
5,-12.54377555847168,-14.145971298217773,-26.769561767578125,time_pressure,8,train,seed8/time_pressure/episode10/step7,16,0,no_mask
1,-12.54377555847168,-20.319665908813477,-29.95284652709961,time_pressure,8,train,seed8/time_pressure/episode10/step7,16,1,no_mask
2,-12.54377555847168,-22.443574905395508,-23.758020401000977,time_pressure,8,train,seed8/time_pressure/episode10/step7,16,1,no_mask
3,-12.54377555847168,-23.847597122192383,-21.144180297851562,time_pressure,8,train,seed8/time_pressure/episode10/step7,16,1,no_mask
4,-12.54377555847168,-27.918996810913086,-26.23774528503418,time_pressure,8,train,seed8/time_pressure/episode10/step7,16,1,no_mask
5,-12.54377555847168,-23.94202423095703,-21.8675594329834,time_pressure,8,train,seed8/time_pressure/episode10/step7,16,1,no_mask
3,-12.54377555847168,-14.289409637451172,-22.798131942749023,time_pressure,8,train,seed8/time_pressure/episode10/step7,16,2,no_mask
5,-12.54377555847168,-11.84142017364502,-23.517562866210938,time_pressure,8,train,seed8/time_pressure/episode10/step7,16,2,no_mask
0,-29.865127563476562,-25.640548706054688,-31.91635513305664,time_pressure,8,validation,seed8/time_pressure/episode0/step2,16,0,no_mask
1,-29.865127563476562,-12.728217124938965,-25.21942901611328,time_pressure,8,validation,seed8/time_pressure/episode0/step2,16,0,no_mask
3,-29.865127563476562,-15.205229759216309,-27.449275970458984,time_pressure,8,validation,seed8/time_pressure/episode0/step2,16,0,no_mask
5,-29.865127563476562,-1.150765061378479,-22.453174591064453,time_pressure,8,validation,seed8/time_pressure/episode0/step2,16,0,no_mask
0,-29.865127563476562,-28.93889808654785,-33.445884704589844,time_pressure,8,validation,seed8/time_pressure/episode0/step2,16,1,no_mask
1,-29.865127563476562,-26.039899826049805,-27.048137664794922,time_pressure,8,validation,seed8/time_pressure/episode0/step2,16,1,no_mask
2,-29.865127563476562,-26.815553665161133,-23.780803680419922,time_pressure,8,validation,seed8/time_pressure/episode0/step2,16,1,no_mask
4,-29.865127563476562,-25.309741973876953,-22.21106719970703,time_pressure,8,validation,seed8/time_pressure/episode0/step2,16,1,no_mask
5,-29.865127563476562,-23.81761360168457,-23.639305114746094,time_pressure,8,validation,seed8/time_pressure/episode0/step2,16,1,no_mask
1,-29.865127563476562,-30.156808853149414,-30.044612884521484,time_pressure,8,validation,seed8/time_pressure/episode0/step2,16,2,no_mask
5,-29.865127563476562,-19.129053115844727,-27.08531951904297,time_pressure,8,validation,seed8/time_pressure/episode0/step2,16,2,no_mask
5,-59.50522994995117,-74.36446380615234,-34.787322998046875,time_pressure,8,test,seed8/time_pressure/episode2/step18,16,0,no_mask
5,-59.50522994995117,-57.90886306762695,-32.39397430419922,time_pressure,8,test,seed8/time_pressure/episode2/step18,16,1,no_mask
0,-59.50522994995117,-61.32829284667969,-34.25670623779297,time_pressure,8,test,seed8/time_pressure/episode2/step18,16,2,no_mask
1,-59.50522994995117,-63.19756317138672,-38.9568977355957,time_pressure,8,test,seed8/time_pressure/episode2/step18,16,2,no_mask
3,-59.50522994995117,-53.538665771484375,-32.5252571105957,time_pressure,8,test,seed8/time_pressure/episode2/step18,16,2,no_mask
4,-59.50522994995117,-57.24195098876953,-32.46271514892578,time_pressure,8,test,seed8/time_pressure/episode2/step18,16,2,no_mask
5,-59.50522994995117,-65.06932067871094,-32.93353271484375,time_pressure,8,test,seed8/time_pressure/episode2/step18,16,2,no_mask
5,-32.757591247558594,8.118378639221191,-8.944802284240723,time_pressure,8,train,seed8/time_pressure/episode16/step22,16,0,no_mask
5,-32.757591247558594,-5.0014848709106445,-6.532218933105469,time_pressure,8,train,seed8/time_pressure/episode16/step22,16,1,no_mask
4,-32.757591247558594,22.540985107421875,-4.3920440673828125,time_pressure,8,train,seed8/time_pressure/episode16/step22,16,2,no_mask
5,-32.757591247558594,8.338809967041016,-7.886831283569336,time_pressure,8,train,seed8/time_pressure/episode16/step22,16,2,no_mask
5,-56.540401458740234,-56.82118606567383,-20.31302833557129,time_pressure,8,test,seed8/time_pressure/episode2/step15,16,0,no_mask
5,-56.540401458740234,-56.65013122558594,-23.452964782714844,time_pressure,8,test,seed8/time_pressure/episode2/step15,16,1,no_mask
0,-56.540401458740234,-53.21440887451172,-25.901464462280273,time_pressure,8,test,seed8/time_pressure/episode2/step15,16,2,no_mask
3,-56.540401458740234,-53.21440887451172,-24.141569137573242,time_pressure,8,test,seed8/time_pressure/episode2/step15,16,2,no_mask
4,-56.540401458740234,-53.21440887451172,-24.40890121459961,time_pressure,8,test,seed8/time_pressure/episode2/step15,16,2,no_mask
5,-56.540401458740234,-59.69396209716797,-23.926471710205078,time_pressure,8,test,seed8/time_pressure/episode2/step15,16,2,no_mask
0,-52.9025993347168,-32.12995529174805,-33.87120819091797,time_pressure,8,train,seed8/time_pressure/episode11/step16,16,0,no_mask
1,-52.9025993347168,-32.06916046142578,-31.766693115234375,time_pressure,8,train,seed8/time_pressure/episode11/step16,16,0,no_mask
2,-52.9025993347168,-26.168453216552734,-30.987991333007812,time_pressure,8,train,seed8/time_pressure/episode11/step16,16,0,no_mask
3,-52.9025993347168,-30.01949691772461,-29.771595001220703,time_pressure,8,train,seed8/time_pressure/episode11/step16,16,0,no_mask
4,-52.9025993347168,-28.768707275390625,-27.283838272094727,time_pressure,8,train,seed8/time_pressure/episode11/step16,16,0,no_mask
5,-52.9025993347168,-27.733718872070312,-29.45856285095215,time_pressure,8,train,seed8/time_pressure/episode11/step16,16,0,no_mask
5,-52.9025993347168,-15.674344062805176,-28.201723098754883,time_pressure,8,train,seed8/time_pressure/episode11/step16,16,1,no_mask
0,-52.9025993347168,-41.60237503051758,-32.920196533203125,time_pressure,8,train,seed8/time_pressure/episode11/step16,16,2,no_mask
1,-52.9025993347168,-49.2067756652832,-30.869121551513672,time_pressure,8,train,seed8/time_pressure/episode11/step16,16,2,no_mask
2,-52.9025993347168,-49.2067756652832,-30.898731231689453,time_pressure,8,train,seed8/time_pressure/episode11/step16,16,2,no_mask
4,-52.9025993347168,-49.2067756652832,-26.446443557739258,time_pressure,8,train,seed8/time_pressure/episode11/step16,16,2,no_mask
5,-52.9025993347168,-22.799285888671875,-28.994144439697266,time_pressure,8,train,seed8/time_pressure/episode11/step16,16,2,no_mask
0,-35.00529479980469,-41.886539459228516,-25.76439094543457,time_pressure,8,train,seed8/time_pressure/episode13/step0,16,0,no_mask
1,-35.00529479980469,-44.126991271972656,-24.74590492248535,time_pressure,8,train,seed8/time_pressure/episode13/step0,16,0,no_mask
3,-35.00529479980469,-44.727420806884766,-27.50995445251465,time_pressure,8,train,seed8/time_pressure/episode13/step0,16,0,no_mask
5,-35.00529479980469,-26.63924789428711,-19.70040512084961,time_pressure,8,train,seed8/time_pressure/episode13/step0,16,0,no_mask
1,-35.00529479980469,-34.4774169921875,-21.794429779052734,time_pressure,8,train,seed8/time_pressure/episode13/step0,16,1,no_mask
2,-35.00529479980469,-36.44472885131836,-21.089740753173828,time_pressure,8,train,seed8/time_pressure/episode13/step0,16,1,no_mask
3,-35.00529479980469,-36.44472885131836,-25.192522048950195,time_pressure,8,train,seed8/time_pressure/episode13/step0,16,1,no_mask
4,-35.00529479980469,-27.2710018157959,-18.938671112060547,time_pressure,8,train,seed8/time_pressure/episode13/step0,16,1,no_mask
5,-35.00529479980469,-19.675100326538086,-17.13922882080078,time_pressure,8,train,seed8/time_pressure/episode13/step0,16,1,no_mask
5,-35.00529479980469,-33.321475982666016,-20.794458389282227,time_pressure,8,train,seed8/time_pressure/episode13/step0,16,2,no_mask
5,10.870283126831055,-4.251091480255127,1.9892024993896484,time_pressure,8,train,seed8/time_pressure/episode9/step35,16,0,no_mask
5,10.870283126831055,-4.4449639320373535,4.19019889831543,time_pressure,8,train,seed8/time_pressure/episode9/step35,16,1,no_mask
4,10.870283126831055,-7.17270040512085,7.366613388061523,time_pressure,8,train,seed8/time_pressure/episode9/step35,16,2,no_mask
5,10.870283126831055,-11.856842041015625,2.8053836822509766,time_pressure,8,train,seed8/time_pressure/episode9/step35,16,2,no_mask
5,-14.520394325256348,1.8083842992782593,-8.836709976196289,time_pressure,8,train,seed8/time_pressure/episode15/step7,16,0,no_mask
4,-14.520394325256348,0.6055953502655029,-9.905070304870605,time_pressure,8,train,seed8/time_pressure/episode15/step7,16,1,no_mask
5,-14.520394325256348,9.040234565734863,-10.528038024902344,time_pressure,8,train,seed8/time_pressure/episode15/step7,16,1,no_mask
5,-14.520394325256348,-3.676816463470459,-13.31885814666748,time_pressure,8,train,seed8/time_pressure/episode15/step7,16,2,no_mask
5,-24.699077606201172,-21.053157806396484,-28.906570434570312,time_pressure,8,validation,seed8/time_pressure/episode12/step27,16,0,no_mask
5,-24.699077606201172,-16.328664779663086,-26.472078323364258,time_pressure,8,validation,seed8/time_pressure/episode12/step27,16,1,no_mask
0,-24.699077606201172,-19.209224700927734,-27.55257797241211,time_pressure,8,validation,seed8/time_pressure/episode12/step27,16,2,no_mask
1,-24.699077606201172,-21.68877410888672,-29.86084747314453,time_pressure,8,validation,seed8/time_pressure/episode12/step27,16,2,no_mask
4,-24.699077606201172,-17.343713760375977,-22.69603729248047,time_pressure,8,validation,seed8/time_pressure/episode12/step27,16,2,no_mask
5,-24.699077606201172,-25.950592041015625,-27.637752532958984,time_pressure,8,validation,seed8/time_pressure/episode12/step27,16,2,no_mask
5,-21.368650436401367,-26.50551414489746,-21.417776107788086,time_pressure,8,validation,seed8/time_pressure/episode8/step14,16,0,no_mask
1,-21.368650436401367,-10.095391273498535,-21.090290069580078,time_pressure,8,validation,seed8/time_pressure/episode8/step14,16,1,no_mask
2,-21.368650436401367,-4.6209540367126465,-19.227134704589844,time_pressure,8,validation,seed8/time_pressure/episode8/step14,16,1,no_mask
3,-21.368650436401367,-12.604879379272461,-17.522235870361328,time_pressure,8,validation,seed8/time_pressure/episode8/step14,16,1,no_mask
4,-21.368650436401367,-4.74187707901001,-13.545507431030273,time_pressure,8,validation,seed8/time_pressure/episode8/step14,16,1,no_mask
5,-21.368650436401367,-16.336193084716797,-16.51666259765625,time_pressure,8,validation,seed8/time_pressure/episode8/step14,16,1,no_mask
3,-21.368650436401367,-29.64705467224121,-21.390621185302734,time_pressure,8,validation,seed8/time_pressure/episode8/step14,16,2,no_mask
4,-21.368650436401367,-23.041860580444336,-17.88616943359375,time_pressure,8,validation,seed8/time_pressure/episode8/step14,16,2,no_mask
5,-21.368650436401367,-44.469058990478516,-20.86159324645996,time_pressure,8,validation,seed8/time_pressure/episode8/step14,16,2,no_mask
5,-39.77165603637695,-19.601375579833984,-11.954524993896484,time_pressure,8,test,seed8/time_pressure/episode13/step20,16,0,no_mask
1,-39.77165603637695,-24.61168098449707,-8.443531036376953,time_pressure,8,test,seed8/time_pressure/episode13/step20,16,1,no_mask
3,-39.77165603637695,-24.947572708129883,-8.659377098083496,time_pressure,8,test,seed8/time_pressure/episode13/step20,16,1,no_mask
4,-39.77165603637695,-14.33698558807373,-4.611961364746094,time_pressure,8,test,seed8/time_pressure/episode13/step20,16,1,no_mask
5,-39.77165603637695,-16.484954833984375,-7.120798110961914,time_pressure,8,test,seed8/time_pressure/episode13/step20,16,1,no_mask
1,-39.77165603637695,-4.6942291259765625,-11.746039390563965,time_pressure,8,test,seed8/time_pressure/episode13/step20,16,2,no_mask
3,-39.77165603637695,-4.431199550628662,-12.011716842651367,time_pressure,8,test,seed8/time_pressure/episode13/step20,16,2,no_mask
4,-39.77165603637695,-13.37242603302002,-7.646273612976074,time_pressure,8,test,seed8/time_pressure/episode13/step20,16,2,no_mask
5,-39.77165603637695,-23.988494873046875,-10.14658260345459,time_pressure,8,test,seed8/time_pressure/episode13/step20,16,2,no_mask
5,-16.282501220703125,-18.258764266967773,-22.51482582092285,time_pressure,8,train,seed8/time_pressure/episode8/step8,16,0,no_mask
1,-16.282501220703125,-35.11442565917969,-23.25454330444336,time_pressure,8,train,seed8/time_pressure/episode8/step8,16,1,no_mask
2,-16.282501220703125,-35.11442565917969,-22.316883087158203,time_pressure,8,train,seed8/time_pressure/episode8/step8,16,1,no_mask
3,-16.282501220703125,-35.05192565917969,-19.660680770874023,time_pressure,8,train,seed8/time_pressure/episode8/step8,16,1,no_mask
4,-16.282501220703125,-22.602405548095703,-15.526411056518555,time_pressure,8,train,seed8/time_pressure/episode8/step8,16,1,no_mask
5,-16.282501220703125,-20.62894058227539,-17.615291595458984,time_pressure,8,train,seed8/time_pressure/episode8/step8,16,1,no_mask
3,-16.282501220703125,-25.183115005493164,-22.354598999023438,time_pressure,8,train,seed8/time_pressure/episode8/step8,16,2,no_mask
4,-16.282501220703125,-13.778369903564453,-18.459259033203125,time_pressure,8,train,seed8/time_pressure/episode8/step8,16,2,no_mask
5,-16.282501220703125,-22.75790786743164,-20.76180076599121,time_pressure,8,train,seed8/time_pressure/episode8/step8,16,2,no_mask
5,-27.448820114135742,-9.9039945602417,-8.74196720123291,time_pressure,8,train,seed8/time_pressure/episode2/step31,16,0,no_mask
5,-27.448820114135742,-9.8414945602417,-6.46931266784668,time_pressure,8,train,seed8/time_pressure/episode2/step31,16,1,no_mask
2,-27.448820114135742,-12.16547679901123,-7.531552314758301,time_pressure,8,train,seed8/time_pressure/episode2/step31,16,2,no_mask
5,-27.448820114135742,-11.66547679901123,-8.373204231262207,time_pressure,8,train,seed8/time_pressure/episode2/step31,16,2,no_mask
0,-22.217601776123047,-51.579132080078125,-27.70433807373047,heterogeneity_pressure,8,validation,seed8/heterogeneity_pressure/episode10/step11,16,0,no_mask
1,-22.217601776123047,-34.912750244140625,-25.534317016601562,heterogeneity_pressure,8,validation,seed8/heterogeneity_pressure/episode10/step11,16,0,no_mask
2,-22.217601776123047,-27.975473403930664,-28.175874710083008,heterogeneity_pressure,8,validation,seed8/heterogeneity_pressure/episode10/step11,16,0,no_mask
4,-22.217601776123047,-54.25129318237305,-21.881385803222656,heterogeneity_pressure,8,validation,seed8/heterogeneity_pressure/episode10/step11,16,0,no_mask
5,-22.217601776123047,-26.837488174438477,-23.738136291503906,heterogeneity_pressure,8,validation,seed8/heterogeneity_pressure/episode10/step11,16,0,no_mask
5,-22.217601776123047,-64.74677276611328,-31.565006256103516,heterogeneity_pressure,8,validation,seed8/heterogeneity_pressure/episode10/step11,16,1,no_mask
1,-22.217601776123047,-24.677980422973633,-33.203643798828125,heterogeneity_pressure,8,validation,seed8/heterogeneity_pressure/episode10/step11,16,2,no_mask
5,-22.217601776123047,-50.53042221069336,-32.09377670288086,heterogeneity_pressure,8,validation,seed8/heterogeneity_pressure/episode10/step11,16,2,no_mask
0,-26.131437301635742,-30.500980377197266,-40.20158767700195,heterogeneity_pressure,8,train,seed8/heterogeneity_pressure/episode0/step1,16,0,no_mask
1,-26.131437301635742,-35.883544921875,-31.680818557739258,heterogeneity_pressure,8,train,seed8/heterogeneity_pressure/episode0/step1,16,0,no_mask
2,-26.131437301635742,-30.806915283203125,-33.20661926269531,heterogeneity_pressure,8,train,seed8/heterogeneity_pressure/episode0/step1,16,0,no_mask
4,-26.131437301635742,-32.82799530029297,-33.09176254272461,heterogeneity_pressure,8,train,seed8/heterogeneity_pressure/episode0/step1,16,0,no_mask
5,-26.131437301635742,-29.249675750732422,-28.948974609375,heterogeneity_pressure,8,train,seed8/heterogeneity_pressure/episode0/step1,16,0,no_mask
5,-26.131437301635742,-21.092615127563477,-22.122482299804688,heterogeneity_pressure,8,train,seed8/heterogeneity_pressure/episode0/step1,16,1,no_mask
5,-26.131437301635742,-32.49578857421875,-29.72275161743164,heterogeneity_pressure,8,train,seed8/heterogeneity_pressure/episode0/step1,16,2,no_mask
0,-23.031288146972656,-30.436260223388672,-23.87798309326172,heterogeneity_pressure,8,train,seed8/heterogeneity_pressure/episode1/step5,16,0,no_mask
1,-23.031288146972656,-30.843313217163086,-25.189884185791016,heterogeneity_pressure,8,train,seed8/heterogeneity_pressure/episode1/step5,16,0,no_mask
2,-23.031288146972656,-27.491342544555664,-25.580760955810547,heterogeneity_pressure,8,train,seed8/heterogeneity_pressure/episode1/step5,16,0,no_mask
3,-23.031288146972656,-28.615798950195312,-25.522600173950195,heterogeneity_pressure,8,train,seed8/heterogeneity_pressure/episode1/step5,16,0,no_mask
5,-23.031288146972656,-25.739112854003906,-21.033288955688477,heterogeneity_pressure,8,train,seed8/heterogeneity_pressure/episode1/step5,16,0,no_mask
5,-23.031288146972656,-15.78065299987793,-14.190529823303223,heterogeneity_pressure,8,train,seed8/heterogeneity_pressure/episode1/step5,16,1,no_mask
5,-23.031288146972656,-24.654285430908203,-20.675369262695312,heterogeneity_pressure,8,train,seed8/heterogeneity_pressure/episode1/step5,16,2,no_mask
5,-20.239990234375,-24.729141235351562,-6.279090881347656,heterogeneity_pressure,8,validation,seed8/heterogeneity_pressure/episode7/step14,16,0,no_mask
0,-20.239990234375,-39.66286849975586,-1.9475440979003906,heterogeneity_pressure,8,validation,seed8/heterogeneity_pressure/episode7/step14,16,1,no_mask
1,-20.239990234375,-48.14617919921875,-7.450839996337891,heterogeneity_pressure,8,validation,seed8/heterogeneity_pressure/episode7/step14,16,1,no_mask
2,-20.239990234375,-48.14617919921875,-3.6456756591796875,heterogeneity_pressure,8,validation,seed8/heterogeneity_pressure/episode7/step14,16,1,no_mask
3,-20.239990234375,-42.71379089355469,-3.633281707763672,heterogeneity_pressure,8,validation,seed8/heterogeneity_pressure/episode7/step14,16,1,no_mask
5,-20.239990234375,-34.807987213134766,-0.4586601257324219,heterogeneity_pressure,8,validation,seed8/heterogeneity_pressure/episode7/step14,16,1,no_mask
5,-20.239990234375,-41.03832244873047,-3.580373764038086,heterogeneity_pressure,8,validation,seed8/heterogeneity_pressure/episode7/step14,16,2,no_mask
5,-53.74814987182617,-15.408243179321289,-24.40449333190918,heterogeneity_pressure,8,train,seed8/heterogeneity_pressure/episode4/step41,16,0,no_mask
5,-53.74814987182617,-12.455791473388672,-21.88799285888672,heterogeneity_pressure,8,train,seed8/heterogeneity_pressure/episode4/step41,16,1,no_mask
2,-53.74814987182617,-13.761735916137695,-22.592205047607422,heterogeneity_pressure,8,train,seed8/heterogeneity_pressure/episode4/step41,16,2,no_mask
4,-53.74814987182617,-13.072408676147461,-17.09111976623535,heterogeneity_pressure,8,train,seed8/heterogeneity_pressure/episode4/step41,16,2,no_mask
5,-53.74814987182617,-13.733016967773438,-24.203861236572266,heterogeneity_pressure,8,train,seed8/heterogeneity_pressure/episode4/step41,16,2,no_mask
5,-44.25516128540039,-20.439416885375977,-33.07096481323242,heterogeneity_pressure,8,test,seed8/heterogeneity_pressure/episode4/step28,16,0,no_mask
5,-44.25516128540039,-16.284255981445312,-30.54237174987793,heterogeneity_pressure,8,test,seed8/heterogeneity_pressure/episode4/step28,16,1,no_mask
3,-44.25516128540039,-18.03166389465332,-29.681015014648438,heterogeneity_pressure,8,test,seed8/heterogeneity_pressure/episode4/step28,16,2,no_mask
4,-44.25516128540039,-25.132131576538086,-26.89529037475586,heterogeneity_pressure,8,test,seed8/heterogeneity_pressure/episode4/step28,16,2,no_mask
5,-44.25516128540039,-35.15403366088867,-31.87701416015625,heterogeneity_pressure,8,test,seed8/heterogeneity_pressure/episode4/step28,16,2,no_mask
5,4.426466464996338,2.1517786979675293,1.813253402709961,heterogeneity_pressure,8,test,seed8/heterogeneity_pressure/episode8/step41,16,0,no_mask
5,4.426466464996338,0.4348887801170349,4.123355865478516,heterogeneity_pressure,8,test,seed8/heterogeneity_pressure/episode8/step41,16,1,no_mask
0,4.426466464996338,-0.22265611588954926,1.7121849060058594,heterogeneity_pressure,8,test,seed8/heterogeneity_pressure/episode8/step41,16,2,no_mask
5,4.426466464996338,-0.23812775313854218,1.60040283203125,heterogeneity_pressure,8,test,seed8/heterogeneity_pressure/episode8/step41,16,2,no_mask
5,-20.031503677368164,-0.540927529335022,-7.62381649017334,heterogeneity_pressure,8,train,seed8/heterogeneity_pressure/episode5/step47,16,0,no_mask
5,-20.031503677368164,0.007023833692073822,-5.120326995849609,heterogeneity_pressure,8,train,seed8/heterogeneity_pressure/episode5/step47,16,1,no_mask
1,-20.031503677368164,-0.665927529335022,-7.3403425216674805,heterogeneity_pressure,8,train,seed8/heterogeneity_pressure/episode5/step47,16,2,no_mask
5,-20.031503677368164,-0.4459399878978729,-7.5092668533325195,heterogeneity_pressure,8,train,seed8/heterogeneity_pressure/episode5/step47,16,2,no_mask
5,-10.722909927368164,0.4606660008430481,-0.5276451110839844,heterogeneity_pressure,8,train,seed8/heterogeneity_pressure/episode2/step49,16,0,no_mask
5,-10.722909927368164,-0.10000000149011612,1.8503990173339844,heterogeneity_pressure,8,train,seed8/heterogeneity_pressure/episode2/step49,16,1,no_mask
4,-10.722909927368164,2.2676639556884766,6.928440093994141,heterogeneity_pressure,8,train,seed8/heterogeneity_pressure/episode2/step49,16,2,no_mask
5,-10.722909927368164,-0.10000000149011612,0.2671165466308594,heterogeneity_pressure,8,train,seed8/heterogeneity_pressure/episode2/step49,16,2,no_mask
1,-44.46287536621094,-45.17937088012695,-37.127750396728516,heterogeneity_pressure,8,train,seed8/heterogeneity_pressure/episode9/step3,16,0,no_mask
2,-44.46287536621094,-41.17977523803711,-31.33742904663086,heterogeneity_pressure,8,train,seed8/heterogeneity_pressure/episode9/step3,16,0,no_mask
4,-44.46287536621094,-45.592979431152344,-28.912857055664062,heterogeneity_pressure,8,train,seed8/heterogeneity_pressure/episode9/step3,16,0,no_mask
5,-44.46287536621094,-29.654233932495117,-30.196372985839844,heterogeneity_pressure,8,train,seed8/heterogeneity_pressure/episode9/step3,16,0,no_mask
1,-44.46287536621094,-33.3438720703125,-34.031768798828125,heterogeneity_pressure,8,train,seed8/heterogeneity_pressure/episode9/step3,16,1,no_mask
2,-44.46287536621094,-32.95407485961914,-28.377403259277344,heterogeneity_pressure,8,train,seed8/heterogeneity_pressure/episode9/step3,16,1,no_mask
4,-44.46287536621094,-29.453737258911133,-25.657148361206055,heterogeneity_pressure,8,train,seed8/heterogeneity_pressure/episode9/step3,16,1,no_mask
5,-44.46287536621094,-31.395183563232422,-27.580795288085938,heterogeneity_pressure,8,train,seed8/heterogeneity_pressure/episode9/step3,16,1,no_mask
5,-44.46287536621094,-34.88938522338867,-31.845928192138672,heterogeneity_pressure,8,train,seed8/heterogeneity_pressure/episode9/step3,16,2,no_mask
5,-42.721309661865234,-33.07182312011719,-28.688732147216797,heterogeneity_pressure,8,validation,seed8/heterogeneity_pressure/episode15/step15,16,0,no_mask
5,-42.721309661865234,-29.22667121887207,-26.168031692504883,heterogeneity_pressure,8,validation,seed8/heterogeneity_pressure/episode15/step15,16,1,no_mask
1,-42.721309661865234,-35.59503173828125,-30.35689353942871,heterogeneity_pressure,8,validation,seed8/heterogeneity_pressure/episode15/step15,16,2,no_mask
5,-42.721309661865234,-36.510955810546875,-26.31836700439453,heterogeneity_pressure,8,validation,seed8/heterogeneity_pressure/episode15/step15,16,2,no_mask
5,-41.89836502075195,-28.442615509033203,-30.28940200805664,heterogeneity_pressure,8,train,seed8/heterogeneity_pressure/episode9/step12,16,0,no_mask
0,-41.89836502075195,-24.136560440063477,-29.52983283996582,heterogeneity_pressure,8,train,seed8/heterogeneity_pressure/episode9/step12,16,1,no_mask
1,-41.89836502075195,-19.18574333190918,-29.941818237304688,heterogeneity_pressure,8,train,seed8/heterogeneity_pressure/episode9/step12,16,1,no_mask
3,-41.89836502075195,-23.005014419555664,-27.30306053161621,heterogeneity_pressure,8,train,seed8/heterogeneity_pressure/episode9/step12,16,1,no_mask
4,-41.89836502075195,-24.436819076538086,-21.2103214263916,heterogeneity_pressure,8,train,seed8/heterogeneity_pressure/episode9/step12,16,1,no_mask
5,-41.89836502075195,-19.98539924621582,-25.229736328125,heterogeneity_pressure,8,train,seed8/heterogeneity_pressure/episode9/step12,16,1,no_mask
4,-41.89836502075195,-29.748361587524414,-23.951534271240234,heterogeneity_pressure,8,train,seed8/heterogeneity_pressure/episode9/step12,16,2,no_mask
5,-41.89836502075195,-32.11484909057617,-27.87771987915039,heterogeneity_pressure,8,train,seed8/heterogeneity_pressure/episode9/step12,16,2,no_mask
5,-14.050912857055664,-0.8201633095741272,-7.231487274169922,heterogeneity_pressure,8,train,seed8/heterogeneity_pressure/episode5/step40,16,0,no_mask
5,-14.050912857055664,-1.115088939666748,-4.711219787597656,heterogeneity_pressure,8,train,seed8/heterogeneity_pressure/episode5/step40,16,1,no_mask
1,-14.050912857055664,-1.3136887550354004,-7.135947227478027,heterogeneity_pressure,8,train,seed8/heterogeneity_pressure/episode5/step40,16,2,no_mask
5,-14.050912857055664,-1.5664178133010864,-6.0895233154296875,heterogeneity_pressure,8,train,seed8/heterogeneity_pressure/episode5/step40,16,2,no_mask
5,-41.35121154785156,-18.37588882446289,-15.59091854095459,heterogeneity_pressure,8,train,seed8/heterogeneity_pressure/episode3/step30,16,0,no_mask
5,-41.35121154785156,-20.48017120361328,-13.00550365447998,heterogeneity_pressure,8,train,seed8/heterogeneity_pressure/episode3/step30,16,1,no_mask
3,-41.35121154785156,-22.882488250732422,-15.061203002929688,heterogeneity_pressure,8,train,seed8/heterogeneity_pressure/episode3/step30,16,2,no_mask
5,-41.35121154785156,-23.39225959777832,-14.136240005493164,heterogeneity_pressure,8,train,seed8/heterogeneity_pressure/episode3/step30,16,2,no_mask
5,-13.094359397888184,-29.47755241394043,-30.952537536621094,heterogeneity_pressure,8,test,seed8/heterogeneity_pressure/episode16/step11,16,0,no_mask
0,-13.094359397888184,-37.5859489440918,-36.13849639892578,heterogeneity_pressure,8,test,seed8/heterogeneity_pressure/episode16/step11,16,1,no_mask
1,-13.094359397888184,-27.50814437866211,-34.42967987060547,heterogeneity_pressure,8,test,seed8/heterogeneity_pressure/episode16/step11,16,1,no_mask
4,-13.094359397888184,-35.097530364990234,-27.35481071472168,heterogeneity_pressure,8,test,seed8/heterogeneity_pressure/episode16/step11,16,1,no_mask
5,-13.094359397888184,-42.76420211791992,-27.127519607543945,heterogeneity_pressure,8,test,seed8/heterogeneity_pressure/episode16/step11,16,1,no_mask
4,-13.094359397888184,-35.98424530029297,-29.754344940185547,heterogeneity_pressure,8,test,seed8/heterogeneity_pressure/episode16/step11,16,2,no_mask
5,-13.094359397888184,-31.61025619506836,-30.010398864746094,heterogeneity_pressure,8,test,seed8/heterogeneity_pressure/episode16/step11,16,2,no_mask
5,-35.68598556518555,-55.87950897216797,-20.982240676879883,medium,10,validation,seed10/medium/episode7/step5,16,0,no_mask
0,-35.68598556518555,-60.30918502807617,-28.35291290283203,medium,10,validation,seed10/medium/episode7/step5,16,1,no_mask
1,-35.68598556518555,-55.957305908203125,-28.813648223876953,medium,10,validation,seed10/medium/episode7/step5,16,1,no_mask
2,-35.68598556518555,-55.957305908203125,-29.559955596923828,medium,10,validation,seed10/medium/episode7/step5,16,1,no_mask
3,-35.68598556518555,-60.55872344970703,-26.002063751220703,medium,10,validation,seed10/medium/episode7/step5,16,1,no_mask
4,-35.68598556518555,-55.957305908203125,-24.134035110473633,medium,10,validation,seed10/medium/episode7/step5,16,1,no_mask
5,-35.68598556518555,-52.83570098876953,-22.79239273071289,medium,10,validation,seed10/medium/episode7/step5,16,1,no_mask
0,-35.68598556518555,-66.3775863647461,-38.542850494384766,medium,10,validation,seed10/medium/episode7/step5,16,2,no_mask
3,-35.68598556518555,-66.3775863647461,-36.426395416259766,medium,10,validation,seed10/medium/episode7/step5,16,2,no_mask
5,-35.68598556518555,-47.52043533325195,-33.52901077270508,medium,10,validation,seed10/medium/episode7/step5,16,2,no_mask
5,-41.86380386352539,-31.02754020690918,-18.33069610595703,medium,10,train,seed10/medium/episode15/step24,16,0,no_mask
5,-41.86380386352539,-26.491273880004883,-15.944252967834473,medium,10,train,seed10/medium/episode15/step24,16,1,no_mask
0,-41.86380386352539,-23.024757385253906,-22.345001220703125,medium,10,train,seed10/medium/episode15/step24,16,2,no_mask
1,-41.86380386352539,-22.034337997436523,-20.17500114440918,medium,10,train,seed10/medium/episode15/step24,16,2,no_mask
3,-41.86380386352539,-22.377193450927734,-19.229389190673828,medium,10,train,seed10/medium/episode15/step24,16,2,no_mask
5,-41.86380386352539,-24.454883575439453,-18.353944778442383,medium,10,train,seed10/medium/episode15/step24,16,2,no_mask
4,-15.354440689086914,-2.157315969467163,6.523845672607422,medium,10,train,seed10/medium/episode1/step16,16,0,no_mask
5,-15.354440689086914,-3.736421585083008,10.112266540527344,medium,10,train,seed10/medium/episode1/step16,16,0,no_mask
5,-15.354440689086914,-10.530824661254883,2.050046920776367,medium,10,train,seed10/medium/episode1/step16,16,1,no_mask
5,-15.354440689086914,-13.574185371398926,2.2549896240234375,medium,10,train,seed10/medium/episode1/step16,16,2,no_mask
5,-55.76152038574219,-31.1512451171875,-34.59503936767578,medium,10,train,seed10/medium/episode10/step22,16,0,no_mask
5,-55.76152038574219,-32.70480728149414,-32.21025466918945,medium,10,train,seed10/medium/episode10/step22,16,1,no_mask
1,-55.76152038574219,-22.69593048095703,-34.715049743652344,medium,10,train,seed10/medium/episode10/step22,16,2,no_mask
3,-55.76152038574219,-25.175235748291016,-35.251956939697266,medium,10,train,seed10/medium/episode10/step22,16,2,no_mask
4,-55.76152038574219,-22.688711166381836,-30.110225677490234,medium,10,train,seed10/medium/episode10/step22,16,2,no_mask
5,-55.76152038574219,-27.154003143310547,-34.10487747192383,medium,10,train,seed10/medium/episode10/step22,16,2,no_mask
5,-50.72065734863281,-19.28573989868164,-31.88025665283203,medium,10,train,seed10/medium/episode8/step18,16,0,no_mask
5,-50.72065734863281,-17.641267776489258,-29.442840576171875,medium,10,train,seed10/medium/episode8/step18,16,1,no_mask
3,-50.72065734863281,-20.39323616027832,-29.60796356201172,medium,10,train,seed10/medium/episode8/step18,16,2,no_mask
5,-50.72065734863281,-18.16260528564453,-29.603639602661133,medium,10,train,seed10/medium/episode8/step18,16,2,no_mask
5,-40.21684265136719,-1.3780397176742554,-7.913008689880371,medium,10,test,seed10/medium/episode5/step26,16,0,no_mask
5,-40.21684265136719,-1.896801233291626,-5.570711135864258,medium,10,test,seed10/medium/episode5/step26,16,1,no_mask
3,-40.21684265136719,-1.8980512619018555,-10.135649681091309,medium,10,test,seed10/medium/episode5/step26,16,2,no_mask
5,-40.21684265136719,-1.9039369821548462,-8.508417129516602,medium,10,test,seed10/medium/episode5/step26,16,2,no_mask
0,-38.125389099121094,-22.54469108581543,-29.764339447021484,medium,10,test,seed10/medium/episode4/step0,16,0,no_mask
1,-38.125389099121094,-28.730648040771484,-30.11078643798828,medium,10,test,seed10/medium/episode4/step0,16,0,no_mask
2,-38.125389099121094,-34.44580841064453,-33.01234436035156,medium,10,test,seed10/medium/episode4/step0,16,0,no_mask
5,-38.125389099121094,-28.73064613342285,-24.292980194091797,medium,10,test,seed10/medium/episode4/step0,16,0,no_mask
0,-38.125389099121094,-20.424787521362305,-27.922771453857422,medium,10,test,seed10/medium/episode4/step0,16,1,no_mask
1,-38.125389099121094,-23.55385398864746,-27.866628646850586,medium,10,test,seed10/medium/episode4/step0,16,1,no_mask
2,-38.125389099121094,-23.55385398864746,-30.666915893554688,medium,10,test,seed10/medium/episode4/step0,16,1,no_mask
5,-38.125389099121094,-17.332595825195312,-21.848485946655273,medium,10,test,seed10/medium/episode4/step0,16,1,no_mask
5,-38.125389099121094,-14.990696907043457,-25.45064926147461,medium,10,test,seed10/medium/episode4/step0,16,2,no_mask
1,-43.29454803466797,-24.99823570251465,-39.439239501953125,medium,10,train,seed10/medium/episode10/step5,16,0,no_mask
2,-43.29454803466797,-27.326887130737305,-40.523868560791016,medium,10,train,seed10/medium/episode10/step5,16,0,no_mask
4,-43.29454803466797,-27.326887130737305,-35.91065979003906,medium,10,train,seed10/medium/episode10/step5,16,0,no_mask
5,-43.29454803466797,-26.53093147277832,-35.7681770324707,medium,10,train,seed10/medium/episode10/step5,16,0,no_mask
5,-43.29454803466797,-31.026714324951172,-29.42984390258789,medium,10,train,seed10/medium/episode10/step5,16,1,no_mask
5,-43.29454803466797,-21.823978424072266,-35.06248092651367,medium,10,train,seed10/medium/episode10/step5,16,2,no_mask
5,-52.20142364501953,-14.420633316040039,-26.346965789794922,medium,10,test,seed10/medium/episode8/step30,16,0,no_mask
5,-52.20142364501953,-15.110915184020996,-23.90057945251465,medium,10,test,seed10/medium/episode8/step30,16,1,no_mask
4,-52.20142364501953,-15.294081687927246,-22.871994018554688,medium,10,test,seed10/medium/episode8/step30,16,2,no_mask
5,-52.20142364501953,-15.901695251464844,-26.12014389038086,medium,10,test,seed10/medium/episode8/step30,16,2,no_mask
1,-36.333717346191406,-24.703922271728516,-23.597705841064453,medium,10,validation,seed10/medium/episode11/step2,16,0,no_mask
2,-36.333717346191406,-25.797178268432617,-19.28769302368164,medium,10,validation,seed10/medium/episode11/step2,16,0,no_mask
3,-36.333717346191406,-26.191118240356445,-24.942228317260742,medium,10,validation,seed10/medium/episode11/step2,16,0,no_mask
5,-36.333717346191406,-26.371273040771484,-16.038761138916016,medium,10,validation,seed10/medium/episode11/step2,16,0,no_mask
2,-36.333717346191406,-18.616596221923828,-18.261463165283203,medium,10,validation,seed10/medium/episode11/step2,16,1,no_mask
4,-36.333717346191406,-20.727283477783203,-14.489293098449707,medium,10,validation,seed10/medium/episode11/step2,16,1,no_mask
5,-36.333717346191406,-20.96011734008789,-14.739384651184082,medium,10,validation,seed10/medium/episode11/step2,16,1,no_mask
5,-36.333717346191406,-14.309948921203613,-16.403703689575195,medium,10,validation,seed10/medium/episode11/step2,16,2,no_mask
5,-54.48463439941406,-39.168922424316406,-28.479265213012695,medium,10,train,seed10/medium/episode3/step17,16,0,no_mask
5,-54.48463439941406,-36.869503021240234,-26.018978118896484,medium,10,train,seed10/medium/episode3/step17,16,1,no_mask
1,-54.48463439941406,-30.206525802612305,-30.425582885742188,medium,10,train,seed10/medium/episode3/step17,16,2,no_mask
5,-54.48463439941406,-30.34027862548828,-28.564674377441406,medium,10,train,seed10/medium/episode3/step17,16,2,no_mask
5,-51.40619659423828,-14.173257827758789,-15.874046325683594,medium,10,train,seed10/medium/episode12/step3,16,0,no_mask
0,-51.40619659423828,-15.643163681030273,-24.418888092041016,medium,10,train,seed10/medium/episode12/step3,16,1,no_mask
1,-51.40619659423828,-21.415624618530273,-26.215316772460938,medium,10,train,seed10/medium/episode12/step3,16,1,no_mask
2,-51.40619659423828,-16.50662612915039,-23.803997039794922,medium,10,train,seed10/medium/episode12/step3,16,1,no_mask
4,-51.40619659423828,-17.357559204101562,-22.021381378173828,medium,10,train,seed10/medium/episode12/step3,16,1,no_mask
5,-51.40619659423828,-25.153074264526367,-18.708759307861328,medium,10,train,seed10/medium/episode12/step3,16,1,no_mask
5,-51.40619659423828,-24.997943878173828,-20.435333251953125,medium,10,train,seed10/medium/episode12/step3,16,2,no_mask
5,-31.546545028686523,-9.02413272857666,-12.403722763061523,medium,10,train,seed10/medium/episode5/step12,16,0,no_mask
5,-31.546545028686523,-14.530287742614746,-10.035466194152832,medium,10,train,seed10/medium/episode5/step12,16,1,no_mask
3,-31.546545028686523,-9.952210426330566,-13.09975528717041,medium,10,train,seed10/medium/episode5/step12,16,2,no_mask
5,-31.546545028686523,-1.920183777809143,-9.987791061401367,medium,10,train,seed10/medium/episode5/step12,16,2,no_mask
5,-37.825347900390625,1.0332249402999878,-32.21880340576172,medium,10,validation,seed10/medium/episode9/step13,16,0,no_mask
5,-37.825347900390625,-0.4318791627883911,-29.83761215209961,medium,10,validation,seed10/medium/episode9/step13,16,1,no_mask
1,-37.825347900390625,-4.53907585144043,-29.94190216064453,medium,10,validation,seed10/medium/episode9/step13,16,2,no_mask
5,-37.825347900390625,-4.579248905181885,-30.640657424926758,medium,10,validation,seed10/medium/episode9/step13,16,2,no_mask
5,-11.840337753295898,7.620176315307617,11.251293182373047,medium,10,train,seed10/medium/episode1/step40,16,0,no_mask
5,-11.840337753295898,7.128280162811279,13.243492126464844,medium,10,train,seed10/medium/episode1/step40,16,1,no_mask
1,-11.840337753295898,6.893083572387695,12.177970886230469,medium,10,train,seed10/medium/episode1/step40,16,2,no_mask
5,-11.840337753295898,3.765859365463257,13.158084869384766,medium,10,train,seed10/medium/episode1/step40,16,2,no_mask
0,-32.780826568603516,-36.680728912353516,-16.981595993041992,time_pressure,10,train,seed10/time_pressure/episode17/step4,16,0,no_mask
1,-32.780826568603516,-18.68159294128418,-15.504892349243164,time_pressure,10,train,seed10/time_pressure/episode17/step4,16,0,no_mask
2,-32.780826568603516,-6.104510307312012,-14.30007266998291,time_pressure,10,train,seed10/time_pressure/episode17/step4,16,0,no_mask
3,-32.780826568603516,-21.79892921447754,-13.438776969909668,time_pressure,10,train,seed10/time_pressure/episode17/step4,16,0,no_mask
4,-32.780826568603516,-29.252639770507812,-12.188077926635742,time_pressure,10,train,seed10/time_pressure/episode17/step4,16,0,no_mask
5,-32.780826568603516,-28.6420955657959,-12.830442428588867,time_pressure,10,train,seed10/time_pressure/episode17/step4,16,0,no_mask
0,-32.780826568603516,0.32874318957328796,-14.981856346130371,time_pressure,10,train,seed10/time_pressure/episode17/step4,16,1,no_mask
1,-32.780826568603516,0.32874318957328796,-13.189632415771484,time_pressure,10,train,seed10/time_pressure/episode17/step4,16,1,no_mask
2,-32.780826568603516,12.691333770751953,-11.226191520690918,time_pressure,10,train,seed10/time_pressure/episode17/step4,16,1,no_mask
3,-32.780826568603516,0.47014516592025757,-10.867670059204102,time_pressure,10,train,seed10/time_pressure/episode17/step4,16,1,no_mask
4,-32.780826568603516,13.072425842285156,-9.109527587890625,time_pressure,10,train,seed10/time_pressure/episode17/step4,16,1,no_mask
5,-32.780826568603516,-16.217052459716797,-10.397750854492188,time_pressure,10,train,seed10/time_pressure/episode17/step4,16,1,no_mask
2,-32.780826568603516,-8.995748519897461,-14.34380054473877,time_pressure,10,train,seed10/time_pressure/episode17/step4,16,2,no_mask
3,-32.780826568603516,-8.37341594696045,-13.277278900146484,time_pressure,10,train,seed10/time_pressure/episode17/step4,16,2,no_mask
5,-32.780826568603516,-8.69400405883789,-13.065723419189453,time_pressure,10,train,seed10/time_pressure/episode17/step4,16,2,no_mask
5,-12.364377975463867,-0.23333290219306946,-16.492565155029297,time_pressure,10,train,seed10/time_pressure/episode2/step16,16,0,no_mask
5,-12.364377975463867,-20.81153106689453,-13.986629486083984,time_pressure,10,train,seed10/time_pressure/episode2/step16,16,1,no_mask
4,-12.364377975463867,-4.30639123916626,-11.820940971374512,time_pressure,10,train,seed10/time_pressure/episode2/step16,16,2,no_mask
5,-12.364377975463867,-1.2189213037490845,-15.096824645996094,time_pressure,10,train,seed10/time_pressure/episode2/step16,16,2,no_mask
0,-33.68705749511719,-38.635337829589844,-23.13846206665039,time_pressure,10,test,seed10/time_pressure/episode13/step2,16,0,no_mask
2,-33.68705749511719,-32.22697830200195,-22.39774513244629,time_pressure,10,test,seed10/time_pressure/episode13/step2,16,0,no_mask
4,-33.68705749511719,-33.35552215576172,-20.354183197021484,time_pressure,10,test,seed10/time_pressure/episode13/step2,16,0,no_mask
5,-33.68705749511719,-31.707569122314453,-18.600078582763672,time_pressure,10,test,seed10/time_pressure/episode13/step2,16,0,no_mask
1,-33.68705749511719,-24.88421058654785,-21.75217056274414,time_pressure,10,test,seed10/time_pressure/episode13/step2,16,1,no_mask
2,-33.68705749511719,-24.577547073364258,-19.34079360961914,time_pressure,10,test,seed10/time_pressure/episode13/step2,16,1,no_mask
5,-33.68705749511719,-24.018342971801758,-14.972417831420898,time_pressure,10,test,seed10/time_pressure/episode13/step2,16,1,no_mask
5,-33.68705749511719,-30.824386596679688,-17.734752655029297,time_pressure,10,test,seed10/time_pressure/episode13/step2,16,2,no_mask
5,-33.07527542114258,-39.6837272644043,-25.141361236572266,time_pressure,10,train,seed10/time_pressure/episode7/step9,16,0,no_mask
1,-33.07527542114258,-26.42143440246582,-25.701478958129883,time_pressure,10,train,seed10/time_pressure/episode7/step9,16,1,no_mask
2,-33.07527542114258,-36.100372314453125,-24.413673400878906,time_pressure,10,train,seed10/time_pressure/episode7/step9,16,1,no_mask
4,-33.07527542114258,-26.61481475830078,-21.770353317260742,time_pressure,10,train,seed10/time_pressure/episode7/step9,16,1,no_mask
5,-33.07527542114258,-36.14894485473633,-21.355649948120117,time_pressure,10,train,seed10/time_pressure/episode7/step9,16,1,no_mask
1,-33.07527542114258,-46.95102310180664,-37.421356201171875,time_pressure,10,train,seed10/time_pressure/episode7/step9,16,2,no_mask
5,-33.07527542114258,-42.86922836303711,-33.509761810302734,time_pressure,10,train,seed10/time_pressure/episode7/step9,16,2,no_mask
1,-29.5692138671875,-21.90455436706543,-28.523412704467773,time_pressure,10,train,seed10/time_pressure/episode6/step2,16,0,no_mask
3,-29.5692138671875,-23.093769073486328,-23.365161895751953,time_pressure,10,train,seed10/time_pressure/episode6/step2,16,0,no_mask
4,-29.5692138671875,-21.747642517089844,-23.09081268310547,time_pressure,10,train,seed10/time_pressure/episode6/step2,16,0,no_mask
5,-29.5692138671875,-24.489959716796875,-22.68684196472168,time_pressure,10,train,seed10/time_pressure/episode6/step2,16,0,no_mask
1,-29.5692138671875,-26.203153610229492,-25.527219772338867,time_pressure,10,train,seed10/time_pressure/episode6/step2,16,1,no_mask
3,-29.5692138671875,-26.203153610229492,-19.976165771484375,time_pressure,10,train,seed10/time_pressure/episode6/step2,16,1,no_mask
5,-29.5692138671875,-28.36974334716797,-19.12847137451172,time_pressure,10,train,seed10/time_pressure/episode6/step2,16,1,no_mask
5,-29.5692138671875,-34.7044792175293,-26.557493209838867,time_pressure,10,train,seed10/time_pressure/episode6/step2,16,2,no_mask
5,-44.84532165527344,-17.421295166015625,-52.97300720214844,time_pressure,10,train,seed10/time_pressure/episode16/step9,16,0,no_mask
5,-44.84532165527344,-65.22337341308594,-50.76292037963867,time_pressure,10,train,seed10/time_pressure/episode16/step9,16,1,no_mask
0,-44.84532165527344,-73.95187377929688,-56.83063507080078,time_pressure,10,train,seed10/time_pressure/episode16/step9,16,2,no_mask
1,-44.84532165527344,-65.7739028930664,-53.83977508544922,time_pressure,10,train,seed10/time_pressure/episode16/step9,16,2,no_mask
4,-44.84532165527344,-71.34691619873047,-49.56769561767578,time_pressure,10,train,seed10/time_pressure/episode16/step9,16,2,no_mask
5,-44.84532165527344,-70.97869873046875,-52.59843444824219,time_pressure,10,train,seed10/time_pressure/episode16/step9,16,2,no_mask
5,-46.35187911987305,-77.09550476074219,-53.23649978637695,time_pressure,10,train,seed10/time_pressure/episode16/step10,16,0,no_mask
5,-46.35187911987305,-59.04667663574219,-51.028255462646484,time_pressure,10,train,seed10/time_pressure/episode16/step10,16,1,no_mask
0,-46.35187911987305,-82.70098114013672,-57.15815353393555,time_pressure,10,train,seed10/time_pressure/episode16/step10,16,2,no_mask
1,-46.35187911987305,-66.52872467041016,-54.26884460449219,time_pressure,10,train,seed10/time_pressure/episode16/step10,16,2,no_mask
4,-46.35187911987305,-72.26375579833984,-50.008827209472656,time_pressure,10,train,seed10/time_pressure/episode16/step10,16,2,no_mask
5,-46.35187911987305,-72.59828186035156,-53.18009948730469,time_pressure,10,train,seed10/time_pressure/episode16/step10,16,2,no_mask
5,-30.79086685180664,-8.568219184875488,-22.944591522216797,time_pressure,10,validation,seed10/time_pressure/episode15/step14,16,0,no_mask
5,-30.79086685180664,-12.198286056518555,-20.424428939819336,time_pressure,10,validation,seed10/time_pressure/episode15/step14,16,1,no_mask
1,-30.79086685180664,-6.0362982749938965,-27.535720825195312,time_pressure,10,validation,seed10/time_pressure/episode15/step14,16,2,no_mask
5,-30.79086685180664,-6.082505226135254,-21.877038955688477,time_pressure,10,validation,seed10/time_pressure/episode15/step14,16,2,no_mask
5,-35.37253189086914,-51.63031005859375,-29.57368278503418,time_pressure,10,test,seed10/time_pressure/episode7/step12,16,0,no_mask
5,-35.37253189086914,-48.780174255371094,-27.085832595825195,time_pressure,10,test,seed10/time_pressure/episode7/step12,16,1,no_mask
1,-35.37253189086914,-43.77391815185547,-33.25043869018555,time_pressure,10,test,seed10/time_pressure/episode7/step12,16,2,no_mask
4,-35.37253189086914,-35.68687057495117,-29.13514518737793,time_pressure,10,test,seed10/time_pressure/episode7/step12,16,2,no_mask
5,-35.37253189086914,-43.95708465576172,-29.641212463378906,time_pressure,10,test,seed10/time_pressure/episode7/step12,16,2,no_mask
5,-54.286766052246094,-49.65937805175781,-46.16720199584961,time_pressure,10,train,seed10/time_pressure/episode4/step12,16,0,no_mask
5,-54.286766052246094,-61.54647445678711,-43.861270904541016,time_pressure,10,train,seed10/time_pressure/episode4/step12,16,1,no_mask
2,-54.286766052246094,-65.97720336914062,-46.01961135864258,time_pressure,10,train,seed10/time_pressure/episode4/step12,16,2,no_mask
3,-54.286766052246094,-70.48692321777344,-49.15403747558594,time_pressure,10,train,seed10/time_pressure/episode4/step12,16,2,no_mask
5,-54.286766052246094,-65.97906494140625,-46.39496612548828,time_pressure,10,train,seed10/time_pressure/episode4/step12,16,2,no_mask
5,-13.580699920654297,-43.26108932495117,-29.741365432739258,time_pressure,10,validation,seed10/time_pressure/episode10/step14,16,0,no_mask
5,-13.580699920654297,-36.904335021972656,-27.23933982849121,time_pressure,10,validation,seed10/time_pressure/episode10/step14,16,1,no_mask
1,-13.580699920654297,-37.1174430847168,-34.14202117919922,time_pressure,10,validation,seed10/time_pressure/episode10/step14,16,2,no_mask
5,-13.580699920654297,-33.564735412597656,-28.76835823059082,time_pressure,10,validation,seed10/time_pressure/episode10/step14,16,2,no_mask
5,-10.575489044189453,-17.48856544494629,-28.12692642211914,time_pressure,10,validation,seed10/time_pressure/episode10/step8,16,0,no_mask
5,-10.575489044189453,-14.4224853515625,-25.640079498291016,time_pressure,10,validation,seed10/time_pressure/episode10/step8,16,1,no_mask
1,-10.575489044189453,-18.692123413085938,-32.91942596435547,time_pressure,10,validation,seed10/time_pressure/episode10/step8,16,2,no_mask
5,-10.575489044189453,-18.807222366333008,-25.74978256225586,time_pressure,10,validation,seed10/time_pressure/episode10/step8,16,2,no_mask
1,-28.793285369873047,-31.893980026245117,-21.440359115600586,time_pressure,10,train,seed10/time_pressure/episode3/step7,16,0,no_mask
2,-28.793285369873047,-30.205974578857422,-20.194738388061523,time_pressure,10,train,seed10/time_pressure/episode3/step7,16,0,no_mask
5,-28.793285369873047,-24.612285614013672,-17.435949325561523,time_pressure,10,train,seed10/time_pressure/episode3/step7,16,0,no_mask
5,-28.793285369873047,-1.5589079856872559,-9.963214874267578,time_pressure,10,train,seed10/time_pressure/episode3/step7,16,1,no_mask
1,-28.793285369873047,-20.561504364013672,-20.155405044555664,time_pressure,10,train,seed10/time_pressure/episode3/step7,16,2,no_mask
5,-28.793285369873047,-20.661182403564453,-16.788558959960938,time_pressure,10,train,seed10/time_pressure/episode3/step7,16,2,no_mask
5,-57.466217041015625,-46.90613555908203,-30.022329330444336,time_pressure,10,train,seed10/time_pressure/episode11/step26,16,0,no_mask
5,-57.466217041015625,-32.320556640625,-27.588409423828125,time_pressure,10,train,seed10/time_pressure/episode11/step26,16,1,no_mask
2,-57.466217041015625,-40.386505126953125,-31.01880645751953,time_pressure,10,train,seed10/time_pressure/episode11/step26,16,2,no_mask
3,-57.466217041015625,-40.386505126953125,-28.365270614624023,time_pressure,10,train,seed10/time_pressure/episode11/step26,16,2,no_mask
4,-57.466217041015625,-40.386505126953125,-27.636878967285156,time_pressure,10,train,seed10/time_pressure/episode11/step26,16,2,no_mask
5,-57.466217041015625,-43.738609313964844,-30.125558853149414,time_pressure,10,train,seed10/time_pressure/episode11/step26,16,2,no_mask
5,-46.59867477416992,-14.837443351745605,-29.531648635864258,time_pressure,10,test,seed10/time_pressure/episode1/step16,16,0,no_mask
5,-46.59867477416992,-35.28004837036133,-27.076303482055664,time_pressure,10,test,seed10/time_pressure/episode1/step16,16,1,no_mask
1,-46.59867477416992,-33.70951843261719,-30.68370819091797,time_pressure,10,test,seed10/time_pressure/episode1/step16,16,2,no_mask
2,-46.59867477416992,-33.70951843261719,-29.094655990600586,time_pressure,10,test,seed10/time_pressure/episode1/step16,16,2,no_mask
4,-46.59867477416992,-33.70951843261719,-27.05246353149414,time_pressure,10,test,seed10/time_pressure/episode1/step16,16,2,no_mask
5,-46.59867477416992,-40.005157470703125,-28.596588134765625,time_pressure,10,test,seed10/time_pressure/episode1/step16,16,2,no_mask
5,-58.83220672607422,-38.66096878051758,-39.57783508300781,heterogeneity_pressure,10,train,seed10/heterogeneity_pressure/episode6/step19,16,0,no_mask
5,-58.83220672607422,-37.06432342529297,-37.11892318725586,heterogeneity_pressure,10,train,seed10/heterogeneity_pressure/episode6/step19,16,1,no_mask
3,-58.83220672607422,-32.142147064208984,-38.15827178955078,heterogeneity_pressure,10,train,seed10/heterogeneity_pressure/episode6/step19,16,2,no_mask
4,-58.83220672607422,-32.142147064208984,-34.0455322265625,heterogeneity_pressure,10,train,seed10/heterogeneity_pressure/episode6/step19,16,2,no_mask
5,-58.83220672607422,-31.54319953918457,-37.411930084228516,heterogeneity_pressure,10,train,seed10/heterogeneity_pressure/episode6/step19,16,2,no_mask
5,-50.585025787353516,-24.075105667114258,-18.15167236328125,heterogeneity_pressure,10,train,seed10/heterogeneity_pressure/episode14/step21,16,0,no_mask
5,-50.585025787353516,-26.947134017944336,-15.627279281616211,heterogeneity_pressure,10,train,seed10/heterogeneity_pressure/episode14/step21,16,1,no_mask
0,-50.585025787353516,-24.11383628845215,-19.09307861328125,heterogeneity_pressure,10,train,seed10/heterogeneity_pressure/episode14/step21,16,2,no_mask
2,-50.585025787353516,-26.49840545654297,-15.433809280395508,heterogeneity_pressure,10,train,seed10/heterogeneity_pressure/episode14/step21,16,2,no_mask
5,-50.585025787353516,-28.76556968688965,-16.4256534576416,heterogeneity_pressure,10,train,seed10/heterogeneity_pressure/episode14/step21,16,2,no_mask
0,-38.196128845214844,-9.163990020751953,-28.81441307067871,heterogeneity_pressure,10,test,seed10/heterogeneity_pressure/episode7/step2,16,0,no_mask
1,-38.196128845214844,-13.489645004272461,-29.84859275817871,heterogeneity_pressure,10,test,seed10/heterogeneity_pressure/episode7/step2,16,0,no_mask
2,-38.196128845214844,-8.96423625946045,-30.385944366455078,heterogeneity_pressure,10,test,seed10/heterogeneity_pressure/episode7/step2,16,0,no_mask
3,-38.196128845214844,-12.908406257629395,-25.334266662597656,heterogeneity_pressure,10,test,seed10/heterogeneity_pressure/episode7/step2,16,0,no_mask
4,-38.196128845214844,-8.053070068359375,-26.471771240234375,heterogeneity_pressure,10,test,seed10/heterogeneity_pressure/episode7/step2,16,0,no_mask
5,-38.196128845214844,-19.270116806030273,-23.467897415161133,heterogeneity_pressure,10,test,seed10/heterogeneity_pressure/episode7/step2,16,0,no_mask
0,-38.196128845214844,-22.523283004760742,-29.111469268798828,heterogeneity_pressure,10,test,seed10/heterogeneity_pressure/episode7/step2,16,1,no_mask
2,-38.196128845214844,-22.523283004760742,-30.800416946411133,heterogeneity_pressure,10,test,seed10/heterogeneity_pressure/episode7/step2,16,1,no_mask
5,-38.196128845214844,-24.002248764038086,-23.485095977783203,heterogeneity_pressure,10,test,seed10/heterogeneity_pressure/episode7/step2,16,1,no_mask
5,-38.196128845214844,-17.880714416503906,-26.80364418029785,heterogeneity_pressure,10,test,seed10/heterogeneity_pressure/episode7/step2,16,2,no_mask
5,-38.58123779296875,-28.087331771850586,-26.998071670532227,heterogeneity_pressure,10,test,seed10/heterogeneity_pressure/episode2/step23,16,0,no_mask
5,-38.58123779296875,-12.319510459899902,-24.42445945739746,heterogeneity_pressure,10,test,seed10/heterogeneity_pressure/episode2/step23,16,1,no_mask
0,-38.58123779296875,-21.47611427307129,-27.81055450439453,heterogeneity_pressure,10,test,seed10/heterogeneity_pressure/episode2/step23,16,2,no_mask
2,-38.58123779296875,-28.587726593017578,-24.73826026916504,heterogeneity_pressure,10,test,seed10/heterogeneity_pressure/episode2/step23,16,2,no_mask
3,-38.58123779296875,-22.938146591186523,-28.99260711669922,heterogeneity_pressure,10,test,seed10/heterogeneity_pressure/episode2/step23,16,2,no_mask
5,-38.58123779296875,-24.743135452270508,-26.332204818725586,heterogeneity_pressure,10,test,seed10/heterogeneity_pressure/episode2/step23,16,2,no_mask
1,-39.98905944824219,-24.093046188354492,-29.634477615356445,heterogeneity_pressure,10,train,seed10/heterogeneity_pressure/episode2/step1,16,0,no_mask
3,-39.98905944824219,-19.301279067993164,-34.05442810058594,heterogeneity_pressure,10,train,seed10/heterogeneity_pressure/episode2/step1,16,0,no_mask
4,-39.98905944824219,-22.357072830200195,-25.02716636657715,heterogeneity_pressure,10,train,seed10/heterogeneity_pressure/episode2/step1,16,0,no_mask
5,-39.98905944824219,-22.43428611755371,-26.70801544189453,heterogeneity_pressure,10,train,seed10/heterogeneity_pressure/episode2/step1,16,0,no_mask
5,-39.98905944824219,-25.5206241607666,-20.702905654907227,heterogeneity_pressure,10,train,seed10/heterogeneity_pressure/episode2/step1,16,1,no_mask
5,-39.98905944824219,-20.704065322875977,-28.313695907592773,heterogeneity_pressure,10,train,seed10/heterogeneity_pressure/episode2/step1,16,2,no_mask
5,-38.9393310546875,-28.762115478515625,-26.852783203125,heterogeneity_pressure,10,test,seed10/heterogeneity_pressure/episode2/step24,16,0,no_mask
5,-38.9393310546875,-26.229232788085938,-24.276939392089844,heterogeneity_pressure,10,test,seed10/heterogeneity_pressure/episode2/step24,16,1,no_mask
0,-38.9393310546875,-17.024948120117188,-27.371810913085938,heterogeneity_pressure,10,test,seed10/heterogeneity_pressure/episode2/step24,16,2,no_mask
2,-38.9393310546875,-23.69082260131836,-24.41714859008789,heterogeneity_pressure,10,test,seed10/heterogeneity_pressure/episode2/step24,16,2,no_mask
3,-38.9393310546875,-23.69082260131836,-28.625810623168945,heterogeneity_pressure,10,test,seed10/heterogeneity_pressure/episode2/step24,16,2,no_mask
5,-38.9393310546875,-25.455245971679688,-26.186851501464844,heterogeneity_pressure,10,test,seed10/heterogeneity_pressure/episode2/step24,16,2,no_mask
5,-45.44908142089844,-7.2376604080200195,-21.70379638671875,heterogeneity_pressure,10,validation,seed10/heterogeneity_pressure/episode7/step26,16,0,no_mask
5,-45.44908142089844,-17.316743850708008,-19.096715927124023,heterogeneity_pressure,10,validation,seed10/heterogeneity_pressure/episode7/step26,16,1,no_mask
1,-45.44908142089844,-7.2078399658203125,-23.422334671020508,heterogeneity_pressure,10,validation,seed10/heterogeneity_pressure/episode7/step26,16,2,no_mask
5,-45.44908142089844,-13.645308494567871,-21.065261840820312,heterogeneity_pressure,10,validation,seed10/heterogeneity_pressure/episode7/step26,16,2,no_mask
5,-20.816810607910156,-16.07911491394043,-15.71360969543457,heterogeneity_pressure,10,train,seed10/heterogeneity_pressure/episode9/step24,16,0,no_mask
5,-20.816810607910156,-14.442678451538086,-13.173787117004395,heterogeneity_pressure,10,train,seed10/heterogeneity_pressure/episode9/step24,16,1,no_mask
0,-20.816810607910156,-13.864917755126953,-16.329750061035156,heterogeneity_pressure,10,train,seed10/heterogeneity_pressure/episode9/step24,16,2,no_mask
1,-20.816810607910156,-13.909819602966309,-17.69557762145996,heterogeneity_pressure,10,train,seed10/heterogeneity_pressure/episode9/step24,16,2,no_mask
2,-20.816810607910156,-10.30628776550293,-12.188651084899902,heterogeneity_pressure,10,train,seed10/heterogeneity_pressure/episode9/step24,16,2,no_mask
5,-20.816810607910156,-15.747425079345703,-15.384716033935547,heterogeneity_pressure,10,train,seed10/heterogeneity_pressure/episode9/step24,16,2,no_mask
0,-41.504188537597656,-17.263614654541016,-22.721101760864258,heterogeneity_pressure,10,validation,seed10/heterogeneity_pressure/episode14/step3,16,0,no_mask
1,-41.504188537597656,-17.360780715942383,-24.9114990234375,heterogeneity_pressure,10,validation,seed10/heterogeneity_pressure/episode14/step3,16,0,no_mask
4,-41.504188537597656,-20.049043655395508,-16.481552124023438,heterogeneity_pressure,10,validation,seed10/heterogeneity_pressure/episode14/step3,16,0,no_mask
5,-41.504188537597656,-17.062252044677734,-15.420638084411621,heterogeneity_pressure,10,validation,seed10/heterogeneity_pressure/episode14/step3,16,0,no_mask
0,-41.504188537597656,-21.08688735961914,-20.544462203979492,heterogeneity_pressure,10,validation,seed10/heterogeneity_pressure/episode14/step3,16,1,no_mask
1,-41.504188537597656,-21.08688735961914,-21.754148483276367,heterogeneity_pressure,10,validation,seed10/heterogeneity_pressure/episode14/step3,16,1,no_mask
4,-41.504188537597656,-20.81922721862793,-13.220505714416504,heterogeneity_pressure,10,validation,seed10/heterogeneity_pressure/episode14/step3,16,1,no_mask
5,-41.504188537597656,-22.920564651489258,-12.782121658325195,heterogeneity_pressure,10,validation,seed10/heterogeneity_pressure/episode14/step3,16,1,no_mask
5,-41.504188537597656,-28.65008544921875,-14.961225509643555,heterogeneity_pressure,10,validation,seed10/heterogeneity_pressure/episode14/step3,16,2,no_mask
5,-36.69670867919922,-44.103363037109375,-22.942020416259766,heterogeneity_pressure,10,validation,seed10/heterogeneity_pressure/episode3/step12,16,0,no_mask
5,-36.69670867919922,-55.59968185424805,-20.372241973876953,heterogeneity_pressure,10,validation,seed10/heterogeneity_pressure/episode3/step12,16,1,no_mask
1,-36.69670867919922,-40.278221130371094,-26.03742218017578,heterogeneity_pressure,10,validation,seed10/heterogeneity_pressure/episode3/step12,16,2,no_mask
5,-36.69670867919922,-36.55768585205078,-22.29372215270996,heterogeneity_pressure,10,validation,seed10/heterogeneity_pressure/episode3/step12,16,2,no_mask
5,-51.90120315551758,-34.20975875854492,-27.5665225982666,heterogeneity_pressure,10,train,seed10/heterogeneity_pressure/episode5/step28,16,0,no_mask
5,-51.90120315551758,-27.370765686035156,-24.99246597290039,heterogeneity_pressure,10,train,seed10/heterogeneity_pressure/episode5/step28,16,1,no_mask
0,-51.90120315551758,-33.25312805175781,-27.024311065673828,heterogeneity_pressure,10,train,seed10/heterogeneity_pressure/episode5/step28,16,2,no_mask
1,-51.90120315551758,-36.06590270996094,-26.390127182006836,heterogeneity_pressure,10,train,seed10/heterogeneity_pressure/episode5/step28,16,2,no_mask
2,-51.90120315551758,-35.79221725463867,-25.101078033447266,heterogeneity_pressure,10,train,seed10/heterogeneity_pressure/episode5/step28,16,2,no_mask
3,-51.90120315551758,-26.431835174560547,-25.12450408935547,heterogeneity_pressure,10,train,seed10/heterogeneity_pressure/episode5/step28,16,2,no_mask
5,-51.90120315551758,-33.51583480834961,-27.969160079956055,heterogeneity_pressure,10,train,seed10/heterogeneity_pressure/episode5/step28,16,2,no_mask
5,-35.575931549072266,-26.57111358642578,-25.60910987854004,heterogeneity_pressure,10,train,seed10/heterogeneity_pressure/episode2/step20,16,0,no_mask
5,-35.575931549072266,-10.801885604858398,-23.04647445678711,heterogeneity_pressure,10,train,seed10/heterogeneity_pressure/episode2/step20,16,1,no_mask
0,-35.575931549072266,-13.672247886657715,-26.294071197509766,heterogeneity_pressure,10,train,seed10/heterogeneity_pressure/episode2/step20,16,2,no_mask
3,-35.575931549072266,-13.672247886657715,-27.281898498535156,heterogeneity_pressure,10,train,seed10/heterogeneity_pressure/episode2/step20,16,2,no_mask
5,-35.575931549072266,-8.164082527160645,-23.881961822509766,heterogeneity_pressure,10,train,seed10/heterogeneity_pressure/episode2/step20,16,2,no_mask
0,-33.939884185791016,-33.39618682861328,-31.422348022460938,heterogeneity_pressure,10,train,seed10/heterogeneity_pressure/episode4/step3,16,0,no_mask
1,-33.939884185791016,-30.177461624145508,-28.386747360229492,heterogeneity_pressure,10,train,seed10/heterogeneity_pressure/episode4/step3,16,0,no_mask
2,-33.939884185791016,-31.998798370361328,-23.67973518371582,heterogeneity_pressure,10,train,seed10/heterogeneity_pressure/episode4/step3,16,0,no_mask
3,-33.939884185791016,-33.39618682861328,-23.641021728515625,heterogeneity_pressure,10,train,seed10/heterogeneity_pressure/episode4/step3,16,0,no_mask
5,-33.939884185791016,-27.088605880737305,-22.919384002685547,heterogeneity_pressure,10,train,seed10/heterogeneity_pressure/episode4/step3,16,0,no_mask
5,-33.939884185791016,-33.062042236328125,-16.49579429626465,heterogeneity_pressure,10,train,seed10/heterogeneity_pressure/episode4/step3,16,1,no_mask
1,-33.939884185791016,-28.230480194091797,-28.442066192626953,heterogeneity_pressure,10,train,seed10/heterogeneity_pressure/episode4/step3,16,2,no_mask
5,-33.939884185791016,-31.333965301513672,-22.961397171020508,heterogeneity_pressure,10,train,seed10/heterogeneity_pressure/episode4/step3,16,2,no_mask
5,-21.775144577026367,0.2643786668777466,3.501708984375,heterogeneity_pressure,10,train,seed10/heterogeneity_pressure/episode8/step22,16,0,no_mask
3,-21.775144577026367,-3.66011905670166,3.0872745513916016,heterogeneity_pressure,10,train,seed10/heterogeneity_pressure/episode8/step22,16,1,no_mask
5,-21.775144577026367,-3.601792573928833,6.999174118041992,heterogeneity_pressure,10,train,seed10/heterogeneity_pressure/episode8/step22,16,1,no_mask
5,-21.775144577026367,-3.66011905670166,2.6451587677001953,heterogeneity_pressure,10,train,seed10/heterogeneity_pressure/episode8/step22,16,2,no_mask
5,-51.97251510620117,-27.609771728515625,-21.842796325683594,heterogeneity_pressure,10,train,seed10/heterogeneity_pressure/episode6/step4,16,0,no_mask
1,-51.97251510620117,-31.595455169677734,-31.269603729248047,heterogeneity_pressure,10,train,seed10/heterogeneity_pressure/episode6/step4,16,1,no_mask
3,-51.97251510620117,-32.502044677734375,-28.695322036743164,heterogeneity_pressure,10,train,seed10/heterogeneity_pressure/episode6/step4,16,1,no_mask
4,-51.97251510620117,-32.502044677734375,-23.94851303100586,heterogeneity_pressure,10,train,seed10/heterogeneity_pressure/episode6/step4,16,1,no_mask
5,-51.97251510620117,-31.995540618896484,-23.430288314819336,heterogeneity_pressure,10,train,seed10/heterogeneity_pressure/episode6/step4,16,1,no_mask
5,-51.97251510620117,-32.19270706176758,-25.74647331237793,heterogeneity_pressure,10,train,seed10/heterogeneity_pressure/episode6/step4,16,2,no_mask
1,-29.492202758789062,-33.10894012451172,-32.48463821411133,medium,8,train,seed8/medium/episode2/step11,14,0,observation_action_only
2,-29.492202758789062,-35.710018157958984,-30.605058670043945,medium,8,train,seed8/medium/episode2/step11,14,0,observation_action_only
4,-29.492202758789062,-35.71991729736328,-28.607261657714844,medium,8,train,seed8/medium/episode2/step11,14,0,observation_action_only
5,-29.492202758789062,-34.18324279785156,-28.398958206176758,medium,8,train,seed8/medium/episode2/step11,14,0,observation_action_only
0,-29.492202758789062,-28.808088302612305,-30.586143493652344,medium,8,train,seed8/medium/episode2/step11,14,1,observation_action_only
1,-29.492202758789062,-26.458133697509766,-30.348648071289062,medium,8,train,seed8/medium/episode2/step11,14,1,observation_action_only
3,-29.492202758789062,-28.89006996154785,-28.55532455444336,medium,8,train,seed8/medium/episode2/step11,14,1,observation_action_only
5,-29.492202758789062,-33.381927490234375,-26.24239730834961,medium,8,train,seed8/medium/episode2/step11,14,1,observation_action_only
1,-29.492202758789062,-30.486421585083008,-32.63652801513672,medium,8,train,seed8/medium/episode2/step11,14,2,observation_action_only
5,-29.492202758789062,-34.01565933227539,-28.533870697021484,medium,8,train,seed8/medium/episode2/step11,14,2,observation_action_only
0,-35.447757720947266,-26.981813430786133,-22.833951950073242,medium,8,train,seed8/medium/episode9/step0,14,0,observation_action_only
2,-35.447757720947266,-18.885452270507812,-20.835811614990234,medium,8,train,seed8/medium/episode9/step0,14,0,observation_action_only
5,-35.447757720947266,-16.642976760864258,-18.577316284179688,medium,8,train,seed8/medium/episode9/step0,14,0,observation_action_only
0,-35.447757720947266,-18.09736442565918,-20.561798095703125,medium,8,train,seed8/medium/episode9/step0,14,1,observation_action_only
2,-35.447757720947266,-18.09736442565918,-18.564897537231445,medium,8,train,seed8/medium/episode9/step0,14,1,observation_action_only
3,-35.447757720947266,-18.09736442565918,-18.54715347290039,medium,8,train,seed8/medium/episode9/step0,14,1,observation_action_only
5,-35.447757720947266,-17.964075088500977,-16.30831527709961,medium,8,train,seed8/medium/episode9/step0,14,1,observation_action_only
5,-35.447757720947266,-11.5684175491333,-18.67858123779297,medium,8,train,seed8/medium/episode9/step0,14,2,observation_action_only
5,-33.44831466674805,-3.587488889694214,-12.095658302307129,medium,8,train,seed8/medium/episode4/step1,14,0,observation_action_only
5,-33.44831466674805,-9.670360565185547,-9.854743957519531,medium,8,train,seed8/medium/episode4/step1,14,1,observation_action_only
3,-33.44831466674805,-10.562413215637207,-14.376380920410156,medium,8,train,seed8/medium/episode4/step1,14,2,observation_action_only
5,-33.44831466674805,-11.683401107788086,-12.100179672241211,medium,8,train,seed8/medium/episode4/step1,14,2,observation_action_only
5,-38.55025100708008,-12.062366485595703,-16.196399688720703,medium,8,validation,seed8/medium/episode4/step17,14,0,observation_action_only
0,-38.55025100708008,-6.02097225189209,-18.15074920654297,medium,8,validation,seed8/medium/episode4/step17,14,1,observation_action_only
1,-38.55025100708008,-4.549280643463135,-18.001834869384766,medium,8,validation,seed8/medium/episode4/step17,14,1,observation_action_only
2,-38.55025100708008,-4.620107173919678,-16.257253646850586,medium,8,validation,seed8/medium/episode4/step17,14,1,observation_action_only
5,-38.55025100708008,-5.573254585266113,-13.919215202331543,medium,8,validation,seed8/medium/episode4/step17,14,1,observation_action_only
2,-38.55025100708008,-10.311877250671387,-18.62877655029297,medium,8,validation,seed8/medium/episode4/step17,14,2,observation_action_only
5,-38.55025100708008,-12.753405570983887,-16.267520904541016,medium,8,validation,seed8/medium/episode4/step17,14,2,observation_action_only
5,-31.04770278930664,-23.385412216186523,-41.46144104003906,medium,8,train,seed8/medium/episode15/step20,14,0,observation_action_only
5,-31.04770278930664,-28.9300594329834,-39.302207946777344,medium,8,train,seed8/medium/episode15/step20,14,1,observation_action_only
3,-31.04770278930664,-13.946529388427734,-43.84458541870117,medium,8,train,seed8/medium/episode15/step20,14,2,observation_action_only
5,-31.04770278930664,-11.914278030395508,-41.64434051513672,medium,8,train,seed8/medium/episode15/step20,14,2,observation_action_only
5,4.333680629730225,6.330555438995361,-13.050204277038574,medium,8,validation,seed8/medium/episode7/step36,14,0,observation_action_only
5,4.333680629730225,2.202897787094116,-10.873477935791016,medium,8,validation,seed8/medium/episode7/step36,14,1,observation_action_only
1,4.333680629730225,3.450153350830078,-17.231172561645508,medium,8,validation,seed8/medium/episode7/step36,14,2,observation_action_only
3,4.333680629730225,2.7973337173461914,-15.412481307983398,medium,8,validation,seed8/medium/episode7/step36,14,2,observation_action_only
5,4.333680629730225,1.8345015048980713,-13.162964820861816,medium,8,validation,seed8/medium/episode7/step36,14,2,observation_action_only
0,-26.813440322875977,-12.698175430297852,-26.00139045715332,medium,8,train,seed8/medium/episode3/step0,14,0,observation_action_only
1,-26.813440322875977,-12.2223539352417,-25.905546188354492,medium,8,train,seed8/medium/episode3/step0,14,0,observation_action_only
5,-26.813440322875977,-5.456620216369629,-21.73282814025879,medium,8,train,seed8/medium/episode3/step0,14,0,observation_action_only
0,-26.813440322875977,-21.449033737182617,-23.77168846130371,medium,8,train,seed8/medium/episode3/step0,14,1,observation_action_only
1,-26.813440322875977,-18.53394889831543,-23.648195266723633,medium,8,train,seed8/medium/episode3/step0,14,1,observation_action_only
2,-26.813440322875977,-22.274194717407227,-21.837051391601562,medium,8,train,seed8/medium/episode3/step0,14,1,observation_action_only
5,-26.813440322875977,-5.57970666885376,-19.50398826599121,medium,8,train,seed8/medium/episode3/step0,14,1,observation_action_only
1,-26.813440322875977,-16.29863166809082,-26.014698028564453,medium,8,train,seed8/medium/episode3/step0,14,2,observation_action_only
5,-26.813440322875977,-13.24433422088623,-21.822620391845703,medium,8,train,seed8/medium/episode3/step0,14,2,observation_action_only
5,-0.9851009249687195,-10.886966705322266,-20.16617202758789,medium,8,test,seed8/medium/episode17/step37,14,0,observation_action_only
5,-0.9851009249687195,-8.048867225646973,-17.921062469482422,medium,8,test,seed8/medium/episode17/step37,14,1,observation_action_only
2,-0.9851009249687195,-10.674211502075195,-22.6390323638916,medium,8,test,seed8/medium/episode17/step37,14,2,observation_action_only
3,-0.9851009249687195,-6.5601701736450195,-22.634695053100586,medium,8,test,seed8/medium/episode17/step37,14,2,observation_action_only
5,-0.9851009249687195,-10.049506187438965,-20.29242706298828,medium,8,test,seed8/medium/episode17/step37,14,2,observation_action_only
5,-48.39737319946289,-21.931419372558594,-22.695358276367188,medium,8,train,seed8/medium/episode6/step19,14,0,observation_action_only
5,-48.39737319946289,-14.924541473388672,-20.415084838867188,medium,8,train,seed8/medium/episode6/step19,14,1,observation_action_only
0,-48.39737319946289,-13.654547691345215,-27.198257446289062,medium,8,train,seed8/medium/episode6/step19,14,2,observation_action_only
5,-48.39737319946289,-8.585113525390625,-22.801860809326172,medium,8,train,seed8/medium/episode6/step19,14,2,observation_action_only
5,-15.448270797729492,-10.367734909057617,-20.401594161987305,medium,8,train,seed8/medium/episode2/step20,14,0,observation_action_only
5,-15.448270797729492,-13.286519050598145,-18.20159149169922,medium,8,train,seed8/medium/episode2/step20,14,1,observation_action_only
2,-15.448270797729492,-13.715262413024902,-22.921255111694336,medium,8,train,seed8/medium/episode2/step20,14,2,observation_action_only
5,-15.448270797729492,-15.595102310180664,-20.6168155670166,medium,8,train,seed8/medium/episode2/step20,14,2,observation_action_only
5,-37.370094299316406,-8.017800331115723,-16.34210205078125,medium,8,test,seed8/medium/episode4/step15,14,0,observation_action_only
0,-37.370094299316406,-11.572137832641602,-18.291719436645508,medium,8,test,seed8/medium/episode4/step15,14,1,observation_action_only
1,-37.370094299316406,-5.1192755699157715,-18.143661499023438,medium,8,test,seed8/medium/episode4/step15,14,1,observation_action_only
2,-37.370094299316406,-4.75659704208374,-16.39990234375,medium,8,test,seed8/medium/episode4/step15,14,1,observation_action_only
5,-37.370094299316406,-10.10085678100586,-14.061995506286621,medium,8,test,seed8/medium/episode4/step15,14,1,observation_action_only
5,-37.370094299316406,-14.092737197875977,-16.411808013916016,medium,8,test,seed8/medium/episode4/step15,14,2,observation_action_only
1,-37.51372528076172,-10.54308795928955,-21.432960510253906,medium,8,validation,seed8/medium/episode12/step14,14,0,observation_action_only
2,-37.51372528076172,-9.292527198791504,-19.626853942871094,medium,8,validation,seed8/medium/episode12/step14,14,0,observation_action_only
4,-37.51372528076172,-10.488576889038086,-17.57581329345703,medium,8,validation,seed8/medium/episode12/step14,14,0,observation_action_only
5,-37.51372528076172,-0.37721431255340576,-17.317211151123047,medium,8,validation,seed8/medium/episode12/step14,14,0,observation_action_only
0,-37.51372528076172,-11.632478713989258,-19.31576156616211,medium,8,validation,seed8/medium/episode12/step14,14,1,observation_action_only
1,-37.51372528076172,-13.118612289428711,-19.137420654296875,medium,8,validation,seed8/medium/episode12/step14,14,1,observation_action_only
4,-37.51372528076172,-10.281124114990234,-15.30058479309082,medium,8,validation,seed8/medium/episode12/step14,14,1,observation_action_only
5,-37.51372528076172,-11.875988006591797,-15.056570053100586,medium,8,validation,seed8/medium/episode12/step14,14,1,observation_action_only
5,-37.51372528076172,-9.637031555175781,-17.38093376159668,medium,8,validation,seed8/medium/episode12/step14,14,2,observation_action_only
0,-33.2150993347168,-33.374916076660156,-34.189453125,medium,8,train,seed8/medium/episode2/step15,14,0,observation_action_only
1,-33.2150993347168,-32.93619918823242,-33.98200225830078,medium,8,train,seed8/medium/episode2/step15,14,0,observation_action_only
2,-33.2150993347168,-26.554828643798828,-32.098533630371094,medium,8,train,seed8/medium/episode2/step15,14,0,observation_action_only
3,-33.2150993347168,-28.814056396484375,-32.16740036010742,medium,8,train,seed8/medium/episode2/step15,14,0,observation_action_only
4,-33.2150993347168,-33.07803726196289,-30.104026794433594,medium,8,train,seed8/medium/episode2/step15,14,0,observation_action_only
5,-33.2150993347168,-28.29136085510254,-29.895774841308594,medium,8,train,seed8/medium/episode2/step15,14,0,observation_action_only
0,-33.2150993347168,-34.90782165527344,-32.07790756225586,medium,8,train,seed8/medium/episode2/step15,14,1,observation_action_only
1,-33.2150993347168,-18.301359176635742,-31.854568481445312,medium,8,train,seed8/medium/episode2/step15,14,1,observation_action_only
2,-33.2150993347168,-28.205732345581055,-30.016395568847656,medium,8,train,seed8/medium/episode2/step15,14,1,observation_action_only
3,-33.2150993347168,-28.783782958984375,-30.05367088317871,medium,8,train,seed8/medium/episode2/step15,14,1,observation_action_only
5,-33.2150993347168,-25.361066818237305,-27.744861602783203,medium,8,train,seed8/medium/episode2/step15,14,1,observation_action_only
1,-33.2150993347168,-26.40006446838379,-34.14878845214844,medium,8,train,seed8/medium/episode2/step15,14,2,observation_action_only
5,-33.2150993347168,-27.37781524658203,-30.048925399780273,medium,8,train,seed8/medium/episode2/step15,14,2,observation_action_only
5,-7.551610946655273,-22.827241897583008,-25.925989151000977,medium,8,train,seed8/medium/episode7/step8,14,0,observation_action_only
2,-7.551610946655273,-20.074052810668945,-26.020177841186523,medium,8,train,seed8/medium/episode7/step8,14,1,observation_action_only
4,-7.551610946655273,-21.82307243347168,-23.91777801513672,medium,8,train,seed8/medium/episode7/step8,14,1,observation_action_only
5,-7.551610946655273,-19.989810943603516,-23.72886848449707,medium,8,train,seed8/medium/episode7/step8,14,1,observation_action_only
5,-7.551610946655273,-22.747802734375,-26.020172119140625,medium,8,train,seed8/medium/episode7/step8,14,2,observation_action_only
5,-42.05026626586914,-37.09263610839844,-18.520536422729492,medium,8,test,seed8/medium/episode11/step4,14,0,observation_action_only
0,-42.05026626586914,3.3420968055725098,-20.383056640625,medium,8,test,seed8/medium/episode11/step4,14,1,observation_action_only
1,-42.05026626586914,-18.884119033813477,-20.210420608520508,medium,8,test,seed8/medium/episode11/step4,14,1,observation_action_only
2,-42.05026626586914,-16.048072814941406,-18.442977905273438,medium,8,test,seed8/medium/episode11/step4,14,1,observation_action_only
3,-42.05026626586914,-9.627930641174316,-18.399585723876953,medium,8,test,seed8/medium/episode11/step4,14,1,observation_action_only
5,-42.05026626586914,-17.162158966064453,-16.27547264099121,medium,8,test,seed8/medium/episode11/step4,14,1,observation_action_only
1,-42.05026626586914,11.115246772766113,-22.580219268798828,medium,8,test,seed8/medium/episode11/step4,14,2,observation_action_only
3,-42.05026626586914,11.115246772766113,-20.753753662109375,medium,8,test,seed8/medium/episode11/step4,14,2,observation_action_only
5,-42.05026626586914,0.1420089602470398,-18.57987403869629,medium,8,test,seed8/medium/episode11/step4,14,2,observation_action_only
0,-14.634188652038574,4.261696815490723,-13.033726692199707,time_pressure,8,train,seed8/time_pressure/episode17/step3,14,0,observation_action_only
2,-14.634188652038574,5.870260715484619,-11.109517097473145,time_pressure,8,train,seed8/time_pressure/episode17/step3,14,0,observation_action_only
4,-14.634188652038574,5.920765399932861,-9.071260452270508,time_pressure,8,train,seed8/time_pressure/episode17/step3,14,0,observation_action_only
5,-14.634188652038574,10.429814338684082,-8.890021324157715,time_pressure,8,train,seed8/time_pressure/episode17/step3,14,0,observation_action_only
2,-14.634188652038574,5.793713569641113,-8.919806480407715,time_pressure,8,train,seed8/time_pressure/episode17/step3,14,1,observation_action_only
4,-14.634188652038574,8.283580780029297,-6.90418815612793,time_pressure,8,train,seed8/time_pressure/episode17/step3,14,1,observation_action_only
5,-14.634188652038574,6.379310607910156,-6.726987838745117,time_pressure,8,train,seed8/time_pressure/episode17/step3,14,1,observation_action_only
2,-14.634188652038574,-6.383850574493408,-11.243714332580566,time_pressure,8,train,seed8/time_pressure/episode17/step3,14,2,observation_action_only
4,-14.634188652038574,-1.8439735174179077,-9.189669609069824,time_pressure,8,train,seed8/time_pressure/episode17/step3,14,2,observation_action_only
5,-14.634188652038574,-7.755964756011963,-8.99226188659668,time_pressure,8,train,seed8/time_pressure/episode17/step3,14,2,observation_action_only
5,-12.54377555847168,-14.145971298217773,-28.748950958251953,time_pressure,8,train,seed8/time_pressure/episode10/step7,14,0,observation_action_only
1,-12.54377555847168,-20.319665908813477,-30.664182662963867,time_pressure,8,train,seed8/time_pressure/episode10/step7,14,1,observation_action_only
2,-12.54377555847168,-22.443574905395508,-28.82904052734375,time_pressure,8,train,seed8/time_pressure/episode10/step7,14,1,observation_action_only
3,-12.54377555847168,-23.847597122192383,-28.80443572998047,time_pressure,8,train,seed8/time_pressure/episode10/step7,14,1,observation_action_only
4,-12.54377555847168,-27.918996810913086,-26.761573791503906,time_pressure,8,train,seed8/time_pressure/episode10/step7,14,1,observation_action_only
5,-12.54377555847168,-23.94202423095703,-26.547103881835938,time_pressure,8,train,seed8/time_pressure/episode10/step7,14,1,observation_action_only
3,-12.54377555847168,-14.289409637451172,-31.16278076171875,time_pressure,8,train,seed8/time_pressure/episode10/step7,14,2,observation_action_only
5,-12.54377555847168,-11.84142017364502,-28.92283058166504,time_pressure,8,train,seed8/time_pressure/episode10/step7,14,2,observation_action_only
0,-29.865127563476562,-25.640548706054688,-30.31740951538086,time_pressure,8,validation,seed8/time_pressure/episode0/step2,14,0,observation_action_only
1,-29.865127563476562,-12.728217124938965,-30.239669799804688,time_pressure,8,validation,seed8/time_pressure/episode0/step2,14,0,observation_action_only
3,-29.865127563476562,-15.205229759216309,-28.339311599731445,time_pressure,8,validation,seed8/time_pressure/episode0/step2,14,0,observation_action_only
5,-29.865127563476562,-1.150765061378479,-26.187257766723633,time_pressure,8,validation,seed8/time_pressure/episode0/step2,14,0,observation_action_only
0,-29.865127563476562,-28.93889808654785,-28.023006439208984,time_pressure,8,validation,seed8/time_pressure/episode0/step2,14,1,observation_action_only
1,-29.865127563476562,-26.039899826049805,-27.931949615478516,time_pressure,8,validation,seed8/time_pressure/episode0/step2,14,1,observation_action_only
2,-29.865127563476562,-26.815553665161133,-26.166513442993164,time_pressure,8,validation,seed8/time_pressure/episode0/step2,14,1,observation_action_only
4,-29.865127563476562,-25.309741973876953,-24.074739456176758,time_pressure,8,validation,seed8/time_pressure/episode0/step2,14,1,observation_action_only
5,-29.865127563476562,-23.81761360168457,-23.879926681518555,time_pressure,8,validation,seed8/time_pressure/episode0/step2,14,1,observation_action_only
1,-29.865127563476562,-30.156808853149414,-30.31613540649414,time_pressure,8,validation,seed8/time_pressure/episode0/step2,14,2,observation_action_only
5,-29.865127563476562,-19.129053115844727,-26.26523780822754,time_pressure,8,validation,seed8/time_pressure/episode0/step2,14,2,observation_action_only
5,-59.50522994995117,-74.36446380615234,-37.78032684326172,time_pressure,8,test,seed8/time_pressure/episode2/step18,14,0,observation_action_only
5,-59.50522994995117,-57.90886306762695,-35.637638092041016,time_pressure,8,test,seed8/time_pressure/episode2/step18,14,1,observation_action_only
0,-59.50522994995117,-61.32829284667969,-42.24293518066406,time_pressure,8,test,seed8/time_pressure/episode2/step18,14,2,observation_action_only
1,-59.50522994995117,-63.19756317138672,-42.064186096191406,time_pressure,8,test,seed8/time_pressure/episode2/step18,14,2,observation_action_only
3,-59.50522994995117,-53.538665771484375,-40.261375427246094,time_pressure,8,test,seed8/time_pressure/episode2/step18,14,2,observation_action_only
4,-59.50522994995117,-57.24195098876953,-38.324790954589844,time_pressure,8,test,seed8/time_pressure/episode2/step18,14,2,observation_action_only
5,-59.50522994995117,-65.06932067871094,-38.01585388183594,time_pressure,8,test,seed8/time_pressure/episode2/step18,14,2,observation_action_only
5,-32.757591247558594,8.118378639221191,-9.500982284545898,time_pressure,8,train,seed8/time_pressure/episode16/step22,14,0,observation_action_only
5,-32.757591247558594,-5.0014848709106445,-7.338458061218262,time_pressure,8,train,seed8/time_pressure/episode16/step22,14,1,observation_action_only
4,-32.757591247558594,22.540985107421875,-9.836585998535156,time_pressure,8,train,seed8/time_pressure/episode16/step22,14,2,observation_action_only
5,-32.757591247558594,8.338809967041016,-9.624673843383789,time_pressure,8,train,seed8/time_pressure/episode16/step22,14,2,observation_action_only
5,-56.540401458740234,-56.82118606567383,-29.511192321777344,time_pressure,8,test,seed8/time_pressure/episode2/step15,14,0,observation_action_only
5,-56.540401458740234,-56.65013122558594,-27.33782386779785,time_pressure,8,test,seed8/time_pressure/episode2/step15,14,1,observation_action_only
0,-56.540401458740234,-53.21440887451172,-34.0045166015625,time_pressure,8,test,seed8/time_pressure/episode2/step15,14,2,observation_action_only
3,-56.540401458740234,-53.21440887451172,-31.9871826171875,time_pressure,8,test,seed8/time_pressure/episode2/step15,14,2,observation_action_only
4,-56.540401458740234,-53.21440887451172,-29.96788787841797,time_pressure,8,test,seed8/time_pressure/episode2/step15,14,2,observation_action_only
5,-56.540401458740234,-59.69396209716797,-29.703292846679688,time_pressure,8,test,seed8/time_pressure/episode2/step15,14,2,observation_action_only
0,-52.9025993347168,-32.12995529174805,-36.242881774902344,time_pressure,8,train,seed8/time_pressure/episode11/step16,14,0,observation_action_only
1,-52.9025993347168,-32.06916046142578,-36.057044982910156,time_pressure,8,train,seed8/time_pressure/episode11/step16,14,0,observation_action_only
2,-52.9025993347168,-26.168453216552734,-34.274131774902344,time_pressure,8,train,seed8/time_pressure/episode11/step16,14,0,observation_action_only
3,-52.9025993347168,-30.01949691772461,-34.19917678833008,time_pressure,8,train,seed8/time_pressure/episode11/step16,14,0,observation_action_only
4,-52.9025993347168,-28.768707275390625,-32.21453857421875,time_pressure,8,train,seed8/time_pressure/episode11/step16,14,0,observation_action_only
5,-52.9025993347168,-27.733718872070312,-31.898292541503906,time_pressure,8,train,seed8/time_pressure/episode11/step16,14,0,observation_action_only
5,-52.9025993347168,-15.674344062805176,-29.679386138916016,time_pressure,8,train,seed8/time_pressure/episode11/step16,14,1,observation_action_only
0,-52.9025993347168,-41.60237503051758,-36.420982360839844,time_pressure,8,train,seed8/time_pressure/episode11/step16,14,2,observation_action_only
1,-52.9025993347168,-49.2067756652832,-36.248252868652344,time_pressure,8,train,seed8/time_pressure/episode11/step16,14,2,observation_action_only
2,-52.9025993347168,-49.2067756652832,-34.46119689941406,time_pressure,8,train,seed8/time_pressure/episode11/step16,14,2,observation_action_only
4,-52.9025993347168,-49.2067756652832,-32.39971923828125,time_pressure,8,train,seed8/time_pressure/episode11/step16,14,2,observation_action_only
5,-52.9025993347168,-22.799285888671875,-32.07651901245117,time_pressure,8,train,seed8/time_pressure/episode11/step16,14,2,observation_action_only
0,-35.00529479980469,-41.886539459228516,-29.750452041625977,time_pressure,8,train,seed8/time_pressure/episode13/step0,14,0,observation_action_only
1,-35.00529479980469,-44.126991271972656,-29.673221588134766,time_pressure,8,train,seed8/time_pressure/episode13/step0,14,0,observation_action_only
3,-35.00529479980469,-44.727420806884766,-27.830047607421875,time_pressure,8,train,seed8/time_pressure/episode13/step0,14,0,observation_action_only
5,-35.00529479980469,-26.63924789428711,-25.638835906982422,time_pressure,8,train,seed8/time_pressure/episode13/step0,14,0,observation_action_only
1,-35.00529479980469,-34.4774169921875,-27.41497802734375,time_pressure,8,train,seed8/time_pressure/episode13/step0,14,1,observation_action_only
2,-35.00529479980469,-36.44472885131836,-25.635395050048828,time_pressure,8,train,seed8/time_pressure/episode13/step0,14,1,observation_action_only
3,-35.00529479980469,-36.44472885131836,-25.57512664794922,time_pressure,8,train,seed8/time_pressure/episode13/step0,14,1,observation_action_only
4,-35.00529479980469,-27.2710018157959,-23.601041793823242,time_pressure,8,train,seed8/time_pressure/episode13/step0,14,1,observation_action_only
5,-35.00529479980469,-19.675100326538086,-23.362220764160156,time_pressure,8,train,seed8/time_pressure/episode13/step0,14,1,observation_action_only
5,-35.00529479980469,-33.321475982666016,-25.73748207092285,time_pressure,8,train,seed8/time_pressure/episode13/step0,14,2,observation_action_only
5,10.870283126831055,-4.251091480255127,-0.4051685333251953,time_pressure,8,train,seed8/time_pressure/episode9/step35,14,0,observation_action_only
5,10.870283126831055,-4.4449639320373535,1.6741752624511719,time_pressure,8,train,seed8/time_pressure/episode9/step35,14,1,observation_action_only
4,10.870283126831055,-7.17270040512085,-0.7623977661132812,time_pressure,8,train,seed8/time_pressure/episode9/step35,14,2,observation_action_only
5,10.870283126831055,-11.856842041015625,-0.6099586486816406,time_pressure,8,train,seed8/time_pressure/episode9/step35,14,2,observation_action_only
5,-14.520394325256348,1.8083842992782593,-14.865521430969238,time_pressure,8,train,seed8/time_pressure/episode15/step7,14,0,observation_action_only
4,-14.520394325256348,0.6055953502655029,-12.874966621398926,time_pressure,8,train,seed8/time_pressure/episode15/step7,14,1,observation_action_only
5,-14.520394325256348,9.040234565734863,-12.653549194335938,time_pressure,8,train,seed8/time_pressure/episode15/step7,14,1,observation_action_only
5,-14.520394325256348,-3.676816463470459,-15.071115493774414,time_pressure,8,train,seed8/time_pressure/episode15/step7,14,2,observation_action_only
5,-24.699077606201172,-21.053157806396484,-29.09174346923828,time_pressure,8,validation,seed8/time_pressure/episode12/step27,14,0,observation_action_only
5,-24.699077606201172,-16.328664779663086,-26.905603408813477,time_pressure,8,validation,seed8/time_pressure/episode12/step27,14,1,observation_action_only
0,-24.699077606201172,-19.209224700927734,-33.73646545410156,time_pressure,8,validation,seed8/time_pressure/episode12/step27,14,2,observation_action_only
1,-24.699077606201172,-21.68877410888672,-33.604347229003906,time_pressure,8,validation,seed8/time_pressure/episode12/step27,14,2,observation_action_only
4,-24.699077606201172,-17.343713760375977,-29.630403518676758,time_pressure,8,validation,seed8/time_pressure/episode12/step27,14,2,observation_action_only
5,-24.699077606201172,-25.950592041015625,-29.352609634399414,time_pressure,8,validation,seed8/time_pressure/episode12/step27,14,2,observation_action_only
5,-21.368650436401367,-26.50551414489746,-23.3198299407959,time_pressure,8,validation,seed8/time_pressure/episode8/step14,14,0,observation_action_only
1,-21.368650436401367,-10.095391273498535,-25.2449951171875,time_pressure,8,validation,seed8/time_pressure/episode8/step14,14,1,observation_action_only
2,-21.368650436401367,-4.6209540367126465,-23.411802291870117,time_pressure,8,validation,seed8/time_pressure/episode8/step14,14,1,observation_action_only
3,-21.368650436401367,-12.604879379272461,-23.409664154052734,time_pressure,8,validation,seed8/time_pressure/episode8/step14,14,1,observation_action_only
4,-21.368650436401367,-4.74187707901001,-21.30177116394043,time_pressure,8,validation,seed8/time_pressure/episode8/step14,14,1,observation_action_only
5,-21.368650436401367,-16.336193084716797,-21.095035552978516,time_pressure,8,validation,seed8/time_pressure/episode8/step14,14,1,observation_action_only
3,-21.368650436401367,-29.64705467224121,-25.769763946533203,time_pressure,8,validation,seed8/time_pressure/episode8/step14,14,2,observation_action_only
4,-21.368650436401367,-23.041860580444336,-23.681394577026367,time_pressure,8,validation,seed8/time_pressure/episode8/step14,14,2,observation_action_only
5,-21.368650436401367,-44.469058990478516,-23.498029708862305,time_pressure,8,validation,seed8/time_pressure/episode8/step14,14,2,observation_action_only
5,-39.77165603637695,-19.601375579833984,-14.28075885772705,time_pressure,8,test,seed8/time_pressure/episode13/step20,14,0,observation_action_only
1,-39.77165603637695,-24.61168098449707,-16.077953338623047,time_pressure,8,test,seed8/time_pressure/episode13/step20,14,1,observation_action_only
3,-39.77165603637695,-24.947572708129883,-14.281448364257812,time_pressure,8,test,seed8/time_pressure/episode13/step20,14,1,observation_action_only
4,-39.77165603637695,-14.33698558807373,-12.177332878112793,time_pressure,8,test,seed8/time_pressure/episode13/step20,14,1,observation_action_only
5,-39.77165603637695,-16.484954833984375,-12.018098831176758,time_pressure,8,test,seed8/time_pressure/episode13/step20,14,1,observation_action_only
1,-39.77165603637695,-4.6942291259765625,-18.489967346191406,time_pressure,8,test,seed8/time_pressure/episode13/step20,14,2,observation_action_only
3,-39.77165603637695,-4.431199550628662,-16.67035675048828,time_pressure,8,test,seed8/time_pressure/episode13/step20,14,2,observation_action_only
4,-39.77165603637695,-13.37242603302002,-14.57480239868164,time_pressure,8,test,seed8/time_pressure/episode13/step20,14,2,observation_action_only
5,-39.77165603637695,-23.988494873046875,-14.398073196411133,time_pressure,8,test,seed8/time_pressure/episode13/step20,14,2,observation_action_only
5,-16.282501220703125,-18.258764266967773,-24.47452735900879,time_pressure,8,train,seed8/time_pressure/episode8/step8,14,0,observation_action_only
1,-16.282501220703125,-35.11442565917969,-26.392980575561523,time_pressure,8,train,seed8/time_pressure/episode8/step8,14,1,observation_action_only
2,-16.282501220703125,-35.11442565917969,-24.570640563964844,time_pressure,8,train,seed8/time_pressure/episode8/step8,14,1,observation_action_only
3,-16.282501220703125,-35.05192565917969,-24.563966751098633,time_pressure,8,train,seed8/time_pressure/episode8/step8,14,1,observation_action_only
4,-16.282501220703125,-22.602405548095703,-22.472068786621094,time_pressure,8,train,seed8/time_pressure/episode8/step8,14,1,observation_action_only
5,-16.282501220703125,-20.62894058227539,-22.263622283935547,time_pressure,8,train,seed8/time_pressure/episode8/step8,14,1,observation_action_only
3,-16.282501220703125,-25.183115005493164,-26.90583038330078,time_pressure,8,train,seed8/time_pressure/episode8/step8,14,2,observation_action_only
4,-16.282501220703125,-13.778369903564453,-24.833799362182617,time_pressure,8,train,seed8/time_pressure/episode8/step8,14,2,observation_action_only
5,-16.282501220703125,-22.75790786743164,-24.655254364013672,time_pressure,8,train,seed8/time_pressure/episode8/step8,14,2,observation_action_only
5,-27.448820114135742,-9.9039945602417,-12.060379028320312,time_pressure,8,train,seed8/time_pressure/episode2/step31,14,0,observation_action_only
5,-27.448820114135742,-9.8414945602417,-9.902856826782227,time_pressure,8,train,seed8/time_pressure/episode2/step31,14,1,observation_action_only
2,-27.448820114135742,-12.16547679901123,-14.448448181152344,time_pressure,8,train,seed8/time_pressure/episode2/step31,14,2,observation_action_only
5,-27.448820114135742,-11.66547679901123,-12.203329086303711,time_pressure,8,train,seed8/time_pressure/episode2/step31,14,2,observation_action_only
0,-22.217601776123047,-51.579132080078125,-27.61280632019043,heterogeneity_pressure,8,validation,seed8/heterogeneity_pressure/episode10/step11,14,0,observation_action_only
1,-22.217601776123047,-34.912750244140625,-27.44835662841797,heterogeneity_pressure,8,validation,seed8/heterogeneity_pressure/episode10/step11,14,0,observation_action_only
2,-22.217601776123047,-27.975473403930664,-25.566434860229492,heterogeneity_pressure,8,validation,seed8/heterogeneity_pressure/episode10/step11,14,0,observation_action_only
4,-22.217601776123047,-54.25129318237305,-23.465354919433594,heterogeneity_pressure,8,validation,seed8/heterogeneity_pressure/episode10/step11,14,0,observation_action_only
5,-22.217601776123047,-26.837488174438477,-23.243242263793945,heterogeneity_pressure,8,validation,seed8/heterogeneity_pressure/episode10/step11,14,0,observation_action_only
5,-22.217601776123047,-64.74677276611328,-20.999008178710938,heterogeneity_pressure,8,validation,seed8/heterogeneity_pressure/episode10/step11,14,1,observation_action_only
1,-22.217601776123047,-24.677980422973633,-27.629711151123047,heterogeneity_pressure,8,validation,seed8/heterogeneity_pressure/episode10/step11,14,2,observation_action_only
5,-22.217601776123047,-50.53042221069336,-23.428916931152344,heterogeneity_pressure,8,validation,seed8/heterogeneity_pressure/episode10/step11,14,2,observation_action_only
0,-26.131437301635742,-30.500980377197266,-37.25480651855469,heterogeneity_pressure,8,train,seed8/heterogeneity_pressure/episode0/step1,14,0,observation_action_only
1,-26.131437301635742,-35.883544921875,-37.094390869140625,heterogeneity_pressure,8,train,seed8/heterogeneity_pressure/episode0/step1,14,0,observation_action_only
2,-26.131437301635742,-30.806915283203125,-35.426631927490234,heterogeneity_pressure,8,train,seed8/heterogeneity_pressure/episode0/step1,14,0,observation_action_only
4,-26.131437301635742,-32.82799530029297,-33.268882751464844,heterogeneity_pressure,8,train,seed8/heterogeneity_pressure/episode0/step1,14,0,observation_action_only
5,-26.131437301635742,-29.249675750732422,-33.097843170166016,heterogeneity_pressure,8,train,seed8/heterogeneity_pressure/episode0/step1,14,0,observation_action_only
5,-26.131437301635742,-21.092615127563477,-30.864459991455078,heterogeneity_pressure,8,train,seed8/heterogeneity_pressure/episode0/step1,14,1,observation_action_only
5,-26.131437301635742,-32.49578857421875,-33.255401611328125,heterogeneity_pressure,8,train,seed8/heterogeneity_pressure/episode0/step1,14,2,observation_action_only
0,-23.031288146972656,-30.436260223388672,-28.555042266845703,heterogeneity_pressure,8,train,seed8/heterogeneity_pressure/episode1/step5,14,0,observation_action_only
1,-23.031288146972656,-30.843313217163086,-28.324291229248047,heterogeneity_pressure,8,train,seed8/heterogeneity_pressure/episode1/step5,14,0,observation_action_only
2,-23.031288146972656,-27.491342544555664,-26.466201782226562,heterogeneity_pressure,8,train,seed8/heterogeneity_pressure/episode1/step5,14,0,observation_action_only
3,-23.031288146972656,-28.615798950195312,-26.470802307128906,heterogeneity_pressure,8,train,seed8/heterogeneity_pressure/episode1/step5,14,0,observation_action_only
5,-23.031288146972656,-25.739112854003906,-24.169092178344727,heterogeneity_pressure,8,train,seed8/heterogeneity_pressure/episode1/step5,14,0,observation_action_only
5,-23.031288146972656,-15.78065299987793,-21.962501525878906,heterogeneity_pressure,8,train,seed8/heterogeneity_pressure/episode1/step5,14,1,observation_action_only
5,-23.031288146972656,-24.654285430908203,-24.35651969909668,heterogeneity_pressure,8,train,seed8/heterogeneity_pressure/episode1/step5,14,2,observation_action_only
5,-20.239990234375,-24.729141235351562,-12.541011810302734,heterogeneity_pressure,8,validation,seed8/heterogeneity_pressure/episode7/step14,14,0,observation_action_only
0,-20.239990234375,-39.66286849975586,-14.541682243347168,heterogeneity_pressure,8,validation,seed8/heterogeneity_pressure/episode7/step14,14,1,observation_action_only
1,-20.239990234375,-48.14617919921875,-14.307812690734863,heterogeneity_pressure,8,validation,seed8/heterogeneity_pressure/episode7/step14,14,1,observation_action_only
2,-20.239990234375,-48.14617919921875,-12.552650451660156,heterogeneity_pressure,8,validation,seed8/heterogeneity_pressure/episode7/step14,14,1,observation_action_only
3,-20.239990234375,-42.71379089355469,-12.564393043518066,heterogeneity_pressure,8,validation,seed8/heterogeneity_pressure/episode7/step14,14,1,observation_action_only
5,-20.239990234375,-34.807987213134766,-10.33578109741211,heterogeneity_pressure,8,validation,seed8/heterogeneity_pressure/episode7/step14,14,1,observation_action_only
5,-20.239990234375,-41.03832244873047,-12.713127136230469,heterogeneity_pressure,8,validation,seed8/heterogeneity_pressure/episode7/step14,14,2,observation_action_only
5,-53.74814987182617,-15.408243179321289,-25.649808883666992,heterogeneity_pressure,8,train,seed8/heterogeneity_pressure/episode4/step41,14,0,observation_action_only
5,-53.74814987182617,-12.455791473388672,-23.40127182006836,heterogeneity_pressure,8,train,seed8/heterogeneity_pressure/episode4/step41,14,1,observation_action_only
2,-53.74814987182617,-13.761735916137695,-28.237472534179688,heterogeneity_pressure,8,train,seed8/heterogeneity_pressure/episode4/step41,14,2,observation_action_only
4,-53.74814987182617,-13.072408676147461,-26.10066032409668,heterogeneity_pressure,8,train,seed8/heterogeneity_pressure/episode4/step41,14,2,observation_action_only
5,-53.74814987182617,-13.733016967773438,-25.83723258972168,heterogeneity_pressure,8,train,seed8/heterogeneity_pressure/episode4/step41,14,2,observation_action_only
5,-44.25516128540039,-20.439416885375977,-34.36521530151367,heterogeneity_pressure,8,test,seed8/heterogeneity_pressure/episode4/step28,14,0,observation_action_only
5,-44.25516128540039,-16.284255981445312,-32.164554595947266,heterogeneity_pressure,8,test,seed8/heterogeneity_pressure/episode4/step28,14,1,observation_action_only
3,-44.25516128540039,-18.03166389465332,-36.811378479003906,heterogeneity_pressure,8,test,seed8/heterogeneity_pressure/episode4/step28,14,2,observation_action_only
4,-44.25516128540039,-25.132131576538086,-34.77936935424805,heterogeneity_pressure,8,test,seed8/heterogeneity_pressure/episode4/step28,14,2,observation_action_only
5,-44.25516128540039,-35.15403366088867,-34.5150032043457,heterogeneity_pressure,8,test,seed8/heterogeneity_pressure/episode4/step28,14,2,observation_action_only
5,4.426466464996338,2.1517786979675293,3.9120101928710938,heterogeneity_pressure,8,test,seed8/heterogeneity_pressure/episode8/step41,14,0,observation_action_only
5,4.426466464996338,0.4348887801170349,5.8834381103515625,heterogeneity_pressure,8,test,seed8/heterogeneity_pressure/episode8/step41,14,1,observation_action_only
0,4.426466464996338,-0.22265611588954926,-0.10209465026855469,heterogeneity_pressure,8,test,seed8/heterogeneity_pressure/episode8/step41,14,2,observation_action_only
5,4.426466464996338,-0.23812775313854218,3.7614212036132812,heterogeneity_pressure,8,test,seed8/heterogeneity_pressure/episode8/step41,14,2,observation_action_only
5,-20.031503677368164,-0.540927529335022,-10.28383731842041,heterogeneity_pressure,8,train,seed8/heterogeneity_pressure/episode5/step47,14,0,observation_action_only
5,-20.031503677368164,0.007023833692073822,-8.037965774536133,heterogeneity_pressure,8,train,seed8/heterogeneity_pressure/episode5/step47,14,1,observation_action_only
1,-20.031503677368164,-0.665927529335022,-14.555540084838867,heterogeneity_pressure,8,train,seed8/heterogeneity_pressure/episode5/step47,14,2,observation_action_only
5,-20.031503677368164,-0.4459399878978729,-10.425773620605469,heterogeneity_pressure,8,train,seed8/heterogeneity_pressure/episode5/step47,14,2,observation_action_only
5,-10.722909927368164,0.4606660008430481,-1.406545639038086,heterogeneity_pressure,8,train,seed8/heterogeneity_pressure/episode2/step49,14,0,observation_action_only
5,-10.722909927368164,-0.10000000149011612,0.7416667938232422,heterogeneity_pressure,8,train,seed8/heterogeneity_pressure/episode2/step49,14,1,observation_action_only
4,-10.722909927368164,2.2676639556884766,-1.7049427032470703,heterogeneity_pressure,8,train,seed8/heterogeneity_pressure/episode2/step49,14,2,observation_action_only
5,-10.722909927368164,-0.10000000149011612,-1.5240325927734375,heterogeneity_pressure,8,train,seed8/heterogeneity_pressure/episode2/step49,14,2,observation_action_only
1,-44.46287536621094,-45.17937088012695,-36.99225616455078,heterogeneity_pressure,8,train,seed8/heterogeneity_pressure/episode9/step3,14,0,observation_action_only
2,-44.46287536621094,-41.17977523803711,-35.25700378417969,heterogeneity_pressure,8,train,seed8/heterogeneity_pressure/episode9/step3,14,0,observation_action_only
4,-44.46287536621094,-45.592979431152344,-33.22434997558594,heterogeneity_pressure,8,train,seed8/heterogeneity_pressure/episode9/step3,14,0,observation_action_only
5,-44.46287536621094,-29.654233932495117,-32.925559997558594,heterogeneity_pressure,8,train,seed8/heterogeneity_pressure/episode9/step3,14,0,observation_action_only
1,-44.46287536621094,-33.3438720703125,-34.82316207885742,heterogeneity_pressure,8,train,seed8/heterogeneity_pressure/episode9/step3,14,1,observation_action_only
2,-44.46287536621094,-32.95407485961914,-33.11301040649414,heterogeneity_pressure,8,train,seed8/heterogeneity_pressure/episode9/step3,14,1,observation_action_only
4,-44.46287536621094,-29.453737258911133,-31.061283111572266,heterogeneity_pressure,8,train,seed8/heterogeneity_pressure/episode9/step3,14,1,observation_action_only
5,-44.46287536621094,-31.395183563232422,-30.72399139404297,heterogeneity_pressure,8,train,seed8/heterogeneity_pressure/episode9/step3,14,1,observation_action_only
5,-44.46287536621094,-34.88938522338867,-33.07402801513672,heterogeneity_pressure,8,train,seed8/heterogeneity_pressure/episode9/step3,14,2,observation_action_only
5,-42.721309661865234,-33.07182312011719,-30.504817962646484,heterogeneity_pressure,8,validation,seed8/heterogeneity_pressure/episode15/step15,14,0,observation_action_only
5,-42.721309661865234,-29.22667121887207,-28.285358428955078,heterogeneity_pressure,8,validation,seed8/heterogeneity_pressure/episode15/step15,14,1,observation_action_only
1,-42.721309661865234,-35.59503173828125,-34.80998992919922,heterogeneity_pressure,8,validation,seed8/heterogeneity_pressure/episode15/step15,14,2,observation_action_only
5,-42.721309661865234,-36.510955810546875,-30.69247055053711,heterogeneity_pressure,8,validation,seed8/heterogeneity_pressure/episode15/step15,14,2,observation_action_only
5,-41.89836502075195,-28.442615509033203,-30.49234390258789,heterogeneity_pressure,8,train,seed8/heterogeneity_pressure/episode9/step12,14,0,observation_action_only
0,-41.89836502075195,-24.136560440063477,-32.685157775878906,heterogeneity_pressure,8,train,seed8/heterogeneity_pressure/episode9/step12,14,1,observation_action_only
1,-41.89836502075195,-19.18574333190918,-32.45365905761719,heterogeneity_pressure,8,train,seed8/heterogeneity_pressure/episode9/step12,14,1,observation_action_only
3,-41.89836502075195,-23.005014419555664,-30.591548919677734,heterogeneity_pressure,8,train,seed8/heterogeneity_pressure/episode9/step12,14,1,observation_action_only
4,-41.89836502075195,-24.436819076538086,-28.628597259521484,heterogeneity_pressure,8,train,seed8/heterogeneity_pressure/episode9/step12,14,1,observation_action_only
5,-41.89836502075195,-19.98539924621582,-28.308853149414062,heterogeneity_pressure,8,train,seed8/heterogeneity_pressure/episode9/step12,14,1,observation_action_only
4,-41.89836502075195,-29.748361587524414,-31.00450897216797,heterogeneity_pressure,8,train,seed8/heterogeneity_pressure/episode9/step12,14,2,observation_action_only
5,-41.89836502075195,-32.11484909057617,-30.69854736328125,heterogeneity_pressure,8,train,seed8/heterogeneity_pressure/episode9/step12,14,2,observation_action_only
5,-14.050912857055664,-0.8201633095741272,-9.425689697265625,heterogeneity_pressure,8,train,seed8/heterogeneity_pressure/episode5/step40,14,0,observation_action_only
5,-14.050912857055664,-1.115088939666748,-7.198856353759766,heterogeneity_pressure,8,train,seed8/heterogeneity_pressure/episode5/step40,14,1,observation_action_only
1,-14.050912857055664,-1.3136887550354004,-13.710531234741211,heterogeneity_pressure,8,train,seed8/heterogeneity_pressure/episode5/step40,14,2,observation_action_only
5,-14.050912857055664,-1.5664178133010864,-9.578753471374512,heterogeneity_pressure,8,train,seed8/heterogeneity_pressure/episode5/step40,14,2,observation_action_only
5,-41.35121154785156,-18.37588882446289,-16.489728927612305,heterogeneity_pressure,8,train,seed8/heterogeneity_pressure/episode3/step30,14,0,observation_action_only
5,-41.35121154785156,-20.48017120361328,-14.228326797485352,heterogeneity_pressure,8,train,seed8/heterogeneity_pressure/episode3/step30,14,1,observation_action_only
3,-41.35121154785156,-22.882488250732422,-18.91941261291504,heterogeneity_pressure,8,train,seed8/heterogeneity_pressure/episode3/step30,14,2,observation_action_only
5,-41.35121154785156,-23.39225959777832,-16.710020065307617,heterogeneity_pressure,8,train,seed8/heterogeneity_pressure/episode3/step30,14,2,observation_action_only
5,-13.094359397888184,-29.47755241394043,-29.42776107788086,heterogeneity_pressure,8,test,seed8/heterogeneity_pressure/episode16/step11,14,0,observation_action_only
0,-13.094359397888184,-37.5859489440918,-31.446468353271484,heterogeneity_pressure,8,test,seed8/heterogeneity_pressure/episode16/step11,14,1,observation_action_only
1,-13.094359397888184,-27.50814437866211,-31.374149322509766,heterogeneity_pressure,8,test,seed8/heterogeneity_pressure/episode16/step11,14,1,observation_action_only
4,-13.094359397888184,-35.097530364990234,-27.473209381103516,heterogeneity_pressure,8,test,seed8/heterogeneity_pressure/episode16/step11,14,1,observation_action_only
5,-13.094359397888184,-42.76420211791992,-27.210147857666016,heterogeneity_pressure,8,test,seed8/heterogeneity_pressure/episode16/step11,14,1,observation_action_only
4,-13.094359397888184,-35.98424530029297,-29.808931350708008,heterogeneity_pressure,8,test,seed8/heterogeneity_pressure/episode16/step11,14,2,observation_action_only
5,-13.094359397888184,-31.61025619506836,-29.593353271484375,heterogeneity_pressure,8,test,seed8/heterogeneity_pressure/episode16/step11,14,2,observation_action_only
5,-35.68598556518555,-55.87950897216797,-29.911880493164062,medium,10,validation,seed10/medium/episode7/step5,14,0,observation_action_only
0,-35.68598556518555,-60.30918502807617,-31.97182273864746,medium,10,validation,seed10/medium/episode7/step5,14,1,observation_action_only
1,-35.68598556518555,-55.957305908203125,-31.780733108520508,medium,10,validation,seed10/medium/episode7/step5,14,1,observation_action_only
2,-35.68598556518555,-55.957305908203125,-30.00524139404297,medium,10,validation,seed10/medium/episode7/step5,14,1,observation_action_only
3,-35.68598556518555,-60.55872344970703,-29.99837303161621,medium,10,validation,seed10/medium/episode7/step5,14,1,observation_action_only
4,-35.68598556518555,-55.957305908203125,-27.932538986206055,medium,10,validation,seed10/medium/episode7/step5,14,1,observation_action_only
5,-35.68598556518555,-52.83570098876953,-27.66035270690918,medium,10,validation,seed10/medium/episode7/step5,14,1,observation_action_only
0,-35.68598556518555,-66.3775863647461,-34.274757385253906,medium,10,validation,seed10/medium/episode7/step5,14,2,observation_action_only
3,-35.68598556518555,-66.3775863647461,-32.28011703491211,medium,10,validation,seed10/medium/episode7/step5,14,2,observation_action_only
5,-35.68598556518555,-47.52043533325195,-29.99591636657715,medium,10,validation,seed10/medium/episode7/step5,14,2,observation_action_only
5,-41.86380386352539,-31.02754020690918,-21.319656372070312,medium,10,train,seed10/medium/episode15/step24,14,0,observation_action_only
5,-41.86380386352539,-26.491273880004883,-18.993507385253906,medium,10,train,seed10/medium/episode15/step24,14,1,observation_action_only
0,-41.86380386352539,-23.024757385253906,-25.731027603149414,medium,10,train,seed10/medium/episode15/step24,14,2,observation_action_only
1,-41.86380386352539,-22.034337997436523,-25.58816909790039,medium,10,train,seed10/medium/episode15/step24,14,2,observation_action_only
3,-41.86380386352539,-22.377193450927734,-23.660564422607422,medium,10,train,seed10/medium/episode15/step24,14,2,observation_action_only
5,-41.86380386352539,-24.454883575439453,-21.407154083251953,medium,10,train,seed10/medium/episode15/step24,14,2,observation_action_only
4,-15.354440689086914,-2.157315969467163,1.1371707916259766,medium,10,train,seed10/medium/episode1/step16,14,0,observation_action_only
5,-15.354440689086914,-3.736421585083008,1.3617668151855469,medium,10,train,seed10/medium/episode1/step16,14,0,observation_action_only
5,-15.354440689086914,-10.530824661254883,3.440408706665039,medium,10,train,seed10/medium/episode1/step16,14,1,observation_action_only
5,-15.354440689086914,-13.574185371398926,1.2987556457519531,medium,10,train,seed10/medium/episode1/step16,14,2,observation_action_only
5,-55.76152038574219,-31.1512451171875,-35.991912841796875,medium,10,train,seed10/medium/episode10/step22,14,0,observation_action_only
5,-55.76152038574219,-32.70480728149414,-33.783363342285156,medium,10,train,seed10/medium/episode10/step22,14,1,observation_action_only
1,-55.76152038574219,-22.69593048095703,-40.27162170410156,medium,10,train,seed10/medium/episode10/step22,14,2,observation_action_only
3,-55.76152038574219,-25.175235748291016,-38.43159866333008,medium,10,train,seed10/medium/episode10/step22,14,2,observation_action_only
4,-55.76152038574219,-22.688711166381836,-36.4321174621582,medium,10,train,seed10/medium/episode10/step22,14,2,observation_action_only
5,-55.76152038574219,-27.154003143310547,-36.25025939941406,medium,10,train,seed10/medium/episode10/step22,14,2,observation_action_only
5,-50.72065734863281,-19.28573989868164,-34.507118225097656,medium,10,train,seed10/medium/episode8/step18,14,0,observation_action_only
5,-50.72065734863281,-17.641267776489258,-32.280723571777344,medium,10,train,seed10/medium/episode8/step18,14,1,observation_action_only
3,-50.72065734863281,-20.39323616027832,-36.928836822509766,medium,10,train,seed10/medium/episode8/step18,14,2,observation_action_only
5,-50.72065734863281,-18.16260528564453,-34.69580078125,medium,10,train,seed10/medium/episode8/step18,14,2,observation_action_only
5,-40.21684265136719,-1.3780397176742554,-11.286828994750977,medium,10,test,seed10/medium/episode5/step26,14,0,observation_action_only
5,-40.21684265136719,-1.896801233291626,-9.049476623535156,medium,10,test,seed10/medium/episode5/step26,14,1,observation_action_only
3,-40.21684265136719,-1.8980512619018555,-13.675679206848145,medium,10,test,seed10/medium/episode5/step26,14,2,observation_action_only
5,-40.21684265136719,-1.9039369821548462,-11.405866622924805,medium,10,test,seed10/medium/episode5/step26,14,2,observation_action_only
0,-38.125389099121094,-22.54469108581543,-35.224002838134766,medium,10,test,seed10/medium/episode4/step0,14,0,observation_action_only
1,-38.125389099121094,-28.730648040771484,-35.06489181518555,medium,10,test,seed10/medium/episode4/step0,14,0,observation_action_only
2,-38.125389099121094,-34.44580841064453,-33.19340896606445,medium,10,test,seed10/medium/episode4/step0,14,0,observation_action_only
5,-38.125389099121094,-28.73064613342285,-30.985889434814453,medium,10,test,seed10/medium/episode4/step0,14,0,observation_action_only
0,-38.125389099121094,-20.424787521362305,-33.09218978881836,medium,10,test,seed10/medium/episode4/step0,14,1,observation_action_only
1,-38.125389099121094,-23.55385398864746,-32.918365478515625,medium,10,test,seed10/medium/episode4/step0,14,1,observation_action_only
2,-38.125389099121094,-23.55385398864746,-31.077159881591797,medium,10,test,seed10/medium/episode4/step0,14,1,observation_action_only
5,-38.125389099121094,-17.332595825195312,-28.822265625,medium,10,test,seed10/medium/episode4/step0,14,1,observation_action_only
5,-38.125389099121094,-14.990696907043457,-31.159221649169922,medium,10,test,seed10/medium/episode4/step0,14,2,observation_action_only
1,-43.29454803466797,-24.99823570251465,-42.800392150878906,medium,10,train,seed10/medium/episode10/step5,14,0,observation_action_only
2,-43.29454803466797,-27.326887130737305,-41.1636962890625,medium,10,train,seed10/medium/episode10/step5,14,0,observation_action_only
4,-43.29454803466797,-27.326887130737305,-39.04484558105469,medium,10,train,seed10/medium/episode10/step5,14,0,observation_action_only
5,-43.29454803466797,-26.53093147277832,-38.874755859375,medium,10,train,seed10/medium/episode10/step5,14,0,observation_action_only
5,-43.29454803466797,-31.026714324951172,-36.73281478881836,medium,10,train,seed10/medium/episode10/step5,14,1,observation_action_only
5,-43.29454803466797,-21.823978424072266,-39.10385513305664,medium,10,train,seed10/medium/episode10/step5,14,2,observation_action_only
5,-52.20142364501953,-14.420633316040039,-29.96613311767578,medium,10,test,seed10/medium/episode8/step30,14,0,observation_action_only
5,-52.20142364501953,-15.110915184020996,-27.671415328979492,medium,10,test,seed10/medium/episode8/step30,14,1,observation_action_only
4,-52.20142364501953,-15.294081687927246,-30.43844223022461,medium,10,test,seed10/medium/episode8/step30,14,2,observation_action_only
5,-52.20142364501953,-15.901695251464844,-30.18019676208496,medium,10,test,seed10/medium/episode8/step30,14,2,observation_action_only
1,-36.333717346191406,-24.703922271728516,-24.7835693359375,medium,10,validation,seed10/medium/episode11/step2,14,0,observation_action_only
2,-36.333717346191406,-25.797178268432617,-22.965051651000977,medium,10,validation,seed10/medium/episode11/step2,14,0,observation_action_only
3,-36.333717346191406,-26.191118240356445,-22.888954162597656,medium,10,validation,seed10/medium/episode11/step2,14,0,observation_action_only
5,-36.333717346191406,-26.371273040771484,-20.737905502319336,medium,10,validation,seed10/medium/episode11/step2,14,0,observation_action_only
2,-36.333717346191406,-18.616596221923828,-20.72885513305664,medium,10,validation,seed10/medium/episode11/step2,14,1,observation_action_only
4,-36.333717346191406,-20.727283477783203,-18.590375900268555,medium,10,validation,seed10/medium/episode11/step2,14,1,observation_action_only
5,-36.333717346191406,-20.96011734008789,-18.45661163330078,medium,10,validation,seed10/medium/episode11/step2,14,1,observation_action_only
5,-36.333717346191406,-14.309948921203613,-20.6731014251709,medium,10,validation,seed10/medium/episode11/step2,14,2,observation_action_only
5,-54.48463439941406,-39.168922424316406,-29.95248794555664,medium,10,train,seed10/medium/episode3/step17,14,0,observation_action_only
5,-54.48463439941406,-36.869503021240234,-27.662372589111328,medium,10,train,seed10/medium/episode3/step17,14,1,observation_action_only
1,-54.48463439941406,-30.206525802612305,-34.204463958740234,medium,10,train,seed10/medium/episode3/step17,14,2,observation_action_only
5,-54.48463439941406,-30.34027862548828,-30.089061737060547,medium,10,train,seed10/medium/episode3/step17,14,2,observation_action_only
5,-51.40619659423828,-14.173257827758789,-25.894615173339844,medium,10,train,seed10/medium/episode12/step3,14,0,observation_action_only
0,-51.40619659423828,-15.643163681030273,-28.0908203125,medium,10,train,seed10/medium/episode12/step3,14,1,observation_action_only
1,-51.40619659423828,-21.415624618530273,-27.86048126220703,medium,10,train,seed10/medium/episode12/step3,14,1,observation_action_only
2,-51.40619659423828,-16.50662612915039,-26.01361083984375,medium,10,train,seed10/medium/episode12/step3,14,1,observation_action_only
4,-51.40619659423828,-17.357559204101562,-24.024169921875,medium,10,train,seed10/medium/episode12/step3,14,1,observation_action_only
5,-51.40619659423828,-25.153074264526367,-23.740463256835938,medium,10,train,seed10/medium/episode12/step3,14,1,observation_action_only
5,-51.40619659423828,-24.997943878173828,-26.030271530151367,medium,10,train,seed10/medium/episode12/step3,14,2,observation_action_only
5,-31.546545028686523,-9.02413272857666,-14.890026092529297,medium,10,train,seed10/medium/episode5/step12,14,0,observation_action_only
5,-31.546545028686523,-14.530287742614746,-12.628064155578613,medium,10,train,seed10/medium/episode5/step12,14,1,observation_action_only
3,-31.546545028686523,-9.952210426330566,-17.298439025878906,medium,10,train,seed10/medium/episode5/step12,14,2,observation_action_only
5,-31.546545028686523,-1.920183777809143,-15.015460968017578,medium,10,train,seed10/medium/episode5/step12,14,2,observation_action_only
5,-37.825347900390625,1.0332249402999878,-32.39732360839844,medium,10,validation,seed10/medium/episode9/step13,14,0,observation_action_only
5,-37.825347900390625,-0.4318791627883911,-30.208282470703125,medium,10,validation,seed10/medium/episode9/step13,14,1,observation_action_only
1,-37.825347900390625,-4.53907585144043,-36.71940612792969,medium,10,validation,seed10/medium/episode9/step13,14,2,observation_action_only
5,-37.825347900390625,-4.579248905181885,-32.59517288208008,medium,10,validation,seed10/medium/episode9/step13,14,2,observation_action_only
5,-11.840337753295898,7.620176315307617,5.908550262451172,medium,10,train,seed10/medium/episode1/step40,14,0,observation_action_only
5,-11.840337753295898,7.128280162811279,7.847272872924805,medium,10,train,seed10/medium/episode1/step40,14,1,observation_action_only
1,-11.840337753295898,6.893083572387695,2.2434864044189453,medium,10,train,seed10/medium/episode1/step40,14,2,observation_action_only
5,-11.840337753295898,3.765859365463257,5.844682693481445,medium,10,train,seed10/medium/episode1/step40,14,2,observation_action_only
0,-32.780826568603516,-36.680728912353516,-23.28509521484375,time_pressure,10,train,seed10/time_pressure/episode17/step4,14,0,observation_action_only
1,-32.780826568603516,-18.68159294128418,-23.093061447143555,time_pressure,10,train,seed10/time_pressure/episode17/step4,14,0,observation_action_only
2,-32.780826568603516,-6.104510307312012,-21.372098922729492,time_pressure,10,train,seed10/time_pressure/episode17/step4,14,0,observation_action_only
3,-32.780826568603516,-21.79892921447754,-21.3050537109375,time_pressure,10,train,seed10/time_pressure/episode17/step4,14,0,observation_action_only
4,-32.780826568603516,-29.252639770507812,-19.330631256103516,time_pressure,10,train,seed10/time_pressure/episode17/step4,14,0,observation_action_only
5,-32.780826568603516,-28.6420955657959,-19.182907104492188,time_pressure,10,train,seed10/time_pressure/episode17/step4,14,0,observation_action_only
0,-32.780826568603516,0.32874318957328796,-21.011335372924805,time_pressure,10,train,seed10/time_pressure/episode17/step4,14,1,observation_action_only
1,-32.780826568603516,0.32874318957328796,-20.800395965576172,time_pressure,10,train,seed10/time_pressure/episode17/step4,14,1,observation_action_only
2,-32.780826568603516,12.691333770751953,-19.130422592163086,time_pressure,10,train,seed10/time_pressure/episode17/step4,14,1,observation_action_only
3,-32.780826568603516,0.47014516592025757,-19.044721603393555,time_pressure,10,train,seed10/time_pressure/episode17/step4,14,1,observation_action_only
4,-32.780826568603516,13.072425842285156,-17.08603286743164,time_pressure,10,train,seed10/time_pressure/episode17/step4,14,1,observation_action_only
5,-32.780826568603516,-16.217052459716797,-16.90081787109375,time_pressure,10,train,seed10/time_pressure/episode17/step4,14,1,observation_action_only
2,-32.780826568603516,-8.995748519897461,-21.46776580810547,time_pressure,10,train,seed10/time_pressure/episode17/step4,14,2,observation_action_only
3,-32.780826568603516,-8.37341594696045,-21.408395767211914,time_pressure,10,train,seed10/time_pressure/episode17/step4,14,2,observation_action_only
5,-32.780826568603516,-8.69400405883789,-19.252168655395508,time_pressure,10,train,seed10/time_pressure/episode17/step4,14,2,observation_action_only
5,-12.364377975463867,-0.23333290219306946,-20.300382614135742,time_pressure,10,train,seed10/time_pressure/episode2/step16,14,0,observation_action_only
5,-12.364377975463867,-20.81153106689453,-18.077781677246094,time_pressure,10,train,seed10/time_pressure/episode2/step16,14,1,observation_action_only
4,-12.364377975463867,-4.30639123916626,-20.71996307373047,time_pressure,10,train,seed10/time_pressure/episode2/step16,14,2,observation_action_only
5,-12.364377975463867,-1.2189213037490845,-20.505796432495117,time_pressure,10,train,seed10/time_pressure/episode2/step16,14,2,observation_action_only
0,-33.68705749511719,-38.635337829589844,-28.73908042907715,time_pressure,10,test,seed10/time_pressure/episode13/step2,14,0,observation_action_only
2,-33.68705749511719,-32.22697830200195,-26.733474731445312,time_pressure,10,test,seed10/time_pressure/episode13/step2,14,0,observation_action_only
4,-33.68705749511719,-33.35552215576172,-24.646339416503906,time_pressure,10,test,seed10/time_pressure/episode13/step2,14,0,observation_action_only
5,-33.68705749511719,-31.707569122314453,-24.442890167236328,time_pressure,10,test,seed10/time_pressure/episode13/step2,14,0,observation_action_only
1,-33.68705749511719,-24.88421058654785,-26.281423568725586,time_pressure,10,test,seed10/time_pressure/episode13/step2,14,1,observation_action_only
2,-33.68705749511719,-24.577547073364258,-24.553592681884766,time_pressure,10,test,seed10/time_pressure/episode13/step2,14,1,observation_action_only
5,-33.68705749511719,-24.018342971801758,-22.24369239807129,time_pressure,10,test,seed10/time_pressure/episode13/step2,14,1,observation_action_only
5,-33.68705749511719,-30.824386596679688,-24.562557220458984,time_pressure,10,test,seed10/time_pressure/episode13/step2,14,2,observation_action_only
5,-33.07527542114258,-39.6837272644043,-26.824249267578125,time_pressure,10,train,seed10/time_pressure/episode7/step9,14,0,observation_action_only
1,-33.07527542114258,-26.42143440246582,-28.790481567382812,time_pressure,10,train,seed10/time_pressure/episode7/step9,14,1,observation_action_only
2,-33.07527542114258,-36.100372314453125,-26.96232795715332,time_pressure,10,train,seed10/time_pressure/episode7/step9,14,1,observation_action_only
4,-33.07527542114258,-26.61481475830078,-24.850725173950195,time_pressure,10,train,seed10/time_pressure/episode7/step9,14,1,observation_action_only
5,-33.07527542114258,-36.14894485473633,-24.63890266418457,time_pressure,10,train,seed10/time_pressure/episode7/step9,14,1,observation_action_only
1,-33.07527542114258,-46.95102310180664,-31.178813934326172,time_pressure,10,train,seed10/time_pressure/episode7/step9,14,2,observation_action_only
5,-33.07527542114258,-42.86922836303711,-27.00444984436035,time_pressure,10,train,seed10/time_pressure/episode7/step9,14,2,observation_action_only
1,-29.5692138671875,-21.90455436706543,-31.630605697631836,time_pressure,10,train,seed10/time_pressure/episode6/step2,14,0,observation_action_only
3,-29.5692138671875,-23.093769073486328,-29.76074981689453,time_pressure,10,train,seed10/time_pressure/episode6/step2,14,0,observation_action_only
4,-29.5692138671875,-21.747642517089844,-27.669313430786133,time_pressure,10,train,seed10/time_pressure/episode6/step2,14,0,observation_action_only
5,-29.5692138671875,-24.489959716796875,-27.574918746948242,time_pressure,10,train,seed10/time_pressure/episode6/step2,14,0,observation_action_only
1,-29.5692138671875,-26.203153610229492,-29.51782989501953,time_pressure,10,train,seed10/time_pressure/episode6/step2,14,1,observation_action_only
3,-29.5692138671875,-26.203153610229492,-27.66423797607422,time_pressure,10,train,seed10/time_pressure/episode6/step2,14,1,observation_action_only
5,-29.5692138671875,-28.36974334716797,-25.464847564697266,time_pressure,10,train,seed10/time_pressure/episode6/step2,14,1,observation_action_only
5,-29.5692138671875,-34.7044792175293,-27.742944717407227,time_pressure,10,train,seed10/time_pressure/episode6/step2,14,2,observation_action_only
5,-44.84532165527344,-17.421295166015625,-51.245338439941406,time_pressure,10,train,seed10/time_pressure/episode16/step9,14,0,observation_action_only
5,-44.84532165527344,-65.22337341308594,-49.253173828125,time_pressure,10,train,seed10/time_pressure/episode16/step9,14,1,observation_action_only
0,-44.84532165527344,-73.95187377929688,-55.53400802612305,time_pressure,10,train,seed10/time_pressure/episode16/step9,14,2,observation_action_only
1,-44.84532165527344,-65.7739028930664,-55.35619354248047,time_pressure,10,train,seed10/time_pressure/episode16/step9,14,2,observation_action_only
4,-44.84532165527344,-71.34691619873047,-51.79853057861328,time_pressure,10,train,seed10/time_pressure/episode16/step9,14,2,observation_action_only
5,-44.84532165527344,-70.97869873046875,-51.56304168701172,time_pressure,10,train,seed10/time_pressure/episode16/step9,14,2,observation_action_only
5,-46.35187911987305,-77.09550476074219,-51.63471221923828,time_pressure,10,train,seed10/time_pressure/episode16/step10,14,0,observation_action_only
5,-46.35187911987305,-59.04667663574219,-49.646705627441406,time_pressure,10,train,seed10/time_pressure/episode16/step10,14,1,observation_action_only
0,-46.35187911987305,-82.70098114013672,-55.914669036865234,time_pressure,10,train,seed10/time_pressure/episode16/step10,14,2,observation_action_only
1,-46.35187911987305,-66.52872467041016,-55.738014221191406,time_pressure,10,train,seed10/time_pressure/episode16/step10,14,2,observation_action_only
4,-46.35187911987305,-72.26375579833984,-52.193458557128906,time_pressure,10,train,seed10/time_pressure/episode16/step10,14,2,observation_action_only
5,-46.35187911987305,-72.59828186035156,-51.959251403808594,time_pressure,10,train,seed10/time_pressure/episode16/step10,14,2,observation_action_only
5,-30.79086685180664,-8.568219184875488,-24.299468994140625,time_pressure,10,validation,seed10/time_pressure/episode15/step14,14,0,observation_action_only
5,-30.79086685180664,-12.198286056518555,-22.071123123168945,time_pressure,10,validation,seed10/time_pressure/episode15/step14,14,1,observation_action_only
1,-30.79086685180664,-6.0362982749938965,-28.534046173095703,time_pressure,10,validation,seed10/time_pressure/episode15/step14,14,2,observation_action_only
5,-30.79086685180664,-6.082505226135254,-24.432933807373047,time_pressure,10,validation,seed10/time_pressure/episode15/step14,14,2,observation_action_only
5,-35.37253189086914,-51.63031005859375,-31.298580169677734,time_pressure,10,test,seed10/time_pressure/episode7/step12,14,0,observation_action_only
5,-35.37253189086914,-48.780174255371094,-29.13870620727539,time_pressure,10,test,seed10/time_pressure/episode7/step12,14,1,observation_action_only
1,-35.37253189086914,-43.77391815185547,-35.6717529296875,time_pressure,10,test,seed10/time_pressure/episode7/step12,14,2,observation_action_only
4,-35.37253189086914,-35.68687057495117,-31.739971160888672,time_pressure,10,test,seed10/time_pressure/episode7/step12,14,2,observation_action_only
5,-35.37253189086914,-43.95708465576172,-31.533950805664062,time_pressure,10,test,seed10/time_pressure/episode7/step12,14,2,observation_action_only
5,-54.286766052246094,-49.65937805175781,-49.56604766845703,time_pressure,10,train,seed10/time_pressure/episode4/step12,14,0,observation_action_only
5,-54.286766052246094,-61.54647445678711,-47.441856384277344,time_pressure,10,train,seed10/time_pressure/episode4/step12,14,1,observation_action_only
2,-54.286766052246094,-65.97720336914062,-51.904441833496094,time_pressure,10,train,seed10/time_pressure/episode4/step12,14,2,observation_action_only
3,-54.286766052246094,-70.48692321777344,-51.83995819091797,time_pressure,10,train,seed10/time_pressure/episode4/step12,14,2,observation_action_only
5,-54.286766052246094,-65.97906494140625,-49.7911376953125,time_pressure,10,train,seed10/time_pressure/episode4/step12,14,2,observation_action_only
5,-13.580699920654297,-43.26108932495117,-28.92857551574707,time_pressure,10,validation,seed10/time_pressure/episode10/step14,14,0,observation_action_only
5,-13.580699920654297,-36.904335021972656,-26.667892456054688,time_pressure,10,validation,seed10/time_pressure/episode10/step14,14,1,observation_action_only
1,-13.580699920654297,-37.1174430847168,-33.122039794921875,time_pressure,10,validation,seed10/time_pressure/episode10/step14,14,2,observation_action_only
5,-13.580699920654297,-33.564735412597656,-29.0693359375,time_pressure,10,validation,seed10/time_pressure/episode10/step14,14,2,observation_action_only
5,-10.575489044189453,-17.48856544494629,-27.5889892578125,time_pressure,10,validation,seed10/time_pressure/episode10/step8,14,0,observation_action_only
5,-10.575489044189453,-14.4224853515625,-25.33953094482422,time_pressure,10,validation,seed10/time_pressure/episode10/step8,14,1,observation_action_only
1,-10.575489044189453,-18.692123413085938,-31.749439239501953,time_pressure,10,validation,seed10/time_pressure/episode10/step8,14,2,observation_action_only
5,-10.575489044189453,-18.807222366333008,-27.7166748046875,time_pressure,10,validation,seed10/time_pressure/episode10/step8,14,2,observation_action_only
1,-28.793285369873047,-31.893980026245117,-24.880577087402344,time_pressure,10,train,seed10/time_pressure/episode3/step7,14,0,observation_action_only
2,-28.793285369873047,-30.205974578857422,-23.02930450439453,time_pressure,10,train,seed10/time_pressure/episode3/step7,14,0,observation_action_only
5,-28.793285369873047,-24.612285614013672,-20.805753707885742,time_pressure,10,train,seed10/time_pressure/episode3/step7,14,0,observation_action_only
5,-28.793285369873047,-1.5589079856872559,-18.571840286254883,time_pressure,10,train,seed10/time_pressure/episode3/step7,14,1,observation_action_only
1,-28.793285369873047,-20.561504364013672,-25.038156509399414,time_pressure,10,train,seed10/time_pressure/episode3/step7,14,2,observation_action_only
5,-28.793285369873047,-20.661182403564453,-20.93868064880371,time_pressure,10,train,seed10/time_pressure/episode3/step7,14,2,observation_action_only
5,-57.466217041015625,-46.90613555908203,-29.631542205810547,time_pressure,10,train,seed10/time_pressure/episode11/step26,14,0,observation_action_only
5,-57.466217041015625,-32.320556640625,-27.397655487060547,time_pressure,10,train,seed10/time_pressure/episode11/step26,14,1,observation_action_only
2,-57.466217041015625,-40.386505126953125,-32.23358917236328,time_pressure,10,train,seed10/time_pressure/episode11/step26,14,2,observation_action_only
3,-57.466217041015625,-40.386505126953125,-32.147274017333984,time_pressure,10,train,seed10/time_pressure/episode11/step26,14,2,observation_action_only
4,-57.466217041015625,-40.386505126953125,-30.088422775268555,time_pressure,10,train,seed10/time_pressure/episode11/step26,14,2,observation_action_only
5,-57.466217041015625,-43.738609313964844,-29.84176254272461,time_pressure,10,train,seed10/time_pressure/episode11/step26,14,2,observation_action_only
5,-46.59867477416992,-14.837443351745605,-33.00749206542969,time_pressure,10,test,seed10/time_pressure/episode1/step16,14,0,observation_action_only
5,-46.59867477416992,-35.28004837036133,-30.759353637695312,time_pressure,10,test,seed10/time_pressure/episode1/step16,14,1,observation_action_only
1,-46.59867477416992,-33.70951843261719,-37.25983428955078,time_pressure,10,test,seed10/time_pressure/episode1/step16,14,2,observation_action_only
2,-46.59867477416992,-33.70951843261719,-35.56136703491211,time_pressure,10,test,seed10/time_pressure/episode1/step16,14,2,observation_action_only
4,-46.59867477416992,-33.70951843261719,-33.44672775268555,time_pressure,10,test,seed10/time_pressure/episode1/step16,14,2,observation_action_only
5,-46.59867477416992,-40.005157470703125,-33.26606750488281,time_pressure,10,test,seed10/time_pressure/episode1/step16,14,2,observation_action_only
5,-58.83220672607422,-38.66096878051758,-38.52906799316406,heterogeneity_pressure,10,train,seed10/heterogeneity_pressure/episode6/step19,14,0,observation_action_only
5,-58.83220672607422,-37.06432342529297,-36.32996368408203,heterogeneity_pressure,10,train,seed10/heterogeneity_pressure/episode6/step19,14,1,observation_action_only
3,-58.83220672607422,-32.142147064208984,-40.937110900878906,heterogeneity_pressure,10,train,seed10/heterogeneity_pressure/episode6/step19,14,2,observation_action_only
4,-58.83220672607422,-32.142147064208984,-38.982635498046875,heterogeneity_pressure,10,train,seed10/heterogeneity_pressure/episode6/step19,14,2,observation_action_only
5,-58.83220672607422,-31.54319953918457,-38.72867965698242,heterogeneity_pressure,10,train,seed10/heterogeneity_pressure/episode6/step19,14,2,observation_action_only
5,-50.585025787353516,-24.075105667114258,-21.987991333007812,heterogeneity_pressure,10,train,seed10/heterogeneity_pressure/episode14/step21,14,0,observation_action_only
5,-50.585025787353516,-26.947134017944336,-19.664648056030273,heterogeneity_pressure,10,train,seed10/heterogeneity_pressure/episode14/step21,14,1,observation_action_only
0,-50.585025787353516,-24.11383628845215,-26.411128997802734,heterogeneity_pressure,10,train,seed10/heterogeneity_pressure/episode14/step21,14,2,observation_action_only
2,-50.585025787353516,-26.49840545654297,-24.494224548339844,heterogeneity_pressure,10,train,seed10/heterogeneity_pressure/episode14/step21,14,2,observation_action_only
5,-50.585025787353516,-28.76556968688965,-22.127273559570312,heterogeneity_pressure,10,train,seed10/heterogeneity_pressure/episode14/step21,14,2,observation_action_only
0,-38.196128845214844,-9.163990020751953,-29.304288864135742,heterogeneity_pressure,10,test,seed10/heterogeneity_pressure/episode7/step2,14,0,observation_action_only
1,-38.196128845214844,-13.489645004272461,-29.18741226196289,heterogeneity_pressure,10,test,seed10/heterogeneity_pressure/episode7/step2,14,0,observation_action_only
2,-38.196128845214844,-8.96423625946045,-27.20707893371582,heterogeneity_pressure,10,test,seed10/heterogeneity_pressure/episode7/step2,14,0,observation_action_only
3,-38.196128845214844,-12.908406257629395,-27.253108978271484,heterogeneity_pressure,10,test,seed10/heterogeneity_pressure/episode7/step2,14,0,observation_action_only
4,-38.196128845214844,-8.053070068359375,-25.199384689331055,heterogeneity_pressure,10,test,seed10/heterogeneity_pressure/episode7/step2,14,0,observation_action_only
5,-38.196128845214844,-19.270116806030273,-25.00090789794922,heterogeneity_pressure,10,test,seed10/heterogeneity_pressure/episode7/step2,14,0,observation_action_only
0,-38.196128845214844,-22.523283004760742,-27.108360290527344,heterogeneity_pressure,10,test,seed10/heterogeneity_pressure/episode7/step2,14,1,observation_action_only
2,-38.196128845214844,-22.523283004760742,-25.050886154174805,heterogeneity_pressure,10,test,seed10/heterogeneity_pressure/episode7/step2,14,1,observation_action_only
5,-38.196128845214844,-24.002248764038086,-22.80472183227539,heterogeneity_pressure,10,test,seed10/heterogeneity_pressure/episode7/step2,14,1,observation_action_only
5,-38.196128845214844,-17.880714416503906,-25.154842376708984,heterogeneity_pressure,10,test,seed10/heterogeneity_pressure/episode7/step2,14,2,observation_action_only
5,-38.58123779296875,-28.087331771850586,-26.158798217773438,heterogeneity_pressure,10,test,seed10/heterogeneity_pressure/episode2/step23,14,0,observation_action_only
5,-38.58123779296875,-12.319510459899902,-23.879961013793945,heterogeneity_pressure,10,test,seed10/heterogeneity_pressure/episode2/step23,14,1,observation_action_only
0,-38.58123779296875,-21.47611427307129,-30.658580780029297,heterogeneity_pressure,10,test,seed10/heterogeneity_pressure/episode2/step23,14,2,observation_action_only
2,-38.58123779296875,-28.587726593017578,-28.72895050048828,heterogeneity_pressure,10,test,seed10/heterogeneity_pressure/episode2/step23,14,2,observation_action_only
3,-38.58123779296875,-22.938146591186523,-28.649795532226562,heterogeneity_pressure,10,test,seed10/heterogeneity_pressure/episode2/step23,14,2,observation_action_only
5,-38.58123779296875,-24.743135452270508,-26.336467742919922,heterogeneity_pressure,10,test,seed10/heterogeneity_pressure/episode2/step23,14,2,observation_action_only
1,-39.98905944824219,-24.093046188354492,-34.383216857910156,heterogeneity_pressure,10,train,seed10/heterogeneity_pressure/episode2/step1,14,0,observation_action_only
3,-39.98905944824219,-19.301279067993164,-32.569358825683594,heterogeneity_pressure,10,train,seed10/heterogeneity_pressure/episode2/step1,14,0,observation_action_only
4,-39.98905944824219,-22.357072830200195,-30.49099349975586,heterogeneity_pressure,10,train,seed10/heterogeneity_pressure/episode2/step1,14,0,observation_action_only
5,-39.98905944824219,-22.43428611755371,-30.346555709838867,heterogeneity_pressure,10,train,seed10/heterogeneity_pressure/episode2/step1,14,0,observation_action_only
5,-39.98905944824219,-25.5206241607666,-28.13474464416504,heterogeneity_pressure,10,train,seed10/heterogeneity_pressure/episode2/step1,14,1,observation_action_only
5,-39.98905944824219,-20.704065322875977,-30.478960037231445,heterogeneity_pressure,10,train,seed10/heterogeneity_pressure/episode2/step1,14,2,observation_action_only
5,-38.9393310546875,-28.762115478515625,-25.94094467163086,heterogeneity_pressure,10,test,seed10/heterogeneity_pressure/episode2/step24,14,0,observation_action_only
5,-38.9393310546875,-26.229232788085938,-23.660938262939453,heterogeneity_pressure,10,test,seed10/heterogeneity_pressure/episode2/step24,14,1,observation_action_only
0,-38.9393310546875,-17.024948120117188,-30.44417381286621,heterogeneity_pressure,10,test,seed10/heterogeneity_pressure/episode2/step24,14,2,observation_action_only
2,-38.9393310546875,-23.69082260131836,-28.512496948242188,heterogeneity_pressure,10,test,seed10/heterogeneity_pressure/episode2/step24,14,2,observation_action_only
3,-38.9393310546875,-23.69082260131836,-28.433856964111328,heterogeneity_pressure,10,test,seed10/heterogeneity_pressure/episode2/step24,14,2,observation_action_only
5,-38.9393310546875,-25.455245971679688,-26.118465423583984,heterogeneity_pressure,10,test,seed10/heterogeneity_pressure/episode2/step24,14,2,observation_action_only
5,-45.44908142089844,-7.2376604080200195,-21.748092651367188,heterogeneity_pressure,10,validation,seed10/heterogeneity_pressure/episode7/step26,14,0,observation_action_only
5,-45.44908142089844,-17.316743850708008,-19.503023147583008,heterogeneity_pressure,10,validation,seed10/heterogeneity_pressure/episode7/step26,14,1,observation_action_only
1,-45.44908142089844,-7.2078399658203125,-26.284835815429688,heterogeneity_pressure,10,validation,seed10/heterogeneity_pressure/episode7/step26,14,2,observation_action_only
5,-45.44908142089844,-13.645308494567871,-22.018049240112305,heterogeneity_pressure,10,validation,seed10/heterogeneity_pressure/episode7/step26,14,2,observation_action_only
5,-20.816810607910156,-16.07911491394043,-17.53400230407715,heterogeneity_pressure,10,train,seed10/heterogeneity_pressure/episode9/step24,14,0,observation_action_only
5,-20.816810607910156,-14.442678451538086,-15.38096809387207,heterogeneity_pressure,10,train,seed10/heterogeneity_pressure/episode9/step24,14,1,observation_action_only
0,-20.816810607910156,-13.864917755126953,-22.046756744384766,heterogeneity_pressure,10,train,seed10/heterogeneity_pressure/episode9/step24,14,2,observation_action_only
1,-20.816810607910156,-13.909819602966309,-21.927186965942383,heterogeneity_pressure,10,train,seed10/heterogeneity_pressure/episode9/step24,14,2,observation_action_only
2,-20.816810607910156,-10.30628776550293,-20.159780502319336,heterogeneity_pressure,10,train,seed10/heterogeneity_pressure/episode9/step24,14,2,observation_action_only
5,-20.816810607910156,-15.747425079345703,-17.708782196044922,heterogeneity_pressure,10,train,seed10/heterogeneity_pressure/episode9/step24,14,2,observation_action_only
0,-41.504188537597656,-17.263614654541016,-26.39133644104004,heterogeneity_pressure,10,validation,seed10/heterogeneity_pressure/episode14/step3,14,0,observation_action_only
1,-41.504188537597656,-17.360780715942383,-26.30888557434082,heterogeneity_pressure,10,validation,seed10/heterogeneity_pressure/episode14/step3,14,0,observation_action_only
4,-41.504188537597656,-20.049043655395508,-22.43827247619629,heterogeneity_pressure,10,validation,seed10/heterogeneity_pressure/episode14/step3,14,0,observation_action_only
5,-41.504188537597656,-17.062252044677734,-22.221580505371094,heterogeneity_pressure,10,validation,seed10/heterogeneity_pressure/episode14/step3,14,0,observation_action_only
0,-41.504188537597656,-21.08688735961914,-24.114521026611328,heterogeneity_pressure,10,validation,seed10/heterogeneity_pressure/episode14/step3,14,1,observation_action_only
1,-41.504188537597656,-21.08688735961914,-24.008813858032227,heterogeneity_pressure,10,validation,seed10/heterogeneity_pressure/episode14/step3,14,1,observation_action_only
4,-41.504188537597656,-20.81922721862793,-20.193723678588867,heterogeneity_pressure,10,validation,seed10/heterogeneity_pressure/episode14/step3,14,1,observation_action_only
5,-41.504188537597656,-22.920564651489258,-19.93212127685547,heterogeneity_pressure,10,validation,seed10/heterogeneity_pressure/episode14/step3,14,1,observation_action_only
5,-41.504188537597656,-28.65008544921875,-22.31411361694336,heterogeneity_pressure,10,validation,seed10/heterogeneity_pressure/episode14/step3,14,2,observation_action_only
5,-36.69670867919922,-44.103363037109375,-25.211820602416992,heterogeneity_pressure,10,validation,seed10/heterogeneity_pressure/episode3/step12,14,0,observation_action_only
5,-36.69670867919922,-55.59968185424805,-22.957683563232422,heterogeneity_pressure,10,validation,seed10/heterogeneity_pressure/episode3/step12,14,1,observation_action_only
1,-36.69670867919922,-40.278221130371094,-29.59372901916504,heterogeneity_pressure,10,validation,seed10/heterogeneity_pressure/episode3/step12,14,2,observation_action_only
5,-36.69670867919922,-36.55768585205078,-25.415775299072266,heterogeneity_pressure,10,validation,seed10/heterogeneity_pressure/episode3/step12,14,2,observation_action_only
5,-51.90120315551758,-34.20975875854492,-28.48469352722168,heterogeneity_pressure,10,train,seed10/heterogeneity_pressure/episode5/step28,14,0,observation_action_only
5,-51.90120315551758,-27.370765686035156,-26.3295955657959,heterogeneity_pressure,10,train,seed10/heterogeneity_pressure/episode5/step28,14,1,observation_action_only
0,-51.90120315551758,-33.25312805175781,-33.048465728759766,heterogeneity_pressure,10,train,seed10/heterogeneity_pressure/episode5/step28,14,2,observation_action_only
1,-51.90120315551758,-36.06590270996094,-32.8514404296875,heterogeneity_pressure,10,train,seed10/heterogeneity_pressure/episode5/step28,14,2,observation_action_only
2,-51.90120315551758,-35.79221725463867,-31.06311798095703,heterogeneity_pressure,10,train,seed10/heterogeneity_pressure/episode5/step28,14,2,observation_action_only
3,-51.90120315551758,-26.431835174560547,-30.955974578857422,heterogeneity_pressure,10,train,seed10/heterogeneity_pressure/episode5/step28,14,2,observation_action_only
5,-51.90120315551758,-33.51583480834961,-28.684078216552734,heterogeneity_pressure,10,train,seed10/heterogeneity_pressure/episode5/step28,14,2,observation_action_only
5,-35.575931549072266,-26.57111358642578,-24.58482551574707,heterogeneity_pressure,10,train,seed10/heterogeneity_pressure/episode2/step20,14,0,observation_action_only
5,-35.575931549072266,-10.801885604858398,-22.317047119140625,heterogeneity_pressure,10,train,seed10/heterogeneity_pressure/episode2/step20,14,1,observation_action_only
0,-35.575931549072266,-13.672247886657715,-29.08915901184082,heterogeneity_pressure,10,train,seed10/heterogeneity_pressure/episode2/step20,14,2,observation_action_only
3,-35.575931549072266,-13.672247886657715,-27.071475982666016,heterogeneity_pressure,10,train,seed10/heterogeneity_pressure/episode2/step20,14,2,observation_action_only
5,-35.575931549072266,-8.164082527160645,-24.75806999206543,heterogeneity_pressure,10,train,seed10/heterogeneity_pressure/episode2/step20,14,2,observation_action_only
0,-33.939884185791016,-33.39618682861328,-27.672103881835938,heterogeneity_pressure,10,train,seed10/heterogeneity_pressure/episode4/step3,14,0,observation_action_only
1,-33.939884185791016,-30.177461624145508,-27.57647705078125,heterogeneity_pressure,10,train,seed10/heterogeneity_pressure/episode4/step3,14,0,observation_action_only
2,-33.939884185791016,-31.998798370361328,-25.743389129638672,heterogeneity_pressure,10,train,seed10/heterogeneity_pressure/episode4/step3,14,0,observation_action_only
3,-33.939884185791016,-33.39618682861328,-25.645065307617188,heterogeneity_pressure,10,train,seed10/heterogeneity_pressure/episode4/step3,14,0,observation_action_only
5,-33.939884185791016,-27.088605880737305,-23.458581924438477,heterogeneity_pressure,10,train,seed10/heterogeneity_pressure/episode4/step3,14,0,observation_action_only
5,-33.939884185791016,-33.062042236328125,-21.231698989868164,heterogeneity_pressure,10,train,seed10/heterogeneity_pressure/episode4/step3,14,1,observation_action_only
1,-33.939884185791016,-28.230480194091797,-27.74917221069336,heterogeneity_pressure,10,train,seed10/heterogeneity_pressure/episode4/step3,14,2,observation_action_only
5,-33.939884185791016,-31.333965301513672,-23.623327255249023,heterogeneity_pressure,10,train,seed10/heterogeneity_pressure/episode4/step3,14,2,observation_action_only
5,-21.775144577026367,0.2643786668777466,2.622539520263672,heterogeneity_pressure,10,train,seed10/heterogeneity_pressure/episode8/step22,14,0,observation_action_only
3,-21.775144577026367,-3.66011905670166,2.6220664978027344,heterogeneity_pressure,10,train,seed10/heterogeneity_pressure/episode8/step22,14,1,observation_action_only
5,-21.775144577026367,-3.601792573928833,4.595916748046875,heterogeneity_pressure,10,train,seed10/heterogeneity_pressure/episode8/step22,14,1,observation_action_only
5,-21.775144577026367,-3.66011905670166,2.4821929931640625,heterogeneity_pressure,10,train,seed10/heterogeneity_pressure/episode8/step22,14,2,observation_action_only
5,-51.97251510620117,-27.609771728515625,-28.23968505859375,heterogeneity_pressure,10,train,seed10/heterogeneity_pressure/episode6/step4,14,0,observation_action_only
1,-51.97251510620117,-31.595455169677734,-30.173076629638672,heterogeneity_pressure,10,train,seed10/heterogeneity_pressure/episode6/step4,14,1,observation_action_only
3,-51.97251510620117,-32.502044677734375,-28.35257339477539,heterogeneity_pressure,10,train,seed10/heterogeneity_pressure/episode6/step4,14,1,observation_action_only
4,-51.97251510620117,-32.502044677734375,-26.296855926513672,heterogeneity_pressure,10,train,seed10/heterogeneity_pressure/episode6/step4,14,1,observation_action_only
5,-51.97251510620117,-31.995540618896484,-26.012977600097656,heterogeneity_pressure,10,train,seed10/heterogeneity_pressure/episode6/step4,14,1,observation_action_only
5,-51.97251510620117,-32.19270706176758,-28.364227294921875,heterogeneity_pressure,10,train,seed10/heterogeneity_pressure/episode6/step4,14,2,observation_action_only
1,-29.492202758789062,-33.10894012451172,-28.60153579711914,medium,8,train,seed8/medium/episode2/step11,15,0,observation_action_only
2,-29.492202758789062,-35.710018157958984,-27.703144073486328,medium,8,train,seed8/medium/episode2/step11,15,0,observation_action_only
4,-29.492202758789062,-35.71991729736328,-24.57109260559082,medium,8,train,seed8/medium/episode2/step11,15,0,observation_action_only
5,-29.492202758789062,-34.18324279785156,-25.578901290893555,medium,8,train,seed8/medium/episode2/step11,15,0,observation_action_only
0,-29.492202758789062,-28.808088302612305,-27.344823837280273,medium,8,train,seed8/medium/episode2/step11,15,1,observation_action_only
1,-29.492202758789062,-26.458133697509766,-25.41007423400879,medium,8,train,seed8/medium/episode2/step11,15,1,observation_action_only
3,-29.492202758789062,-28.89006996154785,-24.084646224975586,medium,8,train,seed8/medium/episode2/step11,15,1,observation_action_only
5,-29.492202758789062,-33.381927490234375,-22.381372451782227,medium,8,train,seed8/medium/episode2/step11,15,1,observation_action_only
1,-29.492202758789062,-30.486421585083008,-27.48224639892578,medium,8,train,seed8/medium/episode2/step11,15,2,observation_action_only
5,-29.492202758789062,-34.01565933227539,-24.459054946899414,medium,8,train,seed8/medium/episode2/step11,15,2,observation_action_only
0,-35.447757720947266,-26.981813430786133,-19.734622955322266,medium,8,train,seed8/medium/episode9/step0,15,0,observation_action_only
2,-35.447757720947266,-18.885452270507812,-16.92108154296875,medium,8,train,seed8/medium/episode9/step0,15,0,observation_action_only
5,-35.447757720947266,-16.642976760864258,-14.720891952514648,medium,8,train,seed8/medium/episode9/step0,15,0,observation_action_only
0,-35.447757720947266,-18.09736442565918,-16.35608673095703,medium,8,train,seed8/medium/episode9/step0,15,1,observation_action_only
2,-35.447757720947266,-18.09736442565918,-13.561344146728516,medium,8,train,seed8/medium/episode9/step0,15,1,observation_action_only
3,-35.447757720947266,-18.09736442565918,-13.268630981445312,medium,8,train,seed8/medium/episode9/step0,15,1,observation_action_only
5,-35.447757720947266,-17.964075088500977,-11.384838104248047,medium,8,train,seed8/medium/episode9/step0,15,1,observation_action_only
5,-35.447757720947266,-11.5684175491333,-13.481362342834473,medium,8,train,seed8/medium/episode9/step0,15,2,observation_action_only
5,-33.44831466674805,-3.587488889694214,-3.4227428436279297,medium,8,train,seed8/medium/episode4/step1,15,0,observation_action_only
5,-33.44831466674805,-9.670360565185547,-0.2991619110107422,medium,8,train,seed8/medium/episode4/step1,15,1,observation_action_only
3,-33.44831466674805,-10.562413215637207,-3.924367904663086,medium,8,train,seed8/medium/episode4/step1,15,2,observation_action_only
5,-33.44831466674805,-11.683401107788086,-2.190113067626953,medium,8,train,seed8/medium/episode4/step1,15,2,observation_action_only
5,-38.55025100708008,-12.062366485595703,-12.140239715576172,medium,8,validation,seed8/medium/episode4/step17,15,0,observation_action_only
0,-38.55025100708008,-6.02097225189209,-13.740147590637207,medium,8,validation,seed8/medium/episode4/step17,15,1,observation_action_only
1,-38.55025100708008,-4.549280643463135,-11.736083030700684,medium,8,validation,seed8/medium/episode4/step17,15,1,observation_action_only
2,-38.55025100708008,-4.620107173919678,-10.927239418029785,medium,8,validation,seed8/medium/episode4/step17,15,1,observation_action_only
5,-38.55025100708008,-5.573254585266113,-8.765297889709473,medium,8,validation,seed8/medium/episode4/step17,15,1,observation_action_only
2,-38.55025100708008,-10.311877250671387,-13.002341270446777,medium,8,validation,seed8/medium/episode4/step17,15,2,observation_action_only
5,-38.55025100708008,-12.753405570983887,-10.842933654785156,medium,8,validation,seed8/medium/episode4/step17,15,2,observation_action_only
5,-31.04770278930664,-23.385412216186523,-33.85868835449219,medium,8,train,seed8/medium/episode15/step20,15,0,observation_action_only
5,-31.04770278930664,-28.9300594329834,-30.670360565185547,medium,8,train,seed8/medium/episode15/step20,15,1,observation_action_only
3,-31.04770278930664,-13.946529388427734,-34.37163543701172,medium,8,train,seed8/medium/episode15/step20,15,2,observation_action_only
5,-31.04770278930664,-11.914278030395508,-32.77656936645508,medium,8,train,seed8/medium/episode15/step20,15,2,observation_action_only
5,4.333680629730225,6.330555438995361,-14.648836135864258,medium,8,validation,seed8/medium/episode7/step36,15,0,observation_action_only
5,4.333680629730225,2.202897787094116,-11.294870376586914,medium,8,validation,seed8/medium/episode7/step36,15,1,observation_action_only
1,4.333680629730225,3.450153350830078,-16.281517028808594,medium,8,validation,seed8/medium/episode7/step36,15,2,observation_action_only
3,4.333680629730225,2.7973337173461914,-15.06240463256836,medium,8,validation,seed8/medium/episode7/step36,15,2,observation_action_only
5,4.333680629730225,1.8345015048980713,-13.257733345031738,medium,8,validation,seed8/medium/episode7/step36,15,2,observation_action_only
0,-26.813440322875977,-12.698175430297852,-23.86149787902832,medium,8,train,seed8/medium/episode3/step0,15,0,observation_action_only
1,-26.813440322875977,-12.2223539352417,-21.805259704589844,medium,8,train,seed8/medium/episode3/step0,15,0,observation_action_only
5,-26.813440322875977,-5.456620216369629,-18.95691680908203,medium,8,train,seed8/medium/episode3/step0,15,0,observation_action_only
0,-26.813440322875977,-21.449033737182617,-20.46932029724121,medium,8,train,seed8/medium/episode3/step0,15,1,observation_action_only
1,-26.813440322875977,-18.53394889831543,-18.434221267700195,medium,8,train,seed8/medium/episode3/step0,15,1,observation_action_only
2,-26.813440322875977,-22.274194717407227,-17.71783447265625,medium,8,train,seed8/medium/episode3/step0,15,1,observation_action_only
5,-26.813440322875977,-5.57970666885376,-15.550579071044922,medium,8,train,seed8/medium/episode3/step0,15,1,observation_action_only
1,-26.813440322875977,-16.29863166809082,-20.52417755126953,medium,8,train,seed8/medium/episode3/step0,15,2,observation_action_only
5,-26.813440322875977,-13.24433422088623,-17.638525009155273,medium,8,train,seed8/medium/episode3/step0,15,2,observation_action_only
5,-0.9851009249687195,-10.886966705322266,-13.365315437316895,medium,8,test,seed8/medium/episode17/step37,15,0,observation_action_only
5,-0.9851009249687195,-8.048867225646973,-10.046448707580566,medium,8,test,seed8/medium/episode17/step37,15,1,observation_action_only
2,-0.9851009249687195,-10.674211502075195,-14.351581573486328,medium,8,test,seed8/medium/episode17/step37,15,2,observation_action_only
3,-0.9851009249687195,-6.5601701736450195,-13.968432426452637,medium,8,test,seed8/medium/episode17/step37,15,2,observation_action_only
5,-0.9851009249687195,-10.049506187438965,-12.237283706665039,medium,8,test,seed8/medium/episode17/step37,15,2,observation_action_only
5,-48.39737319946289,-21.931419372558594,-18.91088104248047,medium,8,train,seed8/medium/episode6/step19,15,0,observation_action_only
5,-48.39737319946289,-14.924541473388672,-15.544849395751953,medium,8,train,seed8/medium/episode6/step19,15,1,observation_action_only
0,-48.39737319946289,-13.654547691345215,-22.699575424194336,medium,8,train,seed8/medium/episode6/step19,15,2,observation_action_only
5,-48.39737319946289,-8.585113525390625,-17.649703979492188,medium,8,train,seed8/medium/episode6/step19,15,2,observation_action_only
5,-15.448270797729492,-10.367734909057617,-12.496989250183105,medium,8,train,seed8/medium/episode2/step20,15,0,observation_action_only
5,-15.448270797729492,-13.286519050598145,-9.28551959991455,medium,8,train,seed8/medium/episode2/step20,15,1,observation_action_only
2,-15.448270797729492,-13.715262413024902,-13.427053451538086,medium,8,train,seed8/medium/episode2/step20,15,2,observation_action_only
5,-15.448270797729492,-15.595102310180664,-11.323992729187012,medium,8,train,seed8/medium/episode2/step20,15,2,observation_action_only
5,-37.370094299316406,-8.017800331115723,-11.959516525268555,medium,8,test,seed8/medium/episode4/step15,15,0,observation_action_only
0,-37.370094299316406,-11.572137832641602,-13.561356544494629,medium,8,test,seed8/medium/episode4/step15,15,1,observation_action_only
1,-37.370094299316406,-5.1192755699157715,-11.558215141296387,medium,8,test,seed8/medium/episode4/step15,15,1,observation_action_only
2,-37.370094299316406,-4.75659704208374,-10.748758316040039,medium,8,test,seed8/medium/episode4/step15,15,1,observation_action_only
5,-37.370094299316406,-10.10085678100586,-8.592336654663086,medium,8,test,seed8/medium/episode4/step15,15,1,observation_action_only
5,-37.370094299316406,-14.092737197875977,-10.665977478027344,medium,8,test,seed8/medium/episode4/step15,15,2,observation_action_only
1,-37.51372528076172,-10.54308795928955,-16.224159240722656,medium,8,validation,seed8/medium/episode12/step14,15,0,observation_action_only
2,-37.51372528076172,-9.292527198791504,-15.393872261047363,medium,8,validation,seed8/medium/episode12/step14,15,0,observation_action_only
4,-37.51372528076172,-10.488576889038086,-12.084089279174805,medium,8,validation,seed8/medium/episode12/step14,15,0,observation_action_only
5,-37.51372528076172,-0.37721431255340576,-13.193692207336426,medium,8,validation,seed8/medium/episode12/step14,15,0,observation_action_only
0,-37.51372528076172,-11.632478713989258,-14.825517654418945,medium,8,validation,seed8/medium/episode12/step14,15,1,observation_action_only
1,-37.51372528076172,-13.118612289428711,-12.838075637817383,medium,8,validation,seed8/medium/episode12/step14,15,1,observation_action_only
4,-37.51372528076172,-10.281124114990234,-8.741281509399414,medium,8,validation,seed8/medium/episode12/step14,15,1,observation_action_only
5,-37.51372528076172,-11.875988006591797,-9.830854415893555,medium,8,validation,seed8/medium/episode12/step14,15,1,observation_action_only
5,-37.51372528076172,-9.637031555175781,-11.855368614196777,medium,8,validation,seed8/medium/episode12/step14,15,2,observation_action_only
0,-33.2150993347168,-33.374916076660156,-32.252647399902344,medium,8,train,seed8/medium/episode2/step15,15,0,observation_action_only
1,-33.2150993347168,-32.93619918823242,-30.332799911499023,medium,8,train,seed8/medium/episode2/step15,15,0,observation_action_only
2,-33.2150993347168,-26.554828643798828,-29.415775299072266,medium,8,train,seed8/medium/episode2/step15,15,0,observation_action_only
3,-33.2150993347168,-28.814056396484375,-28.93238067626953,medium,8,train,seed8/medium/episode2/step15,15,0,observation_action_only
4,-33.2150993347168,-33.07803726196289,-26.302265167236328,medium,8,train,seed8/medium/episode2/step15,15,0,observation_action_only
5,-33.2150993347168,-28.29136085510254,-27.314876556396484,medium,8,train,seed8/medium/episode2/step15,15,0,observation_action_only
0,-33.2150993347168,-34.90782165527344,-29.10020637512207,medium,8,train,seed8/medium/episode2/step15,15,1,observation_action_only
1,-33.2150993347168,-18.301359176635742,-27.161014556884766,medium,8,train,seed8/medium/episode2/step15,15,1,observation_action_only
2,-33.2150993347168,-28.205732345581055,-26.284069061279297,medium,8,train,seed8/medium/episode2/step15,15,1,observation_action_only
3,-33.2150993347168,-28.783782958984375,-25.820327758789062,medium,8,train,seed8/medium/episode2/step15,15,1,observation_action_only
5,-33.2150993347168,-25.361066818237305,-24.137897491455078,medium,8,train,seed8/medium/episode2/step15,15,1,observation_action_only
1,-33.2150993347168,-26.40006446838379,-29.243671417236328,medium,8,train,seed8/medium/episode2/step15,15,2,observation_action_only
5,-33.2150993347168,-27.37781524658203,-26.224632263183594,medium,8,train,seed8/medium/episode2/step15,15,2,observation_action_only
5,-7.551610946655273,-22.827241897583008,-24.78624153137207,medium,8,train,seed8/medium/episode7/step8,15,0,observation_action_only
2,-7.551610946655273,-20.074052810668945,-23.754379272460938,medium,8,train,seed8/medium/episode7/step8,15,1,observation_action_only
4,-7.551610946655273,-21.82307243347168,-20.332012176513672,medium,8,train,seed8/medium/episode7/step8,15,1,observation_action_only
5,-7.551610946655273,-19.989810943603516,-21.460205078125,medium,8,train,seed8/medium/episode7/step8,15,1,observation_action_only
5,-7.551610946655273,-22.747802734375,-23.53169059753418,medium,8,train,seed8/medium/episode7/step8,15,2,observation_action_only
5,-42.05026626586914,-37.09263610839844,-15.244997024536133,medium,8,test,seed8/medium/episode11/step4,15,0,observation_action_only
0,-42.05026626586914,3.3420968055725098,-16.934612274169922,medium,8,test,seed8/medium/episode11/step4,15,1,observation_action_only
1,-42.05026626586914,-18.884119033813477,-14.895263671875,medium,8,test,seed8/medium/episode11/step4,15,1,observation_action_only
2,-42.05026626586914,-16.048072814941406,-14.05172061920166,medium,8,test,seed8/medium/episode11/step4,15,1,observation_action_only
3,-42.05026626586914,-9.627930641174316,-13.703611373901367,medium,8,test,seed8/medium/episode11/step4,15,1,observation_action_only
5,-42.05026626586914,-17.162158966064453,-11.947647094726562,medium,8,test,seed8/medium/episode11/step4,15,1,observation_action_only
1,-42.05026626586914,11.115246772766113,-17.01797103881836,medium,8,test,seed8/medium/episode11/step4,15,2,observation_action_only
3,-42.05026626586914,11.115246772766113,-15.795270919799805,medium,8,test,seed8/medium/episode11/step4,15,2,observation_action_only
5,-42.05026626586914,0.1420089602470398,-14.07179069519043,medium,8,test,seed8/medium/episode11/step4,15,2,observation_action_only
0,-14.634188652038574,4.261696815490723,-12.37156867980957,time_pressure,8,train,seed8/time_pressure/episode17/step3,15,0,observation_action_only
2,-14.634188652038574,5.870260715484619,-9.552018165588379,time_pressure,8,train,seed8/time_pressure/episode17/step3,15,0,observation_action_only
4,-14.634188652038574,5.920765399932861,-6.339994430541992,time_pressure,8,train,seed8/time_pressure/episode17/step3,15,0,observation_action_only
5,-14.634188652038574,10.429814338684082,-7.459742546081543,time_pressure,8,train,seed8/time_pressure/episode17/step3,15,0,observation_action_only
2,-14.634188652038574,5.793713569641113,-6.243396759033203,time_pressure,8,train,seed8/time_pressure/episode17/step3,15,1,observation_action_only
4,-14.634188652038574,8.283580780029297,-3.1013965606689453,time_pressure,8,train,seed8/time_pressure/episode17/step3,15,1,observation_action_only
5,-14.634188652038574,6.379310607910156,-4.212465286254883,time_pressure,8,train,seed8/time_pressure/episode17/step3,15,1,observation_action_only
2,-14.634188652038574,-6.383850574493408,-8.378268241882324,time_pressure,8,train,seed8/time_pressure/episode17/step3,15,2,observation_action_only
4,-14.634188652038574,-1.8439735174179077,-5.185808181762695,time_pressure,8,train,seed8/time_pressure/episode17/step3,15,2,observation_action_only
5,-14.634188652038574,-7.755964756011963,-6.327978134155273,time_pressure,8,train,seed8/time_pressure/episode17/step3,15,2,observation_action_only
5,-12.54377555847168,-14.145971298217773,-26.498355865478516,time_pressure,8,train,seed8/time_pressure/episode10/step7,15,0,observation_action_only
1,-12.54377555847168,-20.319665908813477,-26.285152435302734,time_pressure,8,train,seed8/time_pressure/episode10/step7,15,1,observation_action_only
2,-12.54377555847168,-22.443574905395508,-25.443435668945312,time_pressure,8,train,seed8/time_pressure/episode10/step7,15,1,observation_action_only
3,-12.54377555847168,-23.847597122192383,-25.029685974121094,time_pressure,8,train,seed8/time_pressure/episode10/step7,15,1,observation_action_only
4,-12.54377555847168,-27.918996810913086,-22.07907485961914,time_pressure,8,train,seed8/time_pressure/episode10/step7,15,1,observation_action_only
5,-12.54377555847168,-23.94202423095703,-23.289276123046875,time_pressure,8,train,seed8/time_pressure/episode10/step7,15,1,observation_action_only
3,-12.54377555847168,-14.289409637451172,-27.05164909362793,time_pressure,8,train,seed8/time_pressure/episode10/step7,15,2,observation_action_only
5,-12.54377555847168,-11.84142017364502,-25.373720169067383,time_pressure,8,train,seed8/time_pressure/episode10/step7,15,2,observation_action_only
0,-29.865127563476562,-25.640548706054688,-32.06877136230469,time_pressure,8,validation,seed8/time_pressure/episode0/step2,15,0,observation_action_only
1,-29.865127563476562,-12.728217124938965,-30.13212776184082,time_pressure,8,validation,seed8/time_pressure/episode0/step2,15,0,observation_action_only
3,-29.865127563476562,-15.205229759216309,-28.859817504882812,time_pressure,8,validation,seed8/time_pressure/episode0/step2,15,0,observation_action_only
5,-29.865127563476562,-1.150765061378479,-27.189159393310547,time_pressure,8,validation,seed8/time_pressure/episode0/step2,15,0,observation_action_only
0,-29.865127563476562,-28.93889808654785,-28.799381256103516,time_pressure,8,validation,seed8/time_pressure/episode0/step2,15,1,observation_action_only
1,-29.865127563476562,-26.039899826049805,-26.873445510864258,time_pressure,8,validation,seed8/time_pressure/episode0/step2,15,1,observation_action_only
2,-29.865127563476562,-26.815553665161133,-25.91503143310547,time_pressure,8,validation,seed8/time_pressure/episode0/step2,15,1,observation_action_only
4,-29.865127563476562,-25.309741973876953,-22.674360275268555,time_pressure,8,validation,seed8/time_pressure/episode0/step2,15,1,observation_action_only
5,-29.865127563476562,-23.81761360168457,-23.871665954589844,time_pressure,8,validation,seed8/time_pressure/episode0/step2,15,1,observation_action_only
1,-29.865127563476562,-30.156808853149414,-29.04261016845703,time_pressure,8,validation,seed8/time_pressure/episode0/step2,15,2,observation_action_only
5,-29.865127563476562,-19.129053115844727,-26.045692443847656,time_pressure,8,validation,seed8/time_pressure/episode0/step2,15,2,observation_action_only
5,-59.50522994995117,-74.36446380615234,-36.79442596435547,time_pressure,8,test,seed8/time_pressure/episode2/step18,15,0,observation_action_only
5,-59.50522994995117,-57.90886306762695,-33.517478942871094,time_pressure,8,test,seed8/time_pressure/episode2/step18,15,1,observation_action_only
0,-59.50522994995117,-61.32829284667969,-40.54726028442383,time_pressure,8,test,seed8/time_pressure/episode2/step18,15,2,observation_action_only
1,-59.50522994995117,-63.19756317138672,-38.53050231933594,time_pressure,8,test,seed8/time_pressure/episode2/step18,15,2,observation_action_only
3,-59.50522994995117,-53.538665771484375,-37.35820770263672,time_pressure,8,test,seed8/time_pressure/episode2/step18,15,2,observation_action_only
4,-59.50522994995117,-57.24195098876953,-34.4693489074707,time_pressure,8,test,seed8/time_pressure/episode2/step18,15,2,observation_action_only
5,-59.50522994995117,-65.06932067871094,-35.67720031738281,time_pressure,8,test,seed8/time_pressure/episode2/step18,15,2,observation_action_only
5,-32.757591247558594,8.118378639221191,-5.058679580688477,time_pressure,8,train,seed8/time_pressure/episode16/step22,15,0,observation_action_only
5,-32.757591247558594,-5.0014848709106445,-1.7614803314208984,time_pressure,8,train,seed8/time_pressure/episode16/step22,15,1,observation_action_only
4,-32.757591247558594,22.540985107421875,-2.5660781860351562,time_pressure,8,train,seed8/time_pressure/episode16/step22,15,2,observation_action_only
5,-32.757591247558594,8.338809967041016,-3.7735424041748047,time_pressure,8,train,seed8/time_pressure/episode16/step22,15,2,observation_action_only
5,-56.540401458740234,-56.82118606567383,-25.064334869384766,time_pressure,8,test,seed8/time_pressure/episode2/step15,15,0,observation_action_only
5,-56.540401458740234,-56.65013122558594,-21.689191818237305,time_pressure,8,test,seed8/time_pressure/episode2/step15,15,1,observation_action_only
0,-56.540401458740234,-53.21440887451172,-28.821521759033203,time_pressure,8,test,seed8/time_pressure/episode2/step15,15,2,observation_action_only
3,-56.540401458740234,-53.21440887451172,-25.56134796142578,time_pressure,8,test,seed8/time_pressure/episode2/step15,15,2,observation_action_only
4,-56.540401458740234,-53.21440887451172,-22.62739372253418,time_pressure,8,test,seed8/time_pressure/episode2/step15,15,2,observation_action_only
5,-56.540401458740234,-59.69396209716797,-23.857465744018555,time_pressure,8,test,seed8/time_pressure/episode2/step15,15,2,observation_action_only
0,-52.9025993347168,-32.12995529174805,-35.16120147705078,time_pressure,8,train,seed8/time_pressure/episode11/step16,15,0,observation_action_only
1,-52.9025993347168,-32.06916046142578,-33.0711669921875,time_pressure,8,train,seed8/time_pressure/episode11/step16,15,0,observation_action_only
2,-52.9025993347168,-26.168453216552734,-32.26258850097656,time_pressure,8,train,seed8/time_pressure/episode11/step16,15,0,observation_action_only
3,-52.9025993347168,-30.01949691772461,-31.92088508605957,time_pressure,8,train,seed8/time_pressure/episode11/step16,15,0,observation_action_only
4,-52.9025993347168,-28.768707275390625,-28.947599411010742,time_pressure,8,train,seed8/time_pressure/episode11/step16,15,0,observation_action_only
5,-52.9025993347168,-27.733718872070312,-30.15952491760254,time_pressure,8,train,seed8/time_pressure/episode11/step16,15,0,observation_action_only
5,-52.9025993347168,-15.674344062805176,-26.740673065185547,time_pressure,8,train,seed8/time_pressure/episode11/step16,15,1,observation_action_only
0,-52.9025993347168,-41.60237503051758,-33.99863815307617,time_pressure,8,train,seed8/time_pressure/episode11/step16,15,2,observation_action_only
1,-52.9025993347168,-49.2067756652832,-31.88718032836914,time_pressure,8,train,seed8/time_pressure/episode11/step16,15,2,observation_action_only
2,-52.9025993347168,-49.2067756652832,-31.10346221923828,time_pressure,8,train,seed8/time_pressure/episode11/step16,15,2,observation_action_only
4,-52.9025993347168,-49.2067756652832,-27.741371154785156,time_pressure,8,train,seed8/time_pressure/episode11/step16,15,2,observation_action_only
5,-52.9025993347168,-22.799285888671875,-28.948135375976562,time_pressure,8,train,seed8/time_pressure/episode11/step16,15,2,observation_action_only
0,-35.00529479980469,-41.886539459228516,-30.316593170166016,time_pressure,8,train,seed8/time_pressure/episode13/step0,15,0,observation_action_only
1,-35.00529479980469,-44.126991271972656,-28.392169952392578,time_pressure,8,train,seed8/time_pressure/episode13/step0,15,0,observation_action_only
3,-35.00529479980469,-44.727420806884766,-27.115753173828125,time_pressure,8,train,seed8/time_pressure/episode13/step0,15,0,observation_action_only
5,-35.00529479980469,-26.63924789428711,-25.41837501525879,time_pressure,8,train,seed8/time_pressure/episode13/step0,15,0,observation_action_only
1,-35.00529479980469,-34.4774169921875,-25.087507247924805,time_pressure,8,train,seed8/time_pressure/episode13/step0,15,1,observation_action_only
2,-35.00529479980469,-36.44472885131836,-24.172605514526367,time_pressure,8,train,seed8/time_pressure/episode13/step0,15,1,observation_action_only
3,-35.00529479980469,-36.44472885131836,-23.806230545043945,time_pressure,8,train,seed8/time_pressure/episode13/step0,15,1,observation_action_only
4,-35.00529479980469,-27.2710018157959,-20.88364028930664,time_pressure,8,train,seed8/time_pressure/episode13/step0,15,1,observation_action_only
5,-35.00529479980469,-19.675100326538086,-22.059757232666016,time_pressure,8,train,seed8/time_pressure/episode13/step0,15,1,observation_action_only
5,-35.00529479980469,-33.321475982666016,-24.217744827270508,time_pressure,8,train,seed8/time_pressure/episode13/step0,15,2,observation_action_only
5,10.870283126831055,-4.251091480255127,3.156726837158203,time_pressure,8,train,seed8/time_pressure/episode9/step35,15,0,observation_action_only
5,10.870283126831055,-4.4449639320373535,6.329563140869141,time_pressure,8,train,seed8/time_pressure/episode9/step35,15,1,observation_action_only
4,10.870283126831055,-7.17270040512085,5.708686828613281,time_pressure,8,train,seed8/time_pressure/episode9/step35,15,2,observation_action_only
5,10.870283126831055,-11.856842041015625,4.44127082824707,time_pressure,8,train,seed8/time_pressure/episode9/step35,15,2,observation_action_only
5,-14.520394325256348,1.8083842992782593,-7.060722351074219,time_pressure,8,train,seed8/time_pressure/episode15/step7,15,0,observation_action_only
4,-14.520394325256348,0.6055953502655029,-2.7139759063720703,time_pressure,8,train,seed8/time_pressure/episode15/step7,15,1,observation_action_only
5,-14.520394325256348,9.040234565734863,-3.8650436401367188,time_pressure,8,train,seed8/time_pressure/episode15/step7,15,1,observation_action_only
5,-14.520394325256348,-3.676816463470459,-5.938377380371094,time_pressure,8,train,seed8/time_pressure/episode15/step7,15,2,observation_action_only
5,-24.699077606201172,-21.053157806396484,-26.259456634521484,time_pressure,8,validation,seed8/time_pressure/episode12/step27,15,0,observation_action_only
5,-24.699077606201172,-16.328664779663086,-22.94878578186035,time_pressure,8,validation,seed8/time_pressure/episode12/step27,15,1,observation_action_only
0,-24.699077606201172,-19.209224700927734,-30.2283935546875,time_pressure,8,validation,seed8/time_pressure/episode12/step27,15,2,observation_action_only
1,-24.699077606201172,-21.68877410888672,-28.099166870117188,time_pressure,8,validation,seed8/time_pressure/episode12/step27,15,2,observation_action_only
4,-24.699077606201172,-17.343713760375977,-23.9360408782959,time_pressure,8,validation,seed8/time_pressure/episode12/step27,15,2,observation_action_only
5,-24.699077606201172,-25.950592041015625,-25.10418701171875,time_pressure,8,validation,seed8/time_pressure/episode12/step27,15,2,observation_action_only
5,-21.368650436401367,-26.50551414489746,-20.603116989135742,time_pressure,8,validation,seed8/time_pressure/episode8/step14,15,0,observation_action_only
1,-21.368650436401367,-10.095391273498535,-20.250741958618164,time_pressure,8,validation,seed8/time_pressure/episode8/step14,15,1,observation_action_only
2,-21.368650436401367,-4.6209540367126465,-19.397377014160156,time_pressure,8,validation,seed8/time_pressure/episode8/step14,15,1,observation_action_only
3,-21.368650436401367,-12.604879379272461,-19.002233505249023,time_pressure,8,validation,seed8/time_pressure/episode8/step14,15,1,observation_action_only
4,-21.368650436401367,-4.74187707901001,-16.07448959350586,time_pressure,8,validation,seed8/time_pressure/episode8/step14,15,1,observation_action_only
5,-21.368650436401367,-16.336193084716797,-17.289011001586914,time_pressure,8,validation,seed8/time_pressure/episode8/step14,15,1,observation_action_only
3,-21.368650436401367,-29.64705467224121,-21.11095428466797,time_pressure,8,validation,seed8/time_pressure/episode8/step14,15,2,observation_action_only
4,-21.368650436401367,-23.041860580444336,-18.215723037719727,time_pressure,8,validation,seed8/time_pressure/episode8/step14,15,2,observation_action_only
5,-21.368650436401367,-44.469058990478516,-19.438447952270508,time_pressure,8,validation,seed8/time_pressure/episode8/step14,15,2,observation_action_only
5,-39.77165603637695,-19.601375579833984,-11.519831657409668,time_pressure,8,test,seed8/time_pressure/episode13/step20,15,0,observation_action_only
1,-39.77165603637695,-24.61168098449707,-11.1055326461792,time_pressure,8,test,seed8/time_pressure/episode13/step20,15,1,observation_action_only
3,-39.77165603637695,-24.947572708129883,-9.922880172729492,time_pressure,8,test,seed8/time_pressure/episode13/step20,15,1,observation_action_only
4,-39.77165603637695,-14.33698558807373,-7.016961097717285,time_pressure,8,test,seed8/time_pressure/episode13/step20,15,1,observation_action_only
5,-39.77165603637695,-16.484954833984375,-8.169341087341309,time_pressure,8,test,seed8/time_pressure/episode13/step20,15,1,observation_action_only
1,-39.77165603637695,-4.6942291259765625,-13.127376556396484,time_pressure,8,test,seed8/time_pressure/episode13/step20,15,2,observation_action_only
3,-39.77165603637695,-4.431199550628662,-11.890359878540039,time_pressure,8,test,seed8/time_pressure/episode13/step20,15,2,observation_action_only
4,-39.77165603637695,-13.37242603302002,-9.024248123168945,time_pressure,8,test,seed8/time_pressure/episode13/step20,15,2,observation_action_only
5,-39.77165603637695,-23.988494873046875,-10.180533409118652,time_pressure,8,test,seed8/time_pressure/episode13/step20,15,2,observation_action_only
5,-16.282501220703125,-18.258764266967773,-21.80384063720703,time_pressure,8,train,seed8/time_pressure/episode8/step8,15,0,observation_action_only
1,-16.282501220703125,-35.11442565917969,-21.437395095825195,time_pressure,8,train,seed8/time_pressure/episode8/step8,15,1,observation_action_only
2,-16.282501220703125,-35.11442565917969,-20.593463897705078,time_pressure,8,train,seed8/time_pressure/episode8/step8,15,1,observation_action_only
3,-16.282501220703125,-35.05192565917969,-20.191612243652344,time_pressure,8,train,seed8/time_pressure/episode8/step8,15,1,observation_action_only
4,-16.282501220703125,-22.602405548095703,-17.275619506835938,time_pressure,8,train,seed8/time_pressure/episode8/step8,15,1,observation_action_only
5,-16.282501220703125,-20.62894058227539,-18.478906631469727,time_pressure,8,train,seed8/time_pressure/episode8/step8,15,1,observation_action_only
3,-16.282501220703125,-25.183115005493164,-22.323143005371094,time_pressure,8,train,seed8/time_pressure/episode8/step8,15,2,observation_action_only
4,-16.282501220703125,-13.778369903564453,-19.440357208251953,time_pressure,8,train,seed8/time_pressure/episode8/step8,15,2,observation_action_only
5,-16.282501220703125,-22.75790786743164,-20.65208625793457,time_pressure,8,train,seed8/time_pressure/episode8/step8,15,2,observation_action_only
5,-27.448820114135742,-9.9039945602417,-7.475715637207031,time_pressure,8,train,seed8/time_pressure/episode2/step31,15,0,observation_action_only
5,-27.448820114135742,-9.8414945602417,-4.112768173217773,time_pressure,8,train,seed8/time_pressure/episode2/step31,15,1,observation_action_only
2,-27.448820114135742,-12.16547679901123,-8.275909423828125,time_pressure,8,train,seed8/time_pressure/episode2/step31,15,2,observation_action_only
5,-27.448820114135742,-11.66547679901123,-6.245885848999023,time_pressure,8,train,seed8/time_pressure/episode2/step31,15,2,observation_action_only
0,-22.217601776123047,-51.579132080078125,-28.559959411621094,heterogeneity_pressure,8,validation,seed8/heterogeneity_pressure/episode10/step11,15,0,observation_action_only
1,-22.217601776123047,-34.912750244140625,-26.511886596679688,heterogeneity_pressure,8,validation,seed8/heterogeneity_pressure/episode10/step11,15,0,observation_action_only
2,-22.217601776123047,-27.975473403930664,-25.68511390686035,heterogeneity_pressure,8,validation,seed8/heterogeneity_pressure/episode10/step11,15,0,observation_action_only
4,-22.217601776123047,-54.25129318237305,-22.40395164489746,heterogeneity_pressure,8,validation,seed8/heterogeneity_pressure/episode10/step11,15,0,observation_action_only
5,-22.217601776123047,-26.837488174438477,-23.612224578857422,heterogeneity_pressure,8,validation,seed8/heterogeneity_pressure/episode10/step11,15,0,observation_action_only
5,-22.217601776123047,-64.74677276611328,-20.200435638427734,heterogeneity_pressure,8,validation,seed8/heterogeneity_pressure/episode10/step11,15,1,observation_action_only
1,-22.217601776123047,-24.677980422973633,-25.206493377685547,heterogeneity_pressure,8,validation,seed8/heterogeneity_pressure/episode10/step11,15,2,observation_action_only
5,-22.217601776123047,-50.53042221069336,-22.30799674987793,heterogeneity_pressure,8,validation,seed8/heterogeneity_pressure/episode10/step11,15,2,observation_action_only
0,-26.131437301635742,-30.500980377197266,-35.3243408203125,heterogeneity_pressure,8,train,seed8/heterogeneity_pressure/episode0/step1,15,0,observation_action_only
1,-26.131437301635742,-35.883544921875,-33.381107330322266,heterogeneity_pressure,8,train,seed8/heterogeneity_pressure/episode0/step1,15,0,observation_action_only
2,-26.131437301635742,-30.806915283203125,-32.63380813598633,heterogeneity_pressure,8,train,seed8/heterogeneity_pressure/episode0/step1,15,0,observation_action_only
4,-26.131437301635742,-32.82799530029297,-29.382488250732422,heterogeneity_pressure,8,train,seed8/heterogeneity_pressure/episode0/step1,15,0,observation_action_only
5,-26.131437301635742,-29.249675750732422,-30.461669921875,heterogeneity_pressure,8,train,seed8/heterogeneity_pressure/episode0/step1,15,0,observation_action_only
5,-26.131437301635742,-21.092615127563477,-27.270233154296875,heterogeneity_pressure,8,train,seed8/heterogeneity_pressure/episode0/step1,15,1,observation_action_only
5,-26.131437301635742,-32.49578857421875,-29.318302154541016,heterogeneity_pressure,8,train,seed8/heterogeneity_pressure/episode0/step1,15,2,observation_action_only
0,-23.031288146972656,-30.436260223388672,-27.348182678222656,heterogeneity_pressure,8,train,seed8/heterogeneity_pressure/episode1/step5,15,0,observation_action_only
1,-23.031288146972656,-30.843313217163086,-25.374595642089844,heterogeneity_pressure,8,train,seed8/heterogeneity_pressure/episode1/step5,15,0,observation_action_only
2,-23.031288146972656,-27.491342544555664,-24.444419860839844,heterogeneity_pressure,8,train,seed8/heterogeneity_pressure/episode1/step5,15,0,observation_action_only
3,-23.031288146972656,-28.615798950195312,-24.12717628479004,heterogeneity_pressure,8,train,seed8/heterogeneity_pressure/episode1/step5,15,0,observation_action_only
5,-23.031288146972656,-25.739112854003906,-22.332134246826172,heterogeneity_pressure,8,train,seed8/heterogeneity_pressure/episode1/step5,15,0,observation_action_only
5,-23.031288146972656,-15.78065299987793,-18.954906463623047,heterogeneity_pressure,8,train,seed8/heterogeneity_pressure/episode1/step5,15,1,observation_action_only
5,-23.031288146972656,-24.654285430908203,-21.153629302978516,heterogeneity_pressure,8,train,seed8/heterogeneity_pressure/episode1/step5,15,2,observation_action_only
5,-20.239990234375,-24.729141235351562,-3.813447952270508,heterogeneity_pressure,8,validation,seed8/heterogeneity_pressure/episode7/step14,15,0,observation_action_only
0,-20.239990234375,-39.66286849975586,-5.319999694824219,heterogeneity_pressure,8,validation,seed8/heterogeneity_pressure/episode7/step14,15,1,observation_action_only
1,-20.239990234375,-48.14617919921875,-3.342517852783203,heterogeneity_pressure,8,validation,seed8/heterogeneity_pressure/episode7/step14,15,1,observation_action_only
2,-20.239990234375,-48.14617919921875,-2.5960731506347656,heterogeneity_pressure,8,validation,seed8/heterogeneity_pressure/episode7/step14,15,1,observation_action_only
3,-20.239990234375,-42.71379089355469,-2.248018264770508,heterogeneity_pressure,8,validation,seed8/heterogeneity_pressure/episode7/step14,15,1,observation_action_only
5,-20.239990234375,-34.807987213134766,-0.6408557891845703,heterogeneity_pressure,8,validation,seed8/heterogeneity_pressure/episode7/step14,15,1,observation_action_only
5,-20.239990234375,-41.03832244873047,-2.5877552032470703,heterogeneity_pressure,8,validation,seed8/heterogeneity_pressure/episode7/step14,15,2,observation_action_only
5,-53.74814987182617,-15.408243179321289,-20.14518928527832,heterogeneity_pressure,8,train,seed8/heterogeneity_pressure/episode4/step41,15,0,observation_action_only
5,-53.74814987182617,-12.455791473388672,-16.826553344726562,heterogeneity_pressure,8,train,seed8/heterogeneity_pressure/episode4/step41,15,1,observation_action_only
2,-53.74814987182617,-13.761735916137695,-20.9816951751709,heterogeneity_pressure,8,train,seed8/heterogeneity_pressure/episode4/step41,15,2,observation_action_only
4,-53.74814987182617,-13.072408676147461,-17.679201126098633,heterogeneity_pressure,8,train,seed8/heterogeneity_pressure/episode4/step41,15,2,observation_action_only
5,-53.74814987182617,-13.733016967773438,-18.918548583984375,heterogeneity_pressure,8,train,seed8/heterogeneity_pressure/episode4/step41,15,2,observation_action_only
5,-44.25516128540039,-20.439416885375977,-30.507858276367188,heterogeneity_pressure,8,test,seed8/heterogeneity_pressure/episode4/step28,15,0,observation_action_only
5,-44.25516128540039,-16.284255981445312,-27.24236297607422,heterogeneity_pressure,8,test,seed8/heterogeneity_pressure/episode4/step28,15,1,observation_action_only
3,-44.25516128540039,-18.03166389465332,-30.942922592163086,heterogeneity_pressure,8,test,seed8/heterogeneity_pressure/episode4/step28,15,2,observation_action_only
4,-44.25516128540039,-25.132131576538086,-28.158967971801758,heterogeneity_pressure,8,test,seed8/heterogeneity_pressure/episode4/step28,15,2,observation_action_only
5,-44.25516128540039,-35.15403366088867,-29.34912109375,heterogeneity_pressure,8,test,seed8/heterogeneity_pressure/episode4/step28,15,2,observation_action_only
5,4.426466464996338,2.1517786979675293,4.2486724853515625,heterogeneity_pressure,8,test,seed8/heterogeneity_pressure/episode8/step41,15,0,observation_action_only
5,4.426466464996338,0.4348887801170349,7.437826156616211,heterogeneity_pressure,8,test,seed8/heterogeneity_pressure/episode8/step41,15,1,observation_action_only
0,4.426466464996338,-0.22265611588954926,1.0663890838623047,heterogeneity_pressure,8,test,seed8/heterogeneity_pressure/episode8/step41,15,2,observation_action_only
5,4.426466464996338,-0.23812775313854218,5.4923858642578125,heterogeneity_pressure,8,test,seed8/heterogeneity_pressure/episode8/step41,15,2,observation_action_only
5,-20.031503677368164,-0.540927529335022,-3.030618667602539,heterogeneity_pressure,8,train,seed8/heterogeneity_pressure/episode5/step47,15,0,observation_action_only
5,-20.031503677368164,0.007023833692073822,0.10955810546875,heterogeneity_pressure,8,train,seed8/heterogeneity_pressure/episode5/step47,15,1,observation_action_only
1,-20.031503677368164,-0.665927529335022,-4.55211067199707,heterogeneity_pressure,8,train,seed8/heterogeneity_pressure/episode5/step47,15,2,observation_action_only
5,-20.031503677368164,-0.4459399878978729,-1.8313007354736328,heterogeneity_pressure,8,train,seed8/heterogeneity_pressure/episode5/step47,15,2,observation_action_only
5,-10.722909927368164,0.4606660008430481,1.0045528411865234,heterogeneity_pressure,8,train,seed8/heterogeneity_pressure/episode2/step49,15,0,observation_action_only
5,-10.722909927368164,-0.10000000149011612,4.234474182128906,heterogeneity_pressure,8,train,seed8/heterogeneity_pressure/episode2/step49,15,1,observation_action_only
4,-10.722909927368164,2.2676639556884766,3.5580997467041016,heterogeneity_pressure,8,train,seed8/heterogeneity_pressure/episode2/step49,15,2,observation_action_only
5,-10.722909927368164,-0.10000000149011612,2.323843002319336,heterogeneity_pressure,8,train,seed8/heterogeneity_pressure/episode2/step49,15,2,observation_action_only
1,-44.46287536621094,-45.17937088012695,-33.19512176513672,heterogeneity_pressure,8,train,seed8/heterogeneity_pressure/episode9/step3,15,0,observation_action_only
2,-44.46287536621094,-41.17977523803711,-32.420894622802734,heterogeneity_pressure,8,train,seed8/heterogeneity_pressure/episode9/step3,15,0,observation_action_only
4,-44.46287536621094,-45.592979431152344,-29.078510284423828,heterogeneity_pressure,8,train,seed8/heterogeneity_pressure/episode9/step3,15,0,observation_action_only
5,-44.46287536621094,-29.654233932495117,-30.24822235107422,heterogeneity_pressure,8,train,seed8/heterogeneity_pressure/episode9/step3,15,0,observation_action_only
1,-44.46287536621094,-33.3438720703125,-29.954944610595703,heterogeneity_pressure,8,train,seed8/heterogeneity_pressure/episode9/step3,15,1,observation_action_only
2,-44.46287536621094,-32.95407485961914,-29.19771957397461,heterogeneity_pressure,8,train,seed8/heterogeneity_pressure/episode9/step3,15,1,observation_action_only
4,-44.46287536621094,-29.453737258911133,-25.788877487182617,heterogeneity_pressure,8,train,seed8/heterogeneity_pressure/episode9/step3,15,1,observation_action_only
5,-44.46287536621094,-31.395183563232422,-26.99819564819336,heterogeneity_pressure,8,train,seed8/heterogeneity_pressure/episode9/step3,15,1,observation_action_only
5,-44.46287536621094,-34.88938522338867,-29.10152816772461,heterogeneity_pressure,8,train,seed8/heterogeneity_pressure/episode9/step3,15,2,observation_action_only
5,-42.721309661865234,-33.07182312011719,-29.973112106323242,heterogeneity_pressure,8,validation,seed8/heterogeneity_pressure/episode15/step15,15,0,observation_action_only
5,-42.721309661865234,-29.22667121887207,-26.598901748657227,heterogeneity_pressure,8,validation,seed8/heterogeneity_pressure/episode15/step15,15,1,observation_action_only
1,-42.721309661865234,-35.59503173828125,-31.60577392578125,heterogeneity_pressure,8,validation,seed8/heterogeneity_pressure/episode15/step15,15,2,observation_action_only
5,-42.721309661865234,-36.510955810546875,-28.750720977783203,heterogeneity_pressure,8,validation,seed8/heterogeneity_pressure/episode15/step15,15,2,observation_action_only
5,-41.89836502075195,-28.442615509033203,-25.951723098754883,heterogeneity_pressure,8,train,seed8/heterogeneity_pressure/episode9/step12,15,0,observation_action_only
0,-41.89836502075195,-24.136560440063477,-27.7436466217041,heterogeneity_pressure,8,train,seed8/heterogeneity_pressure/episode9/step12,15,1,observation_action_only
1,-41.89836502075195,-19.18574333190918,-25.668710708618164,heterogeneity_pressure,8,train,seed8/heterogeneity_pressure/episode9/step12,15,1,observation_action_only
3,-41.89836502075195,-23.005014419555664,-24.453601837158203,heterogeneity_pressure,8,train,seed8/heterogeneity_pressure/episode9/step12,15,1,observation_action_only
4,-41.89836502075195,-24.436819076538086,-21.485700607299805,heterogeneity_pressure,8,train,seed8/heterogeneity_pressure/episode9/step12,15,1,observation_action_only
5,-41.89836502075195,-19.98539924621582,-22.694482803344727,heterogeneity_pressure,8,train,seed8/heterogeneity_pressure/episode9/step12,15,1,observation_action_only
4,-41.89836502075195,-29.748361587524414,-23.544818878173828,heterogeneity_pressure,8,train,seed8/heterogeneity_pressure/episode9/step12,15,2,observation_action_only
5,-41.89836502075195,-32.11484909057617,-24.783180236816406,heterogeneity_pressure,8,train,seed8/heterogeneity_pressure/episode9/step12,15,2,observation_action_only
5,-14.050912857055664,-0.8201633095741272,-2.2220020294189453,heterogeneity_pressure,8,train,seed8/heterogeneity_pressure/episode5/step40,15,0,observation_action_only
5,-14.050912857055664,-1.115088939666748,0.8984794616699219,heterogeneity_pressure,8,train,seed8/heterogeneity_pressure/episode5/step40,15,1,observation_action_only
1,-14.050912857055664,-1.3136887550354004,-3.7463245391845703,heterogeneity_pressure,8,train,seed8/heterogeneity_pressure/episode5/step40,15,2,observation_action_only
5,-14.050912857055664,-1.5664178133010864,-1.0165023803710938,heterogeneity_pressure,8,train,seed8/heterogeneity_pressure/episode5/step40,15,2,observation_action_only
5,-41.35121154785156,-18.37588882446289,-12.280112266540527,heterogeneity_pressure,8,train,seed8/heterogeneity_pressure/episode3/step30,15,0,observation_action_only
5,-41.35121154785156,-20.48017120361328,-8.950826644897461,heterogeneity_pressure,8,train,seed8/heterogeneity_pressure/episode3/step30,15,1,observation_action_only
3,-41.35121154785156,-22.882488250732422,-12.7372465133667,heterogeneity_pressure,8,train,seed8/heterogeneity_pressure/episode3/step30,15,2,observation_action_only
5,-41.35121154785156,-23.39225959777832,-10.992222785949707,heterogeneity_pressure,8,train,seed8/heterogeneity_pressure/episode3/step30,15,2,observation_action_only
5,-13.094359397888184,-29.47755241394043,-30.516918182373047,heterogeneity_pressure,8,test,seed8/heterogeneity_pressure/episode16/step11,15,0,observation_action_only
0,-13.094359397888184,-37.5859489440918,-32.1947021484375,heterogeneity_pressure,8,test,seed8/heterogeneity_pressure/episode16/step11,15,1,observation_action_only
1,-13.094359397888184,-27.50814437866211,-30.213226318359375,heterogeneity_pressure,8,test,seed8/heterogeneity_pressure/episode16/step11,15,1,observation_action_only
4,-13.094359397888184,-35.097530364990234,-25.986024856567383,heterogeneity_pressure,8,test,seed8/heterogeneity_pressure/episode16/step11,15,1,observation_action_only
5,-13.094359397888184,-42.76420211791992,-27.16239356994629,heterogeneity_pressure,8,test,seed8/heterogeneity_pressure/episode16/step11,15,1,observation_action_only
4,-13.094359397888184,-35.98424530029297,-28.07278823852539,heterogeneity_pressure,8,test,seed8/heterogeneity_pressure/episode16/step11,15,2,observation_action_only
5,-13.094359397888184,-31.61025619506836,-29.223663330078125,heterogeneity_pressure,8,test,seed8/heterogeneity_pressure/episode16/step11,15,2,observation_action_only
5,-35.68598556518555,-55.87950897216797,-23.140039443969727,medium,10,validation,seed10/medium/episode7/step5,15,0,observation_action_only
0,-35.68598556518555,-60.30918502807617,-24.834552764892578,medium,10,validation,seed10/medium/episode7/step5,15,1,observation_action_only
1,-35.68598556518555,-55.957305908203125,-22.822248458862305,medium,10,validation,seed10/medium/episode7/step5,15,1,observation_action_only
2,-35.68598556518555,-55.957305908203125,-22.008609771728516,medium,10,validation,seed10/medium/episode7/step5,15,1,observation_action_only
3,-35.68598556518555,-60.55872344970703,-21.573078155517578,medium,10,validation,seed10/medium/episode7/step5,15,1,observation_action_only
4,-35.68598556518555,-55.957305908203125,-18.640106201171875,medium,10,validation,seed10/medium/episode7/step5,15,1,observation_action_only
5,-35.68598556518555,-52.83570098876953,-19.818111419677734,medium,10,validation,seed10/medium/episode7/step5,15,1,observation_action_only
0,-35.68598556518555,-66.3775863647461,-26.990110397338867,medium,10,validation,seed10/medium/episode7/step5,15,2,observation_action_only
3,-35.68598556518555,-66.3775863647461,-23.65326690673828,medium,10,validation,seed10/medium/episode7/step5,15,2,observation_action_only
5,-35.68598556518555,-47.52043533325195,-21.947860717773438,medium,10,validation,seed10/medium/episode7/step5,15,2,observation_action_only
5,-41.86380386352539,-31.02754020690918,-15.558296203613281,medium,10,train,seed10/medium/episode15/step24,15,0,observation_action_only
5,-41.86380386352539,-26.491273880004883,-12.219964027404785,medium,10,train,seed10/medium/episode15/step24,15,1,observation_action_only
0,-41.86380386352539,-23.024757385253906,-19.328266143798828,medium,10,train,seed10/medium/episode15/step24,15,2,observation_action_only
1,-41.86380386352539,-22.034337997436523,-17.189495086669922,medium,10,train,seed10/medium/episode15/step24,15,2,observation_action_only
3,-41.86380386352539,-22.377193450927734,-16.043975830078125,medium,10,train,seed10/medium/episode15/step24,15,2,observation_action_only
5,-41.86380386352539,-24.454883575439453,-14.309332847595215,medium,10,train,seed10/medium/episode15/step24,15,2,observation_action_only
4,-15.354440689086914,-2.157315969467163,9.510150909423828,medium,10,train,seed10/medium/episode1/step16,15,0,observation_action_only
5,-15.354440689086914,-3.736421585083008,8.339584350585938,medium,10,train,seed10/medium/episode1/step16,15,0,observation_action_only
5,-15.354440689086914,-10.530824661254883,11.363792419433594,medium,10,train,seed10/medium/episode1/step16,15,1,observation_action_only
5,-15.354440689086914,-13.574185371398926,9.602062225341797,medium,10,train,seed10/medium/episode1/step16,15,2,observation_action_only
5,-55.76152038574219,-31.1512451171875,-31.307289123535156,medium,10,train,seed10/medium/episode10/step22,15,0,observation_action_only
5,-55.76152038574219,-32.70480728149414,-28.014638900756836,medium,10,train,seed10/medium/episode10/step22,15,1,observation_action_only
1,-55.76152038574219,-22.69593048095703,-33.042972564697266,medium,10,train,seed10/medium/episode10/step22,15,2,observation_action_only
3,-55.76152038574219,-25.175235748291016,-31.901187896728516,medium,10,train,seed10/medium/episode10/step22,15,2,observation_action_only
4,-55.76152038574219,-22.688711166381836,-28.984521865844727,medium,10,train,seed10/medium/episode10/step22,15,2,observation_action_only
5,-55.76152038574219,-27.154003143310547,-30.15229034423828,medium,10,train,seed10/medium/episode10/step22,15,2,observation_action_only
5,-50.72065734863281,-19.28573989868164,-29.048688888549805,medium,10,train,seed10/medium/episode8/step18,15,0,observation_action_only
5,-50.72065734863281,-17.641267776489258,-25.767292022705078,medium,10,train,seed10/medium/episode8/step18,15,1,observation_action_only
3,-50.72065734863281,-20.39323616027832,-29.583404541015625,medium,10,train,seed10/medium/episode8/step18,15,2,observation_action_only
5,-50.72065734863281,-18.16260528564453,-27.919967651367188,medium,10,train,seed10/medium/episode8/step18,15,2,observation_action_only
5,-40.21684265136719,-1.3780397176742554,-5.1336669921875,medium,10,test,seed10/medium/episode5/step26,15,0,observation_action_only
5,-40.21684265136719,-1.896801233291626,-1.8780841827392578,medium,10,test,seed10/medium/episode5/step26,15,1,observation_action_only
3,-40.21684265136719,-1.8980512619018555,-5.488193511962891,medium,10,test,seed10/medium/episode5/step26,15,2,observation_action_only
5,-40.21684265136719,-1.9039369821548462,-3.887388229370117,medium,10,test,seed10/medium/episode5/step26,15,2,observation_action_only
0,-38.125389099121094,-22.54469108581543,-38.196502685546875,medium,10,test,seed10/medium/episode4/step0,15,0,observation_action_only
1,-38.125389099121094,-28.730648040771484,-36.244178771972656,medium,10,test,seed10/medium/episode4/step0,15,0,observation_action_only
2,-38.125389099121094,-34.44580841064453,-35.52659606933594,medium,10,test,seed10/medium/episode4/step0,15,0,observation_action_only
5,-38.125389099121094,-28.73064613342285,-33.40446472167969,medium,10,test,seed10/medium/episode4/step0,15,0,observation_action_only
0,-38.125389099121094,-20.424787521362305,-34.806541442871094,medium,10,test,seed10/medium/episode4/step0,15,1,observation_action_only
1,-38.125389099121094,-23.55385398864746,-32.85697555541992,medium,10,test,seed10/medium/episode4/step0,15,1,observation_action_only
2,-38.125389099121094,-23.55385398864746,-32.125118255615234,medium,10,test,seed10/medium/episode4/step0,15,1,observation_action_only
5,-38.125389099121094,-17.332595825195312,-29.951692581176758,medium,10,test,seed10/medium/episode4/step0,15,1,observation_action_only
5,-38.125389099121094,-14.990696907043457,-32.114524841308594,medium,10,test,seed10/medium/episode4/step0,15,2,observation_action_only
1,-43.29454803466797,-24.99823570251465,-34.90462112426758,medium,10,train,seed10/medium/episode10/step5,15,0,observation_action_only
2,-43.29454803466797,-27.326887130737305,-34.28730392456055,medium,10,train,seed10/medium/episode10/step5,15,0,observation_action_only
4,-43.29454803466797,-27.326887130737305,-31.056747436523438,medium,10,train,seed10/medium/episode10/step5,15,0,observation_action_only
5,-43.29454803466797,-26.53093147277832,-32.19047927856445,medium,10,train,seed10/medium/episode10/step5,15,0,observation_action_only
5,-43.29454803466797,-31.026714324951172,-29.042518615722656,medium,10,train,seed10/medium/episode10/step5,15,1,observation_action_only
5,-43.29454803466797,-21.823978424072266,-31.11880111694336,medium,10,train,seed10/medium/episode10/step5,15,2,observation_action_only
5,-52.20142364501953,-14.420633316040039,-23.443204879760742,medium,10,test,seed10/medium/episode8/step30,15,0,observation_action_only
5,-52.20142364501953,-15.110915184020996,-20.105560302734375,medium,10,test,seed10/medium/episode8/step30,15,1,observation_action_only
4,-52.20142364501953,-15.294081687927246,-21.079524993896484,medium,10,test,seed10/medium/episode8/step30,15,2,observation_action_only
5,-52.20142364501953,-15.901695251464844,-22.294002532958984,medium,10,test,seed10/medium/episode8/step30,15,2,observation_action_only
1,-36.333717346191406,-24.703922271728516,-22.99493980407715,medium,10,validation,seed10/medium/episode11/step2,15,0,observation_action_only
2,-36.333717346191406,-25.797178268432617,-22.117979049682617,medium,10,validation,seed10/medium/episode11/step2,15,0,observation_action_only
3,-36.333717346191406,-26.191118240356445,-21.765289306640625,medium,10,validation,seed10/medium/episode11/step2,15,0,observation_action_only
5,-36.333717346191406,-26.371273040771484,-19.967178344726562,medium,10,validation,seed10/medium/episode11/step2,15,0,observation_action_only
2,-36.333717346191406,-18.616596221923828,-18.753446578979492,medium,10,validation,seed10/medium/episode11/step2,15,1,observation_action_only
4,-36.333717346191406,-20.727283477783203,-15.517824172973633,medium,10,validation,seed10/medium/episode11/step2,15,1,observation_action_only
5,-36.333717346191406,-20.96011734008789,-16.633512496948242,medium,10,validation,seed10/medium/episode11/step2,15,1,observation_action_only
5,-36.333717346191406,-14.309948921203613,-18.75173568725586,medium,10,validation,seed10/medium/episode11/step2,15,2,observation_action_only
5,-54.48463439941406,-39.168922424316406,-26.398956298828125,medium,10,train,seed10/medium/episode3/step17,15,0,observation_action_only
5,-54.48463439941406,-36.869503021240234,-23.005754470825195,medium,10,train,seed10/medium/episode3/step17,15,1,observation_action_only
1,-54.48463439941406,-30.206525802612305,-28.173696517944336,medium,10,train,seed10/medium/episode3/step17,15,2,observation_action_only
5,-54.48463439941406,-30.34027862548828,-25.188617706298828,medium,10,train,seed10/medium/episode3/step17,15,2,observation_action_only
5,-51.40619659423828,-14.173257827758789,-22.413894653320312,medium,10,train,seed10/medium/episode12/step3,15,0,observation_action_only
0,-51.40619659423828,-15.643163681030273,-24.061542510986328,medium,10,train,seed10/medium/episode12/step3,15,1,observation_action_only
1,-51.40619659423828,-21.415624618530273,-22.023723602294922,medium,10,train,seed10/medium/episode12/step3,15,1,observation_action_only
2,-51.40619659423828,-16.50662612915039,-21.2265625,medium,10,train,seed10/medium/episode12/step3,15,1,observation_action_only
4,-51.40619659423828,-17.357559204101562,-17.862445831298828,medium,10,train,seed10/medium/episode12/step3,15,1,observation_action_only
5,-51.40619659423828,-25.153074264526367,-19.076862335205078,medium,10,train,seed10/medium/episode12/step3,15,1,observation_action_only
5,-51.40619659423828,-24.997943878173828,-21.23377799987793,medium,10,train,seed10/medium/episode12/step3,15,2,observation_action_only
5,-31.546545028686523,-9.02413272857666,-7.555576324462891,medium,10,train,seed10/medium/episode5/step12,15,0,observation_action_only
5,-31.546545028686523,-14.530287742614746,-4.342569351196289,medium,10,train,seed10/medium/episode5/step12,15,1,observation_action_only
3,-31.546545028686523,-9.952210426330566,-7.967685699462891,medium,10,train,seed10/medium/episode5/step12,15,2,observation_action_only
5,-31.546545028686523,-1.920183777809143,-6.2917327880859375,medium,10,train,seed10/medium/episode5/step12,15,2,observation_action_only
5,-37.825347900390625,1.0332249402999878,-30.68855094909668,medium,10,validation,seed10/medium/episode9/step13,15,0,observation_action_only
5,-37.825347900390625,-0.4318791627883911,-27.379253387451172,medium,10,validation,seed10/medium/episode9/step13,15,1,observation_action_only
1,-37.825347900390625,-4.53907585144043,-32.39524841308594,medium,10,validation,seed10/medium/episode9/step13,15,2,observation_action_only
5,-37.825347900390625,-4.579248905181885,-29.511577606201172,medium,10,validation,seed10/medium/episode9/step13,15,2,observation_action_only
5,-11.840337753295898,7.620176315307617,12.524188995361328,medium,10,train,seed10/medium/episode1/step40,15,0,observation_action_only
5,-11.840337753295898,7.128280162811279,15.438430786132812,medium,10,train,seed10/medium/episode1/step40,15,1,observation_action_only
1,-11.840337753295898,6.893083572387695,11.432548522949219,medium,10,train,seed10/medium/episode1/step40,15,2,observation_action_only
5,-11.840337753295898,3.765859365463257,13.722469329833984,medium,10,train,seed10/medium/episode1/step40,15,2,observation_action_only
0,-32.780826568603516,-36.680728912353516,-20.69960594177246,time_pressure,10,train,seed10/time_pressure/episode17/step4,15,0,observation_action_only
1,-32.780826568603516,-18.68159294128418,-18.700023651123047,time_pressure,10,train,seed10/time_pressure/episode17/step4,15,0,observation_action_only
2,-32.780826568603516,-6.104510307312012,-17.89624786376953,time_pressure,10,train,seed10/time_pressure/episode17/step4,15,0,observation_action_only
3,-32.780826568603516,-21.79892921447754,-17.53882598876953,time_pressure,10,train,seed10/time_pressure/episode17/step4,15,0,observation_action_only
4,-32.780826568603516,-29.252639770507812,-14.629813194274902,time_pressure,10,train,seed10/time_pressure/episode17/step4,15,0,observation_action_only
5,-32.780826568603516,-28.6420955657959,-15.706825256347656,time_pressure,10,train,seed10/time_pressure/episode17/step4,15,0,observation_action_only
0,-32.780826568603516,0.32874318957328796,-17.250017166137695,time_pressure,10,train,seed10/time_pressure/episode17/step4,15,1,observation_action_only
1,-32.780826568603516,0.32874318957328796,-15.294593811035156,time_pressure,10,train,seed10/time_pressure/episode17/step4,15,1,observation_action_only
2,-32.780826568603516,12.691333770751953,-14.46945858001709,time_pressure,10,train,seed10/time_pressure/episode17/step4,15,1,observation_action_only
3,-32.780826568603516,0.47014516592025757,-14.147056579589844,time_pressure,10,train,seed10/time_pressure/episode17/step4,15,1,observation_action_only
4,-32.780826568603516,13.072425842285156,-11.198962211608887,time_pressure,10,train,seed10/time_pressure/episode17/step4,15,1,observation_action_only
5,-32.780826568603516,-16.217052459716797,-12.279747009277344,time_pressure,10,train,seed10/time_pressure/episode17/step4,15,1,observation_action_only
2,-32.780826568603516,-8.995748519897461,-16.56464958190918,time_pressure,10,train,seed10/time_pressure/episode17/step4,15,2,observation_action_only
3,-32.780826568603516,-8.37341594696045,-16.195552825927734,time_pressure,10,train,seed10/time_pressure/episode17/step4,15,2,observation_action_only
5,-32.780826568603516,-8.69400405883789,-14.355640411376953,time_pressure,10,train,seed10/time_pressure/episode17/step4,15,2,observation_action_only
5,-12.364377975463867,-0.23333290219306946,-13.220219612121582,time_pressure,10,train,seed10/time_pressure/episode2/step16,15,0,observation_action_only
5,-12.364377975463867,-20.81153106689453,-9.969435691833496,time_pressure,10,train,seed10/time_pressure/episode2/step16,15,1,observation_action_only
4,-12.364377975463867,-4.30639123916626,-10.808722496032715,time_pressure,10,train,seed10/time_pressure/episode2/step16,15,2,observation_action_only
5,-12.364377975463867,-1.2189213037490845,-11.97753620147705,time_pressure,10,train,seed10/time_pressure/episode2/step16,15,2,observation_action_only
0,-33.68705749511719,-38.635337829589844,-24.945865631103516,time_pressure,10,test,seed10/time_pressure/episode13/step2,15,0,observation_action_only
2,-33.68705749511719,-32.22697830200195,-22.13652801513672,time_pressure,10,test,seed10/time_pressure/episode13/step2,15,0,observation_action_only
4,-33.68705749511719,-33.35552215576172,-18.896028518676758,time_pressure,10,test,seed10/time_pressure/episode13/step2,15,0,observation_action_only
5,-33.68705749511719,-31.707569122314453,-19.978017807006836,time_pressure,10,test,seed10/time_pressure/episode13/step2,15,0,observation_action_only
1,-33.68705749511719,-24.88421058654785,-19.65838623046875,time_pressure,10,test,seed10/time_pressure/episode13/step2,15,1,observation_action_only
2,-33.68705749511719,-24.577547073364258,-18.855873107910156,time_pressure,10,test,seed10/time_pressure/episode13/step2,15,1,observation_action_only
5,-33.68705749511719,-24.018342971801758,-16.690828323364258,time_pressure,10,test,seed10/time_pressure/episode13/step2,15,1,observation_action_only
5,-33.68705749511719,-30.824386596679688,-18.806846618652344,time_pressure,10,test,seed10/time_pressure/episode13/step2,15,2,observation_action_only
5,-33.07527542114258,-39.6837272644043,-31.118019104003906,time_pressure,10,train,seed10/time_pressure/episode7/step9,15,0,observation_action_only
1,-33.07527542114258,-26.42143440246582,-30.773189544677734,time_pressure,10,train,seed10/time_pressure/episode7/step9,15,1,observation_action_only
2,-33.07527542114258,-36.100372314453125,-29.913856506347656,time_pressure,10,train,seed10/time_pressure/episode7/step9,15,1,observation_action_only
4,-33.07527542114258,-26.61481475830078,-26.646879196166992,time_pressure,10,train,seed10/time_pressure/episode7/step9,15,1,observation_action_only
5,-33.07527542114258,-36.14894485473633,-27.824430465698242,time_pressure,10,train,seed10/time_pressure/episode7/step9,15,1,observation_action_only
1,-33.07527542114258,-46.95102310180664,-32.97075653076172,time_pressure,10,train,seed10/time_pressure/episode7/step9,15,2,observation_action_only
5,-33.07527542114258,-42.86922836303711,-30.045032501220703,time_pressure,10,train,seed10/time_pressure/episode7/step9,15,2,observation_action_only
1,-29.5692138671875,-21.90455436706543,-25.108964920043945,time_pressure,10,train,seed10/time_pressure/episode6/step2,15,0,observation_action_only
3,-29.5692138671875,-23.093769073486328,-23.896705627441406,time_pressure,10,train,seed10/time_pressure/episode6/step2,15,0,observation_action_only
4,-29.5692138671875,-21.747642517089844,-21.026248931884766,time_pressure,10,train,seed10/time_pressure/episode6/step2,15,0,observation_action_only
5,-29.5692138671875,-24.489959716796875,-22.160594940185547,time_pressure,10,train,seed10/time_pressure/episode6/step2,15,0,observation_action_only
1,-29.5692138671875,-26.203153610229492,-21.735645294189453,time_pressure,10,train,seed10/time_pressure/episode6/step2,15,1,observation_action_only
3,-29.5692138671875,-26.203153610229492,-20.528364181518555,time_pressure,10,train,seed10/time_pressure/episode6/step2,15,1,observation_action_only
5,-29.5692138671875,-28.36974334716797,-18.777456283569336,time_pressure,10,train,seed10/time_pressure/episode6/step2,15,1,observation_action_only
5,-29.5692138671875,-34.7044792175293,-20.940189361572266,time_pressure,10,train,seed10/time_pressure/episode6/step2,15,2,observation_action_only
5,-44.84532165527344,-17.421295166015625,-53.49827575683594,time_pressure,10,train,seed10/time_pressure/episode16/step9,15,0,observation_action_only
5,-44.84532165527344,-65.22337341308594,-50.45582962036133,time_pressure,10,train,seed10/time_pressure/episode16/step9,15,1,observation_action_only
0,-44.84532165527344,-73.95187377929688,-57.05168914794922,time_pressure,10,train,seed10/time_pressure/episode16/step9,15,2,observation_action_only
1,-44.84532165527344,-65.7739028930664,-55.19220733642578,time_pressure,10,train,seed10/time_pressure/episode16/step9,15,2,observation_action_only
4,-44.84532165527344,-71.34691619873047,-51.450592041015625,time_pressure,10,train,seed10/time_pressure/episode16/step9,15,2,observation_action_only
5,-44.84532165527344,-70.97869873046875,-52.513816833496094,time_pressure,10,train,seed10/time_pressure/episode16/step9,15,2,observation_action_only
5,-46.35187911987305,-77.09550476074219,-54.22555160522461,time_pressure,10,train,seed10/time_pressure/episode16/step10,15,0,observation_action_only
5,-46.35187911987305,-59.04667663574219,-51.20708084106445,time_pressure,10,train,seed10/time_pressure/episode16/step10,15,1,observation_action_only
0,-46.35187911987305,-82.70098114013672,-57.75767517089844,time_pressure,10,train,seed10/time_pressure/episode16/step10,15,2,observation_action_only
1,-46.35187911987305,-66.52872467041016,-55.91493606567383,time_pressure,10,train,seed10/time_pressure/episode16/step10,15,2,observation_action_only
4,-46.35187911987305,-72.26375579833984,-52.1956901550293,time_pressure,10,train,seed10/time_pressure/episode16/step10,15,2,observation_action_only
5,-46.35187911987305,-72.59828186035156,-53.249961853027344,time_pressure,10,train,seed10/time_pressure/episode16/step10,15,2,observation_action_only
5,-30.79086685180664,-8.568219184875488,-24.758743286132812,time_pressure,10,validation,seed10/time_pressure/episode15/step14,15,0,observation_action_only
5,-30.79086685180664,-12.198286056518555,-21.397212982177734,time_pressure,10,validation,seed10/time_pressure/episode15/step14,15,1,observation_action_only
1,-30.79086685180664,-6.0362982749938965,-26.525527954101562,time_pressure,10,validation,seed10/time_pressure/episode15/step14,15,2,observation_action_only
5,-30.79086685180664,-6.082505226135254,-23.5035457611084,time_pressure,10,validation,seed10/time_pressure/episode15/step14,15,2,observation_action_only
5,-35.37253189086914,-51.63031005859375,-36.60762023925781,time_pressure,10,test,seed10/time_pressure/episode7/step12,15,0,observation_action_only
5,-35.37253189086914,-48.780174255371094,-33.378299713134766,time_pressure,10,test,seed10/time_pressure/episode7/step12,15,1,observation_action_only
1,-35.37253189086914,-43.77391815185547,-38.44485855102539,time_pressure,10,test,seed10/time_pressure/episode7/step12,15,2,observation_action_only
4,-35.37253189086914,-35.68687057495117,-34.434532165527344,time_pressure,10,test,seed10/time_pressure/episode7/step12,15,2,observation_action_only
5,-35.37253189086914,-43.95708465576172,-35.56079864501953,time_pressure,10,test,seed10/time_pressure/episode7/step12,15,2,observation_action_only
5,-54.286766052246094,-49.65937805175781,-46.60902786254883,time_pressure,10,train,seed10/time_pressure/episode4/step12,15,0,observation_action_only
5,-54.286766052246094,-61.54647445678711,-43.42918395996094,time_pressure,10,train,seed10/time_pressure/episode4/step12,15,1,observation_action_only
2,-54.286766052246094,-65.97720336914062,-47.637413024902344,time_pressure,10,train,seed10/time_pressure/episode4/step12,15,2,observation_action_only
3,-54.286766052246094,-70.48692321777344,-47.157508850097656,time_pressure,10,train,seed10/time_pressure/episode4/step12,15,2,observation_action_only
5,-54.286766052246094,-65.97906494140625,-45.51616668701172,time_pressure,10,train,seed10/time_pressure/episode4/step12,15,2,observation_action_only
5,-13.580699920654297,-43.26108932495117,-31.273738861083984,time_pressure,10,validation,seed10/time_pressure/episode10/step14,15,0,observation_action_only
5,-13.580699920654297,-36.904335021972656,-27.961397171020508,time_pressure,10,validation,seed10/time_pressure/episode10/step14,15,1,observation_action_only
1,-13.580699920654297,-37.1174430847168,-33.02558517456055,time_pressure,10,validation,seed10/time_pressure/episode10/step14,15,2,observation_action_only
5,-13.580699920654297,-33.564735412597656,-30.070566177368164,time_pressure,10,validation,seed10/time_pressure/episode10/step14,15,2,observation_action_only
5,-10.575489044189453,-17.48856544494629,-29.019678115844727,time_pressure,10,validation,seed10/time_pressure/episode10/step8,15,0,observation_action_only
5,-10.575489044189453,-14.4224853515625,-25.72722816467285,time_pressure,10,validation,seed10/time_pressure/episode10/step8,15,1,observation_action_only
1,-10.575489044189453,-18.692123413085938,-30.7929630279541,time_pressure,10,validation,seed10/time_pressure/episode10/step8,15,2,observation_action_only
5,-10.575489044189453,-18.807222366333008,-27.833595275878906,time_pressure,10,validation,seed10/time_pressure/episode10/step8,15,2,observation_action_only
1,-28.793285369873047,-31.893980026245117,-26.1761531829834,time_pressure,10,train,seed10/time_pressure/episode3/step7,15,0,observation_action_only
2,-28.793285369873047,-30.205974578857422,-25.344314575195312,time_pressure,10,train,seed10/time_pressure/episode3/step7,15,0,observation_action_only
5,-28.793285369873047,-24.612285614013672,-23.168001174926758,time_pressure,10,train,seed10/time_pressure/episode3/step7,15,0,observation_action_only
5,-28.793285369873047,-1.5589079856872559,-19.926048278808594,time_pressure,10,train,seed10/time_pressure/episode3/step7,15,1,observation_action_only
1,-28.793285369873047,-20.561504364013672,-24.97193145751953,time_pressure,10,train,seed10/time_pressure/episode3/step7,15,2,observation_action_only
5,-28.793285369873047,-20.661182403564453,-21.95408821105957,time_pressure,10,train,seed10/time_pressure/episode3/step7,15,2,observation_action_only
5,-57.466217041015625,-46.90613555908203,-30.14535140991211,time_pressure,10,train,seed10/time_pressure/episode11/step26,15,0,observation_action_only
5,-57.466217041015625,-32.320556640625,-26.85335350036621,time_pressure,10,train,seed10/time_pressure/episode11/step26,15,1,observation_action_only
2,-57.466217041015625,-40.386505126953125,-31.130306243896484,time_pressure,10,train,seed10/time_pressure/episode11/step26,15,2,observation_action_only
3,-57.466217041015625,-40.386505126953125,-30.681882858276367,time_pressure,10,train,seed10/time_pressure/episode11/step26,15,2,observation_action_only
4,-57.466217041015625,-40.386505126953125,-27.80986785888672,time_pressure,10,train,seed10/time_pressure/episode11/step26,15,2,observation_action_only
5,-57.466217041015625,-43.738609313964844,-29.02898406982422,time_pressure,10,train,seed10/time_pressure/episode11/step26,15,2,observation_action_only
5,-46.59867477416992,-14.837443351745605,-32.2103385925293,time_pressure,10,test,seed10/time_pressure/episode1/step16,15,0,observation_action_only
5,-46.59867477416992,-35.28004837036133,-28.987951278686523,time_pressure,10,test,seed10/time_pressure/episode1/step16,15,1,observation_action_only
1,-46.59867477416992,-33.70951843261719,-33.923126220703125,time_pressure,10,test,seed10/time_pressure/episode1/step16,15,2,observation_action_only
2,-46.59867477416992,-33.70951843261719,-33.17705535888672,time_pressure,10,test,seed10/time_pressure/episode1/step16,15,2,observation_action_only
4,-46.59867477416992,-33.70951843261719,-29.88655662536621,time_pressure,10,test,seed10/time_pressure/episode1/step16,15,2,observation_action_only
5,-46.59867477416992,-40.005157470703125,-31.09632110595703,time_pressure,10,test,seed10/time_pressure/episode1/step16,15,2,observation_action_only
5,-58.83220672607422,-38.66096878051758,-37.62030029296875,heterogeneity_pressure,10,train,seed10/heterogeneity_pressure/episode6/step19,15,0,observation_action_only
5,-58.83220672607422,-37.06432342529297,-34.35303497314453,heterogeneity_pressure,10,train,seed10/heterogeneity_pressure/episode6/step19,15,1,observation_action_only
3,-58.83220672607422,-32.142147064208984,-38.159542083740234,heterogeneity_pressure,10,train,seed10/heterogeneity_pressure/episode6/step19,15,2,observation_action_only
4,-58.83220672607422,-32.142147064208984,-35.26618194580078,heterogeneity_pressure,10,train,seed10/heterogeneity_pressure/episode6/step19,15,2,observation_action_only
5,-58.83220672607422,-31.54319953918457,-36.50410079956055,heterogeneity_pressure,10,train,seed10/heterogeneity_pressure/episode6/step19,15,2,observation_action_only
5,-50.585025787353516,-24.075105667114258,-18.08637046813965,heterogeneity_pressure,10,train,seed10/heterogeneity_pressure/episode14/step21,15,0,observation_action_only
5,-50.585025787353516,-26.947134017944336,-14.766468048095703,heterogeneity_pressure,10,train,seed10/heterogeneity_pressure/episode14/step21,15,1,observation_action_only
0,-50.585025787353516,-24.11383628845215,-21.909896850585938,heterogeneity_pressure,10,train,seed10/heterogeneity_pressure/episode14/step21,15,2,observation_action_only
2,-50.585025787353516,-26.49840545654297,-18.964111328125,heterogeneity_pressure,10,train,seed10/heterogeneity_pressure/episode14/step21,15,2,observation_action_only
5,-50.585025787353516,-28.76556968688965,-16.84737777709961,heterogeneity_pressure,10,train,seed10/heterogeneity_pressure/episode14/step21,15,2,observation_action_only
0,-38.196128845214844,-9.163990020751953,-30.91852378845215,heterogeneity_pressure,10,test,seed10/heterogeneity_pressure/episode7/step2,15,0,observation_action_only
1,-38.196128845214844,-13.489645004272461,-28.94580841064453,heterogeneity_pressure,10,test,seed10/heterogeneity_pressure/episode7/step2,15,0,observation_action_only
2,-38.196128845214844,-8.96423625946045,-28.1248779296875,heterogeneity_pressure,10,test,seed10/heterogeneity_pressure/episode7/step2,15,0,observation_action_only
3,-38.196128845214844,-12.908406257629395,-27.786785125732422,heterogeneity_pressure,10,test,seed10/heterogeneity_pressure/episode7/step2,15,0,observation_action_only
4,-38.196128845214844,-8.053070068359375,-24.851749420166016,heterogeneity_pressure,10,test,seed10/heterogeneity_pressure/episode7/step2,15,0,observation_action_only
5,-38.196128845214844,-19.270116806030273,-26.002965927124023,heterogeneity_pressure,10,test,seed10/heterogeneity_pressure/episode7/step2,15,0,observation_action_only
0,-38.196128845214844,-22.523283004760742,-27.56390380859375,heterogeneity_pressure,10,test,seed10/heterogeneity_pressure/episode7/step2,15,1,observation_action_only
2,-38.196128845214844,-22.523283004760742,-24.778221130371094,heterogeneity_pressure,10,test,seed10/heterogeneity_pressure/episode7/step2,15,1,observation_action_only
5,-38.196128845214844,-24.002248764038086,-22.65862464904785,heterogeneity_pressure,10,test,seed10/heterogeneity_pressure/episode7/step2,15,1,observation_action_only
5,-38.196128845214844,-17.880714416503906,-24.77826499938965,heterogeneity_pressure,10,test,seed10/heterogeneity_pressure/episode7/step2,15,2,observation_action_only
5,-38.58123779296875,-28.087331771850586,-21.42624855041504,heterogeneity_pressure,10,test,seed10/heterogeneity_pressure/episode2/step23,15,0,observation_action_only
5,-38.58123779296875,-12.319510459899902,-18.003768920898438,heterogeneity_pressure,10,test,seed10/heterogeneity_pressure/episode2/step23,15,1,observation_action_only
0,-38.58123779296875,-21.47611427307129,-25.199588775634766,heterogeneity_pressure,10,test,seed10/heterogeneity_pressure/episode2/step23,15,2,observation_action_only
2,-38.58123779296875,-28.587726593017578,-22.2770938873291,heterogeneity_pressure,10,test,seed10/heterogeneity_pressure/episode2/step23,15,2,observation_action_only
3,-38.58123779296875,-22.938146591186523,-21.933809280395508,heterogeneity_pressure,10,test,seed10/heterogeneity_pressure/episode2/step23,15,2,observation_action_only
5,-38.58123779296875,-24.743135452270508,-20.19832992553711,heterogeneity_pressure,10,test,seed10/heterogeneity_pressure/episode2/step23,15,2,observation_action_only
1,-39.98905944824219,-24.093046188354492,-27.810157775878906,heterogeneity_pressure,10,train,seed10/heterogeneity_pressure/episode2/step1,15,0,observation_action_only
3,-39.98905944824219,-19.301279067993164,-26.591806411743164,heterogeneity_pressure,10,train,seed10/heterogeneity_pressure/episode2/step1,15,0,observation_action_only
4,-39.98905944824219,-22.357072830200195,-23.69722557067871,heterogeneity_pressure,10,train,seed10/heterogeneity_pressure/episode2/step1,15,0,observation_action_only
5,-39.98905944824219,-22.43428611755371,-24.844085693359375,heterogeneity_pressure,10,train,seed10/heterogeneity_pressure/episode2/step1,15,0,observation_action_only
5,-39.98905944824219,-25.5206241607666,-21.566938400268555,heterogeneity_pressure,10,train,seed10/heterogeneity_pressure/episode2/step1,15,1,observation_action_only
5,-39.98905944824219,-20.704065322875977,-23.704635620117188,heterogeneity_pressure,10,train,seed10/heterogeneity_pressure/episode2/step1,15,2,observation_action_only
5,-38.9393310546875,-28.762115478515625,-21.139602661132812,heterogeneity_pressure,10,test,seed10/heterogeneity_pressure/episode2/step24,15,0,observation_action_only
5,-38.9393310546875,-26.229232788085938,-17.718135833740234,heterogeneity_pressure,10,test,seed10/heterogeneity_pressure/episode2/step24,15,1,observation_action_only
0,-38.9393310546875,-17.024948120117188,-24.916444778442383,heterogeneity_pressure,10,test,seed10/heterogeneity_pressure/episode2/step24,15,2,observation_action_only
2,-38.9393310546875,-23.69082260131836,-21.994794845581055,heterogeneity_pressure,10,test,seed10/heterogeneity_pressure/episode2/step24,15,2,observation_action_only
3,-38.9393310546875,-23.69082260131836,-21.649585723876953,heterogeneity_pressure,10,test,seed10/heterogeneity_pressure/episode2/step24,15,2,observation_action_only
5,-38.9393310546875,-25.455245971679688,-19.913719177246094,heterogeneity_pressure,10,test,seed10/heterogeneity_pressure/episode2/step24,15,2,observation_action_only
5,-45.44908142089844,-7.2376604080200195,-22.83746910095215,heterogeneity_pressure,10,validation,seed10/heterogeneity_pressure/episode7/step26,15,0,observation_action_only
5,-45.44908142089844,-17.316743850708008,-19.490222930908203,heterogeneity_pressure,10,validation,seed10/heterogeneity_pressure/episode7/step26,15,1,observation_action_only
1,-45.44908142089844,-7.2078399658203125,-24.350553512573242,heterogeneity_pressure,10,validation,seed10/heterogeneity_pressure/episode7/step26,15,2,observation_action_only
5,-45.44908142089844,-13.645308494567871,-21.481897354125977,heterogeneity_pressure,10,validation,seed10/heterogeneity_pressure/episode7/step26,15,2,observation_action_only
5,-20.816810607910156,-16.07911491394043,-15.62948226928711,heterogeneity_pressure,10,train,seed10/heterogeneity_pressure/episode9/step24,15,0,observation_action_only
5,-20.816810607910156,-14.442678451538086,-12.364666938781738,heterogeneity_pressure,10,train,seed10/heterogeneity_pressure/episode9/step24,15,1,observation_action_only
0,-20.816810607910156,-13.864917755126953,-19.47279167175293,heterogeneity_pressure,10,train,seed10/heterogeneity_pressure/episode9/step24,15,2,observation_action_only
1,-20.816810607910156,-13.909819602966309,-17.42722511291504,heterogeneity_pressure,10,train,seed10/heterogeneity_pressure/episode9/step24,15,2,observation_action_only
2,-20.816810607910156,-10.30628776550293,-16.6177921295166,heterogeneity_pressure,10,train,seed10/heterogeneity_pressure/episode9/step24,15,2,observation_action_only
5,-20.816810607910156,-15.747425079345703,-14.384509086608887,heterogeneity_pressure,10,train,seed10/heterogeneity_pressure/episode9/step24,15,2,observation_action_only
0,-41.504188537597656,-17.263614654541016,-21.78607177734375,heterogeneity_pressure,10,validation,seed10/heterogeneity_pressure/episode14/step3,15,0,observation_action_only
1,-41.504188537597656,-17.360780715942383,-19.798908233642578,heterogeneity_pressure,10,validation,seed10/heterogeneity_pressure/episode14/step3,15,0,observation_action_only
4,-41.504188537597656,-20.049043655395508,-15.725288391113281,heterogeneity_pressure,10,validation,seed10/heterogeneity_pressure/episode14/step3,15,0,observation_action_only
5,-41.504188537597656,-17.062252044677734,-16.89487648010254,heterogeneity_pressure,10,validation,seed10/heterogeneity_pressure/episode14/step3,15,0,observation_action_only
0,-41.504188537597656,-21.08688735961914,-18.500076293945312,heterogeneity_pressure,10,validation,seed10/heterogeneity_pressure/episode14/step3,15,1,observation_action_only
1,-41.504188537597656,-21.08688735961914,-16.529191970825195,heterogeneity_pressure,10,validation,seed10/heterogeneity_pressure/episode14/step3,15,1,observation_action_only
4,-41.504188537597656,-20.81922721862793,-12.4169282913208,heterogeneity_pressure,10,validation,seed10/heterogeneity_pressure/episode14/step3,15,1,observation_action_only
5,-41.504188537597656,-22.920564651489258,-13.601578712463379,heterogeneity_pressure,10,validation,seed10/heterogeneity_pressure/episode14/step3,15,1,observation_action_only
5,-41.504188537597656,-28.65008544921875,-15.692261695861816,heterogeneity_pressure,10,validation,seed10/heterogeneity_pressure/episode14/step3,15,2,observation_action_only
5,-36.69670867919922,-44.103363037109375,-27.984493255615234,heterogeneity_pressure,10,validation,seed10/heterogeneity_pressure/episode3/step12,15,0,observation_action_only
5,-36.69670867919922,-55.59968185424805,-24.709064483642578,heterogeneity_pressure,10,validation,seed10/heterogeneity_pressure/episode3/step12,15,1,observation_action_only
1,-36.69670867919922,-40.278221130371094,-29.666542053222656,heterogeneity_pressure,10,validation,seed10/heterogeneity_pressure/episode3/step12,15,2,observation_action_only
5,-36.69670867919922,-36.55768585205078,-26.750289916992188,heterogeneity_pressure,10,validation,seed10/heterogeneity_pressure/episode3/step12,15,2,observation_action_only
5,-51.90120315551758,-34.20975875854492,-26.009008407592773,heterogeneity_pressure,10,train,seed10/heterogeneity_pressure/episode5/step28,15,0,observation_action_only
5,-51.90120315551758,-27.370765686035156,-22.645511627197266,heterogeneity_pressure,10,train,seed10/heterogeneity_pressure/episode5/step28,15,1,observation_action_only
0,-51.90120315551758,-33.25312805175781,-29.939468383789062,heterogeneity_pressure,10,train,seed10/heterogeneity_pressure/episode5/step28,15,2,observation_action_only
1,-51.90120315551758,-36.06590270996094,-27.856170654296875,heterogeneity_pressure,10,train,seed10/heterogeneity_pressure/episode5/step28,15,2,observation_action_only
2,-51.90120315551758,-35.79221725463867,-26.961318969726562,heterogeneity_pressure,10,train,seed10/heterogeneity_pressure/episode5/step28,15,2,observation_action_only
3,-51.90120315551758,-26.431835174560547,-26.610383987426758,heterogeneity_pressure,10,train,seed10/heterogeneity_pressure/episode5/step28,15,2,observation_action_only
5,-51.90120315551758,-33.51583480834961,-24.813440322875977,heterogeneity_pressure,10,train,seed10/heterogeneity_pressure/episode5/step28,15,2,observation_action_only
5,-35.575931549072266,-26.57111358642578,-19.084362030029297,heterogeneity_pressure,10,train,seed10/heterogeneity_pressure/episode2/step20,15,0,observation_action_only
5,-35.575931549072266,-10.801885604858398,-15.685934066772461,heterogeneity_pressure,10,train,seed10/heterogeneity_pressure/episode2/step20,15,1,observation_action_only
0,-35.575931549072266,-13.672247886657715,-22.86067771911621,heterogeneity_pressure,10,train,seed10/heterogeneity_pressure/episode2/step20,15,2,observation_action_only
3,-35.575931549072266,-13.672247886657715,-19.585044860839844,heterogeneity_pressure,10,train,seed10/heterogeneity_pressure/episode2/step20,15,2,observation_action_only
5,-35.575931549072266,-8.164082527160645,-17.863094329833984,heterogeneity_pressure,10,train,seed10/heterogeneity_pressure/episode2/step20,15,2,observation_action_only
0,-33.939884185791016,-33.39618682861328,-28.178558349609375,heterogeneity_pressure,10,train,seed10/heterogeneity_pressure/episode4/step3,15,0,observation_action_only
1,-33.939884185791016,-30.177461624145508,-26.14925765991211,heterogeneity_pressure,10,train,seed10/heterogeneity_pressure/episode4/step3,15,0,observation_action_only
2,-33.939884185791016,-31.998798370361328,-25.35559844970703,heterogeneity_pressure,10,train,seed10/heterogeneity_pressure/episode4/step3,15,0,observation_action_only
3,-33.939884185791016,-33.39618682861328,-24.998682022094727,heterogeneity_pressure,10,train,seed10/heterogeneity_pressure/episode4/step3,15,0,observation_action_only
5,-33.939884185791016,-27.088605880737305,-23.201171875,heterogeneity_pressure,10,train,seed10/heterogeneity_pressure/episode4/step3,15,0,observation_action_only
5,-33.939884185791016,-33.062042236328125,-19.85708236694336,heterogeneity_pressure,10,train,seed10/heterogeneity_pressure/episode4/step3,15,1,observation_action_only
1,-33.939884185791016,-28.230480194091797,-24.85116958618164,heterogeneity_pressure,10,train,seed10/heterogeneity_pressure/episode4/step3,15,2,observation_action_only
5,-33.939884185791016,-31.333965301513672,-21.872373580932617,heterogeneity_pressure,10,train,seed10/heterogeneity_pressure/episode4/step3,15,2,observation_action_only
5,-21.775144577026367,0.2643786668777466,8.142890930175781,heterogeneity_pressure,10,train,seed10/heterogeneity_pressure/episode8/step22,15,0,observation_action_only
3,-21.775144577026367,-3.66011905670166,9.538970947265625,heterogeneity_pressure,10,train,seed10/heterogeneity_pressure/episode8/step22,15,1,observation_action_only
5,-21.775144577026367,-3.601792573928833,11.033927917480469,heterogeneity_pressure,10,train,seed10/heterogeneity_pressure/episode8/step22,15,1,observation_action_only
5,-21.775144577026367,-3.66011905670166,9.325607299804688,heterogeneity_pressure,10,train,seed10/heterogeneity_pressure/episode8/step22,15,2,observation_action_only
5,-51.97251510620117,-27.609771728515625,-24.856632232666016,heterogeneity_pressure,10,train,seed10/heterogeneity_pressure/episode6/step4,15,0,observation_action_only
1,-51.97251510620117,-31.595455169677734,-24.47766876220703,heterogeneity_pressure,10,train,seed10/heterogeneity_pressure/episode6/step4,15,1,observation_action_only
3,-51.97251510620117,-32.502044677734375,-23.26636505126953,heterogeneity_pressure,10,train,seed10/heterogeneity_pressure/episode6/step4,15,1,observation_action_only
4,-51.97251510620117,-32.502044677734375,-20.29952049255371,heterogeneity_pressure,10,train,seed10/heterogeneity_pressure/episode6/step4,15,1,observation_action_only
5,-51.97251510620117,-31.995540618896484,-21.51202392578125,heterogeneity_pressure,10,train,seed10/heterogeneity_pressure/episode6/step4,15,1,observation_action_only
5,-51.97251510620117,-32.19270706176758,-23.614334106445312,heterogeneity_pressure,10,train,seed10/heterogeneity_pressure/episode6/step4,15,2,observation_action_only
1,-29.492202758789062,-33.10894012451172,-25.384761810302734,medium,8,train,seed8/medium/episode2/step11,16,0,observation_action_only
2,-29.492202758789062,-35.710018157958984,-25.625232696533203,medium,8,train,seed8/medium/episode2/step11,16,0,observation_action_only
4,-29.492202758789062,-35.71991729736328,-21.618288040161133,medium,8,train,seed8/medium/episode2/step11,16,0,observation_action_only
5,-29.492202758789062,-34.18324279785156,-22.787811279296875,medium,8,train,seed8/medium/episode2/step11,16,0,observation_action_only
0,-29.492202758789062,-28.808088302612305,-25.626924514770508,medium,8,train,seed8/medium/episode2/step11,16,1,observation_action_only
1,-29.492202758789062,-26.458133697509766,-22.904483795166016,medium,8,train,seed8/medium/episode2/step11,16,1,observation_action_only
3,-29.492202758789062,-28.89006996154785,-23.11958122253418,medium,8,train,seed8/medium/episode2/step11,16,1,observation_action_only
5,-29.492202758789062,-33.381927490234375,-20.311431884765625,medium,8,train,seed8/medium/episode2/step11,16,1,observation_action_only
1,-29.492202758789062,-30.486421585083008,-24.57503318786621,medium,8,train,seed8/medium/episode2/step11,16,2,observation_action_only
5,-29.492202758789062,-34.01565933227539,-22.008358001708984,medium,8,train,seed8/medium/episode2/step11,16,2,observation_action_only
0,-35.447757720947266,-26.981813430786133,-19.441852569580078,medium,8,train,seed8/medium/episode9/step0,16,0,observation_action_only
2,-35.447757720947266,-18.885452270507812,-16.939868927001953,medium,8,train,seed8/medium/episode9/step0,16,0,observation_action_only
5,-35.447757720947266,-16.642976760864258,-14.105639457702637,medium,8,train,seed8/medium/episode9/step0,16,0,observation_action_only
0,-35.447757720947266,-18.09736442565918,-16.9895076751709,medium,8,train,seed8/medium/episode9/step0,16,1,observation_action_only
2,-35.447757720947266,-18.09736442565918,-14.460565567016602,medium,8,train,seed8/medium/episode9/step0,16,1,observation_action_only
3,-35.447757720947266,-18.09736442565918,-14.428474426269531,medium,8,train,seed8/medium/episode9/step0,16,1,observation_action_only
5,-35.447757720947266,-17.964075088500977,-11.645699501037598,medium,8,train,seed8/medium/episode9/step0,16,1,observation_action_only
5,-35.447757720947266,-11.5684175491333,-13.276925086975098,medium,8,train,seed8/medium/episode9/step0,16,2,observation_action_only
5,-33.44831466674805,-3.587488889694214,-0.3660297393798828,medium,8,train,seed8/medium/episode4/step1,16,0,observation_action_only
5,-33.44831466674805,-9.670360565185547,2.0574207305908203,medium,8,train,seed8/medium/episode4/step1,16,1,observation_action_only
3,-33.44831466674805,-10.562413215637207,-1.8588943481445312,medium,8,train,seed8/medium/episode4/step1,16,2,observation_action_only
5,-33.44831466674805,-11.683401107788086,0.5938777923583984,medium,8,train,seed8/medium/episode4/step1,16,2,observation_action_only
5,-38.55025100708008,-12.062366485595703,-7.498217582702637,medium,8,validation,seed8/medium/episode4/step17,16,0,observation_action_only
0,-38.55025100708008,-6.02097225189209,-10.082053184509277,medium,8,validation,seed8/medium/episode4/step17,16,1,observation_action_only
1,-38.55025100708008,-4.549280643463135,-7.546411514282227,medium,8,validation,seed8/medium/episode4/step17,16,1,observation_action_only
2,-38.55025100708008,-4.620107173919678,-7.816007614135742,medium,8,validation,seed8/medium/episode4/step17,16,1,observation_action_only
5,-38.55025100708008,-5.573254585266113,-5.066139221191406,medium,8,validation,seed8/medium/episode4/step17,16,1,observation_action_only
2,-38.55025100708008,-10.311877250671387,-9.385272979736328,medium,8,validation,seed8/medium/episode4/step17,16,2,observation_action_only
5,-38.55025100708008,-12.753405570983887,-6.623067855834961,medium,8,validation,seed8/medium/episode4/step17,16,2,observation_action_only
5,-31.04770278930664,-23.385412216186523,-35.97404479980469,medium,8,train,seed8/medium/episode15/step20,16,0,observation_action_only
5,-31.04770278930664,-28.9300594329834,-33.52959442138672,medium,8,train,seed8/medium/episode15/step20,16,1,observation_action_only
3,-31.04770278930664,-13.946529388427734,-37.88202667236328,medium,8,train,seed8/medium/episode15/step20,16,2,observation_action_only
5,-31.04770278930664,-11.914278030395508,-35.28739547729492,medium,8,train,seed8/medium/episode15/step20,16,2,observation_action_only
5,4.333680629730225,6.330555438995361,-12.415492057800293,medium,8,validation,seed8/medium/episode7/step36,16,0,observation_action_only
5,4.333680629730225,2.202897787094116,-10.027664184570312,medium,8,validation,seed8/medium/episode7/step36,16,1,observation_action_only
1,4.333680629730225,3.450153350830078,-14.336996078491211,medium,8,validation,seed8/medium/episode7/step36,16,2,observation_action_only
3,4.333680629730225,2.7973337173461914,-14.578821182250977,medium,8,validation,seed8/medium/episode7/step36,16,2,observation_action_only
5,4.333680629730225,1.8345015048980713,-11.684891700744629,medium,8,validation,seed8/medium/episode7/step36,16,2,observation_action_only
0,-26.813440322875977,-12.698175430297852,-22.06916618347168,medium,8,train,seed8/medium/episode3/step0,16,0,observation_action_only
1,-26.813440322875977,-12.2223539352417,-19.434789657592773,medium,8,train,seed8/medium/episode3/step0,16,0,observation_action_only
5,-26.813440322875977,-5.456620216369629,-16.84312629699707,medium,8,train,seed8/medium/episode3/step0,16,0,observation_action_only
0,-26.813440322875977,-21.449033737182617,-19.546581268310547,medium,8,train,seed8/medium/episode3/step0,16,1,observation_action_only
1,-26.813440322875977,-18.53394889831543,-16.905635833740234,medium,8,train,seed8/medium/episode3/step0,16,1,observation_action_only
2,-26.813440322875977,-22.274194717407227,-17.089435577392578,medium,8,train,seed8/medium/episode3/step0,16,1,observation_action_only
5,-26.813440322875977,-5.57970666885376,-14.296439170837402,medium,8,train,seed8/medium/episode3/step0,16,1,observation_action_only
1,-26.813440322875977,-16.29863166809082,-18.574466705322266,medium,8,train,seed8/medium/episode3/step0,16,2,observation_action_only
5,-26.813440322875977,-13.24433422088623,-15.984437942504883,medium,8,train,seed8/medium/episode3/step0,16,2,observation_action_only
5,-0.9851009249687195,-10.886966705322266,-15.292173385620117,medium,8,test,seed8/medium/episode17/step37,16,0,observation_action_only
5,-0.9851009249687195,-8.048867225646973,-12.73935317993164,medium,8,test,seed8/medium/episode17/step37,16,1,observation_action_only
2,-0.9851009249687195,-10.674211502075195,-17.136703491210938,medium,8,test,seed8/medium/episode17/step37,16,2,observation_action_only
3,-0.9851009249687195,-6.5601701736450195,-17.068017959594727,medium,8,test,seed8/medium/episode17/step37,16,2,observation_action_only
5,-0.9851009249687195,-10.049506187438965,-14.38425064086914,medium,8,test,seed8/medium/episode17/step37,16,2,observation_action_only
5,-48.39737319946289,-21.931419372558594,-20.635387420654297,medium,8,train,seed8/medium/episode6/step19,16,0,observation_action_only
5,-48.39737319946289,-14.924541473388672,-18.160612106323242,medium,8,train,seed8/medium/episode6/step19,16,1,observation_action_only
0,-48.39737319946289,-13.654547691345215,-25.013139724731445,medium,8,train,seed8/medium/episode6/step19,16,2,observation_action_only
5,-48.39737319946289,-8.585113525390625,-19.863990783691406,medium,8,train,seed8/medium/episode6/step19,16,2,observation_action_only
5,-15.448270797729492,-10.367734909057617,-13.379399299621582,medium,8,train,seed8/medium/episode2/step20,16,0,observation_action_only
5,-15.448270797729492,-13.286519050598145,-10.873611450195312,medium,8,train,seed8/medium/episode2/step20,16,1,observation_action_only
2,-15.448270797729492,-13.715262413024902,-15.299247741699219,medium,8,train,seed8/medium/episode2/step20,16,2,observation_action_only
5,-15.448270797729492,-15.595102310180664,-12.512718200683594,medium,8,train,seed8/medium/episode2/step20,16,2,observation_action_only
5,-37.370094299316406,-8.017800331115723,-7.582854270935059,medium,8,test,seed8/medium/episode4/step15,16,0,observation_action_only
0,-37.370094299316406,-11.572137832641602,-10.169391632080078,medium,8,test,seed8/medium/episode4/step15,16,1,observation_action_only
1,-37.370094299316406,-5.1192755699157715,-7.627861976623535,medium,8,test,seed8/medium/episode4/step15,16,1,observation_action_only
2,-37.370094299316406,-4.75659704208374,-7.897353172302246,medium,8,test,seed8/medium/episode4/step15,16,1,observation_action_only
5,-37.370094299316406,-10.10085678100586,-5.153209686279297,medium,8,test,seed8/medium/episode4/step15,16,1,observation_action_only
5,-37.370094299316406,-14.092737197875977,-6.707647323608398,medium,8,test,seed8/medium/episode4/step15,16,2,observation_action_only
1,-37.51372528076172,-10.54308795928955,-14.477805137634277,medium,8,validation,seed8/medium/episode12/step14,16,0,observation_action_only
2,-37.51372528076172,-9.292527198791504,-14.671521186828613,medium,8,validation,seed8/medium/episode12/step14,16,0,observation_action_only
4,-37.51372528076172,-10.488576889038086,-10.755850791931152,medium,8,validation,seed8/medium/episode12/step14,16,0,observation_action_only
5,-37.51372528076172,-0.37721431255340576,-11.906466484069824,medium,8,validation,seed8/medium/episode12/step14,16,0,observation_action_only
0,-37.51372528076172,-11.632478713989258,-14.597146987915039,medium,8,validation,seed8/medium/episode12/step14,16,1,observation_action_only
1,-37.51372528076172,-13.118612289428711,-11.92869758605957,medium,8,validation,seed8/medium/episode12/step14,16,1,observation_action_only
4,-37.51372528076172,-10.281124114990234,-8.23631763458252,medium,8,validation,seed8/medium/episode12/step14,16,1,observation_action_only
5,-37.51372528076172,-11.875988006591797,-9.362491607666016,medium,8,validation,seed8/medium/episode12/step14,16,1,observation_action_only
5,-37.51372528076172,-9.637031555175781,-11.024731636047363,medium,8,validation,seed8/medium/episode12/step14,16,2,observation_action_only
0,-33.2150993347168,-33.374916076660156,-30.179079055786133,medium,8,train,seed8/medium/episode2/step15,16,0,observation_action_only
1,-33.2150993347168,-32.93619918823242,-27.50897216796875,medium,8,train,seed8/medium/episode2/step15,16,0,observation_action_only
2,-33.2150993347168,-26.554828643798828,-27.734848022460938,medium,8,train,seed8/medium/episode2/step15,16,0,observation_action_only
3,-33.2150993347168,-28.814056396484375,-27.68739128112793,medium,8,train,seed8/medium/episode2/step15,16,0,observation_action_only
4,-33.2150993347168,-33.07803726196289,-23.727014541625977,medium,8,train,seed8/medium/episode2/step15,16,0,observation_action_only
5,-33.2150993347168,-28.29136085510254,-24.907840728759766,medium,8,train,seed8/medium/episode2/step15,16,0,observation_action_only
0,-33.2150993347168,-34.90782165527344,-27.721237182617188,medium,8,train,seed8/medium/episode2/step15,16,1,observation_action_only
1,-33.2150993347168,-18.301359176635742,-25.029064178466797,medium,8,train,seed8/medium/episode2/step15,16,1,observation_action_only
2,-33.2150993347168,-28.205732345581055,-25.28327178955078,medium,8,train,seed8/medium/episode2/step15,16,1,observation_action_only
3,-33.2150993347168,-28.783782958984375,-25.22100830078125,medium,8,train,seed8/medium/episode2/step15,16,1,observation_action_only
5,-33.2150993347168,-25.361066818237305,-22.421537399291992,medium,8,train,seed8/medium/episode2/step15,16,1,observation_action_only
1,-33.2150993347168,-26.40006446838379,-26.708330154418945,medium,8,train,seed8/medium/episode2/step15,16,2,observation_action_only
5,-33.2150993347168,-27.37781524658203,-24.13352394104004,medium,8,train,seed8/medium/episode2/step15,16,2,observation_action_only
5,-7.551610946655273,-22.827241897583008,-23.568111419677734,medium,8,train,seed8/medium/episode7/step8,16,0,observation_action_only
2,-7.551610946655273,-20.074052810668945,-23.90851593017578,medium,8,train,seed8/medium/episode7/step8,16,1,observation_action_only
4,-7.551610946655273,-21.82307243347168,-19.87997055053711,medium,8,train,seed8/medium/episode7/step8,16,1,observation_action_only
5,-7.551610946655273,-19.989810943603516,-21.074365615844727,medium,8,train,seed8/medium/episode7/step8,16,1,observation_action_only
5,-7.551610946655273,-22.747802734375,-22.785980224609375,medium,8,train,seed8/medium/episode7/step8,16,2,observation_action_only
5,-42.05026626586914,-37.09263610839844,-12.232169151306152,medium,8,test,seed8/medium/episode11/step4,16,0,observation_action_only
0,-42.05026626586914,3.3420968055725098,-14.930167198181152,medium,8,test,seed8/medium/episode11/step4,16,1,observation_action_only
1,-42.05026626586914,-18.884119033813477,-12.234682083129883,medium,8,test,seed8/medium/episode11/step4,16,1,observation_action_only
2,-42.05026626586914,-16.048072814941406,-12.458548545837402,medium,8,test,seed8/medium/episode11/step4,16,1,observation_action_only
3,-42.05026626586914,-9.627930641174316,-12.413329124450684,medium,8,test,seed8/medium/episode11/step4,16,1,observation_action_only
5,-42.05026626586914,-17.162158966064453,-9.75466537475586,medium,8,test,seed8/medium/episode11/step4,16,1,observation_action_only
1,-42.05026626586914,11.115246772766113,-13.910017013549805,medium,8,test,seed8/medium/episode11/step4,16,2,observation_action_only
3,-42.05026626586914,11.115246772766113,-14.106964111328125,medium,8,test,seed8/medium/episode11/step4,16,2,observation_action_only
5,-42.05026626586914,0.1420089602470398,-11.419994354248047,medium,8,test,seed8/medium/episode11/step4,16,2,observation_action_only
0,-14.634188652038574,4.261696815490723,-12.255233764648438,time_pressure,8,train,seed8/time_pressure/episode17/step3,16,0,observation_action_only
2,-14.634188652038574,5.870260715484619,-9.729769706726074,time_pressure,8,train,seed8/time_pressure/episode17/step3,16,0,observation_action_only
4,-14.634188652038574,5.920765399932861,-5.879646301269531,time_pressure,8,train,seed8/time_pressure/episode17/step3,16,0,observation_action_only
5,-14.634188652038574,10.429814338684082,-7.0204010009765625,time_pressure,8,train,seed8/time_pressure/episode17/step3,16,0,observation_action_only
2,-14.634188652038574,5.793713569641113,-7.272032737731934,time_pressure,8,train,seed8/time_pressure/episode17/step3,16,1,observation_action_only
4,-14.634188652038574,8.283580780029297,-3.4778900146484375,time_pressure,8,train,seed8/time_pressure/episode17/step3,16,1,observation_action_only
5,-14.634188652038574,6.379310607910156,-4.582059860229492,time_pressure,8,train,seed8/time_pressure/episode17/step3,16,1,observation_action_only
2,-14.634188652038574,-6.383850574493408,-8.900358200073242,time_pressure,8,train,seed8/time_pressure/episode17/step3,16,2,observation_action_only
4,-14.634188652038574,-1.8439735174179077,-5.062864303588867,time_pressure,8,train,seed8/time_pressure/episode17/step3,16,2,observation_action_only
5,-14.634188652038574,-7.755964756011963,-6.21537971496582,time_pressure,8,train,seed8/time_pressure/episode17/step3,16,2,observation_action_only
5,-12.54377555847168,-14.145971298217773,-24.67597007751465,time_pressure,8,train,seed8/time_pressure/episode10/step7,16,0,observation_action_only
1,-12.54377555847168,-20.319665908813477,-24.635942459106445,time_pressure,8,train,seed8/time_pressure/episode10/step7,16,1,observation_action_only
2,-12.54377555847168,-22.443574905395508,-24.890987396240234,time_pressure,8,train,seed8/time_pressure/episode10/step7,16,1,observation_action_only
3,-12.54377555847168,-23.847597122192383,-24.812744140625,time_pressure,8,train,seed8/time_pressure/episode10/step7,16,1,observation_action_only
4,-12.54377555847168,-27.918996810913086,-20.84978485107422,time_pressure,8,train,seed8/time_pressure/episode10/step7,16,1,observation_action_only
5,-12.54377555847168,-23.94202423095703,-22.13664436340332,time_pressure,8,train,seed8/time_pressure/episode10/step7,16,1,observation_action_only
3,-12.54377555847168,-14.289409637451172,-26.547990798950195,time_pressure,8,train,seed8/time_pressure/episode10/step7,16,2,observation_action_only
5,-12.54377555847168,-11.84142017364502,-23.832807540893555,time_pressure,8,train,seed8/time_pressure/episode10/step7,16,2,observation_action_only
0,-29.865127563476562,-25.640548706054688,-31.422733306884766,time_pressure,8,validation,seed8/time_pressure/episode0/step2,16,0,observation_action_only
1,-29.865127563476562,-12.728217124938965,-28.73914909362793,time_pressure,8,validation,seed8/time_pressure/episode0/step2,16,0,observation_action_only
3,-29.865127563476562,-15.205229759216309,-28.96959114074707,time_pressure,8,validation,seed8/time_pressure/episode0/step2,16,0,observation_action_only
5,-29.865127563476562,-1.150765061378479,-26.25407600402832,time_pressure,8,validation,seed8/time_pressure/episode0/step2,16,0,observation_action_only
0,-29.865127563476562,-28.93889808654785,-28.915300369262695,time_pressure,8,validation,seed8/time_pressure/episode0/step2,16,1,observation_action_only
1,-29.865127563476562,-26.039899826049805,-26.29224967956543,time_pressure,8,validation,seed8/time_pressure/episode0/step2,16,1,observation_action_only
2,-29.865127563476562,-26.815553665161133,-26.51968002319336,time_pressure,8,validation,seed8/time_pressure/episode0/step2,16,1,observation_action_only
4,-29.865127563476562,-25.309741973876953,-22.519649505615234,time_pressure,8,validation,seed8/time_pressure/episode0/step2,16,1,observation_action_only
5,-29.865127563476562,-23.81761360168457,-23.752347946166992,time_pressure,8,validation,seed8/time_pressure/episode0/step2,16,1,observation_action_only
1,-29.865127563476562,-30.156808853149414,-27.954795837402344,time_pressure,8,validation,seed8/time_pressure/episode0/step2,16,2,observation_action_only
5,-29.865127563476562,-19.129053115844727,-25.46359634399414,time_pressure,8,validation,seed8/time_pressure/episode0/step2,16,2,observation_action_only
5,-59.50522994995117,-74.36446380615234,-35.79852294921875,time_pressure,8,test,seed8/time_pressure/episode2/step18,16,0,observation_action_only
5,-59.50522994995117,-57.90886306762695,-33.330963134765625,time_pressure,8,test,seed8/time_pressure/episode2/step18,16,1,observation_action_only
0,-59.50522994995117,-61.32829284667969,-40.19287109375,time_pressure,8,test,seed8/time_pressure/episode2/step18,16,2,observation_action_only
1,-59.50522994995117,-63.19756317138672,-37.56857681274414,time_pressure,8,test,seed8/time_pressure/episode2/step18,16,2,observation_action_only
3,-59.50522994995117,-53.538665771484375,-37.77854537963867,time_pressure,8,test,seed8/time_pressure/episode2/step18,16,2,observation_action_only
4,-59.50522994995117,-57.24195098876953,-33.79527282714844,time_pressure,8,test,seed8/time_pressure/episode2/step18,16,2,observation_action_only
5,-59.50522994995117,-65.06932067871094,-35.070098876953125,time_pressure,8,test,seed8/time_pressure/episode2/step18,16,2,observation_action_only
5,-32.757591247558594,8.118378639221191,-6.409542083740234,time_pressure,8,train,seed8/time_pressure/episode16/step22,16,0,observation_action_only
5,-32.757591247558594,-5.0014848709106445,-3.8794803619384766,time_pressure,8,train,seed8/time_pressure/episode16/step22,16,1,observation_action_only
4,-32.757591247558594,22.540985107421875,-4.401826858520508,time_pressure,8,train,seed8/time_pressure/episode16/step22,16,2,observation_action_only
5,-32.757591247558594,8.338809967041016,-5.538242340087891,time_pressure,8,train,seed8/time_pressure/episode16/step22,16,2,observation_action_only
5,-56.540401458740234,-56.82118606567383,-23.300745010375977,time_pressure,8,test,seed8/time_pressure/episode2/step15,16,0,observation_action_only
5,-56.540401458740234,-56.65013122558594,-20.788415908813477,time_pressure,8,test,seed8/time_pressure/episode2/step15,16,1,observation_action_only
0,-56.540401458740234,-53.21440887451172,-27.723377227783203,time_pressure,8,test,seed8/time_pressure/episode2/step15,16,2,observation_action_only
3,-56.540401458740234,-53.21440887451172,-25.260051727294922,time_pressure,8,test,seed8/time_pressure/episode2/step15,16,2,observation_action_only
4,-56.540401458740234,-53.21440887451172,-21.220521926879883,time_pressure,8,test,seed8/time_pressure/episode2/step15,16,2,observation_action_only
5,-56.540401458740234,-59.69396209716797,-22.515403747558594,time_pressure,8,test,seed8/time_pressure/episode2/step15,16,2,observation_action_only
0,-52.9025993347168,-32.12995529174805,-33.94804763793945,time_pressure,8,train,seed8/time_pressure/episode11/step16,16,0,observation_action_only
1,-52.9025993347168,-32.06916046142578,-31.30929183959961,time_pressure,8,train,seed8/time_pressure/episode11/step16,16,0,observation_action_only
2,-52.9025993347168,-26.168453216552734,-31.582759857177734,time_pressure,8,train,seed8/time_pressure/episode11/step16,16,0,observation_action_only
3,-52.9025993347168,-30.01949691772461,-31.51390838623047,time_pressure,8,train,seed8/time_pressure/episode11/step16,16,0,observation_action_only
4,-52.9025993347168,-28.768707275390625,-27.617210388183594,time_pressure,8,train,seed8/time_pressure/episode11/step16,16,0,observation_action_only
5,-52.9025993347168,-27.733718872070312,-28.774700164794922,time_pressure,8,train,seed8/time_pressure/episode11/step16,16,0,observation_action_only
5,-52.9025993347168,-15.674344062805176,-26.245792388916016,time_pressure,8,train,seed8/time_pressure/episode11/step16,16,1,observation_action_only
0,-52.9025993347168,-41.60237503051758,-33.09569549560547,time_pressure,8,train,seed8/time_pressure/episode11/step16,16,2,observation_action_only
1,-52.9025993347168,-49.2067756652832,-30.468029022216797,time_pressure,8,train,seed8/time_pressure/episode11/step16,16,2,observation_action_only
2,-52.9025993347168,-49.2067756652832,-30.749032974243164,time_pressure,8,train,seed8/time_pressure/episode11/step16,16,2,observation_action_only
4,-52.9025993347168,-49.2067756652832,-26.77168083190918,time_pressure,8,train,seed8/time_pressure/episode11/step16,16,2,observation_action_only
5,-52.9025993347168,-22.799285888671875,-27.94256019592285,time_pressure,8,train,seed8/time_pressure/episode11/step16,16,2,observation_action_only
0,-35.00529479980469,-41.886539459228516,-31.367382049560547,time_pressure,8,train,seed8/time_pressure/episode13/step0,16,0,observation_action_only
1,-35.00529479980469,-44.126991271972656,-28.728862762451172,time_pressure,8,train,seed8/time_pressure/episode13/step0,16,0,observation_action_only
3,-35.00529479980469,-44.727420806884766,-28.92115020751953,time_pressure,8,train,seed8/time_pressure/episode13/step0,16,0,observation_action_only
5,-35.00529479980469,-26.63924789428711,-26.187904357910156,time_pressure,8,train,seed8/time_pressure/episode13/step0,16,0,observation_action_only
1,-35.00529479980469,-34.4774169921875,-26.321012496948242,time_pressure,8,train,seed8/time_pressure/episode13/step0,16,1,observation_action_only
2,-35.00529479980469,-36.44472885131836,-26.497472763061523,time_pressure,8,train,seed8/time_pressure/episode13/step0,16,1,observation_action_only
3,-35.00529479980469,-36.44472885131836,-26.501440048217773,time_pressure,8,train,seed8/time_pressure/episode13/step0,16,1,observation_action_only
4,-35.00529479980469,-27.2710018157959,-22.55175018310547,time_pressure,8,train,seed8/time_pressure/episode13/step0,16,1,observation_action_only
5,-35.00529479980469,-19.675100326538086,-23.751100540161133,time_pressure,8,train,seed8/time_pressure/episode13/step0,16,1,observation_action_only
5,-35.00529479980469,-33.321475982666016,-25.435401916503906,time_pressure,8,train,seed8/time_pressure/episode13/step0,16,2,observation_action_only
5,10.870283126831055,-4.251091480255127,2.2704391479492188,time_pressure,8,train,seed8/time_pressure/episode9/step35,16,0,observation_action_only
5,10.870283126831055,-4.4449639320373535,4.619733810424805,time_pressure,8,train,seed8/time_pressure/episode9/step35,16,1,observation_action_only
4,10.870283126831055,-7.17270040512085,3.8613719940185547,time_pressure,8,train,seed8/time_pressure/episode9/step35,16,2,observation_action_only
5,10.870283126831055,-11.856842041015625,3.089967727661133,time_pressure,8,train,seed8/time_pressure/episode9/step35,16,2,observation_action_only
5,-14.520394325256348,1.8083842992782593,-7.048514366149902,time_pressure,8,train,seed8/time_pressure/episode15/step7,16,0,observation_action_only
4,-14.520394325256348,0.6055953502655029,-3.330904006958008,time_pressure,8,train,seed8/time_pressure/episode15/step7,16,1,observation_action_only
5,-14.520394325256348,9.040234565734863,-4.5327301025390625,time_pressure,8,train,seed8/time_pressure/episode15/step7,16,1,observation_action_only
5,-14.520394325256348,-3.676816463470459,-6.139545440673828,time_pressure,8,train,seed8/time_pressure/episode15/step7,16,2,observation_action_only
5,-24.699077606201172,-21.053157806396484,-24.216379165649414,time_pressure,8,validation,seed8/time_pressure/episode12/step27,16,0,observation_action_only
5,-24.699077606201172,-16.328664779663086,-21.703466415405273,time_pressure,8,validation,seed8/time_pressure/episode12/step27,16,1,observation_action_only
0,-24.699077606201172,-19.209224700927734,-28.675397872924805,time_pressure,8,validation,seed8/time_pressure/episode12/step27,16,2,observation_action_only
1,-24.699077606201172,-21.68877410888672,-26.038904190063477,time_pressure,8,validation,seed8/time_pressure/episode12/step27,16,2,observation_action_only
4,-24.699077606201172,-17.343713760375977,-22.151081085205078,time_pressure,8,validation,seed8/time_pressure/episode12/step27,16,2,observation_action_only
5,-24.699077606201172,-25.950592041015625,-23.395370483398438,time_pressure,8,validation,seed8/time_pressure/episode12/step27,16,2,observation_action_only
5,-21.368650436401367,-26.50551414489746,-20.63788604736328,time_pressure,8,validation,seed8/time_pressure/episode8/step14,16,0,observation_action_only
1,-21.368650436401367,-10.095391273498535,-20.75349998474121,time_pressure,8,validation,seed8/time_pressure/episode8/step14,16,1,observation_action_only
2,-21.368650436401367,-4.6209540367126465,-20.936908721923828,time_pressure,8,validation,seed8/time_pressure/episode8/step14,16,1,observation_action_only
3,-21.368650436401367,-12.604879379272461,-20.97397232055664,time_pressure,8,validation,seed8/time_pressure/episode8/step14,16,1,observation_action_only
4,-21.368650436401367,-4.74187707901001,-16.923595428466797,time_pressure,8,validation,seed8/time_pressure/episode8/step14,16,1,observation_action_only
5,-21.368650436401367,-16.336193084716797,-18.11452293395996,time_pressure,8,validation,seed8/time_pressure/episode8/step14,16,1,observation_action_only
3,-21.368650436401367,-29.64705467224121,-22.665084838867188,time_pressure,8,validation,seed8/time_pressure/episode8/step14,16,2,observation_action_only
4,-21.368650436401367,-23.041860580444336,-18.60220718383789,time_pressure,8,validation,seed8/time_pressure/episode8/step14,16,2,observation_action_only
5,-21.368650436401367,-44.469058990478516,-19.812973022460938,time_pressure,8,validation,seed8/time_pressure/episode8/step14,16,2,observation_action_only
5,-39.77165603637695,-19.601375579833984,-12.040972709655762,time_pressure,8,test,seed8/time_pressure/episode13/step20,16,0,observation_action_only
1,-39.77165603637695,-24.61168098449707,-12.116445541381836,time_pressure,8,test,seed8/time_pressure/episode13/step20,16,1,observation_action_only
3,-39.77165603637695,-24.947572708129883,-12.340949058532715,time_pressure,8,test,seed8/time_pressure/episode13/step20,16,1,observation_action_only
4,-39.77165603637695,-14.33698558807373,-8.406828880310059,time_pressure,8,test,seed8/time_pressure/episode13/step20,16,1,observation_action_only
5,-39.77165603637695,-16.484954833984375,-9.622124671936035,time_pressure,8,test,seed8/time_pressure/episode13/step20,16,1,observation_action_only
1,-39.77165603637695,-4.6942291259765625,-13.71837329864502,time_pressure,8,test,seed8/time_pressure/episode13/step20,16,2,observation_action_only
3,-39.77165603637695,-4.431199550628662,-13.955954551696777,time_pressure,8,test,seed8/time_pressure/episode13/step20,16,2,observation_action_only
4,-39.77165603637695,-13.37242603302002,-9.99566650390625,time_pressure,8,test,seed8/time_pressure/episode13/step20,16,2,observation_action_only
5,-39.77165603637695,-23.988494873046875,-11.227397918701172,time_pressure,8,test,seed8/time_pressure/episode13/step20,16,2,observation_action_only
5,-16.282501220703125,-18.258764266967773,-21.915067672729492,time_pressure,8,train,seed8/time_pressure/episode8/step8,16,0,observation_action_only
1,-16.282501220703125,-35.11442565917969,-22.031909942626953,time_pressure,8,train,seed8/time_pressure/episode8/step8,16,1,observation_action_only
2,-16.282501220703125,-35.11442565917969,-22.212303161621094,time_pressure,8,train,seed8/time_pressure/episode8/step8,16,1,observation_action_only
3,-16.282501220703125,-35.05192565917969,-22.242082595825195,time_pressure,8,train,seed8/time_pressure/episode8/step8,16,1,observation_action_only
4,-16.282501220703125,-22.602405548095703,-18.205421447753906,time_pressure,8,train,seed8/time_pressure/episode8/step8,16,1,observation_action_only
5,-16.282501220703125,-20.62894058227539,-19.38897132873535,time_pressure,8,train,seed8/time_pressure/episode8/step8,16,1,observation_action_only
3,-16.282501220703125,-25.183115005493164,-23.917463302612305,time_pressure,8,train,seed8/time_pressure/episode8/step8,16,2,observation_action_only
4,-16.282501220703125,-13.778369903564453,-19.88003158569336,time_pressure,8,train,seed8/time_pressure/episode8/step8,16,2,observation_action_only
5,-16.282501220703125,-22.75790786743164,-21.081514358520508,time_pressure,8,train,seed8/time_pressure/episode8/step8,16,2,observation_action_only
5,-27.448820114135742,-9.9039945602417,-5.6920013427734375,time_pressure,8,train,seed8/time_pressure/episode2/step31,16,0,observation_action_only
5,-27.448820114135742,-9.8414945602417,-3.284311294555664,time_pressure,8,train,seed8/time_pressure/episode2/step31,16,1,observation_action_only
2,-27.448820114135742,-12.16547679901123,-7.4316911697387695,time_pressure,8,train,seed8/time_pressure/episode2/step31,16,2,observation_action_only
5,-27.448820114135742,-11.66547679901123,-4.844301223754883,time_pressure,8,train,seed8/time_pressure/episode2/step31,16,2,observation_action_only
0,-22.217601776123047,-51.579132080078125,-33.52540588378906,heterogeneity_pressure,8,validation,seed8/heterogeneity_pressure/episode10/step11,16,0,observation_action_only
1,-22.217601776123047,-34.912750244140625,-30.964588165283203,heterogeneity_pressure,8,validation,seed8/heterogeneity_pressure/episode10/step11,16,0,observation_action_only
2,-22.217601776123047,-27.975473403930664,-31.126365661621094,heterogeneity_pressure,8,validation,seed8/heterogeneity_pressure/episode10/step11,16,0,observation_action_only
4,-22.217601776123047,-54.25129318237305,-27.09490394592285,heterogeneity_pressure,8,validation,seed8/heterogeneity_pressure/episode10/step11,16,0,observation_action_only
5,-22.217601776123047,-26.837488174438477,-28.376428604125977,heterogeneity_pressure,8,validation,seed8/heterogeneity_pressure/episode10/step11,16,0,observation_action_only
5,-22.217601776123047,-64.74677276611328,-25.873367309570312,heterogeneity_pressure,8,validation,seed8/heterogeneity_pressure/episode10/step11,16,1,observation_action_only
1,-22.217601776123047,-24.677980422973633,-30.171838760375977,heterogeneity_pressure,8,validation,seed8/heterogeneity_pressure/episode10/step11,16,2,observation_action_only
5,-22.217601776123047,-50.53042221069336,-27.552993774414062,heterogeneity_pressure,8,validation,seed8/heterogeneity_pressure/episode10/step11,16,2,observation_action_only
0,-26.131437301635742,-30.500980377197266,-31.822221755981445,heterogeneity_pressure,8,train,seed8/heterogeneity_pressure/episode0/step1,16,0,observation_action_only
1,-26.131437301635742,-35.883544921875,-29.204753875732422,heterogeneity_pressure,8,train,seed8/heterogeneity_pressure/episode0/step1,16,0,observation_action_only
2,-26.131437301635742,-30.806915283203125,-29.467510223388672,heterogeneity_pressure,8,train,seed8/heterogeneity_pressure/episode0/step1,16,0,observation_action_only
4,-26.131437301635742,-32.82799530029297,-25.549476623535156,heterogeneity_pressure,8,train,seed8/heterogeneity_pressure/episode0/step1,16,0,observation_action_only
5,-26.131437301635742,-29.249675750732422,-26.627897262573242,heterogeneity_pressure,8,train,seed8/heterogeneity_pressure/episode0/step1,16,0,observation_action_only
5,-26.131437301635742,-21.092615127563477,-24.246593475341797,heterogeneity_pressure,8,train,seed8/heterogeneity_pressure/episode0/step1,16,1,observation_action_only
5,-26.131437301635742,-32.49578857421875,-25.892866134643555,heterogeneity_pressure,8,train,seed8/heterogeneity_pressure/episode0/step1,16,2,observation_action_only
0,-23.031288146972656,-30.436260223388672,-27.57111358642578,heterogeneity_pressure,8,train,seed8/heterogeneity_pressure/episode1/step5,16,0,observation_action_only
1,-23.031288146972656,-30.843313217163086,-24.99065399169922,heterogeneity_pressure,8,train,seed8/heterogeneity_pressure/episode1/step5,16,0,observation_action_only
2,-23.031288146972656,-27.491342544555664,-25.168851852416992,heterogeneity_pressure,8,train,seed8/heterogeneity_pressure/episode1/step5,16,0,observation_action_only
3,-23.031288146972656,-28.615798950195312,-25.162084579467773,heterogeneity_pressure,8,train,seed8/heterogeneity_pressure/episode1/step5,16,0,observation_action_only
5,-23.031288146972656,-25.739112854003906,-22.390594482421875,heterogeneity_pressure,8,train,seed8/heterogeneity_pressure/episode1/step5,16,0,observation_action_only
5,-23.031288146972656,-15.78065299987793,-19.938060760498047,heterogeneity_pressure,8,train,seed8/heterogeneity_pressure/episode1/step5,16,1,observation_action_only
5,-23.031288146972656,-24.654285430908203,-21.632343292236328,heterogeneity_pressure,8,train,seed8/heterogeneity_pressure/episode1/step5,16,2,observation_action_only
5,-20.239990234375,-24.729141235351562,-4.863203048706055,heterogeneity_pressure,8,validation,seed8/heterogeneity_pressure/episode7/step14,16,0,observation_action_only
0,-20.239990234375,-39.66286849975586,-7.524190902709961,heterogeneity_pressure,8,validation,seed8/heterogeneity_pressure/episode7/step14,16,1,observation_action_only
1,-20.239990234375,-48.14617919921875,-4.825309753417969,heterogeneity_pressure,8,validation,seed8/heterogeneity_pressure/episode7/step14,16,1,observation_action_only
2,-20.239990234375,-48.14617919921875,-5.267120361328125,heterogeneity_pressure,8,validation,seed8/heterogeneity_pressure/episode7/step14,16,1,observation_action_only
3,-20.239990234375,-42.71379089355469,-5.064632415771484,heterogeneity_pressure,8,validation,seed8/heterogeneity_pressure/episode7/step14,16,1,observation_action_only
5,-20.239990234375,-34.807987213134766,-2.5058841705322266,heterogeneity_pressure,8,validation,seed8/heterogeneity_pressure/episode7/step14,16,1,observation_action_only
5,-20.239990234375,-41.03832244873047,-3.8699722290039062,heterogeneity_pressure,8,validation,seed8/heterogeneity_pressure/episode7/step14,16,2,observation_action_only
5,-53.74814987182617,-15.408243179321289,-20.738601684570312,heterogeneity_pressure,8,train,seed8/heterogeneity_pressure/episode4/step41,16,0,observation_action_only
5,-53.74814987182617,-12.455791473388672,-18.279603958129883,heterogeneity_pressure,8,train,seed8/heterogeneity_pressure/episode4/step41,16,1,observation_action_only
2,-53.74814987182617,-13.761735916137695,-22.728351593017578,heterogeneity_pressure,8,train,seed8/heterogeneity_pressure/episode4/step41,16,2,observation_action_only
4,-53.74814987182617,-13.072408676147461,-18.781837463378906,heterogeneity_pressure,8,train,seed8/heterogeneity_pressure/episode4/step41,16,2,observation_action_only
5,-53.74814987182617,-13.733016967773438,-19.957189559936523,heterogeneity_pressure,8,train,seed8/heterogeneity_pressure/episode4/step41,16,2,observation_action_only
5,-44.25516128540039,-20.439416885375977,-30.915674209594727,heterogeneity_pressure,8,test,seed8/heterogeneity_pressure/episode4/step28,16,0,observation_action_only
5,-44.25516128540039,-16.284255981445312,-28.428009033203125,heterogeneity_pressure,8,test,seed8/heterogeneity_pressure/episode4/step28,16,1,observation_action_only
3,-44.25516128540039,-18.03166389465332,-32.80152130126953,heterogeneity_pressure,8,test,seed8/heterogeneity_pressure/episode4/step28,16,2,observation_action_only
4,-44.25516128540039,-25.132131576538086,-28.850183486938477,heterogeneity_pressure,8,test,seed8/heterogeneity_pressure/episode4/step28,16,2,observation_action_only
5,-44.25516128540039,-35.15403366088867,-30.117279052734375,heterogeneity_pressure,8,test,seed8/heterogeneity_pressure/episode4/step28,16,2,observation_action_only
5,4.426466464996338,2.1517786979675293,6.249137878417969,heterogeneity_pressure,8,test,seed8/heterogeneity_pressure/episode8/step41,16,0,observation_action_only
5,4.426466464996338,0.4348887801170349,8.270578384399414,heterogeneity_pressure,8,test,seed8/heterogeneity_pressure/episode8/step41,16,1,observation_action_only
0,4.426466464996338,-0.22265611588954926,2.075061798095703,heterogeneity_pressure,8,test,seed8/heterogeneity_pressure/episode8/step41,16,2,observation_action_only
5,4.426466464996338,-0.23812775313854218,6.891328811645508,heterogeneity_pressure,8,test,seed8/heterogeneity_pressure/episode8/step41,16,2,observation_action_only
5,-20.031503677368164,-0.540927529335022,-4.083734512329102,heterogeneity_pressure,8,train,seed8/heterogeneity_pressure/episode5/step47,16,0,observation_action_only
5,-20.031503677368164,0.007023833692073822,-1.7880363464355469,heterogeneity_pressure,8,train,seed8/heterogeneity_pressure/episode5/step47,16,1,observation_action_only
1,-20.031503677368164,-0.665927529335022,-5.733549118041992,heterogeneity_pressure,8,train,seed8/heterogeneity_pressure/episode5/step47,16,2,observation_action_only
5,-20.031503677368164,-0.4459399878978729,-3.32568359375,heterogeneity_pressure,8,train,seed8/heterogeneity_pressure/episode5/step47,16,2,observation_action_only
5,-10.722909927368164,0.4606660008430481,3.187459945678711,heterogeneity_pressure,8,train,seed8/heterogeneity_pressure/episode2/step49,16,0,observation_action_only
5,-10.722909927368164,-0.10000000149011612,5.366743087768555,heterogeneity_pressure,8,train,seed8/heterogeneity_pressure/episode2/step49,16,1,observation_action_only
4,-10.722909927368164,2.2676639556884766,4.885129928588867,heterogeneity_pressure,8,train,seed8/heterogeneity_pressure/episode2/step49,16,2,observation_action_only
5,-10.722909927368164,-0.10000000149011612,3.8835582733154297,heterogeneity_pressure,8,train,seed8/heterogeneity_pressure/episode2/step49,16,2,observation_action_only
1,-44.46287536621094,-45.17937088012695,-30.42231559753418,heterogeneity_pressure,8,train,seed8/heterogeneity_pressure/episode9/step3,16,0,observation_action_only
2,-44.46287536621094,-41.17977523803711,-30.759700775146484,heterogeneity_pressure,8,train,seed8/heterogeneity_pressure/episode9/step3,16,0,observation_action_only
4,-44.46287536621094,-45.592979431152344,-26.72927474975586,heterogeneity_pressure,8,train,seed8/heterogeneity_pressure/episode9/step3,16,0,observation_action_only
5,-44.46287536621094,-29.654233932495117,-27.885845184326172,heterogeneity_pressure,8,train,seed8/heterogeneity_pressure/episode9/step3,16,0,observation_action_only
1,-44.46287536621094,-33.3438720703125,-27.976268768310547,heterogeneity_pressure,8,train,seed8/heterogeneity_pressure/episode9/step3,16,1,observation_action_only
2,-44.46287536621094,-32.95407485961914,-28.313383102416992,heterogeneity_pressure,8,train,seed8/heterogeneity_pressure/episode9/step3,16,1,observation_action_only
4,-44.46287536621094,-29.453737258911133,-24.257368087768555,heterogeneity_pressure,8,train,seed8/heterogeneity_pressure/episode9/step3,16,1,observation_action_only
5,-44.46287536621094,-31.395183563232422,-25.4227352142334,heterogeneity_pressure,8,train,seed8/heterogeneity_pressure/episode9/step3,16,1,observation_action_only
5,-44.46287536621094,-34.88938522338867,-27.0954647064209,heterogeneity_pressure,8,train,seed8/heterogeneity_pressure/episode9/step3,16,2,observation_action_only
5,-42.721309661865234,-33.07182312011719,-30.217832565307617,heterogeneity_pressure,8,validation,seed8/heterogeneity_pressure/episode15/step15,16,0,observation_action_only
5,-42.721309661865234,-29.22667121887207,-27.74755859375,heterogeneity_pressure,8,validation,seed8/heterogeneity_pressure/episode15/step15,16,1,observation_action_only
1,-42.721309661865234,-35.59503173828125,-32.037784576416016,heterogeneity_pressure,8,validation,seed8/heterogeneity_pressure/episode15/step15,16,2,observation_action_only
5,-42.721309661865234,-36.510955810546875,-29.4942626953125,heterogeneity_pressure,8,validation,seed8/heterogeneity_pressure/episode15/step15,16,2,observation_action_only
5,-41.89836502075195,-28.442615509033203,-24.534666061401367,heterogeneity_pressure,8,train,seed8/heterogeneity_pressure/episode9/step12,16,0,observation_action_only
0,-41.89836502075195,-24.136560440063477,-27.240266799926758,heterogeneity_pressure,8,train,seed8/heterogeneity_pressure/episode9/step12,16,1,observation_action_only
1,-41.89836502075195,-19.18574333190918,-24.5603084564209,heterogeneity_pressure,8,train,seed8/heterogeneity_pressure/episode9/step12,16,1,observation_action_only
3,-41.89836502075195,-23.005014419555664,-24.759300231933594,heterogeneity_pressure,8,train,seed8/heterogeneity_pressure/episode9/step12,16,1,observation_action_only
4,-41.89836502075195,-24.436819076538086,-20.82242202758789,heterogeneity_pressure,8,train,seed8/heterogeneity_pressure/episode9/step12,16,1,observation_action_only
5,-41.89836502075195,-19.98539924621582,-22.01665687561035,heterogeneity_pressure,8,train,seed8/heterogeneity_pressure/episode9/step12,16,1,observation_action_only
4,-41.89836502075195,-29.748361587524414,-22.47380256652832,heterogeneity_pressure,8,train,seed8/heterogeneity_pressure/episode9/step12,16,2,observation_action_only
5,-41.89836502075195,-32.11484909057617,-23.68635368347168,heterogeneity_pressure,8,train,seed8/heterogeneity_pressure/episode9/step12,16,2,observation_action_only
5,-14.050912857055664,-0.8201633095741272,-3.1551589965820312,heterogeneity_pressure,8,train,seed8/heterogeneity_pressure/episode5/step40,16,0,observation_action_only
5,-14.050912857055664,-1.115088939666748,-0.8328170776367188,heterogeneity_pressure,8,train,seed8/heterogeneity_pressure/episode5/step40,16,1,observation_action_only
1,-14.050912857055664,-1.3136887550354004,-4.779375076293945,heterogeneity_pressure,8,train,seed8/heterogeneity_pressure/episode5/step40,16,2,observation_action_only
5,-14.050912857055664,-1.5664178133010864,-2.3694515228271484,heterogeneity_pressure,8,train,seed8/heterogeneity_pressure/episode5/step40,16,2,observation_action_only
5,-41.35121154785156,-18.37588882446289,-13.649062156677246,heterogeneity_pressure,8,train,seed8/heterogeneity_pressure/episode3/step30,16,0,observation_action_only
5,-41.35121154785156,-20.48017120361328,-11.334546089172363,heterogeneity_pressure,8,train,seed8/heterogeneity_pressure/episode3/step30,16,1,observation_action_only
3,-41.35121154785156,-22.882488250732422,-15.559114456176758,heterogeneity_pressure,8,train,seed8/heterogeneity_pressure/episode3/step30,16,2,observation_action_only
5,-41.35121154785156,-23.39225959777832,-12.89257526397705,heterogeneity_pressure,8,train,seed8/heterogeneity_pressure/episode3/step30,16,2,observation_action_only
5,-13.094359397888184,-29.47755241394043,-29.910751342773438,heterogeneity_pressure,8,test,seed8/heterogeneity_pressure/episode16/step11,16,0,observation_action_only
0,-13.094359397888184,-37.5859489440918,-32.603424072265625,heterogeneity_pressure,8,test,seed8/heterogeneity_pressure/episode16/step11,16,1,observation_action_only
1,-13.094359397888184,-27.50814437866211,-29.95654296875,heterogeneity_pressure,8,test,seed8/heterogeneity_pressure/episode16/step11,16,1,observation_action_only
4,-13.094359397888184,-35.097530364990234,-26.154199600219727,heterogeneity_pressure,8,test,seed8/heterogeneity_pressure/episode16/step11,16,1,observation_action_only
5,-13.094359397888184,-42.76420211791992,-27.419086456298828,heterogeneity_pressure,8,test,seed8/heterogeneity_pressure/episode16/step11,16,1,observation_action_only
4,-13.094359397888184,-35.98424530029297,-27.800153732299805,heterogeneity_pressure,8,test,seed8/heterogeneity_pressure/episode16/step11,16,2,observation_action_only
5,-13.094359397888184,-31.61025619506836,-29.075416564941406,heterogeneity_pressure,8,test,seed8/heterogeneity_pressure/episode16/step11,16,2,observation_action_only
5,-35.68598556518555,-55.87950897216797,-21.977272033691406,medium,10,validation,seed10/medium/episode7/step5,16,0,observation_action_only
0,-35.68598556518555,-60.30918502807617,-24.660993576049805,medium,10,validation,seed10/medium/episode7/step5,16,1,observation_action_only
1,-35.68598556518555,-55.957305908203125,-21.97288703918457,medium,10,validation,seed10/medium/episode7/step5,16,1,observation_action_only
2,-35.68598556518555,-55.957305908203125,-22.221710205078125,medium,10,validation,seed10/medium/episode7/step5,16,1,observation_action_only
3,-35.68598556518555,-60.55872344970703,-22.139617919921875,medium,10,validation,seed10/medium/episode7/step5,16,1,observation_action_only
4,-35.68598556518555,-55.957305908203125,-18.191814422607422,medium,10,validation,seed10/medium/episode7/step5,16,1,observation_action_only
5,-35.68598556518555,-52.83570098876953,-19.450551986694336,medium,10,validation,seed10/medium/episode7/step5,16,1,observation_action_only
0,-35.68598556518555,-66.3775863647461,-26.328706741333008,medium,10,validation,seed10/medium/episode7/step5,16,2,observation_action_only
3,-35.68598556518555,-66.3775863647461,-23.844192504882812,medium,10,validation,seed10/medium/episode7/step5,16,2,observation_action_only
5,-35.68598556518555,-47.52043533325195,-21.167505264282227,medium,10,validation,seed10/medium/episode7/step5,16,2,observation_action_only
5,-41.86380386352539,-31.02754020690918,-14.181815147399902,medium,10,train,seed10/medium/episode15/step24,16,0,observation_action_only
5,-41.86380386352539,-26.491273880004883,-11.703681945800781,medium,10,train,seed10/medium/episode15/step24,16,1,observation_action_only
0,-41.86380386352539,-23.024757385253906,-18.529165267944336,medium,10,train,seed10/medium/episode15/step24,16,2,observation_action_only
1,-41.86380386352539,-22.034337997436523,-15.932754516601562,medium,10,train,seed10/medium/episode15/step24,16,2,observation_action_only
3,-41.86380386352539,-22.377193450927734,-16.127601623535156,medium,10,train,seed10/medium/episode15/step24,16,2,observation_action_only
5,-41.86380386352539,-24.454883575439453,-13.345616340637207,medium,10,train,seed10/medium/episode15/step24,16,2,observation_action_only
4,-15.354440689086914,-2.157315969467163,6.588397979736328,medium,10,train,seed10/medium/episode1/step16,16,0,observation_action_only
5,-15.354440689086914,-3.736421585083008,5.549808502197266,medium,10,train,seed10/medium/episode1/step16,16,0,observation_action_only
5,-15.354440689086914,-10.530824661254883,7.880653381347656,medium,10,train,seed10/medium/episode1/step16,16,1,observation_action_only
5,-15.354440689086914,-13.574185371398926,6.401813507080078,medium,10,train,seed10/medium/episode1/step16,16,2,observation_action_only
5,-55.76152038574219,-31.1512451171875,-29.480884552001953,medium,10,train,seed10/medium/episode10/step22,16,0,observation_action_only
5,-55.76152038574219,-32.70480728149414,-26.970172882080078,medium,10,train,seed10/medium/episode10/step22,16,1,observation_action_only
1,-55.76152038574219,-22.69593048095703,-31.14984893798828,medium,10,train,seed10/medium/episode10/step22,16,2,observation_action_only
3,-55.76152038574219,-25.175235748291016,-31.31805419921875,medium,10,train,seed10/medium/episode10/step22,16,2,observation_action_only
4,-55.76152038574219,-22.688711166381836,-27.448822021484375,medium,10,train,seed10/medium/episode10/step22,16,2,observation_action_only
5,-55.76152038574219,-27.154003143310547,-28.659929275512695,medium,10,train,seed10/medium/episode10/step22,16,2,observation_action_only
5,-50.72065734863281,-19.28573989868164,-29.19447898864746,medium,10,train,seed10/medium/episode8/step18,16,0,observation_action_only
5,-50.72065734863281,-17.641267776489258,-26.741008758544922,medium,10,train,seed10/medium/episode8/step18,16,1,observation_action_only
3,-50.72065734863281,-20.39323616027832,-31.137704849243164,medium,10,train,seed10/medium/episode8/step18,16,2,observation_action_only
5,-50.72065734863281,-18.16260528564453,-28.428482055664062,medium,10,train,seed10/medium/episode8/step18,16,2,observation_action_only
5,-40.21684265136719,-1.3780397176742554,-6.223663330078125,medium,10,test,seed10/medium/episode5/step26,16,0,observation_action_only
5,-40.21684265136719,-1.896801233291626,-3.832174301147461,medium,10,test,seed10/medium/episode5/step26,16,1,observation_action_only
3,-40.21684265136719,-1.8980512619018555,-7.890493392944336,medium,10,test,seed10/medium/episode5/step26,16,2,observation_action_only
5,-40.21684265136719,-1.9039369821548462,-5.28925895690918,medium,10,test,seed10/medium/episode5/step26,16,2,observation_action_only
0,-38.125389099121094,-22.54469108581543,-35.964927673339844,medium,10,test,seed10/medium/episode4/step0,16,0,observation_action_only
1,-38.125389099121094,-28.730648040771484,-33.333126068115234,medium,10,test,seed10/medium/episode4/step0,16,0,observation_action_only
2,-38.125389099121094,-34.44580841064453,-33.5640983581543,medium,10,test,seed10/medium/episode4/step0,16,0,observation_action_only
5,-38.125389099121094,-28.73064613342285,-30.742462158203125,medium,10,test,seed10/medium/episode4/step0,16,0,observation_action_only
0,-38.125389099121094,-20.424787521362305,-33.47615432739258,medium,10,test,seed10/medium/episode4/step0,16,1,observation_action_only
1,-38.125389099121094,-23.55385398864746,-30.84566307067871,medium,10,test,seed10/medium/episode4/step0,16,1,observation_action_only
2,-38.125389099121094,-23.55385398864746,-31.071735382080078,medium,10,test,seed10/medium/episode4/step0,16,1,observation_action_only
5,-38.125389099121094,-17.332595825195312,-28.221729278564453,medium,10,test,seed10/medium/episode4/step0,16,1,observation_action_only
5,-38.125389099121094,-14.990696907043457,-29.994462966918945,medium,10,test,seed10/medium/episode4/step0,16,2,observation_action_only
1,-43.29454803466797,-24.99823570251465,-32.88411331176758,medium,10,train,seed10/medium/episode10/step5,16,0,observation_action_only
2,-43.29454803466797,-27.326887130737305,-33.27666473388672,medium,10,train,seed10/medium/episode10/step5,16,0,observation_action_only
4,-43.29454803466797,-27.326887130737305,-29.228759765625,medium,10,train,seed10/medium/episode10/step5,16,0,observation_action_only
5,-43.29454803466797,-26.53093147277832,-30.400711059570312,medium,10,train,seed10/medium/episode10/step5,16,0,observation_action_only
5,-43.29454803466797,-31.026714324951172,-27.897846221923828,medium,10,train,seed10/medium/episode10/step5,16,1,observation_action_only
5,-43.29454803466797,-21.823978424072266,-29.64202308654785,medium,10,train,seed10/medium/episode10/step5,16,2,observation_action_only
5,-52.20142364501953,-14.420633316040039,-24.270751953125,medium,10,test,seed10/medium/episode8/step30,16,0,observation_action_only
5,-52.20142364501953,-15.110915184020996,-21.812376022338867,medium,10,test,seed10/medium/episode8/step30,16,1,observation_action_only
4,-52.20142364501953,-15.294081687927246,-22.296716690063477,medium,10,test,seed10/medium/episode8/step30,16,2,observation_action_only
5,-52.20142364501953,-15.901695251464844,-23.518028259277344,medium,10,test,seed10/medium/episode8/step30,16,2,observation_action_only
1,-36.333717346191406,-24.703922271728516,-23.665496826171875,medium,10,validation,seed10/medium/episode11/step2,16,0,observation_action_only
2,-36.333717346191406,-25.797178268432617,-23.987140655517578,medium,10,validation,seed10/medium/episode11/step2,16,0,observation_action_only
3,-36.333717346191406,-26.191118240356445,-23.911832809448242,medium,10,validation,seed10/medium/episode11/step2,16,0,observation_action_only
5,-36.333717346191406,-26.371273040771484,-21.291378021240234,medium,10,validation,seed10/medium/episode11/step2,16,0,observation_action_only
2,-36.333717346191406,-18.616596221923828,-21.53664207458496,medium,10,validation,seed10/medium/episode11/step2,16,1,observation_action_only
4,-36.333717346191406,-20.727283477783203,-17.580692291259766,medium,10,validation,seed10/medium/episode11/step2,16,1,observation_action_only
5,-36.333717346191406,-20.96011734008789,-18.82965087890625,medium,10,validation,seed10/medium/episode11/step2,16,1,observation_action_only
5,-36.333717346191406,-14.309948921203613,-20.506162643432617,medium,10,validation,seed10/medium/episode11/step2,16,2,observation_action_only
5,-54.48463439941406,-39.168922424316406,-26.876270294189453,medium,10,train,seed10/medium/episode3/step17,16,0,observation_action_only
5,-54.48463439941406,-36.869503021240234,-24.392215728759766,medium,10,train,seed10/medium/episode3/step17,16,1,observation_action_only
1,-54.48463439941406,-30.206525802612305,-28.604110717773438,medium,10,train,seed10/medium/episode3/step17,16,2,observation_action_only
5,-54.48463439941406,-30.34027862548828,-26.05560302734375,medium,10,train,seed10/medium/episode3/step17,16,2,observation_action_only
5,-51.40619659423828,-14.173257827758789,-19.55862808227539,medium,10,train,seed10/medium/episode12/step3,16,0,observation_action_only
0,-51.40619659423828,-15.643163681030273,-22.29290008544922,medium,10,train,seed10/medium/episode12/step3,16,1,observation_action_only
1,-51.40619659423828,-21.415624618530273,-19.660274505615234,medium,10,train,seed10/medium/episode12/step3,16,1,observation_action_only
2,-51.40619659423828,-16.50662612915039,-19.863176345825195,medium,10,train,seed10/medium/episode12/step3,16,1,observation_action_only
4,-51.40619659423828,-17.357559204101562,-15.863147735595703,medium,10,train,seed10/medium/episode12/step3,16,1,observation_action_only
5,-51.40619659423828,-25.153074264526367,-17.08568000793457,medium,10,train,seed10/medium/episode12/step3,16,1,observation_action_only
5,-51.40619659423828,-24.997943878173828,-18.752296447753906,medium,10,train,seed10/medium/episode12/step3,16,2,observation_action_only
5,-31.546545028686523,-9.02413272857666,-9.128565788269043,medium,10,train,seed10/medium/episode5/step12,16,0,observation_action_only
5,-31.546545028686523,-14.530287742614746,-6.639659881591797,medium,10,train,seed10/medium/episode5/step12,16,1,observation_action_only
3,-31.546545028686523,-9.952210426330566,-10.778687477111816,medium,10,train,seed10/medium/episode5/step12,16,2,observation_action_only
5,-31.546545028686523,-1.920183777809143,-8.13585090637207,medium,10,train,seed10/medium/episode5/step12,16,2,observation_action_only
5,-37.825347900390625,1.0332249402999878,-34.67100143432617,medium,10,validation,seed10/medium/episode9/step13,16,0,observation_action_only
5,-37.825347900390625,-0.4318791627883911,-32.163230895996094,medium,10,validation,seed10/medium/episode9/step13,16,1,observation_action_only
1,-37.825347900390625,-4.53907585144043,-36.45140838623047,medium,10,validation,seed10/medium/episode9/step13,16,2,observation_action_only
5,-37.825347900390625,-4.579248905181885,-33.941402435302734,medium,10,validation,seed10/medium/episode9/step13,16,2,observation_action_only
5,-11.840337753295898,7.620176315307617,9.582447052001953,medium,10,train,seed10/medium/episode1/step40,16,0,observation_action_only
5,-11.840337753295898,7.128280162811279,11.799705505371094,medium,10,train,seed10/medium/episode1/step40,16,1,observation_action_only
1,-11.840337753295898,6.893083572387695,8.264083862304688,medium,10,train,seed10/medium/episode1/step40,16,2,observation_action_only
5,-11.840337753295898,3.765859365463257,10.429168701171875,medium,10,train,seed10/medium/episode1/step40,16,2,observation_action_only
0,-32.780826568603516,-36.680728912353516,-18.3696346282959,time_pressure,10,train,seed10/time_pressure/episode17/step4,16,0,observation_action_only
1,-32.780826568603516,-18.68159294128418,-15.716066360473633,time_pressure,10,train,seed10/time_pressure/episode17/step4,16,0,observation_action_only
2,-32.780826568603516,-6.104510307312012,-15.904594421386719,time_pressure,10,train,seed10/time_pressure/episode17/step4,16,0,observation_action_only
3,-32.780826568603516,-21.79892921447754,-15.877660751342773,time_pressure,10,train,seed10/time_pressure/episode17/step4,16,0,observation_action_only
4,-32.780826568603516,-29.252639770507812,-11.94561767578125,time_pressure,10,train,seed10/time_pressure/episode17/step4,16,0,observation_action_only
5,-32.780826568603516,-28.6420955657959,-13.172778129577637,time_pressure,10,train,seed10/time_pressure/episode17/step4,16,0,observation_action_only
0,-32.780826568603516,0.32874318957328796,-15.812732696533203,time_pressure,10,train,seed10/time_pressure/episode17/step4,16,1,observation_action_only
1,-32.780826568603516,0.32874318957328796,-13.161277770996094,time_pressure,10,train,seed10/time_pressure/episode17/step4,16,1,observation_action_only
2,-32.780826568603516,12.691333770751953,-13.382731437683105,time_pressure,10,train,seed10/time_pressure/episode17/step4,16,1,observation_action_only
3,-32.780826568603516,0.47014516592025757,-13.340264320373535,time_pressure,10,train,seed10/time_pressure/episode17/step4,16,1,observation_action_only
4,-32.780826568603516,13.072425842285156,-9.443690299987793,time_pressure,10,train,seed10/time_pressure/episode17/step4,16,1,observation_action_only
5,-32.780826568603516,-16.217052459716797,-10.654711723327637,time_pressure,10,train,seed10/time_pressure/episode17/step4,16,1,observation_action_only
2,-32.780826568603516,-8.995748519897461,-15.044677734375,time_pressure,10,train,seed10/time_pressure/episode17/step4,16,2,observation_action_only
3,-32.780826568603516,-8.37341594696045,-15.034050941467285,time_pressure,10,train,seed10/time_pressure/episode17/step4,16,2,observation_action_only
5,-32.780826568603516,-8.69400405883789,-12.336235046386719,time_pressure,10,train,seed10/time_pressure/episode17/step4,16,2,observation_action_only
5,-12.364377975463867,-0.23333290219306946,-13.711342811584473,time_pressure,10,train,seed10/time_pressure/episode2/step16,16,0,observation_action_only
5,-12.364377975463867,-20.81153106689453,-11.174408912658691,time_pressure,10,train,seed10/time_pressure/episode2/step16,16,1,observation_action_only
4,-12.364377975463867,-4.30639123916626,-11.584393501281738,time_pressure,10,train,seed10/time_pressure/episode2/step16,16,2,observation_action_only
5,-12.364377975463867,-1.2189213037490845,-12.86220645904541,time_pressure,10,train,seed10/time_pressure/episode2/step16,16,2,observation_action_only
0,-33.68705749511719,-38.635337829589844,-23.10535430908203,time_pressure,10,test,seed10/time_pressure/episode13/step2,16,0,observation_action_only
2,-33.68705749511719,-32.22697830200195,-20.677963256835938,time_pressure,10,test,seed10/time_pressure/episode13/step2,16,0,observation_action_only
4,-33.68705749511719,-33.35552215576172,-16.766834259033203,time_pressure,10,test,seed10/time_pressure/episode13/step2,16,0,observation_action_only
5,-33.68705749511719,-31.707569122314453,-17.915470123291016,time_pressure,10,test,seed10/time_pressure/episode13/step2,16,0,observation_action_only
1,-33.68705749511719,-24.88421058654785,-17.975296020507812,time_pressure,10,test,seed10/time_pressure/episode13/step2,16,1,observation_action_only
2,-33.68705749511719,-24.577547073364258,-18.26469612121582,time_pressure,10,test,seed10/time_pressure/episode13/step2,16,1,observation_action_only
5,-33.68705749511719,-24.018342971801758,-15.48023796081543,time_pressure,10,test,seed10/time_pressure/episode13/step2,16,1,observation_action_only
5,-33.68705749511719,-30.824386596679688,-17.097806930541992,time_pressure,10,test,seed10/time_pressure/episode13/step2,16,2,observation_action_only
5,-33.07527542114258,-39.6837272644043,-29.68778419494629,time_pressure,10,train,seed10/time_pressure/episode7/step9,16,0,observation_action_only
1,-33.07527542114258,-26.42143440246582,-29.723772048950195,time_pressure,10,train,seed10/time_pressure/episode7/step9,16,1,observation_action_only
2,-33.07527542114258,-36.100372314453125,-29.875850677490234,time_pressure,10,train,seed10/time_pressure/episode7/step9,16,1,observation_action_only
4,-33.07527542114258,-26.61481475830078,-25.838638305664062,time_pressure,10,train,seed10/time_pressure/episode7/step9,16,1,observation_action_only
5,-33.07527542114258,-36.14894485473633,-27.084699630737305,time_pressure,10,train,seed10/time_pressure/episode7/step9,16,1,observation_action_only
1,-33.07527542114258,-46.95102310180664,-31.459009170532227,time_pressure,10,train,seed10/time_pressure/episode7/step9,16,2,observation_action_only
5,-33.07527542114258,-42.86922836303711,-28.85844612121582,time_pressure,10,train,seed10/time_pressure/episode7/step9,16,2,observation_action_only
1,-29.5692138671875,-21.90455436706543,-23.090167999267578,time_pressure,10,train,seed10/time_pressure/episode6/step2,16,0,observation_action_only
3,-29.5692138671875,-23.093769073486328,-23.266109466552734,time_pressure,10,train,seed10/time_pressure/episode6/step2,16,0,observation_action_only
4,-29.5692138671875,-21.747642517089844,-19.395917892456055,time_pressure,10,train,seed10/time_pressure/episode6/step2,16,0,observation_action_only
5,-29.5692138671875,-24.489959716796875,-20.564361572265625,time_pressure,10,train,seed10/time_pressure/episode6/step2,16,0,observation_action_only
1,-29.5692138671875,-26.203153610229492,-20.592357635498047,time_pressure,10,train,seed10/time_pressure/episode6/step2,16,1,observation_action_only
3,-29.5692138671875,-26.203153610229492,-20.76110076904297,time_pressure,10,train,seed10/time_pressure/episode6/step2,16,1,observation_action_only
5,-29.5692138671875,-28.36974334716797,-18.060888290405273,time_pressure,10,train,seed10/time_pressure/episode6/step2,16,1,observation_action_only
5,-29.5692138671875,-34.7044792175293,-19.737918853759766,time_pressure,10,train,seed10/time_pressure/episode6/step2,16,2,observation_action_only
5,-44.84532165527344,-17.421295166015625,-53.5706901550293,time_pressure,10,train,seed10/time_pressure/episode16/step9,16,0,observation_action_only
5,-44.84532165527344,-65.22337341308594,-51.31694793701172,time_pressure,10,train,seed10/time_pressure/episode16/step9,16,1,observation_action_only
0,-44.84532165527344,-73.95187377929688,-57.48849105834961,time_pressure,10,train,seed10/time_pressure/episode16/step9,16,2,observation_action_only
1,-44.84532165527344,-65.7739028930664,-55.0463981628418,time_pressure,10,train,seed10/time_pressure/episode16/step9,16,2,observation_action_only
4,-44.84532165527344,-71.34691619873047,-51.609840393066406,time_pressure,10,train,seed10/time_pressure/episode16/step9,16,2,observation_action_only
5,-44.84532165527344,-70.97869873046875,-52.88080596923828,time_pressure,10,train,seed10/time_pressure/episode16/step9,16,2,observation_action_only
5,-46.35187911987305,-77.09550476074219,-54.27201843261719,time_pressure,10,train,seed10/time_pressure/episode16/step10,16,0,observation_action_only
5,-46.35187911987305,-59.04667663574219,-52.022560119628906,time_pressure,10,train,seed10/time_pressure/episode16/step10,16,1,observation_action_only
0,-46.35187911987305,-82.70098114013672,-58.16469192504883,time_pressure,10,train,seed10/time_pressure/episode16/step10,16,2,observation_action_only
1,-46.35187911987305,-66.52872467041016,-55.738887786865234,time_pressure,10,train,seed10/time_pressure/episode16/step10,16,2,observation_action_only
4,-46.35187911987305,-72.26375579833984,-52.31584167480469,time_pressure,10,train,seed10/time_pressure/episode16/step10,16,2,observation_action_only
5,-46.35187911987305,-72.59828186035156,-53.582881927490234,time_pressure,10,train,seed10/time_pressure/episode16/step10,16,2,observation_action_only
5,-30.79086685180664,-8.568219184875488,-25.05469512939453,time_pressure,10,validation,seed10/time_pressure/episode15/step14,16,0,observation_action_only
5,-30.79086685180664,-12.198286056518555,-22.516780853271484,time_pressure,10,validation,seed10/time_pressure/episode15/step14,16,1,observation_action_only
1,-30.79086685180664,-6.0362982749938965,-26.884571075439453,time_pressure,10,validation,seed10/time_pressure/episode15/step14,16,2,observation_action_only
5,-30.79086685180664,-6.082505226135254,-24.26873207092285,time_pressure,10,validation,seed10/time_pressure/episode15/step14,16,2,observation_action_only
5,-35.37253189086914,-51.63031005859375,-37.09778594970703,time_pressure,10,test,seed10/time_pressure/episode7/step12,16,0,observation_action_only
5,-35.37253189086914,-48.780174255371094,-34.51898193359375,time_pressure,10,test,seed10/time_pressure/episode7/step12,16,1,observation_action_only
1,-35.37253189086914,-43.77391815185547,-38.817535400390625,time_pressure,10,test,seed10/time_pressure/episode7/step12,16,2,observation_action_only
4,-35.37253189086914,-35.68687057495117,-34.99005126953125,time_pressure,10,test,seed10/time_pressure/episode7/step12,16,2,observation_action_only
5,-35.37253189086914,-43.95708465576172,-36.27187728881836,time_pressure,10,test,seed10/time_pressure/episode7/step12,16,2,observation_action_only
5,-54.286766052246094,-49.65937805175781,-47.38408660888672,time_pressure,10,train,seed10/time_pressure/episode4/step12,16,0,observation_action_only
5,-54.286766052246094,-61.54647445678711,-45.04181671142578,time_pressure,10,train,seed10/time_pressure/episode4/step12,16,1,observation_action_only
2,-54.286766052246094,-65.97720336914062,-49.2924919128418,time_pressure,10,train,seed10/time_pressure/episode4/step12,16,2,observation_action_only
3,-54.286766052246094,-70.48692321777344,-49.092193603515625,time_pressure,10,train,seed10/time_pressure/episode4/step12,16,2,observation_action_only
5,-54.286766052246094,-65.97906494140625,-46.662628173828125,time_pressure,10,train,seed10/time_pressure/episode4/step12,16,2,observation_action_only
5,-13.580699920654297,-43.26108932495117,-32.73219299316406,time_pressure,10,validation,seed10/time_pressure/episode10/step14,16,0,observation_action_only
5,-13.580699920654297,-36.904335021972656,-30.26791763305664,time_pressure,10,validation,seed10/time_pressure/episode10/step14,16,1,observation_action_only
1,-13.580699920654297,-37.1174430847168,-34.52351760864258,time_pressure,10,validation,seed10/time_pressure/episode10/step14,16,2,observation_action_only
5,-13.580699920654297,-33.564735412597656,-32.021080017089844,time_pressure,10,validation,seed10/time_pressure/episode10/step14,16,2,observation_action_only
5,-10.575489044189453,-17.48856544494629,-30.464357376098633,time_pressure,10,validation,seed10/time_pressure/episode10/step8,16,0,observation_action_only
5,-10.575489044189453,-14.4224853515625,-28.014862060546875,time_pressure,10,validation,seed10/time_pressure/episode10/step8,16,1,observation_action_only
1,-10.575489044189453,-18.692123413085938,-32.23784255981445,time_pressure,10,validation,seed10/time_pressure/episode10/step8,16,2,observation_action_only
5,-10.575489044189453,-18.807222366333008,-29.756210327148438,time_pressure,10,validation,seed10/time_pressure/episode10/step8,16,2,observation_action_only
1,-28.793285369873047,-31.893980026245117,-21.49500274658203,time_pressure,10,train,seed10/time_pressure/episode3/step7,16,0,observation_action_only
2,-28.793285369873047,-30.205974578857422,-21.603330612182617,time_pressure,10,train,seed10/time_pressure/episode3/step7,16,0,observation_action_only
5,-28.793285369873047,-24.612285614013672,-18.82639503479004,time_pressure,10,train,seed10/time_pressure/episode3/step7,16,0,observation_action_only
5,-28.793285369873047,-1.5589079856872559,-16.33158302307129,time_pressure,10,train,seed10/time_pressure/episode3/step7,16,1,observation_action_only
1,-28.793285369873047,-20.561504364013672,-20.63640594482422,time_pressure,10,train,seed10/time_pressure/episode3/step7,16,2,observation_action_only
5,-28.793285369873047,-20.661182403564453,-17.987041473388672,time_pressure,10,train,seed10/time_pressure/episode3/step7,16,2,observation_action_only
5,-57.466217041015625,-46.90613555908203,-27.827800750732422,time_pressure,10,train,seed10/time_pressure/episode11/step26,16,0,observation_action_only
5,-57.466217041015625,-32.320556640625,-25.366741180419922,time_pressure,10,train,seed10/time_pressure/episode11/step26,16,1,observation_action_only
2,-57.466217041015625,-40.386505126953125,-29.884796142578125,time_pressure,10,train,seed10/time_pressure/episode11/step26,16,2,observation_action_only
3,-57.466217041015625,-40.386505126953125,-29.955284118652344,time_pressure,10,train,seed10/time_pressure/episode11/step26,16,2,observation_action_only
4,-57.466217041015625,-40.386505126953125,-25.958532333374023,time_pressure,10,train,seed10/time_pressure/episode11/step26,16,2,observation_action_only
5,-57.466217041015625,-43.738609313964844,-27.057126998901367,time_pressure,10,train,seed10/time_pressure/episode11/step26,16,2,observation_action_only
5,-46.59867477416992,-14.837443351745605,-34.46593475341797,time_pressure,10,test,seed10/time_pressure/episode1/step16,16,0,observation_action_only
5,-46.59867477416992,-35.28004837036133,-32.0332145690918,time_pressure,10,test,seed10/time_pressure/episode1/step16,16,1,observation_action_only
1,-46.59867477416992,-33.70951843261719,-36.230194091796875,time_pressure,10,test,seed10/time_pressure/episode1/step16,16,2,observation_action_only
2,-46.59867477416992,-33.70951843261719,-36.442237854003906,time_pressure,10,test,seed10/time_pressure/episode1/step16,16,2,observation_action_only
4,-46.59867477416992,-33.70951843261719,-32.371726989746094,time_pressure,10,test,seed10/time_pressure/episode1/step16,16,2,observation_action_only
5,-46.59867477416992,-40.005157470703125,-33.732093811035156,time_pressure,10,test,seed10/time_pressure/episode1/step16,16,2,observation_action_only
5,-58.83220672607422,-38.66096878051758,-38.69792938232422,heterogeneity_pressure,10,train,seed10/heterogeneity_pressure/episode6/step19,16,0,observation_action_only
5,-58.83220672607422,-37.06432342529297,-36.287837982177734,heterogeneity_pressure,10,train,seed10/heterogeneity_pressure/episode6/step19,16,1,observation_action_only
3,-58.83220672607422,-32.142147064208984,-40.511070251464844,heterogeneity_pressure,10,train,seed10/heterogeneity_pressure/episode6/step19,16,2,observation_action_only
4,-58.83220672607422,-32.142147064208984,-36.7452392578125,heterogeneity_pressure,10,train,seed10/heterogeneity_pressure/episode6/step19,16,2,observation_action_only
5,-58.83220672607422,-31.54319953918457,-37.95420455932617,heterogeneity_pressure,10,train,seed10/heterogeneity_pressure/episode6/step19,16,2,observation_action_only
5,-50.585025787353516,-24.075105667114258,-17.480419158935547,heterogeneity_pressure,10,train,seed10/heterogeneity_pressure/episode14/step21,16,0,observation_action_only
5,-50.585025787353516,-26.947134017944336,-15.031038284301758,heterogeneity_pressure,10,train,seed10/heterogeneity_pressure/episode14/step21,16,1,observation_action_only
0,-50.585025787353516,-24.11383628845215,-21.80810546875,heterogeneity_pressure,10,train,seed10/heterogeneity_pressure/episode14/step21,16,2,observation_action_only
2,-50.585025787353516,-26.49840545654297,-19.3896541595459,heterogeneity_pressure,10,train,seed10/heterogeneity_pressure/episode14/step21,16,2,observation_action_only
5,-50.585025787353516,-28.76556968688965,-16.65927505493164,heterogeneity_pressure,10,train,seed10/heterogeneity_pressure/episode14/step21,16,2,observation_action_only
0,-38.196128845214844,-9.163990020751953,-32.217742919921875,heterogeneity_pressure,10,test,seed10/heterogeneity_pressure/episode7/step2,16,0,observation_action_only
1,-38.196128845214844,-13.489645004272461,-29.6000919342041,heterogeneity_pressure,10,test,seed10/heterogeneity_pressure/episode7/step2,16,0,observation_action_only
2,-38.196128845214844,-8.96423625946045,-29.82581329345703,heterogeneity_pressure,10,test,seed10/heterogeneity_pressure/episode7/step2,16,0,observation_action_only
3,-38.196128845214844,-12.908406257629395,-29.84809112548828,heterogeneity_pressure,10,test,seed10/heterogeneity_pressure/episode7/step2,16,0,observation_action_only
4,-38.196128845214844,-8.053070068359375,-25.828845977783203,heterogeneity_pressure,10,test,seed10/heterogeneity_pressure/episode7/step2,16,0,observation_action_only
5,-38.196128845214844,-19.270116806030273,-27.037946701049805,heterogeneity_pressure,10,test,seed10/heterogeneity_pressure/episode7/step2,16,0,observation_action_only
0,-38.196128845214844,-22.523283004760742,-29.68292999267578,heterogeneity_pressure,10,test,seed10/heterogeneity_pressure/episode7/step2,16,1,observation_action_only
2,-38.196128845214844,-22.523283004760742,-27.312685012817383,heterogeneity_pressure,10,test,seed10/heterogeneity_pressure/episode7/step2,16,1,observation_action_only
5,-38.196128845214844,-24.002248764038086,-24.497604370117188,heterogeneity_pressure,10,test,seed10/heterogeneity_pressure/episode7/step2,16,1,observation_action_only
5,-38.196128845214844,-17.880714416503906,-26.248374938964844,heterogeneity_pressure,10,test,seed10/heterogeneity_pressure/episode7/step2,16,2,observation_action_only
5,-38.58123779296875,-28.087331771850586,-24.032453536987305,heterogeneity_pressure,10,test,seed10/heterogeneity_pressure/episode2/step23,16,0,observation_action_only
5,-38.58123779296875,-12.319510459899902,-21.540733337402344,heterogeneity_pressure,10,test,seed10/heterogeneity_pressure/episode2/step23,16,1,observation_action_only
0,-38.58123779296875,-21.47611427307129,-28.5242862701416,heterogeneity_pressure,10,test,seed10/heterogeneity_pressure/episode2/step23,16,2,observation_action_only
2,-38.58123779296875,-28.587726593017578,-26.063987731933594,heterogeneity_pressure,10,test,seed10/heterogeneity_pressure/episode2/step23,16,2,observation_action_only
3,-38.58123779296875,-22.938146591186523,-26.00977325439453,heterogeneity_pressure,10,test,seed10/heterogeneity_pressure/episode2/step23,16,2,observation_action_only
5,-38.58123779296875,-24.743135452270508,-23.271350860595703,heterogeneity_pressure,10,test,seed10/heterogeneity_pressure/episode2/step23,16,2,observation_action_only
1,-39.98905944824219,-24.093046188354492,-29.998796463012695,heterogeneity_pressure,10,train,seed10/heterogeneity_pressure/episode2/step1,16,0,observation_action_only
3,-39.98905944824219,-19.301279067993164,-30.185161590576172,heterogeneity_pressure,10,train,seed10/heterogeneity_pressure/episode2/step1,16,0,observation_action_only
4,-39.98905944824219,-22.357072830200195,-26.16537857055664,heterogeneity_pressure,10,train,seed10/heterogeneity_pressure/episode2/step1,16,0,observation_action_only
5,-39.98905944824219,-22.43428611755371,-27.424283981323242,heterogeneity_pressure,10,train,seed10/heterogeneity_pressure/episode2/step1,16,0,observation_action_only
5,-39.98905944824219,-25.5206241607666,-24.998504638671875,heterogeneity_pressure,10,train,seed10/heterogeneity_pressure/episode2/step1,16,1,observation_action_only
5,-39.98905944824219,-20.704065322875977,-26.726688385009766,heterogeneity_pressure,10,train,seed10/heterogeneity_pressure/episode2/step1,16,2,observation_action_only
5,-38.9393310546875,-28.762115478515625,-23.704456329345703,heterogeneity_pressure,10,test,seed10/heterogeneity_pressure/episode2/step24,16,0,observation_action_only
5,-38.9393310546875,-26.229232788085938,-21.214622497558594,heterogeneity_pressure,10,test,seed10/heterogeneity_pressure/episode2/step24,16,1,observation_action_only
0,-38.9393310546875,-17.024948120117188,-28.197233200073242,heterogeneity_pressure,10,test,seed10/heterogeneity_pressure/episode2/step24,16,2,observation_action_only
2,-38.9393310546875,-23.69082260131836,-25.73654556274414,heterogeneity_pressure,10,test,seed10/heterogeneity_pressure/episode2/step24,16,2,observation_action_only
3,-38.9393310546875,-23.69082260131836,-25.68170166015625,heterogeneity_pressure,10,test,seed10/heterogeneity_pressure/episode2/step24,16,2,observation_action_only
5,-38.9393310546875,-25.455245971679688,-22.942167282104492,heterogeneity_pressure,10,test,seed10/heterogeneity_pressure/episode2/step24,16,2,observation_action_only
5,-45.44908142089844,-7.2376604080200195,-26.006797790527344,heterogeneity_pressure,10,validation,seed10/heterogeneity_pressure/episode7/step26,16,0,observation_action_only
5,-45.44908142089844,-17.316743850708008,-23.492023468017578,heterogeneity_pressure,10,validation,seed10/heterogeneity_pressure/episode7/step26,16,1,observation_action_only
1,-45.44908142089844,-7.2078399658203125,-27.831783294677734,heterogeneity_pressure,10,validation,seed10/heterogeneity_pressure/episode7/step26,16,2,observation_action_only
5,-45.44908142089844,-13.645308494567871,-25.235458374023438,heterogeneity_pressure,10,validation,seed10/heterogeneity_pressure/episode7/step26,16,2,observation_action_only
5,-20.816810607910156,-16.07911491394043,-14.232213973999023,heterogeneity_pressure,10,train,seed10/heterogeneity_pressure/episode9/step24,16,0,observation_action_only
5,-20.816810607910156,-14.442678451538086,-11.611296653747559,heterogeneity_pressure,10,train,seed10/heterogeneity_pressure/episode9/step24,16,1,observation_action_only
0,-20.816810607910156,-13.864917755126953,-18.495872497558594,heterogeneity_pressure,10,train,seed10/heterogeneity_pressure/episode9/step24,16,2,observation_action_only
1,-20.816810607910156,-13.909819602966309,-15.890483856201172,heterogeneity_pressure,10,train,seed10/heterogeneity_pressure/episode9/step24,16,2,observation_action_only
2,-20.816810607910156,-10.30628776550293,-16.040508270263672,heterogeneity_pressure,10,train,seed10/heterogeneity_pressure/episode9/step24,16,2,observation_action_only
5,-20.816810607910156,-15.747425079345703,-13.259520530700684,heterogeneity_pressure,10,train,seed10/heterogeneity_pressure/episode9/step24,16,2,observation_action_only
0,-41.504188537597656,-17.263614654541016,-20.628700256347656,heterogeneity_pressure,10,validation,seed10/heterogeneity_pressure/episode14/step3,16,0,observation_action_only
1,-41.504188537597656,-17.360780715942383,-17.928287506103516,heterogeneity_pressure,10,validation,seed10/heterogeneity_pressure/episode14/step3,16,0,observation_action_only
4,-41.504188537597656,-20.049043655395508,-14.236766815185547,heterogeneity_pressure,10,validation,seed10/heterogeneity_pressure/episode14/step3,16,0,observation_action_only
5,-41.504188537597656,-17.062252044677734,-15.425253868103027,heterogeneity_pressure,10,validation,seed10/heterogeneity_pressure/episode14/step3,16,0,observation_action_only
0,-41.504188537597656,-21.08688735961914,-18.14772605895996,heterogeneity_pressure,10,validation,seed10/heterogeneity_pressure/episode14/step3,16,1,observation_action_only
1,-41.504188537597656,-21.08688735961914,-15.434442520141602,heterogeneity_pressure,10,validation,seed10/heterogeneity_pressure/episode14/step3,16,1,observation_action_only
4,-41.504188537597656,-20.81922721862793,-11.79131031036377,heterogeneity_pressure,10,validation,seed10/heterogeneity_pressure/episode14/step3,16,1,observation_action_only
5,-41.504188537597656,-22.920564651489258,-12.99382495880127,heterogeneity_pressure,10,validation,seed10/heterogeneity_pressure/episode14/step3,16,1,observation_action_only
5,-41.504188537597656,-28.65008544921875,-14.573352813720703,heterogeneity_pressure,10,validation,seed10/heterogeneity_pressure/episode14/step3,16,2,observation_action_only
5,-36.69670867919922,-44.103363037109375,-30.910306930541992,heterogeneity_pressure,10,validation,seed10/heterogeneity_pressure/episode3/step12,16,0,observation_action_only
5,-36.69670867919922,-55.59968185424805,-28.441314697265625,heterogeneity_pressure,10,validation,seed10/heterogeneity_pressure/episode3/step12,16,1,observation_action_only
1,-36.69670867919922,-40.278221130371094,-32.733665466308594,heterogeneity_pressure,10,validation,seed10/heterogeneity_pressure/episode3/step12,16,2,observation_action_only
5,-36.69670867919922,-36.55768585205078,-30.17721939086914,heterogeneity_pressure,10,validation,seed10/heterogeneity_pressure/episode3/step12,16,2,observation_action_only
5,-51.90120315551758,-34.20975875854492,-26.212047576904297,heterogeneity_pressure,10,train,seed10/heterogeneity_pressure/episode5/step28,16,0,observation_action_only
5,-51.90120315551758,-27.370765686035156,-23.707460403442383,heterogeneity_pressure,10,train,seed10/heterogeneity_pressure/episode5/step28,16,1,observation_action_only
0,-51.90120315551758,-33.25312805175781,-30.64435386657715,heterogeneity_pressure,10,train,seed10/heterogeneity_pressure/episode5/step28,16,2,observation_action_only
1,-51.90120315551758,-36.06590270996094,-27.927608489990234,heterogeneity_pressure,10,train,seed10/heterogeneity_pressure/episode5/step28,16,2,observation_action_only
2,-51.90120315551758,-35.79221725463867,-28.130775451660156,heterogeneity_pressure,10,train,seed10/heterogeneity_pressure/episode5/step28,16,2,observation_action_only
3,-51.90120315551758,-26.431835174560547,-28.127029418945312,heterogeneity_pressure,10,train,seed10/heterogeneity_pressure/episode5/step28,16,2,observation_action_only
5,-51.90120315551758,-33.51583480834961,-25.409427642822266,heterogeneity_pressure,10,train,seed10/heterogeneity_pressure/episode5/step28,16,2,observation_action_only
5,-35.575931549072266,-26.57111358642578,-21.663219451904297,heterogeneity_pressure,10,train,seed10/heterogeneity_pressure/episode2/step20,16,0,observation_action_only
5,-35.575931549072266,-10.801885604858398,-19.17844009399414,heterogeneity_pressure,10,train,seed10/heterogeneity_pressure/episode2/step20,16,1,observation_action_only
0,-35.575931549072266,-13.672247886657715,-26.170976638793945,heterogeneity_pressure,10,train,seed10/heterogeneity_pressure/episode2/step20,16,2,observation_action_only
3,-35.575931549072266,-13.672247886657715,-23.641944885253906,heterogeneity_pressure,10,train,seed10/heterogeneity_pressure/episode2/step20,16,2,observation_action_only
5,-35.575931549072266,-8.164082527160645,-20.906402587890625,heterogeneity_pressure,10,train,seed10/heterogeneity_pressure/episode2/step20,16,2,observation_action_only
0,-33.939884185791016,-33.39618682861328,-28.811920166015625,heterogeneity_pressure,10,train,seed10/heterogeneity_pressure/episode4/step3,16,0,observation_action_only
1,-33.939884185791016,-30.177461624145508,-26.16970443725586,heterogeneity_pressure,10,train,seed10/heterogeneity_pressure/episode4/step3,16,0,observation_action_only
2,-33.939884185791016,-31.998798370361328,-26.39240074157715,heterogeneity_pressure,10,train,seed10/heterogeneity_pressure/episode4/step3,16,0,observation_action_only
3,-33.939884185791016,-33.39618682861328,-26.377666473388672,heterogeneity_pressure,10,train,seed10/heterogeneity_pressure/episode4/step3,16,0,observation_action_only
5,-33.939884185791016,-27.088605880737305,-23.557863235473633,heterogeneity_pressure,10,train,seed10/heterogeneity_pressure/episode4/step3,16,0,observation_action_only
5,-33.939884185791016,-33.062042236328125,-21.083860397338867,heterogeneity_pressure,10,train,seed10/heterogeneity_pressure/episode4/step3,16,1,observation_action_only
1,-33.939884185791016,-28.230480194091797,-25.38279914855957,heterogeneity_pressure,10,train,seed10/heterogeneity_pressure/episode4/step3,16,2,observation_action_only
5,-33.939884185791016,-31.333965301513672,-22.751441955566406,heterogeneity_pressure,10,train,seed10/heterogeneity_pressure/episode4/step3,16,2,observation_action_only
5,-21.775144577026367,0.2643786668777466,8.248998641967773,heterogeneity_pressure,10,train,seed10/heterogeneity_pressure/episode8/step22,16,0,observation_action_only
3,-21.775144577026367,-3.66011905670166,8.048990249633789,heterogeneity_pressure,10,train,seed10/heterogeneity_pressure/episode8/step22,16,1,observation_action_only
5,-21.775144577026367,-3.601792573928833,10.422462463378906,heterogeneity_pressure,10,train,seed10/heterogeneity_pressure/episode8/step22,16,1,observation_action_only
5,-21.775144577026367,-3.66011905670166,9.045562744140625,heterogeneity_pressure,10,train,seed10/heterogeneity_pressure/episode8/step22,16,2,observation_action_only
5,-51.97251510620117,-27.609771728515625,-23.87293243408203,heterogeneity_pressure,10,train,seed10/heterogeneity_pressure/episode6/step4,16,0,observation_action_only
1,-51.97251510620117,-31.595455169677734,-23.83191680908203,heterogeneity_pressure,10,train,seed10/heterogeneity_pressure/episode6/step4,16,1,observation_action_only
3,-51.97251510620117,-32.502044677734375,-23.960426330566406,heterogeneity_pressure,10,train,seed10/heterogeneity_pressure/episode6/step4,16,1,observation_action_only
4,-51.97251510620117,-32.502044677734375,-20.174287796020508,heterogeneity_pressure,10,train,seed10/heterogeneity_pressure/episode6/step4,16,1,observation_action_only
5,-51.97251510620117,-31.995540618896484,-21.343486785888672,heterogeneity_pressure,10,train,seed10/heterogeneity_pressure/episode6/step4,16,1,observation_action_only
5,-51.97251510620117,-32.19270706176758,-23.037797927856445,heterogeneity_pressure,10,train,seed10/heterogeneity_pressure/episode6/step4,16,2,observation_action_only
