method,method_type,train_scenario,eval_scenario,run_index,train_seed,evaluation_seed,episode_index,episode_seed,step_index,unit_index,resource_type,unit_order,unit_order_position,selected_action,selected_target,selected_noop,base_action_legal,conditional_action_legal,ammo_before,cooldown_before,energy_before,num_base_legal_targets,num_conditional_legal_targets,num_conditional_high_threat_targets,prefix_denied_target_count,avoidable_noop,selected_high_threat,target_alive,target_threat,target_payload,target_time_to_impact,target_distance,hit_probability,damage_potential,expected_damage_reduction,best_expected_damage_reduction,matching_efficiency,target_already_selected_by_prefix,shot_fired,hit,target_intercepted,target_status_after
autoregressive_ppo_order_012,learning,medium,medium,0,0,200,0,200,0,0,missile,0-1-2,0,3,3,False,True,True,3,0,1.0,4,4,2,0,False,True,True,0.9248442583499341,1.427710962541492,36.691465493291886,65.34854125976562,0.20345039636948528,1.3204102862897569,0.2686379961159966,0.2686379961159966,1.0,False,True,False,False,alive
autoregressive_ppo_order_012,learning,medium,medium,0,0,200,0,200,0,1,missile,0-1-2,1,4,4,False,True,True,3,0,1.0,4,3,1,1,False,True,True,0.8251292572543958,0.7625848023291526,79.94178443527174,79.01123809814453,0.0620012996897978,0.5033848252314751,0.031210513408473174,0.15038031611762248,0.20754387418670772,False,True,False,False,alive
autoregressive_ppo_order_012,learning,medium,medium,0,0,200,0,200,0,2,laser,0-1-2,2,5,,True,True,True,10,0,1.0,0,0,0,0,False,False,,,,,,,,,0.0,,False,False,False,False,
autoregressive_ppo_order_012,learning,medium,medium,0,0,200,0,200,1,0,missile,0-1-2,0,5,,True,True,True,2,1,1.0,0,0,0,0,False,False,,,,,,,,,0.0,,False,False,False,False,
autoregressive_ppo_order_012,learning,medium,medium,0,0,200,0,200,1,1,missile,0-1-2,1,5,,True,True,True,2,1,1.0,0,0,0,0,False,False,,,,,,,,,0.0,,False,False,False,False,
autoregressive_ppo_order_012,learning,medium,medium,0,0,200,0,200,1,2,laser,0-1-2,2,5,,True,True,True,10,0,1.0,0,0,0,0,False,False,,,,,,,,,0.0,,False,False,False,False,
autoregressive_ppo_order_012,learning,medium,medium,0,0,200,0,200,2,0,missile,0-1-2,0,3,3,False,True,True,2,0,1.0,4,4,2,0,False,True,True,0.9248442583499341,1.427710962541492,34.691465193895276,62.313167572021484,0.23487544160730697,1.3204102862897569,0.31013194909513725,0.31013194909513725,1.0,False,True,False,False,alive
autoregressive_ppo_order_012,learning,medium,medium,0,0,200,0,200,2,1,missile,0-1-2,1,4,4,False,True,True,2,0,1.0,4,3,1,1,False,True,True,0.8251292572543958,0.7625848023291526,77.94178622111974,76.89836120605469,0.08387578986672797,0.5033848252314751,0.04222179982321479,0.17429684433416215,0.24224075877281576,False,True,False,False,alive
autoregressive_ppo_order_012,learning,medium,medium,0,0,200,0,200,2,2,laser,0-1-2,2,1,1,False,True,True,10,0,1.0,1,1,0,0,False,False,True,0.6787572622355702,0.8174013401448552,31.007042772592527,53.591407775878906,0.017415322043678943,0.554817095784408,0.009662318398424132,0.009662318398424132,1.0,False,True,False,False,alive
autoregressive_ppo_order_012,learning,medium,medium,0,0,200,0,200,3,0,missile,0-1-2,0,5,,True,True,True,1,1,1.0,0,0,0,0,False,False,,,,,,,,,0.0,,False,False,False,False,
autoregressive_ppo_order_012,learning,medium,medium,0,0,200,0,200,3,1,missile,0-1-2,1,5,,True,True,True,1,1,1.0,0,0,0,0,False,False,,,,,,,,,0.0,,False,False,False,False,
autoregressive_ppo_order_012,learning,medium,medium,0,0,200,0,200,3,2,laser,0-1-2,2,1,1,False,True,True,9,0,1.0,1,1,0,0,False,False,True,0.6787572622355702,0.8174013401448552,30.007044229716612,51.88677978515625,0.03849072265624999,0.554817095784408,0.021355310958783732,0.021355310958783732,1.0,False,True,False,False,alive
autoregressive_ppo_order_012,learning,medium,medium,0,0,200,0,200,4,0,missile,0-1-2,0,3,3,False,True,True,1,0,1.0,4,4,2,0,False,True,True,0.9248442583499341,1.427710962541492,32.691467365349176,59.28321075439453,0.26624440630744484,1.3204102862897569,0.3515518527554596,0.3515518527554596,1.0,False,True,False,False,alive
autoregressive_ppo_order_012,learning,medium,medium,0,0,200,0,200,4,1,missile,0-1-2,1,4,4,False,True,True,1,0,1.0,4,3,1,1,False,True,True,0.8251292572543958,0.7625848023291526,75.94178800696774,74.78690338134766,0.10573558852251835,0.5033848252314751,0.053225690749155063,0.19818868221018576,0.2685606975917395,False,True,False,False,alive
autoregressive_ppo_order_012,learning,medium,medium,0,0,200,0,200,4,2,laser,0-1-2,2,1,1,False,True,True,8,0,1.0,1,1,0,0,False,False,True,0.6787572622355702,0.8174013401448552,29.007043494467222,50.18457794189453,0.05953612726384946,0.554817095784408,0.03303166122277987,0.03303166122277987,1.0,False,True,False,False,alive
autoregressive_ppo_order_012,learning,medium,medium,0,0,200,0,200,5,0,missile,0-1-2,0,5,,True,True,True,0,1,1.0,0,0,0,0,False,False,,,,,,,,,0.0,,False,False,False,False,
autoregressive_ppo_order_012,learning,medium,medium,0,0,200,0,200,5,1,missile,0-1-2,1,5,,True,True,True,0,1,1.0,0,0,0,0,False,False,,,,,,,,,0.0,,False,False,False,False,
autoregressive_ppo_order_012,learning,medium,medium,0,0,200,0,200,5,2,laser,0-1-2,2,1,1,False,True,True,7,0,1.0,1,1,0,0,False,False,True,0.6787572622355702,0.8174013401448552,28.007044951591308,48.48506164550781,0.08054832874644889,0.554817095784408,0.04468958982539251,0.04468958982539251,1.0,False,True,False,False,alive
autoregressive_ppo_order_012,learning,medium,medium,0,0,200,0,200,6,0,missile,0-1-2,0,5,,True,True,True,0,0,1.0,0,0,0,0,False,False,,,,,,,,,0.0,,False,False,False,False,
autoregressive_ppo_order_012,learning,medium,medium,0,0,200,0,200,6,1,missile,0-1-2,1,5,,True,True,True,0,0,1.0,0,0,0,0,False,False,,,,,,,,,0.0,,False,False,False,False,
autoregressive_ppo_order_012,learning,medium,medium,0,0,200,0,200,6,2,laser,0-1-2,2,1,1,False,True,True,6,0,1.0,1,1,0,0,False,False,True,0.6787572622355702,0.8174013401448552,27.007044216341917,46.788516998291016,0.10152378983931111,0.554817095784408,0.056327134231673175,0.056327134231673175,1.0,False,True,False,False,alive
autoregressive_ppo_order_012,learning,medium,medium,0,0,200,0,200,7,0,missile,0-1-2,0,5,,True,True,True,0,0,1.0,0,0,0,0,False,False,,,,,,,,,0.0,,False,False,False,False,
autoregressive_ppo_order_012,learning,medium,medium,0,0,200,0,200,7,1,missile,0-1-2,1,5,,True,True,True,0,0,1.0,0,0,0,0,False,False,,,,,,,,,0.0,,False,False,False,False,
autoregressive_ppo_order_012,learning,medium,medium,0,0,200,0,200,7,2,laser,0-1-2,2,1,1,False,True,True,5,0,1.0,1,1,0,0,False,False,True,0.6787572622355702,0.8174013401448552,26.007043481092527,45.09528350830078,0.12245831298828125,0.554817095784408,0.06794196556681625,0.06794196556681625,1.0,False,True,False,False,alive
autoregressive_ppo_order_012,learning,medium,medium,0,0,200,0,200,8,0,missile,0-1-2,0,5,,True,True,True,0,0,1.0,0,0,0,0,False,False,,,,,,,,,0.0,,False,False,False,False,
autoregressive_ppo_order_012,learning,medium,medium,0,0,200,0,200,8,1,missile,0-1-2,1,5,,True,True,True,0,0,1.0,0,0,0,0,False,False,,,,,,,,,0.0,,False,False,False,False,
autoregressive_ppo_order_012,learning,medium,medium,0,0,200,0,200,8,2,laser,0-1-2,2,1,1,False,True,True,4,0,1.0,1,1,0,0,False,False,True,0.6787572622355702,0.8174013401448552,25.007044938216612,43.40574645996094,0.1433471346768466,0.554817095784408,0.07953144095042443,0.07953144095042443,1.0,False,True,False,False,alive
autoregressive_ppo_order_012,learning,medium,medium,0,0,200,0,200,9,0,missile,0-1-2,0,5,,True,True,True,0,0,1.0,0,0,0,0,False,False,,,,,,,,,0.0,,False,False,False,False,
autoregressive_ppo_order_012,learning,medium,medium,0,0,200,0,200,9,1,missile,0-1-2,1,5,,True,True,True,0,0,1.0,0,0,0,0,False,False,,,,,,,,,0.0,,False,False,False,False,
autoregressive_ppo_order_012,learning,medium,medium,0,0,200,0,200,9,2,laser,0-1-2,2,1,1,False,True,True,3,0,1.0,1,1,0,0,False,False,True,0.6787572622355702,0.8174013401448552,24.007046395340694,41.72035598754883,0.16418468960848723,0.554817095784408,0.09109247266084534,0.09109247266084534,1.0,False,True,False,False,alive
autoregressive_ppo_order_012,learning,medium,medium,0,0,200,0,200,10,0,missile,0-1-2,0,5,,True,True,True,0,0,1.0,0,0,0,0,False,False,,,,,,,,,0.0,,False,False,False,False,
autoregressive_ppo_order_012,learning,medium,medium,0,0,200,0,200,10,1,missile,0-1-2,1,5,,True,True,True,0,0,1.0,0,0,0,0,False,False,,,,,,,,,0.0,,False,False,False,False,
autoregressive_ppo_order_012,learning,medium,medium,0,0,200,0,200,10,2,laser,0-1-2,2,1,1,False,True,True,2,0,1.0,1,1,0,0,False,False,True,0.6787572622355702,0.8174013401448552,23.007045660091308,40.03963851928711,0.18496446921608664,0.554817095784408,0.10262144963377372,0.10262144963377372,1.0,False,True,False,False,alive
autoregressive_ppo_order_012,learning,medium,medium,0,0,200,0,200,11,0,missile,0-1-2,0,5,,True,True,True,0,0,1.0,0,0,0,0,False,False,,,,,,,,,0.0,,False,False,False,False,
autoregressive_ppo_order_012,learning,medium,medium,0,0,200,0,200,11,1,missile,0-1-2,1,5,,True,True,True,0,0,1.0,0,0,0,0,False,False,,,,,,,,,0.0,,False,False,False,False,
autoregressive_ppo_order_012,learning,medium,medium,0,0,200,0,200,11,2,laser,0-1-2,2,1,1,False,True,True,1,0,1.0,1,1,0,0,False,False,True,0.6787572622355702,0.8174013401448552,22.00704711721539,38.36420822143555,0.20567888017134234,0.554817095784408,0.1141141589608534,0.1141141589608534,1.0,False,True,True,True,intercepted
autoregressive_ppo_order_012,learning,medium,medium,0,0,200,0,200,12,0,missile,0-1-2,0,5,,True,True,True,0,0,1.0,0,0,0,0,False,False,,,,,,,,,0.0,,False,False,False,False,
autoregressive_ppo_order_012,learning,medium,medium,0,0,200,0,200,12,1,missile,0-1-2,1,5,,True,True,True,0,0,1.0,0,0,0,0,False,False,,,,,,,,,0.0,,False,False,False,False,
autoregressive_ppo_order_012,learning,medium,medium,0,0,200,0,200,12,2,laser,0-1-2,2,5,,True,True,True,0,0,1.0,0,0,0,0,False,False,,,,,,,,,0.0,,False,False,False,False,
autoregressive_ppo_order_012,learning,medium,medium,0,0,200,0,200,13,0,missile,0-1-2,0,5,,True,True,True,0,0,1.0,0,0,0,0,False,False,,,,,,,,,0.0,,False,False,False,False,
autoregressive_ppo_order_012,learning,medium,medium,0,0,200,0,200,13,1,missile,0-1-2,1,5,,True,True,True,0,0,1.0,0,0,0,0,False,False,,,,,,,,,0.0,,False,False,False,False,
autoregressive_ppo_order_012,learning,medium,medium,0,0,200,0,200,13,2,laser,0-1-2,2,5,,True,True,True,0,0,1.0,0,0,0,0,False,False,,,,,,,,,0.0,,False,False,False,False,
autoregressive_ppo_order_012,learning,medium,medium,0,0,200,0,200,14,0,missile,0-1-2,0,5,,True,True,True,0,0,1.0,0,0,0,0,False,False,,,,,,,,,0.0,,False,False,False,False,
autoregressive_ppo_order_012,learning,medium,medium,0,0,200,0,200,14,1,missile,0-1-2,1,5,,True,True,True,0,0,1.0,0,0,0,0,False,False,,,,,,,,,0.0,,False,False,False,False,
autoregressive_ppo_order_012,learning,medium,medium,0,0,200,0,200,14,2,laser,0-1-2,2,5,,True,True,True,0,0,1.0,0,0,0,0,False,False,,,,,,,,,0.0,,False,False,False,False,
autoregressive_ppo_order_012,learning,medium,medium,0,0,200,0,200,15,0,missile,0-1-2,0,5,,True,True,True,0,0,1.0,0,0,0,0,False,False,,,,,,,,,0.0,,False,False,False,False,
autoregressive_ppo_order_012,learning,medium,medium,0,0,200,0,200,15,1,missile,0-1-2,1,5,,True,True,True,0,0,1.0,0,0,0,0,False,False,,,,,,,,,0.0,,False,False,False,False,
autoregressive_ppo_order_012,learning,medium,medium,0,0,200,0,200,15,2,laser,0-1-2,2,5,,True,True,True,0,0,1.0,0,0,0,0,False,False,,,,,,,,,0.0,,False,False,False,False,
autoregressive_ppo_order_012,learning,medium,medium,0,0,200,0,200,16,0,missile,0-1-2,0,5,,True,True,True,0,0,1.0,0,0,0,0,False,False,,,,,,,,,0.0,,False,False,False,False,
autoregressive_ppo_order_012,learning,medium,medium,0,0,200,0,200,16,1,missile,0-1-2,1,5,,True,True,True,0,0,1.0,0,0,0,0,False,False,,,,,,,,,0.0,,False,False,False,False,
autoregressive_ppo_order_012,learning,medium,medium,0,0,200,0,200,16,2,laser,0-1-2,2,5,,True,True,True,0,0,1.0,0,0,0,0,False,False,,,,,,,,,0.0,,False,False,False,False,
autoregressive_ppo_order_012,learning,medium,medium,0,0,200,0,200,17,0,missile,0-1-2,0,5,,True,True,True,0,0,1.0,0,0,0,0,False,False,,,,,,,,,0.0,,False,False,False,False,
autoregressive_ppo_order_012,learning,medium,medium,0,0,200,0,200,17,1,missile,0-1-2,1,5,,True,True,True,0,0,1.0,0,0,0,0,False,False,,,,,,,,,0.0,,False,False,False,False,
autoregressive_ppo_order_012,learning,medium,medium,0,0,200,0,200,17,2,laser,0-1-2,2,5,,True,True,True,0,0,1.0,0,0,0,0,False,False,,,,,,,,,0.0,,False,False,False,False,
autoregressive_ppo_order_012,learning,medium,medium,0,0,200,0,200,18,0,missile,0-1-2,0,5,,True,True,True,0,0,1.0,0,0,0,0,False,False,,,,,,,,,0.0,,False,False,False,False,
autoregressive_ppo_order_012,learning,medium,medium,0,0,200,0,200,18,1,missile,0-1-2,1,5,,True,True,True,0,0,1.0,0,0,0,0,False,False,,,,,,,,,0.0,,False,False,False,False,
autoregressive_ppo_order_012,learning,medium,medium,0,0,200,0,200,18,2,laser,0-1-2,2,5,,True,True,True,0,0,1.0,0,0,0,0,False,False,,,,,,,,,0.0,,False,False,False,False,
autoregressive_ppo_order_012,learning,medium,medium,0,0,200,0,200,19,0,missile,0-1-2,0,5,,True,True,True,0,0,1.0,0,0,0,0,False,False,,,,,,,,,0.0,,False,False,False,False,
autoregressive_ppo_order_012,learning,medium,medium,0,0,200,0,200,19,1,missile,0-1-2,1,5,,True,True,True,0,0,1.0,0,0,0,0,False,False,,,,,,,,,0.0,,False,False,False,False,
autoregressive_ppo_order_012,learning,medium,medium,0,0,200,0,200,19,2,laser,0-1-2,2,5,,True,True,True,0,0,1.0,0,0,0,0,False,False,,,,,,,,,0.0,,False,False,False,False,
autoregressive_ppo_order_012,learning,medium,medium,0,0,200,0,200,20,0,missile,0-1-2,0,5,,True,True,True,0,0,1.0,0,0,0,0,False,False,,,,,,,,,0.0,,False,False,False,False,
autoregressive_ppo_order_012,learning,medium,medium,0,0,200,0,200,20,1,missile,0-1-2,1,5,,True,True,True,0,0,1.0,0,0,0,0,False,False,,,,,,,,,0.0,,False,False,False,False,
autoregressive_ppo_order_012,learning,medium,medium,0,0,200,0,200,20,2,laser,0-1-2,2,5,,True,True,True,0,0,1.0,0,0,0,0,False,False,,,,,,,,,0.0,,False,False,False,False,
autoregressive_ppo_order_012,learning,medium,medium,0,0,200,0,200,21,0,missile,0-1-2,0,5,,True,True,True,0,0,1.0,0,0,0,0,False,False,,,,,,,,,0.0,,False,False,False,False,
autoregressive_ppo_order_012,learning,medium,medium,0,0,200,0,200,21,1,missile,0-1-2,1,5,,True,True,True,0,0,1.0,0,0,0,0,False,False,,,,,,,,,0.0,,False,False,False,False,
autoregressive_ppo_order_012,learning,medium,medium,0,0,200,0,200,21,2,laser,0-1-2,2,5,,True,True,True,0,0,1.0,0,0,0,0,False,False,,,,,,,,,0.0,,False,False,False,False,
autoregressive_ppo_order_012,learning,medium,medium,0,0,200,0,200,22,0,missile,0-1-2,0,5,,True,True,True,0,0,1.0,0,0,0,0,False,False,,,,,,,,,0.0,,False,False,False,False,
autoregressive_ppo_order_012,learning,medium,medium,0,0,200,0,200,22,1,missile,0-1-2,1,5,,True,True,True,0,0,1.0,0,0,0,0,False,False,,,,,,,,,0.0,,False,False,False,False,
autoregressive_ppo_order_012,learning,medium,medium,0,0,200,0,200,22,2,laser,0-1-2,2,5,,True,True,True,0,0,1.0,0,0,0,0,False,False,,,,,,,,,0.0,,False,False,False,False,
autoregressive_ppo_order_012,learning,medium,medium,0,0,200,0,200,23,0,missile,0-1-2,0,5,,True,True,True,0,0,1.0,0,0,0,0,False,False,,,,,,,,,0.0,,False,False,False,False,
autoregressive_ppo_order_012,learning,medium,medium,0,0,200,0,200,23,1,missile,0-1-2,1,5,,True,True,True,0,0,1.0,0,0,0,0,False,False,,,,,,,,,0.0,,False,False,False,False,
autoregressive_ppo_order_012,learning,medium,medium,0,0,200,0,200,23,2,laser,0-1-2,2,5,,True,True,True,0,0,1.0,0,0,0,0,False,False,,,,,,,,,0.0,,False,False,False,False,
autoregressive_ppo_order_012,learning,medium,medium,0,0,200,0,200,24,0,missile,0-1-2,0,5,,True,True,True,0,0,1.0,0,0,0,0,False,False,,,,,,,,,0.0,,False,False,False,False,
autoregressive_ppo_order_012,learning,medium,medium,0,0,200,0,200,24,1,missile,0-1-2,1,5,,True,True,True,0,0,1.0,0,0,0,0,False,False,,,,,,,,,0.0,,False,False,False,False,
autoregressive_ppo_order_012,learning,medium,medium,0,0,200,0,200,24,2,laser,0-1-2,2,5,,True,True,True,0,0,1.0,0,0,0,0,False,False,,,,,,,,,0.0,,False,False,False,False,
autoregressive_ppo_order_012,learning,medium,medium,0,0,200,0,200,25,0,missile,0-1-2,0,5,,True,True,True,0,0,1.0,0,0,0,0,False,False,,,,,,,,,0.0,,False,False,False,False,
autoregressive_ppo_order_012,learning,medium,medium,0,0,200,0,200,25,1,missile,0-1-2,1,5,,True,True,True,0,0,1.0,0,0,0,0,False,False,,,,,,,,,0.0,,False,False,False,False,
autoregressive_ppo_order_012,learning,medium,medium,0,0,200,0,200,25,2,laser,0-1-2,2,5,,True,True,True,0,0,1.0,0,0,0,0,False,False,,,,,,,,,0.0,,False,False,False,False,
autoregressive_ppo_order_012,learning,medium,medium,0,0,200,0,200,26,0,missile,0-1-2,0,5,,True,True,True,0,0,1.0,0,0,0,0,False,False,,,,,,,,,0.0,,False,False,False,False,
autoregressive_ppo_order_012,learning,medium,medium,0,0,200,0,200,26,1,missile,0-1-2,1,5,,True,True,True,0,0,1.0,0,0,0,0,False,False,,,,,,,,,0.0,,False,False,False,False,
autoregressive_ppo_order_012,learning,medium,medium,0,0,200,0,200,26,2,laser,0-1-2,2,5,,True,True,True,0,0,1.0,0,0,0,0,False,False,,,,,,,,,0.0,,False,False,False,False,
autoregressive_ppo_order_012,learning,medium,medium,0,0,200,0,200,27,0,missile,0-1-2,0,5,,True,True,True,0,0,1.0,0,0,0,0,False,False,,,,,,,,,0.0,,False,False,False,False,
autoregressive_ppo_order_012,learning,medium,medium,0,0,200,0,200,27,1,missile,0-1-2,1,5,,True,True,True,0,0,1.0,0,0,0,0,False,False,,,,,,,,,0.0,,False,False,False,False,
autoregressive_ppo_order_012,learning,medium,medium,0,0,200,0,200,27,2,laser,0-1-2,2,5,,True,True,True,0,0,1.0,0,0,0,0,False,False,,,,,,,,,0.0,,False,False,False,False,
autoregressive_ppo_order_012,learning,medium,medium,0,0,200,0,200,28,0,missile,0-1-2,0,5,,True,True,True,0,0,1.0,0,0,0,0,False,False,,,,,,,,,0.0,,False,False,False,False,
autoregressive_ppo_order_012,learning,medium,medium,0,0,200,0,200,28,1,missile,0-1-2,1,5,,True,True,True,0,0,1.0,0,0,0,0,False,False,,,,,,,,,0.0,,False,False,False,False,
autoregressive_ppo_order_012,learning,medium,medium,0,0,200,0,200,28,2,laser,0-1-2,2,5,,True,True,True,0,0,1.0,0,0,0,0,False,False,,,,,,,,,0.0,,False,False,False,False,
autoregressive_ppo_order_012,learning,medium,medium,0,0,200,0,200,29,0,missile,0-1-2,0,5,,True,True,True,0,0,1.0,0,0,0,0,False,False,,,,,,,,,0.0,,False,False,False,False,
autoregressive_ppo_order_012,learning,medium,medium,0,0,200,0,200,29,1,missile,0-1-2,1,5,,True,True,True,0,0,1.0,0,0,0,0,False,False,,,,,,,,,0.0,,False,False,False,False,
autoregressive_ppo_order_012,learning,medium,medium,0,0,200,0,200,29,2,laser,0-1-2,2,5,,True,True,True,0,0,1.0,0,0,0,0,False,False,,,,,,,,,0.0,,False,False,False,False,
autoregressive_ppo_order_012,learning,medium,medium,0,0,200,0,200,30,0,missile,0-1-2,0,5,,True,True,True,0,0,1.0,0,0,0,0,False,False,,,,,,,,,0.0,,False,False,False,False,
autoregressive_ppo_order_012,learning,medium,medium,0,0,200,0,200,30,1,missile,0-1-2,1,5,,True,True,True,0,0,1.0,0,0,0,0,False,False,,,,,,,,,0.0,,False,False,False,False,
autoregressive_ppo_order_012,learning,medium,medium,0,0,200,0,200,30,2,laser,0-1-2,2,5,,True,True,True,0,0,1.0,0,0,0,0,False,False,,,,,,,,,0.0,,False,False,False,False,
autoregressive_ppo_order_012,learning,medium,medium,0,0,200,0,200,31,0,missile,0-1-2,0,5,,True,True,True,0,0,1.0,0,0,0,0,False,False,,,,,,,,,0.0,,False,False,False,False,
autoregressive_ppo_order_012,learning,medium,medium,0,0,200,0,200,31,1,missile,0-1-2,1,5,,True,True,True,0,0,1.0,0,0,0,0,False,False,,,,,,,,,0.0,,False,False,False,False,
autoregressive_ppo_order_012,learning,medium,medium,0,0,200,0,200,31,2,laser,0-1-2,2,5,,True,True,True,0,0,1.0,0,0,0,0,False,False,,,,,,,,,0.0,,False,False,False,False,
autoregressive_ppo_order_012,learning,medium,medium,0,0,200,0,200,32,0,missile,0-1-2,0,5,,True,True,True,0,0,1.0,0,0,0,0,False,False,,,,,,,,,0.0,,False,False,False,False,
autoregressive_ppo_order_012,learning,medium,medium,0,0,200,0,200,32,1,missile,0-1-2,1,5,,True,True,True,0,0,1.0,0,0,0,0,False,False,,,,,,,,,0.0,,False,False,False,False,
autoregressive_ppo_order_012,learning,medium,medium,0,0,200,0,200,32,2,laser,0-1-2,2,5,,True,True,True,0,0,1.0,0,0,0,0,False,False,,,,,,,,,0.0,,False,False,False,False,
autoregressive_ppo_order_012,learning,medium,medium,0,0,200,0,200,33,0,missile,0-1-2,0,5,,True,True,True,0,0,1.0,0,0,0,0,False,False,,,,,,,,,0.0,,False,False,False,False,
autoregressive_ppo_order_012,learning,medium,medium,0,0,200,0,200,33,1,missile,0-1-2,1,5,,True,True,True,0,0,1.0,0,0,0,0,False,False,,,,,,,,,0.0,,False,False,False,False,
autoregressive_ppo_order_012,learning,medium,medium,0,0,200,0,200,33,2,laser,0-1-2,2,5,,True,True,True,0,0,1.0,0,0,0,0,False,False,,,,,,,,,0.0,,False,False,False,False,
autoregressive_ppo_order_012,learning,medium,medium,0,0,200,0,200,34,0,missile,0-1-2,0,5,,True,True,True,0,0,1.0,0,0,0,0,False,False,,,,,,,,,0.0,,False,False,False,False,
autoregressive_ppo_order_012,learning,medium,medium,0,0,200,0,200,34,1,missile,0-1-2,1,5,,True,True,True,0,0,1.0,0,0,0,0,False,False,,,,,,,,,0.0,,False,False,False,False,
autoregressive_ppo_order_012,learning,medium,medium,0,0,200,0,200,34,2,laser,0-1-2,2,5,,True,True,True,0,0,1.0,0,0,0,0,False,False,,,,,,,,,0.0,,False,False,False,False,
autoregressive_ppo_order_012,learning,medium,medium,0,0,200,0,200,35,0,missile,0-1-2,0,5,,True,True,True,0,0,1.0,0,0,0,0,False,False,,,,,,,,,0.0,,False,False,False,False,
autoregressive_ppo_order_012,learning,medium,medium,0,0,200,0,200,35,1,missile,0-1-2,1,5,,True,True,True,0,0,1.0,0,0,0,0,False,False,,,,,,,,,0.0,,False,False,False,False,
autoregressive_ppo_order_012,learning,medium,medium,0,0,200,0,200,35,2,laser,0-1-2,2,5,,True,True,True,0,0,1.0,0,0,0,0,False,False,,,,,,,,,0.0,,False,False,False,False,
autoregressive_ppo_order_012,learning,medium,medium,0,0,200,0,200,36,0,missile,0-1-2,0,5,,True,True,True,0,0,1.0,0,0,0,0,False,False,,,,,,,,,0.0,,False,False,False,False,
autoregressive_ppo_order_012,learning,medium,medium,0,0,200,0,200,36,1,missile,0-1-2,1,5,,True,True,True,0,0,1.0,0,0,0,0,False,False,,,,,,,,,0.0,,False,False,False,False,
autoregressive_ppo_order_012,learning,medium,medium,0,0,200,0,200,36,2,laser,0-1-2,2,5,,True,True,True,0,0,1.0,0,0,0,0,False,False,,,,,,,,,0.0,,False,False,False,False,
autoregressive_ppo_order_012,learning,medium,medium,0,0,200,0,200,37,0,missile,0-1-2,0,5,,True,True,True,0,0,1.0,0,0,0,0,False,False,,,,,,,,,0.0,,False,False,False,False,
autoregressive_ppo_order_012,learning,medium,medium,0,0,200,0,200,37,1,missile,0-1-2,1,5,,True,True,True,0,0,1.0,0,0,0,0,False,False,,,,,,,,,0.0,,False,False,False,False,
autoregressive_ppo_order_012,learning,medium,medium,0,0,200,0,200,37,2,laser,0-1-2,2,5,,True,True,True,0,0,1.0,0,0,0,0,False,False,,,,,,,,,0.0,,False,False,False,False,
autoregressive_ppo_order_012,learning,medium,medium,0,0,200,0,200,38,0,missile,0-1-2,0,5,,True,True,True,0,0,1.0,0,0,0,0,False,False,,,,,,,,,0.0,,False,False,False,False,
autoregressive_ppo_order_012,learning,medium,medium,0,0,200,0,200,38,1,missile,0-1-2,1,5,,True,True,True,0,0,1.0,0,0,0,0,False,False,,,,,,,,,0.0,,False,False,False,False,
autoregressive_ppo_order_012,learning,medium,medium,0,0,200,0,200,38,2,laser,0-1-2,2,5,,True,True,True,0,0,1.0,0,0,0,0,False,False,,,,,,,,,0.0,,False,False,False,False,
autoregressive_ppo_order_012,learning,medium,medium,0,0,200,0,200,39,0,missile,0-1-2,0,5,,True,True,True,0,0,1.0,0,0,0,0,False,False,,,,,,,,,0.0,,False,False,False,False,
autoregressive_ppo_order_012,learning,medium,medium,0,0,200,0,200,39,1,missile,0-1-2,1,5,,True,True,True,0,0,1.0,0,0,0,0,False,False,,,,,,,,,0.0,,False,False,False,False,
autoregressive_ppo_order_012,learning,medium,medium,0,0,200,0,200,39,2,laser,0-1-2,2,5,,True,True,True,0,0,1.0,0,0,0,0,False,False,,,,,,,,,0.0,,False,False,False,False,
autoregressive_ppo_order_012,learning,medium,medium,0,0,200,0,200,40,0,missile,0-1-2,0,5,,True,True,True,0,0,1.0,0,0,0,0,False,False,,,,,,,,,0.0,,False,False,False,False,
autoregressive_ppo_order_012,learning,medium,medium,0,0,200,0,200,40,1,missile,0-1-2,1,5,,True,True,True,0,0,1.0,0,0,0,0,False,False,,,,,,,,,0.0,,False,False,False,False,
autoregressive_ppo_order_012,learning,medium,medium,0,0,200,0,200,40,2,laser,0-1-2,2,5,,True,True,True,0,0,1.0,0,0,0,0,False,False,,,,,,,,,0.0,,False,False,False,False,
autoregressive_ppo_order_012,learning,medium,medium,0,0,200,0,200,41,0,missile,0-1-2,0,5,,True,True,True,0,0,1.0,0,0,0,0,False,False,,,,,,,,,0.0,,False,False,False,False,
autoregressive_ppo_order_012,learning,medium,medium,0,0,200,0,200,41,1,missile,0-1-2,1,5,,True,True,True,0,0,1.0,0,0,0,0,False,False,,,,,,,,,0.0,,False,False,False,False,
autoregressive_ppo_order_012,learning,medium,medium,0,0,200,0,200,41,2,laser,0-1-2,2,5,,True,True,True,0,0,1.0,0,0,0,0,False,False,,,,,,,,,0.0,,False,False,False,False,
autoregressive_ppo_order_012,learning,medium,medium,0,0,200,0,200,42,0,missile,0-1-2,0,5,,True,True,True,0,0,1.0,0,0,0,0,False,False,,,,,,,,,0.0,,False,False,False,False,
autoregressive_ppo_order_012,learning,medium,medium,0,0,200,0,200,42,1,missile,0-1-2,1,5,,True,True,True,0,0,1.0,0,0,0,0,False,False,,,,,,,,,0.0,,False,False,False,False,
autoregressive_ppo_order_012,learning,medium,medium,0,0,200,0,200,42,2,laser,0-1-2,2,5,,True,True,True,0,0,1.0,0,0,0,0,False,False,,,,,,,,,0.0,,False,False,False,False,
autoregressive_ppo_order_012,learning,medium,medium,0,0,200,0,200,43,0,missile,0-1-2,0,5,,True,True,True,0,0,1.0,0,0,0,0,False,False,,,,,,,,,0.0,,False,False,False,False,
autoregressive_ppo_order_012,learning,medium,medium,0,0,200,0,200,43,1,missile,0-1-2,1,5,,True,True,True,0,0,1.0,0,0,0,0,False,False,,,,,,,,,0.0,,False,False,False,False,
autoregressive_ppo_order_012,learning,medium,medium,0,0,200,0,200,43,2,laser,0-1-2,2,5,,True,True,True,0,0,1.0,0,0,0,0,False,False,,,,,,,,,0.0,,False,False,False,False,
autoregressive_ppo_order_012,learning,medium,medium,0,0,200,0,200,44,0,missile,0-1-2,0,5,,True,True,True,0,0,1.0,0,0,0,0,False,False,,,,,,,,,0.0,,False,False,False,False,
autoregressive_ppo_order_012,learning,medium,medium,0,0,200,0,200,44,1,missile,0-1-2,1,5,,True,True,True,0,0,1.0,0,0,0,0,False,False,,,,,,,,,0.0,,False,False,False,False,
autoregressive_ppo_order_012,learning,medium,medium,0,0,200,0,200,44,2,laser,0-1-2,2,5,,True,True,True,0,0,1.0,0,0,0,0,False,False,,,,,,,,,0.0,,False,False,False,False,
autoregressive_ppo_order_012,learning,medium,medium,0,0,200,0,200,45,0,missile,0-1-2,0,5,,True,True,True,0,0,1.0,0,0,0,0,False,False,,,,,,,,,0.0,,False,False,False,False,
autoregressive_ppo_order_012,learning,medium,medium,0,0,200,0,200,45,1,missile,0-1-2,1,5,,True,True,True,0,0,1.0,0,0,0,0,False,False,,,,,,,,,0.0,,False,False,False,False,
autoregressive_ppo_order_012,learning,medium,medium,0,0,200,0,200,45,2,laser,0-1-2,2,5,,True,True,True,0,0,1.0,0,0,0,0,False,False,,,,,,,,,0.0,,False,False,False,False,
autoregressive_ppo_order_012,learning,medium,medium,0,0,200,0,200,46,0,missile,0-1-2,0,5,,True,True,True,0,0,1.0,0,0,0,0,False,False,,,,,,,,,0.0,,False,False,False,False,
autoregressive_ppo_order_012,learning,medium,medium,0,0,200,0,200,46,1,missile,0-1-2,1,5,,True,True,True,0,0,1.0,0,0,0,0,False,False,,,,,,,,,0.0,,False,False,False,False,
autoregressive_ppo_order_012,learning,medium,medium,0,0,200,0,200,46,2,laser,0-1-2,2,5,,True,True,True,0,0,1.0,0,0,0,0,False,False,,,,,,,,,0.0,,False,False,False,False,
autoregressive_ppo_order_012,learning,medium,medium,0,0,200,0,200,47,0,missile,0-1-2,0,5,,True,True,True,0,0,1.0,0,0,0,0,False,False,,,,,,,,,0.0,,False,False,False,False,
autoregressive_ppo_order_012,learning,medium,medium,0,0,200,0,200,47,1,missile,0-1-2,1,5,,True,True,True,0,0,1.0,0,0,0,0,False,False,,,,,,,,,0.0,,False,False,False,False,
autoregressive_ppo_order_012,learning,medium,medium,0,0,200,0,200,47,2,laser,0-1-2,2,5,,True,True,True,0,0,1.0,0,0,0,0,False,False,,,,,,,,,0.0,,False,False,False,False,
autoregressive_ppo_order_012,learning,medium,medium,0,0,200,0,200,48,0,missile,0-1-2,0,5,,True,True,True,0,0,1.0,0,0,0,0,False,False,,,,,,,,,0.0,,False,False,False,False,
autoregressive_ppo_order_012,learning,medium,medium,0,0,200,0,200,48,1,missile,0-1-2,1,5,,True,True,True,0,0,1.0,0,0,0,0,False,False,,,,,,,,,0.0,,False,False,False,False,
autoregressive_ppo_order_012,learning,medium,medium,0,0,200,0,200,48,2,laser,0-1-2,2,5,,True,True,True,0,0,1.0,0,0,0,0,False,False,,,,,,,,,0.0,,False,False,False,False,
autoregressive_ppo_order_012,learning,medium,medium,0,0,200,0,200,49,0,missile,0-1-2,0,5,,True,True,True,0,0,1.0,0,0,0,0,False,False,,,,,,,,,0.0,,False,False,False,False,
autoregressive_ppo_order_012,learning,medium,medium,0,0,200,0,200,49,1,missile,0-1-2,1,5,,True,True,True,0,0,1.0,0,0,0,0,False,False,,,,,,,,,0.0,,False,False,False,False,
autoregressive_ppo_order_012,learning,medium,medium,0,0,200,0,200,49,2,laser,0-1-2,2,5,,True,True,True,0,0,1.0,0,0,0,0,False,False,,,,,,,,,0.0,,False,False,False,False,
autoregressive_ppo_order_012,learning,medium,medium,0,0,200,1,201,0,0,missile,0-1-2,0,3,3,False,True,True,3,0,1.0,4,4,1,0,False,False,True,0.5939248897246268,1.0560114460312169,79.39720975255904,54.98103713989258,0.3107845566693474,0.5017531853056273,0.1559371412526423,0.15911757954797048,0.9800120244138747,False,True,False,False,alive
autoregressive_ppo_order_012,learning,medium,medium,0,0,200,1,201,0,1,missile,0-1-2,1,5,,True,True,True,3,0,1.0,1,0,0,1,False,False,,,,,,,,,0.0,,False,False,False,False,
autoregressive_ppo_order_012,learning,medium,medium,0,0,200,1,201,0,2,laser,0-1-2,2,5,,True,True,True,10,0,1.0,0,0,0,0,False,False,,,,,,,,,0.0,,False,False,False,False,
autoregressive_ppo_order_012,learning,medium,medium,0,0,200,1,201,1,0,missile,0-1-2,0,5,,True,True,True,2,1,1.0,0,0,0,0,False,False,,,,,,,,,0.0,,False,False,False,False,
autoregressive_ppo_order_012,learning,medium,medium,0,0,200,1,201,1,1,missile,0-1-2,1,1,1,False,True,True,3,0,1.0,2,2,0,0,False,False,True,0.7531598877630139,1.1030344344288772,30.405496426195292,83.7940444946289,0.012485186408547814,0.6646090326665541,0.008297767661646572,0.051470075504299946,0.16121537768005323,False,True,False,False,alive
autoregressive_ppo_order_012,learning,medium,medium,0,0,200,1,201,1,2,laser,0-1-2,2,5,,True,True,True,10,0,1.0,0,0,0,0,False,False,,,,,,,,,0.0,,False,False,False,False,
autoregressive_ppo_order_012,learning,medium,medium,0,0,200,1,201,2,0,missile,0-1-2,0,3,3,False,True,True,2,0,1.0,4,4,1,0,False,False,True,0.5939248897246268,1.0560114460312169,77.39720530562204,52.779075622558594,0.3335813347311581,0.5017531853056273,0.16737549725986126,0.19973872858804628,0.8379721771688404,False,True,True,True,intercepted
autoregressive_ppo_order_012,learning,medium,medium,0,0,200,1,201,2,1,missile,0-1-2,1,5,,True,True,True,2,1,1.0,0,0,0,0,False,False,,,,,,,,,0.0,,False,False,False,False,
autoregressive_ppo_order_012,learning,medium,medium,0,0,200,1,201,2,2,laser,0-1-2,2,5,,True,True,True,10,0,1.0,0,0,0,0,False,False,,,,,,,,,0.0,,False,False,False,False,
autoregressive_ppo_order_012,learning,medium,medium,0,0,200,1,201,3,0,missile,0-1-2,0,5,,True,True,True,1,1,1.0,0,0,0,0,False,False,,,,,,,,,0.0,,False,False,False,False,
autoregressive_ppo_order_012,learning,medium,medium,0,0,200,1,201,3,1,missile,0-1-2,1,4,4,False,True,True,2,0,1.0,4,4,1,0,False,False,True,0.7635933491692442,0.6032991888208661,33.43640687773771,83.27801513671875,0.017827607996323484,0.3685401985142507,0.006570190189999299,0.04788648767649134,0.13720342645269362,False,True,False,False,alive
autoregressive_ppo_order_012,learning,medium,medium,0,0,200,1,201,3,2,laser,0-1-2,2,5,,True,True,True,10,0,1.0,0,0,0,0,False,False,,,,,,,,,0.0,,False,False,False,False,
autoregressive_ppo_order_012,learning,medium,medium,0,0,200,1,201,4,0,missile,0-1-2,0,1,1,False,True,True,1,0,1.0,3,3,1,0,False,False,True,0.7531598877630139,1.1030344344288772,27.40549579205025,54.479190826416016,0.31598014203239894,0.6646090326665541,0.21000325653799304,0.24035469356019346,0.873722303597956,False,True,False,False,alive
autoregressive_ppo_order_012,learning,medium,medium,0,0,200,1,201,4,1,missile,0-1-2,1,5,,True,True,True,1,1,1.0,0,0,0,0,False,False,,,,,,,,,0.0,,False,False,False,False,
autoregressive_ppo_order_012,learning,medium,medium,0,0,200,1,201,4,2,laser,0-1-2,2,5,,True,True,True,10,0,1.0,0,0,0,0,False,False,,,,,,,,,0.0,,False,False,False,False,
autoregressive_ppo_order_012,learning,medium,medium,0,0,200,1,201,5,0,missile,0-1-2,0,5,,True,True,True,0,1,1.0,0,0,0,0,False,False,,,,,,,,,0.0,,False,False,False,False,
autoregressive_ppo_order_012,learning,medium,medium,0,0,200,1,201,5,1,missile,0-1-2,1,4,4,False,True,True,1,0,1.0,4,4,1,0,False,False,True,0.7635933491692442,0.6032991888208661,31.436403053529418,78.26152801513672,0.06976300407858455,0.3685401985142507,0.025710471372072028,0.08739042785257439,0.2942023743772601,False,True,False,False,alive
autoregressive_ppo_order_012,learning,medium,medium,0,0,200,1,201,5,2,laser,0-1-2,2,5,,True,True,True,10,0,1.0,0,0,0,0,False,False,,,,,,,,,0.0,,False,False,False,False,
autoregressive_ppo_order_012,learning,medium,medium,0,0,200,1,201,6,0,missile,0-1-2,0,5,,True,True,True,0,0,1.0,0,0,0,0,False,False,,,,,,,,,0.0,,False,False,False,False,
autoregressive_ppo_order_012,learning,medium,medium,0,0,200,1,201,6,1,missile,0-1-2,1,5,,True,True,True,0,1,1.0,0,0,0,0,False,False,,,,,,,,,0.0,,False,False,False,False,
autoregressive_ppo_order_012,learning,medium,medium,0,0,200,1,201,6,2,laser,0-1-2,2,5,,True,True,True,10,0,1.0,0,0,0,0,False,False,,,,,,,,,0.0,,False,False,False,False,
autoregressive_ppo_order_012,learning,medium,medium,0,0,200,1,201,7,0,missile,0-1-2,0,5,,True,True,True,0,0,1.0,0,0,0,0,False,False,,,,,,,,,0.0,,False,False,False,False,
autoregressive_ppo_order_012,learning,medium,medium,0,0,200,1,201,7,1,missile,0-1-2,1,5,,True,True,True,0,0,1.0,0,0,0,0,False,False,,,,,,,,,0.0,,False,False,False,False,
autoregressive_ppo_order_012,learning,medium,medium,0,0,200,1,201,7,2,laser,0-1-2,2,5,,True,True,True,10,0,1.0,0,0,0,0,False,False,,,,,,,,,0.0,,False,False,False,False,
autoregressive_ppo_order_012,learning,medium,medium,0,0,200,1,201,8,0,missile,0-1-2,0,5,,True,True,True,0,0,1.0,0,0,0,0,False,False,,,,,,,,,0.0,,False,False,False,False,
autoregressive_ppo_order_012,learning,medium,medium,0,0,200,1,201,8,1,missile,0-1-2,1,5,,True,True,True,0,0,1.0,0,0,0,0,False,False,,,,,,,,,0.0,,False,False,False,False,
autoregressive_ppo_order_012,learning,medium,medium,0,0,200,1,201,8,2,laser,0-1-2,2,5,,True,True,True,10,0,1.0,0,0,0,0,False,False,,,,,,,,,0.0,,False,False,False,False,
autoregressive_ppo_order_012,learning,medium,medium,0,0,200,1,201,9,0,missile,0-1-2,0,5,,True,True,True,0,0,1.0,0,0,0,0,False,False,,,,,,,,,0.0,,False,False,False,False,
autoregressive_ppo_order_012,learning,medium,medium,0,0,200,1,201,9,1,missile,0-1-2,1,5,,True,True,True,0,0,1.0,0,0,0,0,False,False,,,,,,,,,0.0,,False,False,False,False,
autoregressive_ppo_order_012,learning,medium,medium,0,0,200,1,201,9,2,laser,0-1-2,2,5,,True,True,True,10,0,1.0,0,0,0,0,False,False,,,,,,,,,0.0,,False,False,False,False,
autoregressive_ppo_order_012,learning,medium,medium,0,0,200,1,201,10,0,missile,0-1-2,0,5,,True,True,True,0,0,1.0,0,0,0,0,False,False,,,,,,,,,0.0,,False,False,False,False,
autoregressive_ppo_order_012,learning,medium,medium,0,0,200,1,201,10,1,missile,0-1-2,1,5,,True,True,True,0,0,1.0,0,0,0,0,False,False,,,,,,,,,0.0,,False,False,False,False,
autoregressive_ppo_order_012,learning,medium,medium,0,0,200,1,201,10,2,laser,0-1-2,2,5,,True,True,True,10,0,1.0,0,0,0,0,False,False,,,,,,,,,0.0,,False,False,False,False,
autoregressive_ppo_order_012,learning,medium,medium,0,0,200,1,201,11,0,missile,0-1-2,0,5,,True,True,True,0,0,1.0,0,0,0,0,False,False,,,,,,,,,0.0,,False,False,False,False,
autoregressive_ppo_order_012,learning,medium,medium,0,0,200,1,201,11,1,missile,0-1-2,1,5,,True,True,True,0,0,1.0,0,0,0,0,False,False,,,,,,,,,0.0,,False,False,False,False,
autoregressive_ppo_order_012,learning,medium,medium,0,0,200,1,201,11,2,laser,0-1-2,2,5,,True,True,True,10,0,1.0,0,0,0,0,False,False,,,,,,,,,0.0,,False,False,False,False,
autoregressive_ppo_order_012,learning,medium,medium,0,0,200,1,201,12,0,missile,0-1-2,0,5,,True,True,True,0,0,1.0,0,0,0,0,False,False,,,,,,,,,0.0,,False,False,False,False,
autoregressive_ppo_order_012,learning,medium,medium,0,0,200,1,201,12,1,missile,0-1-2,1,5,,True,True,True,0,0,1.0,0,0,0,0,False,False,,,,,,,,,0.0,,False,False,False,False,
autoregressive_ppo_order_012,learning,medium,medium,0,0,200,1,201,12,2,laser,0-1-2,2,1,1,False,True,True,10,0,1.0,1,1,0,0,False,False,True,0.7531598877630139,1.1030344344288772,19.405495409510525,52.68458557128906,0.028626942027698884,0.6646090326665541,0.019025724249230477,0.019025724249230477,1.0,False,True,False,False,alive
autoregressive_ppo_order_012,learning,medium,medium,0,0,200,1,201,13,0,missile,0-1-2,0,5,,True,True,True,0,0,1.0,0,0,0,0,False,False,,,,,,,,,0.0,,False,False,False,False,
autoregressive_ppo_order_012,learning,medium,medium,0,0,200,1,201,13,1,missile,0-1-2,1,5,,True,True,True,0,0,1.0,0,0,0,0,False,False,,,,,,,,,0.0,,False,False,False,False,
autoregressive_ppo_order_012,learning,medium,medium,0,0,200,1,201,13,2,laser,0-1-2,2,1,1,False,True,True,9,0,1.0,1,1,0,0,False,False,True,0.7531598877630139,1.1030344344288772,18.405495198128847,50.20534896850586,0.05927932184392758,0.6646090326665541,0.039397572747822046,0.039397572747822046,1.0,False,True,False,False,alive
autoregressive_ppo_order_012,learning,medium,medium,0,0,200,1,201,14,0,missile,0-1-2,0,5,,True,True,True,0,0,1.0,0,0,0,0,False,False,,,,,,,,,0.0,,False,False,False,False,
autoregressive_ppo_order_012,learning,medium,medium,0,0,200,1,201,14,1,missile,0-1-2,1,5,,True,True,True,0,0,1.0,0,0,0,0,False,False,,,,,,,,,0.0,,False,False,False,False,
autoregressive_ppo_order_012,learning,medium,medium,0,0,200,1,201,14,2,laser,0-1-2,2,1,1,False,True,True,8,0,1.0,1,1,0,0,False,False,True,0.7531598877630139,1.1030344344288772,17.405494986747165,47.77537155151367,0.08932267899946733,0.6646090326665541,0.05936465928502111,0.05936465928502111,1.0,False,True,False,False,alive
autoregressive_ppo_order_012,learning,medium,medium,0,0,200,1,201,15,0,missile,0-1-2,0,5,,True,True,True,0,0,1.0,0,0,0,0,False,False,,,,,,,,,0.0,,False,False,False,False,
autoregressive_ppo_order_012,learning,medium,medium,0,0,200,1,201,15,1,missile,0-1-2,1,5,,True,True,True,0,0,1.0,0,0,0,0,False,False,,,,,,,,,0.0,,False,False,False,False,
autoregressive_ppo_order_012,learning,medium,medium,0,0,200,1,201,15,2,laser,0-1-2,2,1,1,False,True,True,7,0,1.0,2,2,1,0,False,False,True,0.7531598877630139,1.1030344344288772,16.405494775365483,45.402565002441406,0.1186591963334517,0.6646090326665541,0.07886197369216606,0.07886197369216606,1.0,False,True,False,False,alive
autoregressive_ppo_order_012,learning,medium,medium,0,0,200,1,201,16,0,missile,0-1-2,0,5,,True,True,True,0,0,1.0,0,0,0,0,False,False,,,,,,,,,0.0,,False,False,False,False,
autoregressive_ppo_order_012,learning,medium,medium,0,0,200,1,201,16,1,missile,0-1-2,1,5,,True,True,True,0,0,1.0,0,0,0,0,False,False,,,,,,,,,0.0,,False,False,False,False,
autoregressive_ppo_order_012,learning,medium,medium,0,0,200,1,201,16,2,laser,0-1-2,2,1,1,False,True,True,6,0,1.0,3,3,1,0,False,False,True,0.7531598877630139,1.1030344344288772,15.405495872497529,43.096378326416016,0.14717204978249293,0.6646090326665541,0.09781187364149657,0.09781187364149657,1.0,False,True,False,False,alive
autoregressive_ppo_order_012,learning,medium,medium,0,0,200,1,201,17,0,missile,0-1-2,0,5,,True,True,True,0,0,1.0,0,0,0,0,False,False,,,,,,,,,0.0,,False,False,False,False,
autoregressive_ppo_order_012,learning,medium,medium,0,0,200,1,201,17,1,missile,0-1-2,1,5,,True,True,True,0,0,1.0,0,0,0,0,False,False,,,,,,,,,0.0,,False,False,False,False,
autoregressive_ppo_order_012,learning,medium,medium,0,0,200,1,201,17,2,laser,0-1-2,2,1,1,False,True,True,5,0,1.0,3,3,1,0,False,False,True,0.7531598877630139,1.1030344344288772,14.405495661115848,40.86808395385742,0.1747218711159446,0.6646090326665541,0.11612173374805827,0.11612173374805827,1.0,False,True,False,False,alive
autoregressive_ppo_order_012,learning,medium,medium,0,0,200,1,201,18,0,missile,0-1-2,0,5,,True,True,True,0,0,1.0,0,0,0,0,False,False,,,,,,,,,0.0,,False,False,False,False,
autoregressive_ppo_order_012,learning,medium,medium,0,0,200,1,201,18,1,missile,0-1-2,1,5,,True,True,True,0,0,1.0,0,0,0,0,False,False,,,,,,,,,0.0,,False,False,False,False,
autoregressive_ppo_order_012,learning,medium,medium,0,0,200,1,201,18,2,laser,0-1-2,2,1,1,False,True,True,4,0,1.0,3,3,1,0,False,False,True,0.7531598877630139,1.1030344344288772,13.405496758247892,38.73113250732422,0.20114236172762784,0.6646090326665541,0.13368103045606486,0.13368103045606486,1.0,False,True,False,False,alive
autoregressive_ppo_order_012,learning,medium,medium,0,0,200,1,201,19,0,missile,0-1-2,0,5,,True,True,True,0,0,1.0,0,0,0,0,False,False,,,,,,,,,0.0,,False,False,False,False,
autoregressive_ppo_order_012,learning,medium,medium,0,0,200,1,201,19,1,missile,0-1-2,1,5,,True,True,True,0,0,1.0,0,0,0,0,False,False,,,,,,,,,0.0,,False,False,False,False,
autoregressive_ppo_order_012,learning,medium,medium,0,0,200,1,201,19,2,laser,0-1-2,2,1,1,False,True,True,3,0,1.0,3,3,1,0,False,False,True,0.7531598877630139,1.1030344344288772,12.405496546866212,36.70148849487305,0.22623614224520602,0.6646090326665541,0.15035858365179933,0.15035858365179933,1.0,False,True,False,False,alive
autoregressive_ppo_order_012,learning,medium,medium,0,0,200,1,201,20,0,missile,0-1-2,0,5,,True,True,True,0,0,1.0,0,0,0,0,False,False,,,,,,,,,0.0,,False,False,False,False,
autoregressive_ppo_order_012,learning,medium,medium,0,0,200,1,201,20,1,missile,0-1-2,1,5,,True,True,True,0,0,1.0,0,0,0,0,False,False,,,,,,,,,0.0,,False,False,False,False,
autoregressive_ppo_order_012,learning,medium,medium,0,0,200,1,201,20,2,laser,0-1-2,2,1,1,False,True,True,2,0,1.0,3,3,1,0,False,False,True,0.7531598877630139,1.1030344344288772,11.40549633548453,34.79792022705078,0.24977116810191763,0.6646090326665541,0.16600017442021076,0.16600017442021076,1.0,False,True,False,False,alive
autoregressive_ppo_order_012,learning,medium,medium,0,0,200,1,201,21,0,missile,0-1-2,0,5,,True,True,True,0,0,1.0,0,0,0,0,False,False,,,,,,,,,0.0,,False,False,False,False,
autoregressive_ppo_order_012,learning,medium,medium,0,0,200,1,201,21,1,missile,0-1-2,1,5,,True,True,True,0,0,1.0,0,0,0,0,False,False,,,,,,,,,0.0,,False,False,False,False,
autoregressive_ppo_order_012,learning,medium,medium,0,0,200,1,201,21,2,laser,0-1-2,2,1,1,False,True,True,1,0,1.0,3,3,1,0,False,False,True,0.7531598877630139,1.1030344344288772,10.40549612410285,33.042232513427734,0.2714778525612571,0.6646090326665541,0.18042663298113049,0.18042663298113049,1.0,False,True,False,False,alive
autoregressive_ppo_order_012,learning,medium,medium,0,0,200,1,201,22,0,missile,0-1-2,0,5,,True,True,True,0,0,1.0,0,0,0,0,False,False,,,,,,,,,0.0,,False,False,False,False,
autoregressive_ppo_order_012,learning,medium,medium,0,0,200,1,201,22,1,missile,0-1-2,1,5,,True,True,True,0,0,1.0,0,0,0,0,False,False,,,,,,,,,0.0,,False,False,False,False,
autoregressive_ppo_order_012,learning,medium,medium,0,0,200,1,201,22,2,laser,0-1-2,2,5,,True,True,True,0,0,1.0,0,0,0,0,False,False,,,,,,,,,0.0,,False,False,False,False,
autoregressive_ppo_order_012,learning,medium,medium,0,0,200,1,201,23,0,missile,0-1-2,0,5,,True,True,True,0,0,1.0,0,0,0,0,False,False,,,,,,,,,0.0,,False,False,False,False,
autoregressive_ppo_order_012,learning,medium,medium,0,0,200,1,201,23,1,missile,0-1-2,1,5,,True,True,True,0,0,1.0,0,0,0,0,False,False,,,,,,,,,0.0,,False,False,False,False,
autoregressive_ppo_order_012,learning,medium,medium,0,0,200,1,201,23,2,laser,0-1-2,2,5,,True,True,True,0,0,1.0,0,0,0,0,False,False,,,,,,,,,0.0,,False,False,False,False,
autoregressive_ppo_order_012,learning,medium,medium,0,0,200,1,201,24,0,missile,0-1-2,0,5,,True,True,True,0,0,1.0,0,0,0,0,False,False,,,,,,,,,0.0,,False,False,False,False,
autoregressive_ppo_order_012,learning,medium,medium,0,0,200,1,201,24,1,missile,0-1-2,1,5,,True,True,True,0,0,1.0,0,0,0,0,False,False,,,,,,,,,0.0,,False,False,False,False,
autoregressive_ppo_order_012,learning,medium,medium,0,0,200,1,201,24,2,laser,0-1-2,2,5,,True,True,True,0,0,1.0,0,0,0,0,False,False,,,,,,,,,0.0,,False,False,False,False,
autoregressive_ppo_order_012,learning,medium,medium,0,0,200,1,201,25,0,missile,0-1-2,0,5,,True,True,True,0,0,1.0,0,0,0,0,False,False,,,,,,,,,0.0,,False,False,False,False,
autoregressive_ppo_order_012,learning,medium,medium,0,0,200,1,201,25,1,missile,0-1-2,1,5,,True,True,True,0,0,1.0,0,0,0,0,False,False,,,,,,,,,0.0,,False,False,False,False,
autoregressive_ppo_order_012,learning,medium,medium,0,0,200,1,201,25,2,laser,0-1-2,2,5,,True,True,True,0,0,1.0,0,0,0,0,False,False,,,,,,,,,0.0,,False,False,False,False,
autoregressive_ppo_order_012,learning,medium,medium,0,0,200,1,201,26,0,missile,0-1-2,0,5,,True,True,True,0,0,1.0,0,0,0,0,False,False,,,,,,,,,0.0,,False,False,False,False,
autoregressive_ppo_order_012,learning,medium,medium,0,0,200,1,201,26,1,missile,0-1-2,1,5,,True,True,True,0,0,1.0,0,0,0,0,False,False,,,,,,,,,0.0,,False,False,False,False,
autoregressive_ppo_order_012,learning,medium,medium,0,0,200,1,201,26,2,laser,0-1-2,2,5,,True,True,True,0,0,1.0,0,0,0,0,False,False,,,,,,,,,0.0,,False,False,False,False,
autoregressive_ppo_order_012,learning,medium,medium,0,0,200,1,201,27,0,missile,0-1-2,0,5,,True,True,True,0,0,1.0,0,0,0,0,False,False,,,,,,,,,0.0,,False,False,False,False,
autoregressive_ppo_order_012,learning,medium,medium,0,0,200,1,201,27,1,missile,0-1-2,1,5,,True,True,True,0,0,1.0,0,0,0,0,False,False,,,,,,,,,0.0,,False,False,False,False,
autoregressive_ppo_order_012,learning,medium,medium,0,0,200,1,201,27,2,laser,0-1-2,2,5,,True,True,True,0,0,1.0,0,0,0,0,False,False,,,,,,,,,0.0,,False,False,False,False,
autoregressive_ppo_order_012,learning,medium,medium,0,0,200,1,201,28,0,missile,0-1-2,0,5,,True,True,True,0,0,1.0,0,0,0,0,False,False,,,,,,,,,0.0,,False,False,False,False,
autoregressive_ppo_order_012,learning,medium,medium,0,0,200,1,201,28,1,missile,0-1-2,1,5,,True,True,True,0,0,1.0,0,0,0,0,False,False,,,,,,,,,0.0,,False,False,False,False,
autoregressive_ppo_order_012,learning,medium,medium,0,0,200,1,201,28,2,laser,0-1-2,2,5,,True,True,True,0,0,1.0,0,0,0,0,False,False,,,,,,,,,0.0,,False,False,False,False,
autoregressive_ppo_order_012,learning,medium,medium,0,0,200,1,201,29,0,missile,0-1-2,0,5,,True,True,True,0,0,1.0,0,0,0,0,False,False,,,,,,,,,0.0,,False,False,False,False,
autoregressive_ppo_order_012,learning,medium,medium,0,0,200,1,201,29,1,missile,0-1-2,1,5,,True,True,True,0,0,1.0,0,0,0,0,False,False,,,,,,,,,0.0,,False,False,False,False,
autoregressive_ppo_order_012,learning,medium,medium,0,0,200,1,201,29,2,laser,0-1-2,2,5,,True,True,True,0,0,1.0,0,0,0,0,False,False,,,,,,,,,0.0,,False,False,False,False,
autoregressive_ppo_order_012,learning,medium,medium,0,0,200,1,201,30,0,missile,0-1-2,0,5,,True,True,True,0,0,1.0,0,0,0,0,False,False,,,,,,,,,0.0,,False,False,False,False,
autoregressive_ppo_order_012,learning,medium,medium,0,0,200,1,201,30,1,missile,0-1-2,1,5,,True,True,True,0,0,1.0,0,0,0,0,False,False,,,,,,,,,0.0,,False,False,False,False,
autoregressive_ppo_order_012,learning,medium,medium,0,0,200,1,201,30,2,laser,0-1-2,2,5,,True,True,True,0,0,1.0,0,0,0,0,False,False,,,,,,,,,0.0,,False,False,False,False,
autoregressive_ppo_order_012,learning,medium,medium,0,0,200,1,201,31,0,missile,0-1-2,0,5,,True,True,True,0,0,1.0,0,0,0,0,False,False,,,,,,,,,0.0,,False,False,False,False,
autoregressive_ppo_order_012,learning,medium,medium,0,0,200,1,201,31,1,missile,0-1-2,1,5,,True,True,True,0,0,1.0,0,0,0,0,False,False,,,,,,,,,0.0,,False,False,False,False,
autoregressive_ppo_order_012,learning,medium,medium,0,0,200,1,201,31,2,laser,0-1-2,2,5,,True,True,True,0,0,1.0,0,0,0,0,False,False,,,,,,,,,0.0,,False,False,False,False,
autoregressive_ppo_order_012,learning,medium,medium,0,0,200,1,201,32,0,missile,0-1-2,0,5,,True,True,True,0,0,1.0,0,0,0,0,False,False,,,,,,,,,0.0,,False,False,False,False,
autoregressive_ppo_order_012,learning,medium,medium,0,0,200,1,201,32,1,missile,0-1-2,1,5,,True,True,True,0,0,1.0,0,0,0,0,False,False,,,,,,,,,0.0,,False,False,False,False,
autoregressive_ppo_order_012,learning,medium,medium,0,0,200,1,201,32,2,laser,0-1-2,2,5,,True,True,True,0,0,1.0,0,0,0,0,False,False,,,,,,,,,0.0,,False,False,False,False,
autoregressive_ppo_order_012,learning,medium,medium,0,0,200,1,201,33,0,missile,0-1-2,0,5,,True,True,True,0,0,1.0,0,0,0,0,False,False,,,,,,,,,0.0,,False,False,False,False,
autoregressive_ppo_order_012,learning,medium,medium,0,0,200,1,201,33,1,missile,0-1-2,1,5,,True,True,True,0,0,1.0,0,0,0,0,False,False,,,,,,,,,0.0,,False,False,False,False,
autoregressive_ppo_order_012,learning,medium,medium,0,0,200,1,201,33,2,laser,0-1-2,2,5,,True,True,True,0,0,1.0,0,0,0,0,False,False,,,,,,,,,0.0,,False,False,False,False,
autoregressive_ppo_order_012,learning,medium,medium,0,0,200,1,201,34,0,missile,0-1-2,0,5,,True,True,True,0,0,1.0,0,0,0,0,False,False,,,,,,,,,0.0,,False,False,False,False,
autoregressive_ppo_order_012,learning,medium,medium,0,0,200,1,201,34,1,missile,0-1-2,1,5,,True,True,True,0,0,1.0,0,0,0,0,False,False,,,,,,,,,0.0,,False,False,False,False,
autoregressive_ppo_order_012,learning,medium,medium,0,0,200,1,201,34,2,laser,0-1-2,2,5,,True,True,True,0,0,1.0,0,0,0,0,False,False,,,,,,,,,0.0,,False,False,False,False,
autoregressive_ppo_order_012,learning,medium,medium,0,0,200,1,201,35,0,missile,0-1-2,0,5,,True,True,True,0,0,1.0,0,0,0,0,False,False,,,,,,,,,0.0,,False,False,False,False,
autoregressive_ppo_order_012,learning,medium,medium,0,0,200,1,201,35,1,missile,0-1-2,1,5,,True,True,True,0,0,1.0,0,0,0,0,False,False,,,,,,,,,0.0,,False,False,False,False,
autoregressive_ppo_order_012,learning,medium,medium,0,0,200,1,201,35,2,laser,0-1-2,2,5,,True,True,True,0,0,1.0,0,0,0,0,False,False,,,,,,,,,0.0,,False,False,False,False,
autoregressive_ppo_order_012,learning,medium,medium,0,0,200,1,201,36,0,missile,0-1-2,0,5,,True,True,True,0,0,1.0,0,0,0,0,False,False,,,,,,,,,0.0,,False,False,False,False,
autoregressive_ppo_order_012,learning,medium,medium,0,0,200,1,201,36,1,missile,0-1-2,1,5,,True,True,True,0,0,1.0,0,0,0,0,False,False,,,,,,,,,0.0,,False,False,False,False,
autoregressive_ppo_order_012,learning,medium,medium,0,0,200,1,201,36,2,laser,0-1-2,2,5,,True,True,True,0,0,1.0,0,0,0,0,False,False,,,,,,,,,0.0,,False,False,False,False,
autoregressive_ppo_order_012,learning,medium,medium,0,0,200,1,201,37,0,missile,0-1-2,0,5,,True,True,True,0,0,1.0,0,0,0,0,False,False,,,,,,,,,0.0,,False,False,False,False,
autoregressive_ppo_order_012,learning,medium,medium,0,0,200,1,201,37,1,missile,0-1-2,1,5,,True,True,True,0,0,1.0,0,0,0,0,False,False,,,,,,,,,0.0,,False,False,False,False,
autoregressive_ppo_order_012,learning,medium,medium,0,0,200,1,201,37,2,laser,0-1-2,2,5,,True,True,True,0,0,1.0,0,0,0,0,False,False,,,,,,,,,0.0,,False,False,False,False,
autoregressive_ppo_order_012,learning,medium,medium,0,0,200,1,201,38,0,missile,0-1-2,0,5,,True,True,True,0,0,1.0,0,0,0,0,False,False,,,,,,,,,0.0,,False,False,False,False,
autoregressive_ppo_order_012,learning,medium,medium,0,0,200,1,201,38,1,missile,0-1-2,1,5,,True,True,True,0,0,1.0,0,0,0,0,False,False,,,,,,,,,0.0,,False,False,False,False,
autoregressive_ppo_order_012,learning,medium,medium,0,0,200,1,201,38,2,laser,0-1-2,2,5,,True,True,True,0,0,1.0,0,0,0,0,False,False,,,,,,,,,0.0,,False,False,False,False,
autoregressive_ppo_order_012,learning,medium,medium,0,0,200,1,201,39,0,missile,0-1-2,0,5,,True,True,True,0,0,1.0,0,0,0,0,False,False,,,,,,,,,0.0,,False,False,False,False,
autoregressive_ppo_order_012,learning,medium,medium,0,0,200,1,201,39,1,missile,0-1-2,1,5,,True,True,True,0,0,1.0,0,0,0,0,False,False,,,,,,,,,0.0,,False,False,False,False,
autoregressive_ppo_order_012,learning,medium,medium,0,0,200,1,201,39,2,laser,0-1-2,2,5,,True,True,True,0,0,1.0,0,0,0,0,False,False,,,,,,,,,0.0,,False,False,False,False,
autoregressive_ppo_order_012,learning,medium,medium,0,0,200,1,201,40,0,missile,0-1-2,0,5,,True,True,True,0,0,1.0,0,0,0,0,False,False,,,,,,,,,0.0,,False,False,False,False,
autoregressive_ppo_order_012,learning,medium,medium,0,0,200,1,201,40,1,missile,0-1-2,1,5,,True,True,True,0,0,1.0,0,0,0,0,False,False,,,,,,,,,0.0,,False,False,False,False,
autoregressive_ppo_order_012,learning,medium,medium,0,0,200,1,201,40,2,laser,0-1-2,2,5,,True,True,True,0,0,1.0,0,0,0,0,False,False,,,,,,,,,0.0,,False,False,False,False,
autoregressive_ppo_order_012,learning,medium,medium,0,0,200,1,201,41,0,missile,0-1-2,0,5,,True,True,True,0,0,1.0,0,0,0,0,False,False,,,,,,,,,0.0,,False,False,False,False,
autoregressive_ppo_order_012,learning,medium,medium,0,0,200,1,201,41,1,missile,0-1-2,1,5,,True,True,True,0,0,1.0,0,0,0,0,False,False,,,,,,,,,0.0,,False,False,False,False,
autoregressive_ppo_order_012,learning,medium,medium,0,0,200,1,201,41,2,laser,0-1-2,2,5,,True,True,True,0,0,1.0,0,0,0,0,False,False,,,,,,,,,0.0,,False,False,False,False,
autoregressive_ppo_order_012,learning,medium,medium,0,0,200,1,201,42,0,missile,0-1-2,0,5,,True,True,True,0,0,1.0,0,0,0,0,False,False,,,,,,,,,0.0,,False,False,False,False,
autoregressive_ppo_order_012,learning,medium,medium,0,0,200,1,201,42,1,missile,0-1-2,1,5,,True,True,True,0,0,1.0,0,0,0,0,False,False,,,,,,,,,0.0,,False,False,False,False,
autoregressive_ppo_order_012,learning,medium,medium,0,0,200,1,201,42,2,laser,0-1-2,2,5,,True,True,True,0,0,1.0,0,0,0,0,False,False,,,,,,,,,0.0,,False,False,False,False,
autoregressive_ppo_order_012,learning,medium,medium,0,0,200,1,201,43,0,missile,0-1-2,0,5,,True,True,True,0,0,1.0,0,0,0,0,False,False,,,,,,,,,0.0,,False,False,False,False,
autoregressive_ppo_order_012,learning,medium,medium,0,0,200,1,201,43,1,missile,0-1-2,1,5,,True,True,True,0,0,1.0,0,0,0,0,False,False,,,,,,,,,0.0,,False,False,False,False,
autoregressive_ppo_order_012,learning,medium,medium,0,0,200,1,201,43,2,laser,0-1-2,2,5,,True,True,True,0,0,1.0,0,0,0,0,False,False,,,,,,,,,0.0,,False,False,False,False,
autoregressive_ppo_order_012,learning,medium,medium,0,0,200,1,201,44,0,missile,0-1-2,0,5,,True,True,True,0,0,1.0,0,0,0,0,False,False,,,,,,,,,0.0,,False,False,False,False,
autoregressive_ppo_order_012,learning,medium,medium,0,0,200,1,201,44,1,missile,0-1-2,1,5,,True,True,True,0,0,1.0,0,0,0,0,False,False,,,,,,,,,0.0,,False,False,False,False,
autoregressive_ppo_order_012,learning,medium,medium,0,0,200,1,201,44,2,laser,0-1-2,2,5,,True,True,True,0,0,1.0,0,0,0,0,False,False,,,,,,,,,0.0,,False,False,False,False,
autoregressive_ppo_order_012,learning,medium,medium,0,0,200,1,201,45,0,missile,0-1-2,0,5,,True,True,True,0,0,1.0,0,0,0,0,False,False,,,,,,,,,0.0,,False,False,False,False,
autoregressive_ppo_order_012,learning,medium,medium,0,0,200,1,201,45,1,missile,0-1-2,1,5,,True,True,True,0,0,1.0,0,0,0,0,False,False,,,,,,,,,0.0,,False,False,False,False,
autoregressive_ppo_order_012,learning,medium,medium,0,0,200,1,201,45,2,laser,0-1-2,2,5,,True,True,True,0,0,1.0,0,0,0,0,False,False,,,,,,,,,0.0,,False,False,False,False,
autoregressive_ppo_order_012,learning,medium,medium,0,0,200,1,201,46,0,missile,0-1-2,0,5,,True,True,True,0,0,1.0,0,0,0,0,False,False,,,,,,,,,0.0,,False,False,False,False,
autoregressive_ppo_order_012,learning,medium,medium,0,0,200,1,201,46,1,missile,0-1-2,1,5,,True,True,True,0,0,1.0,0,0,0,0,False,False,,,,,,,,,0.0,,False,False,False,False,
autoregressive_ppo_order_012,learning,medium,medium,0,0,200,1,201,46,2,laser,0-1-2,2,5,,True,True,True,0,0,1.0,0,0,0,0,False,False,,,,,,,,,0.0,,False,False,False,False,
autoregressive_ppo_order_012,learning,medium,medium,0,0,200,1,201,47,0,missile,0-1-2,0,5,,True,True,True,0,0,1.0,0,0,0,0,False,False,,,,,,,,,0.0,,False,False,False,False,
autoregressive_ppo_order_012,learning,medium,medium,0,0,200,1,201,47,1,missile,0-1-2,1,5,,True,True,True,0,0,1.0,0,0,0,0,False,False,,,,,,,,,0.0,,False,False,False,False,
autoregressive_ppo_order_012,learning,medium,medium,0,0,200,1,201,47,2,laser,0-1-2,2,5,,True,True,True,0,0,1.0,0,0,0,0,False,False,,,,,,,,,0.0,,False,False,False,False,
autoregressive_ppo_order_012,learning,medium,heterogeneity_pressure,0,0,202,0,202,0,0,missile,0-1-2,0,3,3,False,True,True,3,0,1.0,5,5,1,0,False,True,True,0.8496938561098759,1.0454458491252259,24.885579849231405,59.11456298828125,0.3360033781632133,0.8883089148972767,0.29847479625798334,0.29847479625798334,1.0,False,True,False,False,alive
autoregressive_ppo_order_012,learning,medium,heterogeneity_pressure,0,0,202,0,202,0,1,missile,0-1-2,1,4,4,False,True,True,3,0,1.0,3,3,0,0,False,False,True,0.6901483791655325,0.9623160568291025,32.26871955017745,63.89311981201172,0.08782453536987304,0.5313126934924572,0.046662290442090824,0.08232812886067657,0.5667842946006602,False,True,False,False,alive
autoregressive_ppo_order_012,learning,medium,heterogeneity_pressure,0,0,202,0,202,0,2,laser,0-1-2,2,5,,True,True,True,10,0,1.0,0,0,0,0,False,False,,,,,,,,,0.0,,False,False,False,False,
autoregressive_ppo_order_012,learning,medium,heterogeneity_pressure,0,0,202,0,202,1,0,missile,0-1-2,0,5,,True,True,True,2,1,1.0,0,0,0,0,False,False,,,,,,,,,0.0,,False,False,False,False,
autoregressive_ppo_order_012,learning,medium,heterogeneity_pressure,0,0,202,0,202,1,1,missile,0-1-2,1,5,,True,True,True,2,1,1.0,0,0,0,0,False,False,,,,,,,,,0.0,,False,False,False,False,
autoregressive_ppo_order_012,learning,medium,heterogeneity_pressure,0,0,202,0,202,1,2,laser,0-1-2,2,5,,True,True,True,10,0,1.0,0,0,0,0,False,False,,,,,,,,,0.0,,False,False,False,False,
autoregressive_ppo_order_012,learning,medium,heterogeneity_pressure,0,0,202,0,202,2,0,missile,0-1-2,0,3,3,False,True,True,2,0,1.0,5,5,1,0,False,True,True,0.8496938561098759,1.0454458491252259,22.88558131794821,54.38494110107422,0.3843277757064156,0.8883089148972767,0.34140178940265,0.34140178940265,1.0,False,True,True,True,intercepted
autoregressive_ppo_order_012,learning,medium,heterogeneity_pressure,0,0,202,0,202,2,1,missile,0-1-2,1,4,4,False,True,True,2,0,1.0,4,3,0,1,False,False,True,0.6901483791655325,0.9623160568291025,30.26871823461485,59.827117919921875,0.1318728892008464,0.5313126934924572,0.07006573995993408,0.13398797694358336,0.5229255755494822,False,True,False,False,alive
autoregressive_ppo_order_012,learning,medium,heterogeneity_pressure,0,0,202,0,202,2,2,laser,0-1-2,2,5,,True,True,True,10,0,1.0,0,0,0,0,False,False,,,,,,,,,0.0,,False,False,False,False,
autoregressive_ppo_order_012,learning,medium,heterogeneity_pressure,0,0,202,0,202,3,0,missile,0-1-2,0,5,,True,True,True,1,1,1.0,0,0,0,0,False,False,,,,,,,,,0.0,,False,False,False,False,
autoregressive_ppo_order_012,learning,medium,heterogeneity_pressure,0,0,202,0,202,3,1,missile,0-1-2,1,5,,True,True,True,1,1,1.0,0,0,0,0,False,False,,,,,,,,,0.0,,False,False,False,False,
autoregressive_ppo_order_012,learning,medium,heterogeneity_pressure,0,0,202,0,202,3,2,laser,0-1-2,2,5,,True,True,True,10,0,1.0,0,0,0,0,False,False,,,,,,,,,0.0,,False,False,False,False,
autoregressive_ppo_order_012,learning,medium,heterogeneity_pressure,0,0,202,0,202,4,0,missile,0-1-2,0,1,1,False,True,True,1,0,1.0,4,4,0,0,False,False,True,0.6577022266405008,1.3004311284604133,18.444618467854163,64.22595977783203,0.2837782370525857,0.855296448781033,0.2427145183924187,0.2917494169387629,0.8319280324161319,False,True,False,False,alive
autoregressive_ppo_order_012,learning,medium,heterogeneity_pressure,0,0,202,0,202,4,1,missile,0-1-2,1,4,4,False,True,True,1,0,1.0,3,2,0,1,False,False,True,0.6901483791655325,0.9623160568291025,28.268715089827367,55.7765998840332,0.17575350125630695,0.5313126934924572,0.09338006614321842,0.09338006614321842,1.0,False,True,False,False,alive
autoregressive_ppo_order_012,learning,medium,heterogeneity_pressure,0,0,202,0,202,4,2,laser,0-1-2,2,5,,True,True,True,10,0,1.0,1,1,0,0,True,False,,,,,,,,,0.005119799512264171,,False,False,False,False,
autoregressive_ppo_order_012,learning,medium,heterogeneity_pressure,0,0,202,0,202,5,0,missile,0-1-2,0,5,,True,True,True,0,1,1.0,0,0,0,0,False,False,,,,,,,,,0.0,,False,False,False,False,
autoregressive_ppo_order_012,learning,medium,heterogeneity_pressure,0,0,202,0,202,5,1,missile,0-1-2,1,5,,True,True,True,0,1,1.0,0,0,0,0,False,False,,,,,,,,,0.0,,False,False,False,False,
autoregressive_ppo_order_012,learning,medium,heterogeneity_pressure,0,0,202,0,202,5,2,laser,0-1-2,2,5,,True,True,True,10,0,1.0,1,1,0,0,True,False,,,,,,,,,0.015176050340629452,,False,False,False,False,
autoregressive_ppo_order_012,learning,medium,heterogeneity_pressure,0,0,202,0,202,6,0,missile,0-1-2,0,5,,True,True,True,0,0,1.0,0,0,0,0,False,False,,,,,,,,,0.0,,False,False,False,False,
autoregressive_ppo_order_012,learning,medium,heterogeneity_pressure,0,0,202,0,202,6,1,missile,0-1-2,1,5,,True,True,True,0,0,1.0,0,0,0,0,False,False,,,,,,,,,0.0,,False,False,False,False,
autoregressive_ppo_order_012,learning,medium,heterogeneity_pressure,0,0,202,0,202,6,2,laser,0-1-2,2,5,,True,True,True,10,0,1.0,1,1,0,0,True,False,,,,,,,,,0.025225345771512604,,False,False,False,False,
autoregressive_ppo_order_012,learning,medium,heterogeneity_pressure,0,0,202,0,202,7,0,missile,0-1-2,0,5,,True,True,True,0,0,1.0,0,0,0,0,False,False,,,,,,,,,0.0,,False,False,False,False,
autoregressive_ppo_order_012,learning,medium,heterogeneity_pressure,0,0,202,0,202,7,1,missile,0-1-2,1,5,,True,True,True,0,0,1.0,0,0,0,0,False,False,,,,,,,,,0.0,,False,False,False,False,
autoregressive_ppo_order_012,learning,medium,heterogeneity_pressure,0,0,202,0,202,7,2,laser,0-1-2,2,5,,True,True,True,10,0,1.0,1,1,0,0,True,False,,,,,,,,,0.035266647393458514,,False,False,False,False,
autoregressive_ppo_order_012,learning,medium,heterogeneity_pressure,0,0,202,0,202,8,0,missile,0-1-2,0,5,,True,True,True,0,0,1.0,0,0,0,0,False,False,,,,,,,,,0.0,,False,False,False,False,
autoregressive_ppo_order_012,learning,medium,heterogeneity_pressure,0,0,202,0,202,8,1,missile,0-1-2,1,5,,True,True,True,0,0,1.0,0,0,0,0,False,False,,,,,,,,,0.0,,False,False,False,False,
autoregressive_ppo_order_012,learning,medium,heterogeneity_pressure,0,0,202,0,202,8,2,laser,0-1-2,2,5,,True,True,True,10,0,1.0,1,1,0,0,True,False,,,,,,,,,0.045298662090315606,,False,False,False,False,
autoregressive_ppo_order_012,learning,medium,heterogeneity_pressure,0,0,202,0,202,9,0,missile,0-1-2,0,5,,True,True,True,0,0,1.0,0,0,0,0,False,False,,,,,,,,,0.0,,False,False,False,False,
autoregressive_ppo_order_012,learning,medium,heterogeneity_pressure,0,0,202,0,202,9,1,missile,0-1-2,1,5,,True,True,True,0,0,1.0,0,0,0,0,False,False,,,,,,,,,0.0,,False,False,False,False,
autoregressive_ppo_order_012,learning,medium,heterogeneity_pressure,0,0,202,0,202,9,2,laser,0-1-2,2,5,,True,True,True,10,0,1.0,1,1,0,0,True,False,,,,,,,,,0.05531976367055986,,False,False,False,False,
autoregressive_ppo_order_012,learning,medium,heterogeneity_pressure,0,0,202,0,202,10,0,missile,0-1-2,0,5,,True,True,True,0,0,1.0,0,0,0,0,False,False,,,,,,,,,0.0,,False,False,False,False,
autoregressive_ppo_order_012,learning,medium,heterogeneity_pressure,0,0,202,0,202,10,1,missile,0-1-2,1,5,,True,True,True,0,0,1.0,0,0,0,0,False,False,,,,,,,,,0.0,,False,False,False,False,
autoregressive_ppo_order_012,learning,medium,heterogeneity_pressure,0,0,202,0,202,10,2,laser,0-1-2,2,5,,True,True,True,10,0,1.0,1,1,0,0,True,False,,,,,,,,,0.06532801245996385,,False,False,False,False,
autoregressive_ppo_order_012,learning,medium,heterogeneity_pressure,0,0,202,0,202,11,0,missile,0-1-2,0,5,,True,True,True,0,0,1.0,0,0,0,0,False,False,,,,,,,,,0.0,,False,False,False,False,
autoregressive_ppo_order_012,learning,medium,heterogeneity_pressure,0,0,202,0,202,11,1,missile,0-1-2,1,5,,True,True,True,0,0,1.0,0,0,0,0,False,False,,,,,,,,,0.0,,False,False,False,False,
autoregressive_ppo_order_012,learning,medium,heterogeneity_pressure,0,0,202,0,202,11,2,laser,0-1-2,2,5,,True,True,True,10,0,1.0,2,2,0,0,True,False,,,,,,,,,0.0753208810042313,,False,False,False,False,
autoregressive_ppo_order_012,learning,medium,heterogeneity_pressure,0,0,202,0,202,12,0,missile,0-1-2,0,5,,True,True,True,0,0,1.0,0,0,0,0,False,False,,,,,,,,,0.0,,False,False,False,False,
autoregressive_ppo_order_012,learning,medium,heterogeneity_pressure,0,0,202,0,202,12,1,missile,0-1-2,1,5,,True,True,True,0,0,1.0,0,0,0,0,False,False,,,,,,,,,0.0,,False,False,False,False,
autoregressive_ppo_order_012,learning,medium,heterogeneity_pressure,0,0,202,0,202,12,2,laser,0-1-2,2,1,1,False,True,True,10,0,1.0,3,3,0,0,False,False,True,0.6577022266405008,1.3004311284604133,10.444615266564428,44.1375617980957,0.009582646687825547,0.855296448781033,0.008196003682020519,0.08529526386533141,0.09608978635625999,False,True,False,False,alive
autoregressive_ppo_order_012,learning,medium,heterogeneity_pressure,0,0,202,0,202,13,0,missile,0-1-2,0,5,,True,True,True,0,0,1.0,0,0,0,0,False,False,,,,,,,,,0.0,,False,False,False,False,
autoregressive_ppo_order_012,learning,medium,heterogeneity_pressure,0,0,202,0,202,13,1,missile,0-1-2,1,5,,True,True,True,0,0,1.0,0,0,0,0,False,False,,,,,,,,,0.0,,False,False,False,False,
autoregressive_ppo_order_012,learning,medium,heterogeneity_pressure,0,0,202,0,202,13,2,laser,0-1-2,2,1,1,False,True,True,9,0,1.0,3,3,0,0,False,False,True,0.6577022266405008,1.3004311284604133,9.444615709167834,41.369014739990234,0.0403442806667752,0.855296448781033,0.034506319982918116,0.09524704658278178,0.3622823092254912,False,True,False,False,alive
autoregressive_ppo_order_012,learning,medium,heterogeneity_pressure,0,0,202,0,202,14,0,missile,0-1-2,0,5,,True,True,True,0,0,1.0,0,0,0,0,False,False,,,,,,,,,0.0,,False,False,False,False,
autoregressive_ppo_order_012,learning,medium,heterogeneity_pressure,0,0,202,0,202,14,1,missile,0-1-2,1,5,,True,True,True,0,0,1.0,0,0,0,0,False,False,,,,,,,,,0.0,,False,False,False,False,
autoregressive_ppo_order_012,learning,medium,heterogeneity_pressure,0,0,202,0,202,14,2,laser,0-1-2,2,1,1,False,True,True,8,0,1.0,3,3,0,0,False,False,True,0.6577022266405008,1.3004311284604133,8.444615477559543,38.60922622680664,0.07100859747992622,0.855296448781033,0.0607334012575027,0.1051709097469588,0.5774733850227907,False,True,False,False,alive
autoregressive_ppo_order_012,learning,medium,heterogeneity_pressure,0,0,202,0,202,15,0,missile,0-1-2,0,5,,True,True,True,0,0,1.0,0,0,0,0,False,False,,,,,,,,,0.0,,False,False,False,False,
autoregressive_ppo_order_012,learning,medium,heterogeneity_pressure,0,0,202,0,202,15,1,missile,0-1-2,1,5,,True,True,True,0,0,1.0,0,0,0,0,False,False,,,,,,,,,0.0,,False,False,False,False,
autoregressive_ppo_order_012,learning,medium,heterogeneity_pressure,0,0,202,0,202,15,2,laser,0-1-2,2,1,1,False,True,True,7,0,1.0,3,3,0,0,False,False,True,0.6577022266405008,1.3004311284604133,7.444615245951251,35.8602294921875,0.10155300564236114,0.855296448781033,0.08685792508895168,0.11505966284835269,0.7548946602027631,False,True,False,False,alive
autoregressive_ppo_order_012,learning,medium,heterogeneity_pressure,0,0,202,0,202,16,0,missile,0-1-2,0,5,,True,True,True,0,0,1.0,0,0,0,0,False,False,,,,,,,,,0.0,,False,False,False,False,
autoregressive_ppo_order_012,learning,medium,heterogeneity_pressure,0,0,202,0,202,16,1,missile,0-1-2,1,5,,True,True,True,0,0,1.0,0,0,0,0,False,False,,,,,,,,,0.0,,False,False,False,False,
autoregressive_ppo_order_012,learning,medium,heterogeneity_pressure,0,0,202,0,202,16,2,laser,0-1-2,2,1,1,False,True,True,6,0,1.0,3,3,0,0,False,False,True,0.6577022266405008,1.3004311284604133,6.44461434013126,33.12470626831055,0.13194770812988282,0.855296448781033,0.112854406188285,0.12490349975614712,0.9035327785739717,False,True,True,True,intercepted
autoregressive_ppo_order_012,learning,medium,heterogeneity_pressure,0,0,202,0,202,17,0,missile,0-1-2,0,5,,True,True,True,0,0,1.0,0,0,0,0,False,False,,,,,,,,,0.0,,False,False,False,False,
autoregressive_ppo_order_012,learning,medium,heterogeneity_pressure,0,0,202,0,202,17,1,missile,0-1-2,1,5,,True,True,True,0,0,1.0,0,0,0,0,False,False,,,,,,,,,0.0,,False,False,False,False,
autoregressive_ppo_order_012,learning,medium,heterogeneity_pressure,0,0,202,0,202,17,2,laser,0-1-2,2,5,,True,True,True,5,0,1.0,2,2,0,0,True,False,,,,,,,,,0.13468869580573292,,False,False,False,False,
autoregressive_ppo_order_012,learning,medium,heterogeneity_pressure,0,0,202,0,202,18,0,missile,0-1-2,0,5,,True,True,True,0,0,1.0,0,0,0,0,False,False,,,,,,,,,0.0,,False,False,False,False,
autoregressive_ppo_order_012,learning,medium,heterogeneity_pressure,0,0,202,0,202,18,1,missile,0-1-2,1,5,,True,True,True,0,0,1.0,0,0,0,0,False,False,,,,,,,,,0.0,,False,False,False,False,
autoregressive_ppo_order_012,learning,medium,heterogeneity_pressure,0,0,202,0,202,18,2,laser,0-1-2,2,5,,True,True,True,5,0,1.0,2,2,0,0,True,False,,,,,,,,,0.1443953644381119,,False,False,False,False,
autoregressive_ppo_order_012,learning,medium,heterogeneity_pressure,0,0,202,0,202,19,0,missile,0-1-2,0,5,,True,True,True,0,0,1.0,0,0,0,0,False,False,,,,,,,,,0.0,,False,False,False,False,
autoregressive_ppo_order_012,learning,medium,heterogeneity_pressure,0,0,202,0,202,19,1,missile,0-1-2,1,5,,True,True,True,0,0,1.0,0,0,0,0,False,False,,,,,,,,,0.0,,False,False,False,False,
autoregressive_ppo_order_012,learning,medium,heterogeneity_pressure,0,0,202,0,202,19,2,laser,0-1-2,2,5,,True,True,True,5,0,1.0,2,2,0,0,True,False,,,,,,,,,0.15399387663964353,,False,False,False,False,
autoregressive_ppo_order_012,learning,medium,heterogeneity_pressure,0,0,202,0,202,20,0,missile,0-1-2,0,5,,True,True,True,0,0,1.0,0,0,0,0,False,False,,,,,,,,,0.0,,False,False,False,False,
autoregressive_ppo_order_012,learning,medium,heterogeneity_pressure,0,0,202,0,202,20,1,missile,0-1-2,1,5,,True,True,True,0,0,1.0,0,0,0,0,False,False,,,,,,,,,0.0,,False,False,False,False,
autoregressive_ppo_order_012,learning,medium,heterogeneity_pressure,0,0,202,0,202,20,2,laser,0-1-2,2,5,,True,True,True,5,0,1.0,2,2,0,0,True,False,,,,,,,,,0.16343819453643021,,False,False,False,False,
autoregressive_ppo_order_012,learning,medium,heterogeneity_pressure,0,0,202,0,202,21,0,missile,0-1-2,0,5,,True,True,True,0,0,1.0,0,0,0,0,False,False,,,,,,,,,0.0,,False,False,False,False,
autoregressive_ppo_order_012,learning,medium,heterogeneity_pressure,0,0,202,0,202,21,1,missile,0-1-2,1,5,,True,True,True,0,0,1.0,0,0,0,0,False,False,,,,,,,,,0.0,,False,False,False,False,
autoregressive_ppo_order_012,learning,medium,heterogeneity_pressure,0,0,202,0,202,21,2,laser,0-1-2,2,5,,True,True,True,5,0,1.0,3,3,0,0,True,False,,,,,,,,,0.17265354760553886,,False,False,False,False,
autoregressive_ppo_order_012,learning,medium,heterogeneity_pressure,0,0,202,0,202,22,0,missile,0-1-2,0,5,,True,True,True,0,0,1.0,0,0,0,0,False,False,,,,,,,,,0.0,,False,False,False,False,
autoregressive_ppo_order_012,learning,medium,heterogeneity_pressure,0,0,202,0,202,22,1,missile,0-1-2,1,5,,True,True,True,0,0,1.0,0,0,0,0,False,False,,,,,,,,,0.0,,False,False,False,False,
autoregressive_ppo_order_012,learning,medium,heterogeneity_pressure,0,0,202,0,202,22,2,laser,0-1-2,2,5,,True,True,True,5,0,1.0,3,3,0,0,True,False,,,,,,,,,0.18151219164532564,,False,False,False,False,
autoregressive_ppo_order_012,learning,medium,heterogeneity_pressure,0,0,202,0,202,23,0,missile,0-1-2,0,5,,True,True,True,0,0,1.0,0,0,0,0,False,False,,,,,,,,,0.0,,False,False,False,False,
autoregressive_ppo_order_012,learning,medium,heterogeneity_pressure,0,0,202,0,202,23,1,missile,0-1-2,1,5,,True,True,True,0,0,1.0,0,0,0,0,False,False,,,,,,,,,0.0,,False,False,False,False,
autoregressive_ppo_order_012,learning,medium,heterogeneity_pressure,0,0,202,0,202,23,2,laser,0-1-2,2,5,,True,True,True,5,0,1.0,3,3,0,0,True,False,,,,,,,,,0.18978417239832987,,False,False,False,False,
autoregressive_ppo_order_012,learning,medium,heterogeneity_pressure,0,0,202,0,202,24,0,missile,0-1-2,0,5,,True,True,True,0,0,1.0,0,0,0,0,False,False,,,,,,,,,0.0,,False,False,False,False,
autoregressive_ppo_order_012,learning,medium,heterogeneity_pressure,0,0,202,0,202,24,1,missile,0-1-2,1,5,,True,True,True,0,0,1.0,0,0,0,0,False,False,,,,,,,,,0.0,,False,False,False,False,
autoregressive_ppo_order_012,learning,medium,heterogeneity_pressure,0,0,202,0,202,24,2,laser,0-1-2,2,5,,True,True,True,5,0,1.0,3,3,0,0,True,False,,,,,,,,,0.19703964630015505,,False,False,False,False,
autoregressive_ppo_order_012,learning,medium,heterogeneity_pressure,0,0,202,0,202,25,0,missile,0-1-2,0,5,,True,True,True,0,0,1.0,0,0,0,0,False,False,,,,,,,,,0.0,,False,False,False,False,
autoregressive_ppo_order_012,learning,medium,heterogeneity_pressure,0,0,202,0,202,25,1,missile,0-1-2,1,5,,True,True,True,0,0,1.0,0,0,0,0,False,False,,,,,,,,,0.0,,False,False,False,False,
autoregressive_ppo_order_012,learning,medium,heterogeneity_pressure,0,0,202,0,202,25,2,laser,0-1-2,2,5,,True,True,True,5,0,1.0,3,3,0,0,True,False,,,,,,,,,0.20249506823176885,,False,False,False,False,
autoregressive_ppo_order_012,learning,medium,heterogeneity_pressure,0,0,202,0,202,26,0,missile,0-1-2,0,5,,True,True,True,0,0,1.0,0,0,0,0,False,False,,,,,,,,,0.0,,False,False,False,False,
autoregressive_ppo_order_012,learning,medium,heterogeneity_pressure,0,0,202,0,202,26,1,missile,0-1-2,1,5,,True,True,True,0,0,1.0,0,0,0,0,False,False,,,,,,,,,0.0,,False,False,False,False,
autoregressive_ppo_order_012,learning,medium,heterogeneity_pressure,0,0,202,0,202,26,2,laser,0-1-2,2,5,,True,True,True,5,0,1.0,3,3,0,0,True,False,,,,,,,,,0.20499742676823793,,False,False,False,False,
autoregressive_ppo_order_012,learning,medium,heterogeneity_pressure,0,0,202,0,202,27,0,missile,0-1-2,0,5,,True,True,True,0,0,1.0,0,0,0,0,False,False,,,,,,,,,0.0,,False,False,False,False,
autoregressive_ppo_order_012,learning,medium,heterogeneity_pressure,0,0,202,0,202,27,1,missile,0-1-2,1,5,,True,True,True,0,0,1.0,0,0,0,0,False,False,,,,,,,,,0.0,,False,False,False,False,
autoregressive_ppo_order_012,learning,medium,heterogeneity_pressure,0,0,202,0,202,27,2,laser,0-1-2,2,5,,True,True,True,5,0,1.0,3,3,0,0,True,False,,,,,,,,,0.2037253017123393,,False,False,False,False,
autoregressive_ppo_order_012,learning,medium,heterogeneity_pressure,0,0,202,0,202,28,0,missile,0-1-2,0,5,,True,True,True,0,0,1.0,0,0,0,0,False,False,,,,,,,,,0.0,,False,False,False,False,
autoregressive_ppo_order_012,learning,medium,heterogeneity_pressure,0,0,202,0,202,28,1,missile,0-1-2,1,5,,True,True,True,0,0,1.0,0,0,0,0,False,False,,,,,,,,,0.0,,False,False,False,False,
autoregressive_ppo_order_012,learning,medium,heterogeneity_pressure,0,0,202,0,202,28,2,laser,0-1-2,2,5,,True,True,True,5,0,1.0,3,3,0,0,True,False,,,,,,,,,0.19912573409365233,,False,False,False,False,
autoregressive_ppo_order_012,learning,medium,heterogeneity_pressure,0,0,202,0,202,29,0,missile,0-1-2,0,5,,True,True,True,0,0,1.0,0,0,0,0,False,False,,,,,,,,,0.0,,False,False,False,False,
autoregressive_ppo_order_012,learning,medium,heterogeneity_pressure,0,0,202,0,202,29,1,missile,0-1-2,1,5,,True,True,True,0,0,1.0,0,0,0,0,False,False,,,,,,,,,0.0,,False,False,False,False,
autoregressive_ppo_order_012,learning,medium,heterogeneity_pressure,0,0,202,0,202,29,2,laser,0-1-2,2,5,,True,True,True,5,0,1.0,3,3,0,0,True,False,,,,,,,,,0.1923657759335066,,False,False,False,False,
autoregressive_ppo_order_012,learning,medium,heterogeneity_pressure,0,0,202,0,202,30,0,missile,0-1-2,0,5,,True,True,True,0,0,1.0,0,0,0,0,False,False,,,,,,,,,0.0,,False,False,False,False,
autoregressive_ppo_order_012,learning,medium,heterogeneity_pressure,0,0,202,0,202,30,1,missile,0-1-2,1,5,,True,True,True,0,0,1.0,0,0,0,0,False,False,,,,,,,,,0.0,,False,False,False,False,
autoregressive_ppo_order_012,learning,medium,heterogeneity_pressure,0,0,202,0,202,30,2,laser,0-1-2,2,5,,True,True,True,5,0,1.0,3,3,0,0,True,False,,,,,,,,,0.1843733531776121,,False,False,False,False,
autoregressive_ppo_order_012,learning,medium,heterogeneity_pressure,0,0,202,0,202,31,0,missile,0-1-2,0,5,,True,True,True,0,0,1.0,0,0,0,0,False,False,,,,,,,,,0.0,,False,False,False,False,
autoregressive_ppo_order_012,learning,medium,heterogeneity_pressure,0,0,202,0,202,31,1,missile,0-1-2,1,5,,True,True,True,0,0,1.0,0,0,0,0,False,False,,,,,,,,,0.0,,False,False,False,False,
autoregressive_ppo_order_012,learning,medium,heterogeneity_pressure,0,0,202,0,202,31,2,laser,0-1-2,2,5,,True,True,True,5,0,1.0,3,3,0,0,True,False,,,,,,,,,0.17567891039824357,,False,False,False,False,
autoregressive_ppo_order_012,learning,medium,heterogeneity_pressure,0,0,202,0,202,32,0,missile,0-1-2,0,5,,True,True,True,0,0,1.0,0,0,0,0,False,False,,,,,,,,,0.0,,False,False,False,False,
autoregressive_ppo_order_012,learning,medium,heterogeneity_pressure,0,0,202,0,202,32,1,missile,0-1-2,1,5,,True,True,True,0,0,1.0,0,0,0,0,False,False,,,,,,,,,0.0,,False,False,False,False,
autoregressive_ppo_order_012,learning,medium,heterogeneity_pressure,0,0,202,0,202,32,2,laser,0-1-2,2,5,,True,True,True,5,0,1.0,3,3,0,0,True,False,,,,,,,,,0.1826748946544273,,False,False,False,False,
autoregressive_ppo_order_012,learning,medium,heterogeneity_pressure,0,0,202,0,202,33,0,missile,0-1-2,0,5,,True,True,True,0,0,1.0,0,0,0,0,False,False,,,,,,,,,0.0,,False,False,False,False,
autoregressive_ppo_order_012,learning,medium,heterogeneity_pressure,0,0,202,0,202,33,1,missile,0-1-2,1,5,,True,True,True,0,0,1.0,0,0,0,0,False,False,,,,,,,,,0.0,,False,False,False,False,
autoregressive_ppo_order_012,learning,medium,heterogeneity_pressure,0,0,202,0,202,33,2,laser,0-1-2,2,5,,True,True,True,5,0,1.0,2,2,0,0,True,False,,,,,,,,,0.1955442908963948,,False,False,False,False,
autoregressive_ppo_order_012,learning,medium,heterogeneity_pressure,0,0,202,0,202,34,0,missile,0-1-2,0,5,,True,True,True,0,0,1.0,0,0,0,0,False,False,,,,,,,,,0.0,,False,False,False,False,
autoregressive_ppo_order_012,learning,medium,heterogeneity_pressure,0,0,202,0,202,34,1,missile,0-1-2,1,5,,True,True,True,0,0,1.0,0,0,0,0,False,False,,,,,,,,,0.0,,False,False,False,False,
autoregressive_ppo_order_012,learning,medium,heterogeneity_pressure,0,0,202,0,202,34,2,laser,0-1-2,2,5,,True,True,True,5,0,1.0,2,2,0,0,True,False,,,,,,,,,0.20732291493090513,,False,False,False,False,
autoregressive_ppo_order_012,learning,medium,heterogeneity_pressure,0,0,202,0,202,35,0,missile,0-1-2,0,5,,True,True,True,0,0,1.0,0,0,0,0,False,False,,,,,,,,,0.0,,False,False,False,False,
autoregressive_ppo_order_012,learning,medium,heterogeneity_pressure,0,0,202,0,202,35,1,missile,0-1-2,1,5,,True,True,True,0,0,1.0,0,0,0,0,False,False,,,,,,,,,0.0,,False,False,False,False,
autoregressive_ppo_order_012,learning,medium,heterogeneity_pressure,0,0,202,0,202,35,2,laser,0-1-2,2,5,,True,True,True,5,0,1.0,2,2,0,0,True,False,,,,,,,,,0.21764718746084613,,False,False,False,False,
autoregressive_ppo_order_012,learning,medium,heterogeneity_pressure,0,0,202,0,202,36,0,missile,0-1-2,0,5,,True,True,True,0,0,1.0,0,0,0,0,False,False,,,,,,,,,0.0,,False,False,False,False,
autoregressive_ppo_order_012,learning,medium,heterogeneity_pressure,0,0,202,0,202,36,1,missile,0-1-2,1,5,,True,True,True,0,0,1.0,0,0,0,0,False,False,,,,,,,,,0.0,,False,False,False,False,
autoregressive_ppo_order_012,learning,medium,heterogeneity_pressure,0,0,202,0,202,36,2,laser,0-1-2,2,5,,True,True,True,5,0,1.0,2,2,0,0,True,False,,,,,,,,,0.22605539194758772,,False,False,False,False,
autoregressive_ppo_order_012,learning,medium,heterogeneity_pressure,0,0,202,0,202,37,0,missile,0-1-2,0,5,,True,True,True,0,0,1.0,0,0,0,0,False,False,,,,,,,,,0.0,,False,False,False,False,
autoregressive_ppo_order_012,learning,medium,heterogeneity_pressure,0,0,202,0,202,37,1,missile,0-1-2,1,5,,True,True,True,0,0,1.0,0,0,0,0,False,False,,,,,,,,,0.0,,False,False,False,False,
autoregressive_ppo_order_012,learning,medium,heterogeneity_pressure,0,0,202,0,202,37,2,laser,0-1-2,2,5,,True,True,True,5,0,1.0,1,1,0,0,True,False,,,,,,,,,0.11837323380151464,,False,False,False,False,
autoregressive_ppo_order_012,learning,medium,heterogeneity_pressure,0,0,202,0,202,38,0,missile,0-1-2,0,5,,True,True,True,0,0,1.0,0,0,0,0,False,False,,,,,,,,,0.0,,False,False,False,False,
autoregressive_ppo_order_012,learning,medium,heterogeneity_pressure,0,0,202,0,202,38,1,missile,0-1-2,1,5,,True,True,True,0,0,1.0,0,0,0,0,False,False,,,,,,,,,0.0,,False,False,False,False,
autoregressive_ppo_order_012,learning,medium,heterogeneity_pressure,0,0,202,0,202,38,2,laser,0-1-2,2,5,,True,True,True,5,0,1.0,1,1,0,0,True,False,,,,,,,,,0.10849831312440916,,False,False,False,False,
autoregressive_ppo_order_012,learning,medium,heterogeneity_pressure,0,0,202,0,202,39,0,missile,0-1-2,0,5,,True,True,True,0,0,1.0,0,0,0,0,False,False,,,,,,,,,0.0,,False,False,False,False,
autoregressive_ppo_order_012,learning,medium,heterogeneity_pressure,0,0,202,0,202,39,1,missile,0-1-2,1,5,,True,True,True,0,0,1.0,0,0,0,0,False,False,,,,,,,,,0.0,,False,False,False,False,
autoregressive_ppo_order_012,learning,medium,heterogeneity_pressure,0,0,202,0,202,39,2,laser,0-1-2,2,5,,True,True,True,5,0,1.0,1,1,0,0,True,False,,,,,,,,,0.09858534348417604,,False,False,False,False,
autoregressive_ppo_order_012,learning,medium,heterogeneity_pressure,0,0,202,1,203,0,0,missile,0-1-2,0,3,3,False,True,True,3,0,1.0,5,5,1,0,False,True,True,0.8588124029573939,1.2703562318932562,61.203665796226566,85.73895263671875,0.06397157088569976,1.0909976881241477,0.06979283594196846,0.31788360582787806,0.21955468813877316,False,True,False,False,alive
autoregressive_ppo_order_012,learning,medium,heterogeneity_pressure,0,0,202,1,203,0,1,missile,0-1-2,1,5,,True,True,True,3,0,1.0,2,2,0,0,True,False,,,,,,,,,0.04992999857808592,,False,False,False,False,
autoregressive_ppo_order_012,learning,medium,heterogeneity_pressure,0,0,202,1,203,0,2,laser,0-1-2,2,5,,True,True,True,10,0,1.0,0,0,0,0,False,False,,,,,,,,,0.0,,False,False,False,False,
autoregressive_ppo_order_012,learning,medium,heterogeneity_pressure,0,0,202,1,203,1,0,missile,0-1-2,0,5,,True,True,True,2,1,1.0,0,0,0,0,False,False,,,,,,,,,0.0,,False,False,False,False,
autoregressive_ppo_order_012,learning,medium,heterogeneity_pressure,0,0,202,1,203,1,1,missile,0-1-2,1,1,1,False,True,True,3,0,1.0,3,3,0,0,False,False,True,0.5937309440860186,0.7079128675889843,29.55204802314078,70.16659545898438,0.019861882527669263,0.33624782016339866,0.006678514704270284,0.06441153883231948,0.10368506676507527,False,True,False,False,alive
autoregressive_ppo_order_012,learning,medium,heterogeneity_pressure,0,0,202,1,203,1,2,laser,0-1-2,2,5,,True,True,True,10,0,1.0,0,0,0,0,False,False,,,,,,,,,0.0,,False,False,False,False,
autoregressive_ppo_order_012,learning,medium,heterogeneity_pressure,0,0,202,1,203,2,0,missile,0-1-2,0,3,3,False,True,True,2,0,1.0,5,5,1,0,False,True,True,0.8588124029573939,1.2703562318932562,59.203665082886204,82.99317932128906,0.09202621128248133,1.0909976881241477,0.10040038375601149,0.3445235885473923,0.2914180250453316,False,True,False,False,alive
autoregressive_ppo_order_012,learning,medium,heterogeneity_pressure,0,0,202,1,203,2,1,missile,0-1-2,1,5,,True,True,True,2,1,1.0,0,0,0,0,False,False,,,,,,,,,0.0,,False,False,False,False,
autoregressive_ppo_order_012,learning,medium,heterogeneity_pressure,0,0,202,1,203,2,2,laser,0-1-2,2,5,,True,True,True,10,0,1.0,0,0,0,0,False,False,,,,,,,,,0.0,,False,False,False,False,
autoregressive_ppo_order_012,learning,medium,heterogeneity_pressure,0,0,202,1,203,3,0,missile,0-1-2,0,5,,True,True,True,1,1,1.0,0,0,0,0,False,False,,,,,,,,,0.0,,False,False,False,False,
autoregressive_ppo_order_012,learning,medium,heterogeneity_pressure,0,0,202,1,203,3,1,missile,0-1-2,1,4,4,False,True,True,2,0,1.0,4,4,0,0,False,False,True,0.5048260381038868,1.0453312008450368,18.77728039088338,71.0239028930664,0.01057438532511397,0.5277104086289783,0.005580213200916165,0.09331157651012542,0.05980193894066987,False,True,False,False,alive
autoregressive_ppo_order_012,learning,medium,heterogeneity_pressure,0,0,202,1,203,3,2,laser,0-1-2,2,5,,True,True,True,10,0,1.0,0,0,0,0,False,False,,,,,,,,,0.0,,False,False,False,False,
autoregressive_ppo_order_012,learning,medium,heterogeneity_pressure,0,0,202,1,203,4,0,missile,0-1-2,0,3,3,False,True,True,1,0,1.0,5,5,1,0,False,True,True,0.8588124029573939,1.2703562318932562,57.20366436954584,80.24903869628906,0.12006416984226388,1.0909976881241477,0.1309897317244549,0.371115755822758,0.3529619254080244,False,True,False,False,alive
autoregressive_ppo_order_012,learning,medium,heterogeneity_pressure,0,0,202,1,203,4,1,missile,0-1-2,1,5,,True,True,True,1,1,1.0,0,0,0,0,False,False,,,,,,,,,0.0,,False,False,False,False,
autoregressive_ppo_order_012,learning,medium,heterogeneity_pressure,0,0,202,1,203,4,2,laser,0-1-2,2,5,,True,True,True,10,0,1.0,0,0,0,0,False,False,,,,,,,,,0.0,,False,False,False,False,
autoregressive_ppo_order_012,learning,medium,heterogeneity_pressure,0,0,202,1,203,5,0,missile,0-1-2,0,5,,True,True,True,0,1,1.0,0,0,0,0,False,False,,,,,,,,,0.0,,False,False,False,False,
autoregressive_ppo_order_012,learning,medium,heterogeneity_pressure,0,0,202,1,203,5,1,missile,0-1-2,1,4,4,False,True,True,1,0,1.0,4,4,0,0,False,False,True,0.5048260381038868,1.0453312008450368,16.77727933760625,65.12167358398438,0.07451520284016927,0.5277104086289783,0.039322448139856934,0.12210226708839958,0.3220451927513211,False,True,False,False,alive
autoregressive_ppo_order_012,learning,medium,heterogeneity_pressure,0,0,202,1,203,5,2,laser,0-1-2,2,5,,True,True,True,10,0,1.0,0,0,0,0,False,False,,,,,,,,,0.0,,False,False,False,False,
autoregressive_ppo_order_012,learning,medium,heterogeneity_pressure,0,0,202,1,203,6,0,missile,0-1-2,0,5,,True,True,True,0,0,1.0,0,0,0,0,False,False,,,,,,,,,0.0,,False,False,False,False,
autoregressive_ppo_order_012,learning,medium,heterogeneity_pressure,0,0,202,1,203,6,1,missile,0-1-2,1,5,,True,True,True,0,1,1.0,0,0,0,0,False,False,,,,,,,,,0.0,,False,False,False,False,
autoregressive_ppo_order_012,learning,medium,heterogeneity_pressure,0,0,202,1,203,6,2,laser,0-1-2,2,5,,True,True,True,10,0,1.0,0,0,0,0,False,False,,,,,,,,,0.0,,False,False,False,False,
autoregressive_ppo_order_012,learning,medium,heterogeneity_pressure,0,0,202,1,203,7,0,missile,0-1-2,0,5,,True,True,True,0,0,1.0,0,0,0,0,False,False,,,,,,,,,0.0,,False,False,False,False,
autoregressive_ppo_order_012,learning,medium,heterogeneity_pressure,0,0,202,1,203,7,1,missile,0-1-2,1,5,,True,True,True,0,0,1.0,0,0,0,0,False,False,,,,,,,,,0.0,,False,False,False,False,
autoregressive_ppo_order_012,learning,medium,heterogeneity_pressure,0,0,202,1,203,7,2,laser,0-1-2,2,1,1,False,True,True,10,0,1.0,1,1,0,0,False,False,True,0.5937309440860186,0.7079128675889843,23.55204987086219,42.40229797363281,0.028863355848524286,0.33624782016339866,0.009705240486666775,0.009705240486666775,1.0,False,True,False,False,alive
autoregressive_ppo_order_012,learning,medium,heterogeneity_pressure,0,0,202,1,203,8,0,missile,0-1-2,0,5,,True,True,True,0,0,1.0,0,0,0,0,False,False,,,,,,,,,0.0,,False,False,False,False,
autoregressive_ppo_order_012,learning,medium,heterogeneity_pressure,0,0,202,1,203,8,1,missile,0-1-2,1,5,,True,True,True,0,0,1.0,0,0,0,0,False,False,,,,,,,,,0.0,,False,False,False,False,
autoregressive_ppo_order_012,learning,medium,heterogeneity_pressure,0,0,202,1,203,8,2,laser,0-1-2,2,1,1,False,True,True,9,0,1.0,3,3,0,0,False,False,True,0.5937309440860186,0.7079128675889843,22.55204742294039,39.75975036621094,0.058224995930989565,0.33624782016339866,0.019578027960818,0.019578027960818,1.0,False,True,False,False,alive
autoregressive_ppo_order_012,learning,medium,heterogeneity_pressure,0,0,202,1,203,9,0,missile,0-1-2,0,5,,True,True,True,0,0,1.0,0,0,0,0,False,False,,,,,,,,,0.0,,False,False,False,False,
autoregressive_ppo_order_012,learning,medium,heterogeneity_pressure,0,0,202,1,203,9,1,missile,0-1-2,1,5,,True,True,True,0,0,1.0,0,0,0,0,False,False,,,,,,,,,0.0,,False,False,False,False,
autoregressive_ppo_order_012,learning,medium,heterogeneity_pressure,0,0,202,1,203,9,2,laser,0-1-2,2,1,1,False,True,True,8,0,1.0,3,3,0,0,False,False,True,0.5937309440860186,0.7079128675889843,21.552046352956275,37.13554763793945,0.08738280402289494,0.33624782016339866,0.029382277372463888,0.029382277372463888,1.0,False,True,False,False,alive
autoregressive_ppo_order_012,learning,medium,heterogeneity_pressure,0,0,202,1,203,10,0,missile,0-1-2,0,5,,True,True,True,0,0,1.0,0,0,0,0,False,False,,,,,,,,,0.0,,False,False,False,False,
autoregressive_ppo_order_012,learning,medium,heterogeneity_pressure,0,0,202,1,203,10,1,missile,0-1-2,1,5,,True,True,True,0,0,1.0,0,0,0,0,False,False,,,,,,,,,0.0,,False,False,False,False,
autoregressive_ppo_order_012,learning,medium,heterogeneity_pressure,0,0,202,1,203,10,2,laser,0-1-2,2,1,1,False,True,True,7,0,1.0,3,3,0,0,False,False,True,0.5937309440860186,0.7079128675889843,20.55204528297216,34.533870697021484,0.11629032558865016,0.33624782016339866,0.03910236848527551,0.04266447359463776,0.9165088700447497,False,True,False,False,alive
autoregressive_ppo_order_012,learning,medium,heterogeneity_pressure,0,0,202,1,203,11,0,missile,0-1-2,0,5,,True,True,True,0,0,1.0,0,0,0,0,False,False,,,,,,,,,0.0,,False,False,False,False,
autoregressive_ppo_order_012,learning,medium,heterogeneity_pressure,0,0,202,1,203,11,1,missile,0-1-2,1,5,,True,True,True,0,0,1.0,0,0,0,0,False,False,,,,,,,,,0.0,,False,False,False,False,
autoregressive_ppo_order_012,learning,medium,heterogeneity_pressure,0,0,202,1,203,11,2,laser,0-1-2,2,1,1,False,True,True,6,0,1.0,3,3,0,0,False,False,True,0.5937309440860186,0.7079128675889843,19.55204559092573,31.960224151611328,0.1448863983154297,0.33624782016339866,0.04871773560488916,0.05912314787519947,0.8240044272968237,False,True,False,False,alive
autoregressive_ppo_order_012,learning,medium,heterogeneity_pressure,0,0,202,1,203,12,0,missile,0-1-2,0,5,,True,True,True,0,0,1.0,0,0,0,0,False,False,,,,,,,,,0.0,,False,False,False,False,
autoregressive_ppo_order_012,learning,medium,heterogeneity_pressure,0,0,202,1,203,12,1,missile,0-1-2,1,5,,True,True,True,0,0,1.0,0,0,0,0,False,False,,,,,,,,,0.0,,False,False,False,False,
autoregressive_ppo_order_012,learning,medium,heterogeneity_pressure,0,0,202,1,203,12,2,laser,0-1-2,2,1,1,False,True,True,5,0,1.0,4,4,0,0,False,False,True,0.5937309440860186,0.7079128675889843,18.552048654754664,29.421960830688477,0.1730893241034614,0.33624782016339866,0.05820090792334491,0.07541540957165986,0.7717376097791036,False,True,True,True,intercepted
autoregressive_ppo_order_012,learning,medium,heterogeneity_pressure,0,0,202,1,203,13,0,missile,0-1-2,0,5,,True,True,True,0,0,1.0,0,0,0,0,False,False,,,,,,,,,0.0,,False,False,False,False,
autoregressive_ppo_order_012,learning,medium,heterogeneity_pressure,0,0,202,1,203,13,1,missile,0-1-2,1,5,,True,True,True,0,0,1.0,0,0,0,0,False,False,,,,,,,,,0.0,,False,False,False,False,
autoregressive_ppo_order_012,learning,medium,heterogeneity_pressure,0,0,202,1,203,13,2,laser,0-1-2,2,5,,True,True,True,4,0,1.0,3,3,0,0,True,False,,,,,,,,,0.09149404135000841,,False,False,False,False,
autoregressive_ppo_order_012,learning,medium,heterogeneity_pressure,0,0,202,1,203,14,0,missile,0-1-2,0,5,,True,True,True,0,0,1.0,0,0,0,0,False,False,,,,,,,,,0.0,,False,False,False,False,
autoregressive_ppo_order_012,learning,medium,heterogeneity_pressure,0,0,202,1,203,14,1,missile,0-1-2,1,5,,True,True,True,0,0,1.0,0,0,0,0,False,False,,,,,,,,,0.0,,False,False,False,False,
autoregressive_ppo_order_012,learning,medium,heterogeneity_pressure,0,0,202,1,203,14,2,laser,0-1-2,2,5,,True,True,True,4,0,1.0,3,3,0,0,True,False,,,,,,,,,0.10729323866422015,,False,False,False,False,
autoregressive_ppo_order_012,learning,medium,heterogeneity_pressure,0,0,202,1,203,15,0,missile,0-1-2,0,5,,True,True,True,0,0,1.0,0,0,0,0,False,False,,,,,,,,,0.0,,False,False,False,False,
autoregressive_ppo_order_012,learning,medium,heterogeneity_pressure,0,0,202,1,203,15,1,missile,0-1-2,1,5,,True,True,True,0,0,1.0,0,0,0,0,False,False,,,,,,,,,0.0,,False,False,False,False,
autoregressive_ppo_order_012,learning,medium,heterogeneity_pressure,0,0,202,1,203,15,2,laser,0-1-2,2,5,,True,True,True,4,0,1.0,3,3,0,0,True,False,,,,,,,,,0.12271912602834434,,False,False,False,False,
autoregressive_ppo_order_012,learning,medium,heterogeneity_pressure,0,0,202,1,203,16,0,missile,0-1-2,0,5,,True,True,True,0,0,1.0,0,0,0,0,False,False,,,,,,,,,0.0,,False,False,False,False,
autoregressive_ppo_order_012,learning,medium,heterogeneity_pressure,0,0,202,1,203,16,1,missile,0-1-2,1,5,,True,True,True,0,0,1.0,0,0,0,0,False,False,,,,,,,,,0.0,,False,False,False,False,
autoregressive_ppo_order_012,learning,medium,heterogeneity_pressure,0,0,202,1,203,16,2,laser,0-1-2,2,5,,True,True,True,4,0,1.0,3,3,0,0,True,False,,,,,,,,,0.13763473738609808,,False,False,False,False,
autoregressive_ppo_order_012,learning,medium,heterogeneity_pressure,0,0,202,1,203,17,0,missile,0-1-2,0,5,,True,True,True,0,0,1.0,0,0,0,0,False,False,,,,,,,,,0.0,,False,False,False,False,
autoregressive_ppo_order_012,learning,medium,heterogeneity_pressure,0,0,202,1,203,17,1,missile,0-1-2,1,5,,True,True,True,0,0,1.0,0,0,0,0,False,False,,,,,,,,,0.0,,False,False,False,False,
autoregressive_ppo_order_012,learning,medium,heterogeneity_pressure,0,0,202,1,203,17,2,laser,0-1-2,2,5,,True,True,True,4,0,1.0,3,3,0,0,True,False,,,,,,,,,0.15183607193461898,,False,False,False,False,
autoregressive_ppo_order_012,learning,medium,heterogeneity_pressure,0,0,202,1,203,18,0,missile,0-1-2,0,5,,True,True,True,0,0,1.0,0,0,0,0,False,False,,,,,,,,,0.0,,False,False,False,False,
autoregressive_ppo_order_012,learning,medium,heterogeneity_pressure,0,0,202,1,203,18,1,missile,0-1-2,1,5,,True,True,True,0,0,1.0,0,0,0,0,False,False,,,,,,,,,0.0,,False,False,False,False,
autoregressive_ppo_order_012,learning,medium,heterogeneity_pressure,0,0,202,1,203,18,2,laser,0-1-2,2,5,,True,True,True,4,0,1.0,3,3,0,0,True,False,,,,,,,,,0.1650147743130978,,False,False,False,False,
autoregressive_ppo_order_012,learning,medium,heterogeneity_pressure,0,0,202,1,203,19,0,missile,0-1-2,0,5,,True,True,True,0,0,1.0,0,0,0,0,False,False,,,,,,,,,0.0,,False,False,False,False,
autoregressive_ppo_order_012,learning,medium,heterogeneity_pressure,0,0,202,1,203,19,1,missile,0-1-2,1,5,,True,True,True,0,0,1.0,0,0,0,0,False,False,,,,,,,,,0.0,,False,False,False,False,
autoregressive_ppo_order_012,learning,medium,heterogeneity_pressure,0,0,202,1,203,19,2,laser,0-1-2,2,5,,True,True,True,4,0,1.0,3,3,0,0,True,False,,,,,,,,,0.17670567214094907,,False,False,False,False,
autoregressive_ppo_order_012,learning,medium,heterogeneity_pressure,0,0,202,1,203,20,0,missile,0-1-2,0,5,,True,True,True,0,0,1.0,0,0,0,0,False,False,,,,,,,,,0.0,,False,False,False,False,
autoregressive_ppo_order_012,learning,medium,heterogeneity_pressure,0,0,202,1,203,20,1,missile,0-1-2,1,5,,True,True,True,0,0,1.0,0,0,0,0,False,False,,,,,,,,,0.0,,False,False,False,False,
autoregressive_ppo_order_012,learning,medium,heterogeneity_pressure,0,0,202,1,203,20,2,laser,0-1-2,2,5,,True,True,True,4,0,1.0,3,3,0,0,True,False,,,,,,,,,0.1862335586601871,,False,False,False,False,
autoregressive_ppo_order_012,learning,medium,heterogeneity_pressure,0,0,202,1,203,21,0,missile,0-1-2,0,5,,True,True,True,0,0,1.0,0,0,0,0,False,False,,,,,,,,,0.0,,False,False,False,False,
autoregressive_ppo_order_012,learning,medium,heterogeneity_pressure,0,0,202,1,203,21,1,missile,0-1-2,1,5,,True,True,True,0,0,1.0,0,0,0,0,False,False,,,,,,,,,0.0,,False,False,False,False,
autoregressive_ppo_order_012,learning,medium,heterogeneity_pressure,0,0,202,1,203,21,2,laser,0-1-2,2,5,,True,True,True,4,0,1.0,3,3,0,0,True,False,,,,,,,,,0.19272388429660892,,False,False,False,False,
autoregressive_ppo_order_012,learning,medium,heterogeneity_pressure,0,0,202,1,203,22,0,missile,0-1-2,0,5,,True,True,True,0,0,1.0,0,0,0,0,False,False,,,,,,,,,0.0,,False,False,False,False,
autoregressive_ppo_order_012,learning,medium,heterogeneity_pressure,0,0,202,1,203,22,1,missile,0-1-2,1,5,,True,True,True,0,0,1.0,0,0,0,0,False,False,,,,,,,,,0.0,,False,False,False,False,
autoregressive_ppo_order_012,learning,medium,heterogeneity_pressure,0,0,202,1,203,22,2,laser,0-1-2,2,5,,True,True,True,4,0,1.0,1,1,0,0,True,False,,,,,,,,,0.20315386447348602,,False,False,False,False,
autoregressive_ppo_order_012,learning,medium,heterogeneity_pressure,0,0,202,1,203,23,0,missile,0-1-2,0,5,,True,True,True,0,0,1.0,0,0,0,0,False,False,,,,,,,,,0.0,,False,False,False,False,
autoregressive_ppo_order_012,learning,medium,heterogeneity_pressure,0,0,202,1,203,23,1,missile,0-1-2,1,5,,True,True,True,0,0,1.0,0,0,0,0,False,False,,,,,,,,,0.0,,False,False,False,False,
autoregressive_ppo_order_012,learning,medium,heterogeneity_pressure,0,0,202,1,203,23,2,laser,0-1-2,2,5,,True,True,True,4,0,1.0,1,1,0,0,True,False,,,,,,,,,0.21676263968693457,,False,False,False,False,
autoregressive_ppo_order_012,learning,medium,heterogeneity_pressure,0,0,202,1,203,24,0,missile,0-1-2,0,5,,True,True,True,0,0,1.0,0,0,0,0,False,False,,,,,,,,,0.0,,False,False,False,False,
autoregressive_ppo_order_012,learning,medium,heterogeneity_pressure,0,0,202,1,203,24,1,missile,0-1-2,1,5,,True,True,True,0,0,1.0,0,0,0,0,False,False,,,,,,,,,0.0,,False,False,False,False,
autoregressive_ppo_order_012,learning,medium,heterogeneity_pressure,0,0,202,1,203,24,2,laser,0-1-2,2,5,,True,True,True,4,0,1.0,1,1,0,0,True,False,,,,,,,,,0.23023037928474446,,False,False,False,False,
autoregressive_ppo_order_012,learning,medium,heterogeneity_pressure,0,0,202,1,203,25,0,missile,0-1-2,0,5,,True,True,True,0,0,1.0,0,0,0,0,False,False,,,,,,,,,0.0,,False,False,False,False,
autoregressive_ppo_order_012,learning,medium,heterogeneity_pressure,0,0,202,1,203,25,1,missile,0-1-2,1,5,,True,True,True,0,0,1.0,0,0,0,0,False,False,,,,,,,,,0.0,,False,False,False,False,
autoregressive_ppo_order_012,learning,medium,heterogeneity_pressure,0,0,202,1,203,25,2,laser,0-1-2,2,5,,True,True,True,4,0,1.0,1,1,0,0,True,False,,,,,,,,,0.24352989382760407,,False,False,False,False,
autoregressive_ppo_order_012,learning,medium,heterogeneity_pressure,0,0,202,1,203,26,0,missile,0-1-2,0,5,,True,True,True,0,0,1.0,0,0,0,0,False,False,,,,,,,,,0.0,,False,False,False,False,
autoregressive_ppo_order_012,learning,medium,heterogeneity_pressure,0,0,202,1,203,26,1,missile,0-1-2,1,5,,True,True,True,0,0,1.0,0,0,0,0,False,False,,,,,,,,,0.0,,False,False,False,False,
autoregressive_ppo_order_012,learning,medium,heterogeneity_pressure,0,0,202,1,203,26,2,laser,0-1-2,2,5,,True,True,True,4,0,1.0,1,1,0,0,True,False,,,,,,,,,0.25662694689581517,,False,False,False,False,
autoregressive_ppo_order_012,learning,medium,heterogeneity_pressure,0,0,202,1,203,27,0,missile,0-1-2,0,5,,True,True,True,0,0,1.0,0,0,0,0,False,False,,,,,,,,,0.0,,False,False,False,False,
autoregressive_ppo_order_012,learning,medium,heterogeneity_pressure,0,0,202,1,203,27,1,missile,0-1-2,1,5,,True,True,True,0,0,1.0,0,0,0,0,False,False,,,,,,,,,0.0,,False,False,False,False,
autoregressive_ppo_order_012,learning,medium,heterogeneity_pressure,0,0,202,1,203,27,2,laser,0-1-2,2,5,,True,True,True,4,0,1.0,1,1,0,0,True,False,,,,,,,,,0.2694782389232422,,False,False,False,False,
autoregressive_ppo_order_012,learning,medium,heterogeneity_pressure,0,0,202,1,203,28,0,missile,0-1-2,0,5,,True,True,True,0,0,1.0,0,0,0,0,False,False,,,,,,,,,0.0,,False,False,False,False,
autoregressive_ppo_order_012,learning,medium,heterogeneity_pressure,0,0,202,1,203,28,1,missile,0-1-2,1,5,,True,True,True,0,0,1.0,0,0,0,0,False,False,,,,,,,,,0.0,,False,False,False,False,
autoregressive_ppo_order_012,learning,medium,heterogeneity_pressure,0,0,202,1,203,28,2,laser,0-1-2,2,5,,True,True,True,4,0,1.0,1,1,0,0,True,False,,,,,,,,,0.28202833494428303,,False,False,False,False,
autoregressive_ppo_order_012,learning,medium,heterogeneity_pressure,0,0,202,1,203,29,0,missile,0-1-2,0,5,,True,True,True,0,0,1.0,0,0,0,0,False,False,,,,,,,,,0.0,,False,False,False,False,
autoregressive_ppo_order_012,learning,medium,heterogeneity_pressure,0,0,202,1,203,29,1,missile,0-1-2,1,5,,True,True,True,0,0,1.0,0,0,0,0,False,False,,,,,,,,,0.0,,False,False,False,False,
autoregressive_ppo_order_012,learning,medium,heterogeneity_pressure,0,0,202,1,203,29,2,laser,0-1-2,2,5,,True,True,True,4,0,1.0,1,1,0,0,True,False,,,,,,,,,0.2942058242775815,,False,False,False,False,
autoregressive_ppo_order_012,learning,medium,heterogeneity_pressure,0,0,202,1,203,30,0,missile,0-1-2,0,5,,True,True,True,0,0,1.0,0,0,0,0,False,False,,,,,,,,,0.0,,False,False,False,False,
autoregressive_ppo_order_012,learning,medium,heterogeneity_pressure,0,0,202,1,203,30,1,missile,0-1-2,1,5,,True,True,True,0,0,1.0,0,0,0,0,False,False,,,,,,,,,0.0,,False,False,False,False,
autoregressive_ppo_order_012,learning,medium,heterogeneity_pressure,0,0,202,1,203,30,2,laser,0-1-2,2,5,,True,True,True,4,0,1.0,1,1,0,0,True,False,,,,,,,,,0.3059181264982499,,False,False,False,False,
autoregressive_ppo_order_012,learning,medium,heterogeneity_pressure,0,0,202,1,203,31,0,missile,0-1-2,0,5,,True,True,True,0,0,1.0,0,0,0,0,False,False,,,,,,,,,0.0,,False,False,False,False,
autoregressive_ppo_order_012,learning,medium,heterogeneity_pressure,0,0,202,1,203,31,1,missile,0-1-2,1,5,,True,True,True,0,0,1.0,0,0,0,0,False,False,,,,,,,,,0.0,,False,False,False,False,
autoregressive_ppo_order_012,learning,medium,heterogeneity_pressure,0,0,202,1,203,31,2,laser,0-1-2,2,5,,True,True,True,4,0,1.0,1,1,0,0,True,False,,,,,,,,,0.3170449917025527,,False,False,False,False,
autoregressive_ppo_order_012,learning,medium,heterogeneity_pressure,0,0,202,1,203,32,0,missile,0-1-2,0,5,,True,True,True,0,0,1.0,0,0,0,0,False,False,,,,,,,,,0.0,,False,False,False,False,
autoregressive_ppo_order_012,learning,medium,heterogeneity_pressure,0,0,202,1,203,32,1,missile,0-1-2,1,5,,True,True,True,0,0,1.0,0,0,0,0,False,False,,,,,,,,,0.0,,False,False,False,False,
autoregressive_ppo_order_012,learning,medium,heterogeneity_pressure,0,0,202,1,203,32,2,laser,0-1-2,2,5,,True,True,True,4,0,1.0,1,1,0,0,True,False,,,,,,,,,0.327430714266635,,False,False,False,False,
autoregressive_ppo_order_012,learning,medium,heterogeneity_pressure,0,0,202,1,203,33,0,missile,0-1-2,0,5,,True,True,True,0,0,1.0,0,0,0,0,False,False,,,,,,,,,0.0,,False,False,False,False,
autoregressive_ppo_order_012,learning,medium,heterogeneity_pressure,0,0,202,1,203,33,1,missile,0-1-2,1,5,,True,True,True,0,0,1.0,0,0,0,0,False,False,,,,,,,,,0.0,,False,False,False,False,
autoregressive_ppo_order_012,learning,medium,heterogeneity_pressure,0,0,202,1,203,33,2,laser,0-1-2,2,5,,True,True,True,4,0,1.0,1,1,0,0,True,False,,,,,,,,,0.3368763274036696,,False,False,False,False,
autoregressive_ppo_order_012,learning,medium,heterogeneity_pressure,0,0,202,1,203,34,0,missile,0-1-2,0,5,,True,True,True,0,0,1.0,0,0,0,0,False,False,,,,,,,,,0.0,,False,False,False,False,
autoregressive_ppo_order_012,learning,medium,heterogeneity_pressure,0,0,202,1,203,34,1,missile,0-1-2,1,5,,True,True,True,0,0,1.0,0,0,0,0,False,False,,,,,,,,,0.0,,False,False,False,False,
autoregressive_ppo_order_012,learning,medium,heterogeneity_pressure,0,0,202,1,203,34,2,laser,0-1-2,2,5,,True,True,True,4,0,1.0,1,1,0,0,True,False,,,,,,,,,0.34513460115189254,,False,False,False,False,
autoregressive_ppo_order_012,learning,medium,heterogeneity_pressure,0,0,202,1,203,35,0,missile,0-1-2,0,5,,True,True,True,0,0,1.0,0,0,0,0,False,False,,,,,,,,,0.0,,False,False,False,False,
autoregressive_ppo_order_012,learning,medium,heterogeneity_pressure,0,0,202,1,203,35,1,missile,0-1-2,1,5,,True,True,True,0,0,1.0,0,0,0,0,False,False,,,,,,,,,0.0,,False,False,False,False,
autoregressive_ppo_order_012,learning,medium,heterogeneity_pressure,0,0,202,1,203,35,2,laser,0-1-2,2,5,,True,True,True,4,0,1.0,1,1,0,0,True,False,,,,,,,,,0.35191419951698444,,False,False,False,False,
autoregressive_ppo_order_012,learning,medium,heterogeneity_pressure,0,0,202,1,203,36,0,missile,0-1-2,0,5,,True,True,True,0,0,1.0,0,0,0,0,False,False,,,,,,,,,0.0,,False,False,False,False,
autoregressive_ppo_order_012,learning,medium,heterogeneity_pressure,0,0,202,1,203,36,1,missile,0-1-2,1,5,,True,True,True,0,0,1.0,0,0,0,0,False,False,,,,,,,,,0.0,,False,False,False,False,
autoregressive_ppo_order_012,learning,medium,heterogeneity_pressure,0,0,202,1,203,36,2,laser,0-1-2,2,5,,True,True,True,4,0,1.0,1,1,0,0,True,False,,,,,,,,,0.35690170468597576,,False,False,False,False,
autoregressive_ppo_order_012,learning,medium,heterogeneity_pressure,0,0,202,1,203,37,0,missile,0-1-2,0,5,,True,True,True,0,0,1.0,0,0,0,0,False,False,,,,,,,,,0.0,,False,False,False,False,
autoregressive_ppo_order_012,learning,medium,heterogeneity_pressure,0,0,202,1,203,37,1,missile,0-1-2,1,5,,True,True,True,0,0,1.0,0,0,0,0,False,False,,,,,,,,,0.0,,False,False,False,False,
autoregressive_ppo_order_012,learning,medium,heterogeneity_pressure,0,0,202,1,203,37,2,laser,0-1-2,2,5,,True,True,True,4,0,1.0,1,1,0,0,True,False,,,,,,,,,0.3598090257318095,,False,False,False,False,
autoregressive_ppo_order_012,learning,medium,heterogeneity_pressure,0,0,202,1,203,38,0,missile,0-1-2,0,5,,True,True,True,0,0,1.0,0,0,0,0,False,False,,,,,,,,,0.0,,False,False,False,False,
autoregressive_ppo_order_012,learning,medium,heterogeneity_pressure,0,0,202,1,203,38,1,missile,0-1-2,1,5,,True,True,True,0,0,1.0,0,0,0,0,False,False,,,,,,,,,0.0,,False,False,False,False,
autoregressive_ppo_order_012,learning,medium,heterogeneity_pressure,0,0,202,1,203,38,2,laser,0-1-2,2,5,,True,True,True,4,0,1.0,1,1,0,0,True,False,,,,,,,,,0.3604399704961756,,False,False,False,False,
autoregressive_ppo_order_012,learning,medium,heterogeneity_pressure,0,0,202,1,203,39,0,missile,0-1-2,0,5,,True,True,True,0,0,1.0,0,0,0,0,False,False,,,,,,,,,0.0,,False,False,False,False,
autoregressive_ppo_order_012,learning,medium,heterogeneity_pressure,0,0,202,1,203,39,1,missile,0-1-2,1,5,,True,True,True,0,0,1.0,0,0,0,0,False,False,,,,,,,,,0.0,,False,False,False,False,
autoregressive_ppo_order_012,learning,medium,heterogeneity_pressure,0,0,202,1,203,39,2,laser,0-1-2,2,5,,True,True,True,4,0,1.0,1,1,0,0,True,False,,,,,,,,,0.35874883921525924,,False,False,False,False,
autoregressive_ppo_order_012,learning,medium,heterogeneity_pressure,0,0,202,1,203,40,0,missile,0-1-2,0,5,,True,True,True,0,0,1.0,0,0,0,0,False,False,,,,,,,,,0.0,,False,False,False,False,
autoregressive_ppo_order_012,learning,medium,heterogeneity_pressure,0,0,202,1,203,40,1,missile,0-1-2,1,5,,True,True,True,0,0,1.0,0,0,0,0,False,False,,,,,,,,,0.0,,False,False,False,False,
autoregressive_ppo_order_012,learning,medium,heterogeneity_pressure,0,0,202,1,203,40,2,laser,0-1-2,2,5,,True,True,True,4,0,1.0,1,1,0,0,True,False,,,,,,,,,0.35485556496670206,,False,False,False,False,
autoregressive_ppo_order_012,learning,medium,heterogeneity_pressure,0,0,202,1,203,41,0,missile,0-1-2,0,5,,True,True,True,0,0,1.0,0,0,0,0,False,False,,,,,,,,,0.0,,False,False,False,False,
autoregressive_ppo_order_012,learning,medium,heterogeneity_pressure,0,0,202,1,203,41,1,missile,0-1-2,1,5,,True,True,True,0,0,1.0,0,0,0,0,False,False,,,,,,,,,0.0,,False,False,False,False,
autoregressive_ppo_order_012,learning,medium,heterogeneity_pressure,0,0,202,1,203,41,2,laser,0-1-2,2,5,,True,True,True,4,0,1.0,0,0,0,0,False,False,,,,,,,,,0.0,,False,False,False,False,
autoregressive_ppo_order_012,learning,medium,heterogeneity_pressure,0,0,202,1,203,42,0,missile,0-1-2,0,5,,True,True,True,0,0,1.0,0,0,0,0,False,False,,,,,,,,,0.0,,False,False,False,False,
autoregressive_ppo_order_012,learning,medium,heterogeneity_pressure,0,0,202,1,203,42,1,missile,0-1-2,1,5,,True,True,True,0,0,1.0,0,0,0,0,False,False,,,,,,,,,0.0,,False,False,False,False,
autoregressive_ppo_order_012,learning,medium,heterogeneity_pressure,0,0,202,1,203,42,2,laser,0-1-2,2,3,3,False,True,True,4,0,1.0,1,1,1,0,False,True,True,0.8588124029573939,1.2703562318932562,19.20364117449439,43.84852981567383,0.012794113159179665,1.0909976881241477,0.01395834787826375,0.01395834787826375,1.0,False,True,False,False,alive
autoregressive_ppo_order_012,learning,medium,heterogeneity_pressure,0,0,202,1,203,43,0,missile,0-1-2,0,5,,True,True,True,0,0,1.0,0,0,0,0,False,False,,,,,,,,,0.0,,False,False,False,False,
autoregressive_ppo_order_012,learning,medium,heterogeneity_pressure,0,0,202,1,203,43,1,missile,0-1-2,1,5,,True,True,True,0,0,1.0,0,0,0,0,False,False,,,,,,,,,0.0,,False,False,False,False,
autoregressive_ppo_order_012,learning,medium,heterogeneity_pressure,0,0,202,1,203,43,2,laser,0-1-2,2,3,3,False,True,True,3,0,1.0,1,1,1,0,False,True,True,0.8588124029573939,1.2703562318932562,18.20364081782421,42.46519470214844,0.028164503309461797,1.0909976881241477,0.030727407997787726,0.030727407997787726,1.0,False,True,False,False,alive
autoregressive_ppo_order_012,learning,medium,heterogeneity_pressure,0,0,202,1,203,44,0,missile,0-1-2,0,5,,True,True,True,0,0,1.0,0,0,0,0,False,False,,,,,,,,,0.0,,False,False,False,False,
autoregressive_ppo_order_012,learning,medium,heterogeneity_pressure,0,0,202,1,203,44,1,missile,0-1-2,1,5,,True,True,True,0,0,1.0,0,0,0,0,False,False,,,,,,,,,0.0,,False,False,False,False,
autoregressive_ppo_order_012,learning,medium,heterogeneity_pressure,0,0,202,1,203,44,2,laser,0-1-2,2,3,3,False,True,True,2,0,1.0,1,1,1,0,False,True,True,0.8588124029573939,1.2703562318932562,17.203639083784804,41.08195877075195,0.04353379143608943,1.0909976881241477,0.047495265812052385,0.047495265812052385,1.0,False,True,False,False,alive
autoregressive_ppo_order_012,learning,medium,heterogeneity_pressure,0,0,202,1,203,45,0,missile,0-1-2,0,5,,True,True,True,0,0,1.0,0,0,0,0,False,False,,,,,,,,,0.0,,False,False,False,False,
autoregressive_ppo_order_012,learning,medium,heterogeneity_pressure,0,0,202,1,203,45,1,missile,0-1-2,1,5,,True,True,True,0,0,1.0,0,0,0,0,False,False,,,,,,,,,0.0,,False,False,False,False,
autoregressive_ppo_order_012,learning,medium,heterogeneity_pressure,0,0,202,1,203,45,2,laser,0-1-2,2,3,3,False,True,True,1,0,1.0,1,1,1,0,False,True,True,0.8588124029573939,1.2703562318932562,16.203640104483842,39.698829650878906,0.058901892768012165,1.0909976881241477,0.06426182883603772,0.06426182883603772,1.0,False,True,False,False,alive
autoregressive_ppo_order_012,learning,medium,heterogeneity_pressure,0,0,202,1,203,46,0,missile,0-1-2,0,5,,True,True,True,0,0,1.0,0,0,0,0,False,False,,,,,,,,,0.0,,False,False,False,False,
autoregressive_ppo_order_012,learning,medium,heterogeneity_pressure,0,0,202,1,203,46,1,missile,0-1-2,1,5,,True,True,True,0,0,1.0,0,0,0,0,False,False,,,,,,,,,0.0,,False,False,False,False,
autoregressive_ppo_order_012,learning,medium,heterogeneity_pressure,0,0,202,1,203,46,2,laser,0-1-2,2,5,,True,True,True,0,0,1.0,0,0,0,0,False,False,,,,,,,,,0.0,,False,False,False,False,
autoregressive_ppo_order_012,learning,medium,heterogeneity_pressure,0,0,202,1,203,47,0,missile,0-1-2,0,5,,True,True,True,0,0,1.0,0,0,0,0,False,False,,,,,,,,,0.0,,False,False,False,False,
autoregressive_ppo_order_012,learning,medium,heterogeneity_pressure,0,0,202,1,203,47,1,missile,0-1-2,1,5,,True,True,True,0,0,1.0,0,0,0,0,False,False,,,,,,,,,0.0,,False,False,False,False,
autoregressive_ppo_order_012,learning,medium,heterogeneity_pressure,0,0,202,1,203,47,2,laser,0-1-2,2,5,,True,True,True,0,0,1.0,0,0,0,0,False,False,,,,,,,,,0.0,,False,False,False,False,
autoregressive_ppo_order_012,learning,medium,heterogeneity_pressure,0,0,202,1,203,48,0,missile,0-1-2,0,5,,True,True,True,0,0,1.0,0,0,0,0,False,False,,,,,,,,,0.0,,False,False,False,False,
autoregressive_ppo_order_012,learning,medium,heterogeneity_pressure,0,0,202,1,203,48,1,missile,0-1-2,1,5,,True,True,True,0,0,1.0,0,0,0,0,False,False,,,,,,,,,0.0,,False,False,False,False,
autoregressive_ppo_order_012,learning,medium,heterogeneity_pressure,0,0,202,1,203,48,2,laser,0-1-2,2,5,,True,True,True,0,0,1.0,0,0,0,0,False,False,,,,,,,,,0.0,,False,False,False,False,
autoregressive_ppo_order_012,learning,medium,heterogeneity_pressure,0,0,202,1,203,49,0,missile,0-1-2,0,5,,True,True,True,0,0,1.0,0,0,0,0,False,False,,,,,,,,,0.0,,False,False,False,False,
autoregressive_ppo_order_012,learning,medium,heterogeneity_pressure,0,0,202,1,203,49,1,missile,0-1-2,1,5,,True,True,True,0,0,1.0,0,0,0,0,False,False,,,,,,,,,0.0,,False,False,False,False,
autoregressive_ppo_order_012,learning,medium,heterogeneity_pressure,0,0,202,1,203,49,2,laser,0-1-2,2,5,,True,True,True,0,0,1.0,0,0,0,0,False,False,,,,,,,,,0.0,,False,False,False,False,
autoregressive_ppo_order_120,learning,medium,medium,0,0,200,0,200,0,1,missile,1-2-0,0,3,3,False,True,True,3,0,1.0,4,4,2,0,False,True,True,0.9248442583499341,1.427710962541492,36.691465493291886,60.152557373046875,0.2572441119025735,1.3204102862897569,0.33966777144363136,0.33966777144363136,1.0,False,True,False,False,alive
autoregressive_ppo_order_120,learning,medium,medium,0,0,200,0,200,0,2,laser,1-2-0,1,5,,True,True,True,10,0,1.0,0,0,0,0,False,False,,,,,,,,,0.0,,False,False,False,False,
autoregressive_ppo_order_120,learning,medium,medium,0,0,200,0,200,0,0,missile,1-2-0,2,0,0,False,True,True,3,0,1.0,4,3,1,1,False,False,True,0.7867483246246827,1.0960476158634695,41.45283959300285,55.97111129760742,0.300534377154182,0.8623136254894624,0.2591548883480402,0.2591548883480402,1.0,False,True,False,False,alive
autoregressive_ppo_order_120,learning,medium,medium,0,0,200,0,200,1,1,missile,1-2-0,0,5,,True,True,True,2,1,1.0,0,0,0,0,False,False,,,,,,,,,0.0,,False,False,False,False,
autoregressive_ppo_order_120,learning,medium,medium,0,0,200,0,200,1,2,laser,1-2-0,1,5,,True,True,True,10,0,1.0,0,0,0,0,False,False,,,,,,,,,0.0,,False,False,False,False,
autoregressive_ppo_order_120,learning,medium,medium,0,0,200,0,200,1,0,missile,1-2-0,2,5,,True,True,True,2,1,1.0,0,0,0,0,False,False,,,,,,,,,0.0,,False,False,False,False,
autoregressive_ppo_order_120,learning,medium,medium,0,0,200,0,200,2,1,missile,1-2-0,0,3,3,False,True,True,2,0,1.0,4,4,2,0,False,True,True,0.9248442583499341,1.427710962541492,34.691465193895276,57.12697982788086,0.28856773825252763,1.3204102862897569,0.3810278098800076,0.3810278098800076,1.0,False,True,False,False,alive
autoregressive_ppo_order_120,learning,medium,medium,0,0,200,0,200,2,2,laser,1-2-0,1,5,,True,True,True,10,0,1.0,1,1,0,0,True,False,,,,,,,,,0.009662318398424132,,False,False,False,False,
autoregressive_ppo_order_120,learning,medium,medium,0,0,200,0,200,2,0,missile,1-2-0,2,0,0,False,True,True,2,0,1.0,4,3,1,1,False,False,True,0.7867483246246827,1.0960476158634695,39.452838685866574,53.30830383300781,0.3281022661994485,0.8623136254894624,0.28292705469775514,0.28292705469775514,1.0,False,True,False,False,alive
autoregressive_ppo_order_120,learning,medium,medium,0,0,200,0,200,3,1,missile,1-2-0,0,5,,True,True,True,1,1,1.0,0,0,0,0,False,False,,,,,,,,,0.0,,False,False,False,False,
autoregressive_ppo_order_120,learning,medium,medium,0,0,200,0,200,3,2,laser,1-2-0,1,5,,True,True,True,10,0,1.0,1,1,0,0,True,False,,,,,,,,,0.021355310958783732,,False,False,False,False,
autoregressive_ppo_order_120,learning,medium,medium,0,0,200,0,200,3,0,missile,1-2-0,2,5,,True,True,True,1,1,1.0,0,0,0,0,False,False,,,,,,,,,0.0,,False,False,False,False,
autoregressive_ppo_order_120,learning,medium,medium,0,0,200,0,200,4,1,missile,1-2-0,0,3,3,False,True,True,1,0,1.0,4,4,2,0,False,True,True,0.9248442583499341,1.427710962541492,32.691467365349176,54.108428955078125,0.3198186178768382,1.3204102862897569,0.42229179279155027,0.42229179279155027,1.0,False,True,False,False,alive
autoregressive_ppo_order_120,learning,medium,medium,0,0,200,0,200,4,2,laser,1-2-0,1,5,,True,True,True,10,0,1.0,1,1,0,0,True,False,,,,,,,,,0.03303166122277987,,False,False,False,False,
autoregressive_ppo_order_120,learning,medium,medium,0,0,200,0,200,4,0,missile,1-2-0,2,0,0,False,True,True,1,0,1.0,4,3,1,1,False,False,True,0.7867483246246827,1.0960476158634695,37.452837778730306,50.65064239501953,0.3556168787339154,0.8623136254894624,0.3066532799862891,0.3066532799862891,1.0,False,True,False,False,alive
autoregressive_ppo_order_120,learning,medium,medium,0,0,200,0,200,5,1,missile,1-2-0,0,5,,True,True,True,0,1,1.0,0,0,0,0,False,False,,,,,,,,,0.0,,False,False,False,False,
autoregressive_ppo_order_120,learning,medium,medium,0,0,200,0,200,5,2,laser,1-2-0,1,5,,True,True,True,10,0,1.0,1,1,0,0,True,False,,,,,,,,,0.04468958982539251,,False,False,False,False,
autoregressive_ppo_order_120,learning,medium,medium,0,0,200,0,200,5,0,missile,1-2-0,2,5,,True,True,True,0,1,1.0,0,0,0,0,False,False,,,,,,,,,0.0,,False,False,False,False,
autoregressive_ppo_order_120,learning,medium,medium,0,0,200,0,200,6,1,missile,1-2-0,0,5,,True,True,True,0,0,1.0,0,0,0,0,False,False,,,,,,,,,0.0,,False,False,False,False,
autoregressive_ppo_order_120,learning,medium,medium,0,0,200,0,200,6,2,laser,1-2-0,1,5,,True,True,True,10,0,1.0,1,1,0,0,True,False,,,,,,,,,0.056327134231673175,,False,False,False,False,
autoregressive_ppo_order_120,learning,medium,medium,0,0,200,0,200,6,0,missile,1-2-0,2,5,,True,True,True,0,0,1.0,0,0,0,0,False,False,,,,,,,,,0.0,,False,False,False,False,
autoregressive_ppo_order_120,learning,medium,medium,0,0,200,0,200,7,1,missile,1-2-0,0,5,,True,True,True,0,0,1.0,0,0,0,0,False,False,,,,,,,,,0.0,,False,False,False,False,
autoregressive_ppo_order_120,learning,medium,medium,0,0,200,0,200,7,2,laser,1-2-0,1,5,,True,True,True,10,0,1.0,1,1,0,0,True,False,,,,,,,,,0.06794196556681625,,False,False,False,False,
autoregressive_ppo_order_120,learning,medium,medium,0,0,200,0,200,7,0,missile,1-2-0,2,5,,True,True,True,0,0,1.0,0,0,0,0,False,False,,,,,,,,,0.0,,False,False,False,False,
autoregressive_ppo_order_120,learning,medium,medium,0,0,200,0,200,8,1,missile,1-2-0,0,5,,True,True,True,0,0,1.0,0,0,0,0,False,False,,,,,,,,,0.0,,False,False,False,False,
autoregressive_ppo_order_120,learning,medium,medium,0,0,200,0,200,8,2,laser,1-2-0,1,5,,True,True,True,10,0,1.0,1,1,0,0,True,False,,,,,,,,,0.07953144095042443,,False,False,False,False,
autoregressive_ppo_order_120,learning,medium,medium,0,0,200,0,200,8,0,missile,1-2-0,2,5,,True,True,True,0,0,1.0,0,0,0,0,False,False,,,,,,,,,0.0,,False,False,False,False,
autoregressive_ppo_order_120,learning,medium,medium,0,0,200,0,200,9,1,missile,1-2-0,0,5,,True,True,True,0,0,1.0,0,0,0,0,False,False,,,,,,,,,0.0,,False,False,False,False,
autoregressive_ppo_order_120,learning,medium,medium,0,0,200,0,200,9,2,laser,1-2-0,1,5,,True,True,True,10,0,1.0,1,1,0,0,True,False,,,,,,,,,0.09109247266084534,,False,False,False,False,
autoregressive_ppo_order_120,learning,medium,medium,0,0,200,0,200,9,0,missile,1-2-0,2,5,,True,True,True,0,0,1.0,0,0,0,0,False,False,,,,,,,,,0.0,,False,False,False,False,
autoregressive_ppo_order_120,learning,medium,medium,0,0,200,0,200,10,1,missile,1-2-0,0,5,,True,True,True,0,0,1.0,0,0,0,0,False,False,,,,,,,,,0.0,,False,False,False,False,
autoregressive_ppo_order_120,learning,medium,medium,0,0,200,0,200,10,2,laser,1-2-0,1,5,,True,True,True,10,0,1.0,1,1,0,0,True,False,,,,,,,,,0.10262144963377372,,False,False,False,False,
autoregressive_ppo_order_120,learning,medium,medium,0,0,200,0,200,10,0,missile,1-2-0,2,5,,True,True,True,0,0,1.0,0,0,0,0,False,False,,,,,,,,,0.0,,False,False,False,False,
autoregressive_ppo_order_120,learning,medium,medium,0,0,200,0,200,11,1,missile,1-2-0,0,5,,True,True,True,0,0,1.0,0,0,0,0,False,False,,,,,,,,,0.0,,False,False,False,False,
autoregressive_ppo_order_120,learning,medium,medium,0,0,200,0,200,11,2,laser,1-2-0,1,5,,True,True,True,10,0,1.0,1,1,0,0,True,False,,,,,,,,,0.1141141589608534,,False,False,False,False,
autoregressive_ppo_order_120,learning,medium,medium,0,0,200,0,200,11,0,missile,1-2-0,2,5,,True,True,True,0,0,1.0,0,0,0,0,False,False,,,,,,,,,0.0,,False,False,False,False,
autoregressive_ppo_order_120,learning,medium,medium,0,0,200,0,200,12,1,missile,1-2-0,0,5,,True,True,True,0,0,1.0,0,0,0,0,False,False,,,,,,,,,0.0,,False,False,False,False,
autoregressive_ppo_order_120,learning,medium,medium,0,0,200,0,200,12,2,laser,1-2-0,1,5,,True,True,True,10,0,1.0,2,2,1,0,True,False,,,,,,,,,0.12556568122114675,,False,False,False,False,
autoregressive_ppo_order_120,learning,medium,medium,0,0,200,0,200,12,0,missile,1-2-0,2,5,,True,True,True,0,0,1.0,0,0,0,0,False,False,,,,,,,,,0.0,,False,False,False,False,
autoregressive_ppo_order_120,learning,medium,medium,0,0,200,0,200,13,1,missile,1-2-0,0,5,,True,True,True,0,0,1.0,0,0,0,0,False,False,,,,,,,,,0.0,,False,False,False,False,
autoregressive_ppo_order_120,learning,medium,medium,0,0,200,0,200,13,2,laser,1-2-0,1,5,,True,True,True,10,0,1.0,3,3,2,0,True,False,,,,,,,,,0.13697007647554293,,False,False,False,False,
autoregressive_ppo_order_120,learning,medium,medium,0,0,200,0,200,13,0,missile,1-2-0,2,5,,True,True,True,0,0,1.0,0,0,0,0,False,False,,,,,,,,,0.0,,False,False,False,False,
autoregressive_ppo_order_120,learning,medium,medium,0,0,200,0,200,14,1,missile,1-2-0,0,5,,True,True,True,0,0,1.0,0,0,0,0,False,False,,,,,,,,,0.0,,False,False,False,False,
autoregressive_ppo_order_120,learning,medium,medium,0,0,200,0,200,14,2,laser,1-2-0,1,5,,True,True,True,10,0,1.0,4,4,2,0,True,False,,,,,,,,,0.14832033193249253,,False,False,False,False,
autoregressive_ppo_order_120,learning,medium,medium,0,0,200,0,200,14,0,missile,1-2-0,2,5,,True,True,True,0,0,1.0,0,0,0,0,False,False,,,,,,,,,0.0,,False,False,False,False,
autoregressive_ppo_order_120,learning,medium,medium,0,0,200,0,200,15,1,missile,1-2-0,0,5,,True,True,True,0,0,1.0,0,0,0,0,False,False,,,,,,,,,0.0,,False,False,False,False,
autoregressive_ppo_order_120,learning,medium,medium,0,0,200,0,200,15,2,laser,1-2-0,1,5,,True,True,True,10,0,1.0,4,4,2,0,True,False,,,,,,,,,0.1596079694410179,,False,False,False,False,
autoregressive_ppo_order_120,learning,medium,medium,0,0,200,0,200,15,0,missile,1-2-0,2,5,,True,True,True,0,0,1.0,0,0,0,0,False,False,,,,,,,,,0.0,,False,False,False,False,
autoregressive_ppo_order_120,learning,medium,medium,0,0,200,0,200,16,1,missile,1-2-0,0,5,,True,True,True,0,0,1.0,0,0,0,0,False,False,,,,,,,,,0.0,,False,False,False,False,
autoregressive_ppo_order_120,learning,medium,medium,0,0,200,0,200,16,2,laser,1-2-0,1,5,,True,True,True,10,0,1.0,4,4,2,0,True,False,,,,,,,,,0.17082270531798882,,False,False,False,False,
autoregressive_ppo_order_120,learning,medium,medium,0,0,200,0,200,16,0,missile,1-2-0,2,5,,True,True,True,0,0,1.0,0,0,0,0,False,False,,,,,,,,,0.0,,False,False,False,False,
autoregressive_ppo_order_120,learning,medium,medium,0,0,200,0,200,17,1,missile,1-2-0,0,5,,True,True,True,0,0,1.0,0,0,0,0,False,False,,,,,,,,,0.0,,False,False,False,False,
autoregressive_ppo_order_120,learning,medium,medium,0,0,200,0,200,17,2,laser,1-2-0,1,5,,True,True,True,10,0,1.0,4,4,2,0,True,False,,,,,,,,,0.18195199242330104,,False,False,False,False,
autoregressive_ppo_order_120,learning,medium,medium,0,0,200,0,200,17,0,missile,1-2-0,2,5,,True,True,True,0,0,1.0,0,0,0,0,False,False,,,,,,,,,0.0,,False,False,False,False,
autoregressive_ppo_order_120,learning,medium,medium,0,0,200,0,200,18,1,missile,1-2-0,0,5,,True,True,True,0,0,1.0,0,0,0,0,False,False,,,,,,,,,0.0,,False,False,False,False,
autoregressive_ppo_order_120,learning,medium,medium,0,0,200,0,200,18,2,laser,1-2-0,1,5,,True,True,True,10,0,1.0,4,4,2,0,True,False,,,,,,,,,0.19298036598156026,,False,False,False,False,
autoregressive_ppo_order_120,learning,medium,medium,0,0,200,0,200,18,0,missile,1-2-0,2,5,,True,True,True,0,0,1.0,0,0,0,0,False,False,,,,,,,,,0.0,,False,False,False,False,
autoregressive_ppo_order_120,learning,medium,medium,0,0,200,0,200,19,1,missile,1-2-0,0,5,,True,True,True,0,0,1.0,0,0,0,0,False,False,,,,,,,,,0.0,,False,False,False,False,
autoregressive_ppo_order_120,learning,medium,medium,0,0,200,0,200,19,2,laser,1-2-0,1,5,,True,True,True,10,0,1.0,4,4,2,0,True,False,,,,,,,,,0.20388852773243932,,False,False,False,False,
autoregressive_ppo_order_120,learning,medium,medium,0,0,200,0,200,19,0,missile,1-2-0,2,5,,True,True,True,0,0,1.0,0,0,0,0,False,False,,,,,,,,,0.0,,False,False,False,False,
autoregressive_ppo_order_120,learning,medium,medium,0,0,200,0,200,20,1,missile,1-2-0,0,5,,True,True,True,0,0,1.0,0,0,0,0,False,False,,,,,,,,,0.0,,False,False,False,False,
autoregressive_ppo_order_120,learning,medium,medium,0,0,200,0,200,20,2,laser,1-2-0,1,5,,True,True,True,10,0,1.0,4,4,2,0,True,False,,,,,,,,,0.21465233849607127,,False,False,False,False,
autoregressive_ppo_order_120,learning,medium,medium,0,0,200,0,200,20,0,missile,1-2-0,2,5,,True,True,True,0,0,1.0,0,0,0,0,False,False,,,,,,,,,0.0,,False,False,False,False,
autoregressive_ppo_order_120,learning,medium,medium,0,0,200,0,200,21,1,missile,1-2-0,0,5,,True,True,True,0,0,1.0,0,0,0,0,False,False,,,,,,,,,0.0,,False,False,False,False,
autoregressive_ppo_order_120,learning,medium,medium,0,0,200,0,200,21,2,laser,1-2-0,1,5,,True,True,True,10,0,1.0,4,4,2,0,True,False,,,,,,,,,0.23421407531659097,,False,False,False,False,
autoregressive_ppo_order_120,learning,medium,medium,0,0,200,0,200,21,0,missile,1-2-0,2,5,,True,True,True,0,0,1.0,0,0,0,0,False,False,,,,,,,,,0.0,,False,False,False,False,
autoregressive_ppo_order_120,learning,medium,medium,0,0,200,0,200,22,1,missile,1-2-0,0,5,,True,True,True,0,0,1.0,0,0,0,0,False,False,,,,,,,,,0.0,,False,False,False,False,
autoregressive_ppo_order_120,learning,medium,medium,0,0,200,0,200,22,2,laser,1-2-0,1,5,,True,True,True,10,0,1.0,4,4,2,0,True,False,,,,,,,,,0.2591709279691106,,False,False,False,False,
autoregressive_ppo_order_120,learning,medium,medium,0,0,200,0,200,22,0,missile,1-2-0,2,5,,True,True,True,0,0,1.0,0,0,0,0,False,False,,,,,,,,,0.0,,False,False,False,False,
autoregressive_ppo_order_120,learning,medium,medium,0,0,200,0,200,23,1,missile,1-2-0,0,5,,True,True,True,0,0,1.0,0,0,0,0,False,False,,,,,,,,,0.0,,False,False,False,False,
autoregressive_ppo_order_120,learning,medium,medium,0,0,200,0,200,23,2,laser,1-2-0,1,5,,True,True,True,10,0,1.0,4,4,2,0,True,False,,,,,,,,,0.2841076034536147,,False,False,False,False,
autoregressive_ppo_order_120,learning,medium,medium,0,0,200,0,200,23,0,missile,1-2-0,2,5,,True,True,True,0,0,1.0,0,0,0,0,False,False,,,,,,,,,0.0,,False,False,False,False,
autoregressive_ppo_order_120,learning,medium,medium,0,0,200,0,200,24,1,missile,1-2-0,0,5,,True,True,True,0,0,1.0,0,0,0,0,False,False,,,,,,,,,0.0,,False,False,False,False,
autoregressive_ppo_order_120,learning,medium,medium,0,0,200,0,200,24,2,laser,1-2-0,1,5,,True,True,True,10,0,1.0,4,4,2,0,True,False,,,,,,,,,0.30902148621128633,,False,False,False,False,
autoregressive_ppo_order_120,learning,medium,medium,0,0,200,0,200,24,0,missile,1-2-0,2,5,,True,True,True,0,0,1.0,0,0,0,0,False,False,,,,,,,,,0.0,,False,False,False,False,
autoregressive_ppo_order_120,learning,medium,medium,0,0,200,0,200,25,1,missile,1-2-0,0,5,,True,True,True,0,0,1.0,0,0,0,0,False,False,,,,,,,,,0.0,,False,False,False,False,
autoregressive_ppo_order_120,learning,medium,medium,0,0,200,0,200,25,2,laser,1-2-0,1,5,,True,True,True,10,0,1.0,4,4,2,0,True,False,,,,,,,,,0.33390958703204915,,False,False,False,False,
autoregressive_ppo_order_120,learning,medium,medium,0,0,200,0,200,25,0,missile,1-2-0,2,5,,True,True,True,0,0,1.0,0,0,0,0,False,False,,,,,,,,,0.0,,False,False,False,False,
autoregressive_ppo_order_120,learning,medium,medium,0,0,200,0,200,26,1,missile,1-2-0,0,5,,True,True,True,0,0,1.0,0,0,0,0,False,False,,,,,,,,,0.0,,False,False,False,False,
autoregressive_ppo_order_120,learning,medium,medium,0,0,200,0,200,26,2,laser,1-2-0,1,5,,True,True,True,10,0,1.0,4,4,2,0,True,False,,,,,,,,,0.35876841850414737,,False,False,False,False,
autoregressive_ppo_order_120,learning,medium,medium,0,0,200,0,200,26,0,missile,1-2-0,2,5,,True,True,True,0,0,1.0,0,0,0,0,False,False,,,,,,,,,0.0,,False,False,False,False,
autoregressive_ppo_order_120,learning,medium,medium,0,0,200,0,200,27,1,missile,1-2-0,0,5,,True,True,True,0,0,1.0,0,0,0,0,False,False,,,,,,,,,0.0,,False,False,False,False,
autoregressive_ppo_order_120,learning,medium,medium,0,0,200,0,200,27,2,laser,1-2-0,1,5,,True,True,True,10,0,1.0,4,4,2,0,True,False,,,,,,,,,0.38359359022528133,,False,False,False,False,
autoregressive_ppo_order_120,learning,medium,medium,0,0,200,0,200,27,0,missile,1-2-0,2,5,,True,True,True,0,0,1.0,0,0,0,0,False,False,,,,,,,,,0.0,,False,False,False,False,
autoregressive_ppo_order_120,learning,medium,medium,0,0,200,0,200,28,1,missile,1-2-0,0,5,,True,True,True,0,0,1.0,0,0,0,0,False,False,,,,,,,,,0.0,,False,False,False,False,
autoregressive_ppo_order_120,learning,medium,medium,0,0,200,0,200,28,2,laser,1-2-0,1,5,,True,True,True,10,0,1.0,4,4,2,0,True,False,,,,,,,,,0.4083800267658423,,False,False,False,False,
autoregressive_ppo_order_120,learning,medium,medium,0,0,200,0,200,28,0,missile,1-2-0,2,5,,True,True,True,0,0,1.0,0,0,0,0,False,False,,,,,,,,,0.0,,False,False,False,False,
autoregressive_ppo_order_120,learning,medium,medium,0,0,200,0,200,29,1,missile,1-2-0,0,5,,True,True,True,0,0,1.0,0,0,0,0,False,False,,,,,,,,,0.0,,False,False,False,False,
autoregressive_ppo_order_120,learning,medium,medium,0,0,200,0,200,29,2,laser,1-2-0,1,5,,True,True,True,10,0,1.0,4,4,2,0,True,False,,,,,,,,,0.43312159401765227,,False,False,False,False,
autoregressive_ppo_order_120,learning,medium,medium,0,0,200,0,200,29,0,missile,1-2-0,2,5,,True,True,True,0,0,1.0,0,0,0,0,False,False,,,,,,,,,0.0,,False,False,False,False,
autoregressive_ppo_order_120,learning,medium,medium,0,0,200,0,200,30,1,missile,1-2-0,0,5,,True,True,True,0,0,1.0,0,0,0,0,False,False,,,,,,,,,0.0,,False,False,False,False,
autoregressive_ppo_order_120,learning,medium,medium,0,0,200,0,200,30,2,laser,1-2-0,1,5,,True,True,True,10,0,1.0,4,4,2,0,True,False,,,,,,,,,0.4578106944051009,,False,False,False,False,
autoregressive_ppo_order_120,learning,medium,medium,0,0,200,0,200,30,0,missile,1-2-0,2,5,,True,True,True,0,0,1.0,0,0,0,0,False,False,,,,,,,,,0.0,,False,False,False,False,
autoregressive_ppo_order_120,learning,medium,medium,0,0,200,0,200,31,1,missile,1-2-0,0,5,,True,True,True,0,0,1.0,0,0,0,0,False,False,,,,,,,,,0.0,,False,False,False,False,
autoregressive_ppo_order_120,learning,medium,medium,0,0,200,0,200,31,2,laser,1-2-0,1,5,,True,True,True,10,0,1.0,4,4,2,0,True,False,,,,,,,,,0.48243792437148925,,False,False,False,False,
autoregressive_ppo_order_120,learning,medium,medium,0,0,200,0,200,31,0,missile,1-2-0,2,5,,True,True,True,0,0,1.0,0,0,0,0,False,False,,,,,,,,,0.0,,False,False,False,False,
autoregressive_ppo_order_120,learning,medium,medium,0,0,200,0,200,32,1,missile,1-2-0,0,5,,True,True,True,0,0,1.0,0,0,0,0,False,False,,,,,,,,,0.0,,False,False,False,False,
autoregressive_ppo_order_120,learning,medium,medium,0,0,200,0,200,32,2,laser,1-2-0,1,5,,True,True,True,10,0,1.0,4,4,2,0,True,False,,,,,,,,,0.5069916384525617,,False,False,False,False,
autoregressive_ppo_order_120,learning,medium,medium,0,0,200,0,200,32,0,missile,1-2-0,2,5,,True,True,True,0,0,1.0,0,0,0,0,False,False,,,,,,,,,0.0,,False,False,False,False,
autoregressive_ppo_order_120,learning,medium,medium,0,0,200,0,200,33,1,missile,1-2-0,0,5,,True,True,True,0,0,1.0,0,0,0,0,False,False,,,,,,,,,0.0,,False,False,False,False,
autoregressive_ppo_order_120,learning,medium,medium,0,0,200,0,200,33,2,laser,1-2-0,1,5,,True,True,True,10,0,1.0,4,4,2,0,True,False,,,,,,,,,0.5314570462859608,,False,False,False,False,
autoregressive_ppo_order_120,learning,medium,medium,0,0,200,0,200,33,0,missile,1-2-0,2,5,,True,True,True,0,0,1.0,0,0,0,0,False,False,,,,,,,,,0.0,,False,False,False,False,
autoregressive_ppo_order_120,learning,medium,medium,0,0,200,0,200,34,1,missile,1-2-0,0,5,,True,True,True,0,0,1.0,0,0,0,0,False,False,,,,,,,,,0.0,,False,False,False,False,
autoregressive_ppo_order_120,learning,medium,medium,0,0,200,0,200,34,2,laser,1-2-0,1,5,,True,True,True,10,0,1.0,3,3,2,0,True,False,,,,,,,,,0.5558151850702647,,False,False,False,False,
autoregressive_ppo_order_120,learning,medium,medium,0,0,200,0,200,34,0,missile,1-2-0,2,5,,True,True,True,0,0,1.0,0,0,0,0,False,False,,,,,,,,,0.0,,False,False,False,False,
autoregressive_ppo_order_120,learning,medium,medium,0,0,200,0,200,35,1,missile,1-2-0,0,5,,True,True,True,0,0,1.0,0,0,0,0,False,False,,,,,,,,,0.0,,False,False,False,False,
autoregressive_ppo_order_120,learning,medium,medium,0,0,200,0,200,35,2,laser,1-2-0,1,5,,True,True,True,10,0,1.0,3,3,2,0,True,False,,,,,,,,,0.5800413938223433,,False,False,False,False,
autoregressive_ppo_order_120,learning,medium,medium,0,0,200,0,200,35,0,missile,1-2-0,2,5,,True,True,True,0,0,1.0,0,0,0,0,False,False,,,,,,,,,0.0,,False,False,False,False,
autoregressive_ppo_order_120,learning,medium,medium,0,0,200,0,200,36,1,missile,1-2-0,0,5,,True,True,True,0,0,1.0,0,0,0,0,False,False,,,,,,,,,0.0,,False,False,False,False,
autoregressive_ppo_order_120,learning,medium,medium,0,0,200,0,200,36,2,laser,1-2-0,1,5,,True,True,True,10,0,1.0,3,3,2,0,True,False,,,,,,,,,0.6041030714698008,,False,False,False,False,
autoregressive_ppo_order_120,learning,medium,medium,0,0,200,0,200,36,0,missile,1-2-0,2,5,,True,True,True,0,0,1.0,0,0,0,0,False,False,,,,,,,,,0.0,,False,False,False,False,
autoregressive_ppo_order_120,learning,medium,medium,0,0,200,0,200,37,1,missile,1-2-0,0,5,,True,True,True,0,0,1.0,0,0,0,0,False,False,,,,,,,,,0.0,,False,False,False,False,
autoregressive_ppo_order_120,learning,medium,medium,0,0,200,0,200,37,2,laser,1-2-0,1,5,,True,True,True,10,0,1.0,2,2,1,0,True,False,,,,,,,,,0.3395525318609927,,False,False,False,False,
autoregressive_ppo_order_120,learning,medium,medium,0,0,200,0,200,37,0,missile,1-2-0,2,5,,True,True,True,0,0,1.0,0,0,0,0,False,False,,,,,,,,,0.0,,False,False,False,False,
autoregressive_ppo_order_120,learning,medium,medium,0,0,200,0,200,38,1,missile,1-2-0,0,5,,True,True,True,0,0,1.0,0,0,0,0,False,False,,,,,,,,,0.0,,False,False,False,False,
autoregressive_ppo_order_120,learning,medium,medium,0,0,200,0,200,38,2,laser,1-2-0,1,5,,True,True,True,10,0,1.0,2,2,1,0,True,False,,,,,,,,,0.35381834295075665,,False,False,False,False,
autoregressive_ppo_order_120,learning,medium,medium,0,0,200,0,200,38,0,missile,1-2-0,2,5,,True,True,True,0,0,1.0,0,0,0,0,False,False,,,,,,,,,0.0,,False,False,False,False,
autoregressive_ppo_order_120,learning,medium,medium,0,0,200,0,200,39,1,missile,1-2-0,0,5,,True,True,True,0,0,1.0,0,0,0,0,False,False,,,,,,,,,0.0,,False,False,False,False,
autoregressive_ppo_order_120,learning,medium,medium,0,0,200,0,200,39,2,laser,1-2-0,1,5,,True,True,True,10,0,1.0,2,2,1,0,True,False,,,,,,,,,0.36805950816935523,,False,False,False,False,
autoregressive_ppo_order_120,learning,medium,medium,0,0,200,0,200,39,0,missile,1-2-0,2,5,,True,True,True,0,0,1.0,0,0,0,0,False,False,,,,,,,,,0.0,,False,False,False,False,
autoregressive_ppo_order_120,learning,medium,medium,0,0,200,0,200,40,1,missile,1-2-0,0,5,,True,True,True,0,0,1.0,0,0,0,0,False,False,,,,,,,,,0.0,,False,False,False,False,
autoregressive_ppo_order_120,learning,medium,medium,0,0,200,0,200,40,2,laser,1-2-0,1,5,,True,True,True,10,0,1.0,2,2,1,0,True,False,,,,,,,,,0.38227086245798,,False,False,False,False,
autoregressive_ppo_order_120,learning,medium,medium,0,0,200,0,200,40,0,missile,1-2-0,2,5,,True,True,True,0,0,1.0,0,0,0,0,False,False,,,,,,,,,0.0,,False,False,False,False,
autoregressive_ppo_order_120,learning,medium,medium,0,0,200,0,200,41,1,missile,1-2-0,0,5,,True,True,True,0,0,1.0,0,0,0,0,False,False,,,,,,,,,0.0,,False,False,False,False,
autoregressive_ppo_order_120,learning,medium,medium,0,0,200,0,200,41,2,laser,1-2-0,1,5,,True,True,True,10,0,1.0,2,2,1,0,True,False,,,,,,,,,0.39644567497227795,,False,False,False,False,
autoregressive_ppo_order_120,learning,medium,medium,0,0,200,0,200,41,0,missile,1-2-0,2,5,,True,True,True,0,0,1.0,0,0,0,0,False,False,,,,,,,,,0.0,,False,False,False,False,
autoregressive_ppo_order_120,learning,medium,medium,0,0,200,1,201,0,1,missile,1-2-0,0,3,3,False,True,True,3,0,1.0,1,1,0,0,False,False,True,0.5939248897246268,1.0560114460312169,79.39720975255904,76.20124816894531,0.09109296013327205,0.5017531853056273,0.04570618290578777,0.04570618290578777,1.0,False,True,True,True,intercepted
autoregressive_ppo_order_120,learning,medium,medium,0,0,200,1,201,0,2,laser,1-2-0,1,5,,True,True,True,10,0,1.0,0,0,0,0,False,False,,,,,,,,,0.0,,False,False,False,False,
autoregressive_ppo_order_120,learning,medium,medium,0,0,200,1,201,0,0,missile,1-2-0,2,0,0,False,True,True,3,0,1.0,4,3,1,1,False,True,True,0.8420367132471509,1.0677337632844333,34.12793088782051,67.90534210205078,0.17697998764935663,0.8990710286590357,0.15911757954797048,0.15911757954797048,1.0,False,True,False,False,alive
autoregressive_ppo_order_120,learning,medium,medium,0,0,200,1,201,1,1,missile,1-2-0,0,5,,True,True,True,2,1,1.0,0,0,0,0,False,False,,,,,,,,,0.0,,False,False,False,False,
autoregressive_ppo_order_120,learning,medium,medium,0,0,200,1,201,1,2,laser,1-2-0,1,5,,True,True,True,10,0,1.0,0,0,0,0,False,False,,,,,,,,,0.0,,False,False,False,False,
autoregressive_ppo_order_120,learning,medium,medium,0,0,200,1,201,1,0,missile,1-2-0,2,5,,True,True,True,2,1,1.0,0,0,0,0,False,False,,,,,,,,,0.0,,False,False,False,False,
autoregressive_ppo_order_120,learning,medium,medium,0,0,200,1,201,2,1,missile,1-2-0,0,5,,True,True,True,2,0,1.0,1,1,0,0,True,False,,,,,,,,,0.028101603062812956,,False,False,False,False,
autoregressive_ppo_order_120,learning,medium,medium,0,0,200,1,201,2,2,laser,1-2-0,1,5,,True,True,True,10,0,1.0,0,0,0,0,False,False,,,,,,,,,0.0,,False,False,False,False,
autoregressive_ppo_order_120,learning,medium,medium,0,0,200,1,201,2,0,missile,1-2-0,2,0,0,False,True,True,2,0,1.0,3,3,1,0,False,True,True,0.8420367132471509,1.0677337632844333,32.127931135059406,63.54124450683594,0.2221612333409926,0.8990710286590357,0.19973872858804628,0.19973872858804628,1.0,False,True,False,False,alive
autoregressive_ppo_order_120,learning,medium,medium,0,0,200,1,201,3,1,missile,1-2-0,0,4,4,False,True,True,2,0,1.0,4,4,1,0,False,False,True,0.7635933491692442,0.6032991888208661,33.43640687773771,83.27801513671875,0.017827607996323484,0.3685401985142507,0.006570190189999299,0.04788648767649134,0.13720342645269362,False,True,False,False,alive
autoregressive_ppo_order_120,learning,medium,medium,0,0,200,1,201,3,2,laser,1-2-0,1,5,,True,True,True,10,0,1.0,0,0,0,0,False,False,,,,,,,,,0.0,,False,False,False,False,
autoregressive_ppo_order_120,learning,medium,medium,0,0,200,1,201,3,0,missile,1-2-0,2,5,,True,True,True,1,1,1.0,0,0,0,0,False,False,,,,,,,,,0.0,,False,False,False,False,
autoregressive_ppo_order_120,learning,medium,medium,0,0,200,1,201,4,1,missile,1-2-0,0,5,,True,True,True,1,1,1.0,0,0,0,0,False,False,,,,,,,,,0.0,,False,False,False,False,
autoregressive_ppo_order_120,learning,medium,medium,0,0,200,1,201,4,2,laser,1-2-0,1,5,,True,True,True,10,0,1.0,0,0,0,0,False,False,,,,,,,,,0.0,,False,False,False,False,
autoregressive_ppo_order_120,learning,medium,medium,0,0,200,1,201,4,0,missile,1-2-0,2,0,0,False,True,True,1,0,1.0,3,3,1,0,False,True,True,0.8420367132471509,1.0677337632844333,30.127931382298303,59.177703857421875,0.26733671300551465,0.8990710286590357,0.24035469356019346,0.24035469356019346,1.0,False,True,False,False,alive
autoregressive_ppo_order_120,learning,medium,medium,0,0,200,1,201,5,1,missile,1-2-0,0,4,4,False,True,True,1,0,1.0,4,4,1,0,False,False,True,0.7635933491692442,0.6032991888208661,31.436403053529418,78.26152801513672,0.06976300407858455,0.3685401985142507,0.025710471372072028,0.08739042785257439,0.2942023743772601,False,True,False,False,alive
autoregressive_ppo_order_120,learning,medium,medium,0,0,200,1,201,5,2,laser,1-2-0,1,5,,True,True,True,10,0,1.0,0,0,0,0,False,False,,,,,,,,,0.0,,False,False,False,False,
autoregressive_ppo_order_120,learning,medium,medium,0,0,200,1,201,5,0,missile,1-2-0,2,5,,True,True,True,0,1,1.0,0,0,0,0,False,False,,,,,,,,,0.0,,False,False,False,False,
autoregressive_ppo_order_120,learning,medium,medium,0,0,200,1,201,6,1,missile,1-2-0,0,5,,True,True,True,0,1,1.0,0,0,0,0,False,False,,,,,,,,,0.0,,False,False,False,False,
autoregressive_ppo_order_120,learning,medium,medium,0,0,200,1,201,6,2,laser,1-2-0,1,5,,True,True,True,10,0,1.0,0,0,0,0,False,False,,,,,,,,,0.0,,False,False,False,False,
autoregressive_ppo_order_120,learning,medium,medium,0,0,200,1,201,6,0,missile,1-2-0,2,5,,True,True,True,0,0,1.0,0,0,0,0,False,False,,,,,,,,,0.0,,False,False,False,False,
autoregressive_ppo_order_120,learning,medium,medium,0,0,200,1,201,7,1,missile,1-2-0,0,5,,True,True,True,0,0,1.0,0,0,0,0,False,False,,,,,,,,,0.0,,False,False,False,False,
autoregressive_ppo_order_120,learning,medium,medium,0,0,200,1,201,7,2,laser,1-2-0,1,5,,True,True,True,10,0,1.0,0,0,0,0,False,False,,,,,,,,,0.0,,False,False,False,False,
autoregressive_ppo_order_120,learning,medium,medium,0,0,200,1,201,7,0,missile,1-2-0,2,5,,True,True,True,0,0,1.0,0,0,0,0,False,False,,,,,,,,,0.0,,False,False,False,False,
autoregressive_ppo_order_120,learning,medium,medium,0,0,200,1,201,8,1,missile,1-2-0,0,5,,True,True,True,0,0,1.0,0,0,0,0,False,False,,,,,,,,,0.0,,False,False,False,False,
autoregressive_ppo_order_120,learning,medium,medium,0,0,200,1,201,8,2,laser,1-2-0,1,5,,True,True,True,10,0,1.0,0,0,0,0,False,False,,,,,,,,,0.0,,False,False,False,False,
autoregressive_ppo_order_120,learning,medium,medium,0,0,200,1,201,8,0,missile,1-2-0,2,5,,True,True,True,0,0,1.0,0,0,0,0,False,False,,,,,,,,,0.0,,False,False,False,False,
autoregressive_ppo_order_120,learning,medium,medium,0,0,200,1,201,9,1,missile,1-2-0,0,5,,True,True,True,0,0,1.0,0,0,0,0,False,False,,,,,,,,,0.0,,False,False,False,False,
autoregressive_ppo_order_120,learning,medium,medium,0,0,200,1,201,9,2,laser,1-2-0,1,5,,True,True,True,10,0,1.0,0,0,0,0,False,False,,,,,,,,,0.0,,False,False,False,False,
autoregressive_ppo_order_120,learning,medium,medium,0,0,200,1,201,9,0,missile,1-2-0,2,5,,True,True,True,0,0,1.0,0,0,0,0,False,False,,,,,,,,,0.0,,False,False,False,False,
autoregressive_ppo_order_120,learning,medium,medium,0,0,200,1,201,10,1,missile,1-2-0,0,5,,True,True,True,0,0,1.0,0,0,0,0,False,False,,,,,,,,,0.0,,False,False,False,False,
autoregressive_ppo_order_120,learning,medium,medium,0,0,200,1,201,10,2,laser,1-2-0,1,5,,True,True,True,10,0,1.0,0,0,0,0,False,False,,,,,,,,,0.0,,False,False,False,False,
autoregressive_ppo_order_120,learning,medium,medium,0,0,200,1,201,10,0,missile,1-2-0,2,5,,True,True,True,0,0,1.0,0,0,0,0,False,False,,,,,,,,,0.0,,False,False,False,False,
autoregressive_ppo_order_120,learning,medium,medium,0,0,200,1,201,11,1,missile,1-2-0,0,5,,True,True,True,0,0,1.0,0,0,0,0,False,False,,,,,,,,,0.0,,False,False,False,False,
autoregressive_ppo_order_120,learning,medium,medium,0,0,200,1,201,11,2,laser,1-2-0,1,5,,True,True,True,10,0,1.0,0,0,0,0,False,False,,,,,,,,,0.0,,False,False,False,False,
autoregressive_ppo_order_120,learning,medium,medium,0,0,200,1,201,11,0,missile,1-2-0,2,5,,True,True,True,0,0,1.0,0,0,0,0,False,False,,,,,,,,,0.0,,False,False,False,False,
autoregressive_ppo_order_120,learning,medium,medium,0,0,200,1,201,12,1,missile,1-2-0,0,5,,True,True,True,0,0,1.0,0,0,0,0,False,False,,,,,,,,,0.0,,False,False,False,False,
autoregressive_ppo_order_120,learning,medium,medium,0,0,200,1,201,12,2,laser,1-2-0,1,5,,True,True,True,10,0,1.0,1,1,0,0,True,False,,,,,,,,,0.019025724249230477,,False,False,False,False,
autoregressive_ppo_order_120,learning,medium,medium,0,0,200,1,201,12,0,missile,1-2-0,2,5,,True,True,True,0,0,1.0,0,0,0,0,False,False,,,,,,,,,0.0,,False,False,False,False,
autoregressive_ppo_order_120,learning,medium,medium,0,0,200,1,201,13,1,missile,1-2-0,0,5,,True,True,True,0,0,1.0,0,0,0,0,False,False,,,,,,,,,0.0,,False,False,False,False,
autoregressive_ppo_order_120,learning,medium,medium,0,0,200,1,201,13,2,laser,1-2-0,1,5,,True,True,True,10,0,1.0,1,1,0,0,True,False,,,,,,,,,0.039397572747822046,,False,False,False,False,
autoregressive_ppo_order_120,learning,medium,medium,0,0,200,1,201,13,0,missile,1-2-0,2,5,,True,True,True,0,0,1.0,0,0,0,0,False,False,,,,,,,,,0.0,,False,False,False,False,
autoregressive_ppo_order_120,learning,medium,medium,0,0,200,1,201,14,1,missile,1-2-0,0,5,,True,True,True,0,0,1.0,0,0,0,0,False,False,,,,,,,,,0.0,,False,False,False,False,
autoregressive_ppo_order_120,learning,medium,medium,0,0,200,1,201,14,2,laser,1-2-0,1,5,,True,True,True,10,0,1.0,1,1,0,0,True,False,,,,,,,,,0.05936465928502111,,False,False,False,False,
autoregressive_ppo_order_120,learning,medium,medium,0,0,200,1,201,14,0,missile,1-2-0,2,5,,True,True,True,0,0,1.0,0,0,0,0,False,False,,,,,,,,,0.0,,False,False,False,False,
autoregressive_ppo_order_120,learning,medium,medium,0,0,200,1,201,15,1,missile,1-2-0,0,5,,True,True,True,0,0,1.0,0,0,0,0,False,False,,,,,,,,,0.0,,False,False,False,False,
autoregressive_ppo_order_120,learning,medium,medium,0,0,200,1,201,15,2,laser,1-2-0,1,5,,True,True,True,10,0,1.0,2,2,1,0,True,False,,,,,,,,,0.07886197369216606,,False,False,False,False,
autoregressive_ppo_order_120,learning,medium,medium,0,0,200,1,201,15,0,missile,1-2-0,2,5,,True,True,True,0,0,1.0,0,0,0,0,False,False,,,,,,,,,0.0,,False,False,False,False,
autoregressive_ppo_order_120,learning,medium,medium,0,0,200,1,201,16,1,missile,1-2-0,0,5,,True,True,True,0,0,1.0,0,0,0,0,False,False,,,,,,,,,0.0,,False,False,False,False,
autoregressive_ppo_order_120,learning,medium,medium,0,0,200,1,201,16,2,laser,1-2-0,1,5,,True,True,True,10,0,1.0,3,3,1,0,True,False,,,,,,,,,0.09781187364149657,,False,False,False,False,
autoregressive_ppo_order_120,learning,medium,medium,0,0,200,1,201,16,0,missile,1-2-0,2,5,,True,True,True,0,0,1.0,0,0,0,0,False,False,,,,,,,,,0.0,,False,False,False,False,
autoregressive_ppo_order_120,learning,medium,medium,0,0,200,1,201,17,1,missile,1-2-0,0,5,,True,True,True,0,0,1.0,0,0,0,0,False,False,,,,,,,,,0.0,,False,False,False,False,
autoregressive_ppo_order_120,learning,medium,medium,0,0,200,1,201,17,2,laser,1-2-0,1,5,,True,True,True,10,0,1.0,3,3,1,0,True,False,,,,,,,,,0.11612173374805827,,False,False,False,False,
autoregressive_ppo_order_120,learning,medium,medium,0,0,200,1,201,17,0,missile,1-2-0,2,5,,True,True,True,0,0,1.0,0,0,0,0,False,False,,,,,,,,,0.0,,False,False,False,False,
autoregressive_ppo_order_120,learning,medium,medium,0,0,200,1,201,18,1,missile,1-2-0,0,5,,True,True,True,0,0,1.0,0,0,0,0,False,False,,,,,,,,,0.0,,False,False,False,False,
autoregressive_ppo_order_120,learning,medium,medium,0,0,200,1,201,18,2,laser,1-2-0,1,5,,True,True,True,10,0,1.0,3,3,1,0,True,False,,,,,,,,,0.13368103045606486,,False,False,False,False,
autoregressive_ppo_order_120,learning,medium,medium,0,0,200,1,201,18,0,missile,1-2-0,2,5,,True,True,True,0,0,1.0,0,0,0,0,False,False,,,,,,,,,0.0,,False,False,False,False,
autoregressive_ppo_order_120,learning,medium,medium,0,0,200,1,201,19,1,missile,1-2-0,0,5,,True,True,True,0,0,1.0,0,0,0,0,False,False,,,,,,,,,0.0,,False,False,False,False,
autoregressive_ppo_order_120,learning,medium,medium,0,0,200,1,201,19,2,laser,1-2-0,1,5,,True,True,True,10,0,1.0,3,3,1,0,True,False,,,,,,,,,0.15035858365179933,,False,False,False,False,
autoregressive_ppo_order_120,learning,medium,medium,0,0,200,1,201,19,0,missile,1-2-0,2,5,,True,True,True,0,0,1.0,0,0,0,0,False,False,,,,,,,,,0.0,,False,False,False,False,
autoregressive_ppo_order_120,learning,medium,medium,0,0,200,1,201,20,1,missile,1-2-0,0,5,,True,True,True,0,0,1.0,0,0,0,0,False,False,,,,,,,,,0.0,,False,False,False,False,
autoregressive_ppo_order_120,learning,medium,medium,0,0,200,1,201,20,2,laser,1-2-0,1,5,,True,True,True,10,0,1.0,3,3,1,0,True,False,,,,,,,,,0.16600017442021076,,False,False,False,False,
autoregressive_ppo_order_120,learning,medium,medium,0,0,200,1,201,20,0,missile,1-2-0,2,5,,True,True,True,0,0,1.0,0,0,0,0,False,False,,,,,,,,,0.0,,False,False,False,False,
autoregressive_ppo_order_120,learning,medium,medium,0,0,200,1,201,21,1,missile,1-2-0,0,5,,True,True,True,0,0,1.0,0,0,0,0,False,False,,,,,,,,,0.0,,False,False,False,False,
autoregressive_ppo_order_120,learning,medium,medium,0,0,200,1,201,21,2,laser,1-2-0,1,5,,True,True,True,10,0,1.0,3,3,1,0,True,False,,,,,,,,,0.18042663298113049,,False,False,False,False,
autoregressive_ppo_order_120,learning,medium,medium,0,0,200,1,201,21,0,missile,1-2-0,2,5,,True,True,True,0,0,1.0,0,0,0,0,False,False,,,,,,,,,0.0,,False,False,False,False,
autoregressive_ppo_order_120,learning,medium,medium,0,0,200,1,201,22,1,missile,1-2-0,0,5,,True,True,True,0,0,1.0,0,0,0,0,False,False,,,,,,,,,0.0,,False,False,False,False,
autoregressive_ppo_order_120,learning,medium,medium,0,0,200,1,201,22,2,laser,1-2-0,1,5,,True,True,True,10,0,1.0,3,3,1,0,True,False,,,,,,,,,0.19343443425012255,,False,False,False,False,
autoregressive_ppo_order_120,learning,medium,medium,0,0,200,1,201,22,0,missile,1-2-0,2,5,,True,True,True,0,0,1.0,0,0,0,0,False,False,,,,,,,,,0.0,,False,False,False,False,
autoregressive_ppo_order_120,learning,medium,medium,0,0,200,1,201,23,1,missile,1-2-0,0,5,,True,True,True,0,0,1.0,0,0,0,0,False,False,,,,,,,,,0.0,,False,False,False,False,
autoregressive_ppo_order_120,learning,medium,medium,0,0,200,1,201,23,2,laser,1-2-0,1,5,,True,True,True,10,0,1.0,3,3,1,0,True,False,,,,,,,,,0.2047994906207443,,False,False,False,False,
autoregressive_ppo_order_120,learning,medium,medium,0,0,200,1,201,23,0,missile,1-2-0,2,5,,True,True,True,0,0,1.0,0,0,0,0,False,False,,,,,,,,,0.0,,False,False,False,False,
autoregressive_ppo_order_120,learning,medium,medium,0,0,200,1,201,24,1,missile,1-2-0,0,5,,True,True,True,0,0,1.0,0,0,0,0,False,False,,,,,,,,,0.0,,False,False,False,False,
autoregressive_ppo_order_120,learning,medium,medium,0,0,200,1,201,24,2,laser,1-2-0,1,5,,True,True,True,10,0,1.0,3,3,1,0,True,False,,,,,,,,,0.22705347304758325,,False,False,False,False,
autoregressive_ppo_order_120,learning,medium,medium,0,0,200,1,201,24,0,missile,1-2-0,2,5,,True,True,True,0,0,1.0,0,0,0,0,False,False,,,,,,,,,0.0,,False,False,False,False,
autoregressive_ppo_order_120,learning,medium,medium,0,0,200,1,201,25,1,missile,1-2-0,0,5,,True,True,True,0,0,1.0,0,0,0,0,False,False,,,,,,,,,0.0,,False,False,False,False,
autoregressive_ppo_order_120,learning,medium,medium,0,0,200,1,201,25,2,laser,1-2-0,1,5,,True,True,True,10,0,1.0,3,3,1,0,True,False,,,,,,,,,0.2499859751694275,,False,False,False,False,
autoregressive_ppo_order_120,learning,medium,medium,0,0,200,1,201,25,0,missile,1-2-0,2,5,,True,True,True,0,0,1.0,0,0,0,0,False,False,,,,,,,,,0.0,,False,False,False,False,
autoregressive_ppo_order_120,learning,medium,medium,0,0,200,1,201,26,1,missile,1-2-0,0,5,,True,True,True,0,0,1.0,0,0,0,0,False,False,,,,,,,,,0.0,,False,False,False,False,
autoregressive_ppo_order_120,learning,medium,medium,0,0,200,1,201,26,2,laser,1-2-0,1,5,,True,True,True,10,0,1.0,3,3,1,0,True,False,,,,,,,,,0.27273111803062317,,False,False,False,False,
autoregressive_ppo_order_120,learning,medium,medium,0,0,200,1,201,26,0,missile,1-2-0,2,5,,True,True,True,0,0,1.0,0,0,0,0,False,False,,,,,,,,,0.0,,False,False,False,False,
autoregressive_ppo_order_120,learning,medium,medium,0,0,200,1,201,27,1,missile,1-2-0,0,5,,True,True,True,0,0,1.0,0,0,0,0,False,False,,,,,,,,,0.0,,False,False,False,False,
autoregressive_ppo_order_120,learning,medium,medium,0,0,200,1,201,27,2,laser,1-2-0,1,5,,True,True,True,10,0,1.0,3,3,1,0,True,False,,,,,,,,,0.29524840641923894,,False,False,False,False,
autoregressive_ppo_order_120,learning,medium,medium,0,0,200,1,201,27,0,missile,1-2-0,2,5,,True,True,True,0,0,1.0,0,0,0,0,False,False,,,,,,,,,0.0,,False,False,False,False,
autoregressive_ppo_order_120,learning,medium,medium,0,0,200,1,201,28,1,missile,1-2-0,0,5,,True,True,True,0,0,1.0,0,0,0,0,False,False,,,,,,,,,0.0,,False,False,False,False,
autoregressive_ppo_order_120,learning,medium,medium,0,0,200,1,201,28,2,laser,1-2-0,1,5,,True,True,True,10,0,1.0,3,3,1,0,True,False,,,,,,,,,0.31748549338330684,,False,False,False,False,
autoregressive_ppo_order_120,learning,medium,medium,0,0,200,1,201,28,0,missile,1-2-0,2,5,,True,True,True,0,0,1.0,0,0,0,0,False,False,,,,,,,,,0.0,,False,False,False,False,
autoregressive_ppo_order_120,learning,medium,medium,0,0,200,1,201,29,1,missile,1-2-0,0,5,,True,True,True,0,0,1.0,0,0,0,0,False,False,,,,,,,,,0.0,,False,False,False,False,
autoregressive_ppo_order_120,learning,medium,medium,0,0,200,1,201,29,2,laser,1-2-0,1,5,,True,True,True,10,0,1.0,3,3,1,0,True,False,,,,,,,,,0.3393736218692698,,False,False,False,False,
autoregressive_ppo_order_120,learning,medium,medium,0,0,200,1,201,29,0,missile,1-2-0,2,5,,True,True,True,0,0,1.0,0,0,0,0,False,False,,,,,,,,,0.0,,False,False,False,False,
autoregressive_ppo_order_120,learning,medium,medium,0,0,200,1,201,30,1,missile,1-2-0,0,5,,True,True,True,0,0,1.0,0,0,0,0,False,False,,,,,,,,,0.0,,False,False,False,False,
autoregressive_ppo_order_120,learning,medium,medium,0,0,200,1,201,30,2,laser,1-2-0,1,5,,True,True,True,10,0,1.0,3,3,1,0,True,False,,,,,,,,,0.3608213278225352,,False,False,False,False,
autoregressive_ppo_order_120,learning,medium,medium,0,0,200,1,201,30,0,missile,1-2-0,2,5,,True,True,True,0,0,1.0,0,0,0,0,False,False,,,,,,,,,0.0,,False,False,False,False,
autoregressive_ppo_order_120,learning,medium,medium,0,0,200,1,201,31,1,missile,1-2-0,0,5,,True,True,True,0,0,1.0,0,0,0,0,False,False,,,,,,,,,0.0,,False,False,False,False,
autoregressive_ppo_order_120,learning,medium,medium,0,0,200,1,201,31,2,laser,1-2-0,1,5,,True,True,True,10,0,1.0,4,4,1,0,True,False,,,,,,,,,0.381705196254279,,False,False,False,False,
autoregressive_ppo_order_120,learning,medium,medium,0,0,200,1,201,31,0,missile,1-2-0,2,5,,True,True,True,0,0,1.0,0,0,0,0,False,False,,,,,,,,,0.0,,False,False,False,False,
autoregressive_ppo_order_120,learning,medium,medium,0,0,200,1,201,32,1,missile,1-2-0,0,5,,True,True,True,0,0,1.0,0,0,0,0,False,False,,,,,,,,,0.0,,False,False,False,False,
autoregressive_ppo_order_120,learning,medium,medium,0,0,200,1,201,32,2,laser,1-2-0,1,5,,True,True,True,10,0,1.0,3,3,1,0,True,False,,,,,,,,,0.40185654658537745,,False,False,False,False,
autoregressive_ppo_order_120,learning,medium,medium,0,0,200,1,201,32,0,missile,1-2-0,2,5,,True,True,True,0,0,1.0,0,0,0,0,False,False,,,,,,,,,0.0,,False,False,False,False,
autoregressive_ppo_order_120,learning,medium,medium,0,0,200,1,201,33,1,missile,1-2-0,0,5,,True,True,True,0,0,1.0,0,0,0,0,False,False,,,,,,,,,0.0,,False,False,False,False,
autoregressive_ppo_order_120,learning,medium,medium,0,0,200,1,201,33,2,laser,1-2-0,1,5,,True,True,True,10,0,1.0,3,3,1,0,True,False,,,,,,,,,0.42104256314974686,,False,False,False,False,
autoregressive_ppo_order_120,learning,medium,medium,0,0,200,1,201,33,0,missile,1-2-0,2,5,,True,True,True,0,0,1.0,0,0,0,0,False,False,,,,,,,,,0.0,,False,False,False,False,
autoregressive_ppo_order_120,learning,medium,medium,0,0,200,1,201,34,1,missile,1-2-0,0,5,,True,True,True,0,0,1.0,0,0,0,0,False,False,,,,,,,,,0.0,,False,False,False,False,
autoregressive_ppo_order_120,learning,medium,medium,0,0,200,1,201,34,2,laser,1-2-0,1,5,,True,True,True,10,0,1.0,3,3,1,0,True,False,,,,,,,,,0.43894071536544615,,False,False,False,False,
autoregressive_ppo_order_120,learning,medium,medium,0,0,200,1,201,34,0,missile,1-2-0,2,5,,True,True,True,0,0,1.0,0,0,0,0,False,False,,,,,,,,,0.0,,False,False,False,False,
autoregressive_ppo_order_120,learning,medium,medium,0,0,200,1,201,35,1,missile,1-2-0,0,5,,True,True,True,0,0,1.0,0,0,0,0,False,False,,,,,,,,,0.0,,False,False,False,False,
autoregressive_ppo_order_120,learning,medium,medium,0,0,200,1,201,35,2,laser,1-2-0,1,5,,True,True,True,10,0,1.0,2,2,0,0,True,False,,,,,,,,,0.11612889908750022,,False,False,False,False,
autoregressive_ppo_order_120,learning,medium,medium,0,0,200,1,201,35,0,missile,1-2-0,2,5,,True,True,True,0,0,1.0,0,0,0,0,False,False,,,,,,,,,0.0,,False,False,False,False,
autoregressive_ppo_order_120,learning,medium,medium,0,0,200,1,201,36,1,missile,1-2-0,0,5,,True,True,True,0,0,1.0,0,0,0,0,False,False,,,,,,,,,0.0,,False,False,False,False,
autoregressive_ppo_order_120,learning,medium,medium,0,0,200,1,201,36,2,laser,1-2-0,1,5,,True,True,True,10,0,1.0,2,2,0,0,True,False,,,,,,,,,0.1146529444042323,,False,False,False,False,
autoregressive_ppo_order_120,learning,medium,medium,0,0,200,1,201,36,0,missile,1-2-0,2,5,,True,True,True,0,0,1.0,0,0,0,0,False,False,,,,,,,,,0.0,,False,False,False,False,
autoregressive_ppo_order_120,learning,medium,medium,0,0,200,1,201,37,1,missile,1-2-0,0,5,,True,True,True,0,0,1.0,0,0,0,0,False,False,,,,,,,,,0.0,,False,False,False,False,
autoregressive_ppo_order_120,learning,medium,medium,0,0,200,1,201,37,2,laser,1-2-0,1,5,,True,True,True,10,0,1.0,1,1,0,0,True,False,,,,,,,,,0.03611850897434382,,False,False,False,False,
autoregressive_ppo_order_120,learning,medium,medium,0,0,200,1,201,37,0,missile,1-2-0,2,5,,True,True,True,0,0,1.0,0,0,0,0,False,False,,,,,,,,,0.0,,False,False,False,False,
autoregressive_ppo_order_120,learning,medium,medium,0,0,200,1,201,38,1,missile,1-2-0,0,5,,True,True,True,0,0,1.0,0,0,0,0,False,False,,,,,,,,,0.0,,False,False,False,False,
autoregressive_ppo_order_120,learning,medium,medium,0,0,200,1,201,38,2,laser,1-2-0,1,5,,True,True,True,10,0,1.0,1,1,0,0,True,False,,,,,,,,,0.04172889796618693,,False,False,False,False,
autoregressive_ppo_order_120,learning,medium,medium,0,0,200,1,201,38,0,missile,1-2-0,2,5,,True,True,True,0,0,1.0,0,0,0,0,False,False,,,,,,,,,0.0,,False,False,False,False,
autoregressive_ppo_order_120,learning,medium,medium,0,0,200,1,201,39,1,missile,1-2-0,0,5,,True,True,True,0,0,1.0,0,0,0,0,False,False,,,,,,,,,0.0,,False,False,False,False,
autoregressive_ppo_order_120,learning,medium,medium,0,0,200,1,201,39,2,laser,1-2-0,1,5,,True,True,True,10,0,1.0,1,1,0,0,True,False,,,,,,,,,0.0472864488472783,,False,False,False,False,
autoregressive_ppo_order_120,learning,medium,medium,0,0,200,1,201,39,0,missile,1-2-0,2,5,,True,True,True,0,0,1.0,0,0,0,0,False,False,,,,,,,,,0.0,,False,False,False,False,
autoregressive_ppo_order_120,learning,medium,medium,0,0,200,1,201,40,1,missile,1-2-0,0,5,,True,True,True,0,0,1.0,0,0,0,0,False,False,,,,,,,,,0.0,,False,False,False,False,
autoregressive_ppo_order_120,learning,medium,medium,0,0,200,1,201,40,2,laser,1-2-0,1,5,,True,True,True,10,0,1.0,1,1,0,0,True,False,,,,,,,,,0.052786281250245565,,False,False,False,False,
autoregressive_ppo_order_120,learning,medium,medium,0,0,200,1,201,40,0,missile,1-2-0,2,5,,True,True,True,0,0,1.0,0,0,0,0,False,False,,,,,,,,,0.0,,False,False,False,False,
autoregressive_ppo_order_120,learning,medium,medium,0,0,200,1,201,41,1,missile,1-2-0,0,5,,True,True,True,0,0,1.0,0,0,0,0,False,False,,,,,,,,,0.0,,False,False,False,False,
autoregressive_ppo_order_120,learning,medium,medium,0,0,200,1,201,41,2,laser,1-2-0,1,5,,True,True,True,10,0,1.0,1,1,0,0,True,False,,,,,,,,,0.05822301050308779,,False,False,False,False,
autoregressive_ppo_order_120,learning,medium,medium,0,0,200,1,201,41,0,missile,1-2-0,2,5,,True,True,True,0,0,1.0,0,0,0,0,False,False,,,,,,,,,0.0,,False,False,False,False,
autoregressive_ppo_order_120,learning,medium,medium,0,0,200,1,201,42,1,missile,1-2-0,0,5,,True,True,True,0,0,1.0,0,0,0,0,False,False,,,,,,,,,0.0,,False,False,False,False,
autoregressive_ppo_order_120,learning,medium,medium,0,0,200,1,201,42,2,laser,1-2-0,1,5,,True,True,True,10,0,1.0,1,1,0,0,True,False,,,,,,,,,0.06359061748604576,,False,False,False,False,
autoregressive_ppo_order_120,learning,medium,medium,0,0,200,1,201,42,0,missile,1-2-0,2,5,,True,True,True,0,0,1.0,0,0,0,0,False,False,,,,,,,,,0.0,,False,False,False,False,
autoregressive_ppo_order_120,learning,medium,medium,0,0,200,1,201,43,1,missile,1-2-0,0,5,,True,True,True,0,0,1.0,0,0,0,0,False,False,,,,,,,,,0.0,,False,False,False,False,
autoregressive_ppo_order_120,learning,medium,medium,0,0,200,1,201,43,2,laser,1-2-0,1,5,,True,True,True,10,0,1.0,1,1,0,0,True,False,,,,,,,,,0.06888236729214554,,False,False,False,False,
autoregressive_ppo_order_120,learning,medium,medium,0,0,200,1,201,43,0,missile,1-2-0,2,5,,True,True,True,0,0,1.0,0,0,0,0,False,False,,,,,,,,,0.0,,False,False,False,False,
autoregressive_ppo_order_120,learning,medium,medium,0,0,200,1,201,44,1,missile,1-2-0,0,5,,True,True,True,0,0,1.0,0,0,0,0,False,False,,,,,,,,,0.0,,False,False,False,False,
autoregressive_ppo_order_120,learning,medium,medium,0,0,200,1,201,44,2,laser,1-2-0,1,5,,True,True,True,10,0,1.0,1,1,0,0,True,False,,,,,,,,,0.07409076042352493,,False,False,False,False,
autoregressive_ppo_order_120,learning,medium,medium,0,0,200,1,201,44,0,missile,1-2-0,2,5,,True,True,True,0,0,1.0,0,0,0,0,False,False,,,,,,,,,0.0,,False,False,False,False,
autoregressive_ppo_order_120,learning,medium,medium,0,0,200,1,201,45,1,missile,1-2-0,0,5,,True,True,True,0,0,1.0,0,0,0,0,False,False,,,,,,,,,0.0,,False,False,False,False,
autoregressive_ppo_order_120,learning,medium,medium,0,0,200,1,201,45,2,laser,1-2-0,1,5,,True,True,True,10,0,1.0,1,1,0,0,True,False,,,,,,,,,0.07920743518408584,,False,False,False,False,
autoregressive_ppo_order_120,learning,medium,medium,0,0,200,1,201,45,0,missile,1-2-0,2,5,,True,True,True,0,0,1.0,0,0,0,0,False,False,,,,,,,,,0.0,,False,False,False,False,
autoregressive_ppo_order_120,learning,medium,medium,0,0,200,1,201,46,1,missile,1-2-0,0,5,,True,True,True,0,0,1.0,0,0,0,0,False,False,,,,,,,,,0.0,,False,False,False,False,
autoregressive_ppo_order_120,learning,medium,medium,0,0,200,1,201,46,2,laser,1-2-0,1,5,,True,True,True,10,0,1.0,1,1,0,0,True,False,,,,,,,,,0.08422298873269086,,False,False,False,False,
autoregressive_ppo_order_120,learning,medium,medium,0,0,200,1,201,46,0,missile,1-2-0,2,5,,True,True,True,0,0,1.0,0,0,0,0,False,False,,,,,,,,,0.0,,False,False,False,False,
autoregressive_ppo_order_120,learning,medium,medium,0,0,200,1,201,47,1,missile,1-2-0,0,5,,True,True,True,0,0,1.0,0,0,0,0,False,False,,,,,,,,,0.0,,False,False,False,False,
autoregressive_ppo_order_120,learning,medium,medium,0,0,200,1,201,47,2,laser,1-2-0,1,5,,True,True,True,10,0,1.0,1,1,0,0,True,False,,,,,,,,,0.08912699335105426,,False,False,False,False,
autoregressive_ppo_order_120,learning,medium,medium,0,0,200,1,201,47,0,missile,1-2-0,2,5,,True,True,True,0,0,1.0,0,0,0,0,False,False,,,,,,,,,0.0,,False,False,False,False,
autoregressive_ppo_order_120,learning,medium,heterogeneity_pressure,0,0,202,0,202,0,1,missile,1-2-0,0,4,4,False,True,True,3,0,1.0,3,3,0,0,False,False,True,0.6901483791655325,0.9623160568291025,32.26871955017745,63.89311981201172,0.08782453536987304,0.5313126934924572,0.046662290442090824,0.08232812886067657,0.5667842946006602,False,True,False,False,alive
autoregressive_ppo_order_120,learning,medium,heterogeneity_pressure,0,0,202,0,202,0,2,laser,1-2-0,1,5,,True,True,True,10,0,1.0,0,0,0,0,False,False,,,,,,,,,0.0,,False,False,False,False,
autoregressive_ppo_order_120,learning,medium,heterogeneity_pressure,0,0,202,0,202,0,0,missile,1-2-0,2,0,0,False,True,True,3,0,1.0,5,4,1,1,False,False,True,0.6502129956054978,0.9961275639914976,36.897186171971086,81.48063659667969,0.1074804521643597,0.6476950873881189,0.06961456085710949,0.29847479625798334,0.23323430229244188,False,True,False,False,alive
autoregressive_ppo_order_120,learning,medium,heterogeneity_pressure,0,0,202,0,202,1,1,missile,1-2-0,0,5,,True,True,True,2,1,1.0,0,0,0,0,False,False,,,,,,,,,0.0,,False,False,False,False,
autoregressive_ppo_order_120,learning,medium,heterogeneity_pressure,0,0,202,0,202,1,2,laser,1-2-0,1,5,,True,True,True,10,0,1.0,0,0,0,0,False,False,,,,,,,,,0.0,,False,False,False,False,
autoregressive_ppo_order_120,learning,medium,heterogeneity_pressure,0,0,202,0,202,1,0,missile,1-2-0,2,5,,True,True,True,2,1,1.0,0,0,0,0,False,False,,,,,,,,,0.0,,False,False,False,False,
autoregressive_ppo_order_120,learning,medium,heterogeneity_pressure,0,0,202,0,202,2,1,missile,1-2-0,0,3,3,False,True,True,2,0,1.0,4,4,1,0,False,True,True,0.8496938561098759,1.0454458491252259,22.88558131794821,67.29353332519531,0.050986722310384106,0.8883089148972767,0.04529195996970607,0.13398797694358336,0.33803003077489996,False,True,False,False,alive
autoregressive_ppo_order_120,learning,medium,heterogeneity_pressure,0,0,202,0,202,2,2,laser,1-2-0,1,5,,True,True,True,10,0,1.0,0,0,0,0,False,False,,,,,,,,,0.0,,False,False,False,False,
autoregressive_ppo_order_120,learning,medium,heterogeneity_pressure,0,0,202,0,202,2,0,missile,1-2-0,2,0,0,False,True,True,2,0,1.0,5,4,0,1,False,False,True,0.6502129956054978,0.9961275639914976,34.8971914349558,76.73725128173828,0.1559454760344132,0.6476950873881189,0.10100511872789106,0.27277841210461506,0.3702826699099411,False,True,False,False,alive
autoregressive_ppo_order_120,learning,medium,heterogeneity_pressure,0,0,202,0,202,3,1,missile,1-2-0,0,5,,True,True,True,1,1,1.0,0,0,0,0,False,False,,,,,,,,,0.0,,False,False,False,False,
autoregressive_ppo_order_120,learning,medium,heterogeneity_pressure,0,0,202,0,202,3,2,laser,1-2-0,1,5,,True,True,True,10,0,1.0,0,0,0,0,False,False,,,,,,,,,0.0,,False,False,False,False,
autoregressive_ppo_order_120,learning,medium,heterogeneity_pressure,0,0,202,0,202,3,0,missile,1-2-0,2,5,,True,True,True,1,1,1.0,0,0,0,0,False,False,,,,,,,,,0.0,,False,False,False,False,
autoregressive_ppo_order_120,learning,medium,heterogeneity_pressure,0,0,202,0,202,4,1,missile,1-2-0,0,3,3,False,True,True,1,0,1.0,4,4,1,0,False,True,True,0.8496938561098759,1.0454458491252259,20.885582786665008,62.545799255371094,0.10242050806681313,0.8883089148972767,0.09098105038405854,0.1854823002496965,0.49051068625728567,False,True,False,False,alive
autoregressive_ppo_order_120,learning,medium,heterogeneity_pressure,0,0,202,0,202,4,2,laser,1-2-0,1,5,,True,True,True,10,0,1.0,1,1,0,0,True,False,,,,,,,,,0.005119799512264171,,False,False,False,False,
autoregressive_ppo_order_120,learning,medium,heterogeneity_pressure,0,0,202,0,202,4,0,missile,1-2-0,2,0,0,False,True,True,1,0,1.0,5,4,0,1,False,False,True,0.6502129956054978,0.9961275639914976,32.89719348554137,71.99473571777344,0.2044016133184018,0.6476950873881189,0.13238992080053472,0.2917494169387629,0.4537795557216927,False,True,False,False,alive
autoregressive_ppo_order_120,learning,medium,heterogeneity_pressure,0,0,202,0,202,5,1,missile,1-2-0,0,5,,True,True,True,0,1,1.0,0,0,0,0,False,False,,,,,,,,,0.0,,False,False,False,False,
autoregressive_ppo_order_120,learning,medium,heterogeneity_pressure,0,0,202,0,202,5,2,laser,1-2-0,1,5,,True,True,True,10,0,1.0,1,1,0,0,True,False,,,,,,,,,0.015176050340629452,,False,False,False,False,
autoregressive_ppo_order_120,learning,medium,heterogeneity_pressure,0,0,202,0,202,5,0,missile,1-2-0,2,5,,True,True,True,0,1,1.0,0,0,0,0,False,False,,,,,,,,,0.0,,False,False,False,False,
autoregressive_ppo_order_120,learning,medium,heterogeneity_pressure,0,0,202,0,202,6,1,missile,1-2-0,0,5,,True,True,True,0,0,1.0,0,0,0,0,False,False,,,,,,,,,0.0,,False,False,False,False,
autoregressive_ppo_order_120,learning,medium,heterogeneity_pressure,0,0,202,0,202,6,2,laser,1-2-0,1,5,,True,True,True,10,0,1.0,1,1,0,0,True,False,,,,,,,,,0.025225345771512604,,False,False,False,False,
autoregressive_ppo_order_120,learning,medium,heterogeneity_pressure,0,0,202,0,202,6,0,missile,1-2-0,2,5,,True,True,True,0,0,1.0,0,0,0,0,False,False,,,,,,,,,0.0,,False,False,False,False,
autoregressive_ppo_order_120,learning,medium,heterogeneity_pressure,0,0,202,0,202,7,1,missile,1-2-0,0,5,,True,True,True,0,0,1.0,0,0,0,0,False,False,,,,,,,,,0.0,,False,False,False,False,
autoregressive_ppo_order_120,learning,medium,heterogeneity_pressure,0,0,202,0,202,7,2,laser,1-2-0,1,5,,True,True,True,10,0,1.0,1,1,0,0,True,False,,,,,,,,,0.035266647393458514,,False,False,False,False,
autoregressive_ppo_order_120,learning,medium,heterogeneity_pressure,0,0,202,0,202,7,0,missile,1-2-0,2,5,,True,True,True,0,0,1.0,0,0,0,0,False,False,,,,,,,,,0.0,,False,False,False,False,
autoregressive_ppo_order_120,learning,medium,heterogeneity_pressure,0,0,202,0,202,8,1,missile,1-2-0,0,5,,True,True,True,0,0,1.0,0,0,0,0,False,False,,,,,,,,,0.0,,False,False,False,False,
autoregressive_ppo_order_120,learning,medium,heterogeneity_pressure,0,0,202,0,202,8,2,laser,1-2-0,1,5,,True,True,True,10,0,1.0,1,1,0,0,True,False,,,,,,,,,0.045298662090315606,,False,False,False,False,
autoregressive_ppo_order_120,learning,medium,heterogeneity_pressure,0,0,202,0,202,8,0,missile,1-2-0,2,5,,True,True,True,0,0,1.0,0,0,0,0,False,False,,,,,,,,,0.0,,False,False,False,False,
autoregressive_ppo_order_120,learning,medium,heterogeneity_pressure,0,0,202,0,202,9,1,missile,1-2-0,0,5,,True,True,True,0,0,1.0,0,0,0,0,False,False,,,,,,,,,0.0,,False,False,False,False,
autoregressive_ppo_order_120,learning,medium,heterogeneity_pressure,0,0,202,0,202,9,2,laser,1-2-0,1,5,,True,True,True,10,0,1.0,1,1,0,0,True,False,,,,,,,,,0.05531976367055986,,False,False,False,False,
autoregressive_ppo_order_120,learning,medium,heterogeneity_pressure,0,0,202,0,202,9,0,missile,1-2-0,2,5,,True,True,True,0,0,1.0,0,0,0,0,False,False,,,,,,,,,0.0,,False,False,False,False,
autoregressive_ppo_order_120,learning,medium,heterogeneity_pressure,0,0,202,0,202,10,1,missile,1-2-0,0,5,,True,True,True,0,0,1.0,0,0,0,0,False,False,,,,,,,,,0.0,,False,False,False,False,
autoregressive_ppo_order_120,learning,medium,heterogeneity_pressure,0,0,202,0,202,10,2,laser,1-2-0,1,5,,True,True,True,10,0,1.0,1,1,0,0,True,False,,,,,,,,,0.06532801245996385,,False,False,False,False,
autoregressive_ppo_order_120,learning,medium,heterogeneity_pressure,0,0,202,0,202,10,0,missile,1-2-0,2,5,,True,True,True,0,0,1.0,0,0,0,0,False,False,,,,,,,,,0.0,,False,False,False,False,
autoregressive_ppo_order_120,learning,medium,heterogeneity_pressure,0,0,202,0,202,11,1,missile,1-2-0,0,5,,True,True,True,0,0,1.0,0,0,0,0,False,False,,,,,,,,,0.0,,False,False,False,False,
autoregressive_ppo_order_120,learning,medium,heterogeneity_pressure,0,0,202,0,202,11,2,laser,1-2-0,1,5,,True,True,True,10,0,1.0,2,2,0,0,True,False,,,,,,,,,0.0753208810042313,,False,False,False,False,
autoregressive_ppo_order_120,learning,medium,heterogeneity_pressure,0,0,202,0,202,11,0,missile,1-2-0,2,5,,True,True,True,0,0,1.0,0,0,0,0,False,False,,,,,,,,,0.0,,False,False,False,False,
autoregressive_ppo_order_120,learning,medium,heterogeneity_pressure,0,0,202,0,202,12,1,missile,1-2-0,0,5,,True,True,True,0,0,1.0,0,0,0,0,False,False,,,,,,,,,0.0,,False,False,False,False,
autoregressive_ppo_order_120,learning,medium,heterogeneity_pressure,0,0,202,0,202,12,2,laser,1-2-0,1,5,,True,True,True,10,0,1.0,3,3,0,0,True,False,,,,,,,,,0.08529526386533141,,False,False,False,False,
autoregressive_ppo_order_120,learning,medium,heterogeneity_pressure,0,0,202,0,202,12,0,missile,1-2-0,2,5,,True,True,True,0,0,1.0,0,0,0,0,False,False,,,,,,,,,0.0,,False,False,False,False,
autoregressive_ppo_order_120,learning,medium,heterogeneity_pressure,0,0,202,0,202,13,1,missile,1-2-0,0,5,,True,True,True,0,0,1.0,0,0,0,0,False,False,,,,,,,,,0.0,,False,False,False,False,
autoregressive_ppo_order_120,learning,medium,heterogeneity_pressure,0,0,202,0,202,13,2,laser,1-2-0,1,5,,True,True,True,10,0,1.0,3,3,0,0,True,False,,,,,,,,,0.09524704658278178,,False,False,False,False,
autoregressive_ppo_order_120,learning,medium,heterogeneity_pressure,0,0,202,0,202,13,0,missile,1-2-0,2,5,,True,True,True,0,0,1.0,0,0,0,0,False,False,,,,,,,,,0.0,,False,False,False,False,
autoregressive_ppo_order_120,learning,medium,heterogeneity_pressure,0,0,202,0,202,14,1,missile,1-2-0,0,5,,True,True,True,0,0,1.0,0,0,0,0,False,False,,,,,,,,,0.0,,False,False,False,False,
autoregressive_ppo_order_120,learning,medium,heterogeneity_pressure,0,0,202,0,202,14,2,laser,1-2-0,1,5,,True,True,True,10,0,1.0,4,4,1,0,True,False,,,,,,,,,0.1051709097469588,,False,False,False,False,
autoregressive_ppo_order_120,learning,medium,heterogeneity_pressure,0,0,202,0,202,14,0,missile,1-2-0,2,5,,True,True,True,0,0,1.0,0,0,0,0,False,False,,,,,,,,,0.0,,False,False,False,False,
autoregressive_ppo_order_120,learning,medium,heterogeneity_pressure,0,0,202,0,202,15,1,missile,1-2-0,0,5,,True,True,True,0,0,1.0,0,0,0,0,False,False,,,,,,,,,0.0,,False,False,False,False,
autoregressive_ppo_order_120,learning,medium,heterogeneity_pressure,0,0,202,0,202,15,2,laser,1-2-0,1,5,,True,True,True,10,0,1.0,4,4,1,0,True,False,,,,,,,,,0.11505966284835269,,False,False,False,False,
autoregressive_ppo_order_120,learning,medium,heterogeneity_pressure,0,0,202,0,202,15,0,missile,1-2-0,2,5,,True,True,True,0,0,1.0,0,0,0,0,False,False,,,,,,,,,0.0,,False,False,False,False,
autoregressive_ppo_order_120,learning,medium,heterogeneity_pressure,0,0,202,0,202,16,1,missile,1-2-0,0,5,,True,True,True,0,0,1.0,0,0,0,0,False,False,,,,,,,,,0.0,,False,False,False,False,
autoregressive_ppo_order_120,learning,medium,heterogeneity_pressure,0,0,202,0,202,16,2,laser,1-2-0,1,5,,True,True,True,10,0,1.0,4,4,1,0,True,False,,,,,,,,,0.12490349975614712,,False,False,False,False,
autoregressive_ppo_order_120,learning,medium,heterogeneity_pressure,0,0,202,0,202,16,0,missile,1-2-0,2,5,,True,True,True,0,0,1.0,0,0,0,0,False,False,,,,,,,,,0.0,,False,False,False,False,
autoregressive_ppo_order_120,learning,medium,heterogeneity_pressure,0,0,202,0,202,17,1,missile,1-2-0,0,5,,True,True,True,0,0,1.0,0,0,0,0,False,False,,,,,,,,,0.0,,False,False,False,False,
autoregressive_ppo_order_120,learning,medium,heterogeneity_pressure,0,0,202,0,202,17,2,laser,1-2-0,1,5,,True,True,True,10,0,1.0,4,4,1,0,True,False,,,,,,,,,0.1386882418409488,,False,False,False,False,
autoregressive_ppo_order_120,learning,medium,heterogeneity_pressure,0,0,202,0,202,17,0,missile,1-2-0,2,5,,True,True,True,0,0,1.0,0,0,0,0,False,False,,,,,,,,,0.0,,False,False,False,False,
autoregressive_ppo_order_120,learning,medium,heterogeneity_pressure,0,0,202,0,202,18,1,missile,1-2-0,0,5,,True,True,True,0,0,1.0,0,0,0,0,False,False,,,,,,,,,0.0,,False,False,False,False,
autoregressive_ppo_order_120,learning,medium,heterogeneity_pressure,0,0,202,0,202,18,2,laser,1-2-0,1,5,,True,True,True,10,0,1.0,4,4,1,0,True,False,,,,,,,,,0.164311579157251,,False,False,False,False,
autoregressive_ppo_order_120,learning,medium,heterogeneity_pressure,0,0,202,0,202,18,0,missile,1-2-0,2,5,,True,True,True,0,0,1.0,0,0,0,0,False,False,,,,,,,,,0.0,,False,False,False,False,
autoregressive_ppo_order_120,learning,medium,heterogeneity_pressure,0,0,202,0,202,19,1,missile,1-2-0,0,5,,True,True,True,0,0,1.0,0,0,0,0,False,False,,,,,,,,,0.0,,False,False,False,False,
autoregressive_ppo_order_120,learning,medium,heterogeneity_pressure,0,0,202,0,202,19,2,laser,1-2-0,1,5,,True,True,True,10,0,1.0,4,4,1,0,True,False,,,,,,,,,0.189656409030326,,False,False,False,False,
autoregressive_ppo_order_120,learning,medium,heterogeneity_pressure,0,0,202,0,202,19,0,missile,1-2-0,2,5,,True,True,True,0,0,1.0,0,0,0,0,False,False,,,,,,,,,0.0,,False,False,False,False,
autoregressive_ppo_order_120,learning,medium,heterogeneity_pressure,0,0,202,0,202,20,1,missile,1-2-0,0,5,,True,True,True,0,0,1.0,0,0,0,0,False,False,,,,,,,,,0.0,,False,False,False,False,
autoregressive_ppo_order_120,learning,medium,heterogeneity_pressure,0,0,202,0,202,20,2,laser,1-2-0,1,5,,True,True,True,10,0,1.0,4,4,1,0,True,False,,,,,,,,,0.21462330983140063,,False,False,False,False,
autoregressive_ppo_order_120,learning,medium,heterogeneity_pressure,0,0,202,0,202,20,0,missile,1-2-0,2,5,,True,True,True,0,0,1.0,0,0,0,0,False,False,,,,,,,,,0.0,,False,False,False,False,
autoregressive_ppo_order_120,learning,medium,heterogeneity_pressure,0,0,202,0,202,21,1,missile,1-2-0,0,5,,True,True,True,0,0,1.0,0,0,0,0,False,False,,,,,,,,,0.0,,False,False,False,False,
autoregressive_ppo_order_120,learning,medium,heterogeneity_pressure,0,0,202,0,202,21,2,laser,1-2-0,1,5,,True,True,True,10,0,1.0,5,5,1,0,True,False,,,,,,,,,0.2390621431190658,,False,False,False,False,
autoregressive_ppo_order_120,learning,medium,heterogeneity_pressure,0,0,202,0,202,21,0,missile,1-2-0,2,5,,True,True,True,0,0,1.0,0,0,0,0,False,False,,,,,,,,,0.0,,False,False,False,False,
autoregressive_ppo_order_120,learning,medium,heterogeneity_pressure,0,0,202,0,202,22,1,missile,1-2-0,0,5,,True,True,True,0,0,1.0,0,0,0,0,False,False,,,,,,,,,0.0,,False,False,False,False,
autoregressive_ppo_order_120,learning,medium,heterogeneity_pressure,0,0,202,0,202,22,2,laser,1-2-0,1,5,,True,True,True,10,0,1.0,5,5,1,0,True,False,,,,,,,,,0.2627379403292764,,False,False,False,False,
autoregressive_ppo_order_120,learning,medium,heterogeneity_pressure,0,0,202,0,202,22,0,missile,1-2-0,2,5,,True,True,True,0,0,1.0,0,0,0,0,False,False,,,,,,,,,0.0,,False,False,False,False,
autoregressive_ppo_order_120,learning,medium,heterogeneity_pressure,0,0,202,0,202,23,1,missile,1-2-0,0,5,,True,True,True,0,0,1.0,0,0,0,0,False,False,,,,,,,,,0.0,,False,False,False,False,
autoregressive_ppo_order_120,learning,medium,heterogeneity_pressure,0,0,202,0,202,23,2,laser,1-2-0,1,5,,True,True,True,10,0,1.0,4,4,1,0,True,False,,,,,,,,,0.23091718438377187,,False,False,False,False,
autoregressive_ppo_order_120,learning,medium,heterogeneity_pressure,0,0,202,0,202,23,0,missile,1-2-0,2,5,,True,True,True,0,0,1.0,0,0,0,0,False,False,,,,,,,,,0.0,,False,False,False,False,
autoregressive_ppo_order_120,learning,medium,heterogeneity_pressure,0,0,202,0,202,24,1,missile,1-2-0,0,5,,True,True,True,0,0,1.0,0,0,0,0,False,False,,,,,,,,,0.0,,False,False,False,False,
autoregressive_ppo_order_120,learning,medium,heterogeneity_pressure,0,0,202,0,202,24,2,laser,1-2-0,1,5,,True,True,True,10,0,1.0,4,4,1,0,True,False,,,,,,,,,0.254166214303088,,False,False,False,False,
autoregressive_ppo_order_120,learning,medium,heterogeneity_pressure,0,0,202,0,202,24,0,missile,1-2-0,2,5,,True,True,True,0,0,1.0,0,0,0,0,False,False,,,,,,,,,0.0,,False,False,False,False,
autoregressive_ppo_order_120,learning,medium,heterogeneity_pressure,0,0,202,0,202,25,1,missile,1-2-0,0,5,,True,True,True,0,0,1.0,0,0,0,0,False,False,,,,,,,,,0.0,,False,False,False,False,
autoregressive_ppo_order_120,learning,medium,heterogeneity_pressure,0,0,202,0,202,25,2,laser,1-2-0,1,5,,True,True,True,10,0,1.0,3,3,0,0,True,False,,,,,,,,,0.20249506823176885,,False,False,False,False,
autoregressive_ppo_order_120,learning,medium,heterogeneity_pressure,0,0,202,0,202,25,0,missile,1-2-0,2,5,,True,True,True,0,0,1.0,0,0,0,0,False,False,,,,,,,,,0.0,,False,False,False,False,
autoregressive_ppo_order_120,learning,medium,heterogeneity_pressure,0,0,202,0,202,26,1,missile,1-2-0,0,5,,True,True,True,0,0,1.0,0,0,0,0,False,False,,,,,,,,,0.0,,False,False,False,False,
autoregressive_ppo_order_120,learning,medium,heterogeneity_pressure,0,0,202,0,202,26,2,laser,1-2-0,1,5,,True,True,True,10,0,1.0,3,3,0,0,True,False,,,,,,,,,0.20499742676823793,,False,False,False,False,
autoregressive_ppo_order_120,learning,medium,heterogeneity_pressure,0,0,202,0,202,26,0,missile,1-2-0,2,5,,True,True,True,0,0,1.0,0,0,0,0,False,False,,,,,,,,,0.0,,False,False,False,False,
autoregressive_ppo_order_120,learning,medium,heterogeneity_pressure,0,0,202,0,202,27,1,missile,1-2-0,0,5,,True,True,True,0,0,1.0,0,0,0,0,False,False,,,,,,,,,0.0,,False,False,False,False,
autoregressive_ppo_order_120,learning,medium,heterogeneity_pressure,0,0,202,0,202,27,2,laser,1-2-0,1,5,,True,True,True,10,0,1.0,3,3,0,0,True,False,,,,,,,,,0.2037253017123393,,False,False,False,False,
autoregressive_ppo_order_120,learning,medium,heterogeneity_pressure,0,0,202,0,202,27,0,missile,1-2-0,2,5,,True,True,True,0,0,1.0,0,0,0,0,False,False,,,,,,,,,0.0,,False,False,False,False,
autoregressive_ppo_order_120,learning,medium,heterogeneity_pressure,0,0,202,0,202,28,1,missile,1-2-0,0,5,,True,True,True,0,0,1.0,0,0,0,0,False,False,,,,,,,,,0.0,,False,False,False,False,
autoregressive_ppo_order_120,learning,medium,heterogeneity_pressure,0,0,202,0,202,28,2,laser,1-2-0,1,5,,True,True,True,10,0,1.0,3,3,0,0,True,False,,,,,,,,,0.19912573409365233,,False,False,False,False,
autoregressive_ppo_order_120,learning,medium,heterogeneity_pressure,0,0,202,0,202,28,0,missile,1-2-0,2,5,,True,True,True,0,0,1.0,0,0,0,0,False,False,,,,,,,,,0.0,,False,False,False,False,
autoregressive_ppo_order_120,learning,medium,heterogeneity_pressure,0,0,202,0,202,29,1,missile,1-2-0,0,5,,True,True,True,0,0,1.0,0,0,0,0,False,False,,,,,,,,,0.0,,False,False,False,False,
autoregressive_ppo_order_120,learning,medium,heterogeneity_pressure,0,0,202,0,202,29,2,laser,1-2-0,1,5,,True,True,True,10,0,1.0,3,3,0,0,True,False,,,,,,,,,0.1923657759335066,,False,False,False,False,
autoregressive_ppo_order_120,learning,medium,heterogeneity_pressure,0,0,202,0,202,29,0,missile,1-2-0,2,5,,True,True,True,0,0,1.0,0,0,0,0,False,False,,,,,,,,,0.0,,False,False,False,False,
autoregressive_ppo_order_120,learning,medium,heterogeneity_pressure,0,0,202,0,202,30,1,missile,1-2-0,0,5,,True,True,True,0,0,1.0,0,0,0,0,False,False,,,,,,,,,0.0,,False,False,False,False,
autoregressive_ppo_order_120,learning,medium,heterogeneity_pressure,0,0,202,0,202,30,2,laser,1-2-0,1,5,,True,True,True,10,0,1.0,3,3,0,0,True,False,,,,,,,,,0.1843733531776121,,False,False,False,False,
autoregressive_ppo_order_120,learning,medium,heterogeneity_pressure,0,0,202,0,202,30,0,missile,1-2-0,2,5,,True,True,True,0,0,1.0,0,0,0,0,False,False,,,,,,,,,0.0,,False,False,False,False,
autoregressive_ppo_order_120,learning,medium,heterogeneity_pressure,0,0,202,0,202,31,1,missile,1-2-0,0,5,,True,True,True,0,0,1.0,0,0,0,0,False,False,,,,,,,,,0.0,,False,False,False,False,
autoregressive_ppo_order_120,learning,medium,heterogeneity_pressure,0,0,202,0,202,31,2,laser,1-2-0,1,5,,True,True,True,10,0,1.0,3,3,0,0,True,False,,,,,,,,,0.17567891039824357,,False,False,False,False,
autoregressive_ppo_order_120,learning,medium,heterogeneity_pressure,0,0,202,0,202,31,0,missile,1-2-0,2,5,,True,True,True,0,0,1.0,0,0,0,0,False,False,,,,,,,,,0.0,,False,False,False,False,
autoregressive_ppo_order_120,learning,medium,heterogeneity_pressure,0,0,202,0,202,32,1,missile,1-2-0,0,5,,True,True,True,0,0,1.0,0,0,0,0,False,False,,,,,,,,,0.0,,False,False,False,False,
autoregressive_ppo_order_120,learning,medium,heterogeneity_pressure,0,0,202,0,202,32,2,laser,1-2-0,1,5,,True,True,True,10,0,1.0,3,3,0,0,True,False,,,,,,,,,0.1826748946544273,,False,False,False,False,
autoregressive_ppo_order_120,learning,medium,heterogeneity_pressure,0,0,202,0,202,32,0,missile,1-2-0,2,5,,True,True,True,0,0,1.0,0,0,0,0,False,False,,,,,,,,,0.0,,False,False,False,False,
autoregressive_ppo_order_120,learning,medium,heterogeneity_pressure,0,0,202,0,202,33,1,missile,1-2-0,0,5,,True,True,True,0,0,1.0,0,0,0,0,False,False,,,,,,,,,0.0,,False,False,False,False,
autoregressive_ppo_order_120,learning,medium,heterogeneity_pressure,0,0,202,0,202,33,2,laser,1-2-0,1,5,,True,True,True,10,0,1.0,2,2,0,0,True,False,,,,,,,,,0.1955442908963948,,False,False,False,False,
autoregressive_ppo_order_120,learning,medium,heterogeneity_pressure,0,0,202,0,202,33,0,missile,1-2-0,2,5,,True,True,True,0,0,1.0,0,0,0,0,False,False,,,,,,,,,0.0,,False,False,False,False,
autoregressive_ppo_order_120,learning,medium,heterogeneity_pressure,0,0,202,0,202,34,1,missile,1-2-0,0,5,,True,True,True,0,0,1.0,0,0,0,0,False,False,,,,,,,,,0.0,,False,False,False,False,
autoregressive_ppo_order_120,learning,medium,heterogeneity_pressure,0,0,202,0,202,34,2,laser,1-2-0,1,5,,True,True,True,10,0,1.0,2,2,0,0,True,False,,,,,,,,,0.20732291493090513,,False,False,False,False,
autoregressive_ppo_order_120,learning,medium,heterogeneity_pressure,0,0,202,0,202,34,0,missile,1-2-0,2,5,,True,True,True,0,0,1.0,0,0,0,0,False,False,,,,,,,,,0.0,,False,False,False,False,
autoregressive_ppo_order_120,learning,medium,heterogeneity_pressure,0,0,202,0,202,35,1,missile,1-2-0,0,5,,True,True,True,0,0,1.0,0,0,0,0,False,False,,,,,,,,,0.0,,False,False,False,False,
autoregressive_ppo_order_120,learning,medium,heterogeneity_pressure,0,0,202,0,202,35,2,laser,1-2-0,1,5,,True,True,True,10,0,1.0,2,2,0,0,True,False,,,,,,,,,0.21764718746084613,,False,False,False,False,
autoregressive_ppo_order_120,learning,medium,heterogeneity_pressure,0,0,202,0,202,35,0,missile,1-2-0,2,5,,True,True,True,0,0,1.0,0,0,0,0,False,False,,,,,,,,,0.0,,False,False,False,False,
autoregressive_ppo_order_120,learning,medium,heterogeneity_pressure,0,0,202,0,202,36,1,missile,1-2-0,0,5,,True,True,True,0,0,1.0,0,0,0,0,False,False,,,,,,,,,0.0,,False,False,False,False,
autoregressive_ppo_order_120,learning,medium,heterogeneity_pressure,0,0,202,0,202,36,2,laser,1-2-0,1,5,,True,True,True,10,0,1.0,2,2,0,0,True,False,,,,,,,,,0.22605539194758772,,False,False,False,False,
autoregressive_ppo_order_120,learning,medium,heterogeneity_pressure,0,0,202,0,202,36,0,missile,1-2-0,2,5,,True,True,True,0,0,1.0,0,0,0,0,False,False,,,,,,,,,0.0,,False,False,False,False,
autoregressive_ppo_order_120,learning,medium,heterogeneity_pressure,0,0,202,1,203,0,1,missile,1-2-0,0,5,,True,True,True,3,0,1.0,2,2,0,0,True,False,,,,,,,,,0.04992999857808592,,False,False,False,False,
autoregressive_ppo_order_120,learning,medium,heterogeneity_pressure,0,0,202,1,203,0,2,laser,1-2-0,1,5,,True,True,True,10,0,1.0,0,0,0,0,False,False,,,,,,,,,0.0,,False,False,False,False,
autoregressive_ppo_order_120,learning,medium,heterogeneity_pressure,0,0,202,1,203,0,0,missile,1-2-0,2,0,0,False,True,True,3,0,1.0,5,5,1,0,False,False,True,0.6585034974408608,1.3759141583561854,40.013308141225295,57.66170883178711,0.35084775758826214,0.9060442854559464,0.31788360582787806,0.31788360582787806,1.0,False,True,False,False,alive
autoregressive_ppo_order_120,learning,medium,heterogeneity_pressure,0,0,202,1,203,1,1,missile,1-2-0,0,5,,True,True,True,3,0,1.0,3,3,0,0,True,False,,,,,,,,,0.06441153883231948,,False,False,False,False,
autoregressive_ppo_order_120,learning,medium,heterogeneity_pressure,0,0,202,1,203,1,2,laser,1-2-0,1,5,,True,True,True,10,0,1.0,0,0,0,0,False,False,,,,,,,,,0.0,,False,False,False,False,
autoregressive_ppo_order_120,learning,medium,heterogeneity_pressure,0,0,202,1,203,1,0,missile,1-2-0,2,5,,True,True,True,2,1,1.0,0,0,0,0,False,False,,,,,,,,,0.0,,False,False,False,False,
autoregressive_ppo_order_120,learning,medium,heterogeneity_pressure,0,0,202,1,203,2,1,missile,1-2-0,0,5,,True,True,True,3,0,1.0,3,3,0,0,True,False,,,,,,,,,0.0788731385318427,,False,False,False,False,
autoregressive_ppo_order_120,learning,medium,heterogeneity_pressure,0,0,202,1,203,2,2,laser,1-2-0,1,5,,True,True,True,10,0,1.0,0,0,0,0,False,False,,,,,,,,,0.0,,False,False,False,False,
autoregressive_ppo_order_120,learning,medium,heterogeneity_pressure,0,0,202,1,203,2,0,missile,1-2-0,2,0,0,False,True,True,2,0,1.0,5,5,1,0,False,False,True,0.6585034974408608,1.3759141583561854,38.013308890026856,54.78401565551758,0.38025027482405954,0.9060442854559464,0.3445235885473923,0.3445235885473923,1.0,False,True,False,False,alive
autoregressive_ppo_order_120,learning,medium,heterogeneity_pressure,0,0,202,1,203,3,1,missile,1-2-0,0,4,4,False,True,True,3,0,1.0,4,4,0,0,False,False,True,0.5048260381038868,1.0453312008450368,18.77728039088338,71.0239028930664,0.01057438532511397,0.5277104086289783,0.005580213200916165,0.09331157651012542,0.05980193894066987,False,True,False,False,alive
autoregressive_ppo_order_120,learning,medium,heterogeneity_pressure,0,0,202,1,203,3,2,laser,1-2-0,1,5,,True,True,True,10,0,1.0,0,0,0,0,False,False,,,,,,,,,0.0,,False,False,False,False,
autoregressive_ppo_order_120,learning,medium,heterogeneity_pressure,0,0,202,1,203,3,0,missile,1-2-0,2,5,,True,True,True,1,1,1.0,0,0,0,0,False,False,,,,,,,,,0.0,,False,False,False,False,
autoregressive_ppo_order_120,learning,medium,heterogeneity_pressure,0,0,202,1,203,4,1,missile,1-2-0,0,5,,True,True,True,2,1,1.0,0,0,0,0,False,False,,,,,,,,,0.0,,False,False,False,False,
autoregressive_ppo_order_120,learning,medium,heterogeneity_pressure,0,0,202,1,203,4,2,laser,1-2-0,1,5,,True,True,True,10,0,1.0,0,0,0,0,False,False,,,,,,,,,0.0,,False,False,False,False,
autoregressive_ppo_order_120,learning,medium,heterogeneity_pressure,0,0,202,1,203,4,0,missile,1-2-0,2,0,0,False,True,True,1,0,1.0,5,5,1,0,False,False,True,0.6585034974408608,1.3759141583561854,36.01330702952226,51.9114875793457,0.409600018211033,0.9060442854559464,0.371115755822758,0.371115755822758,1.0,False,True,False,False,alive
autoregressive_ppo_order_120,learning,medium,heterogeneity_pressure,0,0,202,1,203,5,1,missile,1-2-0,0,4,4,False,True,True,2,0,1.0,4,4,0,0,False,False,True,0.5048260381038868,1.0453312008450368,16.77727933760625,65.12167358398438,0.07451520284016927,0.5277104086289783,0.039322448139856934,0.12210226708839958,0.3220451927513211,False,True,False,False,alive
autoregressive_ppo_order_120,learning,medium,heterogeneity_pressure,0,0,202,1,203,5,2,laser,1-2-0,1,5,,True,True,True,10,0,1.0,0,0,0,0,False,False,,,,,,,,,0.0,,False,False,False,False,
autoregressive_ppo_order_120,learning,medium,heterogeneity_pressure,0,0,202,1,203,5,0,missile,1-2-0,2,5,,True,True,True,0,1,1.0,0,0,0,0,False,False,,,,,,,,,0.0,,False,False,False,False,
autoregressive_ppo_order_120,learning,medium,heterogeneity_pressure,0,0,202,1,203,6,1,missile,1-2-0,0,5,,True,True,True,1,1,1.0,0,0,0,0,False,False,,,,,,,,,0.0,,False,False,False,False,
autoregressive_ppo_order_120,learning,medium,heterogeneity_pressure,0,0,202,1,203,6,2,laser,1-2-0,1,5,,True,True,True,10,0,1.0,0,0,0,0,False,False,,,,,,,,,0.0,,False,False,False,False,
autoregressive_ppo_order_120,learning,medium,heterogeneity_pressure,0,0,202,1,203,6,0,missile,1-2-0,2,5,,True,True,True,0,0,1.0,0,0,0,0,False,False,,,,,,,,,0.0,,False,False,False,False,
autoregressive_ppo_order_120,learning,medium,heterogeneity_pressure,0,0,202,1,203,7,1,missile,1-2-0,0,4,4,False,True,True,1,0,1.0,4,4,0,0,False,False,True,0.5048260381038868,1.0453312008450368,14.777280857520026,59.22496795654297,0.1383961804707845,0.5277104086289783,0.07303310494892752,0.1507388401870951,0.4845009080491781,False,True,False,False,alive
autoregressive_ppo_order_120,learning,medium,heterogeneity_pressure,0,0,202,1,203,7,2,laser,1-2-0,1,5,,True,True,True,10,0,1.0,1,1,0,0,True,False,,,,,,,,,0.009705240486666775,,False,False,False,False,
autoregressive_ppo_order_120,learning,medium,heterogeneity_pressure,0,0,202,1,203,7,0,missile,1-2-0,2,5,,True,True,True,0,0,1.0,0,0,0,0,False,False,,,,,,,,,0.0,,False,False,False,False,
autoregressive_ppo_order_120,learning,medium,heterogeneity_pressure,0,0,202,1,203,8,1,missile,1-2-0,0,5,,True,True,True,0,1,1.0,0,0,0,0,False,False,,,,,,,,,0.0,,False,False,False,False,
autoregressive_ppo_order_120,learning,medium,heterogeneity_pressure,0,0,202,1,203,8,2,laser,1-2-0,1,5,,True,True,True,10,0,1.0,3,3,0,0,True,False,,,,,,,,,0.019578027960818,,False,False,False,False,
autoregressive_ppo_order_120,learning,medium,heterogeneity_pressure,0,0,202,1,203,8,0,missile,1-2-0,2,5,,True,True,True,0,0,1.0,0,0,0,0,False,False,,,,,,,,,0.0,,False,False,False,False,
autoregressive_ppo_order_120,learning,medium,heterogeneity_pressure,0,0,202,1,203,9,1,missile,1-2-0,0,5,,True,True,True,0,0,1.0,0,0,0,0,False,False,,,,,,,,,0.0,,False,False,False,False,
autoregressive_ppo_order_120,learning,medium,heterogeneity_pressure,0,0,202,1,203,9,2,laser,1-2-0,1,5,,True,True,True,10,0,1.0,3,3,0,0,True,False,,,,,,,,,0.029382277372463888,,False,False,False,False,
autoregressive_ppo_order_120,learning,medium,heterogeneity_pressure,0,0,202,1,203,9,0,missile,1-2-0,2,5,,True,True,True,0,0,1.0,0,0,0,0,False,False,,,,,,,,,0.0,,False,False,False,False,
autoregressive_ppo_order_120,learning,medium,heterogeneity_pressure,0,0,202,1,203,10,1,missile,1-2-0,0,5,,True,True,True,0,0,1.0,0,0,0,0,False,False,,,,,,,,,0.0,,False,False,False,False,
autoregressive_ppo_order_120,learning,medium,heterogeneity_pressure,0,0,202,1,203,10,2,laser,1-2-0,1,5,,True,True,True,10,0,1.0,3,3,0,0,True,False,,,,,,,,,0.04266447359463776,,False,False,False,False,
autoregressive_ppo_order_120,learning,medium,heterogeneity_pressure,0,0,202,1,203,10,0,missile,1-2-0,2,5,,True,True,True,0,0,1.0,0,0,0,0,False,False,,,,,,,,,0.0,,False,False,False,False,
autoregressive_ppo_order_120,learning,medium,heterogeneity_pressure,0,0,202,1,203,11,1,missile,1-2-0,0,5,,True,True,True,0,0,1.0,0,0,0,0,False,False,,,,,,,,,0.0,,False,False,False,False,
autoregressive_ppo_order_120,learning,medium,heterogeneity_pressure,0,0,202,1,203,11,2,laser,1-2-0,1,5,,True,True,True,10,0,1.0,3,3,0,0,True,False,,,,,,,,,0.05912314787519947,,False,False,False,False,
autoregressive_ppo_order_120,learning,medium,heterogeneity_pressure,0,0,202,1,203,11,0,missile,1-2-0,2,5,,True,True,True,0,0,1.0,0,0,0,0,False,False,,,,,,,,,0.0,,False,False,False,False,
autoregressive_ppo_order_120,learning,medium,heterogeneity_pressure,0,0,202,1,203,12,1,missile,1-2-0,0,5,,True,True,True,0,0,1.0,0,0,0,0,False,False,,,,,,,,,0.0,,False,False,False,False,
autoregressive_ppo_order_120,learning,medium,heterogeneity_pressure,0,0,202,1,203,12,2,laser,1-2-0,1,5,,True,True,True,10,0,1.0,4,4,0,0,True,False,,,,,,,,,0.07541540957165986,,False,False,False,False,
autoregressive_ppo_order_120,learning,medium,heterogeneity_pressure,0,0,202,1,203,12,0,missile,1-2-0,2,5,,True,True,True,0,0,1.0,0,0,0,0,False,False,,,,,,,,,0.0,,False,False,False,False,
autoregressive_ppo_order_120,learning,medium,heterogeneity_pressure,0,0,202,1,203,13,1,missile,1-2-0,0,5,,True,True,True,0,0,1.0,0,0,0,0,False,False,,,,,,,,,0.0,,False,False,False,False,
autoregressive_ppo_order_120,learning,medium,heterogeneity_pressure,0,0,202,1,203,13,2,laser,1-2-0,1,5,,True,True,True,10,0,1.0,4,4,0,0,True,False,,,,,,,,,0.09149404135000841,,False,False,False,False,
autoregressive_ppo_order_120,learning,medium,heterogeneity_pressure,0,0,202,1,203,13,0,missile,1-2-0,2,5,,True,True,True,0,0,1.0,0,0,0,0,False,False,,,,,,,,,0.0,,False,False,False,False,
autoregressive_ppo_order_120,learning,medium,heterogeneity_pressure,0,0,202,1,203,14,1,missile,1-2-0,0,5,,True,True,True,0,0,1.0,0,0,0,0,False,False,,,,,,,,,0.0,,False,False,False,False,
autoregressive_ppo_order_120,learning,medium,heterogeneity_pressure,0,0,202,1,203,14,2,laser,1-2-0,1,5,,True,True,True,10,0,1.0,4,4,0,0,True,False,,,,,,,,,0.10729323866422015,,False,False,False,False,
autoregressive_ppo_order_120,learning,medium,heterogeneity_pressure,0,0,202,1,203,14,0,missile,1-2-0,2,5,,True,True,True,0,0,1.0,0,0,0,0,False,False,,,,,,,,,0.0,,False,False,False,False,
autoregressive_ppo_order_120,learning,medium,heterogeneity_pressure,0,0,202,1,203,15,1,missile,1-2-0,0,5,,True,True,True,0,0,1.0,0,0,0,0,False,False,,,,,,,,,0.0,,False,False,False,False,
autoregressive_ppo_order_120,learning,medium,heterogeneity_pressure,0,0,202,1,203,15,2,laser,1-2-0,1,5,,True,True,True,10,0,1.0,4,4,0,0,True,False,,,,,,,,,0.12271912602834434,,False,False,False,False,
autoregressive_ppo_order_120,learning,medium,heterogeneity_pressure,0,0,202,1,203,15,0,missile,1-2-0,2,5,,True,True,True,0,0,1.0,0,0,0,0,False,False,,,,,,,,,0.0,,False,False,False,False,
autoregressive_ppo_order_120,learning,medium,heterogeneity_pressure,0,0,202,1,203,16,1,missile,1-2-0,0,5,,True,True,True,0,0,1.0,0,0,0,0,False,False,,,,,,,,,0.0,,False,False,False,False,
autoregressive_ppo_order_120,learning,medium,heterogeneity_pressure,0,0,202,1,203,16,2,laser,1-2-0,1,5,,True,True,True,10,0,1.0,4,4,0,0,True,False,,,,,,,,,0.13763473738609808,,False,False,False,False,
autoregressive_ppo_order_120,learning,medium,heterogeneity_pressure,0,0,202,1,203,16,0,missile,1-2-0,2,5,,True,True,True,0,0,1.0,0,0,0,0,False,False,,,,,,,,,0.0,,False,False,False,False,
autoregressive_ppo_order_120,learning,medium,heterogeneity_pressure,0,0,202,1,203,17,1,missile,1-2-0,0,5,,True,True,True,0,0,1.0,0,0,0,0,False,False,,,,,,,,,0.0,,False,False,False,False,
autoregressive_ppo_order_120,learning,medium,heterogeneity_pressure,0,0,202,1,203,17,2,laser,1-2-0,1,5,,True,True,True,10,0,1.0,4,4,0,0,True,False,,,,,,,,,0.15183607193461898,,False,False,False,False,
autoregressive_ppo_order_120,learning,medium,heterogeneity_pressure,0,0,202,1,203,17,0,missile,1-2-0,2,5,,True,True,True,0,0,1.0,0,0,0,0,False,False,,,,,,,,,0.0,,False,False,False,False,
autoregressive_ppo_order_120,learning,medium,heterogeneity_pressure,0,0,202,1,203,18,1,missile,1-2-0,0,5,,True,True,True,0,0,1.0,0,0,0,0,False,False,,,,,,,,,0.0,,False,False,False,False,
autoregressive_ppo_order_120,learning,medium,heterogeneity_pressure,0,0,202,1,203,18,2,laser,1-2-0,1,5,,True,True,True,10,0,1.0,4,4,0,0,True,False,,,,,,,,,0.1650147743130978,,False,False,False,False,
autoregressive_ppo_order_120,learning,medium,heterogeneity_pressure,0,0,202,1,203,18,0,missile,1-2-0,2,5,,True,True,True,0,0,1.0,0,0,0,0,False,False,,,,,,,,,0.0,,False,False,False,False,
autoregressive_ppo_order_120,learning,medium,heterogeneity_pressure,0,0,202,1,203,19,1,missile,1-2-0,0,5,,True,True,True,0,0,1.0,0,0,0,0,False,False,,,,,,,,,0.0,,False,False,False,False,
autoregressive_ppo_order_120,learning,medium,heterogeneity_pressure,0,0,202,1,203,19,2,laser,1-2-0,1,5,,True,True,True,10,0,1.0,4,4,0,0,True,False,,,,,,,,,0.17670567214094907,,False,False,False,False,
autoregressive_ppo_order_120,learning,medium,heterogeneity_pressure,0,0,202,1,203,19,0,missile,1-2-0,2,5,,True,True,True,0,0,1.0,0,0,0,0,False,False,,,,,,,,,0.0,,False,False,False,False,
autoregressive_ppo_order_120,learning,medium,heterogeneity_pressure,0,0,202,1,203,20,1,missile,1-2-0,0,5,,True,True,True,0,0,1.0,0,0,0,0,False,False,,,,,,,,,0.0,,False,False,False,False,
autoregressive_ppo_order_120,learning,medium,heterogeneity_pressure,0,0,202,1,203,20,2,laser,1-2-0,1,5,,True,True,True,10,0,1.0,4,4,0,0,True,False,,,,,,,,,0.1862335586601871,,False,False,False,False,
autoregressive_ppo_order_120,learning,medium,heterogeneity_pressure,0,0,202,1,203,20,0,missile,1-2-0,2,5,,True,True,True,0,0,1.0,0,0,0,0,False,False,,,,,,,,,0.0,,False,False,False,False,
autoregressive_ppo_order_120,learning,medium,heterogeneity_pressure,0,0,202,1,203,21,1,missile,1-2-0,0,5,,True,True,True,0,0,1.0,0,0,0,0,False,False,,,,,,,,,0.0,,False,False,False,False,
autoregressive_ppo_order_120,learning,medium,heterogeneity_pressure,0,0,202,1,203,21,2,laser,1-2-0,1,5,,True,True,True,10,0,1.0,4,4,0,0,True,False,,,,,,,,,0.19272388429660892,,False,False,False,False,
autoregressive_ppo_order_120,learning,medium,heterogeneity_pressure,0,0,202,1,203,21,0,missile,1-2-0,2,5,,True,True,True,0,0,1.0,0,0,0,0,False,False,,,,,,,,,0.0,,False,False,False,False,
autoregressive_ppo_order_120,learning,medium,heterogeneity_pressure,0,0,202,1,203,22,1,missile,1-2-0,0,5,,True,True,True,0,0,1.0,0,0,0,0,False,False,,,,,,,,,0.0,,False,False,False,False,
autoregressive_ppo_order_120,learning,medium,heterogeneity_pressure,0,0,202,1,203,22,2,laser,1-2-0,1,5,,True,True,True,10,0,1.0,2,2,0,0,True,False,,,,,,,,,0.20315386447348602,,False,False,False,False,
autoregressive_ppo_order_120,learning,medium,heterogeneity_pressure,0,0,202,1,203,22,0,missile,1-2-0,2,5,,True,True,True,0,0,1.0,0,0,0,0,False,False,,,,,,,,,0.0,,False,False,False,False,
autoregressive_ppo_order_120,learning,medium,heterogeneity_pressure,0,0,202,1,203,23,1,missile,1-2-0,0,5,,True,True,True,0,0,1.0,0,0,0,0,False,False,,,,,,,,,0.0,,False,False,False,False,
autoregressive_ppo_order_120,learning,medium,heterogeneity_pressure,0,0,202,1,203,23,2,laser,1-2-0,1,5,,True,True,True,10,0,1.0,2,2,0,0,True,False,,,,,,,,,0.21676263968693457,,False,False,False,False,
autoregressive_ppo_order_120,learning,medium,heterogeneity_pressure,0,0,202,1,203,23,0,missile,1-2-0,2,5,,True,True,True,0,0,1.0,0,0,0,0,False,False,,,,,,,,,0.0,,False,False,False,False,
autoregressive_ppo_order_120,learning,medium,heterogeneity_pressure,0,0,202,1,203,24,1,missile,1-2-0,0,5,,True,True,True,0,0,1.0,0,0,0,0,False,False,,,,,,,,,0.0,,False,False,False,False,
autoregressive_ppo_order_120,learning,medium,heterogeneity_pressure,0,0,202,1,203,24,2,laser,1-2-0,1,5,,True,True,True,10,0,1.0,2,2,0,0,True,False,,,,,,,,,0.23023037928474446,,False,False,False,False,
autoregressive_ppo_order_120,learning,medium,heterogeneity_pressure,0,0,202,1,203,24,0,missile,1-2-0,2,5,,True,True,True,0,0,1.0,0,0,0,0,False,False,,,,,,,,,0.0,,False,False,False,False,
autoregressive_ppo_order_120,learning,medium,heterogeneity_pressure,0,0,202,1,203,25,1,missile,1-2-0,0,5,,True,True,True,0,0,1.0,0,0,0,0,False,False,,,,,,,,,0.0,,False,False,False,False,
autoregressive_ppo_order_120,learning,medium,heterogeneity_pressure,0,0,202,1,203,25,2,laser,1-2-0,1,5,,True,True,True,10,0,1.0,2,2,0,0,True,False,,,,,,,,,0.24352989382760407,,False,False,False,False,
autoregressive_ppo_order_120,learning,medium,heterogeneity_pressure,0,0,202,1,203,25,0,missile,1-2-0,2,5,,True,True,True,0,0,1.0,0,0,0,0,False,False,,,,,,,,,0.0,,False,False,False,False,
autoregressive_ppo_order_120,learning,medium,heterogeneity_pressure,0,0,202,1,203,26,1,missile,1-2-0,0,5,,True,True,True,0,0,1.0,0,0,0,0,False,False,,,,,,,,,0.0,,False,False,False,False,
autoregressive_ppo_order_120,learning,medium,heterogeneity_pressure,0,0,202,1,203,26,2,laser,1-2-0,1,5,,True,True,True,10,0,1.0,2,2,0,0,True,False,,,,,,,,,0.25662694689581517,,False,False,False,False,
autoregressive_ppo_order_120,learning,medium,heterogeneity_pressure,0,0,202,1,203,26,0,missile,1-2-0,2,5,,True,True,True,0,0,1.0,0,0,0,0,False,False,,,,,,,,,0.0,,False,False,False,False,
autoregressive_ppo_order_120,learning,medium,heterogeneity_pressure,0,0,202,1,203,27,1,missile,1-2-0,0,5,,True,True,True,0,0,1.0,0,0,0,0,False,False,,,,,,,,,0.0,,False,False,False,False,
autoregressive_ppo_order_120,learning,medium,heterogeneity_pressure,0,0,202,1,203,27,2,laser,1-2-0,1,5,,True,True,True,10,0,1.0,2,2,0,0,True,False,,,,,,,,,0.2694782389232422,,False,False,False,False,
autoregressive_ppo_order_120,learning,medium,heterogeneity_pressure,0,0,202,1,203,27,0,missile,1-2-0,2,5,,True,True,True,0,0,1.0,0,0,0,0,False,False,,,,,,,,,0.0,,False,False,False,False,
autoregressive_ppo_order_120,learning,medium,heterogeneity_pressure,0,0,202,1,203,28,1,missile,1-2-0,0,5,,True,True,True,0,0,1.0,0,0,0,0,False,False,,,,,,,,,0.0,,False,False,False,False,
autoregressive_ppo_order_120,learning,medium,heterogeneity_pressure,0,0,202,1,203,28,2,laser,1-2-0,1,5,,True,True,True,10,0,1.0,2,2,0,0,True,False,,,,,,,,,0.28202833494428303,,False,False,False,False,
autoregressive_ppo_order_120,learning,medium,heterogeneity_pressure,0,0,202,1,203,28,0,missile,1-2-0,2,5,,True,True,True,0,0,1.0,0,0,0,0,False,False,,,,,,,,,0.0,,False,False,False,False,
autoregressive_ppo_order_120,learning,medium,heterogeneity_pressure,0,0,202,1,203,29,1,missile,1-2-0,0,5,,True,True,True,0,0,1.0,0,0,0,0,False,False,,,,,,,,,0.0,,False,False,False,False,
autoregressive_ppo_order_120,learning,medium,heterogeneity_pressure,0,0,202,1,203,29,2,laser,1-2-0,1,5,,True,True,True,10,0,1.0,2,2,0,0,True,False,,,,,,,,,0.2942058242775815,,False,False,False,False,
autoregressive_ppo_order_120,learning,medium,heterogeneity_pressure,0,0,202,1,203,29,0,missile,1-2-0,2,5,,True,True,True,0,0,1.0,0,0,0,0,False,False,,,,,,,,,0.0,,False,False,False,False,
autoregressive_ppo_order_120,learning,medium,heterogeneity_pressure,0,0,202,1,203,30,1,missile,1-2-0,0,5,,True,True,True,0,0,1.0,0,0,0,0,False,False,,,,,,,,,0.0,,False,False,False,False,
autoregressive_ppo_order_120,learning,medium,heterogeneity_pressure,0,0,202,1,203,30,2,laser,1-2-0,1,5,,True,True,True,10,0,1.0,2,2,0,0,True,False,,,,,,,,,0.3059181264982499,,False,False,False,False,
autoregressive_ppo_order_120,learning,medium,heterogeneity_pressure,0,0,202,1,203,30,0,missile,1-2-0,2,5,,True,True,True,0,0,1.0,0,0,0,0,False,False,,,,,,,,,0.0,,False,False,False,False,
autoregressive_ppo_order_120,learning,medium,heterogeneity_pressure,0,0,202,1,203,31,1,missile,1-2-0,0,5,,True,True,True,0,0,1.0,0,0,0,0,False,False,,,,,,,,,0.0,,False,False,False,False,
autoregressive_ppo_order_120,learning,medium,heterogeneity_pressure,0,0,202,1,203,31,2,laser,1-2-0,1,5,,True,True,True,10,0,1.0,1,1,0,0,True,False,,,,,,,,,0.3170449917025527,,False,False,False,False,
autoregressive_ppo_order_120,learning,medium,heterogeneity_pressure,0,0,202,1,203,31,0,missile,1-2-0,2,5,,True,True,True,0,0,1.0,0,0,0,0,False,False,,,,,,,,,0.0,,False,False,False,False,
autoregressive_ppo_order_120,learning,medium,heterogeneity_pressure,0,0,202,1,203,32,1,missile,1-2-0,0,5,,True,True,True,0,0,1.0,0,0,0,0,False,False,,,,,,,,,0.0,,False,False,False,False,
autoregressive_ppo_order_120,learning,medium,heterogeneity_pressure,0,0,202,1,203,32,2,laser,1-2-0,1,5,,True,True,True,10,0,1.0,1,1,0,0,True,False,,,,,,,,,0.327430714266635,,False,False,False,False,
autoregressive_ppo_order_120,learning,medium,heterogeneity_pressure,0,0,202,1,203,32,0,missile,1-2-0,2,5,,True,True,True,0,0,1.0,0,0,0,0,False,False,,,,,,,,,0.0,,False,False,False,False,
autoregressive_ppo_order_120,learning,medium,heterogeneity_pressure,0,0,202,1,203,33,1,missile,1-2-0,0,5,,True,True,True,0,0,1.0,0,0,0,0,False,False,,,,,,,,,0.0,,False,False,False,False,
autoregressive_ppo_order_120,learning,medium,heterogeneity_pressure,0,0,202,1,203,33,2,laser,1-2-0,1,5,,True,True,True,10,0,1.0,1,1,0,0,True,False,,,,,,,,,0.3368763274036696,,False,False,False,False,
autoregressive_ppo_order_120,learning,medium,heterogeneity_pressure,0,0,202,1,203,33,0,missile,1-2-0,2,5,,True,True,True,0,0,1.0,0,0,0,0,False,False,,,,,,,,,0.0,,False,False,False,False,
autoregressive_ppo_order_120,learning,medium,heterogeneity_pressure,0,0,202,1,203,34,1,missile,1-2-0,0,5,,True,True,True,0,0,1.0,0,0,0,0,False,False,,,,,,,,,0.0,,False,False,False,False,
autoregressive_ppo_order_120,learning,medium,heterogeneity_pressure,0,0,202,1,203,34,2,laser,1-2-0,1,5,,True,True,True,10,0,1.0,1,1,0,0,True,False,,,,,,,,,0.34513460115189254,,False,False,False,False,
autoregressive_ppo_order_120,learning,medium,heterogeneity_pressure,0,0,202,1,203,34,0,missile,1-2-0,2,5,,True,True,True,0,0,1.0,0,0,0,0,False,False,,,,,,,,,0.0,,False,False,False,False,
autoregressive_ppo_order_120,learning,medium,heterogeneity_pressure,0,0,202,1,203,35,1,missile,1-2-0,0,5,,True,True,True,0,0,1.0,0,0,0,0,False,False,,,,,,,,,0.0,,False,False,False,False,
autoregressive_ppo_order_120,learning,medium,heterogeneity_pressure,0,0,202,1,203,35,2,laser,1-2-0,1,5,,True,True,True,10,0,1.0,1,1,0,0,True,False,,,,,,,,,0.35191419951698444,,False,False,False,False,
autoregressive_ppo_order_120,learning,medium,heterogeneity_pressure,0,0,202,1,203,35,0,missile,1-2-0,2,5,,True,True,True,0,0,1.0,0,0,0,0,False,False,,,,,,,,,0.0,,False,False,False,False,
autoregressive_ppo_order_120,learning,medium,heterogeneity_pressure,0,0,202,1,203,36,1,missile,1-2-0,0,5,,True,True,True,0,0,1.0,0,0,0,0,False,False,,,,,,,,,0.0,,False,False,False,False,
autoregressive_ppo_order_120,learning,medium,heterogeneity_pressure,0,0,202,1,203,36,2,laser,1-2-0,1,5,,True,True,True,10,0,1.0,1,1,0,0,True,False,,,,,,,,,0.35690170468597576,,False,False,False,False,
autoregressive_ppo_order_120,learning,medium,heterogeneity_pressure,0,0,202,1,203,36,0,missile,1-2-0,2,5,,True,True,True,0,0,1.0,0,0,0,0,False,False,,,,,,,,,0.0,,False,False,False,False,
autoregressive_ppo_order_120,learning,medium,heterogeneity_pressure,0,0,202,1,203,37,1,missile,1-2-0,0,5,,True,True,True,0,0,1.0,0,0,0,0,False,False,,,,,,,,,0.0,,False,False,False,False,
autoregressive_ppo_order_120,learning,medium,heterogeneity_pressure,0,0,202,1,203,37,2,laser,1-2-0,1,5,,True,True,True,10,0,1.0,1,1,0,0,True,False,,,,,,,,,0.3598090257318095,,False,False,False,False,
autoregressive_ppo_order_120,learning,medium,heterogeneity_pressure,0,0,202,1,203,37,0,missile,1-2-0,2,5,,True,True,True,0,0,1.0,0,0,0,0,False,False,,,,,,,,,0.0,,False,False,False,False,
autoregressive_ppo_order_120,learning,medium,heterogeneity_pressure,0,0,202,1,203,38,1,missile,1-2-0,0,5,,True,True,True,0,0,1.0,0,0,0,0,False,False,,,,,,,,,0.0,,False,False,False,False,
autoregressive_ppo_order_120,learning,medium,heterogeneity_pressure,0,0,202,1,203,38,2,laser,1-2-0,1,5,,True,True,True,10,0,1.0,1,1,0,0,True,False,,,,,,,,,0.3604399704961756,,False,False,False,False,
autoregressive_ppo_order_120,learning,medium,heterogeneity_pressure,0,0,202,1,203,38,0,missile,1-2-0,2,5,,True,True,True,0,0,1.0,0,0,0,0,False,False,,,,,,,,,0.0,,False,False,False,False,
autoregressive_ppo_order_120,learning,medium,heterogeneity_pressure,0,0,202,1,203,39,1,missile,1-2-0,0,5,,True,True,True,0,0,1.0,0,0,0,0,False,False,,,,,,,,,0.0,,False,False,False,False,
autoregressive_ppo_order_120,learning,medium,heterogeneity_pressure,0,0,202,1,203,39,2,laser,1-2-0,1,5,,True,True,True,10,0,1.0,1,1,0,0,True,False,,,,,,,,,0.35874883921525924,,False,False,False,False,
autoregressive_ppo_order_120,learning,medium,heterogeneity_pressure,0,0,202,1,203,39,0,missile,1-2-0,2,5,,True,True,True,0,0,1.0,0,0,0,0,False,False,,,,,,,,,0.0,,False,False,False,False,
autoregressive_ppo_order_120,learning,medium,heterogeneity_pressure,0,0,202,1,203,40,1,missile,1-2-0,0,5,,True,True,True,0,0,1.0,0,0,0,0,False,False,,,,,,,,,0.0,,False,False,False,False,
autoregressive_ppo_order_120,learning,medium,heterogeneity_pressure,0,0,202,1,203,40,2,laser,1-2-0,1,5,,True,True,True,10,0,1.0,1,1,0,0,True,False,,,,,,,,,0.35485556496670206,,False,False,False,False,
autoregressive_ppo_order_120,learning,medium,heterogeneity_pressure,0,0,202,1,203,40,0,missile,1-2-0,2,5,,True,True,True,0,0,1.0,0,0,0,0,False,False,,,,,,,,,0.0,,False,False,False,False,
autoregressive_ppo_order_120,learning,medium,heterogeneity_pressure,0,0,202,1,203,41,1,missile,1-2-0,0,5,,True,True,True,0,0,1.0,0,0,0,0,False,False,,,,,,,,,0.0,,False,False,False,False,
autoregressive_ppo_order_120,learning,medium,heterogeneity_pressure,0,0,202,1,203,41,2,laser,1-2-0,1,5,,True,True,True,10,0,1.0,0,0,0,0,False,False,,,,,,,,,0.0,,False,False,False,False,
autoregressive_ppo_order_120,learning,medium,heterogeneity_pressure,0,0,202,1,203,41,0,missile,1-2-0,2,5,,True,True,True,0,0,1.0,0,0,0,0,False,False,,,,,,,,,0.0,,False,False,False,False,
autoregressive_ppo_order_120,learning,medium,heterogeneity_pressure,0,0,202,1,203,42,1,missile,1-2-0,0,5,,True,True,True,0,0,1.0,0,0,0,0,False,False,,,,,,,,,0.0,,False,False,False,False,
autoregressive_ppo_order_120,learning,medium,heterogeneity_pressure,0,0,202,1,203,42,2,laser,1-2-0,1,3,3,False,True,True,10,0,1.0,1,1,1,0,False,True,True,0.8588124029573939,1.2703562318932562,19.20364117449439,43.84852981567383,0.012794113159179665,1.0909976881241477,0.01395834787826375,0.01395834787826375,1.0,False,True,False,False,alive
autoregressive_ppo_order_120,learning,medium,heterogeneity_pressure,0,0,202,1,203,42,0,missile,1-2-0,2,5,,True,True,True,0,0,1.0,0,0,0,0,False,False,,,,,,,,,0.0,,False,False,False,False,
autoregressive_ppo_order_120,learning,medium,heterogeneity_pressure,0,0,202,1,203,43,1,missile,1-2-0,0,5,,True,True,True,0,0,1.0,0,0,0,0,False,False,,,,,,,,,0.0,,False,False,False,False,
autoregressive_ppo_order_120,learning,medium,heterogeneity_pressure,0,0,202,1,203,43,2,laser,1-2-0,1,3,3,False,True,True,9,0,1.0,1,1,1,0,False,True,True,0.8588124029573939,1.2703562318932562,18.20364081782421,42.46519470214844,0.028164503309461797,1.0909976881241477,0.030727407997787726,0.030727407997787726,1.0,False,True,False,False,alive
autoregressive_ppo_order_120,learning,medium,heterogeneity_pressure,0,0,202,1,203,43,0,missile,1-2-0,2,5,,True,True,True,0,0,1.0,0,0,0,0,False,False,,,,,,,,,0.0,,False,False,False,False,
autoregressive_ppo_order_120,learning,medium,heterogeneity_pressure,0,0,202,1,203,44,1,missile,1-2-0,0,5,,True,True,True,0,0,1.0,0,0,0,0,False,False,,,,,,,,,0.0,,False,False,False,False,
autoregressive_ppo_order_120,learning,medium,heterogeneity_pressure,0,0,202,1,203,44,2,laser,1-2-0,1,3,3,False,True,True,8,0,1.0,1,1,1,0,False,True,True,0.8588124029573939,1.2703562318932562,17.203639083784804,41.08195877075195,0.04353379143608943,1.0909976881241477,0.047495265812052385,0.047495265812052385,1.0,False,True,False,False,alive
autoregressive_ppo_order_120,learning,medium,heterogeneity_pressure,0,0,202,1,203,44,0,missile,1-2-0,2,5,,True,True,True,0,0,1.0,0,0,0,0,False,False,,,,,,,,,0.0,,False,False,False,False,
autoregressive_ppo_order_120,learning,medium,heterogeneity_pressure,0,0,202,1,203,45,1,missile,1-2-0,0,5,,True,True,True,0,0,1.0,0,0,0,0,False,False,,,,,,,,,0.0,,False,False,False,False,
autoregressive_ppo_order_120,learning,medium,heterogeneity_pressure,0,0,202,1,203,45,2,laser,1-2-0,1,3,3,False,True,True,7,0,1.0,1,1,1,0,False,True,True,0.8588124029573939,1.2703562318932562,16.203640104483842,39.698829650878906,0.058901892768012165,1.0909976881241477,0.06426182883603772,0.06426182883603772,1.0,False,True,False,False,alive
autoregressive_ppo_order_120,learning,medium,heterogeneity_pressure,0,0,202,1,203,45,0,missile,1-2-0,2,5,,True,True,True,0,0,1.0,0,0,0,0,False,False,,,,,,,,,0.0,,False,False,False,False,
autoregressive_ppo_order_120,learning,medium,heterogeneity_pressure,0,0,202,1,203,46,1,missile,1-2-0,0,5,,True,True,True,0,0,1.0,0,0,0,0,False,False,,,,,,,,,0.0,,False,False,False,False,
autoregressive_ppo_order_120,learning,medium,heterogeneity_pressure,0,0,202,1,203,46,2,laser,1-2-0,1,3,3,False,True,True,6,0,1.0,1,1,1,0,False,True,True,0.8588124029573939,1.2703562318932562,15.20363974781366,38.31581497192383,0.07426872253417971,1.0909976881241477,0.08102700458472385,0.08102700458472385,1.0,False,True,False,False,alive
autoregressive_ppo_order_120,learning,medium,heterogeneity_pressure,0,0,202,1,203,46,0,missile,1-2-0,2,5,,True,True,True,0,0,1.0,0,0,0,0,False,False,,,,,,,,,0.0,,False,False,False,False,
autoregressive_ppo_order_120,learning,medium,heterogeneity_pressure,0,0,202,1,203,47,1,missile,1-2-0,0,5,,True,True,True,0,0,1.0,0,0,0,0,False,False,,,,,,,,,0.0,,False,False,False,False,
autoregressive_ppo_order_120,learning,medium,heterogeneity_pressure,0,0,202,1,203,47,2,laser,1-2-0,1,3,3,False,True,True,5,0,1.0,1,1,1,0,False,True,True,0.8588124029573939,1.2703562318932562,14.20363939114348,36.93293762207031,0.08963402642144097,1.0909976881241477,0.09779051560305087,0.09779051560305087,1.0,False,True,True,True,intercepted
autoregressive_ppo_order_120,learning,medium,heterogeneity_pressure,0,0,202,1,203,47,0,missile,1-2-0,2,5,,True,True,True,0,0,1.0,0,0,0,0,False,False,,,,,,,,,0.0,,False,False,False,False,
autoregressive_ppo_order_201,learning,medium,medium,0,0,200,0,200,0,2,laser,2-0-1,0,5,,True,True,True,10,0,1.0,0,0,0,0,False,False,,,,,,,,,0.0,,False,False,False,False,
autoregressive_ppo_order_201,learning,medium,medium,0,0,200,0,200,0,0,missile,2-0-1,1,1,1,False,True,True,3,0,1.0,4,4,2,0,False,False,True,0.6787572622355702,0.8174013401448552,33.007042050717835,54.65597152709961,0.3141499418370864,0.554817095784408,0.17429575837089295,0.2686379961159966,0.6488127550491141,False,True,False,False,alive
autoregressive_ppo_order_201,learning,medium,medium,0,0,200,0,200,0,1,missile,2-0-1,2,0,0,False,True,True,3,0,1.0,4,3,2,1,False,False,True,0.7867483246246827,1.0960476158634695,41.45283959300285,68.15534973144531,0.17439167336856623,0.8623136254894624,0.15038031611762248,0.33966777144363136,0.44272765555144356,False,True,False,False,alive
autoregressive_ppo_order_201,learning,medium,medium,0,0,200,0,200,1,2,laser,2-0-1,0,5,,True,True,True,10,0,1.0,0,0,0,0,False,False,,,,,,,,,0.0,,False,False,False,False,
autoregressive_ppo_order_201,learning,medium,medium,0,0,200,0,200,1,0,missile,2-0-1,1,5,,True,True,True,2,1,1.0,0,0,0,0,False,False,,,,,,,,,0.0,,False,False,False,False,
autoregressive_ppo_order_201,learning,medium,medium,0,0,200,0,200,1,1,missile,2-0-1,2,5,,True,True,True,2,1,1.0,0,0,0,0,False,False,,,,,,,,,0.0,,False,False,False,False,
autoregressive_ppo_order_201,learning,medium,medium,0,0,200,0,200,2,2,laser,2-0-1,0,5,,True,True,True,10,0,1.0,1,1,0,0,True,False,,,,,,,,,0.009662318398424132,,False,False,False,False,
autoregressive_ppo_order_201,learning,medium,medium,0,0,200,0,200,2,0,missile,2-0-1,1,1,1,False,True,True,2,0,1.0,4,4,2,0,False,False,True,0.6787572622355702,0.8174013401448552,31.007042772592527,51.22147750854492,0.3497070563821231,0.554817095784408,0.19402345339724375,0.31013194909513725,0.6256158192128873,False,True,False,False,alive
autoregressive_ppo_order_201,learning,medium,medium,0,0,200,0,200,2,1,missile,2-0-1,2,0,0,False,True,True,2,0,1.0,4,3,2,1,False,False,True,0.7867483246246827,1.0960476158634695,39.452838685866574,65.47637176513672,0.20212697466681984,0.8623136254894624,0.17429684433416215,0.3810278098800076,0.45743864309812793,False,True,False,False,alive
autoregressive_ppo_order_201,learning,medium,medium,0,0,200,0,200,3,2,laser,2-0-1,0,5,,True,True,True,10,0,1.0,1,1,0,0,True,False,,,,,,,,,0.021355310958783732,,False,False,False,False,
autoregressive_ppo_order_201,learning,medium,medium,0,0,200,0,200,3,0,missile,2-0-1,1,5,,True,True,True,1,1,1.0,0,0,0,0,False,False,,,,,,,,,0.0,,False,False,False,False,
autoregressive_ppo_order_201,learning,medium,medium,0,0,200,0,200,3,1,missile,2-0-1,2,5,,True,True,True,1,1,1.0,0,0,0,0,False,False,,,,,,,,,0.0,,False,False,False,False,
autoregressive_ppo_order_201,learning,medium,medium,0,0,200,0,200,4,2,laser,2-0-1,0,5,,True,True,True,10,0,1.0,1,1,0,0,True,False,,,,,,,,,0.03303166122277987,,False,False,False,False,
autoregressive_ppo_order_201,learning,medium,medium,0,0,200,0,200,4,0,missile,2-0-1,1,1,1,False,True,True,1,0,1.0,4,4,2,0,False,False,True,0.6787572622355702,0.8174013401448552,29.007043494467222,47.79356384277344,0.385196044921875,0.554817095784408,0.21371335095119504,0.3515518527554596,0.6079141647984846,False,True,False,False,alive
autoregressive_ppo_order_201,learning,medium,medium,0,0,200,0,200,4,1,missile,2-0-1,2,0,0,False,True,True,1,0,1.0,4,3,2,1,False,False,True,0.7867483246246827,1.0960476158634695,37.452837778730306,62.8001594543457,0.2298336432961857,0.8623136254894624,0.19818868221018576,0.42229179279155027,0.46931691686467314,False,True,False,False,alive
autoregressive_ppo_order_201,learning,medium,medium,0,0,200,0,200,5,2,laser,2-0-1,0,5,,True,True,True,10,0,1.0,1,1,0,0,True,False,,,,,,,,,0.04468958982539251,,False,False,False,False,
autoregressive_ppo_order_201,learning,medium,medium,0,0,200,0,200,5,0,missile,2-0-1,1,5,,True,True,True,0,1,1.0,0,0,0,0,False,False,,,,,,,,,0.0,,False,False,False,False,
autoregressive_ppo_order_201,learning,medium,medium,0,0,200,0,200,5,1,missile,2-0-1,2,5,,True,True,True,0,1,1.0,0,0,0,0,False,False,,,,,,,,,0.0,,False,False,False,False,
autoregressive_ppo_order_201,learning,medium,medium,0,0,200,0,200,6,2,laser,2-0-1,0,5,,True,True,True,10,0,1.0,1,1,0,0,True,False,,,,,,,,,0.056327134231673175,,False,False,False,False,
autoregressive_ppo_order_201,learning,medium,medium,0,0,200,0,200,6,0,missile,2-0-1,1,5,,True,True,True,0,0,1.0,0,0,0,0,False,False,,,,,,,,,0.0,,False,False,False,False,
autoregressive_ppo_order_201,learning,medium,medium,0,0,200,0,200,6,1,missile,2-0-1,2,5,,True,True,True,0,0,1.0,0,0,0,0,False,False,,,,,,,,,0.0,,False,False,False,False,
autoregressive_ppo_order_201,learning,medium,medium,0,0,200,0,200,7,2,laser,2-0-1,0,5,,True,True,True,10,0,1.0,1,1,0,0,True,False,,,,,,,,,0.06794196556681625,,False,False,False,False,
autoregressive_ppo_order_201,learning,medium,medium,0,0,200,0,200,7,0,missile,2-0-1,1,5,,True,True,True,0,0,1.0,0,0,0,0,False,False,,,,,,,,,0.0,,False,False,False,False,
autoregressive_ppo_order_201,learning,medium,medium,0,0,200,0,200,7,1,missile,2-0-1,2,5,,True,True,True,0,0,1.0,0,0,0,0,False,False,,,,,,,,,0.0,,False,False,False,False,
autoregressive_ppo_order_201,learning,medium,medium,0,0,200,0,200,8,2,laser,2-0-1,0,5,,True,True,True,10,0,1.0,1,1,0,0,True,False,,,,,,,,,0.07953144095042443,,False,False,False,False,
autoregressive_ppo_order_201,learning,medium,medium,0,0,200,0,200,8,0,missile,2-0-1,1,5,,True,True,True,0,0,1.0,0,0,0,0,False,False,,,,,,,,,0.0,,False,False,False,False,
autoregressive_ppo_order_201,learning,medium,medium,0,0,200,0,200,8,1,missile,2-0-1,2,5,,True,True,True,0,0,1.0,0,0,0,0,False,False,,,,,,,,,0.0,,False,False,False,False,
autoregressive_ppo_order_201,learning,medium,medium,0,0,200,0,200,9,2,laser,2-0-1,0,5,,True,True,True,10,0,1.0,1,1,0,0,True,False,,,,,,,,,0.09109247266084534,,False,False,False,False,
autoregressive_ppo_order_201,learning,medium,medium,0,0,200,0,200,9,0,missile,2-0-1,1,5,,True,True,True,0,0,1.0,0,0,0,0,False,False,,,,,,,,,0.0,,False,False,False,False,
autoregressive_ppo_order_201,learning,medium,medium,0,0,200,0,200,9,1,missile,2-0-1,2,5,,True,True,True,0,0,1.0,0,0,0,0,False,False,,,,,,,,,0.0,,False,False,False,False,
autoregressive_ppo_order_201,learning,medium,medium,0,0,200,0,200,10,2,laser,2-0-1,0,5,,True,True,True,10,0,1.0,1,1,0,0,True,False,,,,,,,,,0.10262144963377372,,False,False,False,False,
autoregressive_ppo_order_201,learning,medium,medium,0,0,200,0,200,10,0,missile,2-0-1,1,5,,True,True,True,0,0,1.0,0,0,0,0,False,False,,,,,,,,,0.0,,False,False,False,False,
autoregressive_ppo_order_201,learning,medium,medium,0,0,200,0,200,10,1,missile,2-0-1,2,5,,True,True,True,0,0,1.0,0,0,0,0,False,False,,,,,,,,,0.0,,False,False,False,False,
autoregressive_ppo_order_201,learning,medium,medium,0,0,200,0,200,11,2,laser,2-0-1,0,5,,True,True,True,10,0,1.0,1,1,0,0,True,False,,,,,,,,,0.1141141589608534,,False,False,False,False,
autoregressive_ppo_order_201,learning,medium,medium,0,0,200,0,200,11,0,missile,2-0-1,1,5,,True,True,True,0,0,1.0,0,0,0,0,False,False,,,,,,,,,0.0,,False,False,False,False,
autoregressive_ppo_order_201,learning,medium,medium,0,0,200,0,200,11,1,missile,2-0-1,2,5,,True,True,True,0,0,1.0,0,0,0,0,False,False,,,,,,,,,0.0,,False,False,False,False,
autoregressive_ppo_order_201,learning,medium,medium,0,0,200,0,200,12,2,laser,2-0-1,0,3,3,False,True,True,10,0,1.0,2,2,1,0,False,True,True,0.9248442583499341,1.427710962541492,24.691468638613227,54.450252532958984,0.006796877774325272,1.3204102862897569,0.008974667327873317,0.12556568122114675,0.0714738871369407,False,True,False,False,alive
autoregressive_ppo_order_201,learning,medium,medium,0,0,200,0,200,12,0,missile,2-0-1,1,5,,True,True,True,0,0,1.0,0,0,0,0,False,False,,,,,,,,,0.0,,False,False,False,False,
autoregressive_ppo_order_201,learning,medium,medium,0,0,200,0,200,12,1,missile,2-0-1,2,5,,True,True,True,0,0,1.0,0,0,0,0,False,False,,,,,,,,,0.0,,False,False,False,False,
autoregressive_ppo_order_201,learning,medium,medium,0,0,200,0,200,13,2,laser,2-0-1,0,4,4,False,True,True,9,0,1.0,3,3,2,0,False,True,True,0.8251292572543958,0.7625848023291526,66.94181031878848,54.91593551635742,0.0010393427068536988,0.5033848252314751,0.0005231893468451574,0.13697007647554293,0.0038197346479439025,False,True,False,False,alive
autoregressive_ppo_order_201,learning,medium,medium,0,0,200,0,200,13,0,missile,2-0-1,1,5,,True,True,True,0,0,1.0,0,0,0,0,False,False,,,,,,,,,0.0,,False,False,False,False,
autoregressive_ppo_order_201,learning,medium,medium,0,0,200,0,200,13,1,missile,2-0-1,2,5,,True,True,True,0,0,1.0,0,0,0,0,False,False,,,,,,,,,0.0,,False,False,False,False,
autoregressive_ppo_order_201,learning,medium,medium,0,0,200,0,200,14,2,laser,2-0-1,0,4,4,False,True,True,8,0,1.0,4,4,2,0,False,True,True,0.8251292572543958,0.7625848023291526,65.94181121171248,53.91822814941406,0.013374633789062501,0.5033848252314751,0.0067325876924422086,0.14832033193249253,0.045392210256827915,False,True,False,False,alive
autoregressive_ppo_order_201,learning,medium,medium,0,0,200,0,200,14,0,missile,2-0-1,1,5,,True,True,True,0,0,1.0,0,0,0,0,False,False,,,,,,,,,0.0,,False,False,False,False,
autoregressive_ppo_order_201,learning,medium,medium,0,0,200,0,200,14,1,missile,2-0-1,2,5,,True,True,True,0,0,1.0,0,0,0,0,False,False,,,,,,,,,0.0,,False,False,False,False,
autoregressive_ppo_order_201,learning,medium,medium,0,0,200,0,200,15,2,laser,2-0-1,0,4,4,False,True,True,7,0,1.0,4,4,2,0,False,True,True,0.8251292572543958,0.7625848023291526,64.94181210463648,52.92329406738281,0.02567563698508525,0.5033848252314751,0.012924726036443937,0.1596079694410179,0.08097794916951304,False,True,False,False,alive
autoregressive_ppo_order_201,learning,medium,medium,0,0,200,0,200,15,0,missile,2-0-1,1,5,,True,True,True,0,0,1.0,0,0,0,0,False,False,,,,,,,,,0.0,,False,False,False,False,
autoregressive_ppo_order_201,learning,medium,medium,0,0,200,0,200,15,1,missile,2-0-1,2,5,,True,True,True,0,0,1.0,0,0,0,0,False,False,,,,,,,,,0.0,,False,False,False,False,
autoregressive_ppo_order_201,learning,medium,medium,0,0,200,0,200,16,2,laser,2-0-1,0,4,4,False,True,True,6,0,1.0,4,4,2,0,False,True,True,0.8251292572543958,0.7625848023291526,63.941805859808106,51.931304931640625,0.03794022993607956,0.5033848252314751,0.01909853601561539,0.17082270531798882,0.1118032639751443,False,True,False,False,alive
autoregressive_ppo_order_201,learning,medium,medium,0,0,200,0,200,16,0,missile,2-0-1,1,5,,True,True,True,0,0,1.0,0,0,0,0,False,False,,,,,,,,,0.0,,False,False,False,False,
autoregressive_ppo_order_201,learning,medium,medium,0,0,200,0,200,16,1,missile,2-0-1,2,5,,True,True,True,0,0,1.0,0,0,0,0,False,False,,,,,,,,,0.0,,False,False,False,False,
autoregressive_ppo_order_201,learning,medium,medium,0,0,200,0,200,17,2,laser,2-0-1,0,4,4,False,True,True,5,0,1.0,4,4,2,0,False,True,True,0.8251292572543958,0.7625848023291526,62.941806752732106,50.942420959472656,0.05016643177379265,0.5033848252314751,0.025253020490937333,0.18195199242330104,0.13878946943426487,False,True,False,False,alive
autoregressive_ppo_order_201,learning,medium,medium,0,0,200,0,200,17,0,missile,2-0-1,1,5,,True,True,True,0,0,1.0,0,0,0,0,False,False,,,,,,,,,0.0,,False,False,False,False,
autoregressive_ppo_order_201,learning,medium,medium,0,0,200,0,200,17,1,missile,2-0-1,2,5,,True,True,True,0,0,1.0,0,0,0,0,False,False,,,,,,,,,0.0,,False,False,False,False,
autoregressive_ppo_order_201,learning,medium,medium,0,0,200,0,200,18,2,laser,2-0-1,0,4,4,False,True,True,4,0,1.0,4,4,2,0,False,True,True,0.8251292572543958,0.7625848023291526,61.941807645656105,49.95683288574219,0.06235188432173298,0.5033848252314751,0.031386992392148705,0.19298036598156026,0.1626434494126092,False,True,False,False,alive
autoregressive_ppo_order_201,learning,medium,medium,0,0,200,0,200,18,0,missile,2-0-1,1,5,,True,True,True,0,0,1.0,0,0,0,0,False,False,,,,,,,,,0.0,,False,False,False,False,
autoregressive_ppo_order_201,learning,medium,medium,0,0,200,0,200,18,1,missile,2-0-1,2,5,,True,True,True,0,0,1.0,0,0,0,0,False,False,,,,,,,,,0.0,,False,False,False,False,
autoregressive_ppo_order_201,learning,medium,medium,0,0,200,0,200,19,2,laser,2-0-1,0,4,4,False,True,True,3,0,1.0,4,4,2,0,False,True,True,0.8251292572543958,0.7625848023291526,60.941808538580105,48.9747428894043,0.0744940879128196,0.5033848252314751,0.037499193424772835,0.20388852773243932,0.18392007555217926,False,True,False,False,alive
autoregressive_ppo_order_201,learning,medium,medium,0,0,200,0,200,19,0,missile,2-0-1,1,5,,True,True,True,0,0,1.0,0,0,0,0,False,False,,,,,,,,,0.0,,False,False,False,False,
autoregressive_ppo_order_201,learning,medium,medium,0,0,200,0,200,19,1,missile,2-0-1,2,5,,True,True,True,0,0,1.0,0,0,0,0,False,False,,,,,,,,,0.0,,False,False,False,False,
autoregressive_ppo_order_201,learning,medium,medium,0,0,200,0,200,20,2,laser,2-0-1,0,4,4,False,True,True,2,0,1.0,4,4,2,0,False,True,True,0.8251292572543958,0.7625848023291526,59.941802293751735,47.99635696411133,0.08659049571644174,0.5033848252314751,0.04358834155292782,0.21465233849607127,0.2030648343191733,False,True,False,False,alive
autoregressive_ppo_order_201,learning,medium,medium,0,0,200,0,200,20,0,missile,2-0-1,1,5,,True,True,True,0,0,1.0,0,0,0,0,False,False,,,,,,,,,0.0,,False,False,False,False,
autoregressive_ppo_order_201,learning,medium,medium,0,0,200,0,200,20,1,missile,2-0-1,2,5,,True,True,True,0,0,1.0,0,0,0,0,False,False,,,,,,,,,0.0,,False,False,False,False,
autoregressive_ppo_order_201,learning,medium,medium,0,0,200,0,200,21,2,laser,2-0-1,0,4,4,False,True,True,1,0,1.0,4,4,2,0,False,True,True,0.8251292572543958,0.7625848023291526,58.941796048923365,47.021915435791016,0.09863813643022018,0.5033848252314751,0.04965294106808478,0.23421407531659097,0.21199810899907742,False,True,True,True,intercepted
autoregressive_ppo_order_201,learning,medium,medium,0,0,200,0,200,21,0,missile,2-0-1,1,5,,True,True,True,0,0,1.0,0,0,0,0,False,False,,,,,,,,,0.0,,False,False,False,False,
autoregressive_ppo_order_201,learning,medium,medium,0,0,200,0,200,21,1,missile,2-0-1,2,5,,True,True,True,0,0,1.0,0,0,0,0,False,False,,,,,,,,,0.0,,False,False,False,False,
autoregressive_ppo_order_201,learning,medium,medium,0,0,200,0,200,22,2,laser,2-0-1,0,5,,True,True,True,0,0,1.0,0,0,0,0,False,False,,,,,,,,,0.0,,False,False,False,False,
autoregressive_ppo_order_201,learning,medium,medium,0,0,200,0,200,22,0,missile,2-0-1,1,5,,True,True,True,0,0,1.0,0,0,0,0,False,False,,,,,,,,,0.0,,False,False,False,False,
autoregressive_ppo_order_201,learning,medium,medium,0,0,200,0,200,22,1,missile,2-0-1,2,5,,True,True,True,0,0,1.0,0,0,0,0,False,False,,,,,,,,,0.0,,False,False,False,False,
autoregressive_ppo_order_201,learning,medium,medium,0,0,200,0,200,23,2,laser,2-0-1,0,5,,True,True,True,0,0,1.0,0,0,0,0,False,False,,,,,,,,,0.0,,False,False,False,False,
autoregressive_ppo_order_201,learning,medium,medium,0,0,200,0,200,23,0,missile,2-0-1,1,5,,True,True,True,0,0,1.0,0,0,0,0,False,False,,,,,,,,,0.0,,False,False,False,False,
autoregressive_ppo_order_201,learning,medium,medium,0,0,200,0,200,23,1,missile,2-0-1,2,5,,True,True,True,0,0,1.0,0,0,0,0,False,False,,,,,,,,,0.0,,False,False,False,False,
autoregressive_ppo_order_201,learning,medium,medium,0,0,200,0,200,24,2,laser,2-0-1,0,5,,True,True,True,0,0,1.0,0,0,0,0,False,False,,,,,,,,,0.0,,False,False,False,False,
autoregressive_ppo_order_201,learning,medium,medium,0,0,200,0,200,24,0,missile,2-0-1,1,5,,True,True,True,0,0,1.0,0,0,0,0,False,False,,,,,,,,,0.0,,False,False,False,False,
autoregressive_ppo_order_201,learning,medium,medium,0,0,200,0,200,24,1,missile,2-0-1,2,5,,True,True,True,0,0,1.0,0,0,0,0,False,False,,,,,,,,,0.0,,False,False,False,False,
autoregressive_ppo_order_201,learning,medium,medium,0,0,200,0,200,25,2,laser,2-0-1,0,5,,True,True,True,0,0,1.0,0,0,0,0,False,False,,,,,,,,,0.0,,False,False,False,False,
autoregressive_ppo_order_201,learning,medium,medium,0,0,200,0,200,25,0,missile,2-0-1,1,5,,True,True,True,0,0,1.0,0,0,0,0,False,False,,,,,,,,,0.0,,False,False,False,False,
autoregressive_ppo_order_201,learning,medium,medium,0,0,200,0,200,25,1,missile,2-0-1,2,5,,True,True,True,0,0,1.0,0,0,0,0,False,False,,,,,,,,,0.0,,False,False,False,False,
autoregressive_ppo_order_201,learning,medium,medium,0,0,200,0,200,26,2,laser,2-0-1,0,5,,True,True,True,0,0,1.0,0,0,0,0,False,False,,,,,,,,,0.0,,False,False,False,False,
autoregressive_ppo_order_201,learning,medium,medium,0,0,200,0,200,26,0,missile,2-0-1,1,5,,True,True,True,0,0,1.0,0,0,0,0,False,False,,,,,,,,,0.0,,False,False,False,False,
autoregressive_ppo_order_201,learning,medium,medium,0,0,200,0,200,26,1,missile,2-0-1,2,5,,True,True,True,0,0,1.0,0,0,0,0,False,False,,,,,,,,,0.0,,False,False,False,False,
autoregressive_ppo_order_201,learning,medium,medium,0,0,200,0,200,27,2,laser,2-0-1,0,5,,True,True,True,0,0,1.0,0,0,0,0,False,False,,,,,,,,,0.0,,False,False,False,False,
autoregressive_ppo_order_201,learning,medium,medium,0,0,200,0,200,27,0,missile,2-0-1,1,5,,True,True,True,0,0,1.0,0,0,0,0,False,False,,,,,,,,,0.0,,False,False,False,False,
autoregressive_ppo_order_201,learning,medium,medium,0,0,200,0,200,27,1,missile,2-0-1,2,5,,True,True,True,0,0,1.0,0,0,0,0,False,False,,,,,,,,,0.0,,False,False,False,False,
autoregressive_ppo_order_201,learning,medium,medium,0,0,200,0,200,28,2,laser,2-0-1,0,5,,True,True,True,0,0,1.0,0,0,0,0,False,False,,,,,,,,,0.0,,False,False,False,False,
autoregressive_ppo_order_201,learning,medium,medium,0,0,200,0,200,28,0,missile,2-0-1,1,5,,True,True,True,0,0,1.0,0,0,0,0,False,False,,,,,,,,,0.0,,False,False,False,False,
autoregressive_ppo_order_201,learning,medium,medium,0,0,200,0,200,28,1,missile,2-0-1,2,5,,True,True,True,0,0,1.0,0,0,0,0,False,False,,,,,,,,,0.0,,False,False,False,False,
autoregressive_ppo_order_201,learning,medium,medium,0,0,200,0,200,29,2,laser,2-0-1,0,5,,True,True,True,0,0,1.0,0,0,0,0,False,False,,,,,,,,,0.0,,False,False,False,False,
autoregressive_ppo_order_201,learning,medium,medium,0,0,200,0,200,29,0,missile,2-0-1,1,5,,True,True,True,0,0,1.0,0,0,0,0,False,False,,,,,,,,,0.0,,False,False,False,False,
autoregressive_ppo_order_201,learning,medium,medium,0,0,200,0,200,29,1,missile,2-0-1,2,5,,True,True,True,0,0,1.0,0,0,0,0,False,False,,,,,,,,,0.0,,False,False,False,False,
autoregressive_ppo_order_201,learning,medium,medium,0,0,200,0,200,30,2,laser,2-0-1,0,5,,True,True,True,0,0,1.0,0,0,0,0,False,False,,,,,,,,,0.0,,False,False,False,False,
autoregressive_ppo_order_201,learning,medium,medium,0,0,200,0,200,30,0,missile,2-0-1,1,5,,True,True,True,0,0,1.0,0,0,0,0,False,False,,,,,,,,,0.0,,False,False,False,False,
autoregressive_ppo_order_201,learning,medium,medium,0,0,200,0,200,30,1,missile,2-0-1,2,5,,True,True,True,0,0,1.0,0,0,0,0,False,False,,,,,,,,,0.0,,False,False,False,False,
autoregressive_ppo_order_201,learning,medium,medium,0,0,200,0,200,31,2,laser,2-0-1,0,5,,True,True,True,0,0,1.0,0,0,0,0,False,False,,,,,,,,,0.0,,False,False,False,False,
autoregressive_ppo_order_201,learning,medium,medium,0,0,200,0,200,31,0,missile,2-0-1,1,5,,True,True,True,0,0,1.0,0,0,0,0,False,False,,,,,,,,,0.0,,False,False,False,False,
autoregressive_ppo_order_201,learning,medium,medium,0,0,200,0,200,31,1,missile,2-0-1,2,5,,True,True,True,0,0,1.0,0,0,0,0,False,False,,,,,,,,,0.0,,False,False,False,False,
autoregressive_ppo_order_201,learning,medium,medium,0,0,200,0,200,32,2,laser,2-0-1,0,5,,True,True,True,0,0,1.0,0,0,0,0,False,False,,,,,,,,,0.0,,False,False,False,False,
autoregressive_ppo_order_201,learning,medium,medium,0,0,200,0,200,32,0,missile,2-0-1,1,5,,True,True,True,0,0,1.0,0,0,0,0,False,False,,,,,,,,,0.0,,False,False,False,False,
autoregressive_ppo_order_201,learning,medium,medium,0,0,200,0,200,32,1,missile,2-0-1,2,5,,True,True,True,0,0,1.0,0,0,0,0,False,False,,,,,,,,,0.0,,False,False,False,False,
autoregressive_ppo_order_201,learning,medium,medium,0,0,200,0,200,33,2,laser,2-0-1,0,5,,True,True,True,0,0,1.0,0,0,0,0,False,False,,,,,,,,,0.0,,False,False,False,False,
autoregressive_ppo_order_201,learning,medium,medium,0,0,200,0,200,33,0,missile,2-0-1,1,5,,True,True,True,0,0,1.0,0,0,0,0,False,False,,,,,,,,,0.0,,False,False,False,False,
autoregressive_ppo_order_201,learning,medium,medium,0,0,200,0,200,33,1,missile,2-0-1,2,5,,True,True,True,0,0,1.0,0,0,0,0,False,False,,,,,,,,,0.0,,False,False,False,False,
autoregressive_ppo_order_201,learning,medium,medium,0,0,200,0,200,34,2,laser,2-0-1,0,5,,True,True,True,0,0,1.0,0,0,0,0,False,False,,,,,,,,,0.0,,False,False,False,False,
autoregressive_ppo_order_201,learning,medium,medium,0,0,200,0,200,34,0,missile,2-0-1,1,5,,True,True,True,0,0,1.0,0,0,0,0,False,False,,,,,,,,,0.0,,False,False,False,False,
autoregressive_ppo_order_201,learning,medium,medium,0,0,200,0,200,34,1,missile,2-0-1,2,5,,True,True,True,0,0,1.0,0,0,0,0,False,False,,,,,,,,,0.0,,False,False,False,False,
autoregressive_ppo_order_201,learning,medium,medium,0,0,200,0,200,35,2,laser,2-0-1,0,5,,True,True,True,0,0,1.0,0,0,0,0,False,False,,,,,,,,,0.0,,False,False,False,False,
autoregressive_ppo_order_201,learning,medium,medium,0,0,200,0,200,35,0,missile,2-0-1,1,5,,True,True,True,0,0,1.0,0,0,0,0,False,False,,,,,,,,,0.0,,False,False,False,False,
autoregressive_ppo_order_201,learning,medium,medium,0,0,200,0,200,35,1,missile,2-0-1,2,5,,True,True,True,0,0,1.0,0,0,0,0,False,False,,,,,,,,,0.0,,False,False,False,False,
autoregressive_ppo_order_201,learning,medium,medium,0,0,200,0,200,36,2,laser,2-0-1,0,5,,True,True,True,0,0,1.0,0,0,0,0,False,False,,,,,,,,,0.0,,False,False,False,False,
autoregressive_ppo_order_201,learning,medium,medium,0,0,200,0,200,36,0,missile,2-0-1,1,5,,True,True,True,0,0,1.0,0,0,0,0,False,False,,,,,,,,,0.0,,False,False,False,False,
autoregressive_ppo_order_201,learning,medium,medium,0,0,200,0,200,36,1,missile,2-0-1,2,5,,True,True,True,0,0,1.0,0,0,0,0,False,False,,,,,,,,,0.0,,False,False,False,False,
autoregressive_ppo_order_201,learning,medium,medium,0,0,200,0,200,37,2,laser,2-0-1,0,5,,True,True,True,0,0,1.0,0,0,0,0,False,False,,,,,,,,,0.0,,False,False,False,False,
autoregressive_ppo_order_201,learning,medium,medium,0,0,200,0,200,37,0,missile,2-0-1,1,5,,True,True,True,0,0,1.0,0,0,0,0,False,False,,,,,,,,,0.0,,False,False,False,False,
autoregressive_ppo_order_201,learning,medium,medium,0,0,200,0,200,37,1,missile,2-0-1,2,5,,True,True,True,0,0,1.0,0,0,0,0,False,False,,,,,,,,,0.0,,False,False,False,False,
autoregressive_ppo_order_201,learning,medium,medium,0,0,200,0,200,38,2,laser,2-0-1,0,5,,True,True,True,0,0,1.0,0,0,0,0,False,False,,,,,,,,,0.0,,False,False,False,False,
autoregressive_ppo_order_201,learning,medium,medium,0,0,200,0,200,38,0,missile,2-0-1,1,5,,True,True,True,0,0,1.0,0,0,0,0,False,False,,,,,,,,,0.0,,False,False,False,False,
autoregressive_ppo_order_201,learning,medium,medium,0,0,200,0,200,38,1,missile,2-0-1,2,5,,True,True,True,0,0,1.0,0,0,0,0,False,False,,,,,,,,,0.0,,False,False,False,False,
autoregressive_ppo_order_201,learning,medium,medium,0,0,200,0,200,39,2,laser,2-0-1,0,5,,True,True,True,0,0,1.0,0,0,0,0,False,False,,,,,,,,,0.0,,False,False,False,False,
autoregressive_ppo_order_201,learning,medium,medium,0,0,200,0,200,39,0,missile,2-0-1,1,5,,True,True,True,0,0,1.0,0,0,0,0,False,False,,,,,,,,,0.0,,False,False,False,False,
autoregressive_ppo_order_201,learning,medium,medium,0,0,200,0,200,39,1,missile,2-0-1,2,5,,True,True,True,0,0,1.0,0,0,0,0,False,False,,,,,,,,,0.0,,False,False,False,False,
autoregressive_ppo_order_201,learning,medium,medium,0,0,200,0,200,40,2,laser,2-0-1,0,5,,True,True,True,0,0,1.0,0,0,0,0,False,False,,,,,,,,,0.0,,False,False,False,False,
autoregressive_ppo_order_201,learning,medium,medium,0,0,200,0,200,40,0,missile,2-0-1,1,5,,True,True,True,0,0,1.0,0,0,0,0,False,False,,,,,,,,,0.0,,False,False,False,False,
autoregressive_ppo_order_201,learning,medium,medium,0,0,200,0,200,40,1,missile,2-0-1,2,5,,True,True,True,0,0,1.0,0,0,0,0,False,False,,,,,,,,,0.0,,False,False,False,False,
autoregressive_ppo_order_201,learning,medium,medium,0,0,200,0,200,41,2,laser,2-0-1,0,5,,True,True,True,0,0,1.0,0,0,0,0,False,False,,,,,,,,,0.0,,False,False,False,False,
autoregressive_ppo_order_201,learning,medium,medium,0,0,200,0,200,41,0,missile,2-0-1,1,5,,True,True,True,0,0,1.0,0,0,0,0,False,False,,,,,,,,,0.0,,False,False,False,False,
autoregressive_ppo_order_201,learning,medium,medium,0,0,200,0,200,41,1,missile,2-0-1,2,5,,True,True,True,0,0,1.0,0,0,0,0,False,False,,,,,,,,,0.0,,False,False,False,False,
autoregressive_ppo_order_201,learning,medium,medium,0,0,200,1,201,0,2,laser,2-0-1,0,5,,True,True,True,10,0,1.0,0,0,0,0,False,False,,,,,,,,,0.0,,False,False,False,False,
autoregressive_ppo_order_201,learning,medium,medium,0,0,200,1,201,0,0,missile,2-0-1,1,1,1,False,True,True,3,0,1.0,4,4,1,0,False,False,True,0.7531598877630139,1.1030344344288772,31.405496637576974,65.50291442871094,0.20185218003216907,0.6646090326665541,0.134152782112815,0.15911757954797048,0.8431047184976244,False,True,False,False,alive
autoregressive_ppo_order_201,learning,medium,medium,0,0,200,1,201,0,1,missile,2-0-1,2,5,,True,True,True,3,0,1.0,1,1,0,0,True,False,,,,,,,,,0.04570618290578777,,False,False,False,False,
autoregressive_ppo_order_201,learning,medium,medium,0,0,200,1,201,1,2,laser,2-0-1,0,5,,True,True,True,10,0,1.0,0,0,0,0,False,False,,,,,,,,,0.0,,False,False,False,False,
autoregressive_ppo_order_201,learning,medium,medium,0,0,200,1,201,1,0,missile,2-0-1,1,5,,True,True,True,2,1,1.0,0,0,0,0,False,False,,,,,,,,,0.0,,False,False,False,False,
autoregressive_ppo_order_201,learning,medium,medium,0,0,200,1,201,1,1,missile,2-0-1,2,1,1,False,True,True,3,0,1.0,2,2,0,0,False,False,True,0.7531598877630139,1.1030344344288772,30.405496426195292,83.7940444946289,0.012485186408547814,0.6646090326665541,0.008297767661646572,0.051470075504299946,0.16121537768005323,False,True,False,False,alive
autoregressive_ppo_order_201,learning,medium,medium,0,0,200,1,201,2,2,laser,2-0-1,0,5,,True,True,True,10,0,1.0,0,0,0,0,False,False,,,,,,,,,0.0,,False,False,False,False,
autoregressive_ppo_order_201,learning,medium,medium,0,0,200,1,201,2,0,missile,2-0-1,1,1,1,False,True,True,2,0,1.0,4,4,1,0,False,False,True,0.7531598877630139,1.1030344344288772,29.40549621481361,59.96091842651367,0.2592281386431526,0.6646090326665541,0.172285362463577,0.19973872858804628,0.8625536153226907,False,True,True,True,intercepted
autoregressive_ppo_order_201,learning,medium,medium,0,0,200,1,201,2,1,missile,2-0-1,2,5,,True,True,True,2,1,1.0,0,0,0,0,False,False,,,,,,,,,0.0,,False,False,False,False,
autoregressive_ppo_order_201,learning,medium,medium,0,0,200,1,201,3,2,laser,2-0-1,0,5,,True,True,True,10,0,1.0,0,0,0,0,False,False,,,,,,,,,0.0,,False,False,False,False,
autoregressive_ppo_order_201,learning,medium,medium,0,0,200,1,201,3,0,missile,2-0-1,1,5,,True,True,True,1,1,1.0,0,0,0,0,False,False,,,,,,,,,0.0,,False,False,False,False,
autoregressive_ppo_order_201,learning,medium,medium,0,0,200,1,201,3,1,missile,2-0-1,2,0,0,False,True,True,2,0,1.0,4,4,1,0,False,True,True,0.8420367132471509,1.0677337632844333,31.12792951198164,84.70957946777344,0.003006706686580847,0.8990710286590357,0.0027032428735802427,0.0629973454877336,0.04291042507666611,False,True,False,False,alive
autoregressive_ppo_order_201,learning,medium,medium,0,0,200,1,201,4,2,laser,2-0-1,0,5,,True,True,True,10,0,1.0,0,0,0,0,False,False,,,,,,,,,0.0,,False,False,False,False,
autoregressive_ppo_order_201,learning,medium,medium,0,0,200,1,201,4,0,missile,2-0-1,1,4,4,False,True,True,1,0,1.0,3,3,1,0,False,False,True,0.7635933491692442,0.6032991888208661,32.436406461144664,63.0854606628418,0.22687993666704967,0.3685401985142507,0.08361437689817511,0.24035469356019346,0.34787911007543965,False,True,False,False,alive
autoregressive_ppo_order_201,learning,medium,medium,0,0,200,1,201,4,1,missile,2-0-1,2,5,,True,True,True,1,1,1.0,0,0,0,0,False,False,,,,,,,,,0.0,,False,False,False,False,
autoregressive_ppo_order_201,learning,medium,medium,0,0,200,1,201,5,2,laser,2-0-1,0,5,,True,True,True,10,0,1.0,0,0,0,0,False,False,,,,,,,,,0.0,,False,False,False,False,
autoregressive_ppo_order_201,learning,medium,medium,0,0,200,1,201,5,0,missile,2-0-1,1,5,,True,True,True,0,1,1.0,0,0,0,0,False,False,,,,,,,,,0.0,,False,False,False,False,
autoregressive_ppo_order_201,learning,medium,medium,0,0,200,1,201,5,1,missile,2-0-1,2,0,0,False,True,True,1,0,1.0,4,4,1,0,False,True,True,0.8420367132471509,1.0677337632844333,29.127929759220535,80.3440933227539,0.048202327952665415,0.8990710286590357,0.04333731657616308,0.07452386246668853,0.5815226847043047,False,True,False,False,alive
autoregressive_ppo_order_201,learning,medium,medium,0,0,200,1,201,6,2,laser,2-0-1,0,5,,True,True,True,10,0,1.0,0,0,0,0,False,False,,,,,,,,,0.0,,False,False,False,False,
autoregressive_ppo_order_201,learning,medium,medium,0,0,200,1,201,6,0,missile,2-0-1,1,5,,True,True,True,0,0,1.0,0,0,0,0,False,False,,,,,,,,,0.0,,False,False,False,False,
autoregressive_ppo_order_201,learning,medium,medium,0,0,200,1,201,6,1,missile,2-0-1,2,5,,True,True,True,0,1,1.0,0,0,0,0,False,False,,,,,,,,,0.0,,False,False,False,False,
autoregressive_ppo_order_201,learning,medium,medium,0,0,200,1,201,7,2,laser,2-0-1,0,5,,True,True,True,10,0,1.0,0,0,0,0,False,False,,,,,,,,,0.0,,False,False,False,False,
autoregressive_ppo_order_201,learning,medium,medium,0,0,200,1,201,7,0,missile,2-0-1,1,5,,True,True,True,0,0,1.0,0,0,0,0,False,False,,,,,,,,,0.0,,False,False,False,False,
autoregressive_ppo_order_201,learning,medium,medium,0,0,200,1,201,7,1,missile,2-0-1,2,5,,True,True,True,0,0,1.0,0,0,0,0,False,False,,,,,,,,,0.0,,False,False,False,False,
autoregressive_ppo_order_201,learning,medium,medium,0,0,200,1,201,8,2,laser,2-0-1,0,3,3,False,True,True,10,0,1.0,1,1,0,0,False,False,True,0.5939248897246268,1.0560114460312169,71.39719883397248,54.878665924072266,0.0015001303932883304,0.5017531853056273,0.0007526952032062032,0.0007526952032062032,1.0,False,True,False,False,alive
autoregressive_ppo_order_201,learning,medium,medium,0,0,200,1,201,8,0,missile,2-0-1,1,5,,True,True,True,0,0,1.0,0,0,0,0,False,False,,,,,,,,,0.0,,False,False,False,False,
autoregressive_ppo_order_201,learning,medium,medium,0,0,200,1,201,8,1,missile,2-0-1,2,5,,True,True,True,0,0,1.0,0,0,0,0,False,False,,,,,,,,,0.0,,False,False,False,False,
autoregressive_ppo_order_201,learning,medium,medium,0,0,200,1,201,9,2,laser,2-0-1,0,3,3,False,True,True,9,0,1.0,1,1,0,0,False,False,True,0.5939248897246268,1.0560114460312169,70.39720004508472,53.78786087036133,0.014986447420987245,0.5017531853056273,0.0075194977298956535,0.0075194977298956535,1.0,False,True,False,False,alive
autoregressive_ppo_order_201,learning,medium,medium,0,0,200,1,201,9,0,missile,2-0-1,1,5,,True,True,True,0,0,1.0,0,0,0,0,False,False,,,,,,,,,0.0,,False,False,False,False,
autoregressive_ppo_order_201,learning,medium,medium,0,0,200,1,201,9,1,missile,2-0-1,2,5,,True,True,True,0,0,1.0,0,0,0,0,False,False,,,,,,,,,0.0,,False,False,False,False,
autoregressive_ppo_order_201,learning,medium,medium,0,0,200,1,201,10,2,laser,2-0-1,0,3,3,False,True,True,8,0,1.0,1,1,0,0,False,False,True,0.5939248897246268,1.0560114460312169,69.39719438703548,52.6978874206543,0.028462482799183276,0.5017531853056273,0.014281141406196836,0.014281141406196836,1.0,False,True,False,False,alive
autoregressive_ppo_order_201,learning,medium,medium,0,0,200,1,201,10,0,missile,2-0-1,1,5,,True,True,True,0,0,1.0,0,0,0,0,False,False,,,,,,,,,0.0,,False,False,False,False,
autoregressive_ppo_order_201,learning,medium,medium,0,0,200,1,201,10,1,missile,2-0-1,2,5,,True,True,True,0,0,1.0,0,0,0,0,False,False,,,,,,,,,0.0,,False,False,False,False,
autoregressive_ppo_order_201,learning,medium,medium,0,0,200,1,201,11,2,laser,2-0-1,0,3,3,False,True,True,7,0,1.0,1,1,0,0,False,False,True,0.5939248897246268,1.0560114460312169,68.39719559814772,51.608795166015625,0.04192762340198865,0.5017531853056273,0.021037318594242564,0.021037318594242564,1.0,False,True,False,False,alive
autoregressive_ppo_order_201,learning,medium,medium,0,0,200,1,201,11,0,missile,2-0-1,1,5,,True,True,True,0,0,1.0,0,0,0,0,False,False,,,,,,,,,0.0,,False,False,False,False,
autoregressive_ppo_order_201,learning,medium,medium,0,0,200,1,201,11,1,missile,2-0-1,2,5,,True,True,True,0,0,1.0,0,0,0,0,False,False,,,,,,,,,0.0,,False,False,False,False,
autoregressive_ppo_order_201,learning,medium,medium,0,0,200,1,201,12,2,laser,2-0-1,0,3,3,False,True,True,6,0,1.0,1,1,0,0,False,False,True,0.5939248897246268,1.0560114460312169,67.39718994009847,50.52064514160156,0.055381114612926136,0.5017531853056273,0.027787650662811712,0.027787650662811712,1.0,False,True,False,False,alive
autoregressive_ppo_order_201,learning,medium,medium,0,0,200,1,201,12,0,missile,2-0-1,1,5,,True,True,True,0,0,1.0,0,0,0,0,False,False,,,,,,,,,0.0,,False,False,False,False,
autoregressive_ppo_order_201,learning,medium,medium,0,0,200,1,201,12,1,missile,2-0-1,2,5,,True,True,True,0,0,1.0,0,0,0,0,False,False,,,,,,,,,0.0,,False,False,False,False,
autoregressive_ppo_order_201,learning,medium,medium,0,0,200,1,201,13,2,laser,2-0-1,0,3,3,False,True,True,5,0,1.0,1,1,0,0,False,False,True,0.5939248897246268,1.0560114460312169,66.3971911512107,49.43349075317383,0.06882229614257812,0.5017531853056273,0.03453180630958576,0.03453180630958576,1.0,False,True,False,False,alive
autoregressive_ppo_order_201,learning,medium,medium,0,0,200,1,201,13,0,missile,2-0-1,1,5,,True,True,True,0,0,1.0,0,0,0,0,False,False,,,,,,,,,0.0,,False,False,False,False,
autoregressive_ppo_order_201,learning,medium,medium,0,0,200,1,201,13,1,missile,2-0-1,2,5,,True,True,True,0,0,1.0,0,0,0,0,False,False,,,,,,,,,0.0,,False,False,False,False,
autoregressive_ppo_order_201,learning,medium,medium,0,0,200,1,201,14,2,laser,2-0-1,0,3,3,False,True,True,4,0,1.0,1,1,0,0,False,False,True,0.5939248897246268,1.0560114460312169,65.39719236232294,48.347412109375,0.0822501775568182,0.5017531853056273,0.04126928858108695,0.04126928858108695,1.0,False,True,False,False,alive
autoregressive_ppo_order_201,learning,medium,medium,0,0,200,1,201,14,0,missile,2-0-1,1,5,,True,True,True,0,0,1.0,0,0,0,0,False,False,,,,,,,,,0.0,,False,False,False,False,
autoregressive_ppo_order_201,learning,medium,medium,0,0,200,1,201,14,1,missile,2-0-1,2,5,,True,True,True,0,0,1.0,0,0,0,0,False,False,,,,,,,,,0.0,,False,False,False,False,
autoregressive_ppo_order_201,learning,medium,medium,0,0,200,1,201,15,2,laser,2-0-1,0,3,3,False,True,True,3,0,1.0,2,2,1,0,False,False,True,0.5939248897246268,1.0560114460312169,64.39718670427371,47.262474060058594,0.09566395707563922,0.5017531853056273,0.047999695181642786,0.047999695181642786,1.0,False,True,False,False,alive
autoregressive_ppo_order_201,learning,medium,medium,0,0,200,1,201,15,0,missile,2-0-1,1,5,,True,True,True,0,0,1.0,0,0,0,0,False,False,,,,,,,,,0.0,,False,False,False,False,
autoregressive_ppo_order_201,learning,medium,medium,0,0,200,1,201,15,1,missile,2-0-1,2,5,,True,True,True,0,0,1.0,0,0,0,0,False,False,,,,,,,,,0.0,,False,False,False,False,
autoregressive_ppo_order_201,learning,medium,medium,0,0,200,1,201,16,2,laser,2-0-1,0,4,4,False,True,True,2,0,1.0,3,3,1,0,False,False,True,0.7635933491692442,0.6032991888208661,20.43640295753924,54.57292556762695,0.005280192982066728,0.3685401985142507,0.0019459633698044251,0.054722505493324185,0.03556056785524597,False,True,False,False,alive
autoregressive_ppo_order_201,learning,medium,medium,0,0,200,1,201,16,0,missile,2-0-1,1,5,,True,True,True,0,0,1.0,0,0,0,0,False,False,,,,,,,,,0.0,,False,False,False,False,
autoregressive_ppo_order_201,learning,medium,medium,0,0,200,1,201,16,1,missile,2-0-1,2,5,,True,True,True,0,0,1.0,0,0,0,0,False,False,,,,,,,,,0.0,,False,False,False,False,
autoregressive_ppo_order_201,learning,medium,medium,0,0,200,1,201,17,2,laser,2-0-1,0,4,4,False,True,True,1,0,1.0,3,3,1,0,False,False,True,0.7635933491692442,0.6032991888208661,19.436401045435094,52.44221496582031,0.03162352405894884,0.3685401985142507,0.011654539834405188,0.0632753587690663,0.18418765315800617,False,True,False,False,alive
autoregressive_ppo_order_201,learning,medium,medium,0,0,200,1,201,17,0,missile,2-0-1,1,5,,True,True,True,0,0,1.0,0,0,0,0,False,False,,,,,,,,,0.0,,False,False,False,False,
autoregressive_ppo_order_201,learning,medium,medium,0,0,200,1,201,17,1,missile,2-0-1,2,5,,True,True,True,0,0,1.0,0,0,0,0,False,False,,,,,,,,,0.0,,False,False,False,False,
autoregressive_ppo_order_201,learning,medium,medium,0,0,200,1,201,18,2,laser,2-0-1,0,5,,True,True,True,0,0,1.0,0,0,0,0,False,False,,,,,,,,,0.0,,False,False,False,False,
autoregressive_ppo_order_201,learning,medium,medium,0,0,200,1,201,18,0,missile,2-0-1,1,5,,True,True,True,0,0,1.0,0,0,0,0,False,False,,,,,,,,,0.0,,False,False,False,False,
autoregressive_ppo_order_201,learning,medium,medium,0,0,200,1,201,18,1,missile,2-0-1,2,5,,True,True,True,0,0,1.0,0,0,0,0,False,False,,,,,,,,,0.0,,False,False,False,False,
autoregressive_ppo_order_201,learning,medium,medium,0,0,200,1,201,19,2,laser,2-0-1,0,5,,True,True,True,0,0,1.0,0,0,0,0,False,False,,,,,,,,,0.0,,False,False,False,False,
autoregressive_ppo_order_201,learning,medium,medium,0,0,200,1,201,19,0,missile,2-0-1,1,5,,True,True,True,0,0,1.0,0,0,0,0,False,False,,,,,,,,,0.0,,False,False,False,False,
autoregressive_ppo_order_201,learning,medium,medium,0,0,200,1,201,19,1,missile,2-0-1,2,5,,True,True,True,0,0,1.0,0,0,0,0,False,False,,,,,,,,,0.0,,False,False,False,False,
autoregressive_ppo_order_201,learning,medium,medium,0,0,200,1,201,20,2,laser,2-0-1,0,5,,True,True,True,0,0,1.0,0,0,0,0,False,False,,,,,,,,,0.0,,False,False,False,False,
autoregressive_ppo_order_201,learning,medium,medium,0,0,200,1,201,20,0,missile,2-0-1,1,5,,True,True,True,0,0,1.0,0,0,0,0,False,False,,,,,,,,,0.0,,False,False,False,False,
autoregressive_ppo_order_201,learning,medium,medium,0,0,200,1,201,20,1,missile,2-0-1,2,5,,True,True,True,0,0,1.0,0,0,0,0,False,False,,,,,,,,,0.0,,False,False,False,False,
autoregressive_ppo_order_201,learning,medium,medium,0,0,200,1,201,21,2,laser,2-0-1,0,5,,True,True,True,0,0,1.0,0,0,0,0,False,False,,,,,,,,,0.0,,False,False,False,False,
autoregressive_ppo_order_201,learning,medium,medium,0,0,200,1,201,21,0,missile,2-0-1,1,5,,True,True,True,0,0,1.0,0,0,0,0,False,False,,,,,,,,,0.0,,False,False,False,False,
autoregressive_ppo_order_201,learning,medium,medium,0,0,200,1,201,21,1,missile,2-0-1,2,5,,True,True,True,0,0,1.0,0,0,0,0,False,False,,,,,,,,,0.0,,False,False,False,False,
autoregressive_ppo_order_201,learning,medium,medium,0,0,200,1,201,22,2,laser,2-0-1,0,5,,True,True,True,0,0,1.0,0,0,0,0,False,False,,,,,,,,,0.0,,False,False,False,False,
autoregressive_ppo_order_201,learning,medium,medium,0,0,200,1,201,22,0,missile,2-0-1,1,5,,True,True,True,0,0,1.0,0,0,0,0,False,False,,,,,,,,,0.0,,False,False,False,False,
autoregressive_ppo_order_201,learning,medium,medium,0,0,200,1,201,22,1,missile,2-0-1,2,5,,True,True,True,0,0,1.0,0,0,0,0,False,False,,,,,,,,,0.0,,False,False,False,False,
autoregressive_ppo_order_201,learning,medium,medium,0,0,200,1,201,23,2,laser,2-0-1,0,5,,True,True,True,0,0,1.0,0,0,0,0,False,False,,,,,,,,,0.0,,False,False,False,False,
autoregressive_ppo_order_201,learning,medium,medium,0,0,200,1,201,23,0,missile,2-0-1,1,5,,True,True,True,0,0,1.0,0,0,0,0,False,False,,,,,,,,,0.0,,False,False,False,False,
autoregressive_ppo_order_201,learning,medium,medium,0,0,200,1,201,23,1,missile,2-0-1,2,5,,True,True,True,0,0,1.0,0,0,0,0,False,False,,,,,,,,,0.0,,False,False,False,False,
autoregressive_ppo_order_201,learning,medium,medium,0,0,200,1,201,24,2,laser,2-0-1,0,5,,True,True,True,0,0,1.0,0,0,0,0,False,False,,,,,,,,,0.0,,False,False,False,False,
autoregressive_ppo_order_201,learning,medium,medium,0,0,200,1,201,24,0,missile,2-0-1,1,5,,True,True,True,0,0,1.0,0,0,0,0,False,False,,,,,,,,,0.0,,False,False,False,False,
autoregressive_ppo_order_201,learning,medium,medium,0,0,200,1,201,24,1,missile,2-0-1,2,5,,True,True,True,0,0,1.0,0,0,0,0,False,False,,,,,,,,,0.0,,False,False,False,False,
autoregressive_ppo_order_201,learning,medium,medium,0,0,200,1,201,25,2,laser,2-0-1,0,5,,True,True,True,0,0,1.0,0,0,0,0,False,False,,,,,,,,,0.0,,False,False,False,False,
autoregressive_ppo_order_201,learning,medium,medium,0,0,200,1,201,25,0,missile,2-0-1,1,5,,True,True,True,0,0,1.0,0,0,0,0,False,False,,,,,,,,,0.0,,False,False,False,False,
autoregressive_ppo_order_201,learning,medium,medium,0,0,200,1,201,25,1,missile,2-0-1,2,5,,True,True,True,0,0,1.0,0,0,0,0,False,False,,,,,,,,,0.0,,False,False,False,False,
autoregressive_ppo_order_201,learning,medium,medium,0,0,200,1,201,26,2,laser,2-0-1,0,5,,True,True,True,0,0,1.0,0,0,0,0,False,False,,,,,,,,,0.0,,False,False,False,False,
autoregressive_ppo_order_201,learning,medium,medium,0,0,200,1,201,26,0,missile,2-0-1,1,5,,True,True,True,0,0,1.0,0,0,0,0,False,False,,,,,,,,,0.0,,False,False,False,False,
autoregressive_ppo_order_201,learning,medium,medium,0,0,200,1,201,26,1,missile,2-0-1,2,5,,True,True,True,0,0,1.0,0,0,0,0,False,False,,,,,,,,,0.0,,False,False,False,False,
autoregressive_ppo_order_201,learning,medium,medium,0,0,200,1,201,27,2,laser,2-0-1,0,5,,True,True,True,0,0,1.0,0,0,0,0,False,False,,,,,,,,,0.0,,False,False,False,False,
autoregressive_ppo_order_201,learning,medium,medium,0,0,200,1,201,27,0,missile,2-0-1,1,5,,True,True,True,0,0,1.0,0,0,0,0,False,False,,,,,,,,,0.0,,False,False,False,False,
autoregressive_ppo_order_201,learning,medium,medium,0,0,200,1,201,27,1,missile,2-0-1,2,5,,True,True,True,0,0,1.0,0,0,0,0,False,False,,,,,,,,,0.0,,False,False,False,False,
autoregressive_ppo_order_201,learning,medium,medium,0,0,200,1,201,28,2,laser,2-0-1,0,5,,True,True,True,0,0,1.0,0,0,0,0,False,False,,,,,,,,,0.0,,False,False,False,False,
autoregressive_ppo_order_201,learning,medium,medium,0,0,200,1,201,28,0,missile,2-0-1,1,5,,True,True,True,0,0,1.0,0,0,0,0,False,False,,,,,,,,,0.0,,False,False,False,False,
autoregressive_ppo_order_201,learning,medium,medium,0,0,200,1,201,28,1,missile,2-0-1,2,5,,True,True,True,0,0,1.0,0,0,0,0,False,False,,,,,,,,,0.0,,False,False,False,False,
autoregressive_ppo_order_201,learning,medium,medium,0,0,200,1,201,29,2,laser,2-0-1,0,5,,True,True,True,0,0,1.0,0,0,0,0,False,False,,,,,,,,,0.0,,False,False,False,False,
autoregressive_ppo_order_201,learning,medium,medium,0,0,200,1,201,29,0,missile,2-0-1,1,5,,True,True,True,0,0,1.0,0,0,0,0,False,False,,,,,,,,,0.0,,False,False,False,False,
autoregressive_ppo_order_201,learning,medium,medium,0,0,200,1,201,29,1,missile,2-0-1,2,5,,True,True,True,0,0,1.0,0,0,0,0,False,False,,,,,,,,,0.0,,False,False,False,False,
autoregressive_ppo_order_201,learning,medium,medium,0,0,200,1,201,30,2,laser,2-0-1,0,5,,True,True,True,0,0,1.0,0,0,0,0,False,False,,,,,,,,,0.0,,False,False,False,False,
autoregressive_ppo_order_201,learning,medium,medium,0,0,200,1,201,30,0,missile,2-0-1,1,5,,True,True,True,0,0,1.0,0,0,0,0,False,False,,,,,,,,,0.0,,False,False,False,False,
autoregressive_ppo_order_201,learning,medium,medium,0,0,200,1,201,30,1,missile,2-0-1,2,5,,True,True,True,0,0,1.0,0,0,0,0,False,False,,,,,,,,,0.0,,False,False,False,False,
autoregressive_ppo_order_201,learning,medium,medium,0,0,200,1,201,31,2,laser,2-0-1,0,5,,True,True,True,0,0,1.0,0,0,0,0,False,False,,,,,,,,,0.0,,False,False,False,False,
autoregressive_ppo_order_201,learning,medium,medium,0,0,200,1,201,31,0,missile,2-0-1,1,5,,True,True,True,0,0,1.0,0,0,0,0,False,False,,,,,,,,,0.0,,False,False,False,False,
autoregressive_ppo_order_201,learning,medium,medium,0,0,200,1,201,31,1,missile,2-0-1,2,5,,True,True,True,0,0,1.0,0,0,0,0,False,False,,,,,,,,,0.0,,False,False,False,False,
autoregressive_ppo_order_201,learning,medium,medium,0,0,200,1,201,32,2,laser,2-0-1,0,5,,True,True,True,0,0,1.0,0,0,0,0,False,False,,,,,,,,,0.0,,False,False,False,False,
autoregressive_ppo_order_201,learning,medium,medium,0,0,200,1,201,32,0,missile,2-0-1,1,5,,True,True,True,0,0,1.0,0,0,0,0,False,False,,,,,,,,,0.0,,False,False,False,False,
autoregressive_ppo_order_201,learning,medium,medium,0,0,200,1,201,32,1,missile,2-0-1,2,5,,True,True,True,0,0,1.0,0,0,0,0,False,False,,,,,,,,,0.0,,False,False,False,False,
autoregressive_ppo_order_201,learning,medium,medium,0,0,200,1,201,33,2,laser,2-0-1,0,5,,True,True,True,0,0,1.0,0,0,0,0,False,False,,,,,,,,,0.0,,False,False,False,False,
autoregressive_ppo_order_201,learning,medium,medium,0,0,200,1,201,33,0,missile,2-0-1,1,5,,True,True,True,0,0,1.0,0,0,0,0,False,False,,,,,,,,,0.0,,False,False,False,False,
autoregressive_ppo_order_201,learning,medium,medium,0,0,200,1,201,33,1,missile,2-0-1,2,5,,True,True,True,0,0,1.0,0,0,0,0,False,False,,,,,,,,,0.0,,False,False,False,False,
autoregressive_ppo_order_201,learning,medium,medium,0,0,200,1,201,34,2,laser,2-0-1,0,5,,True,True,True,0,0,1.0,0,0,0,0,False,False,,,,,,,,,0.0,,False,False,False,False,
autoregressive_ppo_order_201,learning,medium,medium,0,0,200,1,201,34,0,missile,2-0-1,1,5,,True,True,True,0,0,1.0,0,0,0,0,False,False,,,,,,,,,0.0,,False,False,False,False,
autoregressive_ppo_order_201,learning,medium,medium,0,0,200,1,201,34,1,missile,2-0-1,2,5,,True,True,True,0,0,1.0,0,0,0,0,False,False,,,,,,,,,0.0,,False,False,False,False,
autoregressive_ppo_order_201,learning,medium,medium,0,0,200,1,201,35,2,laser,2-0-1,0,5,,True,True,True,0,0,1.0,0,0,0,0,False,False,,,,,,,,,0.0,,False,False,False,False,
autoregressive_ppo_order_201,learning,medium,medium,0,0,200,1,201,35,0,missile,2-0-1,1,5,,True,True,True,0,0,1.0,0,0,0,0,False,False,,,,,,,,,0.0,,False,False,False,False,
autoregressive_ppo_order_201,learning,medium,medium,0,0,200,1,201,35,1,missile,2-0-1,2,5,,True,True,True,0,0,1.0,0,0,0,0,False,False,,,,,,,,,0.0,,False,False,False,False,
autoregressive_ppo_order_201,learning,medium,medium,0,0,200,1,201,36,2,laser,2-0-1,0,5,,True,True,True,0,0,1.0,0,0,0,0,False,False,,,,,,,,,0.0,,False,False,False,False,
autoregressive_ppo_order_201,learning,medium,medium,0,0,200,1,201,36,0,missile,2-0-1,1,5,,True,True,True,0,0,1.0,0,0,0,0,False,False,,,,,,,,,0.0,,False,False,False,False,
autoregressive_ppo_order_201,learning,medium,medium,0,0,200,1,201,36,1,missile,2-0-1,2,5,,True,True,True,0,0,1.0,0,0,0,0,False,False,,,,,,,,,0.0,,False,False,False,False,
autoregressive_ppo_order_201,learning,medium,medium,0,0,200,1,201,37,2,laser,2-0-1,0,5,,True,True,True,0,0,1.0,0,0,0,0,False,False,,,,,,,,,0.0,,False,False,False,False,
autoregressive_ppo_order_201,learning,medium,medium,0,0,200,1,201,37,0,missile,2-0-1,1,5,,True,True,True,0,0,1.0,0,0,0,0,False,False,,,,,,,,,0.0,,False,False,False,False,
autoregressive_ppo_order_201,learning,medium,medium,0,0,200,1,201,37,1,missile,2-0-1,2,5,,True,True,True,0,0,1.0,0,0,0,0,False,False,,,,,,,,,0.0,,False,False,False,False,
autoregressive_ppo_order_201,learning,medium,medium,0,0,200,1,201,38,2,laser,2-0-1,0,5,,True,True,True,0,0,1.0,0,0,0,0,False,False,,,,,,,,,0.0,,False,False,False,False,
autoregressive_ppo_order_201,learning,medium,medium,0,0,200,1,201,38,0,missile,2-0-1,1,5,,True,True,True,0,0,1.0,0,0,0,0,False,False,,,,,,,,,0.0,,False,False,False,False,
autoregressive_ppo_order_201,learning,medium,medium,0,0,200,1,201,38,1,missile,2-0-1,2,5,,True,True,True,0,0,1.0,0,0,0,0,False,False,,,,,,,,,0.0,,False,False,False,False,
autoregressive_ppo_order_201,learning,medium,medium,0,0,200,1,201,39,2,laser,2-0-1,0,5,,True,True,True,0,0,1.0,0,0,0,0,False,False,,,,,,,,,0.0,,False,False,False,False,
autoregressive_ppo_order_201,learning,medium,medium,0,0,200,1,201,39,0,missile,2-0-1,1,5,,True,True,True,0,0,1.0,0,0,0,0,False,False,,,,,,,,,0.0,,False,False,False,False,
autoregressive_ppo_order_201,learning,medium,medium,0,0,200,1,201,39,1,missile,2-0-1,2,5,,True,True,True,0,0,1.0,0,0,0,0,False,False,,,,,,,,,0.0,,False,False,False,False,
autoregressive_ppo_order_201,learning,medium,medium,0,0,200,1,201,40,2,laser,2-0-1,0,5,,True,True,True,0,0,1.0,0,0,0,0,False,False,,,,,,,,,0.0,,False,False,False,False,
autoregressive_ppo_order_201,learning,medium,medium,0,0,200,1,201,40,0,missile,2-0-1,1,5,,True,True,True,0,0,1.0,0,0,0,0,False,False,,,,,,,,,0.0,,False,False,False,False,
autoregressive_ppo_order_201,learning,medium,medium,0,0,200,1,201,40,1,missile,2-0-1,2,5,,True,True,True,0,0,1.0,0,0,0,0,False,False,,,,,,,,,0.0,,False,False,False,False,
autoregressive_ppo_order_201,learning,medium,medium,0,0,200,1,201,41,2,laser,2-0-1,0,5,,True,True,True,0,0,1.0,0,0,0,0,False,False,,,,,,,,,0.0,,False,False,False,False,
autoregressive_ppo_order_201,learning,medium,medium,0,0,200,1,201,41,0,missile,2-0-1,1,5,,True,True,True,0,0,1.0,0,0,0,0,False,False,,,,,,,,,0.0,,False,False,False,False,
autoregressive_ppo_order_201,learning,medium,medium,0,0,200,1,201,41,1,missile,2-0-1,2,5,,True,True,True,0,0,1.0,0,0,0,0,False,False,,,,,,,,,0.0,,False,False,False,False,
autoregressive_ppo_order_201,learning,medium,medium,0,0,200,1,201,42,2,laser,2-0-1,0,5,,True,True,True,0,0,1.0,0,0,0,0,False,False,,,,,,,,,0.0,,False,False,False,False,
autoregressive_ppo_order_201,learning,medium,medium,0,0,200,1,201,42,0,missile,2-0-1,1,5,,True,True,True,0,0,1.0,0,0,0,0,False,False,,,,,,,,,0.0,,False,False,False,False,
autoregressive_ppo_order_201,learning,medium,medium,0,0,200,1,201,42,1,missile,2-0-1,2,5,,True,True,True,0,0,1.0,0,0,0,0,False,False,,,,,,,,,0.0,,False,False,False,False,
autoregressive_ppo_order_201,learning,medium,medium,0,0,200,1,201,43,2,laser,2-0-1,0,5,,True,True,True,0,0,1.0,0,0,0,0,False,False,,,,,,,,,0.0,,False,False,False,False,
autoregressive_ppo_order_201,learning,medium,medium,0,0,200,1,201,43,0,missile,2-0-1,1,5,,True,True,True,0,0,1.0,0,0,0,0,False,False,,,,,,,,,0.0,,False,False,False,False,
autoregressive_ppo_order_201,learning,medium,medium,0,0,200,1,201,43,1,missile,2-0-1,2,5,,True,True,True,0,0,1.0,0,0,0,0,False,False,,,,,,,,,0.0,,False,False,False,False,
autoregressive_ppo_order_201,learning,medium,medium,0,0,200,1,201,44,2,laser,2-0-1,0,5,,True,True,True,0,0,1.0,0,0,0,0,False,False,,,,,,,,,0.0,,False,False,False,False,
autoregressive_ppo_order_201,learning,medium,medium,0,0,200,1,201,44,0,missile,2-0-1,1,5,,True,True,True,0,0,1.0,0,0,0,0,False,False,,,,,,,,,0.0,,False,False,False,False,
autoregressive_ppo_order_201,learning,medium,medium,0,0,200,1,201,44,1,missile,2-0-1,2,5,,True,True,True,0,0,1.0,0,0,0,0,False,False,,,,,,,,,0.0,,False,False,False,False,
autoregressive_ppo_order_201,learning,medium,medium,0,0,200,1,201,45,2,laser,2-0-1,0,5,,True,True,True,0,0,1.0,0,0,0,0,False,False,,,,,,,,,0.0,,False,False,False,False,
autoregressive_ppo_order_201,learning,medium,medium,0,0,200,1,201,45,0,missile,2-0-1,1,5,,True,True,True,0,0,1.0,0,0,0,0,False,False,,,,,,,,,0.0,,False,False,False,False,
autoregressive_ppo_order_201,learning,medium,medium,0,0,200,1,201,45,1,missile,2-0-1,2,5,,True,True,True,0,0,1.0,0,0,0,0,False,False,,,,,,,,,0.0,,False,False,False,False,
autoregressive_ppo_order_201,learning,medium,medium,0,0,200,1,201,46,2,laser,2-0-1,0,5,,True,True,True,0,0,1.0,0,0,0,0,False,False,,,,,,,,,0.0,,False,False,False,False,
autoregressive_ppo_order_201,learning,medium,medium,0,0,200,1,201,46,0,missile,2-0-1,1,5,,True,True,True,0,0,1.0,0,0,0,0,False,False,,,,,,,,,0.0,,False,False,False,False,
autoregressive_ppo_order_201,learning,medium,medium,0,0,200,1,201,46,1,missile,2-0-1,2,5,,True,True,True,0,0,1.0,0,0,0,0,False,False,,,,,,,,,0.0,,False,False,False,False,
autoregressive_ppo_order_201,learning,medium,medium,0,0,200,1,201,47,2,laser,2-0-1,0,5,,True,True,True,0,0,1.0,0,0,0,0,False,False,,,,,,,,,0.0,,False,False,False,False,
autoregressive_ppo_order_201,learning,medium,medium,0,0,200,1,201,47,0,missile,2-0-1,1,5,,True,True,True,0,0,1.0,0,0,0,0,False,False,,,,,,,,,0.0,,False,False,False,False,
autoregressive_ppo_order_201,learning,medium,medium,0,0,200,1,201,47,1,missile,2-0-1,2,5,,True,True,True,0,0,1.0,0,0,0,0,False,False,,,,,,,,,0.0,,False,False,False,False,
autoregressive_ppo_order_201,learning,medium,medium,0,0,200,1,201,48,2,laser,2-0-1,0,5,,True,True,True,0,0,1.0,0,0,0,0,False,False,,,,,,,,,0.0,,False,False,False,False,
autoregressive_ppo_order_201,learning,medium,medium,0,0,200,1,201,48,0,missile,2-0-1,1,5,,True,True,True,0,0,1.0,0,0,0,0,False,False,,,,,,,,,0.0,,False,False,False,False,
autoregressive_ppo_order_201,learning,medium,medium,0,0,200,1,201,48,1,missile,2-0-1,2,5,,True,True,True,0,0,1.0,0,0,0,0,False,False,,,,,,,,,0.0,,False,False,False,False,
autoregressive_ppo_order_201,learning,medium,medium,0,0,200,1,201,49,2,laser,2-0-1,0,5,,True,True,True,0,0,1.0,0,0,0,0,False,False,,,,,,,,,0.0,,False,False,False,False,
autoregressive_ppo_order_201,learning,medium,medium,0,0,200,1,201,49,0,missile,2-0-1,1,5,,True,True,True,0,0,1.0,0,0,0,0,False,False,,,,,,,,,0.0,,False,False,False,False,
autoregressive_ppo_order_201,learning,medium,medium,0,0,200,1,201,49,1,missile,2-0-1,2,5,,True,True,True,0,0,1.0,0,0,0,0,False,False,,,,,,,,,0.0,,False,False,False,False,
autoregressive_ppo_order_201,learning,medium,heterogeneity_pressure,0,0,202,0,202,0,2,laser,2-0-1,0,5,,True,True,True,10,0,1.0,0,0,0,0,False,False,,,,,,,,,0.0,,False,False,False,False,
autoregressive_ppo_order_201,learning,medium,heterogeneity_pressure,0,0,202,0,202,0,0,missile,2-0-1,1,1,1,False,True,True,3,0,1.0,5,5,1,0,False,False,True,0.6577022266405008,1.3004311284604133,22.444618045863933,75.41829681396484,0.16942174994427223,0.855296448781033,0.1449058210736042,0.29847479625798334,0.48548762873886503,False,True,False,False,alive
autoregressive_ppo_order_201,learning,medium,heterogeneity_pressure,0,0,202,0,202,0,1,missile,2-0-1,2,5,,True,True,True,3,0,1.0,3,2,0,1,True,False,,,,,,,,,0.046662290442090824,,False,False,False,False,
autoregressive_ppo_order_201,learning,medium,heterogeneity_pressure,0,0,202,0,202,1,2,laser,2-0-1,0,5,,True,True,True,10,0,1.0,0,0,0,0,False,False,,,,,,,,,0.0,,False,False,False,False,
autoregressive_ppo_order_201,learning,medium,heterogeneity_pressure,0,0,202,0,202,1,0,missile,2-0-1,1,5,,True,True,True,2,1,1.0,0,0,0,0,False,False,,,,,,,,,0.0,,False,False,False,False,
autoregressive_ppo_order_201,learning,medium,heterogeneity_pressure,0,0,202,0,202,1,1,missile,2-0-1,2,1,1,False,True,True,3,0,1.0,4,4,1,0,False,False,True,0.6577022266405008,1.3004311284604133,21.44461916267904,60.32514190673828,0.12647762934366866,0.855296448781033,0.10817586722788357,0.10817586722788357,1.0,False,True,False,False,alive
autoregressive_ppo_order_201,learning,medium,heterogeneity_pressure,0,0,202,0,202,2,2,laser,2-0-1,0,5,,True,True,True,10,0,1.0,0,0,0,0,False,False,,,,,,,,,0.0,,False,False,False,False,
autoregressive_ppo_order_201,learning,medium,heterogeneity_pressure,0,0,202,0,202,2,0,missile,2-0-1,1,1,1,False,True,True,2,0,1.0,5,5,1,0,False,False,True,0.6577022266405008,1.3004311284604133,20.44461758264735,69.817138671875,0.22665097443953808,0.855296448781033,0.19385377355089758,0.34140178940265,0.5678170987037975,False,True,True,True,intercepted
autoregressive_ppo_order_201,learning,medium,heterogeneity_pressure,0,0,202,0,202,2,1,missile,2-0-1,2,5,,True,True,True,2,1,1.0,0,0,0,0,False,False,,,,,,,,,0.0,,False,False,False,False,
autoregressive_ppo_order_201,learning,medium,heterogeneity_pressure,0,0,202,0,202,3,2,laser,2-0-1,0,5,,True,True,True,10,0,1.0,0,0,0,0,False,False,,,,,,,,,0.0,,False,False,False,False,
autoregressive_ppo_order_201,learning,medium,heterogeneity_pressure,0,0,202,0,202,3,0,missile,2-0-1,1,5,,True,True,True,1,1,1.0,0,0,0,0,False,False,,,,,,,,,0.0,,False,False,False,False,
autoregressive_ppo_order_201,learning,medium,heterogeneity_pressure,0,0,202,0,202,3,1,missile,2-0-1,2,5,,True,True,True,2,0,1.0,3,3,1,0,True,False,,,,,,,,,0.08173520993234003,,False,False,False,False,
autoregressive_ppo_order_201,learning,medium,heterogeneity_pressure,0,0,202,0,202,4,2,laser,2-0-1,0,2,2,False,True,True,10,0,1.0,1,1,0,0,False,False,True,0.5762357253896373,1.002734286483241,35.70728100381985,44.003173828125,0.01107584635416664,0.46224905515578457,0.005119799512264171,0.005119799512264171,1.0,False,True,False,False,alive
autoregressive_ppo_order_201,learning,medium,heterogeneity_pressure,0,0,202,0,202,4,0,missile,2-0-1,1,4,4,False,True,True,1,0,1.0,4,3,1,1,False,False,True,0.6901483791655325,0.9623160568291025,28.268715089827367,38.25726318359375,0.5491105718198029,0.5313126934924572,0.2917494169387629,0.3841959688938809,0.7593765696676199,False,True,True,True,intercepted
autoregressive_ppo_order_201,learning,medium,heterogeneity_pressure,0,0,202,0,202,4,1,missile,2-0-1,2,5,,True,True,True,2,0,1.0,3,1,1,2,True,False,,,,,,,,,0.09098105038405854,,False,False,False,False,
autoregressive_ppo_order_201,learning,medium,heterogeneity_pressure,0,0,202,0,202,5,2,laser,2-0-1,0,2,2,False,True,True,9,0,1.0,1,1,0,0,False,False,True,0.5762357253896373,1.002734286483241,34.70728078759604,42.04521942138672,0.032830895317925324,0.46224905515578457,0.015176050340629452,0.015176050340629452,1.0,False,True,False,False,alive
autoregressive_ppo_order_201,learning,medium,heterogeneity_pressure,0,0,202,0,202,5,0,missile,2-0-1,1,5,,True,True,True,0,1,1.0,0,0,0,0,False,False,,,,,,,,,0.0,,False,False,False,False,
autoregressive_ppo_order_201,learning,medium,heterogeneity_pressure,0,0,202,0,202,5,1,missile,2-0-1,2,5,,True,True,True,2,0,1.0,2,1,1,1,True,False,,,,,,,,,0.11379229948166797,,False,False,False,False,
autoregressive_ppo_order_201,learning,medium,heterogeneity_pressure,0,0,202,0,202,6,2,laser,2-0-1,0,2,2,False,True,True,8,0,1.0,1,1,0,0,False,False,True,0.5762357253896373,1.002734286483241,33.70728057137223,40.088619232177734,0.0545708974202474,0.46224905515578457,0.025225345771512604,0.025225345771512604,1.0,False,True,False,False,alive
autoregressive_ppo_order_201,learning,medium,heterogeneity_pressure,0,0,202,0,202,6,0,missile,2-0-1,1,5,,True,True,True,0,0,1.0,0,0,0,0,False,False,,,,,,,,,0.0,,False,False,False,False,
autoregressive_ppo_order_201,learning,medium,heterogeneity_pressure,0,0,202,0,202,6,1,missile,2-0-1,2,5,,True,True,True,2,0,1.0,2,1,1,1,True,False,,,,,,,,,0.13657770463094757,,False,False,False,False,
autoregressive_ppo_order_201,learning,medium,heterogeneity_pressure,0,0,202,0,202,7,2,laser,2-0-1,0,2,2,False,True,True,7,0,1.0,1,1,0,0,False,False,True,0.5762357253896373,1.002734286483241,32.70728035514842,38.133575439453125,0.07629360622829862,0.46224905515578457,0.035266647393458514,0.035266647393458514,1.0,False,True,False,False,alive
autoregressive_ppo_order_201,learning,medium,heterogeneity_pressure,0,0,202,0,202,7,0,missile,2-0-1,1,5,,True,True,True,0,0,1.0,0,0,0,0,False,False,,,,,,,,,0.0,,False,False,False,False,
autoregressive_ppo_order_201,learning,medium,heterogeneity_pressure,0,0,202,0,202,7,1,missile,2-0-1,2,5,,True,True,True,2,0,1.0,2,1,1,1,True,False,,,,,,,,,0.15933399862820238,,False,False,False,False,
autoregressive_ppo_order_201,learning,medium,heterogeneity_pressure,0,0,202,0,202,8,2,laser,2-0-1,0,2,2,False,True,True,6,0,1.0,1,1,0,0,False,False,True,0.5762357253896373,1.002734286483241,31.707284008310484,36.18033981323242,0.09799622429741756,0.46224905515578457,0.045298662090315606,0.045298662090315606,1.0,False,True,False,False,alive
autoregressive_ppo_order_201,learning,medium,heterogeneity_pressure,0,0,202,0,202,8,0,missile,2-0-1,1,5,,True,True,True,0,0,1.0,0,0,0,0,False,False,,,,,,,,,0.0,,False,False,False,False,
autoregressive_ppo_order_201,learning,medium,heterogeneity_pressure,0,0,202,0,202,8,1,missile,2-0-1,2,5,,True,True,True,2,0,1.0,2,1,1,1,True,False,,,,,,,,,0.1820572534869675,,False,False,False,False,
autoregressive_ppo_order_201,learning,medium,heterogeneity_pressure,0,0,202,0,202,9,2,laser,2-0-1,0,2,2,False,True,True,5,0,1.0,1,1,0,0,False,False,True,0.5762357253896373,1.002734286483241,30.70728379208667,34.22922897338867,0.11967523362901478,0.46224905515578457,0.05531976367055986,0.05531976367055986,1.0,False,True,False,False,alive
autoregressive_ppo_order_201,learning,medium,heterogeneity_pressure,0,0,202,0,202,9,0,missile,2-0-1,1,5,,True,True,True,0,0,1.0,0,0,0,0,False,False,,,,,,,,,0.0,,False,False,False,False,
autoregressive_ppo_order_201,learning,medium,heterogeneity_pressure,0,0,202,0,202,9,1,missile,2-0-1,2,5,,True,True,True,2,0,1.0,2,1,1,1,True,False,,,,,,,,,0.20474280701770045,,False,False,False,False,
autoregressive_ppo_order_201,learning,medium,heterogeneity_pressure,0,0,202,0,202,10,2,laser,2-0-1,0,2,2,False,True,True,4,0,1.0,1,1,0,0,False,False,True,0.5762357253896373,1.002734286483241,29.70728357586286,32.28062057495117,0.14132643805609807,0.46224905515578457,0.06532801245996385,0.06532801245996385,1.0,False,True,True,True,intercepted
autoregressive_ppo_order_201,learning,medium,heterogeneity_pressure,0,0,202,0,202,10,0,missile,2-0-1,1,5,,True,True,True,0,0,1.0,0,0,0,0,False,False,,,,,,,,,0.0,,False,False,False,False,
autoregressive_ppo_order_201,learning,medium,heterogeneity_pressure,0,0,202,0,202,10,1,missile,2-0-1,2,5,,True,True,True,2,0,1.0,2,1,1,1,True,False,,,,,,,,,0.22738522611762746,,False,False,False,False,
autoregressive_ppo_order_201,learning,medium,heterogeneity_pressure,0,0,202,0,202,11,2,laser,2-0-1,0,5,,True,True,True,3,0,1.0,0,0,0,0,False,False,,,,,,,,,0.0,,False,False,False,False,
autoregressive_ppo_order_201,learning,medium,heterogeneity_pressure,0,0,202,0,202,11,0,missile,2-0-1,1,5,,True,True,True,0,0,1.0,0,0,0,0,False,False,,,,,,,,,0.0,,False,False,False,False,
autoregressive_ppo_order_201,learning,medium,heterogeneity_pressure,0,0,202,0,202,11,1,missile,2-0-1,2,5,,True,True,True,2,0,1.0,1,1,1,0,True,False,,,,,,,,,0.24997786624889645,,False,False,False,False,
autoregressive_ppo_order_201,learning,medium,heterogeneity_pressure,0,0,202,0,202,12,2,laser,2-0-1,0,5,,True,True,True,3,0,1.0,0,0,0,0,False,False,,,,,,,,,0.0,,False,False,False,False,
autoregressive_ppo_order_201,learning,medium,heterogeneity_pressure,0,0,202,0,202,12,0,missile,2-0-1,1,5,,True,True,True,0,0,1.0,0,0,0,0,False,False,,,,,,,,,0.0,,False,False,False,False,
autoregressive_ppo_order_201,learning,medium,heterogeneity_pressure,0,0,202,0,202,12,1,missile,2-0-1,2,5,,True,True,True,2,0,1.0,1,1,1,0,True,False,,,,,,,,,0.2725127245979625,,False,False,False,False,
autoregressive_ppo_order_201,learning,medium,heterogeneity_pressure,0,0,202,0,202,13,2,laser,2-0-1,0,5,,True,True,True,3,0,1.0,0,0,0,0,False,False,,,,,,,,,0.0,,False,False,False,False,
autoregressive_ppo_order_201,learning,medium,heterogeneity_pressure,0,0,202,0,202,13,0,missile,2-0-1,1,5,,True,True,True,0,0,1.0,0,0,0,0,False,False,,,,,,,,,0.0,,False,False,False,False,
autoregressive_ppo_order_201,learning,medium,heterogeneity_pressure,0,0,202,0,202,13,1,missile,2-0-1,2,5,,True,True,True,2,0,1.0,1,1,1,0,True,False,,,,,,,,,0.29497992613343227,,False,False,False,False,
autoregressive_ppo_order_201,learning,medium,heterogeneity_pressure,0,0,202,0,202,14,2,laser,2-0-1,0,3,3,False,True,True,3,0,1.0,1,1,1,0,False,True,True,0.8496938561098759,1.0454458491252259,10.885588542724326,43.04045867919922,0.021772681342230926,0.8883089148972767,0.019340866937521337,0.019340866937521337,1.0,False,True,True,True,intercepted
autoregressive_ppo_order_201,learning,medium,heterogeneity_pressure,0,0,202,0,202,14,0,missile,2-0-1,1,5,,True,True,True,0,0,1.0,0,0,0,0,False,False,,,,,,,,,0.0,,False,False,False,False,
autoregressive_ppo_order_201,learning,medium,heterogeneity_pressure,0,0,202,0,202,14,1,missile,2-0-1,2,0,0,False,True,True,2,0,1.0,2,1,0,1,False,False,True,0.6502129956054978,0.9961275639914976,22.897198919870476,70.75869750976562,0.013447443644205711,0.6476950873881189,0.008709843186280621,0.008709843186280621,1.0,False,True,True,True,intercepted
autoregressive_ppo_order_201,learning,medium,heterogeneity_pressure,0,0,202,1,203,0,2,laser,2-0-1,0,5,,True,True,True,10,0,1.0,0,0,0,0,False,False,,,,,,,,,0.0,,False,False,False,False,
autoregressive_ppo_order_201,learning,medium,heterogeneity_pressure,0,0,202,1,203,0,0,missile,2-0-1,1,1,1,False,True,True,3,0,1.0,5,5,1,0,False,False,True,0.5937309440860186,0.7079128675889843,30.552050471062582,50.7138557434082,0.421836691317351,0.33624782016339866,0.14184166792039976,0.31788360582787806,0.4462063010484462,False,True,False,False,alive
autoregressive_ppo_order_201,learning,medium,heterogeneity_pressure,0,0,202,1,203,0,1,missile,2-0-1,2,0,0,False,True,True,3,0,1.0,2,2,0,0,False,False,True,0.6585034974408608,1.3759141583561854,40.013308141225295,70.90181732177734,0.011896979014078815,0.9060442854559464,0.01077918984989543,0.04992999857808592,0.2158860435983744,False,True,False,False,alive
autoregressive_ppo_order_201,learning,medium,heterogeneity_pressure,0,0,202,1,203,1,2,laser,2-0-1,0,5,,True,True,True,10,0,1.0,0,0,0,0,False,False,,,,,,,,,0.0,,False,False,False,False,
autoregressive_ppo_order_201,learning,medium,heterogeneity_pressure,0,0,202,1,203,1,0,missile,2-0-1,1,5,,True,True,True,2,1,1.0,0,0,0,0,False,False,,,,,,,,,0.0,,False,False,False,False,
autoregressive_ppo_order_201,learning,medium,heterogeneity_pressure,0,0,202,1,203,1,1,missile,2-0-1,2,5,,True,True,True,2,1,1.0,0,0,0,0,False,False,,,,,,,,,0.0,,False,False,False,False,
autoregressive_ppo_order_201,learning,medium,heterogeneity_pressure,0,0,202,1,203,2,2,laser,2-0-1,0,5,,True,True,True,10,0,1.0,0,0,0,0,False,False,,,,,,,,,0.0,,False,False,False,False,
autoregressive_ppo_order_201,learning,medium,heterogeneity_pressure,0,0,202,1,203,2,0,missile,2-0-1,1,1,1,False,True,True,2,0,1.0,5,5,1,0,False,False,True,0.5937309440860186,0.7079128675889843,28.55204833109435,45.20131301879883,0.47816049741662064,0.33624782016339866,0.1607804249445851,0.3445235885473923,0.4666746495428087,False,True,False,False,alive
autoregressive_ppo_order_201,learning,medium,heterogeneity_pressure,0,0,202,1,203,2,1,missile,2-0-1,2,0,0,False,True,True,2,0,1.0,3,2,0,1,False,False,True,0.6585034974408608,1.3759141583561854,38.013308890026856,68.00809478759766,0.04324563980102542,0.9060442854559464,0.03918246481260532,0.0788731385318427,0.4967783144167206,False,True,False,False,alive
autoregressive_ppo_order_201,learning,medium,heterogeneity_pressure,0,0,202,1,203,3,2,laser,2-0-1,0,5,,True,True,True,10,0,1.0,0,0,0,0,False,False,,,,,,,,,0.0,,False,False,False,False,
autoregressive_ppo_order_201,learning,medium,heterogeneity_pressure,0,0,202,1,203,3,0,missile,2-0-1,1,5,,True,True,True,1,1,1.0,0,0,0,0,False,False,,,,,,,,,0.0,,False,False,False,False,
autoregressive_ppo_order_201,learning,medium,heterogeneity_pressure,0,0,202,1,203,3,1,missile,2-0-1,2,5,,True,True,True,1,1,1.0,0,0,0,0,False,False,,,,,,,,,0.0,,False,False,False,False,
autoregressive_ppo_order_201,learning,medium,heterogeneity_pressure,0,0,202,1,203,4,2,laser,2-0-1,0,5,,True,True,True,10,0,1.0,0,0,0,0,False,False,,,,,,,,,0.0,,False,False,False,False,
autoregressive_ppo_order_201,learning,medium,heterogeneity_pressure,0,0,202,1,203,4,0,missile,2-0-1,1,1,1,False,True,True,1,0,1.0,5,5,1,0,False,False,True,0.5937309440860186,0.7079128675889843,26.552048947001488,39.69552993774414,0.5344152375926141,0.33624782016339866,0.17969595870262128,0.371115755822758,0.48420460700796186,False,True,False,False,alive
autoregressive_ppo_order_201,learning,medium,heterogeneity_pressure,0,0,202,1,203,4,1,missile,2-0-1,2,0,0,False,True,True,1,0,1.0,4,3,0,1,False,False,True,0.6585034974408608,1.3759141583561854,36.01330702952226,65.11707305908203,0.07456504185994466,0.9060442854559464,0.06755923007198629,0.10772292217705651,0.6271574211563253,False,True,False,False,alive
autoregressive_ppo_order_201,learning,medium,heterogeneity_pressure,0,0,202,1,203,5,2,laser,2-0-1,0,5,,True,True,True,10,0,1.0,0,0,0,0,False,False,,,,,,,,,0.0,,False,False,False,False,
autoregressive_ppo_order_201,learning,medium,heterogeneity_pressure,0,0,202,1,203,5,0,missile,2-0-1,1,5,,True,True,True,0,1,1.0,0,0,0,0,False,False,,,,,,,,,0.0,,False,False,False,False,
autoregressive_ppo_order_201,learning,medium,heterogeneity_pressure,0,0,202,1,203,5,1,missile,2-0-1,2,5,,True,True,True,0,1,1.0,0,0,0,0,False,False,,,,,,,,,0.0,,False,False,False,False,
autoregressive_ppo_order_201,learning,medium,heterogeneity_pressure,0,0,202,1,203,6,2,laser,2-0-1,0,5,,True,True,True,10,0,1.0,0,0,0,0,False,False,,,,,,,,,0.0,,False,False,False,False,
autoregressive_ppo_order_201,learning,medium,heterogeneity_pressure,0,0,202,1,203,6,0,missile,2-0-1,1,5,,True,True,True,0,0,1.0,0,0,0,0,False,False,,,,,,,,,0.0,,False,False,False,False,
autoregressive_ppo_order_201,learning,medium,heterogeneity_pressure,0,0,202,1,203,6,1,missile,2-0-1,2,5,,True,True,True,0,0,1.0,0,0,0,0,False,False,,,,,,,,,0.0,,False,False,False,False,
autoregressive_ppo_order_201,learning,medium,heterogeneity_pressure,0,0,202,1,203,7,2,laser,2-0-1,0,5,,True,True,True,10,0,1.0,1,1,0,0,True,False,,,,,,,,,0.009705240486666775,,False,False,False,False,
autoregressive_ppo_order_201,learning,medium,heterogeneity_pressure,0,0,202,1,203,7,0,missile,2-0-1,1,5,,True,True,True,0,0,1.0,0,0,0,0,False,False,,,,,,,,,0.0,,False,False,False,False,
autoregressive_ppo_order_201,learning,medium,heterogeneity_pressure,0,0,202,1,203,7,1,missile,2-0-1,2,5,,True,True,True,0,0,1.0,0,0,0,0,False,False,,,,,,,,,0.0,,False,False,False,False,
autoregressive_ppo_order_201,learning,medium,heterogeneity_pressure,0,0,202,1,203,8,2,laser,2-0-1,0,4,4,False,True,True,10,0,1.0,3,3,0,0,False,False,True,0.5048260381038868,1.0453312008450368,13.777280974179186,43.40071105957031,0.017769877115885402,0.5277104086289783,0.009377349114110617,0.019578027960818,0.4789731188901018,False,True,False,False,alive
autoregressive_ppo_order_201,learning,medium,heterogeneity_pressure,0,0,202,1,203,8,0,missile,2-0-1,1,5,,True,True,True,0,0,1.0,0,0,0,0,False,False,,,,,,,,,0.0,,False,False,False,False,
autoregressive_ppo_order_201,learning,medium,heterogeneity_pressure,0,0,202,1,203,8,1,missile,2-0-1,2,5,,True,True,True,0,0,1.0,0,0,0,0,False,False,,,,,,,,,0.0,,False,False,False,False,
autoregressive_ppo_order_201,learning,medium,heterogeneity_pressure,0,0,202,1,203,9,2,laser,2-0-1,0,4,4,False,True,True,9,0,1.0,3,3,0,0,False,False,True,0.5048260381038868,1.0453312008450368,12.777281090838349,40.553138732910156,0.049409569634331574,0.5277104086289783,0.026073944181915075,0.029382277372463888,0.8874037860098185,False,True,False,False,alive
autoregressive_ppo_order_201,learning,medium,heterogeneity_pressure,0,0,202,1,203,9,0,missile,2-0-1,1,5,,True,True,True,0,0,1.0,0,0,0,0,False,False,,,,,,,,,0.0,,False,False,False,False,
autoregressive_ppo_order_201,learning,medium,heterogeneity_pressure,0,0,202,1,203,9,1,missile,2-0-1,2,5,,True,True,True,0,0,1.0,0,0,0,0,False,False,,,,,,,,,0.0,,False,False,False,False,
autoregressive_ppo_order_201,learning,medium,heterogeneity_pressure,0,0,202,1,203,10,2,laser,2-0-1,0,4,4,False,True,True,8,0,1.0,3,3,0,0,False,False,True,0.5048260381038868,1.0453312008450368,11.777279920902055,37.723655700683594,0.08084826999240452,0.5277104086289783,0.04266447359463776,0.04266447359463776,1.0,False,True,False,False,alive
autoregressive_ppo_order_201,learning,medium,heterogeneity_pressure,0,0,202,1,203,10,0,missile,2-0-1,1,5,,True,True,True,0,0,1.0,0,0,0,0,False,False,,,,,,,,,0.0,,False,False,False,False,
autoregressive_ppo_order_201,learning,medium,heterogeneity_pressure,0,0,202,1,203,10,1,missile,2-0-1,2,5,,True,True,True,0,0,1.0,0,0,0,0,False,False,,,,,,,,,0.0,,False,False,False,False,
autoregressive_ppo_order_201,learning,medium,heterogeneity_pressure,0,0,202,1,203,11,2,laser,2-0-1,0,4,4,False,True,True,7,0,1.0,3,3,0,0,False,False,True,0.5048260381038868,1.0453312008450368,10.777280037561217,34.91666030883789,0.11203710767957897,0.5277104086289783,0.05912314787519947,0.05912314787519947,1.0,False,True,False,False,alive
autoregressive_ppo_order_201,learning,medium,heterogeneity_pressure,0,0,202,1,203,11,0,missile,2-0-1,1,5,,True,True,True,0,0,1.0,0,0,0,0,False,False,,,,,,,,,0.0,,False,False,False,False,
autoregressive_ppo_order_201,learning,medium,heterogeneity_pressure,0,0,202,1,203,11,1,missile,2-0-1,2,5,,True,True,True,0,0,1.0,0,0,0,0,False,False,,,,,,,,,0.0,,False,False,False,False,
autoregressive_ppo_order_201,learning,medium,heterogeneity_pressure,0,0,202,1,203,12,2,laser,2-0-1,0,4,4,False,True,True,6,0,1.0,4,4,0,0,False,False,True,0.5048260381038868,1.0453312008450368,9.777281440815832,32.13804626464844,0.1429105970594618,0.5277104086289783,0.07541540957165986,0.07541540957165986,1.0,False,True,False,False,alive
autoregressive_ppo_order_201,learning,medium,heterogeneity_pressure,0,0,202,1,203,12,0,missile,2-0-1,1,5,,True,True,True,0,0,1.0,0,0,0,0,False,False,,,,,,,,,0.0,,False,False,False,False,
autoregressive_ppo_order_201,learning,medium,heterogeneity_pressure,0,0,202,1,203,12,1,missile,2-0-1,2,5,,True,True,True,0,0,1.0,0,0,0,0,False,False,,,,,,,,,0.0,,False,False,False,False,
autoregressive_ppo_order_201,learning,medium,heterogeneity_pressure,0,0,202,1,203,13,2,laser,2-0-1,0,4,4,False,True,True,5,0,1.0,4,4,0,0,False,False,True,0.5048260381038868,1.0453312008450368,8.777280914177267,29.39586639404297,0.17337926228841144,0.5277104086289783,0.09149404135000841,0.09149404135000841,1.0,False,True,True,True,intercepted
autoregressive_ppo_order_201,learning,medium,heterogeneity_pressure,0,0,202,1,203,13,0,missile,2-0-1,1,5,,True,True,True,0,0,1.0,0,0,0,0,False,False,,,,,,,,,0.0,,False,False,False,False,
autoregressive_ppo_order_201,learning,medium,heterogeneity_pressure,0,0,202,1,203,13,1,missile,2-0-1,2,5,,True,True,True,0,0,1.0,0,0,0,0,False,False,,,,,,,,,0.0,,False,False,False,False,
autoregressive_ppo_order_201,learning,medium,heterogeneity_pressure,0,0,202,1,203,14,2,laser,2-0-1,0,0,0,False,True,True,4,0,1.0,3,3,0,0,False,False,True,0.6585034974408608,1.3759141583561854,26.01330816422391,35.94631576538086,0.10059649149576821,0.9060442854559464,0.0911448762566585,0.0911448762566585,1.0,False,True,False,False,alive
autoregressive_ppo_order_201,learning,medium,heterogeneity_pressure,0,0,202,1,203,14,0,missile,2-0-1,1,5,,True,True,True,0,0,1.0,0,0,0,0,False,False,,,,,,,,,0.0,,False,False,False,False,
autoregressive_ppo_order_201,learning,medium,heterogeneity_pressure,0,0,202,1,203,14,1,missile,2-0-1,2,5,,True,True,True,0,0,1.0,0,0,0,0,False,False,,,,,,,,,0.0,,False,False,False,False,
autoregressive_ppo_order_201,learning,medium,heterogeneity_pressure,0,0,202,1,203,15,2,laser,2-0-1,0,0,0,False,True,True,3,0,1.0,3,3,0,0,False,False,True,0.6585034974408608,1.3759141583561854,25.013307233971613,34.534969329833984,0.11627811855740017,0.9060442854559464,0.10535312484250145,0.10535312484250145,1.0,False,True,False,False,alive
autoregressive_ppo_order_201,learning,medium,heterogeneity_pressure,0,0,202,1,203,15,0,missile,2-0-1,1,5,,True,True,True,0,0,1.0,0,0,0,0,False,False,,,,,,,,,0.0,,False,False,False,False,
autoregressive_ppo_order_201,learning,medium,heterogeneity_pressure,0,0,202,1,203,15,1,missile,2-0-1,2,5,,True,True,True,0,0,1.0,0,0,0,0,False,False,,,,,,,,,0.0,,False,False,False,False,
autoregressive_ppo_order_201,learning,medium,heterogeneity_pressure,0,0,202,1,203,16,2,laser,2-0-1,0,0,0,False,True,True,2,0,1.0,3,3,0,0,False,False,True,0.6585034974408608,1.3759141583561854,24.013308913025472,33.128013610839844,0.1319109598795573,0.9060442854559464,0.11951717138788151,0.11951717138788151,1.0,False,True,False,False,alive
autoregressive_ppo_order_201,learning,medium,heterogeneity_pressure,0,0,202,1,203,16,0,missile,2-0-1,1,5,,True,True,True,0,0,1.0,0,0,0,0,False,False,,,,,,,,,0.0,,False,False,False,False,
autoregressive_ppo_order_201,learning,medium,heterogeneity_pressure,0,0,202,1,203,16,1,missile,2-0-1,2,5,,True,True,True,0,0,1.0,0,0,0,0,False,False,,,,,,,,,0.0,,False,False,False,False,
autoregressive_ppo_order_201,learning,medium,heterogeneity_pressure,0,0,202,1,203,17,2,laser,2-0-1,0,0,0,False,True,True,1,0,1.0,3,3,0,0,False,False,True,0.6585034974408608,1.3759141583561854,23.013307982773174,31.726030349731445,0.14748855166965058,0.9060442854559464,0.133631159410461,0.133631159410461,1.0,False,True,False,False,alive
autoregressive_ppo_order_201,learning,medium,heterogeneity_pressure,0,0,202,1,203,17,0,missile,2-0-1,1,5,,True,True,True,0,0,1.0,0,0,0,0,False,False,,,,,,,,,0.0,,False,False,False,False,
autoregressive_ppo_order_201,learning,medium,heterogeneity_pressure,0,0,202,1,203,17,1,missile,2-0-1,2,5,,True,True,True,0,0,1.0,0,0,0,0,False,False,,,,,,,,,0.0,,False,False,False,False,
autoregressive_ppo_order_201,learning,medium,heterogeneity_pressure,0,0,202,1,203,18,2,laser,2-0-1,0,5,,True,True,True,0,0,1.0,0,0,0,0,False,False,,,,,,,,,0.0,,False,False,False,False,
autoregressive_ppo_order_201,learning,medium,heterogeneity_pressure,0,0,202,1,203,18,0,missile,2-0-1,1,5,,True,True,True,0,0,1.0,0,0,0,0,False,False,,,,,,,,,0.0,,False,False,False,False,
autoregressive_ppo_order_201,learning,medium,heterogeneity_pressure,0,0,202,1,203,18,1,missile,2-0-1,2,5,,True,True,True,0,0,1.0,0,0,0,0,False,False,,,,,,,,,0.0,,False,False,False,False,
autoregressive_ppo_order_201,learning,medium,heterogeneity_pressure,0,0,202,1,203,19,2,laser,2-0-1,0,5,,True,True,True,0,0,1.0,0,0,0,0,False,False,,,,,,,,,0.0,,False,False,False,False,
autoregressive_ppo_order_201,learning,medium,heterogeneity_pressure,0,0,202,1,203,19,0,missile,2-0-1,1,5,,True,True,True,0,0,1.0,0,0,0,0,False,False,,,,,,,,,0.0,,False,False,False,False,
autoregressive_ppo_order_201,learning,medium,heterogeneity_pressure,0,0,202,1,203,19,1,missile,2-0-1,2,5,,True,True,True,0,0,1.0,0,0,0,0,False,False,,,,,,,,,0.0,,False,False,False,False,
autoregressive_ppo_order_201,learning,medium,heterogeneity_pressure,0,0,202,1,203,20,2,laser,2-0-1,0,5,,True,True,True,0,0,1.0,0,0,0,0,False,False,,,,,,,,,0.0,,False,False,False,False,
autoregressive_ppo_order_201,learning,medium,heterogeneity_pressure,0,0,202,1,203,20,0,missile,2-0-1,1,5,,True,True,True,0,0,1.0,0,0,0,0,False,False,,,,,,,,,0.0,,False,False,False,False,
autoregressive_ppo_order_201,learning,medium,heterogeneity_pressure,0,0,202,1,203,20,1,missile,2-0-1,2,5,,True,True,True,0,0,1.0,0,0,0,0,False,False,,,,,,,,,0.0,,False,False,False,False,
autoregressive_ppo_order_201,learning,medium,heterogeneity_pressure,0,0,202,1,203,21,2,laser,2-0-1,0,5,,True,True,True,0,0,1.0,0,0,0,0,False,False,,,,,,,,,0.0,,False,False,False,False,
autoregressive_ppo_order_201,learning,medium,heterogeneity_pressure,0,0,202,1,203,21,0,missile,2-0-1,1,5,,True,True,True,0,0,1.0,0,0,0,0,False,False,,,,,,,,,0.0,,False,False,False,False,
autoregressive_ppo_order_201,learning,medium,heterogeneity_pressure,0,0,202,1,203,21,1,missile,2-0-1,2,5,,True,True,True,0,0,1.0,0,0,0,0,False,False,,,,,,,,,0.0,,False,False,False,False,
autoregressive_ppo_order_201,learning,medium,heterogeneity_pressure,0,0,202,1,203,22,2,laser,2-0-1,0,5,,True,True,True,0,0,1.0,0,0,0,0,False,False,,,,,,,,,0.0,,False,False,False,False,
autoregressive_ppo_order_201,learning,medium,heterogeneity_pressure,0,0,202,1,203,22,0,missile,2-0-1,1,5,,True,True,True,0,0,1.0,0,0,0,0,False,False,,,,,,,,,0.0,,False,False,False,False,
autoregressive_ppo_order_201,learning,medium,heterogeneity_pressure,0,0,202,1,203,22,1,missile,2-0-1,2,5,,True,True,True,0,0,1.0,0,0,0,0,False,False,,,,,,,,,0.0,,False,False,False,False,
autoregressive_ppo_order_201,learning,medium,heterogeneity_pressure,0,0,202,1,203,23,2,laser,2-0-1,0,5,,True,True,True,0,0,1.0,0,0,0,0,False,False,,,,,,,,,0.0,,False,False,False,False,
autoregressive_ppo_order_201,learning,medium,heterogeneity_pressure,0,0,202,1,203,23,0,missile,2-0-1,1,5,,True,True,True,0,0,1.0,0,0,0,0,False,False,,,,,,,,,0.0,,False,False,False,False,
autoregressive_ppo_order_201,learning,medium,heterogeneity_pressure,0,0,202,1,203,23,1,missile,2-0-1,2,5,,True,True,True,0,0,1.0,0,0,0,0,False,False,,,,,,,,,0.0,,False,False,False,False,
autoregressive_ppo_order_201,learning,medium,heterogeneity_pressure,0,0,202,1,203,24,2,laser,2-0-1,0,5,,True,True,True,0,0,1.0,0,0,0,0,False,False,,,,,,,,,0.0,,False,False,False,False,
autoregressive_ppo_order_201,learning,medium,heterogeneity_pressure,0,0,202,1,203,24,0,missile,2-0-1,1,5,,True,True,True,0,0,1.0,0,0,0,0,False,False,,,,,,,,,0.0,,False,False,False,False,
autoregressive_ppo_order_201,learning,medium,heterogeneity_pressure,0,0,202,1,203,24,1,missile,2-0-1,2,5,,True,True,True,0,0,1.0,0,0,0,0,False,False,,,,,,,,,0.0,,False,False,False,False,
autoregressive_ppo_order_201,learning,medium,heterogeneity_pressure,0,0,202,1,203,25,2,laser,2-0-1,0,5,,True,True,True,0,0,1.0,0,0,0,0,False,False,,,,,,,,,0.0,,False,False,False,False,
autoregressive_ppo_order_201,learning,medium,heterogeneity_pressure,0,0,202,1,203,25,0,missile,2-0-1,1,5,,True,True,True,0,0,1.0,0,0,0,0,False,False,,,,,,,,,0.0,,False,False,False,False,
autoregressive_ppo_order_201,learning,medium,heterogeneity_pressure,0,0,202,1,203,25,1,missile,2-0-1,2,5,,True,True,True,0,0,1.0,0,0,0,0,False,False,,,,,,,,,0.0,,False,False,False,False,
autoregressive_ppo_order_201,learning,medium,heterogeneity_pressure,0,0,202,1,203,26,2,laser,2-0-1,0,5,,True,True,True,0,0,1.0,0,0,0,0,False,False,,,,,,,,,0.0,,False,False,False,False,
autoregressive_ppo_order_201,learning,medium,heterogeneity_pressure,0,0,202,1,203,26,0,missile,2-0-1,1,5,,True,True,True,0,0,1.0,0,0,0,0,False,False,,,,,,,,,0.0,,False,False,False,False,
autoregressive_ppo_order_201,learning,medium,heterogeneity_pressure,0,0,202,1,203,26,1,missile,2-0-1,2,5,,True,True,True,0,0,1.0,0,0,0,0,False,False,,,,,,,,,0.0,,False,False,False,False,
autoregressive_ppo_order_201,learning,medium,heterogeneity_pressure,0,0,202,1,203,27,2,laser,2-0-1,0,5,,True,True,True,0,0,1.0,0,0,0,0,False,False,,,,,,,,,0.0,,False,False,False,False,
autoregressive_ppo_order_201,learning,medium,heterogeneity_pressure,0,0,202,1,203,27,0,missile,2-0-1,1,5,,True,True,True,0,0,1.0,0,0,0,0,False,False,,,,,,,,,0.0,,False,False,False,False,
autoregressive_ppo_order_201,learning,medium,heterogeneity_pressure,0,0,202,1,203,27,1,missile,2-0-1,2,5,,True,True,True,0,0,1.0,0,0,0,0,False,False,,,,,,,,,0.0,,False,False,False,False,
autoregressive_ppo_order_201,learning,medium,heterogeneity_pressure,0,0,202,1,203,28,2,laser,2-0-1,0,5,,True,True,True,0,0,1.0,0,0,0,0,False,False,,,,,,,,,0.0,,False,False,False,False,
autoregressive_ppo_order_201,learning,medium,heterogeneity_pressure,0,0,202,1,203,28,0,missile,2-0-1,1,5,,True,True,True,0,0,1.0,0,0,0,0,False,False,,,,,,,,,0.0,,False,False,False,False,
autoregressive_ppo_order_201,learning,medium,heterogeneity_pressure,0,0,202,1,203,28,1,missile,2-0-1,2,5,,True,True,True,0,0,1.0,0,0,0,0,False,False,,,,,,,,,0.0,,False,False,False,False,
autoregressive_ppo_order_201,learning,medium,heterogeneity_pressure,0,0,202,1,203,29,2,laser,2-0-1,0,5,,True,True,True,0,0,1.0,0,0,0,0,False,False,,,,,,,,,0.0,,False,False,False,False,
autoregressive_ppo_order_201,learning,medium,heterogeneity_pressure,0,0,202,1,203,29,0,missile,2-0-1,1,5,,True,True,True,0,0,1.0,0,0,0,0,False,False,,,,,,,,,0.0,,False,False,False,False,
autoregressive_ppo_order_201,learning,medium,heterogeneity_pressure,0,0,202,1,203,29,1,missile,2-0-1,2,5,,True,True,True,0,0,1.0,0,0,0,0,False,False,,,,,,,,,0.0,,False,False,False,False,
autoregressive_ppo_order_201,learning,medium,heterogeneity_pressure,0,0,202,1,203,30,2,laser,2-0-1,0,5,,True,True,True,0,0,1.0,0,0,0,0,False,False,,,,,,,,,0.0,,False,False,False,False,
autoregressive_ppo_order_201,learning,medium,heterogeneity_pressure,0,0,202,1,203,30,0,missile,2-0-1,1,5,,True,True,True,0,0,1.0,0,0,0,0,False,False,,,,,,,,,0.0,,False,False,False,False,
autoregressive_ppo_order_201,learning,medium,heterogeneity_pressure,0,0,202,1,203,30,1,missile,2-0-1,2,5,,True,True,True,0,0,1.0,0,0,0,0,False,False,,,,,,,,,0.0,,False,False,False,False,
autoregressive_ppo_order_201,learning,medium,heterogeneity_pressure,0,0,202,1,203,31,2,laser,2-0-1,0,5,,True,True,True,0,0,1.0,0,0,0,0,False,False,,,,,,,,,0.0,,False,False,False,False,
autoregressive_ppo_order_201,learning,medium,heterogeneity_pressure,0,0,202,1,203,31,0,missile,2-0-1,1,5,,True,True,True,0,0,1.0,0,0,0,0,False,False,,,,,,,,,0.0,,False,False,False,False,
autoregressive_ppo_order_201,learning,medium,heterogeneity_pressure,0,0,202,1,203,31,1,missile,2-0-1,2,5,,True,True,True,0,0,1.0,0,0,0,0,False,False,,,,,,,,,0.0,,False,False,False,False,
autoregressive_ppo_order_201,learning,medium,heterogeneity_pressure,0,0,202,1,203,32,2,laser,2-0-1,0,5,,True,True,True,0,0,1.0,0,0,0,0,False,False,,,,,,,,,0.0,,False,False,False,False,
autoregressive_ppo_order_201,learning,medium,heterogeneity_pressure,0,0,202,1,203,32,0,missile,2-0-1,1,5,,True,True,True,0,0,1.0,0,0,0,0,False,False,,,,,,,,,0.0,,False,False,False,False,
autoregressive_ppo_order_201,learning,medium,heterogeneity_pressure,0,0,202,1,203,32,1,missile,2-0-1,2,5,,True,True,True,0,0,1.0,0,0,0,0,False,False,,,,,,,,,0.0,,False,False,False,False,
autoregressive_ppo_order_201,learning,medium,heterogeneity_pressure,0,0,202,1,203,33,2,laser,2-0-1,0,5,,True,True,True,0,0,1.0,0,0,0,0,False,False,,,,,,,,,0.0,,False,False,False,False,
autoregressive_ppo_order_201,learning,medium,heterogeneity_pressure,0,0,202,1,203,33,0,missile,2-0-1,1,5,,True,True,True,0,0,1.0,0,0,0,0,False,False,,,,,,,,,0.0,,False,False,False,False,
autoregressive_ppo_order_201,learning,medium,heterogeneity_pressure,0,0,202,1,203,33,1,missile,2-0-1,2,5,,True,True,True,0,0,1.0,0,0,0,0,False,False,,,,,,,,,0.0,,False,False,False,False,
autoregressive_ppo_order_201,learning,medium,heterogeneity_pressure,0,0,202,1,203,34,2,laser,2-0-1,0,5,,True,True,True,0,0,1.0,0,0,0,0,False,False,,,,,,,,,0.0,,False,False,False,False,
autoregressive_ppo_order_201,learning,medium,heterogeneity_pressure,0,0,202,1,203,34,0,missile,2-0-1,1,5,,True,True,True,0,0,1.0,0,0,0,0,False,False,,,,,,,,,0.0,,False,False,False,False,
autoregressive_ppo_order_201,learning,medium,heterogeneity_pressure,0,0,202,1,203,34,1,missile,2-0-1,2,5,,True,True,True,0,0,1.0,0,0,0,0,False,False,,,,,,,,,0.0,,False,False,False,False,
autoregressive_ppo_order_201,learning,medium,heterogeneity_pressure,0,0,202,1,203,35,2,laser,2-0-1,0,5,,True,True,True,0,0,1.0,0,0,0,0,False,False,,,,,,,,,0.0,,False,False,False,False,
autoregressive_ppo_order_201,learning,medium,heterogeneity_pressure,0,0,202,1,203,35,0,missile,2-0-1,1,5,,True,True,True,0,0,1.0,0,0,0,0,False,False,,,,,,,,,0.0,,False,False,False,False,
autoregressive_ppo_order_201,learning,medium,heterogeneity_pressure,0,0,202,1,203,35,1,missile,2-0-1,2,5,,True,True,True,0,0,1.0,0,0,0,0,False,False,,,,,,,,,0.0,,False,False,False,False,
autoregressive_ppo_order_201,learning,medium,heterogeneity_pressure,0,0,202,1,203,36,2,laser,2-0-1,0,5,,True,True,True,0,0,1.0,0,0,0,0,False,False,,,,,,,,,0.0,,False,False,False,False,
autoregressive_ppo_order_201,learning,medium,heterogeneity_pressure,0,0,202,1,203,36,0,missile,2-0-1,1,5,,True,True,True,0,0,1.0,0,0,0,0,False,False,,,,,,,,,0.0,,False,False,False,False,
autoregressive_ppo_order_201,learning,medium,heterogeneity_pressure,0,0,202,1,203,36,1,missile,2-0-1,2,5,,True,True,True,0,0,1.0,0,0,0,0,False,False,,,,,,,,,0.0,,False,False,False,False,
autoregressive_ppo_order_201,learning,medium,heterogeneity_pressure,0,0,202,1,203,37,2,laser,2-0-1,0,5,,True,True,True,0,0,1.0,0,0,0,0,False,False,,,,,,,,,0.0,,False,False,False,False,
autoregressive_ppo_order_201,learning,medium,heterogeneity_pressure,0,0,202,1,203,37,0,missile,2-0-1,1,5,,True,True,True,0,0,1.0,0,0,0,0,False,False,,,,,,,,,0.0,,False,False,False,False,
autoregressive_ppo_order_201,learning,medium,heterogeneity_pressure,0,0,202,1,203,37,1,missile,2-0-1,2,5,,True,True,True,0,0,1.0,0,0,0,0,False,False,,,,,,,,,0.0,,False,False,False,False,
autoregressive_ppo_order_201,learning,medium,heterogeneity_pressure,0,0,202,1,203,38,2,laser,2-0-1,0,5,,True,True,True,0,0,1.0,0,0,0,0,False,False,,,,,,,,,0.0,,False,False,False,False,
autoregressive_ppo_order_201,learning,medium,heterogeneity_pressure,0,0,202,1,203,38,0,missile,2-0-1,1,5,,True,True,True,0,0,1.0,0,0,0,0,False,False,,,,,,,,,0.0,,False,False,False,False,
autoregressive_ppo_order_201,learning,medium,heterogeneity_pressure,0,0,202,1,203,38,1,missile,2-0-1,2,5,,True,True,True,0,0,1.0,0,0,0,0,False,False,,,,,,,,,0.0,,False,False,False,False,
autoregressive_ppo_order_201,learning,medium,heterogeneity_pressure,0,0,202,1,203,39,2,laser,2-0-1,0,5,,True,True,True,0,0,1.0,0,0,0,0,False,False,,,,,,,,,0.0,,False,False,False,False,
autoregressive_ppo_order_201,learning,medium,heterogeneity_pressure,0,0,202,1,203,39,0,missile,2-0-1,1,5,,True,True,True,0,0,1.0,0,0,0,0,False,False,,,,,,,,,0.0,,False,False,False,False,
autoregressive_ppo_order_201,learning,medium,heterogeneity_pressure,0,0,202,1,203,39,1,missile,2-0-1,2,5,,True,True,True,0,0,1.0,0,0,0,0,False,False,,,,,,,,,0.0,,False,False,False,False,
autoregressive_ppo_order_201,learning,medium,heterogeneity_pressure,0,0,202,1,203,40,2,laser,2-0-1,0,5,,True,True,True,0,0,1.0,0,0,0,0,False,False,,,,,,,,,0.0,,False,False,False,False,
autoregressive_ppo_order_201,learning,medium,heterogeneity_pressure,0,0,202,1,203,40,0,missile,2-0-1,1,5,,True,True,True,0,0,1.0,0,0,0,0,False,False,,,,,,,,,0.0,,False,False,False,False,
autoregressive_ppo_order_201,learning,medium,heterogeneity_pressure,0,0,202,1,203,40,1,missile,2-0-1,2,5,,True,True,True,0,0,1.0,0,0,0,0,False,False,,,,,,,,,0.0,,False,False,False,False,
autoregressive_ppo_order_201,learning,medium,heterogeneity_pressure,0,0,202,1,203,41,2,laser,2-0-1,0,5,,True,True,True,0,0,1.0,0,0,0,0,False,False,,,,,,,,,0.0,,False,False,False,False,
autoregressive_ppo_order_201,learning,medium,heterogeneity_pressure,0,0,202,1,203,41,0,missile,2-0-1,1,5,,True,True,True,0,0,1.0,0,0,0,0,False,False,,,,,,,,,0.0,,False,False,False,False,
autoregressive_ppo_order_201,learning,medium,heterogeneity_pressure,0,0,202,1,203,41,1,missile,2-0-1,2,5,,True,True,True,0,0,1.0,0,0,0,0,False,False,,,,,,,,,0.0,,False,False,False,False,
autoregressive_ppo_order_201,learning,medium,heterogeneity_pressure,0,0,202,1,203,42,2,laser,2-0-1,0,5,,True,True,True,0,0,1.0,0,0,0,0,False,False,,,,,,,,,0.0,,False,False,False,False,
autoregressive_ppo_order_201,learning,medium,heterogeneity_pressure,0,0,202,1,203,42,0,missile,2-0-1,1,5,,True,True,True,0,0,1.0,0,0,0,0,False,False,,,,,,,,,0.0,,False,False,False,False,
autoregressive_ppo_order_201,learning,medium,heterogeneity_pressure,0,0,202,1,203,42,1,missile,2-0-1,2,5,,True,True,True,0,0,1.0,0,0,0,0,False,False,,,,,,,,,0.0,,False,False,False,False,
autoregressive_ppo_order_201,learning,medium,heterogeneity_pressure,0,0,202,1,203,43,2,laser,2-0-1,0,5,,True,True,True,0,0,1.0,0,0,0,0,False,False,,,,,,,,,0.0,,False,False,False,False,
autoregressive_ppo_order_201,learning,medium,heterogeneity_pressure,0,0,202,1,203,43,0,missile,2-0-1,1,5,,True,True,True,0,0,1.0,0,0,0,0,False,False,,,,,,,,,0.0,,False,False,False,False,
autoregressive_ppo_order_201,learning,medium,heterogeneity_pressure,0,0,202,1,203,43,1,missile,2-0-1,2,5,,True,True,True,0,0,1.0,0,0,0,0,False,False,,,,,,,,,0.0,,False,False,False,False,
autoregressive_ppo_order_201,learning,medium,heterogeneity_pressure,0,0,202,1,203,44,2,laser,2-0-1,0,5,,True,True,True,0,0,1.0,0,0,0,0,False,False,,,,,,,,,0.0,,False,False,False,False,
autoregressive_ppo_order_201,learning,medium,heterogeneity_pressure,0,0,202,1,203,44,0,missile,2-0-1,1,5,,True,True,True,0,0,1.0,0,0,0,0,False,False,,,,,,,,,0.0,,False,False,False,False,
autoregressive_ppo_order_201,learning,medium,heterogeneity_pressure,0,0,202,1,203,44,1,missile,2-0-1,2,5,,True,True,True,0,0,1.0,0,0,0,0,False,False,,,,,,,,,0.0,,False,False,False,False,
autoregressive_ppo_order_201,learning,medium,heterogeneity_pressure,0,0,202,1,203,45,2,laser,2-0-1,0,5,,True,True,True,0,0,1.0,0,0,0,0,False,False,,,,,,,,,0.0,,False,False,False,False,
autoregressive_ppo_order_201,learning,medium,heterogeneity_pressure,0,0,202,1,203,45,0,missile,2-0-1,1,5,,True,True,True,0,0,1.0,0,0,0,0,False,False,,,,,,,,,0.0,,False,False,False,False,
autoregressive_ppo_order_201,learning,medium,heterogeneity_pressure,0,0,202,1,203,45,1,missile,2-0-1,2,5,,True,True,True,0,0,1.0,0,0,0,0,False,False,,,,,,,,,0.0,,False,False,False,False,
autoregressive_ppo_order_201,learning,medium,heterogeneity_pressure,0,0,202,1,203,46,2,laser,2-0-1,0,5,,True,True,True,0,0,1.0,0,0,0,0,False,False,,,,,,,,,0.0,,False,False,False,False,
autoregressive_ppo_order_201,learning,medium,heterogeneity_pressure,0,0,202,1,203,46,0,missile,2-0-1,1,5,,True,True,True,0,0,1.0,0,0,0,0,False,False,,,,,,,,,0.0,,False,False,False,False,
autoregressive_ppo_order_201,learning,medium,heterogeneity_pressure,0,0,202,1,203,46,1,missile,2-0-1,2,5,,True,True,True,0,0,1.0,0,0,0,0,False,False,,,,,,,,,0.0,,False,False,False,False,
autoregressive_ppo_order_201,learning,medium,heterogeneity_pressure,0,0,202,1,203,47,2,laser,2-0-1,0,5,,True,True,True,0,0,1.0,0,0,0,0,False,False,,,,,,,,,0.0,,False,False,False,False,
autoregressive_ppo_order_201,learning,medium,heterogeneity_pressure,0,0,202,1,203,47,0,missile,2-0-1,1,5,,True,True,True,0,0,1.0,0,0,0,0,False,False,,,,,,,,,0.0,,False,False,False,False,
autoregressive_ppo_order_201,learning,medium,heterogeneity_pressure,0,0,202,1,203,47,1,missile,2-0-1,2,5,,True,True,True,0,0,1.0,0,0,0,0,False,False,,,,,,,,,0.0,,False,False,False,False,
autoregressive_ppo_order_201,learning,medium,heterogeneity_pressure,0,0,202,1,203,48,2,laser,2-0-1,0,5,,True,True,True,0,0,1.0,0,0,0,0,False,False,,,,,,,,,0.0,,False,False,False,False,
autoregressive_ppo_order_201,learning,medium,heterogeneity_pressure,0,0,202,1,203,48,0,missile,2-0-1,1,5,,True,True,True,0,0,1.0,0,0,0,0,False,False,,,,,,,,,0.0,,False,False,False,False,
autoregressive_ppo_order_201,learning,medium,heterogeneity_pressure,0,0,202,1,203,48,1,missile,2-0-1,2,5,,True,True,True,0,0,1.0,0,0,0,0,False,False,,,,,,,,,0.0,,False,False,False,False,
autoregressive_ppo_order_201,learning,medium,heterogeneity_pressure,0,0,202,1,203,49,2,laser,2-0-1,0,5,,True,True,True,0,0,1.0,0,0,0,0,False,False,,,,,,,,,0.0,,False,False,False,False,
autoregressive_ppo_order_201,learning,medium,heterogeneity_pressure,0,0,202,1,203,49,0,missile,2-0-1,1,5,,True,True,True,0,0,1.0,0,0,0,0,False,False,,,,,,,,,0.0,,False,False,False,False,
autoregressive_ppo_order_201,learning,medium,heterogeneity_pressure,0,0,202,1,203,49,1,missile,2-0-1,2,5,,True,True,True,0,0,1.0,0,0,0,0,False,False,,,,,,,,,0.0,,False,False,False,False,
autoregressive_ppo_order_012,learning,medium,medium,1,1,204,0,204,0,0,missile,0-1-2,0,2,2,False,True,True,3,0,1.0,1,1,0,0,False,False,True,0.7675004289164268,0.7584549121680804,45.16613570697695,78.664794921875,0.06558800551470592,0.465691576322218,0.03054378167597373,0.03054378167597373,1.0,False,True,False,False,alive
autoregressive_ppo_order_012,learning,medium,medium,1,1,204,0,204,0,1,missile,0-1-2,1,5,,True,True,True,3,0,1.0,2,1,1,1,True,False,,,,,,,,,0.11788814068766627,,False,False,False,False,
autoregressive_ppo_order_012,learning,medium,medium,1,1,204,0,204,0,2,laser,0-1-2,2,5,,True,True,True,10,0,1.0,0,0,0,0,False,False,,,,,,,,,0.0,,False,False,False,False,
autoregressive_ppo_order_012,learning,medium,medium,1,1,204,0,204,1,0,missile,0-1-2,0,5,,True,True,True,2,1,1.0,0,0,0,0,False,False,,,,,,,,,0.0,,False,False,False,False,
autoregressive_ppo_order_012,learning,medium,medium,1,1,204,0,204,1,1,missile,0-1-2,1,2,2,False,True,True,3,0,1.0,2,2,1,0,False,False,True,0.7675004289164268,0.7584549121680804,44.166135222258866,62.54300308227539,0.23249596808938414,0.465691576322218,0.1082714138681054,0.1412202118948976,0.7666849696322919,False,True,False,False,alive
autoregressive_ppo_order_012,learning,medium,medium,1,1,204,0,204,1,2,laser,0-1-2,2,5,,True,True,True,10,0,1.0,0,0,0,0,False,False,,,,,,,,,0.0,,False,False,False,False,
autoregressive_ppo_order_012,learning,medium,medium,1,1,204,0,204,2,0,missile,0-1-2,0,3,3,False,True,True,2,0,1.0,2,2,1,0,False,True,True,0.837353892472961,1.2587968749770213,32.493030472637884,81.876708984375,0.0323352481617647,1.054058463094808,0.034083241981178916,0.04243354664475467,0.8032145478320993,False,True,False,False,alive
autoregressive_ppo_order_012,learning,medium,medium,1,1,204,0,204,2,1,missile,0-1-2,1,5,,True,True,True,2,1,1.0,0,0,0,0,False,False,,,,,,,,,0.0,,False,False,False,False,
autoregressive_ppo_order_012,learning,medium,medium,1,1,204,0,204,2,2,laser,0-1-2,2,5,,True,True,True,10,0,1.0,0,0,0,0,False,False,,,,,,,,,0.0,,False,False,False,False,
autoregressive_ppo_order_012,learning,medium,medium,1,1,204,0,204,3,0,missile,0-1-2,0,5,,True,True,True,1,1,1.0,0,0,0,0,False,False,,,,,,,,,0.0,,False,False,False,False,
autoregressive_ppo_order_012,learning,medium,medium,1,1,204,0,204,3,1,missile,0-1-2,1,2,2,False,True,True,2,0,1.0,2,2,1,0,False,False,True,0.7675004289164268,0.7584549121680804,42.166134252822694,59.79452896118164,0.2609507589901195,0.465691576322218,0.12152257029658796,0.187839229247916,0.6469498985017593,False,True,False,False,alive
autoregressive_ppo_order_012,learning,medium,medium,1,1,204,0,204,3,2,laser,0-1-2,2,5,,True,True,True,10,0,1.0,0,0,0,0,False,False,,,,,,,,,0.0,,False,False,False,False,
autoregressive_ppo_order_012,learning,medium,medium,1,1,204,0,204,4,0,missile,0-1-2,0,3,3,False,True,True,1,0,1.0,2,2,1,0,False,True,True,0.837353892472961,1.2587968749770213,30.49303017303648,77.59357452392578,0.07667828728170954,1.054058463094808,0.08082339764490093,0.08082339764490093,1.0,False,True,False,False,alive
autoregressive_ppo_order_012,learning,medium,medium,1,1,204,0,204,4,1,missile,0-1-2,1,5,,True,True,True,1,1,1.0,0,0,0,0,False,False,,,,,,,,,0.0,,False,False,False,False,
autoregressive_ppo_order_012,learning,medium,medium,1,1,204,0,204,4,2,laser,0-1-2,2,5,,True,True,True,10,0,1.0,1,1,0,0,True,False,,,,,,,,,0.0022248087929479447,,False,False,False,False,
autoregressive_ppo_order_012,learning,medium,medium,1,1,204,0,204,5,0,missile,0-1-2,0,5,,True,True,True,0,1,1.0,0,0,0,0,False,False,,,,,,,,,0.0,,False,False,False,False,
autoregressive_ppo_order_012,learning,medium,medium,1,1,204,0,204,5,1,missile,0-1-2,1,2,2,False,True,True,1,0,1.0,3,3,1,0,False,False,True,0.7675004289164268,0.7584549121680804,40.166130595285445,57.05483627319336,0.28931463623046877,0.465691576322218,0.1347313889992561,0.23438756177221445,0.5748231176626706,False,True,False,False,alive
autoregressive_ppo_order_012,learning,medium,medium,1,1,204,0,204,5,2,laser,0-1-2,2,5,,True,True,True,10,0,1.0,1,0,0,1,False,False,,,,,,,,,0.0,,False,False,False,False,
autoregressive_ppo_order_012,learning,medium,medium,1,1,204,0,204,6,0,missile,0-1-2,0,5,,True,True,True,0,0,1.0,0,0,0,0,False,False,,,,,,,,,0.0,,False,False,False,False,
autoregressive_ppo_order_012,learning,medium,medium,1,1,204,0,204,6,1,missile,0-1-2,1,5,,True,True,True,0,1,1.0,0,0,0,0,False,False,,,,,,,,,0.0,,False,False,False,False,
autoregressive_ppo_order_012,learning,medium,medium,1,1,204,0,204,6,2,laser,0-1-2,2,3,3,False,True,True,10,0,1.0,2,2,1,0,False,True,True,0.837353892472961,1.2587968749770213,28.49302987343508,54.770263671875,0.002840376420454529,1.054058463094808,0.002993922804355033,0.0162816820476935,0.18388289340038788,False,True,False,False,alive
autoregressive_ppo_order_012,learning,medium,medium,1,1,204,0,204,7,0,missile,0-1-2,0,5,,True,True,True,0,0,1.0,0,0,0,0,False,False,,,,,,,,,0.0,,False,False,False,False,
autoregressive_ppo_order_012,learning,medium,medium,1,1,204,0,204,7,1,missile,0-1-2,1,5,,True,True,True,0,0,1.0,0,0,0,0,False,False,,,,,,,,,0.0,,False,False,False,False,
autoregressive_ppo_order_012,learning,medium,medium,1,1,204,0,204,7,2,laser,0-1-2,2,3,3,False,True,True,9,0,1.0,2,2,1,0,False,True,True,0.837353892472961,1.2587968749770213,27.493033255868305,52.61477279663086,0.029490081787109393,1.054058463094808,0.031084270285060715,0.031084270285060715,1.0,False,True,False,False,alive
autoregressive_ppo_order_012,learning,medium,medium,1,1,204,0,204,8,0,missile,0-1-2,0,5,,True,True,True,0,0,1.0,0,0,0,0,False,False,,,,,,,,,0.0,,False,False,False,False,
autoregressive_ppo_order_012,learning,medium,medium,1,1,204,0,204,8,1,missile,0-1-2,1,5,,True,True,True,0,0,1.0,0,0,0,0,False,False,,,,,,,,,0.0,,False,False,False,False,
autoregressive_ppo_order_012,learning,medium,medium,1,1,204,0,204,8,2,laser,0-1-2,2,3,3,False,True,True,8,0,1.0,2,2,1,0,False,True,True,0.837353892472961,1.2587968749770213,26.49303133995064,50.45965576171875,0.05613516512784093,1.054058463094808,0.05916974588022528,0.05916974588022528,1.0,False,True,False,False,alive
autoregressive_ppo_order_012,learning,medium,medium,1,1,204,0,204,9,0,missile,0-1-2,0,5,,True,True,True,0,0,1.0,0,0,0,0,False,False,,,,,,,,,0.0,,False,False,False,False,
autoregressive_ppo_order_012,learning,medium,medium,1,1,204,0,204,9,1,missile,0-1-2,1,5,,True,True,True,0,0,1.0,0,0,0,0,False,False,,,,,,,,,0.0,,False,False,False,False,
autoregressive_ppo_order_012,learning,medium,medium,1,1,204,0,204,9,2,laser,0-1-2,2,3,3,False,True,True,7,0,1.0,2,2,1,0,False,True,True,0.837353892472961,1.2587968749770213,25.49303119014994,48.30497360229492,0.08277487182617191,1.054058463094808,0.08724955417996448,0.08724955417996448,1.0,False,True,False,False,alive
autoregressive_ppo_order_012,learning,medium,medium,1,1,204,0,204,10,0,missile,0-1-2,0,5,,True,True,True,0,0,1.0,0,0,0,0,False,False,,,,,,,,,0.0,,False,False,False,False,
autoregressive_ppo_order_012,learning,medium,medium,1,1,204,0,204,10,1,missile,0-1-2,1,5,,True,True,True,0,0,1.0,0,0,0,0,False,False,,,,,,,,,0.0,,False,False,False,False,
autoregressive_ppo_order_012,learning,medium,medium,1,1,204,0,204,10,2,laser,0-1-2,2,3,3,False,True,True,6,0,1.0,2,2,1,0,False,True,True,0.837353892472961,1.2587968749770213,24.493032806466204,46.150787353515625,0.10940844726562503,1.054058463094808,0.11532289977439407,0.11532289977439407,1.0,False,True,False,False,alive
autoregressive_ppo_order_012,learning,medium,medium,1,1,204,0,204,11,0,missile,0-1-2,0,5,,True,True,True,0,0,1.0,0,0,0,0,False,False,,,,,,,,,0.0,,False,False,False,False,
autoregressive_ppo_order_012,learning,medium,medium,1,1,204,0,204,11,1,missile,0-1-2,1,5,,True,True,True,0,0,1.0,0,0,0,0,False,False,,,,,,,,,0.0,,False,False,False,False,
autoregressive_ppo_order_012,learning,medium,medium,1,1,204,0,204,11,2,laser,0-1-2,2,3,3,False,True,True,5,0,1.0,2,2,1,0,False,True,True,0.837353892472961,1.2587968749770213,23.49303089054854,43.99715805053711,0.13603513682972304,1.054058463094808,0.14338898725362978,0.14338898725362978,1.0,False,True,False,False,alive
autoregressive_ppo_order_012,learning,medium,medium,1,1,204,0,204,12,0,missile,0-1-2,0,5,,True,True,True,0,0,1.0,0,0,0,0,False,False,,,,,,,,,0.0,,False,False,False,False,
autoregressive_ppo_order_012,learning,medium,medium,1,1,204,0,204,12,1,missile,0-1-2,1,5,,True,True,True,0,0,1.0,0,0,0,0,False,False,,,,,,,,,0.0,,False,False,False,False,
autoregressive_ppo_order_012,learning,medium,medium,1,1,204,0,204,12,2,laser,0-1-2,2,3,3,False,True,True,4,0,1.0,2,2,1,0,False,True,True,0.837353892472961,1.2587968749770213,22.493030740747837,41.844181060791016,0.16265376143022017,1.054058463094808,0.17144657378972744,0.17144657378972744,1.0,False,True,False,False,alive
autoregressive_ppo_order_012,learning,medium,medium,1,1,204,0,204,13,0,missile,0-1-2,0,5,,True,True,True,0,0,1.0,0,0,0,0,False,False,,,,,,,,,0.0,,False,False,False,False,
autoregressive_ppo_order_012,learning,medium,medium,1,1,204,0,204,13,1,missile,0-1-2,1,5,,True,True,True,0,0,1.0,0,0,0,0,False,False,,,,,,,,,0.0,,False,False,False,False,
autoregressive_ppo_order_012,learning,medium,medium,1,1,204,0,204,13,2,laser,0-1-2,2,3,3,False,True,True,3,0,1.0,3,3,1,0,False,True,True,0.837353892472961,1.2587968749770213,21.49303059094714,39.691959381103516,0.18926304765181112,1.054058463094808,0.19949431712850743,0.19949431712850743,1.0,False,True,False,False,alive
autoregressive_ppo_order_012,learning,medium,medium,1,1,204,0,204,14,0,missile,0-1-2,0,5,,True,True,True,0,0,1.0,0,0,0,0,False,False,,,,,,,,,0.0,,False,False,False,False,
autoregressive_ppo_order_012,learning,medium,medium,1,1,204,0,204,14,1,missile,0-1-2,1,5,,True,True,True,0,0,1.0,0,0,0,0,False,False,,,,,,,,,0.0,,False,False,False,False,
autoregressive_ppo_order_012,learning,medium,medium,1,1,204,0,204,14,2,laser,0-1-2,2,3,3,False,True,True,2,0,1.0,3,3,1,0,False,True,True,0.837353892472961,1.2587968749770213,20.493030441146438,37.54062271118164,0.21586139193448156,1.054058463094808,0.22753052702396562,0.22753052702396562,1.0,False,True,False,False,alive
autoregressive_ppo_order_012,learning,medium,medium,1,1,204,0,204,15,0,missile,0-1-2,0,5,,True,True,True,0,0,1.0,0,0,0,0,False,False,,,,,,,,,0.0,,False,False,False,False,
autoregressive_ppo_order_012,learning,medium,medium,1,1,204,0,204,15,1,missile,0-1-2,1,5,,True,True,True,0,0,1.0,0,0,0,0,False,False,,,,,,,,,0.0,,False,False,False,False,
autoregressive_ppo_order_012,learning,medium,medium,1,1,204,0,204,15,2,laser,0-1-2,2,3,3,False,True,True,1,0,1.0,3,3,1,0,False,True,True,0.837353892472961,1.2587968749770213,19.4930320574627,35.39033508300781,0.24244676624644887,1.054058463094808,0.25555306581203807,0.25555306581203807,1.0,False,True,False,False,alive
autoregressive_ppo_order_012,learning,medium,medium,1,1,204,0,204,16,0,missile,0-1-2,0,5,,True,True,True,0,0,1.0,0,0,0,0,False,False,,,,,,,,,0.0,,False,False,False,False,
autoregressive_ppo_order_012,learning,medium,medium,1,1,204,0,204,16,1,missile,0-1-2,1,5,,True,True,True,0,0,1.0,0,0,0,0,False,False,,,,,,,,,0.0,,False,False,False,False,
autoregressive_ppo_order_012,learning,medium,medium,1,1,204,0,204,16,2,laser,0-1-2,2,5,,True,True,True,0,0,1.0,0,0,0,0,False,False,,,,,,,,,0.0,,False,False,False,False,
autoregressive_ppo_order_012,learning,medium,medium,1,1,204,0,204,17,0,missile,0-1-2,0,5,,True,True,True,0,0,1.0,0,0,0,0,False,False,,,,,,,,,0.0,,False,False,False,False,
autoregressive_ppo_order_012,learning,medium,medium,1,1,204,0,204,17,1,missile,0-1-2,1,5,,True,True,True,0,0,1.0,0,0,0,0,False,False,,,,,,,,,0.0,,False,False,False,False,
autoregressive_ppo_order_012,learning,medium,medium,1,1,204,0,204,17,2,laser,0-1-2,2,5,,True,True,True,0,0,1.0,0,0,0,0,False,False,,,,,,,,,0.0,,False,False,False,False,
autoregressive_ppo_order_012,learning,medium,medium,1,1,204,0,204,18,0,missile,0-1-2,0,5,,True,True,True,0,0,1.0,0,0,0,0,False,False,,,,,,,,,0.0,,False,False,False,False,
autoregressive_ppo_order_012,learning,medium,medium,1,1,204,0,204,18,1,missile,0-1-2,1,5,,True,True,True,0,0,1.0,0,0,0,0,False,False,,,,,,,,,0.0,,False,False,False,False,
autoregressive_ppo_order_012,learning,medium,medium,1,1,204,0,204,18,2,laser,0-1-2,2,5,,True,True,True,0,0,1.0,0,0,0,0,False,False,,,,,,,,,0.0,,False,False,False,False,
autoregressive_ppo_order_012,learning,medium,medium,1,1,204,0,204,19,0,missile,0-1-2,0,5,,True,True,True,0,0,1.0,0,0,0,0,False,False,,,,,,,,,0.0,,False,False,False,False,
autoregressive_ppo_order_012,learning,medium,medium,1,1,204,0,204,19,1,missile,0-1-2,1,5,,True,True,True,0,0,1.0,0,0,0,0,False,False,,,,,,,,,0.0,,False,False,False,False,
autoregressive_ppo_order_012,learning,medium,medium,1,1,204,0,204,19,2,laser,0-1-2,2,5,,True,True,True,0,0,1.0,0,0,0,0,False,False,,,,,,,,,0.0,,False,False,False,False,
autoregressive_ppo_order_012,learning,medium,medium,1,1,204,0,204,20,0,missile,0-1-2,0,5,,True,True,True,0,0,1.0,0,0,0,0,False,False,,,,,,,,,0.0,,False,False,False,False,
autoregressive_ppo_order_012,learning,medium,medium,1,1,204,0,204,20,1,missile,0-1-2,1,5,,True,True,True,0,0,1.0,0,0,0,0,False,False,,,,,,,,,0.0,,False,False,False,False,
autoregressive_ppo_order_012,learning,medium,medium,1,1,204,0,204,20,2,laser,0-1-2,2,5,,True,True,True,0,0,1.0,0,0,0,0,False,False,,,,,,,,,0.0,,False,False,False,False,
autoregressive_ppo_order_012,learning,medium,medium,1,1,204,0,204,21,0,missile,0-1-2,0,5,,True,True,True,0,0,1.0,0,0,0,0,False,False,,,,,,,,,0.0,,False,False,False,False,
autoregressive_ppo_order_012,learning,medium,medium,1,1,204,0,204,21,1,missile,0-1-2,1,5,,True,True,True,0,0,1.0,0,0,0,0,False,False,,,,,,,,,0.0,,False,False,False,False,
autoregressive_ppo_order_012,learning,medium,medium,1,1,204,0,204,21,2,laser,0-1-2,2,5,,True,True,True,0,0,1.0,0,0,0,0,False,False,,,,,,,,,0.0,,False,False,False,False,
autoregressive_ppo_order_012,learning,medium,medium,1,1,204,0,204,22,0,missile,0-1-2,0,5,,True,True,True,0,0,1.0,0,0,0,0,False,False,,,,,,,,,0.0,,False,False,False,False,
autoregressive_ppo_order_012,learning,medium,medium,1,1,204,0,204,22,1,missile,0-1-2,1,5,,True,True,True,0,0,1.0,0,0,0,0,False,False,,,,,,,,,0.0,,False,False,False,False,
autoregressive_ppo_order_012,learning,medium,medium,1,1,204,0,204,22,2,laser,0-1-2,2,5,,True,True,True,0,0,1.0,0,0,0,0,False,False,,,,,,,,,0.0,,False,False,False,False,
autoregressive_ppo_order_012,learning,medium,medium,1,1,204,0,204,23,0,missile,0-1-2,0,5,,True,True,True,0,0,1.0,0,0,0,0,False,False,,,,,,,,,0.0,,False,False,False,False,
autoregressive_ppo_order_012,learning,medium,medium,1,1,204,0,204,23,1,missile,0-1-2,1,5,,True,True,True,0,0,1.0,0,0,0,0,False,False,,,,,,,,,0.0,,False,False,False,False,
autoregressive_ppo_order_012,learning,medium,medium,1,1,204,0,204,23,2,laser,0-1-2,2,5,,True,True,True,0,0,1.0,0,0,0,0,False,False,,,,,,,,,0.0,,False,False,False,False,
autoregressive_ppo_order_012,learning,medium,medium,1,1,204,0,204,24,0,missile,0-1-2,0,5,,True,True,True,0,0,1.0,0,0,0,0,False,False,,,,,,,,,0.0,,False,False,False,False,
autoregressive_ppo_order_012,learning,medium,medium,1,1,204,0,204,24,1,missile,0-1-2,1,5,,True,True,True,0,0,1.0,0,0,0,0,False,False,,,,,,,,,0.0,,False,False,False,False,
autoregressive_ppo_order_012,learning,medium,medium,1,1,204,0,204,24,2,laser,0-1-2,2,5,,True,True,True,0,0,1.0,0,0,0,0,False,False,,,,,,,,,0.0,,False,False,False,False,
autoregressive_ppo_order_012,learning,medium,medium,1,1,204,0,204,25,0,missile,0-1-2,0,5,,True,True,True,0,0,1.0,0,0,0,0,False,False,,,,,,,,,0.0,,False,False,False,False,
autoregressive_ppo_order_012,learning,medium,medium,1,1,204,0,204,25,1,missile,0-1-2,1,5,,True,True,True,0,0,1.0,0,0,0,0,False,False,,,,,,,,,0.0,,False,False,False,False,
autoregressive_ppo_order_012,learning,medium,medium,1,1,204,0,204,25,2,laser,0-1-2,2,5,,True,True,True,0,0,1.0,0,0,0,0,False,False,,,,,,,,,0.0,,False,False,False,False,
autoregressive_ppo_order_012,learning,medium,medium,1,1,204,0,204,26,0,missile,0-1-2,0,5,,True,True,True,0,0,1.0,0,0,0,0,False,False,,,,,,,,,0.0,,False,False,False,False,
autoregressive_ppo_order_012,learning,medium,medium,1,1,204,0,204,26,1,missile,0-1-2,1,5,,True,True,True,0,0,1.0,0,0,0,0,False,False,,,,,,,,,0.0,,False,False,False,False,
autoregressive_ppo_order_012,learning,medium,medium,1,1,204,0,204,26,2,laser,0-1-2,2,5,,True,True,True,0,0,1.0,0,0,0,0,False,False,,,,,,,,,0.0,,False,False,False,False,
autoregressive_ppo_order_012,learning,medium,medium,1,1,204,0,204,27,0,missile,0-1-2,0,5,,True,True,True,0,0,1.0,0,0,0,0,False,False,,,,,,,,,0.0,,False,False,False,False,
autoregressive_ppo_order_012,learning,medium,medium,1,1,204,0,204,27,1,missile,0-1-2,1,5,,True,True,True,0,0,1.0,0,0,0,0,False,False,,,,,,,,,0.0,,False,False,False,False,
autoregressive_ppo_order_012,learning,medium,medium,1,1,204,0,204,27,2,laser,0-1-2,2,5,,True,True,True,0,0,1.0,0,0,0,0,False,False,,,,,,,,,0.0,,False,False,False,False,
autoregressive_ppo_order_012,learning,medium,medium,1,1,204,0,204,28,0,missile,0-1-2,0,5,,True,True,True,0,0,1.0,0,0,0,0,False,False,,,,,,,,,0.0,,False,False,False,False,
autoregressive_ppo_order_012,learning,medium,medium,1,1,204,0,204,28,1,missile,0-1-2,1,5,,True,True,True,0,0,1.0,0,0,0,0,False,False,,,,,,,,,0.0,,False,False,False,False,
autoregressive_ppo_order_012,learning,medium,medium,1,1,204,0,204,28,2,laser,0-1-2,2,5,,True,True,True,0,0,1.0,0,0,0,0,False,False,,,,,,,,,0.0,,False,False,False,False,
autoregressive_ppo_order_012,learning,medium,medium,1,1,204,0,204,29,0,missile,0-1-2,0,5,,True,True,True,0,0,1.0,0,0,0,0,False,False,,,,,,,,,0.0,,False,False,False,False,
autoregressive_ppo_order_012,learning,medium,medium,1,1,204,0,204,29,1,missile,0-1-2,1,5,,True,True,True,0,0,1.0,0,0,0,0,False,False,,,,,,,,,0.0,,False,False,False,False,
autoregressive_ppo_order_012,learning,medium,medium,1,1,204,0,204,29,2,laser,0-1-2,2,5,,True,True,True,0,0,1.0,0,0,0,0,False,False,,,,,,,,,0.0,,False,False,False,False,
autoregressive_ppo_order_012,learning,medium,medium,1,1,204,0,204,30,0,missile,0-1-2,0,5,,True,True,True,0,0,1.0,0,0,0,0,False,False,,,,,,,,,0.0,,False,False,False,False,
autoregressive_ppo_order_012,learning,medium,medium,1,1,204,0,204,30,1,missile,0-1-2,1,5,,True,True,True,0,0,1.0,0,0,0,0,False,False,,,,,,,,,0.0,,False,False,False,False,
autoregressive_ppo_order_012,learning,medium,medium,1,1,204,0,204,30,2,laser,0-1-2,2,5,,True,True,True,0,0,1.0,0,0,0,0,False,False,,,,,,,,,0.0,,False,False,False,False,
autoregressive_ppo_order_012,learning,medium,medium,1,1,204,0,204,31,0,missile,0-1-2,0,5,,True,True,True,0,0,1.0,0,0,0,0,False,False,,,,,,,,,0.0,,False,False,False,False,
autoregressive_ppo_order_012,learning,medium,medium,1,1,204,0,204,31,1,missile,0-1-2,1,5,,True,True,True,0,0,1.0,0,0,0,0,False,False,,,,,,,,,0.0,,False,False,False,False,
autoregressive_ppo_order_012,learning,medium,medium,1,1,204,0,204,31,2,laser,0-1-2,2,5,,True,True,True,0,0,1.0,0,0,0,0,False,False,,,,,,,,,0.0,,False,False,False,False,
autoregressive_ppo_order_012,learning,medium,medium,1,1,204,0,204,32,0,missile,0-1-2,0,5,,True,True,True,0,0,1.0,0,0,0,0,False,False,,,,,,,,,0.0,,False,False,False,False,
autoregressive_ppo_order_012,learning,medium,medium,1,1,204,0,204,32,1,missile,0-1-2,1,5,,True,True,True,0,0,1.0,0,0,0,0,False,False,,,,,,,,,0.0,,False,False,False,False,
autoregressive_ppo_order_012,learning,medium,medium,1,1,204,0,204,32,2,laser,0-1-2,2,5,,True,True,True,0,0,1.0,0,0,0,0,False,False,,,,,,,,,0.0,,False,False,False,False,
autoregressive_ppo_order_012,learning,medium,medium,1,1,204,0,204,33,0,missile,0-1-2,0,5,,True,True,True,0,0,1.0,0,0,0,0,False,False,,,,,,,,,0.0,,False,False,False,False,
autoregressive_ppo_order_012,learning,medium,medium,1,1,204,0,204,33,1,missile,0-1-2,1,5,,True,True,True,0,0,1.0,0,0,0,0,False,False,,,,,,,,,0.0,,False,False,False,False,
autoregressive_ppo_order_012,learning,medium,medium,1,1,204,0,204,33,2,laser,0-1-2,2,5,,True,True,True,0,0,1.0,0,0,0,0,False,False,,,,,,,,,0.0,,False,False,False,False,
autoregressive_ppo_order_012,learning,medium,medium,1,1,204,0,204,34,0,missile,0-1-2,0,5,,True,True,True,0,0,1.0,0,0,0,0,False,False,,,,,,,,,0.0,,False,False,False,False,
autoregressive_ppo_order_012,learning,medium,medium,1,1,204,0,204,34,1,missile,0-1-2,1,5,,True,True,True,0,0,1.0,0,0,0,0,False,False,,,,,,,,,0.0,,False,False,False,False,
autoregressive_ppo_order_012,learning,medium,medium,1,1,204,0,204,34,2,laser,0-1-2,2,5,,True,True,True,0,0,1.0,0,0,0,0,False,False,,,,,,,,,0.0,,False,False,False,False,
autoregressive_ppo_order_012,learning,medium,medium,1,1,204,0,204,35,0,missile,0-1-2,0,5,,True,True,True,0,0,1.0,0,0,0,0,False,False,,,,,,,,,0.0,,False,False,False,False,
autoregressive_ppo_order_012,learning,medium,medium,1,1,204,0,204,35,1,missile,0-1-2,1,5,,True,True,True,0,0,1.0,0,0,0,0,False,False,,,,,,,,,0.0,,False,False,False,False,
autoregressive_ppo_order_012,learning,medium,medium,1,1,204,0,204,35,2,laser,0-1-2,2,5,,True,True,True,0,0,1.0,0,0,0,0,False,False,,,,,,,,,0.0,,False,False,False,False,
autoregressive_ppo_order_012,learning,medium,medium,1,1,204,0,204,36,0,missile,0-1-2,0,5,,True,True,True,0,0,1.0,0,0,0,0,False,False,,,,,,,,,0.0,,False,False,False,False,
autoregressive_ppo_order_012,learning,medium,medium,1,1,204,0,204,36,1,missile,0-1-2,1,5,,True,True,True,0,0,1.0,0,0,0,0,False,False,,,,,,,,,0.0,,False,False,False,False,
autoregressive_ppo_order_012,learning,medium,medium,1,1,204,0,204,36,2,laser,0-1-2,2,5,,True,True,True,0,0,1.0,0,0,0,0,False,False,,,,,,,,,0.0,,False,False,False,False,
autoregressive_ppo_order_012,learning,medium,medium,1,1,204,0,204,37,0,missile,0-1-2,0,5,,True,True,True,0,0,1.0,0,0,0,0,False,False,,,,,,,,,0.0,,False,False,False,False,
autoregressive_ppo_order_012,learning,medium,medium,1,1,204,0,204,37,1,missile,0-1-2,1,5,,True,True,True,0,0,1.0,0,0,0,0,False,False,,,,,,,,,0.0,,False,False,False,False,
autoregressive_ppo_order_012,learning,medium,medium,1,1,204,0,204,37,2,laser,0-1-2,2,5,,True,True,True,0,0,1.0,0,0,0,0,False,False,,,,,,,,,0.0,,False,False,False,False,
autoregressive_ppo_order_012,learning,medium,medium,1,1,204,0,204,38,0,missile,0-1-2,0,5,,True,True,True,0,0,1.0,0,0,0,0,False,False,,,,,,,,,0.0,,False,False,False,False,
autoregressive_ppo_order_012,learning,medium,medium,1,1,204,0,204,38,1,missile,0-1-2,1,5,,True,True,True,0,0,1.0,0,0,0,0,False,False,,,,,,,,,0.0,,False,False,False,False,
autoregressive_ppo_order_012,learning,medium,medium,1,1,204,0,204,38,2,laser,0-1-2,2,5,,True,True,True,0,0,1.0,0,0,0,0,False,False,,,,,,,,,0.0,,False,False,False,False,
autoregressive_ppo_order_012,learning,medium,medium,1,1,204,0,204,39,0,missile,0-1-2,0,5,,True,True,True,0,0,1.0,0,0,0,0,False,False,,,,,,,,,0.0,,False,False,False,False,
autoregressive_ppo_order_012,learning,medium,medium,1,1,204,0,204,39,1,missile,0-1-2,1,5,,True,True,True,0,0,1.0,0,0,0,0,False,False,,,,,,,,,0.0,,False,False,False,False,
autoregressive_ppo_order_012,learning,medium,medium,1,1,204,0,204,39,2,laser,0-1-2,2,5,,True,True,True,0,0,1.0,0,0,0,0,False,False,,,,,,,,,0.0,,False,False,False,False,
autoregressive_ppo_order_012,learning,medium,medium,1,1,204,0,204,40,0,missile,0-1-2,0,5,,True,True,True,0,0,1.0,0,0,0,0,False,False,,,,,,,,,0.0,,False,False,False,False,
autoregressive_ppo_order_012,learning,medium,medium,1,1,204,0,204,40,1,missile,0-1-2,1,5,,True,True,True,0,0,1.0,0,0,0,0,False,False,,,,,,,,,0.0,,False,False,False,False,
autoregressive_ppo_order_012,learning,medium,medium,1,1,204,0,204,40,2,laser,0-1-2,2,5,,True,True,True,0,0,1.0,0,0,0,0,False,False,,,,,,,,,0.0,,False,False,False,False,
autoregressive_ppo_order_012,learning,medium,medium,1,1,204,0,204,41,0,missile,0-1-2,0,5,,True,True,True,0,0,1.0,0,0,0,0,False,False,,,,,,,,,0.0,,False,False,False,False,
autoregressive_ppo_order_012,learning,medium,medium,1,1,204,0,204,41,1,missile,0-1-2,1,5,,True,True,True,0,0,1.0,0,0,0,0,False,False,,,,,,,,,0.0,,False,False,False,False,
autoregressive_ppo_order_012,learning,medium,medium,1,1,204,0,204,41,2,laser,0-1-2,2,5,,True,True,True,0,0,1.0,0,0,0,0,False,False,,,,,,,,,0.0,,False,False,False,False,
autoregressive_ppo_order_012,learning,medium,medium,1,1,204,0,204,42,0,missile,0-1-2,0,5,,True,True,True,0,0,1.0,0,0,0,0,False,False,,,,,,,,,0.0,,False,False,False,False,
autoregressive_ppo_order_012,learning,medium,medium,1,1,204,0,204,42,1,missile,0-1-2,1,5,,True,True,True,0,0,1.0,0,0,0,0,False,False,,,,,,,,,0.0,,False,False,False,False,
autoregressive_ppo_order_012,learning,medium,medium,1,1,204,0,204,42,2,laser,0-1-2,2,5,,True,True,True,0,0,1.0,0,0,0,0,False,False,,,,,,,,,0.0,,False,False,False,False,
autoregressive_ppo_order_012,learning,medium,medium,1,1,204,0,204,43,0,missile,0-1-2,0,5,,True,True,True,0,0,1.0,0,0,0,0,False,False,,,,,,,,,0.0,,False,False,False,False,
autoregressive_ppo_order_012,learning,medium,medium,1,1,204,0,204,43,1,missile,0-1-2,1,5,,True,True,True,0,0,1.0,0,0,0,0,False,False,,,,,,,,,0.0,,False,False,False,False,
autoregressive_ppo_order_012,learning,medium,medium,1,1,204,0,204,43,2,laser,0-1-2,2,5,,True,True,True,0,0,1.0,0,0,0,0,False,False,,,,,,,,,0.0,,False,False,False,False,
autoregressive_ppo_order_012,learning,medium,medium,1,1,204,0,204,44,0,missile,0-1-2,0,5,,True,True,True,0,0,1.0,0,0,0,0,False,False,,,,,,,,,0.0,,False,False,False,False,
autoregressive_ppo_order_012,learning,medium,medium,1,1,204,0,204,44,1,missile,0-1-2,1,5,,True,True,True,0,0,1.0,0,0,0,0,False,False,,,,,,,,,0.0,,False,False,False,False,
autoregressive_ppo_order_012,learning,medium,medium,1,1,204,0,204,44,2,laser,0-1-2,2,5,,True,True,True,0,0,1.0,0,0,0,0,False,False,,,,,,,,,0.0,,False,False,False,False,
autoregressive_ppo_order_012,learning,medium,medium,1,1,204,0,204,45,0,missile,0-1-2,0,5,,True,True,True,0,0,1.0,0,0,0,0,False,False,,,,,,,,,0.0,,False,False,False,False,
autoregressive_ppo_order_012,learning,medium,medium,1,1,204,0,204,45,1,missile,0-1-2,1,5,,True,True,True,0,0,1.0,0,0,0,0,False,False,,,,,,,,,0.0,,False,False,False,False,
autoregressive_ppo_order_012,learning,medium,medium,1,1,204,0,204,45,2,laser,0-1-2,2,5,,True,True,True,0,0,1.0,0,0,0,0,False,False,,,,,,,,,0.0,,False,False,False,False,
autoregressive_ppo_order_012,learning,medium,medium,1,1,204,1,205,0,0,missile,0-1-2,0,3,3,False,True,True,3,0,1.0,1,1,0,0,False,False,True,0.7396522685298149,0.8703227156047656,35.274503913177284,75.23392486572266,0.10110760139016542,0.6437361709500938,0.06508662017285347,0.06508662017285347,1.0,False,True,False,False,alive
autoregressive_ppo_order_012,learning,medium,medium,1,1,204,1,205,0,1,missile,0-1-2,1,1,1,False,True,True,3,0,1.0,2,1,1,1,False,True,True,0.9489907371034737,1.146926557288364,23.98616020275858,65.78102111816406,0.19897295783547794,1.088422679004634,0.216566679816767,0.216566679816767,1.0,False,True,True,True,intercepted
autoregressive_ppo_order_012,learning,medium,medium,1,1,204,1,205,0,2,laser,0-1-2,2,5,,True,True,True,10,0,1.0,0,0,0,0,False,False,,,,,,,,,0.0,,False,False,False,False,
autoregressive_ppo_order_012,learning,medium,medium,1,1,204,1,205,1,0,missile,0-1-2,0,5,,True,True,True,2,1,1.0,0,0,0,0,False,False,,,,,,,,,0.0,,False,False,False,False,
autoregressive_ppo_order_012,learning,medium,medium,1,1,204,1,205,1,1,missile,0-1-2,1,5,,True,True,True,2,1,1.0,0,0,0,0,False,False,,,,,,,,,0.0,,False,False,False,False,
autoregressive_ppo_order_012,learning,medium,medium,1,1,204,1,205,1,2,laser,0-1-2,2,5,,True,True,True,10,0,1.0,0,0,0,0,False,False,,,,,,,,,0.0,,False,False,False,False,
autoregressive_ppo_order_012,learning,medium,medium,1,1,204,1,205,2,0,missile,0-1-2,0,3,3,False,True,True,2,0,1.0,1,1,0,0,False,False,True,0.7396522685298149,0.8703227156047656,33.27450643917791,71.73778533935547,0.13730292825137863,0.6437361709500938,0.08838686129277794,0.08838686129277794,1.0,False,True,False,False,alive
autoregressive_ppo_order_012,learning,medium,medium,1,1,204,1,205,2,1,missile,0-1-2,1,2,2,False,True,True,2,0,1.0,4,3,0,1,False,False,True,0.7198606706060082,0.8236628477249822,29.58837177554159,83.32341766357422,0.01735755830652571,0.5929224899165602,0.010291686689977096,0.010291686689977096,1.0,False,True,False,False,alive
autoregressive_ppo_order_012,learning,medium,medium,1,1,204,1,205,2,2,laser,0-1-2,2,5,,True,True,True,10,0,1.0,0,0,0,0,False,False,,,,,,,,,0.0,,False,False,False,False,
autoregressive_ppo_order_012,learning,medium,medium,1,1,204,1,205,3,0,missile,0-1-2,0,5,,True,True,True,1,1,1.0,0,0,0,0,False,False,,,,,,,,,0.0,,False,False,False,False,
autoregressive_ppo_order_012,learning,medium,medium,1,1,204,1,205,3,1,missile,0-1-2,1,5,,True,True,True,1,1,1.0,0,0,0,0,False,False,,,,,,,,,0.0,,False,False,False,False,
autoregressive_ppo_order_012,learning,medium,medium,1,1,204,1,205,3,2,laser,0-1-2,2,5,,True,True,True,10,0,1.0,0,0,0,0,False,False,,,,,,,,,0.0,,False,False,False,False,
autoregressive_ppo_order_012,learning,medium,medium,1,1,204,1,205,4,0,missile,0-1-2,0,3,3,False,True,True,1,0,1.0,1,1,0,0,False,False,True,0.7396522685298149,0.8703227156047656,31.274508965178544,68.24461364746094,0.17346752929687498,0.6437361709500938,0.11166732309374353,0.11166732309374353,1.0,False,True,False,False,alive
autoregressive_ppo_order_012,learning,medium,medium,1,1,204,1,205,4,1,missile,0-1-2,1,2,2,False,True,True,1,0,1.0,4,3,0,1,False,False,True,0.7198606706060082,0.8236628477249822,27.588367257581826,77.60191345214844,0.07659195484834555,0.5929224899165602,0.045413092576257794,0.045413092576257794,1.0,False,True,False,False,alive
autoregressive_ppo_order_012,learning,medium,medium,1,1,204,1,205,4,2,laser,0-1-2,2,5,,True,True,True,10,0,1.0,0,0,0,0,False,False,,,,,,,,,0.0,,False,False,False,False,
autoregressive_ppo_order_012,learning,medium,medium,1,1,204,1,205,5,0,missile,0-1-2,0,5,,True,True,True,0,1,1.0,0,0,0,0,False,False,,,,,,,,,0.0,,False,False,False,False,
autoregressive_ppo_order_012,learning,medium,medium,1,1,204,1,205,5,1,missile,0-1-2,1,5,,True,True,True,0,1,1.0,0,0,0,0,False,False,,,,,,,,,0.0,,False,False,False,False,
autoregressive_ppo_order_012,learning,medium,medium,1,1,204,1,205,5,2,laser,0-1-2,2,5,,True,True,True,10,0,1.0,0,0,0,0,False,False,,,,,,,,,0.0,,False,False,False,False,
autoregressive_ppo_order_012,learning,medium,medium,1,1,204,1,205,6,0,missile,0-1-2,0,5,,True,True,True,0,0,1.0,0,0,0,0,False,False,,,,,,,,,0.0,,False,False,False,False,
autoregressive_ppo_order_012,learning,medium,medium,1,1,204,1,205,6,1,missile,0-1-2,1,5,,True,True,True,0,0,1.0,0,0,0,0,False,False,,,,,,,,,0.0,,False,False,False,False,
autoregressive_ppo_order_012,learning,medium,medium,1,1,204,1,205,6,2,laser,0-1-2,2,5,,True,True,True,10,0,1.0,0,0,0,0,False,False,,,,,,,,,0.0,,False,False,False,False,
autoregressive_ppo_order_012,learning,medium,medium,1,1,204,1,205,7,0,missile,0-1-2,0,5,,True,True,True,0,0,1.0,0,0,0,0,False,False,,,,,,,,,0.0,,False,False,False,False,
autoregressive_ppo_order_012,learning,medium,medium,1,1,204,1,205,7,1,missile,0-1-2,1,5,,True,True,True,0,0,1.0,0,0,0,0,False,False,,,,,,,,,0.0,,False,False,False,False,
autoregressive_ppo_order_012,learning,medium,medium,1,1,204,1,205,7,2,laser,0-1-2,2,5,,True,True,True,10,0,1.0,0,0,0,0,False,False,,,,,,,,,0.0,,False,False,False,False,
autoregressive_ppo_order_012,learning,medium,medium,1,1,204,1,205,8,0,missile,0-1-2,0,5,,True,True,True,0,0,1.0,0,0,0,0,False,False,,,,,,,,,0.0,,False,False,False,False,
autoregressive_ppo_order_012,learning,medium,medium,1,1,204,1,205,8,1,missile,0-1-2,1,5,,True,True,True,0,0,1.0,0,0,0,0,False,False,,,,,,,,,0.0,,False,False,False,False,
autoregressive_ppo_order_012,learning,medium,medium,1,1,204,1,205,8,2,laser,0-1-2,2,5,,True,True,True,10,0,1.0,0,0,0,0,False,False,,,,,,,,,0.0,,False,False,False,False,
autoregressive_ppo_order_012,learning,medium,medium,1,1,204,1,205,9,0,missile,0-1-2,0,5,,True,True,True,0,0,1.0,0,0,0,0,False,False,,,,,,,,,0.0,,False,False,False,False,
autoregressive_ppo_order_012,learning,medium,medium,1,1,204,1,205,9,1,missile,0-1-2,1,5,,True,True,True,0,0,1.0,0,0,0,0,False,False,,,,,,,,,0.0,,False,False,False,False,
autoregressive_ppo_order_012,learning,medium,medium,1,1,204,1,205,9,2,laser,0-1-2,2,5,,True,True,True,10,0,1.0,0,0,0,0,False,False,,,,,,,,,0.0,,False,False,False,False,
autoregressive_ppo_order_012,learning,medium,medium,1,1,204,1,205,10,0,missile,0-1-2,0,5,,True,True,True,0,0,1.0,0,0,0,0,False,False,,,,,,,,,0.0,,False,False,False,False,
autoregressive_ppo_order_012,learning,medium,medium,1,1,204,1,205,10,1,missile,0-1-2,1,5,,True,True,True,0,0,1.0,0,0,0,0,False,False,,,,,,,,,0.0,,False,False,False,False,
autoregressive_ppo_order_012,learning,medium,medium,1,1,204,1,205,10,2,laser,0-1-2,2,5,,True,True,True,10,0,1.0,0,0,0,0,False,False,,,,,,,,,0.0,,False,False,False,False,
autoregressive_ppo_order_012,learning,medium,medium,1,1,204,1,205,11,0,missile,0-1-2,0,5,,True,True,True,0,0,1.0,0,0,0,0,False,False,,,,,,,,,0.0,,False,False,False,False,
autoregressive_ppo_order_012,learning,medium,medium,1,1,204,1,205,11,1,missile,0-1-2,1,5,,True,True,True,0,0,1.0,0,0,0,0,False,False,,,,,,,,,0.0,,False,False,False,False,
autoregressive_ppo_order_012,learning,medium,medium,1,1,204,1,205,11,2,laser,0-1-2,2,5,,True,True,True,10,0,1.0,0,0,0,0,False,False,,,,,,,,,0.0,,False,False,False,False,
autoregressive_ppo_order_012,learning,medium,medium,1,1,204,1,205,12,0,missile,0-1-2,0,5,,True,True,True,0,0,1.0,0,0,0,0,False,False,,,,,,,,,0.0,,False,False,False,False,
autoregressive_ppo_order_012,learning,medium,medium,1,1,204,1,205,12,1,missile,0-1-2,1,5,,True,True,True,0,0,1.0,0,0,0,0,False,False,,,,,,,,,0.0,,False,False,False,False,
autoregressive_ppo_order_012,learning,medium,medium,1,1,204,1,205,12,2,laser,0-1-2,2,3,3,False,True,True,10,0,1.0,1,1,0,0,False,False,True,0.7396522685298149,0.8703227156047656,23.27451474051014,54.435333251953125,0.006981334339488648,0.6437361709500938,0.004494137435824825,0.004494137435824825,1.0,False,True,False,False,alive
autoregressive_ppo_order_012,learning,medium,medium,1,1,204,1,205,13,0,missile,0-1-2,0,5,,True,True,True,0,0,1.0,0,0,0,0,False,False,,,,,,,,,0.0,,False,False,False,False,
autoregressive_ppo_order_012,learning,medium,medium,1,1,204,1,205,13,1,missile,0-1-2,1,5,,True,True,True,0,0,1.0,0,0,0,0,False,False,,,,,,,,,0.0,,False,False,False,False,
autoregressive_ppo_order_012,learning,medium,medium,1,1,204,1,205,13,2,laser,0-1-2,2,3,3,False,True,True,9,0,1.0,1,1,0,0,False,False,True,0.7396522685298149,0.8703227156047656,22.27451383917499,52.70268249511719,0.028403198242187518,0.6437361709500938,0.01828416607916223,0.01828416607916223,1.0,False,True,False,False,alive
autoregressive_ppo_order_012,learning,medium,medium,1,1,204,1,205,14,0,missile,0-1-2,0,5,,True,True,True,0,0,1.0,0,0,0,0,False,False,,,,,,,,,0.0,,False,False,False,False,
autoregressive_ppo_order_012,learning,medium,medium,1,1,204,1,205,14,1,missile,0-1-2,1,5,,True,True,True,0,0,1.0,0,0,0,0,False,False,,,,,,,,,0.0,,False,False,False,False,
autoregressive_ppo_order_012,learning,medium,medium,1,1,204,1,205,14,2,laser,0-1-2,2,3,3,False,True,True,8,0,1.0,1,1,0,0,False,False,True,0.7396522685298149,0.8703227156047656,21.274512937839837,50.97208786010742,0.049799641002308215,0.6437361709500938,0.03205783021351518,0.03205783021351518,1.0,False,True,False,False,alive
autoregressive_ppo_order_012,learning,medium,medium,1,1,204,1,205,15,0,missile,0-1-2,0,5,,True,True,True,0,0,1.0,0,0,0,0,False,False,,,,,,,,,0.0,,False,False,False,False,
autoregressive_ppo_order_012,learning,medium,medium,1,1,204,1,205,15,1,missile,0-1-2,1,5,,True,True,True,0,0,1.0,0,0,0,0,False,False,,,,,,,,,0.0,,False,False,False,False,
autoregressive_ppo_order_012,learning,medium,medium,1,1,204,1,205,15,2,laser,0-1-2,2,3,3,False,True,True,7,0,1.0,1,1,0,0,False,False,True,0.7396522685298149,0.8703227156047656,20.274514200840155,49.24375534057617,0.07116811578924004,0.6437361709500938,0.0458134903518983,0.0458134903518983,1.0,False,True,False,False,alive
autoregressive_ppo_order_012,learning,medium,medium,1,1,204,1,205,16,0,missile,0-1-2,0,5,,True,True,True,0,0,1.0,0,0,0,0,False,False,,,,,,,,,0.0,,False,False,False,False,
autoregressive_ppo_order_012,learning,medium,medium,1,1,204,1,205,16,1,missile,0-1-2,1,5,,True,True,True,0,0,1.0,0,0,0,0,False,False,,,,,,,,,0.0,,False,False,False,False,
autoregressive_ppo_order_012,learning,medium,medium,1,1,204,1,205,16,2,laser,0-1-2,2,3,3,False,True,True,6,0,1.0,1,1,0,0,False,False,True,0.7396522685298149,0.8703227156047656,19.274513299505003,47.5179328918457,0.09250555697354405,0.6437361709500938,0.059549173037755,0.059549173037755,1.0,False,True,False,False,alive
autoregressive_ppo_order_012,learning,medium,medium,1,1,204,1,205,17,0,missile,0-1-2,0,5,,True,True,True,0,0,1.0,0,0,0,0,False,False,,,,,,,,,0.0,,False,False,False,False,
autoregressive_ppo_order_012,learning,medium,medium,1,1,204,1,205,17,1,missile,0-1-2,1,5,,True,True,True,0,0,1.0,0,0,0,0,False,False,,,,,,,,,0.0,,False,False,False,False,
autoregressive_ppo_order_012,learning,medium,medium,1,1,204,1,205,17,2,laser,0-1-2,2,3,3,False,True,True,5,0,1.0,2,2,0,0,False,False,True,0.7396522685298149,0.8703227156047656,18.274512398169854,45.7949104309082,0.1138083801269531,0.6437361709500938,0.07326257084495755,0.07326257084495755,1.0,False,True,True,True,intercepted
autoregressive_ppo_order_012,learning,medium,medium,1,1,204,1,205,18,0,missile,0-1-2,0,5,,True,True,True,0,0,1.0,0,0,0,0,False,False,,,,,,,,,0.0,,False,False,False,False,
autoregressive_ppo_order_012,learning,medium,medium,1,1,204,1,205,18,1,missile,0-1-2,1,5,,True,True,True,0,0,1.0,0,0,0,0,False,False,,,,,,,,,0.0,,False,False,False,False,
autoregressive_ppo_order_012,learning,medium,medium,1,1,204,1,205,18,2,laser,0-1-2,2,4,4,False,True,True,4,0,1.0,2,2,0,0,False,False,True,0.6890958359458179,0.6165700874256671,6.568938598142072,50.31916046142578,0.05787219793146306,0.3399007038510209,0.01967080081030989,0.01967080081030989,1.0,False,True,False,False,alive
autoregressive_ppo_order_012,learning,medium,medium,1,1,204,1,205,19,0,missile,0-1-2,0,5,,True,True,True,0,0,1.0,0,0,0,0,False,False,,,,,,,,,0.0,,False,False,False,False,
autoregressive_ppo_order_012,learning,medium,medium,1,1,204,1,205,19,1,missile,0-1-2,1,5,,True,True,True,0,0,1.0,0,0,0,0,False,False,,,,,,,,,0.0,,False,False,False,False,
autoregressive_ppo_order_012,learning,medium,medium,1,1,204,1,205,19,2,laser,0-1-2,2,4,4,False,True,True,3,0,1.0,3,3,0,0,False,False,True,0.6890958359458179,0.6165700874256671,5.568939071379518,47.720584869384766,0.09000004161487923,0.3399007038510209,0.030591077491518622,0.03820367612152176,0.8007364891852742,False,True,False,False,alive
autoregressive_ppo_order_012,learning,medium,medium,1,1,204,1,205,20,0,missile,0-1-2,0,5,,True,True,True,0,0,1.0,0,0,0,0,False,False,,,,,,,,,0.0,,False,False,False,False,
autoregressive_ppo_order_012,learning,medium,medium,1,1,204,1,205,20,1,missile,0-1-2,1,5,,True,True,True,0,0,1.0,0,0,0,0,False,False,,,,,,,,,0.0,,False,False,False,False,
autoregressive_ppo_order_012,learning,medium,medium,1,1,204,1,205,20,2,laser,0-1-2,2,4,4,False,True,True,2,0,1.0,3,3,0,0,False,False,True,0.6890958359458179,0.6165700874256671,4.568938884796469,45.15753936767578,0.12168860418146309,0.3399007038510209,0.04136204221192759,0.05888236611971622,0.7024521081206668,False,True,False,False,alive
autoregressive_ppo_order_012,learning,medium,medium,1,1,204,1,205,21,0,missile,0-1-2,0,5,,True,True,True,0,0,1.0,0,0,0,0,False,False,,,,,,,,,0.0,,False,False,False,False,
autoregressive_ppo_order_012,learning,medium,medium,1,1,204,1,205,21,1,missile,0-1-2,1,5,,True,True,True,0,0,1.0,0,0,0,0,False,False,,,,,,,,,0.0,,False,False,False,False,
autoregressive_ppo_order_012,learning,medium,medium,1,1,204,1,205,21,2,laser,0-1-2,2,4,4,False,True,True,1,0,1.0,3,3,0,0,False,False,True,0.6890958359458179,0.6165700874256671,3.568938698213421,42.63642501831055,0.15285874522816054,0.3399007038510209,0.05195679509283565,0.07950456819648027,0.6535070408084528,False,True,True,True,intercepted
autoregressive_ppo_order_012,learning,medium,medium,1,1,204,1,205,22,0,missile,0-1-2,0,5,,True,True,True,0,0,1.0,0,0,0,0,False,False,,,,,,,,,0.0,,False,False,False,False,
autoregressive_ppo_order_012,learning,medium,medium,1,1,204,1,205,22,1,missile,0-1-2,1,5,,True,True,True,0,0,1.0,0,0,0,0,False,False,,,,,,,,,0.0,,False,False,False,False,
autoregressive_ppo_order_012,learning,medium,medium,1,1,204,1,205,22,2,laser,0-1-2,2,5,,True,True,True,0,0,1.0,0,0,0,0,False,False,,,,,,,,,0.0,,False,False,False,False,
autoregressive_ppo_order_012,learning,medium,medium,1,1,204,1,205,23,0,missile,0-1-2,0,5,,True,True,True,0,0,1.0,0,0,0,0,False,False,,,,,,,,,0.0,,False,False,False,False,
autoregressive_ppo_order_012,learning,medium,medium,1,1,204,1,205,23,1,missile,0-1-2,1,5,,True,True,True,0,0,1.0,0,0,0,0,False,False,,,,,,,,,0.0,,False,False,False,False,
autoregressive_ppo_order_012,learning,medium,medium,1,1,204,1,205,23,2,laser,0-1-2,2,5,,True,True,True,0,0,1.0,0,0,0,0,False,False,,,,,,,,,0.0,,False,False,False,False,
autoregressive_ppo_order_012,learning,medium,medium,1,1,204,1,205,24,0,missile,0-1-2,0,5,,True,True,True,0,0,1.0,0,0,0,0,False,False,,,,,,,,,0.0,,False,False,False,False,
autoregressive_ppo_order_012,learning,medium,medium,1,1,204,1,205,24,1,missile,0-1-2,1,5,,True,True,True,0,0,1.0,0,0,0,0,False,False,,,,,,,,,0.0,,False,False,False,False,
autoregressive_ppo_order_012,learning,medium,medium,1,1,204,1,205,24,2,laser,0-1-2,2,5,,True,True,True,0,0,1.0,0,0,0,0,False,False,,,,,,,,,0.0,,False,False,False,False,
autoregressive_ppo_order_012,learning,medium,medium,1,1,204,1,205,25,0,missile,0-1-2,0,5,,True,True,True,0,0,1.0,0,0,0,0,False,False,,,,,,,,,0.0,,False,False,False,False,
autoregressive_ppo_order_012,learning,medium,medium,1,1,204,1,205,25,1,missile,0-1-2,1,5,,True,True,True,0,0,1.0,0,0,0,0,False,False,,,,,,,,,0.0,,False,False,False,False,
autoregressive_ppo_order_012,learning,medium,medium,1,1,204,1,205,25,2,laser,0-1-2,2,5,,True,True,True,0,0,1.0,0,0,0,0,False,False,,,,,,,,,0.0,,False,False,False,False,
autoregressive_ppo_order_012,learning,medium,medium,1,1,204,1,205,26,0,missile,0-1-2,0,5,,True,True,True,0,0,1.0,0,0,0,0,False,False,,,,,,,,,0.0,,False,False,False,False,
autoregressive_ppo_order_012,learning,medium,medium,1,1,204,1,205,26,1,missile,0-1-2,1,5,,True,True,True,0,0,1.0,0,0,0,0,False,False,,,,,,,,,0.0,,False,False,False,False,
autoregressive_ppo_order_012,learning,medium,medium,1,1,204,1,205,26,2,laser,0-1-2,2,5,,True,True,True,0,0,1.0,0,0,0,0,False,False,,,,,,,,,0.0,,False,False,False,False,
autoregressive_ppo_order_012,learning,medium,medium,1,1,204,1,205,27,0,missile,0-1-2,0,5,,True,True,True,0,0,1.0,0,0,0,0,False,False,,,,,,,,,0.0,,False,False,False,False,
autoregressive_ppo_order_012,learning,medium,medium,1,1,204,1,205,27,1,missile,0-1-2,1,5,,True,True,True,0,0,1.0,0,0,0,0,False,False,,,,,,,,,0.0,,False,False,False,False,
autoregressive_ppo_order_012,learning,medium,medium,1,1,204,1,205,27,2,laser,0-1-2,2,5,,True,True,True,0,0,1.0,0,0,0,0,False,False,,,,,,,,,0.0,,False,False,False,False,
autoregressive_ppo_order_012,learning,medium,medium,1,1,204,1,205,28,0,missile,0-1-2,0,5,,True,True,True,0,0,1.0,0,0,0,0,False,False,,,,,,,,,0.0,,False,False,False,False,
autoregressive_ppo_order_012,learning,medium,medium,1,1,204,1,205,28,1,missile,0-1-2,1,5,,True,True,True,0,0,1.0,0,0,0,0,False,False,,,,,,,,,0.0,,False,False,False,False,
autoregressive_ppo_order_012,learning,medium,medium,1,1,204,1,205,28,2,laser,0-1-2,2,5,,True,True,True,0,0,1.0,0,0,0,0,False,False,,,,,,,,,0.0,,False,False,False,False,
autoregressive_ppo_order_012,learning,medium,medium,1,1,204,1,205,29,0,missile,0-1-2,0,5,,True,True,True,0,0,1.0,0,0,0,0,False,False,,,,,,,,,0.0,,False,False,False,False,
autoregressive_ppo_order_012,learning,medium,medium,1,1,204,1,205,29,1,missile,0-1-2,1,5,,True,True,True,0,0,1.0,0,0,0,0,False,False,,,,,,,,,0.0,,False,False,False,False,
autoregressive_ppo_order_012,learning,medium,medium,1,1,204,1,205,29,2,laser,0-1-2,2,5,,True,True,True,0,0,1.0,0,0,0,0,False,False,,,,,,,,,0.0,,False,False,False,False,
autoregressive_ppo_order_012,learning,medium,medium,1,1,204,1,205,30,0,missile,0-1-2,0,5,,True,True,True,0,0,1.0,0,0,0,0,False,False,,,,,,,,,0.0,,False,False,False,False,
autoregressive_ppo_order_012,learning,medium,medium,1,1,204,1,205,30,1,missile,0-1-2,1,5,,True,True,True,0,0,1.0,0,0,0,0,False,False,,,,,,,,,0.0,,False,False,False,False,
autoregressive_ppo_order_012,learning,medium,medium,1,1,204,1,205,30,2,laser,0-1-2,2,5,,True,True,True,0,0,1.0,0,0,0,0,False,False,,,,,,,,,0.0,,False,False,False,False,
autoregressive_ppo_order_012,learning,medium,medium,1,1,204,1,205,31,0,missile,0-1-2,0,5,,True,True,True,0,0,1.0,0,0,0,0,False,False,,,,,,,,,0.0,,False,False,False,False,
autoregressive_ppo_order_012,learning,medium,medium,1,1,204,1,205,31,1,missile,0-1-2,1,5,,True,True,True,0,0,1.0,0,0,0,0,False,False,,,,,,,,,0.0,,False,False,False,False,
autoregressive_ppo_order_012,learning,medium,medium,1,1,204,1,205,31,2,laser,0-1-2,2,5,,True,True,True,0,0,1.0,0,0,0,0,False,False,,,,,,,,,0.0,,False,False,False,False,
autoregressive_ppo_order_012,learning,medium,medium,1,1,204,1,205,32,0,missile,0-1-2,0,5,,True,True,True,0,0,1.0,0,0,0,0,False,False,,,,,,,,,0.0,,False,False,False,False,
autoregressive_ppo_order_012,learning,medium,medium,1,1,204,1,205,32,1,missile,0-1-2,1,5,,True,True,True,0,0,1.0,0,0,0,0,False,False,,,,,,,,,0.0,,False,False,False,False,
autoregressive_ppo_order_012,learning,medium,medium,1,1,204,1,205,32,2,laser,0-1-2,2,5,,True,True,True,0,0,1.0,0,0,0,0,False,False,,,,,,,,,0.0,,False,False,False,False,
autoregressive_ppo_order_012,learning,medium,medium,1,1,204,1,205,33,0,missile,0-1-2,0,5,,True,True,True,0,0,1.0,0,0,0,0,False,False,,,,,,,,,0.0,,False,False,False,False,
autoregressive_ppo_order_012,learning,medium,medium,1,1,204,1,205,33,1,missile,0-1-2,1,5,,True,True,True,0,0,1.0,0,0,0,0,False,False,,,,,,,,,0.0,,False,False,False,False,
autoregressive_ppo_order_012,learning,medium,medium,1,1,204,1,205,33,2,laser,0-1-2,2,5,,True,True,True,0,0,1.0,0,0,0,0,False,False,,,,,,,,,0.0,,False,False,False,False,
autoregressive_ppo_order_012,learning,medium,medium,1,1,204,1,205,34,0,missile,0-1-2,0,5,,True,True,True,0,0,1.0,0,0,0,0,False,False,,,,,,,,,0.0,,False,False,False,False,
autoregressive_ppo_order_012,learning,medium,medium,1,1,204,1,205,34,1,missile,0-1-2,1,5,,True,True,True,0,0,1.0,0,0,0,0,False,False,,,,,,,,,0.0,,False,False,False,False,
autoregressive_ppo_order_012,learning,medium,medium,1,1,204,1,205,34,2,laser,0-1-2,2,5,,True,True,True,0,0,1.0,0,0,0,0,False,False,,,,,,,,,0.0,,False,False,False,False,
autoregressive_ppo_order_012,learning,medium,medium,1,1,204,1,205,35,0,missile,0-1-2,0,5,,True,True,True,0,0,1.0,0,0,0,0,False,False,,,,,,,,,0.0,,False,False,False,False,
autoregressive_ppo_order_012,learning,medium,medium,1,1,204,1,205,35,1,missile,0-1-2,1,5,,True,True,True,0,0,1.0,0,0,0,0,False,False,,,,,,,,,0.0,,False,False,False,False,
autoregressive_ppo_order_012,learning,medium,medium,1,1,204,1,205,35,2,laser,0-1-2,2,5,,True,True,True,0,0,1.0,0,0,0,0,False,False,,,,,,,,,0.0,,False,False,False,False,
autoregressive_ppo_order_012,learning,medium,medium,1,1,204,1,205,36,0,missile,0-1-2,0,5,,True,True,True,0,0,1.0,0,0,0,0,False,False,,,,,,,,,0.0,,False,False,False,False,
autoregressive_ppo_order_012,learning,medium,medium,1,1,204,1,205,36,1,missile,0-1-2,1,5,,True,True,True,0,0,1.0,0,0,0,0,False,False,,,,,,,,,0.0,,False,False,False,False,
autoregressive_ppo_order_012,learning,medium,medium,1,1,204,1,205,36,2,laser,0-1-2,2,5,,True,True,True,0,0,1.0,0,0,0,0,False,False,,,,,,,,,0.0,,False,False,False,False,
autoregressive_ppo_order_012,learning,medium,medium,1,1,204,1,205,37,0,missile,0-1-2,0,5,,True,True,True,0,0,1.0,0,0,0,0,False,False,,,,,,,,,0.0,,False,False,False,False,
autoregressive_ppo_order_012,learning,medium,medium,1,1,204,1,205,37,1,missile,0-1-2,1,5,,True,True,True,0,0,1.0,0,0,0,0,False,False,,,,,,,,,0.0,,False,False,False,False,
autoregressive_ppo_order_012,learning,medium,medium,1,1,204,1,205,37,2,laser,0-1-2,2,5,,True,True,True,0,0,1.0,0,0,0,0,False,False,,,,,,,,,0.0,,False,False,False,False,
autoregressive_ppo_order_012,learning,medium,medium,1,1,204,1,205,38,0,missile,0-1-2,0,5,,True,True,True,0,0,1.0,0,0,0,0,False,False,,,,,,,,,0.0,,False,False,False,False,
autoregressive_ppo_order_012,learning,medium,medium,1,1,204,1,205,38,1,missile,0-1-2,1,5,,True,True,True,0,0,1.0,0,0,0,0,False,False,,,,,,,,,0.0,,False,False,False,False,
autoregressive_ppo_order_012,learning,medium,medium,1,1,204,1,205,38,2,laser,0-1-2,2,5,,True,True,True,0,0,1.0,0,0,0,0,False,False,,,,,,,,,0.0,,False,False,False,False,
autoregressive_ppo_order_012,learning,medium,medium,1,1,204,1,205,39,0,missile,0-1-2,0,5,,True,True,True,0,0,1.0,0,0,0,0,False,False,,,,,,,,,0.0,,False,False,False,False,
autoregressive_ppo_order_012,learning,medium,medium,1,1,204,1,205,39,1,missile,0-1-2,1,5,,True,True,True,0,0,1.0,0,0,0,0,False,False,,,,,,,,,0.0,,False,False,False,False,
autoregressive_ppo_order_012,learning,medium,medium,1,1,204,1,205,39,2,laser,0-1-2,2,5,,True,True,True,0,0,1.0,0,0,0,0,False,False,,,,,,,,,0.0,,False,False,False,False,
autoregressive_ppo_order_012,learning,medium,medium,1,1,204,1,205,40,0,missile,0-1-2,0,5,,True,True,True,0,0,1.0,0,0,0,0,False,False,,,,,,,,,0.0,,False,False,False,False,
autoregressive_ppo_order_012,learning,medium,medium,1,1,204,1,205,40,1,missile,0-1-2,1,5,,True,True,True,0,0,1.0,0,0,0,0,False,False,,,,,,,,,0.0,,False,False,False,False,
autoregressive_ppo_order_012,learning,medium,medium,1,1,204,1,205,40,2,laser,0-1-2,2,5,,True,True,True,0,0,1.0,0,0,0,0,False,False,,,,,,,,,0.0,,False,False,False,False,
autoregressive_ppo_order_012,learning,medium,medium,1,1,204,1,205,41,0,missile,0-1-2,0,5,,True,True,True,0,0,1.0,0,0,0,0,False,False,,,,,,,,,0.0,,False,False,False,False,
autoregressive_ppo_order_012,learning,medium,medium,1,1,204,1,205,41,1,missile,0-1-2,1,5,,True,True,True,0,0,1.0,0,0,0,0,False,False,,,,,,,,,0.0,,False,False,False,False,
autoregressive_ppo_order_012,learning,medium,medium,1,1,204,1,205,41,2,laser,0-1-2,2,5,,True,True,True,0,0,1.0,0,0,0,0,False,False,,,,,,,,,0.0,,False,False,False,False,
autoregressive_ppo_order_012,learning,medium,medium,1,1,204,1,205,42,0,missile,0-1-2,0,5,,True,True,True,0,0,1.0,0,0,0,0,False,False,,,,,,,,,0.0,,False,False,False,False,
autoregressive_ppo_order_012,learning,medium,medium,1,1,204,1,205,42,1,missile,0-1-2,1,5,,True,True,True,0,0,1.0,0,0,0,0,False,False,,,,,,,,,0.0,,False,False,False,False,
autoregressive_ppo_order_012,learning,medium,medium,1,1,204,1,205,42,2,laser,0-1-2,2,5,,True,True,True,0,0,1.0,0,0,0,0,False,False,,,,,,,,,0.0,,False,False,False,False,
autoregressive_ppo_order_012,learning,medium,medium,1,1,204,1,205,43,0,missile,0-1-2,0,5,,True,True,True,0,0,1.0,0,0,0,0,False,False,,,,,,,,,0.0,,False,False,False,False,
autoregressive_ppo_order_012,learning,medium,medium,1,1,204,1,205,43,1,missile,0-1-2,1,5,,True,True,True,0,0,1.0,0,0,0,0,False,False,,,,,,,,,0.0,,False,False,False,False,
autoregressive_ppo_order_012,learning,medium,medium,1,1,204,1,205,43,2,laser,0-1-2,2,5,,True,True,True,0,0,1.0,0,0,0,0,False,False,,,,,,,,,0.0,,False,False,False,False,
autoregressive_ppo_order_012,learning,medium,medium,1,1,204,1,205,44,0,missile,0-1-2,0,5,,True,True,True,0,0,1.0,0,0,0,0,False,False,,,,,,,,,0.0,,False,False,False,False,
autoregressive_ppo_order_012,learning,medium,medium,1,1,204,1,205,44,1,missile,0-1-2,1,5,,True,True,True,0,0,1.0,0,0,0,0,False,False,,,,,,,,,0.0,,False,False,False,False,
autoregressive_ppo_order_012,learning,medium,medium,1,1,204,1,205,44,2,laser,0-1-2,2,5,,True,True,True,0,0,1.0,0,0,0,0,False,False,,,,,,,,,0.0,,False,False,False,False,
autoregressive_ppo_order_012,learning,medium,medium,1,1,204,1,205,45,0,missile,0-1-2,0,5,,True,True,True,0,0,1.0,0,0,0,0,False,False,,,,,,,,,0.0,,False,False,False,False,
autoregressive_ppo_order_012,learning,medium,medium,1,1,204,1,205,45,1,missile,0-1-2,1,5,,True,True,True,0,0,1.0,0,0,0,0,False,False,,,,,,,,,0.0,,False,False,False,False,
autoregressive_ppo_order_012,learning,medium,medium,1,1,204,1,205,45,2,laser,0-1-2,2,5,,True,True,True,0,0,1.0,0,0,0,0,False,False,,,,,,,,,0.0,,False,False,False,False,
autoregressive_ppo_order_012,learning,medium,medium,1,1,204,1,205,46,0,missile,0-1-2,0,5,,True,True,True,0,0,1.0,0,0,0,0,False,False,,,,,,,,,0.0,,False,False,False,False,
autoregressive_ppo_order_012,learning,medium,medium,1,1,204,1,205,46,1,missile,0-1-2,1,5,,True,True,True,0,0,1.0,0,0,0,0,False,False,,,,,,,,,0.0,,False,False,False,False,
autoregressive_ppo_order_012,learning,medium,medium,1,1,204,1,205,46,2,laser,0-1-2,2,5,,True,True,True,0,0,1.0,0,0,0,0,False,False,,,,,,,,,0.0,,False,False,False,False,
autoregressive_ppo_order_012,learning,medium,medium,1,1,204,1,205,47,0,missile,0-1-2,0,5,,True,True,True,0,0,1.0,0,0,0,0,False,False,,,,,,,,,0.0,,False,False,False,False,
autoregressive_ppo_order_012,learning,medium,medium,1,1,204,1,205,47,1,missile,0-1-2,1,5,,True,True,True,0,0,1.0,0,0,0,0,False,False,,,,,,,,,0.0,,False,False,False,False,
autoregressive_ppo_order_012,learning,medium,medium,1,1,204,1,205,47,2,laser,0-1-2,2,5,,True,True,True,0,0,1.0,0,0,0,0,False,False,,,,,,,,,0.0,,False,False,False,False,
autoregressive_ppo_order_012,learning,medium,medium,1,1,204,1,205,48,0,missile,0-1-2,0,5,,True,True,True,0,0,1.0,0,0,0,0,False,False,,,,,,,,,0.0,,False,False,False,False,
autoregressive_ppo_order_012,learning,medium,medium,1,1,204,1,205,48,1,missile,0-1-2,1,5,,True,True,True,0,0,1.0,0,0,0,0,False,False,,,,,,,,,0.0,,False,False,False,False,
autoregressive_ppo_order_012,learning,medium,medium,1,1,204,1,205,48,2,laser,0-1-2,2,5,,True,True,True,0,0,1.0,0,0,0,0,False,False,,,,,,,,,0.0,,False,False,False,False,
autoregressive_ppo_order_012,learning,medium,medium,1,1,204,1,205,49,0,missile,0-1-2,0,5,,True,True,True,0,0,1.0,0,0,0,0,False,False,,,,,,,,,0.0,,False,False,False,False,
autoregressive_ppo_order_012,learning,medium,medium,1,1,204,1,205,49,1,missile,0-1-2,1,5,,True,True,True,0,0,1.0,0,0,0,0,False,False,,,,,,,,,0.0,,False,False,False,False,
autoregressive_ppo_order_012,learning,medium,medium,1,1,204,1,205,49,2,laser,0-1-2,2,5,,True,True,True,0,0,1.0,0,0,0,0,False,False,,,,,,,,,0.0,,False,False,False,False,
autoregressive_ppo_order_012,learning,medium,heterogeneity_pressure,1,1,206,0,206,0,0,missile,0-1-2,0,0,0,False,True,True,3,0,1.0,1,1,1,0,False,True,True,0.9457109023138026,0.6962325948308277,58.33357327355016,67.14640808105469,0.2539388739544412,0.5267478043821938,0.13376174430278856,0.13376174430278856,1.0,False,True,False,False,alive
autoregressive_ppo_order_012,learning,medium,heterogeneity_pressure,1,1,206,0,206,0,1,missile,0-1-2,1,5,,True,True,True,3,0,1.0,0,0,0,0,False,False,,,,,,,,,0.0,,False,False,False,False,
autoregressive_ppo_order_012,learning,medium,heterogeneity_pressure,1,1,206,0,206,0,2,laser,0-1-2,2,5,,True,True,True,10,0,1.0,0,0,0,0,False,False,,,,,,,,,0.0,,False,False,False,False,
autoregressive_ppo_order_012,learning,medium,heterogeneity_pressure,1,1,206,0,206,1,0,missile,0-1-2,0,5,,True,True,True,2,1,1.0,0,0,0,0,False,False,,,,,,,,,0.0,,False,False,False,False,
autoregressive_ppo_order_012,learning,medium,heterogeneity_pressure,1,1,206,0,206,1,1,missile,0-1-2,1,5,,True,True,True,3,0,1.0,0,0,0,0,False,False,,,,,,,,,0.0,,False,False,False,False,
autoregressive_ppo_order_012,learning,medium,heterogeneity_pressure,1,1,206,0,206,1,2,laser,0-1-2,2,5,,True,True,True,10,0,1.0,0,0,0,0,False,False,,,,,,,,,0.0,,False,False,False,False,
autoregressive_ppo_order_012,learning,medium,heterogeneity_pressure,1,1,206,0,206,2,0,missile,0-1-2,0,0,0,False,True,True,2,0,1.0,2,2,2,0,False,True,True,0.9457109023138026,0.6962325948308277,56.33357051083566,63.961299896240234,0.2864823706253715,0.5267478043821938,0.15090395972112033,0.15090395972112033,1.0,False,True,False,False,alive
autoregressive_ppo_order_012,learning,medium,heterogeneity_pressure,1,1,206,0,206,2,1,missile,0-1-2,1,5,,True,True,True,3,0,1.0,0,0,0,0,False,False,,,,,,,,,0.0,,False,False,False,False,
autoregressive_ppo_order_012,learning,medium,heterogeneity_pressure,1,1,206,0,206,2,2,laser,0-1-2,2,5,,True,True,True,10,0,1.0,0,0,0,0,False,False,,,,,,,,,0.0,,False,False,False,False,
autoregressive_ppo_order_012,learning,medium,heterogeneity_pressure,1,1,206,0,206,3,0,missile,0-1-2,0,5,,True,True,True,1,1,1.0,0,0,0,0,False,False,,,,,,,,,0.0,,False,False,False,False,
autoregressive_ppo_order_012,learning,medium,heterogeneity_pressure,1,1,206,0,206,3,1,missile,0-1-2,1,1,1,False,True,True,3,0,1.0,1,1,1,0,False,True,True,0.8944048812044247,1.4572351588422823,26.244438887060877,69.81541442871094,0.023666343688964874,1.3033582391312426,0.030845724037124055,0.030845724037124055,1.0,False,True,False,False,alive
autoregressive_ppo_order_012,learning,medium,heterogeneity_pressure,1,1,206,0,206,3,2,laser,0-1-2,2,5,,True,True,True,10,0,1.0,0,0,0,0,False,False,,,,,,,,,0.0,,False,False,False,False,
autoregressive_ppo_order_012,learning,medium,heterogeneity_pressure,1,1,206,0,206,4,0,missile,0-1-2,0,0,0,False,True,True,1,0,1.0,3,3,3,0,False,True,True,0.9457109023138026,0.6962325948308277,54.33357238970497,60.787086486816406,0.31891455111296274,0.5267478043821938,0.16798753958428606,0.16798753958428606,1.0,False,True,True,True,intercepted
autoregressive_ppo_order_012,learning,medium,heterogeneity_pressure,1,1,206,0,206,4,1,missile,0-1-2,1,5,,True,True,True,2,1,1.0,0,0,0,0,False,False,,,,,,,,,0.0,,False,False,False,False,
autoregressive_ppo_order_012,learning,medium,heterogeneity_pressure,1,1,206,0,206,4,2,laser,0-1-2,2,5,,True,True,True,10,0,1.0,0,0,0,0,False,False,,,,,,,,,0.0,,False,False,False,False,
autoregressive_ppo_order_012,learning,medium,heterogeneity_pressure,1,1,206,0,206,5,0,missile,0-1-2,0,5,,True,True,True,0,1,1.0,0,0,0,0,False,False,,,,,,,,,0.0,,False,False,False,False,
autoregressive_ppo_order_012,learning,medium,heterogeneity_pressure,1,1,206,0,206,5,1,missile,0-1-2,1,1,1,False,True,True,2,0,1.0,2,2,2,0,False,True,True,0.8944048812044247,1.4572351588422823,24.244439261038153,64.38972473144531,0.08244464874267575,1.3033582391312426,0.10745491221104768,0.10745491221104768,1.0,False,True,False,False,alive
autoregressive_ppo_order_012,learning,medium,heterogeneity_pressure,1,1,206,0,206,5,2,laser,0-1-2,2,5,,True,True,True,10,0,1.0,0,0,0,0,False,False,,,,,,,,,0.0,,False,False,False,False,
autoregressive_ppo_order_012,learning,medium,heterogeneity_pressure,1,1,206,0,206,6,0,missile,0-1-2,0,5,,True,True,True,0,0,1.0,0,0,0,0,False,False,,,,,,,,,0.0,,False,False,False,False,
autoregressive_ppo_order_012,learning,medium,heterogeneity_pressure,1,1,206,0,206,6,1,missile,0-1-2,1,5,,True,True,True,1,1,1.0,0,0,0,0,False,False,,,,,,,,,0.0,,False,False,False,False,
autoregressive_ppo_order_012,learning,medium,heterogeneity_pressure,1,1,206,0,206,6,2,laser,0-1-2,2,5,,True,True,True,10,0,1.0,0,0,0,0,False,False,,,,,,,,,0.0,,False,False,False,False,
autoregressive_ppo_order_012,learning,medium,heterogeneity_pressure,1,1,206,0,206,7,0,missile,0-1-2,0,5,,True,True,True,0,0,1.0,0,0,0,0,False,False,,,,,,,,,0.0,,False,False,False,False,
autoregressive_ppo_order_012,learning,medium,heterogeneity_pressure,1,1,206,0,206,7,1,missile,0-1-2,1,1,1,False,True,True,1,0,1.0,3,3,2,0,False,True,True,0.8944048812044247,1.4572351588422823,22.244436849426915,58.973670959472656,0.14111856460571287,1.3033582391312426,0.18392804387323042,0.18392804387323042,1.0,False,True,False,False,alive
autoregressive_ppo_order_012,learning,medium,heterogeneity_pressure,1,1,206,0,206,7,2,laser,0-1-2,2,5,,True,True,True,10,0,1.0,0,0,0,0,False,False,,,,,,,,,0.0,,False,False,False,False,
autoregressive_ppo_order_012,learning,medium,heterogeneity_pressure,1,1,206,0,206,8,0,missile,0-1-2,0,5,,True,True,True,0,0,1.0,0,0,0,0,False,False,,,,,,,,,0.0,,False,False,False,False,
autoregressive_ppo_order_012,learning,medium,heterogeneity_pressure,1,1,206,0,206,8,1,missile,0-1-2,1,5,,True,True,True,0,1,1.0,0,0,0,0,False,False,,,,,,,,,0.0,,False,False,False,False,
autoregressive_ppo_order_012,learning,medium,heterogeneity_pressure,1,1,206,0,206,8,2,laser,0-1-2,2,5,,True,True,True,10,0,1.0,0,0,0,0,False,False,,,,,,,,,0.0,,False,False,False,False,
autoregressive_ppo_order_012,learning,medium,heterogeneity_pressure,1,1,206,0,206,9,0,missile,0-1-2,0,5,,True,True,True,0,0,1.0,0,0,0,0,False,False,,,,,,,,,0.0,,False,False,False,False,
autoregressive_ppo_order_012,learning,medium,heterogeneity_pressure,1,1,206,0,206,9,1,missile,0-1-2,1,5,,True,True,True,0,0,1.0,0,0,0,0,False,False,,,,,,,,,0.0,,False,False,False,False,
autoregressive_ppo_order_012,learning,medium,heterogeneity_pressure,1,1,206,0,206,9,2,laser,0-1-2,2,5,,True,True,True,10,0,1.0,0,0,0,0,False,False,,,,,,,,,0.0,,False,False,False,False,
autoregressive_ppo_order_012,learning,medium,heterogeneity_pressure,1,1,206,0,206,10,0,missile,0-1-2,0,5,,True,True,True,0,0,1.0,0,0,0,0,False,False,,,,,,,,,0.0,,False,False,False,False,
autoregressive_ppo_order_012,learning,medium,heterogeneity_pressure,1,1,206,0,206,10,1,missile,0-1-2,1,5,,True,True,True,0,0,1.0,0,0,0,0,False,False,,,,,,,,,0.0,,False,False,False,False,
autoregressive_ppo_order_012,learning,medium,heterogeneity_pressure,1,1,206,0,206,10,2,laser,0-1-2,2,5,,True,True,True,10,0,1.0,0,0,0,0,False,False,,,,,,,,,0.0,,False,False,False,False,
autoregressive_ppo_order_012,learning,medium,heterogeneity_pressure,1,1,206,0,206,11,0,missile,0-1-2,0,5,,True,True,True,0,0,1.0,0,0,0,0,False,False,,,,,,,,,0.0,,False,False,False,False,
autoregressive_ppo_order_012,learning,medium,heterogeneity_pressure,1,1,206,0,206,11,1,missile,0-1-2,1,5,,True,True,True,0,0,1.0,0,0,0,0,False,False,,,,,,,,,0.0,,False,False,False,False,
autoregressive_ppo_order_012,learning,medium,heterogeneity_pressure,1,1,206,0,206,11,2,laser,0-1-2,2,5,,True,True,True,10,0,1.0,0,0,0,0,False,False,,,,,,,,,0.0,,False,False,False,False,
autoregressive_ppo_order_012,learning,medium,heterogeneity_pressure,1,1,206,0,206,12,0,missile,0-1-2,0,5,,True,True,True,0,0,1.0,0,0,0,0,False,False,,,,,,,,,0.0,,False,False,False,False,
autoregressive_ppo_order_012,learning,medium,heterogeneity_pressure,1,1,206,0,206,12,1,missile,0-1-2,1,5,,True,True,True,0,0,1.0,0,0,0,0,False,False,,,,,,,,,0.0,,False,False,False,False,
autoregressive_ppo_order_012,learning,medium,heterogeneity_pressure,1,1,206,0,206,12,2,laser,0-1-2,2,5,,True,True,True,10,0,1.0,0,0,0,0,False,False,,,,,,,,,0.0,,False,False,False,False,
autoregressive_ppo_order_012,learning,medium,heterogeneity_pressure,1,1,206,0,206,13,0,missile,0-1-2,0,5,,True,True,True,0,0,1.0,0,0,0,0,False,False,,,,,,,,,0.0,,False,False,False,False,
autoregressive_ppo_order_012,learning,medium,heterogeneity_pressure,1,1,206,0,206,13,1,missile,0-1-2,1,5,,True,True,True,0,0,1.0,0,0,0,0,False,False,,,,,,,,,0.0,,False,False,False,False,
autoregressive_ppo_order_012,learning,medium,heterogeneity_pressure,1,1,206,0,206,13,2,laser,0-1-2,2,5,,True,True,True,10,0,1.0,0,0,0,0,False,False,,,,,,,,,0.0,,False,False,False,False,
autoregressive_ppo_order_012,learning,medium,heterogeneity_pressure,1,1,206,0,206,14,0,missile,0-1-2,0,5,,True,True,True,0,0,1.0,0,0,0,0,False,False,,,,,,,,,0.0,,False,False,False,False,
autoregressive_ppo_order_012,learning,medium,heterogeneity_pressure,1,1,206,0,206,14,1,missile,0-1-2,1,5,,True,True,True,0,0,1.0,0,0,0,0,False,False,,,,,,,,,0.0,,False,False,False,False,
autoregressive_ppo_order_012,learning,medium,heterogeneity_pressure,1,1,206,0,206,14,2,laser,0-1-2,2,5,,True,True,True,10,0,1.0,0,0,0,0,False,False,,,,,,,,,0.0,,False,False,False,False,
autoregressive_ppo_order_012,learning,medium,heterogeneity_pressure,1,1,206,0,206,15,0,missile,0-1-2,0,5,,True,True,True,0,0,1.0,0,0,0,0,False,False,,,,,,,,,0.0,,False,False,False,False,
autoregressive_ppo_order_012,learning,medium,heterogeneity_pressure,1,1,206,0,206,15,1,missile,0-1-2,1,5,,True,True,True,0,0,1.0,0,0,0,0,False,False,,,,,,,,,0.0,,False,False,False,False,
autoregressive_ppo_order_012,learning,medium,heterogeneity_pressure,1,1,206,0,206,15,2,laser,0-1-2,2,5,,True,True,True,10,0,1.0,0,0,0,0,False,False,,,,,,,,,0.0,,False,False,False,False,
autoregressive_ppo_order_012,learning,medium,heterogeneity_pressure,1,1,206,0,206,16,0,missile,0-1-2,0,5,,True,True,True,0,0,1.0,0,0,0,0,False,False,,,,,,,,,0.0,,False,False,False,False,
autoregressive_ppo_order_012,learning,medium,heterogeneity_pressure,1,1,206,0,206,16,1,missile,0-1-2,1,5,,True,True,True,0,0,1.0,0,0,0,0,False,False,,,,,,,,,0.0,,False,False,False,False,
autoregressive_ppo_order_012,learning,medium,heterogeneity_pressure,1,1,206,0,206,16,2,laser,0-1-2,2,5,,True,True,True,10,0,1.0,0,0,0,0,False,False,,,,,,,,,0.0,,False,False,False,False,
autoregressive_ppo_order_012,learning,medium,heterogeneity_pressure,1,1,206,0,206,17,0,missile,0-1-2,0,5,,True,True,True,0,0,1.0,0,0,0,0,False,False,,,,,,,,,0.0,,False,False,False,False,
autoregressive_ppo_order_012,learning,medium,heterogeneity_pressure,1,1,206,0,206,17,1,missile,0-1-2,1,5,,True,True,True,0,0,1.0,0,0,0,0,False,False,,,,,,,,,0.0,,False,False,False,False,
autoregressive_ppo_order_012,learning,medium,heterogeneity_pressure,1,1,206,0,206,17,2,laser,0-1-2,2,5,,True,True,True,10,0,1.0,0,0,0,0,False,False,,,,,,,,,0.0,,False,False,False,False,
autoregressive_ppo_order_012,learning,medium,heterogeneity_pressure,1,1,206,0,206,18,0,missile,0-1-2,0,5,,True,True,True,0,0,1.0,0,0,0,0,False,False,,,,,,,,,0.0,,False,False,False,False,
autoregressive_ppo_order_012,learning,medium,heterogeneity_pressure,1,1,206,0,206,18,1,missile,0-1-2,1,5,,True,True,True,0,0,1.0,0,0,0,0,False,False,,,,,,,,,0.0,,False,False,False,False,
autoregressive_ppo_order_012,learning,medium,heterogeneity_pressure,1,1,206,0,206,18,2,laser,0-1-2,2,1,1,False,True,True,10,0,1.0,2,2,2,0,False,True,True,0.8944048812044247,1.4572351588422823,11.24443472791916,44.24198913574219,0.008422342936197924,1.3033582391312426,0.010977330058682386,0.010977330058682386,1.0,False,True,False,False,alive
autoregressive_ppo_order_012,learning,medium,heterogeneity_pressure,1,1,206,0,206,19,0,missile,0-1-2,0,5,,True,True,True,0,0,1.0,0,0,0,0,False,False,,,,,,,,,0.0,,False,False,False,False,
autoregressive_ppo_order_012,learning,medium,heterogeneity_pressure,1,1,206,0,206,19,1,missile,0-1-2,1,5,,True,True,True,0,0,1.0,0,0,0,0,False,False,,,,,,,,,0.0,,False,False,False,False,
autoregressive_ppo_order_012,learning,medium,heterogeneity_pressure,1,1,206,0,206,19,2,laser,0-1-2,2,1,1,False,True,True,9,0,1.0,2,2,2,0,False,True,True,0.8944048812044247,1.4572351588422823,10.244434914907798,41.578338623046875,0.038018459743923594,1.3033582391312426,0.04955167274632229,0.04955167274632229,1.0,False,True,False,False,alive
autoregressive_ppo_order_012,learning,medium,heterogeneity_pressure,1,1,206,0,206,20,0,missile,0-1-2,0,5,,True,True,True,0,0,1.0,0,0,0,0,False,False,,,,,,,,,0.0,,False,False,False,False,
autoregressive_ppo_order_012,learning,medium,heterogeneity_pressure,1,1,206,0,206,20,1,missile,0-1-2,1,5,,True,True,True,0,0,1.0,0,0,0,0,False,False,,,,,,,,,0.0,,False,False,False,False,
autoregressive_ppo_order_012,learning,medium,heterogeneity_pressure,1,1,206,0,206,20,2,laser,0-1-2,2,3,3,False,True,True,8,0,1.0,3,3,2,0,False,False,True,0.630558555495484,0.8547983093728739,15.893807634750313,43.49070358276367,0.016769960191514777,0.43120030975851303,0.0072312120292191044,0.08797486915378953,0.08219633741742961,False,True,False,False,alive
autoregressive_ppo_order_012,learning,medium,heterogeneity_pressure,1,1,206,0,206,21,0,missile,0-1-2,0,5,,True,True,True,0,0,1.0,0,0,0,0,False,False,,,,,,,,,0.0,,False,False,False,False,
autoregressive_ppo_order_012,learning,medium,heterogeneity_pressure,1,1,206,0,206,21,1,missile,0-1-2,1,5,,True,True,True,0,0,1.0,0,0,0,0,False,False,,,,,,,,,0.0,,False,False,False,False,
autoregressive_ppo_order_012,learning,medium,heterogeneity_pressure,1,1,206,0,206,21,2,laser,0-1-2,2,3,3,False,True,True,7,0,1.0,3,3,2,0,False,False,True,0.630558555495484,0.8547983093728739,14.893807054234523,41.92412185668945,0.03417642381456165,0.43120030975851303,0.014736884535277207,0.1262137179234877,0.1167613535020883,False,True,False,False,alive
autoregressive_ppo_order_012,learning,medium,heterogeneity_pressure,1,1,206,0,206,22,0,missile,0-1-2,0,5,,True,True,True,0,0,1.0,0,0,0,0,False,False,,,,,,,,,0.0,,False,False,False,False,
autoregressive_ppo_order_012,learning,medium,heterogeneity_pressure,1,1,206,0,206,22,1,missile,0-1-2,1,5,,True,True,True,0,0,1.0,0,0,0,0,False,False,,,,,,,,,0.0,,False,False,False,False,
autoregressive_ppo_order_012,learning,medium,heterogeneity_pressure,1,1,206,0,206,22,2,laser,0-1-2,2,3,3,False,True,True,6,0,1.0,3,3,2,0,False,False,True,0.630558555495484,0.8547983093728739,13.893806473718735,40.41780471801758,0.05091328091091579,0.43120030975851303,0.021953822499609078,0.16422468715893423,0.13368162168190031,False,True,False,False,alive
autoregressive_ppo_order_012,learning,medium,heterogeneity_pressure,1,1,206,0,206,23,0,missile,0-1-2,0,5,,True,True,True,0,0,1.0,0,0,0,0,False,False,,,,,,,,,0.0,,False,False,False,False,
autoregressive_ppo_order_012,learning,medium,heterogeneity_pressure,1,1,206,0,206,23,1,missile,0-1-2,1,5,,True,True,True,0,0,1.0,0,0,0,0,False,False,,,,,,,,,0.0,,False,False,False,False,
autoregressive_ppo_order_012,learning,medium,heterogeneity_pressure,1,1,206,0,206,23,2,laser,0-1-2,2,3,3,False,True,True,5,0,1.0,3,3,2,0,False,False,True,0.630558555495484,0.8547983093728739,12.893807618600228,38.97874069213867,0.06690288119845922,0.43120030975851303,0.02884854309651261,0.20195015786516574,0.14284981701164928,False,True,False,False,alive
autoregressive_ppo_order_012,learning,medium,heterogeneity_pressure,1,1,206,0,206,24,0,missile,0-1-2,0,5,,True,True,True,0,0,1.0,0,0,0,0,False,False,,,,,,,,,0.0,,False,False,False,False,
autoregressive_ppo_order_012,learning,medium,heterogeneity_pressure,1,1,206,0,206,24,1,missile,0-1-2,1,5,,True,True,True,0,0,1.0,0,0,0,0,False,False,,,,,,,,,0.0,,False,False,False,False,
autoregressive_ppo_order_012,learning,medium,heterogeneity_pressure,1,1,206,0,206,24,2,laser,0-1-2,2,3,3,False,True,True,4,0,1.0,3,3,2,0,False,False,True,0.630558555495484,0.8547983093728739,11.89380703808444,37.614646911621094,0.0820594787597656,0.43120030975851303,0.03538407265983305,0.23931168423887608,0.1478576893241593,False,True,False,False,alive
autoregressive_ppo_order_012,learning,medium,heterogeneity_pressure,1,1,206,0,206,25,0,missile,0-1-2,0,5,,True,True,True,0,0,1.0,0,0,0,0,False,False,,,,,,,,,0.0,,False,False,False,False,
autoregressive_ppo_order_012,learning,medium,heterogeneity_pressure,1,1,206,0,206,25,1,missile,0-1-2,1,5,,True,True,True,0,0,1.0,0,0,0,0,False,False,,,,,,,,,0.0,,False,False,False,False,
autoregressive_ppo_order_012,learning,medium,heterogeneity_pressure,1,1,206,0,206,25,2,laser,0-1-2,2,3,3,False,True,True,3,0,1.0,3,3,2,0,False,False,True,0.630558555495484,0.8547983093728739,10.89380732026729,36.33396911621094,0.09628923204210071,0.43120030975851303,0.04151994668296317,0.27620062989119126,0.15032531496875975,False,True,False,False,alive
autoregressive_ppo_order_012,learning,medium,heterogeneity_pressure,1,1,206,0,206,26,0,missile,0-1-2,0,5,,True,True,True,0,0,1.0,0,0,0,0,False,False,,,,,,,,,0.0,,False,False,False,False,
autoregressive_ppo_order_012,learning,medium,heterogeneity_pressure,1,1,206,0,206,26,1,missile,0-1-2,1,5,,True,True,True,0,0,1.0,0,0,0,0,False,False,,,,,,,,,0.0,,False,False,False,False,
autoregressive_ppo_order_012,learning,medium,heterogeneity_pressure,1,1,206,0,206,26,2,laser,0-1-2,2,3,3,False,True,True,2,0,1.0,3,3,2,0,False,False,True,0.630558555495484,0.8547983093728739,9.893807602450144,35.14582824707031,0.10949079725477429,0.43120030975851303,0.04721246569196522,0.3124627825263869,0.1510978853552846,False,True,False,False,alive
autoregressive_ppo_order_012,learning,medium,heterogeneity_pressure,1,1,206,0,206,27,0,missile,0-1-2,0,5,,True,True,True,0,0,1.0,0,0,0,0,False,False,,,,,,,,,0.0,,False,False,False,False,
autoregressive_ppo_order_012,learning,medium,heterogeneity_pressure,1,1,206,0,206,27,1,missile,0-1-2,1,5,,True,True,True,0,0,1.0,0,0,0,0,False,False,,,,,,,,,0.0,,False,False,False,False,
autoregressive_ppo_order_012,learning,medium,heterogeneity_pressure,1,1,206,0,206,27,2,laser,0-1-2,2,3,3,False,True,True,1,0,1.0,3,3,2,0,False,False,True,0.630558555495484,0.8547983093728739,8.893808747331637,34.059913635253906,0.12155651516384547,0.43120030975851303,0.05241520699181555,0.34787360484338015,0.15067313605300395,False,True,False,False,alive
autoregressive_ppo_order_012,learning,medium,heterogeneity_pressure,1,1,206,0,206,28,0,missile,0-1-2,0,5,,True,True,True,0,0,1.0,0,0,0,0,False,False,,,,,,,,,0.0,,False,False,False,False,
autoregressive_ppo_order_012,learning,medium,heterogeneity_pressure,1,1,206,0,206,28,1,missile,0-1-2,1,5,,True,True,True,0,0,1.0,0,0,0,0,False,False,,,,,,,,,0.0,,False,False,False,False,
autoregressive_ppo_order_012,learning,medium,heterogeneity_pressure,1,1,206,0,206,28,2,laser,0-1-2,2,5,,True,True,True,0,0,1.0,0,0,0,0,False,False,,,,,,,,,0.0,,False,False,False,False,
autoregressive_ppo_order_012,learning,medium,heterogeneity_pressure,1,1,206,0,206,29,0,missile,0-1-2,0,5,,True,True,True,0,0,1.0,0,0,0,0,False,False,,,,,,,,,0.0,,False,False,False,False,
autoregressive_ppo_order_012,learning,medium,heterogeneity_pressure,1,1,206,0,206,29,1,missile,0-1-2,1,5,,True,True,True,0,0,1.0,0,0,0,0,False,False,,,,,,,,,0.0,,False,False,False,False,
autoregressive_ppo_order_012,learning,medium,heterogeneity_pressure,1,1,206,0,206,29,2,laser,0-1-2,2,5,,True,True,True,0,0,1.0,0,0,0,0,False,False,,,,,,,,,0.0,,False,False,False,False,
autoregressive_ppo_order_012,learning,medium,heterogeneity_pressure,1,1,206,0,206,30,0,missile,0-1-2,0,5,,True,True,True,0,0,1.0,0,0,0,0,False,False,,,,,,,,,0.0,,False,False,False,False,
autoregressive_ppo_order_012,learning,medium,heterogeneity_pressure,1,1,206,0,206,30,1,missile,0-1-2,1,5,,True,True,True,0,0,1.0,0,0,0,0,False,False,,,,,,,,,0.0,,False,False,False,False,
autoregressive_ppo_order_012,learning,medium,heterogeneity_pressure,1,1,206,0,206,30,2,laser,0-1-2,2,5,,True,True,True,0,0,1.0,0,0,0,0,False,False,,,,,,,,,0.0,,False,False,False,False,
autoregressive_ppo_order_012,learning,medium,heterogeneity_pressure,1,1,206,0,206,31,0,missile,0-1-2,0,5,,True,True,True,0,0,1.0,0,0,0,0,False,False,,,,,,,,,0.0,,False,False,False,False,
autoregressive_ppo_order_012,learning,medium,heterogeneity_pressure,1,1,206,0,206,31,1,missile,0-1-2,1,5,,True,True,True,0,0,1.0,0,0,0,0,False,False,,,,,,,,,0.0,,False,False,False,False,
autoregressive_ppo_order_012,learning,medium,heterogeneity_pressure,1,1,206,0,206,31,2,laser,0-1-2,2,5,,True,True,True,0,0,1.0,0,0,0,0,False,False,,,,,,,,,0.0,,False,False,False,False,
autoregressive_ppo_order_012,learning,medium,heterogeneity_pressure,1,1,206,0,206,32,0,missile,0-1-2,0,5,,True,True,True,0,0,1.0,0,0,0,0,False,False,,,,,,,,,0.0,,False,False,False,False,
autoregressive_ppo_order_012,learning,medium,heterogeneity_pressure,1,1,206,0,206,32,1,missile,0-1-2,1,5,,True,True,True,0,0,1.0,0,0,0,0,False,False,,,,,,,,,0.0,,False,False,False,False,
autoregressive_ppo_order_012,learning,medium,heterogeneity_pressure,1,1,206,0,206,32,2,laser,0-1-2,2,5,,True,True,True,0,0,1.0,0,0,0,0,False,False,,,,,,,,,0.0,,False,False,False,False,
autoregressive_ppo_order_012,learning,medium,heterogeneity_pressure,1,1,206,0,206,33,0,missile,0-1-2,0,5,,True,True,True,0,0,1.0,0,0,0,0,False,False,,,,,,,,,0.0,,False,False,False,False,
autoregressive_ppo_order_012,learning,medium,heterogeneity_pressure,1,1,206,0,206,33,1,missile,0-1-2,1,5,,True,True,True,0,0,1.0,0,0,0,0,False,False,,,,,,,,,0.0,,False,False,False,False,
autoregressive_ppo_order_012,learning,medium,heterogeneity_pressure,1,1,206,0,206,33,2,laser,0-1-2,2,5,,True,True,True,0,0,1.0,0,0,0,0,False,False,,,,,,,,,0.0,,False,False,False,False,
autoregressive_ppo_order_012,learning,medium,heterogeneity_pressure,1,1,206,0,206,34,0,missile,0-1-2,0,5,,True,True,True,0,0,1.0,0,0,0,0,False,False,,,,,,,,,0.0,,False,False,False,False,
autoregressive_ppo_order_012,learning,medium,heterogeneity_pressure,1,1,206,0,206,34,1,missile,0-1-2,1,5,,True,True,True,0,0,1.0,0,0,0,0,False,False,,,,,,,,,0.0,,False,False,False,False,
autoregressive_ppo_order_012,learning,medium,heterogeneity_pressure,1,1,206,0,206,34,2,laser,0-1-2,2,5,,True,True,True,0,0,1.0,0,0,0,0,False,False,,,,,,,,,0.0,,False,False,False,False,
autoregressive_ppo_order_012,learning,medium,heterogeneity_pressure,1,1,206,0,206,35,0,missile,0-1-2,0,5,,True,True,True,0,0,1.0,0,0,0,0,False,False,,,,,,,,,0.0,,False,False,False,False,
autoregressive_ppo_order_012,learning,medium,heterogeneity_pressure,1,1,206,0,206,35,1,missile,0-1-2,1,5,,True,True,True,0,0,1.0,0,0,0,0,False,False,,,,,,,,,0.0,,False,False,False,False,
autoregressive_ppo_order_012,learning,medium,heterogeneity_pressure,1,1,206,0,206,35,2,laser,0-1-2,2,5,,True,True,True,0,0,1.0,0,0,0,0,False,False,,,,,,,,,0.0,,False,False,False,False,
autoregressive_ppo_order_012,learning,medium,heterogeneity_pressure,1,1,206,0,206,36,0,missile,0-1-2,0,5,,True,True,True,0,0,1.0,0,0,0,0,False,False,,,,,,,,,0.0,,False,False,False,False,
autoregressive_ppo_order_012,learning,medium,heterogeneity_pressure,1,1,206,0,206,36,1,missile,0-1-2,1,5,,True,True,True,0,0,1.0,0,0,0,0,False,False,,,,,,,,,0.0,,False,False,False,False,
autoregressive_ppo_order_012,learning,medium,heterogeneity_pressure,1,1,206,0,206,36,2,laser,0-1-2,2,5,,True,True,True,0,0,1.0,0,0,0,0,False,False,,,,,,,,,0.0,,False,False,False,False,
autoregressive_ppo_order_012,learning,medium,heterogeneity_pressure,1,1,206,0,206,37,0,missile,0-1-2,0,5,,True,True,True,0,0,1.0,0,0,0,0,False,False,,,,,,,,,0.0,,False,False,False,False,
autoregressive_ppo_order_012,learning,medium,heterogeneity_pressure,1,1,206,0,206,37,1,missile,0-1-2,1,5,,True,True,True,0,0,1.0,0,0,0,0,False,False,,,,,,,,,0.0,,False,False,False,False,
autoregressive_ppo_order_012,learning,medium,heterogeneity_pressure,1,1,206,0,206,37,2,laser,0-1-2,2,5,,True,True,True,0,0,1.0,0,0,0,0,False,False,,,,,,,,,0.0,,False,False,False,False,
autoregressive_ppo_order_012,learning,medium,heterogeneity_pressure,1,1,206,0,206,38,0,missile,0-1-2,0,5,,True,True,True,0,0,1.0,0,0,0,0,False,False,,,,,,,,,0.0,,False,False,False,False,
autoregressive_ppo_order_012,learning,medium,heterogeneity_pressure,1,1,206,0,206,38,1,missile,0-1-2,1,5,,True,True,True,0,0,1.0,0,0,0,0,False,False,,,,,,,,,0.0,,False,False,False,False,
autoregressive_ppo_order_012,learning,medium,heterogeneity_pressure,1,1,206,0,206,38,2,laser,0-1-2,2,5,,True,True,True,0,0,1.0,0,0,0,0,False,False,,,,,,,,,0.0,,False,False,False,False,
autoregressive_ppo_order_012,learning,medium,heterogeneity_pressure,1,1,206,0,206,39,0,missile,0-1-2,0,5,,True,True,True,0,0,1.0,0,0,0,0,False,False,,,,,,,,,0.0,,False,False,False,False,
autoregressive_ppo_order_012,learning,medium,heterogeneity_pressure,1,1,206,0,206,39,1,missile,0-1-2,1,5,,True,True,True,0,0,1.0,0,0,0,0,False,False,,,,,,,,,0.0,,False,False,False,False,
autoregressive_ppo_order_012,learning,medium,heterogeneity_pressure,1,1,206,0,206,39,2,laser,0-1-2,2,5,,True,True,True,0,0,1.0,0,0,0,0,False,False,,,,,,,,,0.0,,False,False,False,False,
autoregressive_ppo_order_012,learning,medium,heterogeneity_pressure,1,1,206,1,207,0,0,missile,0-1-2,0,0,0,False,True,True,3,0,1.0,5,5,1,0,False,True,True,0.9055975691529208,1.0315643307330864,42.008473961384695,83.36225891113281,0.0882551806905995,0.9341821503367427,0.08244641447590201,0.3064056035597113,0.26907606622747393,False,True,False,False,alive
autoregressive_ppo_order_012,learning,medium,heterogeneity_pressure,1,1,206,1,207,0,1,missile,0-1-2,1,5,,True,True,True,3,0,1.0,1,1,0,0,True,False,,,,,,,,,0.05487383949968166,,False,False,False,False,
autoregressive_ppo_order_012,learning,medium,heterogeneity_pressure,1,1,206,1,207,0,2,laser,0-1-2,2,5,,True,True,True,10,0,1.0,0,0,0,0,False,False,,,,,,,,,0.0,,False,False,False,False,
autoregressive_ppo_order_012,learning,medium,heterogeneity_pressure,1,1,206,1,207,1,0,missile,0-1-2,0,5,,True,True,True,2,1,1.0,0,0,0,0,False,False,,,,,,,,,0.0,,False,False,False,False,
autoregressive_ppo_order_012,learning,medium,heterogeneity_pressure,1,1,206,1,207,1,1,missile,0-1-2,1,1,1,False,True,True,3,0,1.0,2,2,0,0,False,False,True,0.745035291964848,1.1275632198649101,26.52414256952076,71.60948944091797,0.004230531056722025,0.672059514176702,0.0028431686466900536,0.062139514765428304,0.04575460007086936,False,True,False,False,alive
autoregressive_ppo_order_012,learning,medium,heterogeneity_pressure,1,1,206,1,207,1,2,laser,0-1-2,2,5,,True,True,True,10,0,1.0,0,0,0,0,False,False,,,,,,,,,0.0,,False,False,False,False,
autoregressive_ppo_order_012,learning,medium,heterogeneity_pressure,1,1,206,1,207,2,0,missile,0-1-2,0,0,0,False,True,True,2,0,1.0,5,5,1,0,False,True,True,0.9055975691529208,1.0315643307330864,40.00847447224184,79.0605697631836,0.13220722198486326,0.9341821503367427,0.12350562692386664,0.31919204975321275,0.3869320273464096,False,True,False,False,alive
autoregressive_ppo_order_012,learning,medium,heterogeneity_pressure,1,1,206,1,207,2,1,missile,0-1-2,1,5,,True,True,True,2,1,1.0,0,0,0,0,False,False,,,,,,,,,0.0,,False,False,False,False,
autoregressive_ppo_order_012,learning,medium,heterogeneity_pressure,1,1,206,1,207,2,2,laser,0-1-2,2,5,,True,True,True,10,0,1.0,0,0,0,0,False,False,,,,,,,,,0.0,,False,False,False,False,
autoregressive_ppo_order_012,learning,medium,heterogeneity_pressure,1,1,206,1,207,3,0,missile,0-1-2,0,5,,True,True,True,1,1,1.0,0,0,0,0,False,False,,,,,,,,,0.0,,False,False,False,False,
autoregressive_ppo_order_012,learning,medium,heterogeneity_pressure,1,1,206,1,207,3,1,missile,0-1-2,1,1,1,False,True,True,2,0,1.0,3,3,0,0,False,False,True,0.745035291964848,1.1275632198649101,24.52414078370824,65.68402862548828,0.06842302322387696,0.672059514176702,0.045984343746339945,0.07665523804825085,0.5998852122459651,False,True,False,False,alive
autoregressive_ppo_order_012,learning,medium,heterogeneity_pressure,1,1,206,1,207,3,2,laser,0-1-2,2,5,,True,True,True,10,0,1.0,0,0,0,0,False,False,,,,,,,,,0.0,,False,False,False,False,
autoregressive_ppo_order_012,learning,medium,heterogeneity_pressure,1,1,206,1,207,4,0,missile,0-1-2,0,0,0,False,True,True,1,0,1.0,5,5,1,0,False,True,True,0.9055975691529208,1.0315643307330864,38.008478530209935,74.75888061523438,0.17615926327912704,0.9341821503367427,0.16456483937183128,0.3318432656337328,0.49591134253562746,False,True,False,False,alive
autoregressive_ppo_order_012,learning,medium,heterogeneity_pressure,1,1,206,1,207,4,1,missile,0-1-2,1,5,,True,True,True,1,1,1.0,0,0,0,0,False,False,,,,,,,,,0.0,,False,False,False,False,
autoregressive_ppo_order_012,learning,medium,heterogeneity_pressure,1,1,206,1,207,4,2,laser,0-1-2,2,5,,True,True,True,10,0,1.0,0,0,0,0,False,False,,,,,,,,,0.0,,False,False,False,False,
autoregressive_ppo_order_012,learning,medium,heterogeneity_pressure,1,1,206,1,207,5,0,missile,0-1-2,0,5,,True,True,True,0,1,1.0,0,0,0,0,False,False,,,,,,,,,0.0,,False,False,False,False,
autoregressive_ppo_order_012,learning,medium,heterogeneity_pressure,1,1,206,1,207,5,1,missile,0-1-2,1,1,1,False,True,True,1,0,1.0,3,3,0,0,False,False,True,0.745035291964848,1.1275632198649101,22.524138997895722,59.7724609375,0.1324650065104167,0.672059514176702,0.08902436792080431,0.09114801814114593,0.9767010817826772,False,True,False,False,alive
autoregressive_ppo_order_012,learning,medium,heterogeneity_pressure,1,1,206,1,207,5,2,laser,0-1-2,2,5,,True,True,True,10,0,1.0,0,0,0,0,False,False,,,,,,,,,0.0,,False,False,False,False,
autoregressive_ppo_order_012,learning,medium,heterogeneity_pressure,1,1,206,1,207,6,0,missile,0-1-2,0,5,,True,True,True,0,0,1.0,0,0,0,0,False,False,,,,,,,,,0.0,,False,False,False,False,
autoregressive_ppo_order_012,learning,medium,heterogeneity_pressure,1,1,206,1,207,6,1,missile,0-1-2,1,5,,True,True,True,0,1,1.0,0,0,0,0,False,False,,,,,,,,,0.0,,False,False,False,False,
autoregressive_ppo_order_012,learning,medium,heterogeneity_pressure,1,1,206,1,207,6,2,laser,0-1-2,2,5,,True,True,True,10,0,1.0,0,0,0,0,False,False,,,,,,,,,0.0,,False,False,False,False,
autoregressive_ppo_order_012,learning,medium,heterogeneity_pressure,1,1,206,1,207,7,0,missile,0-1-2,0,5,,True,True,True,0,0,1.0,0,0,0,0,False,False,,,,,,,,,0.0,,False,False,False,False,
autoregressive_ppo_order_012,learning,medium,heterogeneity_pressure,1,1,206,1,207,7,1,missile,0-1-2,1,5,,True,True,True,0,0,1.0,0,0,0,0,False,False,,,,,,,,,0.0,,False,False,False,False,
autoregressive_ppo_order_012,learning,medium,heterogeneity_pressure,1,1,206,1,207,7,2,laser,0-1-2,2,1,1,False,True,True,10,0,1.0,1,1,0,0,False,False,True,0.745035291964848,1.1275632198649101,20.52413975727856,42.48473358154297,0.027947404649522556,0.672059514176702,0.01878231919125783,0.01878231919125783,1.0,False,True,False,False,alive
autoregressive_ppo_order_012,learning,medium,heterogeneity_pressure,1,1,206,1,207,8,0,missile,0-1-2,0,5,,True,True,True,0,0,1.0,0,0,0,0,False,False,,,,,,,,,0.0,,False,False,False,False,
autoregressive_ppo_order_012,learning,medium,heterogeneity_pressure,1,1,206,1,207,8,1,missile,0-1-2,1,5,,True,True,True,0,0,1.0,0,0,0,0,False,False,,,,,,,,,0.0,,False,False,False,False,
autoregressive_ppo_order_012,learning,medium,heterogeneity_pressure,1,1,206,1,207,8,2,laser,0-1-2,2,1,1,False,True,True,9,0,1.0,1,1,0,0,False,False,True,0.745035291964848,1.1275632198649101,19.52414013696998,39.73965835571289,0.05844824049207897,0.672059514176702,0.03928069610958963,0.03928069610958963,1.0,False,True,False,False,alive
autoregressive_ppo_order_012,learning,medium,heterogeneity_pressure,1,1,206,1,207,9,0,missile,0-1-2,0,5,,True,True,True,0,0,1.0,0,0,0,0,False,False,,,,,,,,,0.0,,False,False,False,False,
autoregressive_ppo_order_012,learning,medium,heterogeneity_pressure,1,1,206,1,207,9,1,missile,0-1-2,1,5,,True,True,True,0,0,1.0,0,0,0,0,False,False,,,,,,,,,0.0,,False,False,False,False,
autoregressive_ppo_order_012,learning,medium,heterogeneity_pressure,1,1,206,1,207,9,2,laser,0-1-2,2,1,1,False,True,True,8,0,1.0,1,1,0,0,False,False,True,0.745035291964848,1.1275632198649101,18.524139244063722,37.03375244140625,0.08851386176215276,0.672059514176702,0.059486582933776136,0.059486582933776136,1.0,False,True,False,False,alive
autoregressive_ppo_order_012,learning,medium,heterogeneity_pressure,1,1,206,1,207,10,0,missile,0-1-2,0,5,,True,True,True,0,0,1.0,0,0,0,0,False,False,,,,,,,,,0.0,,False,False,False,False,
autoregressive_ppo_order_012,learning,medium,heterogeneity_pressure,1,1,206,1,207,10,1,missile,0-1-2,1,5,,True,True,True,0,0,1.0,0,0,0,0,False,False,,,,,,,,,0.0,,False,False,False,False,
autoregressive_ppo_order_012,learning,medium,heterogeneity_pressure,1,1,206,1,207,10,2,laser,0-1-2,2,1,1,False,True,True,7,0,1.0,1,1,0,0,False,False,True,0.745035291964848,1.1275632198649101,17.52413835115746,34.37627410888672,0.11804139879014758,0.672059514176702,0.07933084512364491,0.07933084512364491,1.0,False,True,False,False,alive
autoregressive_ppo_order_012,learning,medium,heterogeneity_pressure,1,1,206,1,207,11,0,missile,0-1-2,0,5,,True,True,True,0,0,1.0,0,0,0,0,False,False,,,,,,,,,0.0,,False,False,False,False,
autoregressive_ppo_order_012,learning,medium,heterogeneity_pressure,1,1,206,1,207,11,1,missile,0-1-2,1,5,,True,True,True,0,0,1.0,0,0,0,0,False,False,,,,,,,,,0.0,,False,False,False,False,
autoregressive_ppo_order_012,learning,medium,heterogeneity_pressure,1,1,206,1,207,11,2,laser,0-1-2,2,1,1,False,True,True,6,0,1.0,1,1,0,0,False,False,True,0.745035291964848,1.1275632198649101,16.524137458251204,31.779373168945312,0.14689585367838542,0.672059514176702,0.0987227560576676,0.0987227560576676,1.0,False,True,True,True,intercepted
autoregressive_ppo_order_012,learning,medium,heterogeneity_pressure,1,1,206,1,207,12,0,missile,0-1-2,0,5,,True,True,True,0,0,1.0,0,0,0,0,False,False,,,,,,,,,0.0,,False,False,False,False,
autoregressive_ppo_order_012,learning,medium,heterogeneity_pressure,1,1,206,1,207,12,1,missile,0-1-2,1,5,,True,True,True,0,0,1.0,0,0,0,0,False,False,,,,,,,,,0.0,,False,False,False,False,
autoregressive_ppo_order_012,learning,medium,heterogeneity_pressure,1,1,206,1,207,12,2,laser,0-1-2,2,5,,True,True,True,5,0,1.0,0,0,0,0,False,False,,,,,,,,,0.0,,False,False,False,False,
autoregressive_ppo_order_012,learning,medium,heterogeneity_pressure,1,1,206,1,207,13,0,missile,0-1-2,0,5,,True,True,True,0,0,1.0,0,0,0,0,False,False,,,,,,,,,0.0,,False,False,False,False,
autoregressive_ppo_order_012,learning,medium,heterogeneity_pressure,1,1,206,1,207,13,1,missile,0-1-2,1,5,,True,True,True,0,0,1.0,0,0,0,0,False,False,,,,,,,,,0.0,,False,False,False,False,
autoregressive_ppo_order_012,learning,medium,heterogeneity_pressure,1,1,206,1,207,13,2,laser,0-1-2,2,5,,True,True,True,5,0,1.0,0,0,0,0,False,False,,,,,,,,,0.0,,False,False,False,False,
autoregressive_ppo_order_012,learning,medium,heterogeneity_pressure,1,1,206,1,207,14,0,missile,0-1-2,0,5,,True,True,True,0,0,1.0,0,0,0,0,False,False,,,,,,,,,0.0,,False,False,False,False,
autoregressive_ppo_order_012,learning,medium,heterogeneity_pressure,1,1,206,1,207,14,1,missile,0-1-2,1,5,,True,True,True,0,0,1.0,0,0,0,0,False,False,,,,,,,,,0.0,,False,False,False,False,
autoregressive_ppo_order_012,learning,medium,heterogeneity_pressure,1,1,206,1,207,14,2,laser,0-1-2,2,5,,True,True,True,5,0,1.0,0,0,0,0,False,False,,,,,,,,,0.0,,False,False,False,False,
autoregressive_ppo_order_012,learning,medium,heterogeneity_pressure,1,1,206,1,207,15,0,missile,0-1-2,0,5,,True,True,True,0,0,1.0,0,0,0,0,False,False,,,,,,,,,0.0,,False,False,False,False,
autoregressive_ppo_order_012,learning,medium,heterogeneity_pressure,1,1,206,1,207,15,1,missile,0-1-2,1,5,,True,True,True,0,0,1.0,0,0,0,0,False,False,,,,,,,,,0.0,,False,False,False,False,
autoregressive_ppo_order_012,learning,medium,heterogeneity_pressure,1,1,206,1,207,15,2,laser,0-1-2,2,5,,True,True,True,5,0,1.0,1,1,0,0,True,False,,,,,,,,,0.003892420098709985,,False,False,False,False,
autoregressive_ppo_order_012,learning,medium,heterogeneity_pressure,1,1,206,1,207,16,0,missile,0-1-2,0,5,,True,True,True,0,0,1.0,0,0,0,0,False,False,,,,,,,,,0.0,,False,False,False,False,
autoregressive_ppo_order_012,learning,medium,heterogeneity_pressure,1,1,206,1,207,16,1,missile,0-1-2,1,5,,True,True,True,0,0,1.0,0,0,0,0,False,False,,,,,,,,,0.0,,False,False,False,False,
autoregressive_ppo_order_012,learning,medium,heterogeneity_pressure,1,1,206,1,207,16,2,laser,0-1-2,2,5,,True,True,True,5,0,1.0,1,1,0,0,True,False,,,,,,,,,0.015203614415849607,,False,False,False,False,
autoregressive_ppo_order_012,learning,medium,heterogeneity_pressure,1,1,206,1,207,17,0,missile,0-1-2,0,5,,True,True,True,0,0,1.0,0,0,0,0,False,False,,,,,,,,,0.0,,False,False,False,False,
autoregressive_ppo_order_012,learning,medium,heterogeneity_pressure,1,1,206,1,207,17,1,missile,0-1-2,1,5,,True,True,True,0,0,1.0,0,0,0,0,False,False,,,,,,,,,0.0,,False,False,False,False,
autoregressive_ppo_order_012,learning,medium,heterogeneity_pressure,1,1,206,1,207,17,2,laser,0-1-2,2,3,3,False,True,True,5,0,1.0,2,2,0,0,False,False,True,0.7265501942909749,1.035965003924803,44.10232089718538,44.5567626953125,0.004924858940972221,0.602144459904173,0.0029654765271159554,0.026484679627155634,0.1119695072344901,False,True,False,False,alive
autoregressive_ppo_order_012,learning,medium,heterogeneity_pressure,1,1,206,1,207,18,0,missile,0-1-2,0,5,,True,True,True,0,0,1.0,0,0,0,0,False,False,,,,,,,,,0.0,,False,False,False,False,
autoregressive_ppo_order_012,learning,medium,heterogeneity_pressure,1,1,206,1,207,18,1,missile,0-1-2,1,5,,True,True,True,0,0,1.0,0,0,0,0,False,False,,,,,,,,,0.0,,False,False,False,False,
autoregressive_ppo_order_012,learning,medium,heterogeneity_pressure,1,1,206,1,207,18,2,laser,0-1-2,2,3,3,False,True,True,4,0,1.0,2,2,0,0,False,False,True,0.7265501942909749,1.035965003924803,43.10232497195744,43.63312530517578,0.015187496609157969,0.602144459904173,0.009145066943017883,0.03773189608993258,0.24236966308878177,False,True,False,False,alive
autoregressive_ppo_order_012,learning,medium,heterogeneity_pressure,1,1,206,1,207,19,0,missile,0-1-2,0,5,,True,True,True,0,0,1.0,0,0,0,0,False,False,,,,,,,,,0.0,,False,False,False,False,
autoregressive_ppo_order_012,learning,medium,heterogeneity_pressure,1,1,206,1,207,19,1,missile,0-1-2,1,5,,True,True,True,0,0,1.0,0,0,0,0,False,False,,,,,,,,,0.0,,False,False,False,False,
autoregressive_ppo_order_012,learning,medium,heterogeneity_pressure,1,1,206,1,207,19,2,laser,0-1-2,2,3,3,False,True,True,3,0,1.0,2,2,0,0,False,False,True,0.7265501942909749,1.035965003924803,42.10231896639639,42.719688415527344,0.02533679538302952,0.602144459904173,0.015256410971616854,0.04894098621508063,0.3117307629349683,False,True,False,False,alive
autoregressive_ppo_order_012,learning,medium,heterogeneity_pressure,1,1,206,1,207,20,0,missile,0-1-2,0,5,,True,True,True,0,0,1.0,0,0,0,0,False,False,,,,,,,,,0.0,,False,False,False,False,
autoregressive_ppo_order_012,learning,medium,heterogeneity_pressure,1,1,206,1,207,20,1,missile,0-1-2,1,5,,True,True,True,0,0,1.0,0,0,0,0,False,False,,,,,,,,,0.0,,False,False,False,False,
autoregressive_ppo_order_012,learning,medium,heterogeneity_pressure,1,1,206,1,207,20,2,laser,0-1-2,2,3,3,False,True,True,2,0,1.0,2,2,0,0,False,False,True,0.7265501942909749,1.035965003924803,41.10231632094637,41.8171272277832,0.03536525302463106,0.602144459904173,0.02129499118189089,0.060106848778331626,0.35428560329996345,False,True,False,False,alive
autoregressive_ppo_order_012,learning,medium,heterogeneity_pressure,1,1,206,1,207,21,0,missile,0-1-2,0,5,,True,True,True,0,0,1.0,0,0,0,0,False,False,,,,,,,,,0.0,,False,False,False,False,
autoregressive_ppo_order_012,learning,medium,heterogeneity_pressure,1,1,206,1,207,21,1,missile,0-1-2,1,5,,True,True,True,0,0,1.0,0,0,0,0,False,False,,,,,,,,,0.0,,False,False,False,False,
autoregressive_ppo_order_012,learning,medium,heterogeneity_pressure,1,1,206,1,207,21,2,laser,0-1-2,2,3,3,False,True,True,1,0,1.0,2,2,0,0,False,False,True,0.7265501942909749,1.035965003924803,40.10231703560739,40.926151275634766,0.04526498582628036,0.602144459904173,0.02725606044293563,0.0712235323513728,0.3826833567938067,False,True,False,False,alive
autoregressive_ppo_order_012,learning,medium,heterogeneity_pressure,1,1,206,1,207,22,0,missile,0-1-2,0,5,,True,True,True,0,0,1.0,0,0,0,0,False,False,,,,,,,,,0.0,,False,False,False,False,
autoregressive_ppo_order_012,learning,medium,heterogeneity_pressure,1,1,206,1,207,22,1,missile,0-1-2,1,5,,True,True,True,0,0,1.0,0,0,0,0,False,False,,,,,,,,,0.0,,False,False,False,False,
autoregressive_ppo_order_012,learning,medium,heterogeneity_pressure,1,1,206,1,207,22,2,laser,0-1-2,2,5,,True,True,True,0,0,1.0,0,0,0,0,False,False,,,,,,,,,0.0,,False,False,False,False,
autoregressive_ppo_order_012,learning,medium,heterogeneity_pressure,1,1,206,1,207,23,0,missile,0-1-2,0,5,,True,True,True,0,0,1.0,0,0,0,0,False,False,,,,,,,,,0.0,,False,False,False,False,
autoregressive_ppo_order_012,learning,medium,heterogeneity_pressure,1,1,206,1,207,23,1,missile,0-1-2,1,5,,True,True,True,0,0,1.0,0,0,0,0,False,False,,,,,,,,,0.0,,False,False,False,False,
autoregressive_ppo_order_012,learning,medium,heterogeneity_pressure,1,1,206,1,207,23,2,laser,0-1-2,2,5,,True,True,True,0,0,1.0,0,0,0,0,False,False,,,,,,,,,0.0,,False,False,False,False,
autoregressive_ppo_order_012,learning,medium,heterogeneity_pressure,1,1,206,1,207,24,0,missile,0-1-2,0,5,,True,True,True,0,0,1.0,0,0,0,0,False,False,,,,,,,,,0.0,,False,False,False,False,
autoregressive_ppo_order_012,learning,medium,heterogeneity_pressure,1,1,206,1,207,24,1,missile,0-1-2,1,5,,True,True,True,0,0,1.0,0,0,0,0,False,False,,,,,,,,,0.0,,False,False,False,False,
autoregressive_ppo_order_012,learning,medium,heterogeneity_pressure,1,1,206,1,207,24,2,laser,0-1-2,2,5,,True,True,True,0,0,1.0,0,0,0,0,False,False,,,,,,,,,0.0,,False,False,False,False,
autoregressive_ppo_order_012,learning,medium,heterogeneity_pressure,1,1,206,1,207,25,0,missile,0-1-2,0,5,,True,True,True,0,0,1.0,0,0,0,0,False,False,,,,,,,,,0.0,,False,False,False,False,
autoregressive_ppo_order_012,learning,medium,heterogeneity_pressure,1,1,206,1,207,25,1,missile,0-1-2,1,5,,True,True,True,0,0,1.0,0,0,0,0,False,False,,,,,,,,,0.0,,False,False,False,False,
autoregressive_ppo_order_012,learning,medium,heterogeneity_pressure,1,1,206,1,207,25,2,laser,0-1-2,2,5,,True,True,True,0,0,1.0,0,0,0,0,False,False,,,,,,,,,0.0,,False,False,False,False,
autoregressive_ppo_order_012,learning,medium,heterogeneity_pressure,1,1,206,1,207,26,0,missile,0-1-2,0,5,,True,True,True,0,0,1.0,0,0,0,0,False,False,,,,,,,,,0.0,,False,False,False,False,
autoregressive_ppo_order_012,learning,medium,heterogeneity_pressure,1,1,206,1,207,26,1,missile,0-1-2,1,5,,True,True,True,0,0,1.0,0,0,0,0,False,False,,,,,,,,,0.0,,False,False,False,False,
autoregressive_ppo_order_012,learning,medium,heterogeneity_pressure,1,1,206,1,207,26,2,laser,0-1-2,2,5,,True,True,True,0,0,1.0,0,0,0,0,False,False,,,,,,,,,0.0,,False,False,False,False,
autoregressive_ppo_order_012,learning,medium,heterogeneity_pressure,1,1,206,1,207,27,0,missile,0-1-2,0,5,,True,True,True,0,0,1.0,0,0,0,0,False,False,,,,,,,,,0.0,,False,False,False,False,
autoregressive_ppo_order_012,learning,medium,heterogeneity_pressure,1,1,206,1,207,27,1,missile,0-1-2,1,5,,True,True,True,0,0,1.0,0,0,0,0,False,False,,,,,,,,,0.0,,False,False,False,False,
autoregressive_ppo_order_012,learning,medium,heterogeneity_pressure,1,1,206,1,207,27,2,laser,0-1-2,2,5,,True,True,True,0,0,1.0,0,0,0,0,False,False,,,,,,,,,0.0,,False,False,False,False,
autoregressive_ppo_order_012,learning,medium,heterogeneity_pressure,1,1,206,1,207,28,0,missile,0-1-2,0,5,,True,True,True,0,0,1.0,0,0,0,0,False,False,,,,,,,,,0.0,,False,False,False,False,
autoregressive_ppo_order_012,learning,medium,heterogeneity_pressure,1,1,206,1,207,28,1,missile,0-1-2,1,5,,True,True,True,0,0,1.0,0,0,0,0,False,False,,,,,,,,,0.0,,False,False,False,False,
autoregressive_ppo_order_012,learning,medium,heterogeneity_pressure,1,1,206,1,207,28,2,laser,0-1-2,2,5,,True,True,True,0,0,1.0,0,0,0,0,False,False,,,,,,,,,0.0,,False,False,False,False,
autoregressive_ppo_order_012,learning,medium,heterogeneity_pressure,1,1,206,1,207,29,0,missile,0-1-2,0,5,,True,True,True,0,0,1.0,0,0,0,0,False,False,,,,,,,,,0.0,,False,False,False,False,
autoregressive_ppo_order_012,learning,medium,heterogeneity_pressure,1,1,206,1,207,29,1,missile,0-1-2,1,5,,True,True,True,0,0,1.0,0,0,0,0,False,False,,,,,,,,,0.0,,False,False,False,False,
autoregressive_ppo_order_012,learning,medium,heterogeneity_pressure,1,1,206,1,207,29,2,laser,0-1-2,2,5,,True,True,True,0,0,1.0,0,0,0,0,False,False,,,,,,,,,0.0,,False,False,False,False,
autoregressive_ppo_order_012,learning,medium,heterogeneity_pressure,1,1,206,1,207,30,0,missile,0-1-2,0,5,,True,True,True,0,0,1.0,0,0,0,0,False,False,,,,,,,,,0.0,,False,False,False,False,
autoregressive_ppo_order_012,learning,medium,heterogeneity_pressure,1,1,206,1,207,30,1,missile,0-1-2,1,5,,True,True,True,0,0,1.0,0,0,0,0,False,False,,,,,,,,,0.0,,False,False,False,False,
autoregressive_ppo_order_012,learning,medium,heterogeneity_pressure,1,1,206,1,207,30,2,laser,0-1-2,2,5,,True,True,True,0,0,1.0,0,0,0,0,False,False,,,,,,,,,0.0,,False,False,False,False,
autoregressive_ppo_order_012,learning,medium,heterogeneity_pressure,1,1,206,1,207,31,0,missile,0-1-2,0,5,,True,True,True,0,0,1.0,0,0,0,0,False,False,,,,,,,,,0.0,,False,False,False,False,
autoregressive_ppo_order_012,learning,medium,heterogeneity_pressure,1,1,206,1,207,31,1,missile,0-1-2,1,5,,True,True,True,0,0,1.0,0,0,0,0,False,False,,,,,,,,,0.0,,False,False,False,False,
autoregressive_ppo_order_012,learning,medium,heterogeneity_pressure,1,1,206,1,207,31,2,laser,0-1-2,2,5,,True,True,True,0,0,1.0,0,0,0,0,False,False,,,,,,,,,0.0,,False,False,False,False,
autoregressive_ppo_order_012,learning,medium,heterogeneity_pressure,1,1,206,1,207,32,0,missile,0-1-2,0,5,,True,True,True,0,0,1.0,0,0,0,0,False,False,,,,,,,,,0.0,,False,False,False,False,
autoregressive_ppo_order_012,learning,medium,heterogeneity_pressure,1,1,206,1,207,32,1,missile,0-1-2,1,5,,True,True,True,0,0,1.0,0,0,0,0,False,False,,,,,,,,,0.0,,False,False,False,False,
autoregressive_ppo_order_012,learning,medium,heterogeneity_pressure,1,1,206,1,207,32,2,laser,0-1-2,2,5,,True,True,True,0,0,1.0,0,0,0,0,False,False,,,,,,,,,0.0,,False,False,False,False,
autoregressive_ppo_order_012,learning,medium,heterogeneity_pressure,1,1,206,1,207,33,0,missile,0-1-2,0,5,,True,True,True,0,0,1.0,0,0,0,0,False,False,,,,,,,,,0.0,,False,False,False,False,
autoregressive_ppo_order_012,learning,medium,heterogeneity_pressure,1,1,206,1,207,33,1,missile,0-1-2,1,5,,True,True,True,0,0,1.0,0,0,0,0,False,False,,,,,,,,,0.0,,False,False,False,False,
autoregressive_ppo_order_012,learning,medium,heterogeneity_pressure,1,1,206,1,207,33,2,laser,0-1-2,2,5,,True,True,True,0,0,1.0,0,0,0,0,False,False,,,,,,,,,0.0,,False,False,False,False,
autoregressive_ppo_order_012,learning,medium,heterogeneity_pressure,1,1,206,1,207,34,0,missile,0-1-2,0,5,,True,True,True,0,0,1.0,0,0,0,0,False,False,,,,,,,,,0.0,,False,False,False,False,
autoregressive_ppo_order_012,learning,medium,heterogeneity_pressure,1,1,206,1,207,34,1,missile,0-1-2,1,5,,True,True,True,0,0,1.0,0,0,0,0,False,False,,,,,,,,,0.0,,False,False,False,False,
autoregressive_ppo_order_012,learning,medium,heterogeneity_pressure,1,1,206,1,207,34,2,laser,0-1-2,2,5,,True,True,True,0,0,1.0,0,0,0,0,False,False,,,,,,,,,0.0,,False,False,False,False,
autoregressive_ppo_order_012,learning,medium,heterogeneity_pressure,1,1,206,1,207,35,0,missile,0-1-2,0,5,,True,True,True,0,0,1.0,0,0,0,0,False,False,,,,,,,,,0.0,,False,False,False,False,
autoregressive_ppo_order_012,learning,medium,heterogeneity_pressure,1,1,206,1,207,35,1,missile,0-1-2,1,5,,True,True,True,0,0,1.0,0,0,0,0,False,False,,,,,,,,,0.0,,False,False,False,False,
autoregressive_ppo_order_012,learning,medium,heterogeneity_pressure,1,1,206,1,207,35,2,laser,0-1-2,2,5,,True,True,True,0,0,1.0,0,0,0,0,False,False,,,,,,,,,0.0,,False,False,False,False,
autoregressive_ppo_order_012,learning,medium,heterogeneity_pressure,1,1,206,1,207,36,0,missile,0-1-2,0,5,,True,True,True,0,0,1.0,0,0,0,0,False,False,,,,,,,,,0.0,,False,False,False,False,
autoregressive_ppo_order_012,learning,medium,heterogeneity_pressure,1,1,206,1,207,36,1,missile,0-1-2,1,5,,True,True,True,0,0,1.0,0,0,0,0,False,False,,,,,,,,,0.0,,False,False,False,False,
autoregressive_ppo_order_012,learning,medium,heterogeneity_pressure,1,1,206,1,207,36,2,laser,0-1-2,2,5,,True,True,True,0,0,1.0,0,0,0,0,False,False,,,,,,,,,0.0,,False,False,False,False,
autoregressive_ppo_order_012,learning,medium,heterogeneity_pressure,1,1,206,1,207,37,0,missile,0-1-2,0,5,,True,True,True,0,0,1.0,0,0,0,0,False,False,,,,,,,,,0.0,,False,False,False,False,
autoregressive_ppo_order_012,learning,medium,heterogeneity_pressure,1,1,206,1,207,37,1,missile,0-1-2,1,5,,True,True,True,0,0,1.0,0,0,0,0,False,False,,,,,,,,,0.0,,False,False,False,False,
autoregressive_ppo_order_012,learning,medium,heterogeneity_pressure,1,1,206,1,207,37,2,laser,0-1-2,2,5,,True,True,True,0,0,1.0,0,0,0,0,False,False,,,,,,,,,0.0,,False,False,False,False,
autoregressive_ppo_order_012,learning,medium,heterogeneity_pressure,1,1,206,1,207,38,0,missile,0-1-2,0,5,,True,True,True,0,0,1.0,0,0,0,0,False,False,,,,,,,,,0.0,,False,False,False,False,
autoregressive_ppo_order_012,learning,medium,heterogeneity_pressure,1,1,206,1,207,38,1,missile,0-1-2,1,5,,True,True,True,0,0,1.0,0,0,0,0,False,False,,,,,,,,,0.0,,False,False,False,False,
autoregressive_ppo_order_012,learning,medium,heterogeneity_pressure,1,1,206,1,207,38,2,laser,0-1-2,2,5,,True,True,True,0,0,1.0,0,0,0,0,False,False,,,,,,,,,0.0,,False,False,False,False,
autoregressive_ppo_order_012,learning,medium,heterogeneity_pressure,1,1,206,1,207,39,0,missile,0-1-2,0,5,,True,True,True,0,0,1.0,0,0,0,0,False,False,,,,,,,,,0.0,,False,False,False,False,
autoregressive_ppo_order_012,learning,medium,heterogeneity_pressure,1,1,206,1,207,39,1,missile,0-1-2,1,5,,True,True,True,0,0,1.0,0,0,0,0,False,False,,,,,,,,,0.0,,False,False,False,False,
autoregressive_ppo_order_012,learning,medium,heterogeneity_pressure,1,1,206,1,207,39,2,laser,0-1-2,2,5,,True,True,True,0,0,1.0,0,0,0,0,False,False,,,,,,,,,0.0,,False,False,False,False,
autoregressive_ppo_order_012,learning,medium,heterogeneity_pressure,1,1,206,1,207,40,0,missile,0-1-2,0,5,,True,True,True,0,0,1.0,0,0,0,0,False,False,,,,,,,,,0.0,,False,False,False,False,
autoregressive_ppo_order_012,learning,medium,heterogeneity_pressure,1,1,206,1,207,40,1,missile,0-1-2,1,5,,True,True,True,0,0,1.0,0,0,0,0,False,False,,,,,,,,,0.0,,False,False,False,False,
autoregressive_ppo_order_012,learning,medium,heterogeneity_pressure,1,1,206,1,207,40,2,laser,0-1-2,2,5,,True,True,True,0,0,1.0,0,0,0,0,False,False,,,,,,,,,0.0,,False,False,False,False,
autoregressive_ppo_order_012,learning,medium,heterogeneity_pressure,1,1,206,1,207,41,0,missile,0-1-2,0,5,,True,True,True,0,0,1.0,0,0,0,0,False,False,,,,,,,,,0.0,,False,False,False,False,
autoregressive_ppo_order_012,learning,medium,heterogeneity_pressure,1,1,206,1,207,41,1,missile,0-1-2,1,5,,True,True,True,0,0,1.0,0,0,0,0,False,False,,,,,,,,,0.0,,False,False,False,False,
autoregressive_ppo_order_012,learning,medium,heterogeneity_pressure,1,1,206,1,207,41,2,laser,0-1-2,2,5,,True,True,True,0,0,1.0,0,0,0,0,False,False,,,,,,,,,0.0,,False,False,False,False,
autoregressive_ppo_order_012,learning,medium,heterogeneity_pressure,1,1,206,1,207,42,0,missile,0-1-2,0,5,,True,True,True,0,0,1.0,0,0,0,0,False,False,,,,,,,,,0.0,,False,False,False,False,
autoregressive_ppo_order_012,learning,medium,heterogeneity_pressure,1,1,206,1,207,42,1,missile,0-1-2,1,5,,True,True,True,0,0,1.0,0,0,0,0,False,False,,,,,,,,,0.0,,False,False,False,False,
autoregressive_ppo_order_012,learning,medium,heterogeneity_pressure,1,1,206,1,207,42,2,laser,0-1-2,2,5,,True,True,True,0,0,1.0,0,0,0,0,False,False,,,,,,,,,0.0,,False,False,False,False,
autoregressive_ppo_order_012,learning,medium,heterogeneity_pressure,1,1,206,1,207,43,0,missile,0-1-2,0,5,,True,True,True,0,0,1.0,0,0,0,0,False,False,,,,,,,,,0.0,,False,False,False,False,
autoregressive_ppo_order_012,learning,medium,heterogeneity_pressure,1,1,206,1,207,43,1,missile,0-1-2,1,5,,True,True,True,0,0,1.0,0,0,0,0,False,False,,,,,,,,,0.0,,False,False,False,False,
autoregressive_ppo_order_012,learning,medium,heterogeneity_pressure,1,1,206,1,207,43,2,laser,0-1-2,2,5,,True,True,True,0,0,1.0,0,0,0,0,False,False,,,,,,,,,0.0,,False,False,False,False,
autoregressive_ppo_order_012,learning,medium,heterogeneity_pressure,1,1,206,1,207,44,0,missile,0-1-2,0,5,,True,True,True,0,0,1.0,0,0,0,0,False,False,,,,,,,,,0.0,,False,False,False,False,
autoregressive_ppo_order_012,learning,medium,heterogeneity_pressure,1,1,206,1,207,44,1,missile,0-1-2,1,5,,True,True,True,0,0,1.0,0,0,0,0,False,False,,,,,,,,,0.0,,False,False,False,False,
autoregressive_ppo_order_012,learning,medium,heterogeneity_pressure,1,1,206,1,207,44,2,laser,0-1-2,2,5,,True,True,True,0,0,1.0,0,0,0,0,False,False,,,,,,,,,0.0,,False,False,False,False,
autoregressive_ppo_order_012,learning,medium,heterogeneity_pressure,1,1,206,1,207,45,0,missile,0-1-2,0,5,,True,True,True,0,0,1.0,0,0,0,0,False,False,,,,,,,,,0.0,,False,False,False,False,
autoregressive_ppo_order_012,learning,medium,heterogeneity_pressure,1,1,206,1,207,45,1,missile,0-1-2,1,5,,True,True,True,0,0,1.0,0,0,0,0,False,False,,,,,,,,,0.0,,False,False,False,False,
autoregressive_ppo_order_012,learning,medium,heterogeneity_pressure,1,1,206,1,207,45,2,laser,0-1-2,2,5,,True,True,True,0,0,1.0,0,0,0,0,False,False,,,,,,,,,0.0,,False,False,False,False,
autoregressive_ppo_order_012,learning,medium,heterogeneity_pressure,1,1,206,1,207,46,0,missile,0-1-2,0,5,,True,True,True,0,0,1.0,0,0,0,0,False,False,,,,,,,,,0.0,,False,False,False,False,
autoregressive_ppo_order_012,learning,medium,heterogeneity_pressure,1,1,206,1,207,46,1,missile,0-1-2,1,5,,True,True,True,0,0,1.0,0,0,0,0,False,False,,,,,,,,,0.0,,False,False,False,False,
autoregressive_ppo_order_012,learning,medium,heterogeneity_pressure,1,1,206,1,207,46,2,laser,0-1-2,2,5,,True,True,True,0,0,1.0,0,0,0,0,False,False,,,,,,,,,0.0,,False,False,False,False,
autoregressive_ppo_order_012,learning,medium,heterogeneity_pressure,1,1,206,1,207,47,0,missile,0-1-2,0,5,,True,True,True,0,0,1.0,0,0,0,0,False,False,,,,,,,,,0.0,,False,False,False,False,
autoregressive_ppo_order_012,learning,medium,heterogeneity_pressure,1,1,206,1,207,47,1,missile,0-1-2,1,5,,True,True,True,0,0,1.0,0,0,0,0,False,False,,,,,,,,,0.0,,False,False,False,False,
autoregressive_ppo_order_012,learning,medium,heterogeneity_pressure,1,1,206,1,207,47,2,laser,0-1-2,2,5,,True,True,True,0,0,1.0,0,0,0,0,False,False,,,,,,,,,0.0,,False,False,False,False,
autoregressive_ppo_order_012,learning,medium,heterogeneity_pressure,1,1,206,1,207,48,0,missile,0-1-2,0,5,,True,True,True,0,0,1.0,0,0,0,0,False,False,,,,,,,,,0.0,,False,False,False,False,
autoregressive_ppo_order_012,learning,medium,heterogeneity_pressure,1,1,206,1,207,48,1,missile,0-1-2,1,5,,True,True,True,0,0,1.0,0,0,0,0,False,False,,,,,,,,,0.0,,False,False,False,False,
autoregressive_ppo_order_012,learning,medium,heterogeneity_pressure,1,1,206,1,207,48,2,laser,0-1-2,2,5,,True,True,True,0,0,1.0,0,0,0,0,False,False,,,,,,,,,0.0,,False,False,False,False,
autoregressive_ppo_order_012,learning,medium,heterogeneity_pressure,1,1,206,1,207,49,0,missile,0-1-2,0,5,,True,True,True,0,0,1.0,0,0,0,0,False,False,,,,,,,,,0.0,,False,False,False,False,
autoregressive_ppo_order_012,learning,medium,heterogeneity_pressure,1,1,206,1,207,49,1,missile,0-1-2,1,5,,True,True,True,0,0,1.0,0,0,0,0,False,False,,,,,,,,,0.0,,False,False,False,False,
autoregressive_ppo_order_012,learning,medium,heterogeneity_pressure,1,1,206,1,207,49,2,laser,0-1-2,2,5,,True,True,True,0,0,1.0,0,0,0,0,False,False,,,,,,,,,0.0,,False,False,False,False,
autoregressive_ppo_order_120,learning,medium,medium,1,1,204,0,204,0,1,missile,1-2-0,0,5,,True,True,True,3,0,1.0,2,2,1,0,True,False,,,,,,,,,0.11788814068766627,,False,False,False,False,
autoregressive_ppo_order_120,learning,medium,medium,1,1,204,0,204,0,2,laser,1-2-0,1,5,,True,True,True,10,0,1.0,0,0,0,0,False,False,,,,,,,,,0.0,,False,False,False,False,
autoregressive_ppo_order_120,learning,medium,medium,1,1,204,0,204,0,0,missile,1-2-0,2,5,,True,True,True,3,0,1.0,1,1,0,0,True,False,,,,,,,,,0.03054378167597373,,False,False,False,False,
autoregressive_ppo_order_120,learning,medium,medium,1,1,204,0,204,1,1,missile,1-2-0,0,5,,True,True,True,3,0,1.0,2,2,1,0,True,False,,,,,,,,,0.1412202118948976,,False,False,False,False,
autoregressive_ppo_order_120,learning,medium,medium,1,1,204,0,204,1,2,laser,1-2-0,1,5,,True,True,True,10,0,1.0,0,0,0,0,False,False,,,,,,,,,0.0,,False,False,False,False,
autoregressive_ppo_order_120,learning,medium,medium,1,1,204,0,204,1,0,missile,1-2-0,2,5,,True,True,True,3,0,1.0,2,2,1,0,True,False,,,,,,,,,0.03650402124162178,,False,False,False,False,
autoregressive_ppo_order_120,learning,medium,medium,1,1,204,0,204,2,1,missile,1-2-0,0,5,,True,True,True,3,0,1.0,2,2,1,0,True,False,,,,,,,,,0.16453779645878705,,False,False,False,False,
autoregressive_ppo_order_120,learning,medium,medium,1,1,204,0,204,2,2,laser,1-2-0,1,5,,True,True,True,10,0,1.0,0,0,0,0,False,False,,,,,,,,,0.0,,False,False,False,False,
autoregressive_ppo_order_120,learning,medium,medium,1,1,204,0,204,2,0,missile,1-2-0,2,5,,True,True,True,3,0,1.0,2,2,1,0,True,False,,,,,,,,,0.04243354664475467,,False,False,False,False,
autoregressive_ppo_order_120,learning,medium,medium,1,1,204,0,204,3,1,missile,1-2-0,0,5,,True,True,True,3,0,1.0,2,2,1,0,True,False,,,,,,,,,0.187839229247916,,False,False,False,False,
autoregressive_ppo_order_120,learning,medium,medium,1,1,204,0,204,3,2,laser,1-2-0,1,5,,True,True,True,10,0,1.0,0,0,0,0,False,False,,,,,,,,,0.0,,False,False,False,False,
autoregressive_ppo_order_120,learning,medium,medium,1,1,204,0,204,3,0,missile,1-2-0,2,5,,True,True,True,3,0,1.0,2,2,1,0,True,False,,,,,,,,,0.05745868986186497,,False,False,False,False,
autoregressive_ppo_order_120,learning,medium,medium,1,1,204,0,204,4,1,missile,1-2-0,0,5,,True,True,True,3,0,1.0,3,3,1,0,True,False,,,,,,,,,0.21112309490057865,,False,False,False,False,
autoregressive_ppo_order_120,learning,medium,medium,1,1,204,0,204,4,2,laser,1-2-0,1,2,2,False,True,True,10,0,1.0,1,1,0,0,False,False,True,0.7675004289164268,0.7584549121680804,41.166131080003524,54.613590240478516,0.0047774297540837864,0.465691576322218,0.0022248087929479447,0.0022248087929479447,1.0,False,True,False,False,alive
autoregressive_ppo_order_120,learning,medium,medium,1,1,204,0,204,4,0,missile,1-2-0,2,5,,True,True,True,3,0,1.0,2,1,1,1,True,False,,,,,,,,,0.08082339764490093,,False,False,False,False,
autoregressive_ppo_order_120,learning,medium,medium,1,1,204,0,204,5,1,missile,1-2-0,0,5,,True,True,True,3,0,1.0,3,3,1,0,True,False,,,,,,,,,0.23438756177221445,,False,False,False,False,
autoregressive_ppo_order_120,learning,medium,medium,1,1,204,0,204,5,2,laser,1-2-0,1,2,2,False,True,True,9,0,1.0,1,1,0,0,False,False,True,0.7675004289164268,0.7584549121680804,40.166130595285445,53.387969970703125,0.01993055308948865,0.465691576322218,0.009281490685217622,0.009281490685217622,1.0,False,True,False,False,alive
autoregressive_ppo_order_120,learning,medium,medium,1,1,204,0,204,5,0,missile,1-2-0,2,5,,True,True,True,3,0,1.0,2,1,1,1,True,False,,,,,,,,,0.10417628299486485,,False,False,False,False,
autoregressive_ppo_order_120,learning,medium,medium,1,1,204,0,204,6,1,missile,1-2-0,0,5,,True,True,True,3,0,1.0,3,3,1,0,True,False,,,,,,,,,0.2576306317051213,,False,False,False,False,
autoregressive_ppo_order_120,learning,medium,medium,1,1,204,0,204,6,2,laser,1-2-0,1,2,2,False,True,True,8,0,1.0,2,2,1,0,False,False,True,0.7675004289164268,0.7584549121680804,39.16613011056736,52.17216110229492,0.03496237182617191,0.465691576322218,0.0162816820476935,0.0162816820476935,1.0,False,True,False,False,alive
autoregressive_ppo_order_120,learning,medium,medium,1,1,204,0,204,6,0,missile,1-2-0,2,5,,True,True,True,3,0,1.0,3,2,1,1,True,False,,,,,,,,,0.12751651334604733,,False,False,False,False,
autoregressive_ppo_order_120,learning,medium,medium,1,1,204,0,204,7,1,missile,1-2-0,0,1,1,False,True,True,3,0,1.0,4,4,1,0,False,False,True,0.7140606167812709,0.6470823431614992,30.13321398829747,83.66089630126953,0.013863661822150748,0.46205601706617005,0.006405788363495296,0.28085005677188385,0.022808570655544855,False,True,False,False,alive
autoregressive_ppo_order_120,learning,medium,medium,1,1,204,0,204,7,2,laser,1-2-0,1,2,2,False,True,True,7,0,1.0,2,2,1,0,False,False,True,0.7675004289164268,0.7584549121680804,38.16612962584927,50.966861724853516,0.04986425503817469,0.465691576322218,0.023221363530860673,0.031084270285060715,0.7470454772753986,False,True,False,False,alive
autoregressive_ppo_order_120,learning,medium,medium,1,1,204,0,204,7,0,missile,1-2-0,2,5,,True,True,True,3,0,1.0,3,1,1,2,True,False,,,,,,,,,0.15084275659331348,,False,False,False,False,
autoregressive_ppo_order_120,learning,medium,medium,1,1,204,0,204,8,1,missile,1-2-0,0,5,,True,True,True,2,1,1.0,0,0,0,0,False,False,,,,,,,,,0.0,,False,False,False,False,
autoregressive_ppo_order_120,learning,medium,medium,1,1,204,0,204,8,2,laser,1-2-0,1,2,2,False,True,True,6,0,1.0,2,2,1,0,False,False,True,0.7675004289164268,0.7584549121680804,37.16612914113119,49.7728385925293,0.0646267228560014,0.465691576322218,0.03009612043935041,0.05916974588022528,0.5086403531337226,False,True,False,False,alive
autoregressive_ppo_order_120,learning,medium,medium,1,1,204,0,204,8,0,missile,1-2-0,2,5,,True,True,True,3,0,1.0,3,2,1,1,True,False,,,,,,,,,0.17415384714467042,,False,False,False,False,
autoregressive_ppo_order_120,learning,medium,medium,1,1,204,0,204,9,1,missile,1-2-0,0,1,1,False,True,True,2,0,1.0,4,4,1,0,False,False,True,0.7140606167812709,0.6470823431614992,28.13321593809968,78.6612777709961,0.06562441837086394,0.46205601706617005,0.030322157374725392,0.32720669104161526,0.09266973507845815,False,True,False,False,alive
autoregressive_ppo_order_120,learning,medium,medium,1,1,204,0,204,9,2,laser,1-2-0,1,2,2,False,True,True,5,0,1.0,2,2,1,0,False,False,True,0.7675004289164268,0.7584549121680804,36.166125968312016,48.59092330932617,0.07923949363014919,0.465691576322218,0.03690116469559853,0.08724955417996448,0.4229381461306345,False,True,False,False,alive
autoregressive_ppo_order_120,learning,medium,medium,1,1,204,0,204,9,0,missile,1-2-0,2,5,,True,True,True,3,0,1.0,3,1,1,2,True,False,,,,,,,,,0.19744820312527026,,False,False,False,False,
autoregressive_ppo_order_120,learning,medium,medium,1,1,204,0,204,10,1,missile,1-2-0,0,5,,True,True,True,1,1,1.0,0,0,0,0,False,False,,,,,,,,,0.0,,False,False,False,False,
autoregressive_ppo_order_120,learning,medium,medium,1,1,204,0,204,10,2,laser,1-2-0,1,2,2,False,True,True,4,0,1.0,2,2,1,0,False,False,True,0.7675004289164268,0.7584549121680804,35.16612548359394,47.422019958496094,0.0936913896040483,0.465691576322218,0.04363129091252832,0.11532289977439407,0.37834021688566727,False,True,False,False,alive
autoregressive_ppo_order_120,learning,medium,medium,1,1,204,0,204,10,0,missile,1-2-0,2,5,,True,True,True,3,0,1.0,4,3,1,1,True,False,,,,,,,,,0.22072432591683636,,False,False,False,False,
autoregressive_ppo_order_120,learning,medium,medium,1,1,204,0,204,11,1,missile,1-2-0,0,1,1,False,True,True,1,0,1.0,5,5,1,0,False,False,True,0.7140606167812709,0.6470823431614992,26.13322090696283,73.66911315917969,0.11730800494025737,0.46205601706617005,0.05420286953267392,0.3734310722484238,0.14514825776633722,False,True,False,False,alive
autoregressive_ppo_order_120,learning,medium,medium,1,1,204,0,204,11,2,laser,1-2-0,1,2,2,False,True,True,3,0,1.0,2,2,1,0,False,False,True,0.7675004289164268,0.7584549121680804,34.16612231077477,46.26710891723633,0.10797028975053269,0.465691576322218,0.05028085442989219,0.14338898725362978,0.350660503243211,False,True,False,False,alive
autoregressive_ppo_order_120,learning,medium,medium,1,1,204,0,204,11,0,missile,1-2-0,2,5,,True,True,True,3,0,1.0,4,2,1,2,True,False,,,,,,,,,0.24398025898995182,,False,False,False,False,
autoregressive_ppo_order_120,learning,medium,medium,1,1,204,0,204,12,1,missile,1-2-0,0,5,,True,True,True,0,1,1.0,0,0,0,0,False,False,,,,,,,,,0.0,,False,False,False,False,
autoregressive_ppo_order_120,learning,medium,medium,1,1,204,0,204,12,2,laser,1-2-0,1,2,2,False,True,True,2,0,1.0,2,2,1,0,False,False,True,0.7675004289164268,0.7584549121680804,33.16612182605668,45.12727355957031,0.1220627996271307,0.465691576322218,0.05684361756866154,0.17144657378972744,0.3315529515240009,False,True,False,False,alive
autoregressive_ppo_order_120,learning,medium,medium,1,1,204,0,204,12,0,missile,1-2-0,2,5,,True,True,True,3,0,1.0,4,3,1,1,True,False,,,,,,,,,0.2672138793020581,,False,False,False,False,
autoregressive_ppo_order_120,learning,medium,medium,1,1,204,0,204,13,1,missile,1-2-0,0,5,,True,True,True,0,0,1.0,0,0,0,0,False,False,,,,,,,,,0.0,,False,False,False,False,
autoregressive_ppo_order_120,learning,medium,medium,1,1,204,0,204,13,2,laser,1-2-0,1,2,2,False,True,True,1,0,1.0,3,3,1,0,False,False,True,0.7675004289164268,0.7584549121680804,32.166121341338595,44.003684997558594,0.13595444003018467,0.465691576322218,0.06331283748566116,0.19949431712850743,0.3173666217513213,False,True,False,False,alive
autoregressive_ppo_order_120,learning,medium,medium,1,1,204,0,204,13,0,missile,1-2-0,2,5,,True,True,True,3,0,1.0,4,3,1,1,True,False,,,,,,,,,0.2904226891560269,,False,False,False,False,
autoregressive_ppo_order_120,learning,medium,medium,1,1,204,0,204,14,1,missile,1-2-0,0,5,,True,True,True,0,0,1.0,0,0,0,0,False,False,,,,,,,,,0.0,,False,False,False,False,
autoregressive_ppo_order_120,learning,medium,medium,1,1,204,0,204,14,2,laser,1-2-0,1,5,,True,True,True,0,0,1.0,0,0,0,0,False,False,,,,,,,,,0.0,,False,False,False,False,
autoregressive_ppo_order_120,learning,medium,medium,1,1,204,0,204,14,0,missile,1-2-0,2,5,,True,True,True,3,0,1.0,4,4,1,0,True,False,,,,,,,,,0.3136040243415889,,False,False,False,False,
autoregressive_ppo_order_120,learning,medium,medium,1,1,204,0,204,15,1,missile,1-2-0,0,5,,True,True,True,0,0,1.0,0,0,0,0,False,False,,,,,,,,,0.0,,False,False,False,False,
autoregressive_ppo_order_120,learning,medium,medium,1,1,204,0,204,15,2,laser,1-2-0,1,5,,True,True,True,0,0,1.0,0,0,0,0,False,False,,,,,,,,,0.0,,False,False,False,False,
autoregressive_ppo_order_120,learning,medium,medium,1,1,204,0,204,15,0,missile,1-2-0,2,5,,True,True,True,3,0,1.0,4,4,1,0,True,False,,,,,,,,,0.33675451296762116,,False,False,False,False,
autoregressive_ppo_order_120,learning,medium,medium,1,1,204,0,204,16,1,missile,1-2-0,0,5,,True,True,True,0,0,1.0,0,0,0,0,False,False,,,,,,,,,0.0,,False,False,False,False,
autoregressive_ppo_order_120,learning,medium,medium,1,1,204,0,204,16,2,laser,1-2-0,1,5,,True,True,True,0,0,1.0,0,0,0,0,False,False,,,,,,,,,0.0,,False,False,False,False,
autoregressive_ppo_order_120,learning,medium,medium,1,1,204,0,204,16,0,missile,1-2-0,2,5,,True,True,True,3,0,1.0,4,4,1,0,True,False,,,,,,,,,0.35987049174500274,,False,False,False,False,
autoregressive_ppo_order_120,learning,medium,medium,1,1,204,0,204,17,1,missile,1-2-0,0,5,,True,True,True,0,0,1.0,0,0,0,0,False,False,,,,,,,,,0.0,,False,False,False,False,
autoregressive_ppo_order_120,learning,medium,medium,1,1,204,0,204,17,2,laser,1-2-0,1,5,,True,True,True,0,0,1.0,0,0,0,0,False,False,,,,,,,,,0.0,,False,False,False,False,
autoregressive_ppo_order_120,learning,medium,medium,1,1,204,0,204,17,0,missile,1-2-0,2,5,,True,True,True,3,0,1.0,4,4,1,0,True,False,,,,,,,,,0.38294746481890346,,False,False,False,False,
autoregressive_ppo_order_120,learning,medium,medium,1,1,204,0,204,18,1,missile,1-2-0,0,5,,True,True,True,0,0,1.0,0,0,0,0,False,False,,,,,,,,,0.0,,False,False,False,False,
autoregressive_ppo_order_120,learning,medium,medium,1,1,204,0,204,18,2,laser,1-2-0,1,5,,True,True,True,0,0,1.0,0,0,0,0,False,False,,,,,,,,,0.0,,False,False,False,False,
autoregressive_ppo_order_120,learning,medium,medium,1,1,204,0,204,18,0,missile,1-2-0,2,5,,True,True,True,3,0,1.0,4,4,1,0,True,False,,,,,,,,,0.4059802702819257,,False,False,False,False,
autoregressive_ppo_order_120,learning,medium,medium,1,1,204,0,204,19,1,missile,1-2-0,0,5,,True,True,True,0,0,1.0,0,0,0,0,False,False,,,,,,,,,0.0,,False,False,False,False,
autoregressive_ppo_order_120,learning,medium,medium,1,1,204,0,204,19,2,laser,1-2-0,1,5,,True,True,True,0,0,1.0,0,0,0,0,False,False,,,,,,,,,0.0,,False,False,False,False,
autoregressive_ppo_order_120,learning,medium,medium,1,1,204,0,204,19,0,missile,1-2-0,2,5,,True,True,True,3,0,1.0,4,4,1,0,True,False,,,,,,,,,0.4289629136609624,,False,False,False,False,
autoregressive_ppo_order_120,learning,medium,medium,1,1,204,0,204,20,1,missile,1-2-0,0,5,,True,True,True,0,0,1.0,0,0,0,0,False,False,,,,,,,,,0.0,,False,False,False,False,
autoregressive_ppo_order_120,learning,medium,medium,1,1,204,0,204,20,2,laser,1-2-0,1,5,,True,True,True,0,0,1.0,0,0,0,0,False,False,,,,,,,,,0.0,,False,False,False,False,
autoregressive_ppo_order_120,learning,medium,medium,1,1,204,0,204,20,0,missile,1-2-0,2,5,,True,True,True,3,0,1.0,5,5,1,0,True,False,,,,,,,,,0.4518879434929152,,False,False,False,False,
autoregressive_ppo_order_120,learning,medium,medium,1,1,204,0,204,21,1,missile,1-2-0,0,5,,True,True,True,0,0,1.0,0,0,0,0,False,False,,,,,,,,,0.0,,False,False,False,False,
autoregressive_ppo_order_120,learning,medium,medium,1,1,204,0,204,21,2,laser,1-2-0,1,5,,True,True,True,0,0,1.0,0,0,0,0,False,False,,,,,,,,,0.0,,False,False,False,False,
autoregressive_ppo_order_120,learning,medium,medium,1,1,204,0,204,21,0,missile,1-2-0,2,5,,True,True,True,3,0,1.0,5,5,1,0,True,False,,,,,,,,,0.47474665946612216,,False,False,False,False,
autoregressive_ppo_order_120,learning,medium,medium,1,1,204,0,204,22,1,missile,1-2-0,0,5,,True,True,True,0,0,1.0,0,0,0,0,False,False,,,,,,,,,0.0,,False,False,False,False,
autoregressive_ppo_order_120,learning,medium,medium,1,1,204,0,204,22,2,laser,1-2-0,1,5,,True,True,True,0,0,1.0,0,0,0,0,False,False,,,,,,,,,0.0,,False,False,False,False,
autoregressive_ppo_order_120,learning,medium,medium,1,1,204,0,204,22,0,missile,1-2-0,2,5,,True,True,True,3,0,1.0,5,5,1,0,True,False,,,,,,,,,0.49752857125264577,,False,False,False,False,
autoregressive_ppo_order_120,learning,medium,medium,1,1,204,0,204,23,1,missile,1-2-0,0,5,,True,True,True,0,0,1.0,0,0,0,0,False,False,,,,,,,,,0.0,,False,False,False,False,
autoregressive_ppo_order_120,learning,medium,medium,1,1,204,0,204,23,2,laser,1-2-0,1,5,,True,True,True,0,0,1.0,0,0,0,0,False,False,,,,,,,,,0.0,,False,False,False,False,
autoregressive_ppo_order_120,learning,medium,medium,1,1,204,0,204,23,0,missile,1-2-0,2,5,,True,True,True,3,0,1.0,5,5,1,0,True,False,,,,,,,,,0.5202207324557064,,False,False,False,False,
autoregressive_ppo_order_120,learning,medium,medium,1,1,204,0,204,24,1,missile,1-2-0,0,5,,True,True,True,0,0,1.0,0,0,0,0,False,False,,,,,,,,,0.0,,False,False,False,False,
autoregressive_ppo_order_120,learning,medium,medium,1,1,204,0,204,24,2,laser,1-2-0,1,5,,True,True,True,0,0,1.0,0,0,0,0,False,False,,,,,,,,,0.0,,False,False,False,False,
autoregressive_ppo_order_120,learning,medium,medium,1,1,204,0,204,24,0,missile,1-2-0,2,5,,True,True,True,3,0,1.0,5,5,1,0,True,False,,,,,,,,,0.5428072410702566,,False,False,False,False,
autoregressive_ppo_order_120,learning,medium,medium,1,1,204,0,204,25,1,missile,1-2-0,0,5,,True,True,True,0,0,1.0,0,0,0,0,False,False,,,,,,,,,0.0,,False,False,False,False,
autoregressive_ppo_order_120,learning,medium,medium,1,1,204,0,204,25,2,laser,1-2-0,1,5,,True,True,True,0,0,1.0,0,0,0,0,False,False,,,,,,,,,0.0,,False,False,False,False,
autoregressive_ppo_order_120,learning,medium,medium,1,1,204,0,204,25,0,missile,1-2-0,2,5,,True,True,True,3,0,1.0,5,5,1,0,True,False,,,,,,,,,0.5652683652889855,,False,False,False,False,
autoregressive_ppo_order_120,learning,medium,medium,1,1,204,0,204,26,1,missile,1-2-0,0,5,,True,True,True,0,0,1.0,0,0,0,0,False,False,,,,,,,,,0.0,,False,False,False,False,
autoregressive_ppo_order_120,learning,medium,medium,1,1,204,0,204,26,2,laser,1-2-0,1,5,,True,True,True,0,0,1.0,0,0,0,0,False,False,,,,,,,,,0.0,,False,False,False,False,
autoregressive_ppo_order_120,learning,medium,medium,1,1,204,0,204,26,0,missile,1-2-0,2,5,,True,True,True,3,0,1.0,5,5,1,0,True,False,,,,,,,,,0.5875792946537564,,False,False,False,False,
autoregressive_ppo_order_120,learning,medium,medium,1,1,204,0,204,27,1,missile,1-2-0,0,5,,True,True,True,0,0,1.0,0,0,0,0,False,False,,,,,,,,,0.0,,False,False,False,False,
autoregressive_ppo_order_120,learning,medium,medium,1,1,204,0,204,27,2,laser,1-2-0,1,5,,True,True,True,0,0,1.0,0,0,0,0,False,False,,,,,,,,,0.0,,False,False,False,False,
autoregressive_ppo_order_120,learning,medium,medium,1,1,204,0,204,27,0,missile,1-2-0,2,5,,True,True,True,3,0,1.0,5,5,1,0,True,False,,,,,,,,,0.6097083500393297,,False,False,False,False,
autoregressive_ppo_order_120,learning,medium,medium,1,1,204,0,204,28,1,missile,1-2-0,0,5,,True,True,True,0,0,1.0,0,0,0,0,False,False,,,,,,,,,0.0,,False,False,False,False,
autoregressive_ppo_order_120,learning,medium,medium,1,1,204,0,204,28,2,laser,1-2-0,1,5,,True,True,True,0,0,1.0,0,0,0,0,False,False,,,,,,,,,0.0,,False,False,False,False,
autoregressive_ppo_order_120,learning,medium,medium,1,1,204,0,204,28,0,missile,1-2-0,2,5,,True,True,True,3,0,1.0,5,5,1,0,True,False,,,,,,,,,0.6316147357259498,,False,False,False,False,
autoregressive_ppo_order_120,learning,medium,medium,1,1,204,0,204,29,1,missile,1-2-0,0,5,,True,True,True,0,0,1.0,0,0,0,0,False,False,,,,,,,,,0.0,,False,False,False,False,
autoregressive_ppo_order_120,learning,medium,medium,1,1,204,0,204,29,2,laser,1-2-0,1,5,,True,True,True,0,0,1.0,0,0,0,0,False,False,,,,,,,,,0.0,,False,False,False,False,
autoregressive_ppo_order_120,learning,medium,medium,1,1,204,0,204,29,0,missile,1-2-0,2,5,,True,True,True,3,0,1.0,5,5,1,0,True,False,,,,,,,,,0.6532451050657931,,False,False,False,False,
autoregressive_ppo_order_120,learning,medium,medium,1,1,204,0,204,30,1,missile,1-2-0,0,5,,True,True,True,0,0,1.0,0,0,0,0,False,False,,,,,,,,,0.0,,False,False,False,False,
autoregressive_ppo_order_120,learning,medium,medium,1,1,204,0,204,30,2,laser,1-2-0,1,5,,True,True,True,0,0,1.0,0,0,0,0,False,False,,,,,,,,,0.0,,False,False,False,False,
autoregressive_ppo_order_120,learning,medium,medium,1,1,204,0,204,30,0,missile,1-2-0,2,5,,True,True,True,3,0,1.0,5,5,1,0,True,False,,,,,,,,,0.6745286483452835,,False,False,False,False,
autoregressive_ppo_order_120,learning,medium,medium,1,1,204,0,204,31,1,missile,1-2-0,0,5,,True,True,True,0,0,1.0,0,0,0,0,False,False,,,,,,,,,0.0,,False,False,False,False,
autoregressive_ppo_order_120,learning,medium,medium,1,1,204,0,204,31,2,laser,1-2-0,1,5,,True,True,True,0,0,1.0,0,0,0,0,False,False,,,,,,,,,0.0,,False,False,False,False,
autoregressive_ppo_order_120,learning,medium,medium,1,1,204,0,204,31,0,missile,1-2-0,2,5,,True,True,True,3,0,1.0,4,4,1,0,True,False,,,,,,,,,0.6953700367907054,,False,False,False,False,
autoregressive_ppo_order_120,learning,medium,medium,1,1,204,0,204,32,1,missile,1-2-0,0,5,,True,True,True,0,0,1.0,0,0,0,0,False,False,,,,,,,,,0.0,,False,False,False,False,
autoregressive_ppo_order_120,learning,medium,medium,1,1,204,0,204,32,2,laser,1-2-0,1,5,,True,True,True,0,0,1.0,0,0,0,0,False,False,,,,,,,,,0.0,,False,False,False,False,
autoregressive_ppo_order_120,learning,medium,medium,1,1,204,0,204,32,0,missile,1-2-0,2,5,,True,True,True,3,0,1.0,4,4,1,0,True,False,,,,,,,,,0.7156387240988403,,False,False,False,False,
autoregressive_ppo_order_120,learning,medium,medium,1,1,204,0,204,33,1,missile,1-2-0,0,5,,True,True,True,0,0,1.0,0,0,0,0,False,False,,,,,,,,,0.0,,False,False,False,False,
autoregressive_ppo_order_120,learning,medium,medium,1,1,204,0,204,33,2,laser,1-2-0,1,5,,True,True,True,0,0,1.0,0,0,0,0,False,False,,,,,,,,,0.0,,False,False,False,False,
autoregressive_ppo_order_120,learning,medium,medium,1,1,204,0,204,33,0,missile,1-2-0,2,5,,True,True,True,3,0,1.0,4,4,1,0,True,False,,,,,,,,,0.7351536688562003,,False,False,False,False,
autoregressive_ppo_order_120,learning,medium,medium,1,1,204,0,204,34,1,missile,1-2-0,0,5,,True,True,True,0,0,1.0,0,0,0,0,False,False,,,,,,,,,0.0,,False,False,False,False,
autoregressive_ppo_order_120,learning,medium,medium,1,1,204,0,204,34,2,laser,1-2-0,1,5,,True,True,True,0,0,1.0,0,0,0,0,False,False,,,,,,,,,0.0,,False,False,False,False,
autoregressive_ppo_order_120,learning,medium,medium,1,1,204,0,204,34,0,missile,1-2-0,2,5,,True,True,True,3,0,1.0,4,4,1,0,True,False,,,,,,,,,0.7536609593355901,,False,False,False,False,
autoregressive_ppo_order_120,learning,medium,medium,1,1,204,0,204,35,1,missile,1-2-0,0,5,,True,True,True,0,0,1.0,0,0,0,0,False,False,,,,,,,,,0.0,,False,False,False,False,
autoregressive_ppo_order_120,learning,medium,medium,1,1,204,0,204,35,2,laser,1-2-0,1,5,,True,True,True,0,0,1.0,0,0,0,0,False,False,,,,,,,,,0.0,,False,False,False,False,
autoregressive_ppo_order_120,learning,medium,medium,1,1,204,0,204,35,0,missile,1-2-0,2,5,,True,True,True,3,0,1.0,3,3,0,0,True,False,,,,,,,,,0.3360776167874543,,False,False,False,False,
autoregressive_ppo_order_120,learning,medium,medium,1,1,204,0,204,36,1,missile,1-2-0,0,5,,True,True,True,0,0,1.0,0,0,0,0,False,False,,,,,,,,,0.0,,False,False,False,False,
autoregressive_ppo_order_120,learning,medium,medium,1,1,204,0,204,36,2,laser,1-2-0,1,5,,True,True,True,0,0,1.0,0,0,0,0,False,False,,,,,,,,,0.0,,False,False,False,False,
autoregressive_ppo_order_120,learning,medium,medium,1,1,204,0,204,36,0,missile,1-2-0,2,5,,True,True,True,3,0,1.0,3,3,0,0,True,False,,,,,,,,,0.34248824090638447,,False,False,False,False,
autoregressive_ppo_order_120,learning,medium,medium,1,1,204,0,204,37,1,missile,1-2-0,0,5,,True,True,True,0,0,1.0,0,0,0,0,False,False,,,,,,,,,0.0,,False,False,False,False,
autoregressive_ppo_order_120,learning,medium,medium,1,1,204,0,204,37,2,laser,1-2-0,1,5,,True,True,True,0,0,1.0,0,0,0,0,False,False,,,,,,,,,0.0,,False,False,False,False,
autoregressive_ppo_order_120,learning,medium,medium,1,1,204,0,204,37,0,missile,1-2-0,2,5,,True,True,True,3,0,1.0,3,3,0,0,True,False,,,,,,,,,0.3471066108862699,,False,False,False,False,
autoregressive_ppo_order_120,learning,medium,medium,1,1,204,0,204,38,1,missile,1-2-0,0,5,,True,True,True,0,0,1.0,0,0,0,0,False,False,,,,,,,,,0.0,,False,False,False,False,
autoregressive_ppo_order_120,learning,medium,medium,1,1,204,0,204,38,2,laser,1-2-0,1,5,,True,True,True,0,0,1.0,0,0,0,0,False,False,,,,,,,,,0.0,,False,False,False,False,
autoregressive_ppo_order_120,learning,medium,medium,1,1,204,0,204,38,0,missile,1-2-0,2,5,,True,True,True,3,0,1.0,2,2,0,0,True,False,,,,,,,,,0.2117914755371049,,False,False,False,False,
autoregressive_ppo_order_120,learning,medium,medium,1,1,204,0,204,39,1,missile,1-2-0,0,5,,True,True,True,0,0,1.0,0,0,0,0,False,False,,,,,,,,,0.0,,False,False,False,False,
autoregressive_ppo_order_120,learning,medium,medium,1,1,204,0,204,39,2,laser,1-2-0,1,5,,True,True,True,0,0,1.0,0,0,0,0,False,False,,,,,,,,,0.0,,False,False,False,False,
autoregressive_ppo_order_120,learning,medium,medium,1,1,204,0,204,39,0,missile,1-2-0,2,5,,True,True,True,3,0,1.0,2,2,0,0,True,False,,,,,,,,,0.21414818977944036,,False,False,False,False,
autoregressive_ppo_order_120,learning,medium,medium,1,1,204,0,204,40,1,missile,1-2-0,0,5,,True,True,True,0,0,1.0,0,0,0,0,False,False,,,,,,,,,0.0,,False,False,False,False,
autoregressive_ppo_order_120,learning,medium,medium,1,1,204,0,204,40,2,laser,1-2-0,1,5,,True,True,True,0,0,1.0,0,0,0,0,False,False,,,,,,,,,0.0,,False,False,False,False,
autoregressive_ppo_order_120,learning,medium,medium,1,1,204,0,204,40,0,missile,1-2-0,2,5,,True,True,True,3,0,1.0,2,2,0,0,True,False,,,,,,,,,0.21629163370529297,,False,False,False,False,
autoregressive_ppo_order_120,learning,medium,medium,1,1,204,0,204,41,1,missile,1-2-0,0,5,,True,True,True,0,0,1.0,0,0,0,0,False,False,,,,,,,,,0.0,,False,False,False,False,
autoregressive_ppo_order_120,learning,medium,medium,1,1,204,0,204,41,2,laser,1-2-0,1,5,,True,True,True,0,0,1.0,0,0,0,0,False,False,,,,,,,,,0.0,,False,False,False,False,
autoregressive_ppo_order_120,learning,medium,medium,1,1,204,0,204,41,0,missile,1-2-0,2,5,,True,True,True,3,0,1.0,2,2,0,0,True,False,,,,,,,,,0.2182145609793147,,False,False,False,False,
autoregressive_ppo_order_120,learning,medium,medium,1,1,204,0,204,42,1,missile,1-2-0,0,5,,True,True,True,0,0,1.0,0,0,0,0,False,False,,,,,,,,,0.0,,False,False,False,False,
autoregressive_ppo_order_120,learning,medium,medium,1,1,204,0,204,42,2,laser,1-2-0,1,5,,True,True,True,0,0,1.0,0,0,0,0,False,False,,,,,,,,,0.0,,False,False,False,False,
autoregressive_ppo_order_120,learning,medium,medium,1,1,204,0,204,42,0,missile,1-2-0,2,5,,True,True,True,3,0,1.0,2,2,0,0,True,False,,,,,,,,,0.21991033219272238,,False,False,False,False,
autoregressive_ppo_order_120,learning,medium,medium,1,1,204,0,204,43,1,missile,1-2-0,0,5,,True,True,True,0,0,1.0,0,0,0,0,False,False,,,,,,,,,0.0,,False,False,False,False,
autoregressive_ppo_order_120,learning,medium,medium,1,1,204,0,204,43,2,laser,1-2-0,1,5,,True,True,True,0,0,1.0,0,0,0,0,False,False,,,,,,,,,0.0,,False,False,False,False,
autoregressive_ppo_order_120,learning,medium,medium,1,1,204,0,204,43,0,missile,1-2-0,2,5,,True,True,True,3,0,1.0,2,2,0,0,True,False,,,,,,,,,0.22137280451301294,,False,False,False,False,
autoregressive_ppo_order_120,learning,medium,medium,1,1,204,0,204,44,1,missile,1-2-0,0,5,,True,True,True,0,0,1.0,0,0,0,0,False,False,,,,,,,,,0.0,,False,False,False,False,
autoregressive_ppo_order_120,learning,medium,medium,1,1,204,0,204,44,2,laser,1-2-0,1,5,,True,True,True,0,0,1.0,0,0,0,0,False,False,,,,,,,,,0.0,,False,False,False,False,
autoregressive_ppo_order_120,learning,medium,medium,1,1,204,0,204,44,0,missile,1-2-0,2,5,,True,True,True,3,0,1.0,2,2,0,0,True,False,,,,,,,,,0.2225964788176762,,False,False,False,False,
autoregressive_ppo_order_120,learning,medium,medium,1,1,204,0,204,45,1,missile,1-2-0,0,5,,True,True,True,0,0,1.0,0,0,0,0,False,False,,,,,,,,,0.0,,False,False,False,False,
autoregressive_ppo_order_120,learning,medium,medium,1,1,204,0,204,45,2,laser,1-2-0,1,5,,True,True,True,0,0,1.0,0,0,0,0,False,False,,,,,,,,,0.0,,False,False,False,False,
autoregressive_ppo_order_120,learning,medium,medium,1,1,204,0,204,45,0,missile,1-2-0,2,5,,True,True,True,3,0,1.0,2,2,0,0,True,False,,,,,,,,,0.22357670200304963,,False,False,False,False,
autoregressive_ppo_order_120,learning,medium,medium,1,1,204,1,205,0,1,missile,1-2-0,0,1,1,False,True,True,3,0,1.0,2,2,1,0,False,True,True,0.9489907371034737,1.146926557288364,23.98616020275858,65.78102111816406,0.19897295783547794,1.088422679004634,0.216566679816767,0.216566679816767,1.0,False,True,False,False,alive
autoregressive_ppo_order_120,learning,medium,medium,1,1,204,1,205,0,2,laser,1-2-0,1,5,,True,True,True,10,0,1.0,0,0,0,0,False,False,,,,,,,,,0.0,,False,False,False,False,
autoregressive_ppo_order_120,learning,medium,medium,1,1,204,1,205,0,0,missile,1-2-0,2,5,,True,True,True,3,0,1.0,1,1,0,0,True,False,,,,,,,,,0.06508662017285347,,False,False,False,False,
autoregressive_ppo_order_120,learning,medium,medium,1,1,204,1,205,1,1,missile,1-2-0,0,5,,True,True,True,2,1,1.0,0,0,0,0,False,False,,,,,,,,,0.0,,False,False,False,False,
autoregressive_ppo_order_120,learning,medium,medium,1,1,204,1,205,1,2,laser,1-2-0,1,5,,True,True,True,10,0,1.0,0,0,0,0,False,False,,,,,,,,,0.0,,False,False,False,False,
autoregressive_ppo_order_120,learning,medium,medium,1,1,204,1,205,1,0,missile,1-2-0,2,5,,True,True,True,3,0,1.0,2,2,1,0,True,False,,,,,,,,,0.07673902882883926,,False,False,False,False,
autoregressive_ppo_order_120,learning,medium,medium,1,1,204,1,205,2,1,missile,1-2-0,0,1,1,False,True,True,2,0,1.0,5,5,1,0,False,True,True,0.9489907371034737,1.146926557288364,21.98615936812566,59.94443130493164,0.25939882884306065,1.088422679004634,0.2823355682200286,0.2823355682200286,1.0,False,True,True,True,intercepted
autoregressive_ppo_order_120,learning,medium,medium,1,1,204,1,205,2,2,laser,1-2-0,1,5,,True,True,True,10,0,1.0,0,0,0,0,False,False,,,,,,,,,0.0,,False,False,False,False,
autoregressive_ppo_order_120,learning,medium,medium,1,1,204,1,205,2,0,missile,1-2-0,2,5,,True,True,True,3,0,1.0,2,1,0,1,True,False,,,,,,,,,0.08838686129277794,,False,False,False,False,
autoregressive_ppo_order_120,learning,medium,medium,1,1,204,1,205,3,1,missile,1-2-0,0,5,,True,True,True,1,1,1.0,0,0,0,0,False,False,,,,,,,,,0.0,,False,False,False,False,
autoregressive_ppo_order_120,learning,medium,medium,1,1,204,1,205,3,2,laser,1-2-0,1,5,,True,True,True,10,0,1.0,0,0,0,0,False,False,,,,,,,,,0.0,,False,False,False,False,
autoregressive_ppo_order_120,learning,medium,medium,1,1,204,1,205,3,0,missile,1-2-0,2,5,,True,True,True,3,0,1.0,1,1,0,0,True,False,,,,,,,,,0.10002976163862155,,False,False,False,False,
autoregressive_ppo_order_120,learning,medium,medium,1,1,204,1,205,4,1,missile,1-2-0,0,5,,True,True,True,1,0,1.0,4,4,0,0,True,False,,,,,,,,,0.2100729941748664,,False,False,False,False,
autoregressive_ppo_order_120,learning,medium,medium,1,1,204,1,205,4,2,laser,1-2-0,1,5,,True,True,True,10,0,1.0,0,0,0,0,False,False,,,,,,,,,0.0,,False,False,False,False,
autoregressive_ppo_order_120,learning,medium,medium,1,1,204,1,205,4,0,missile,1-2-0,2,5,,True,True,True,3,0,1.0,1,1,0,0,True,False,,,,,,,,,0.11166732309374353,,False,False,False,False,
autoregressive_ppo_order_120,learning,medium,medium,1,1,204,1,205,5,1,missile,1-2-0,0,5,,True,True,True,1,0,1.0,4,4,0,0,True,False,,,,,,,,,0.22163085361850232,,False,False,False,False,
autoregressive_ppo_order_120,learning,medium,medium,1,1,204,1,205,5,2,laser,1-2-0,1,5,,True,True,True,10,0,1.0,0,0,0,0,False,False,,,,,,,,,0.0,,False,False,False,False,
autoregressive_ppo_order_120,learning,medium,medium,1,1,204,1,205,5,0,missile,1-2-0,2,5,,True,True,True,3,0,1.0,1,1,0,0,True,False,,,,,,,,,0.12329913888551754,,False,False,False,False,
autoregressive_ppo_order_120,learning,medium,medium,1,1,204,1,205,6,1,missile,1-2-0,0,5,,True,True,True,1,0,1.0,4,4,0,0,True,False,,,,,,,,,0.23317551837506917,,False,False,False,False,
autoregressive_ppo_order_120,learning,medium,medium,1,1,204,1,205,6,2,laser,1-2-0,1,5,,True,True,True,10,0,1.0,0,0,0,0,False,False,,,,,,,,,0.0,,False,False,False,False,
autoregressive_ppo_order_120,learning,medium,medium,1,1,204,1,205,6,0,missile,1-2-0,2,5,,True,True,True,3,0,1.0,1,1,0,0,True,False,,,,,,,,,0.13492475139473897,,False,False,False,False,
autoregressive_ppo_order_120,learning,medium,medium,1,1,204,1,205,7,1,missile,1-2-0,0,5,,True,True,True,1,0,1.0,4,4,0,0,True,False,,,,,,,,,0.24470559016366375,,False,False,False,False,
autoregressive_ppo_order_120,learning,medium,medium,1,1,204,1,205,7,2,laser,1-2-0,1,5,,True,True,True,10,0,1.0,0,0,0,0,False,False,,,,,,,,,0.0,,False,False,False,False,
autoregressive_ppo_order_120,learning,medium,medium,1,1,204,1,205,7,0,missile,1-2-0,2,5,,True,True,True,3,0,1.0,2,2,0,0,True,False,,,,,,,,,0.14654365215562462,,False,False,False,False,
autoregressive_ppo_order_120,learning,medium,medium,1,1,204,1,205,8,1,missile,1-2-0,0,5,,True,True,True,1,0,1.0,4,4,0,0,True,False,,,,,,,,,0.25621941647049135,,False,False,False,False,
autoregressive_ppo_order_120,learning,medium,medium,1,1,204,1,205,8,2,laser,1-2-0,1,5,,True,True,True,10,0,1.0,0,0,0,0,False,False,,,,,,,,,0.0,,False,False,False,False,
autoregressive_ppo_order_120,learning,medium,medium,1,1,204,1,205,8,0,missile,1-2-0,2,5,,True,True,True,3,0,1.0,2,2,0,0,True,False,,,,,,,,,0.15815523100923506,,False,False,False,False,
autoregressive_ppo_order_120,learning,medium,medium,1,1,204,1,205,9,1,missile,1-2-0,0,5,,True,True,True,1,0,1.0,4,4,0,0,True,False,,,,,,,,,0.26771516681873303,,False,False,False,False,
autoregressive_ppo_order_120,learning,medium,medium,1,1,204,1,205,9,2,laser,1-2-0,1,5,,True,True,True,10,0,1.0,0,0,0,0,False,False,,,,,,,,,0.0,,False,False,False,False,
autoregressive_ppo_order_120,learning,medium,medium,1,1,204,1,205,9,0,missile,1-2-0,2,5,,True,True,True,3,0,1.0,3,3,0,0,True,False,,,,,,,,,0.1697589032199197,,False,False,False,False,
autoregressive_ppo_order_120,learning,medium,medium,1,1,204,1,205,10,1,missile,1-2-0,0,5,,True,True,True,1,0,1.0,4,4,0,0,True,False,,,,,,,,,0.2791906039589437,,False,False,False,False,
autoregressive_ppo_order_120,learning,medium,medium,1,1,204,1,205,10,2,laser,1-2-0,1,5,,True,True,True,10,0,1.0,0,0,0,0,False,False,,,,,,,,,0.0,,False,False,False,False,
autoregressive_ppo_order_120,learning,medium,medium,1,1,204,1,205,10,0,missile,1-2-0,2,5,,True,True,True,3,0,1.0,4,4,0,0,True,False,,,,,,,,,0.181353880665715,,False,False,False,False,
autoregressive_ppo_order_120,learning,medium,medium,1,1,204,1,205,11,1,missile,1-2-0,0,5,,True,True,True,1,0,1.0,4,4,0,0,True,False,,,,,,,,,0.2906432109854973,,False,False,False,False,
autoregressive_ppo_order_120,learning,medium,medium,1,1,204,1,205,11,2,laser,1-2-0,1,5,,True,True,True,10,0,1.0,0,0,0,0,False,False,,,,,,,,,0.0,,False,False,False,False,
autoregressive_ppo_order_120,learning,medium,medium,1,1,204,1,205,11,0,missile,1-2-0,2,5,,True,True,True,3,0,1.0,4,4,0,0,True,False,,,,,,,,,0.19293940064794632,,False,False,False,False,
autoregressive_ppo_order_120,learning,medium,medium,1,1,204,1,205,12,1,missile,1-2-0,0,5,,True,True,True,1,0,1.0,4,4,0,0,True,False,,,,,,,,,0.3020700642201417,,False,False,False,False,
autoregressive_ppo_order_120,learning,medium,medium,1,1,204,1,205,12,2,laser,1-2-0,1,5,,True,True,True,10,0,1.0,1,1,0,0,True,False,,,,,,,,,0.004494137435824825,,False,False,False,False,
autoregressive_ppo_order_120,learning,medium,medium,1,1,204,1,205,12,0,missile,1-2-0,2,5,,True,True,True,3,0,1.0,4,4,0,0,True,False,,,,,,,,,0.2045145479282044,,False,False,False,False,
autoregressive_ppo_order_120,learning,medium,medium,1,1,204,1,205,13,1,missile,1-2-0,0,5,,True,True,True,1,0,1.0,4,4,0,0,True,False,,,,,,,,,0.31346762982568505,,False,False,False,False,
autoregressive_ppo_order_120,learning,medium,medium,1,1,204,1,205,13,2,laser,1-2-0,1,5,,True,True,True,10,0,1.0,1,1,0,0,True,False,,,,,,,,,0.01828416607916223,,False,False,False,False,
autoregressive_ppo_order_120,learning,medium,medium,1,1,204,1,205,13,0,missile,1-2-0,2,5,,True,True,True,3,0,1.0,4,4,0,0,True,False,,,,,,,,,0.2160783055749231,,False,False,False,False,
autoregressive_ppo_order_120,learning,medium,medium,1,1,204,1,205,14,1,missile,1-2-0,0,5,,True,True,True,1,0,1.0,4,4,0,0,True,False,,,,,,,,,0.3248317892292849,,False,False,False,False,
autoregressive_ppo_order_120,learning,medium,medium,1,1,204,1,205,14,2,laser,1-2-0,1,5,,True,True,True,10,0,1.0,1,1,0,0,True,False,,,,,,,,,0.03205783021351518,,False,False,False,False,
autoregressive_ppo_order_120,learning,medium,medium,1,1,204,1,205,14,0,missile,1-2-0,2,5,,True,True,True,3,0,1.0,4,4,0,0,True,False,,,,,,,,,0.2276295041168016,,False,False,False,False,
autoregressive_ppo_order_120,learning,medium,medium,1,1,204,1,205,15,1,missile,1-2-0,0,5,,True,True,True,1,0,1.0,4,4,0,0,True,False,,,,,,,,,0.3361576103128461,,False,False,False,False,
autoregressive_ppo_order_120,learning,medium,medium,1,1,204,1,205,15,2,laser,1-2-0,1,5,,True,True,True,10,0,1.0,1,1,0,0,True,False,,,,,,,,,0.0458134903518983,,False,False,False,False,
autoregressive_ppo_order_120,learning,medium,medium,1,1,204,1,205,15,0,missile,1-2-0,2,5,,True,True,True,3,0,1.0,4,4,0,0,True,False,,,,,,,,,0.2391667706962257,,False,False,False,False,
autoregressive_ppo_order_120,learning,medium,medium,1,1,204,1,205,16,1,missile,1-2-0,0,5,,True,True,True,1,0,1.0,4,4,0,0,True,False,,,,,,,,,0.34743909318012917,,False,False,False,False,
autoregressive_ppo_order_120,learning,medium,medium,1,1,204,1,205,16,2,laser,1-2-0,1,5,,True,True,True,10,0,1.0,1,1,0,0,True,False,,,,,,,,,0.059549173037755,,False,False,False,False,
autoregressive_ppo_order_120,learning,medium,medium,1,1,204,1,205,16,0,missile,1-2-0,2,5,,True,True,True,3,0,1.0,4,4,0,0,True,False,,,,,,,,,0.25068865618571395,,False,False,False,False,
autoregressive_ppo_order_120,learning,medium,medium,1,1,204,1,205,17,1,missile,1-2-0,0,5,,True,True,True,1,0,1.0,4,4,0,0,True,False,,,,,,,,,0.35866905575194913,,False,False,False,False,
autoregressive_ppo_order_120,learning,medium,medium,1,1,204,1,205,17,2,laser,1-2-0,1,5,,True,True,True,10,0,1.0,2,2,0,0,True,False,,,,,,,,,0.07326257084495755,,False,False,False,False,
autoregressive_ppo_order_120,learning,medium,medium,1,1,204,1,205,17,0,missile,1-2-0,2,5,,True,True,True,3,0,1.0,4,4,0,0,True,False,,,,,,,,,0.26219338095502565,,False,False,False,False,
autoregressive_ppo_order_120,learning,medium,medium,1,1,204,1,205,18,1,missile,1-2-0,0,5,,True,True,True,1,0,1.0,4,4,0,0,True,False,,,,,,,,,0.3698386634353264,,False,False,False,False,
autoregressive_ppo_order_120,learning,medium,medium,1,1,204,1,205,18,2,laser,1-2-0,1,2,2,False,True,True,10,0,1.0,3,3,0,0,False,False,True,0.7198606706060082,0.8236628477249822,13.588366090586653,52.61583709716797,0.02947692316228696,0.5929224899165602,0.017477530676462308,0.08695113346041758,0.2010040580370184,False,True,False,False,alive
autoregressive_ppo_order_120,learning,medium,medium,1,1,204,1,205,18,0,missile,1-2-0,2,5,,True,True,True,3,0,1.0,4,3,0,1,True,False,,,,,,,,,0.27367886029445065,,False,False,False,False,
autoregressive_ppo_order_120,learning,medium,medium,1,1,204,1,205,19,1,missile,1-2-0,0,5,,True,True,True,1,0,1.0,4,4,0,0,True,False,,,,,,,,,0.3809370096392154,,False,False,False,False,
autoregressive_ppo_order_120,learning,medium,medium,1,1,204,1,205,19,2,laser,1-2-0,1,2,2,False,True,True,9,0,1.0,4,4,0,0,False,False,True,0.7198606706060082,0.8236628477249822,12.588366480191395,49.78852081298828,0.06443283358487215,0.5929224899165602,0.03820367612152176,0.10061182479712485,0.37971357937852934,False,True,False,False,alive
autoregressive_ppo_order_120,learning,medium,medium,1,1,204,1,205,19,0,missile,1-2-0,2,5,,True,True,True,3,0,1.0,4,3,0,1,True,False,,,,,,,,,0.2851427806846762,,False,False,False,False,
autoregressive_ppo_order_120,learning,medium,medium,1,1,204,1,205,20,1,missile,1-2-0,0,5,,True,True,True,1,0,1.0,4,4,0,0,True,False,,,,,,,,,0.3919505056155653,,False,False,False,False,
autoregressive_ppo_order_120,learning,medium,medium,1,1,204,1,205,20,2,laser,1-2-0,1,2,2,False,True,True,8,0,1.0,4,4,0,0,False,False,True,0.7198606706060082,0.8236628477249822,11.588366869796138,46.96767807006836,0.09930870749733667,0.5929224899165602,0.05888236611971622,0.11424103191153748,0.5154222185712728,False,True,False,False,alive
autoregressive_ppo_order_120,learning,medium,medium,1,1,204,1,205,20,0,missile,1-2-0,2,5,,True,True,True,3,0,1.0,4,3,0,1,True,False,,,,,,,,,0.2965824472570524,,False,False,False,False,
autoregressive_ppo_order_120,learning,medium,medium,1,1,204,1,205,21,1,missile,1-2-0,0,5,,True,True,True,1,0,1.0,4,4,0,0,True,False,,,,,,,,,0.40286200335584427,,False,False,False,False,
autoregressive_ppo_order_120,learning,medium,medium,1,1,204,1,205,21,2,laser,1-2-0,1,2,2,False,True,True,7,0,1.0,4,4,0,0,False,False,True,0.7198606706060082,0.8236628477249822,10.58836725940088,44.154541015625,0.13408931107954544,0.5929224899165602,0.07950456819648027,0.12783468644706183,0.6219326726271922,False,True,False,False,alive
autoregressive_ppo_order_120,learning,medium,medium,1,1,204,1,205,21,0,missile,1-2-0,2,5,,True,True,True,3,0,1.0,4,3,0,1,True,False,,,,,,,,,0.3079945804072788,,False,False,False,False,
autoregressive_ppo_order_120,learning,medium,medium,1,1,204,1,205,22,1,missile,1-2-0,0,5,,True,True,True,1,0,1.0,4,4,0,0,True,False,,,,,,,,,0.4136496769663168,,False,False,False,False,
autoregressive_ppo_order_120,learning,medium,medium,1,1,204,1,205,22,2,laser,1-2-0,1,2,2,False,True,True,6,0,1.0,4,4,0,0,False,False,True,0.7198606706060082,0.8236628477249822,9.58836632471331,41.35068893432617,0.16875511863014916,0.5929224899165602,0.10005870512435253,0.14138786994274163,0.707689458543181,False,True,False,False,alive
autoregressive_ppo_order_120,learning,medium,medium,1,1,204,1,205,22,0,missile,1-2-0,2,5,,True,True,True,3,0,1.0,4,3,0,1,True,False,,,,,,,,,0.3193753666419829,,False,False,False,False,
autoregressive_ppo_order_120,learning,medium,medium,1,1,204,1,205,23,1,missile,1-2-0,0,5,,True,True,True,1,0,1.0,4,4,0,0,True,False,,,,,,,,,0.4242853320193152,,False,False,False,False,
autoregressive_ppo_order_120,learning,medium,medium,1,1,204,1,205,23,2,laser,1-2-0,1,2,2,False,True,True,5,0,1.0,4,4,0,0,False,False,True,0.7198606706060082,0.8236628477249822,8.588366714318052,38.55814743041992,0.20328108631480823,0.5929224899165602,0.12052992785071928,0.15489481383325765,0.7781404997876059,False,True,False,False,alive
autoregressive_ppo_order_120,learning,medium,medium,1,1,204,1,205,23,0,missile,1-2-0,2,5,,True,True,True,3,0,1.0,4,3,0,1,True,False,,,,,,,,,0.33072028061569586,,False,False,False,False,
autoregressive_ppo_order_120,learning,medium,medium,1,1,204,1,205,24,1,missile,1-2-0,0,5,,True,True,True,1,0,1.0,4,4,0,0,True,False,,,,,,,,,0.4347321555921497,,False,False,False,False,
autoregressive_ppo_order_120,learning,medium,medium,1,1,204,1,205,24,2,laser,1-2-0,1,2,2,False,True,True,4,0,1.0,4,4,0,0,False,False,True,0.7198606706060082,0.8236628477249822,7.588367103922794,35.77956008911133,0.23763452980735086,0.5929224899165602,0.1408988571035255,0.1683484440358764,0.836947783571429,False,True,True,True,intercepted
autoregressive_ppo_order_120,learning,medium,medium,1,1,204,1,205,24,0,missile,1-2-0,2,5,,True,True,True,3,0,1.0,4,3,0,1,True,False,,,,,,,,,0.3420238817445398,,False,False,False,False,
autoregressive_ppo_order_120,learning,medium,medium,1,1,204,1,205,25,1,missile,1-2-0,0,5,,True,True,True,1,0,1.0,2,2,0,0,True,False,,,,,,,,,0.44494143666280866,,False,False,False,False,
autoregressive_ppo_order_120,learning,medium,medium,1,1,204,1,205,25,2,laser,1-2-0,1,5,,True,True,True,3,0,1.0,2,2,0,0,True,False,,,,,,,,,0.18174047203306026,,False,False,False,False,
autoregressive_ppo_order_120,learning,medium,medium,1,1,204,1,205,25,0,missile,1-2-0,2,5,,True,True,True,3,0,1.0,2,2,0,0,True,False,,,,,,,,,0.35327959810826903,,False,False,False,False,
autoregressive_ppo_order_120,learning,medium,medium,1,1,204,1,205,26,1,missile,1-2-0,0,5,,True,True,True,1,0,1.0,2,2,0,0,True,False,,,,,,,,,0.4548479899179105,,False,False,False,False,
autoregressive_ppo_order_120,learning,medium,medium,1,1,204,1,205,26,2,laser,1-2-0,1,5,,True,True,True,3,0,1.0,2,2,0,0,True,False,,,,,,,,,0.19506065103115025,,False,False,False,False,
autoregressive_ppo_order_120,learning,medium,medium,1,1,204,1,205,26,0,missile,1-2-0,2,5,,True,True,True,3,0,1.0,2,2,0,0,True,False,,,,,,,,,0.3644794086591569,,False,False,False,False,
autoregressive_ppo_order_120,learning,medium,medium,1,1,204,1,205,27,1,missile,1-2-0,0,5,,True,True,True,1,0,1.0,2,2,0,0,True,False,,,,,,,,,0.4643636855256159,,False,False,False,False,
autoregressive_ppo_order_120,learning,medium,medium,1,1,204,1,205,27,2,laser,1-2-0,1,5,,True,True,True,3,0,1.0,2,2,0,0,True,False,,,,,,,,,0.2082964419907946,,False,False,False,False,
autoregressive_ppo_order_120,learning,medium,medium,1,1,204,1,205,27,0,missile,1-2-0,2,5,,True,True,True,3,0,1.0,2,2,0,0,True,False,,,,,,,,,0.3756135000075911,,False,False,False,False,
autoregressive_ppo_order_120,learning,medium,medium,1,1,204,1,205,28,1,missile,1-2-0,0,5,,True,True,True,1,0,1.0,2,2,0,0,True,False,,,,,,,,,0.47336862089846965,,False,False,False,False,
autoregressive_ppo_order_120,learning,medium,medium,1,1,204,1,205,28,2,laser,1-2-0,1,5,,True,True,True,3,0,1.0,2,2,0,0,True,False,,,,,,,,,0.22143240640954695,,False,False,False,False,
autoregressive_ppo_order_120,learning,medium,medium,1,1,204,1,205,28,0,missile,1-2-0,2,5,,True,True,True,3,0,1.0,2,2,0,0,True,False,,,,,,,,,0.3866696689747797,,False,False,False,False,
autoregressive_ppo_order_120,learning,medium,medium,1,1,204,1,205,29,1,missile,1-2-0,0,5,,True,True,True,1,0,1.0,2,2,0,0,True,False,,,,,,,,,0.48169990902288606,,False,False,False,False,
autoregressive_ppo_order_120,learning,medium,medium,1,1,204,1,205,29,2,laser,1-2-0,1,5,,True,True,True,3,0,1.0,2,2,0,0,True,False,,,,,,,,,0.23444917405228297,,False,False,False,False,
autoregressive_ppo_order_120,learning,medium,medium,1,1,204,1,205,29,0,missile,1-2-0,2,5,,True,True,True,3,0,1.0,2,2,0,0,True,False,,,,,,,,,0.39763257260572066,,False,False,False,False,
autoregressive_ppo_order_120,learning,medium,medium,1,1,204,1,205,30,1,missile,1-2-0,0,5,,True,True,True,1,0,1.0,2,2,0,0,True,False,,,,,,,,,0.48913955790604585,,False,False,False,False,
autoregressive_ppo_order_120,learning,medium,medium,1,1,204,1,205,30,2,laser,1-2-0,1,5,,True,True,True,3,0,1.0,2,2,0,0,True,False,,,,,,,,,0.2473222740577012,,False,False,False,False,
autoregressive_ppo_order_120,learning,medium,medium,1,1,204,1,205,30,0,missile,1-2-0,2,5,,True,True,True,3,0,1.0,2,2,0,0,True,False,,,,,,,,,0.4084828256424366,,False,False,False,False,
autoregressive_ppo_order_120,learning,medium,medium,1,1,204,1,205,31,1,missile,1-2-0,0,5,,True,True,True,1,0,1.0,2,2,0,0,True,False,,,,,,,,,0.4954070533312871,,False,False,False,False,
autoregressive_ppo_order_120,learning,medium,medium,1,1,204,1,205,31,2,laser,1-2-0,1,5,,True,True,True,3,0,1.0,2,2,0,0,True,False,,,,,,,,,0.2600204954513379,,False,False,False,False,
autoregressive_ppo_order_120,learning,medium,medium,1,1,204,1,205,31,0,missile,1-2-0,2,5,,True,True,True,3,0,1.0,2,2,0,0,True,False,,,,,,,,,0.41919552597320486,,False,False,False,False,
autoregressive_ppo_order_120,learning,medium,medium,1,1,204,1,205,32,1,missile,1-2-0,0,5,,True,True,True,1,0,1.0,2,2,0,0,True,False,,,,,,,,,0.500169216738473,,False,False,False,False,
autoregressive_ppo_order_120,learning,medium,medium,1,1,204,1,205,32,2,laser,1-2-0,1,5,,True,True,True,3,0,1.0,2,2,0,0,True,False,,,,,,,,,0.2725035493585691,,False,False,False,False,
autoregressive_ppo_order_120,learning,medium,medium,1,1,204,1,205,32,0,missile,1-2-0,2,5,,True,True,True,3,0,1.0,2,2,0,0,True,False,,,,,,,,,0.429738347885871,,False,False,False,False,
autoregressive_ppo_order_120,learning,medium,medium,1,1,204,1,205,33,1,missile,1-2-0,0,5,,True,True,True,1,0,1.0,2,2,0,0,True,False,,,,,,,,,0.5030859480769958,,False,False,False,False,
autoregressive_ppo_order_120,learning,medium,medium,1,1,204,1,205,33,2,laser,1-2-0,1,5,,True,True,True,3,0,1.0,2,2,0,0,True,False,,,,,,,,,0.28471875966976956,,False,False,False,False,
autoregressive_ppo_order_120,learning,medium,medium,1,1,204,1,205,33,0,missile,1-2-0,2,5,,True,True,True,3,0,1.0,2,2,0,0,True,False,,,,,,,,,0.44006875821768643,,False,False,False,False,
autoregressive_ppo_order_120,learning,medium,medium,1,1,204,1,205,34,1,missile,1-2-0,0,5,,True,True,True,1,0,1.0,2,2,0,0,True,False,,,,,,,,,0.5038987115636636,,False,False,False,False,
autoregressive_ppo_order_120,learning,medium,medium,1,1,204,1,205,34,2,laser,1-2-0,1,5,,True,True,True,3,0,1.0,2,2,0,0,True,False,,,,,,,,,0.29659650890979794,,False,False,False,False,
autoregressive_ppo_order_120,learning,medium,medium,1,1,204,1,205,34,0,missile,1-2-0,2,5,,True,True,True,3,0,1.0,2,2,0,0,True,False,,,,,,,,,0.4501301901502918,,False,False,False,False,
autoregressive_ppo_order_120,learning,medium,medium,1,1,204,1,205,35,1,missile,1-2-0,0,5,,True,True,True,1,0,1.0,2,2,0,0,True,False,,,,,,,,,0.5025272522304512,,False,False,False,False,
autoregressive_ppo_order_120,learning,medium,medium,1,1,204,1,205,35,2,laser,1-2-0,1,5,,True,True,True,3,0,1.0,2,2,0,0,True,False,,,,,,,,,0.30804410534223575,,False,False,False,False,
autoregressive_ppo_order_120,learning,medium,medium,1,1,204,1,205,35,0,missile,1-2-0,2,5,,True,True,True,3,0,1.0,2,2,0,0,True,False,,,,,,,,,0.4598464755093929,,False,False,False,False,
autoregressive_ppo_order_120,learning,medium,medium,1,1,204,1,205,36,1,missile,1-2-0,0,5,,True,True,True,1,0,1.0,1,1,0,0,True,False,,,,,,,,,0.1998074982343678,,False,False,False,False,
autoregressive_ppo_order_120,learning,medium,medium,1,1,204,1,205,36,2,laser,1-2-0,1,5,,True,True,True,3,0,1.0,1,1,0,0,True,False,,,,,,,,,0.10211761041258251,,False,False,False,False,
autoregressive_ppo_order_120,learning,medium,medium,1,1,204,1,205,36,0,missile,1-2-0,2,5,,True,True,True,3,0,1.0,1,1,0,0,True,False,,,,,,,,,0.13129776200334847,,False,False,False,False,
autoregressive_ppo_order_120,learning,medium,medium,1,1,204,1,205,37,1,missile,1-2-0,0,5,,True,True,True,1,0,1.0,1,1,0,0,True,False,,,,,,,,,0.20521671159263108,,False,False,False,False,
autoregressive_ppo_order_120,learning,medium,medium,1,1,204,1,205,37,2,laser,1-2-0,1,5,,True,True,True,3,0,1.0,1,1,0,0,True,False,,,,,,,,,0.1069524698697676,,False,False,False,False,
autoregressive_ppo_order_120,learning,medium,medium,1,1,204,1,205,37,0,missile,1-2-0,2,5,,True,True,True,3,0,1.0,1,1,0,0,True,False,,,,,,,,,0.13542020356498835,,False,False,False,False,
autoregressive_ppo_order_120,learning,medium,medium,1,1,204,1,205,38,1,missile,1-2-0,0,5,,True,True,True,1,0,1.0,1,1,0,0,True,False,,,,,,,,,0.21059239285869574,,False,False,False,False,
autoregressive_ppo_order_120,learning,medium,medium,1,1,204,1,205,38,2,laser,1-2-0,1,5,,True,True,True,3,0,1.0,1,1,0,0,True,False,,,,,,,,,0.1116343565434335,,False,False,False,False,
autoregressive_ppo_order_120,learning,medium,medium,1,1,204,1,205,38,0,missile,1-2-0,2,5,,True,True,True,3,0,1.0,1,1,0,0,True,False,,,,,,,,,0.13946441975380017,,False,False,False,False,
autoregressive_ppo_order_120,learning,medium,medium,1,1,204,1,205,39,1,missile,1-2-0,0,5,,True,True,True,1,0,1.0,1,1,0,0,True,False,,,,,,,,,0.21593083781205358,,False,False,False,False,
autoregressive_ppo_order_120,learning,medium,medium,1,1,204,1,205,39,2,laser,1-2-0,1,5,,True,True,True,3,0,1.0,1,1,0,0,True,False,,,,,,,,,0.11615005747942857,,False,False,False,False,
autoregressive_ppo_order_120,learning,medium,medium,1,1,204,1,205,39,0,missile,1-2-0,2,5,,True,True,True,3,0,1.0,1,1,0,0,True,False,,,,,,,,,0.1434260269725887,,False,False,False,False,
autoregressive_ppo_order_120,learning,medium,medium,1,1,204,1,205,40,1,missile,1-2-0,0,5,,True,True,True,1,0,1.0,1,1,0,0,True,False,,,,,,,,,0.22122772755805092,,False,False,False,False,
autoregressive_ppo_order_120,learning,medium,medium,1,1,204,1,205,40,2,laser,1-2-0,1,5,,True,True,True,3,0,1.0,1,1,0,0,True,False,,,,,,,,,0.12048531659564175,,False,False,False,False,
autoregressive_ppo_order_120,learning,medium,medium,1,1,204,1,205,40,0,missile,1-2-0,2,5,,True,True,True,3,0,1.0,1,1,0,0,True,False,,,,,,,,,0.1473003666383567,,False,False,False,False,
autoregressive_ppo_order_120,learning,medium,medium,1,1,204,1,205,41,1,missile,1-2-0,0,5,,True,True,True,1,0,1.0,1,1,0,0,True,False,,,,,,,,,0.22647815279134176,,False,False,False,False,
autoregressive_ppo_order_120,learning,medium,medium,1,1,204,1,205,41,2,laser,1-2-0,1,5,,True,True,True,3,0,1.0,1,1,0,0,True,False,,,,,,,,,0.12462489263355599,,False,False,False,False,
autoregressive_ppo_order_120,learning,medium,medium,1,1,204,1,205,41,0,missile,1-2-0,2,5,,True,True,True,3,0,1.0,1,1,0,0,True,False,,,,,,,,,0.15108265076302368,,False,False,False,False,
autoregressive_ppo_order_120,learning,medium,medium,1,1,204,1,205,42,1,missile,1-2-0,0,5,,True,True,True,1,0,1.0,1,1,0,0,True,False,,,,,,,,,0.23167641160044522,,False,False,False,False,
autoregressive_ppo_order_120,learning,medium,medium,1,1,204,1,205,42,2,laser,1-2-0,1,5,,True,True,True,3,0,1.0,1,1,0,0,True,False,,,,,,,,,0.1285525688168404,,False,False,False,False,
autoregressive_ppo_order_120,learning,medium,medium,1,1,204,1,205,42,0,missile,1-2-0,2,5,,True,True,True,3,0,1.0,1,1,0,0,True,False,,,,,,,,,0.15476781637270728,,False,False,False,False,
autoregressive_ppo_order_120,learning,medium,medium,1,1,204,1,205,43,1,missile,1-2-0,0,5,,True,True,True,1,0,1.0,1,1,0,0,True,False,,,,,,,,,0.236815936677386,,False,False,False,False,
autoregressive_ppo_order_120,learning,medium,medium,1,1,204,1,205,43,2,laser,1-2-0,1,5,,True,True,True,3,0,1.0,1,1,0,0,True,False,,,,,,,,,0.13225127841304904,,False,False,False,False,
autoregressive_ppo_order_120,learning,medium,medium,1,1,204,1,205,43,0,missile,1-2-0,2,5,,True,True,True,3,0,1.0,1,1,0,0,True,False,,,,,,,,,0.15835049315645244,,False,False,False,False,
autoregressive_ppo_order_120,learning,medium,medium,1,1,204,1,205,44,1,missile,1-2-0,0,5,,True,True,True,1,0,1.0,1,1,0,0,True,False,,,,,,,,,0.24188908503443435,,False,False,False,False,
autoregressive_ppo_order_120,learning,medium,medium,1,1,204,1,205,44,2,laser,1-2-0,1,5,,True,True,True,3,0,1.0,1,1,0,0,True,False,,,,,,,,,0.13570322063672766,,False,False,False,False,
autoregressive_ppo_order_120,learning,medium,medium,1,1,204,1,205,44,0,missile,1-2-0,2,5,,True,True,True,3,0,1.0,1,1,0,0,True,False,,,,,,,,,0.16182514904694992,,False,False,False,False,
autoregressive_ppo_order_120,learning,medium,medium,1,1,204,1,205,45,1,missile,1-2-0,0,5,,True,True,True,1,0,1.0,1,1,0,0,True,False,,,,,,,,,0.24688696007211638,,False,False,False,False,
autoregressive_ppo_order_120,learning,medium,medium,1,1,204,1,205,45,2,laser,1-2-0,1,5,,True,True,True,3,0,1.0,1,1,0,0,True,False,,,,,,,,,0.13889011177281096,,False,False,False,False,
autoregressive_ppo_order_120,learning,medium,medium,1,1,204,1,205,45,0,missile,1-2-0,2,5,,True,True,True,3,0,1.0,1,1,0,0,True,False,,,,,,,,,0.1651860416936303,,False,False,False,False,
autoregressive_ppo_order_120,learning,medium,medium,1,1,204,1,205,46,1,missile,1-2-0,0,5,,True,True,True,1,0,1.0,1,1,0,0,True,False,,,,,,,,,0.2517991689446832,,False,False,False,False,
autoregressive_ppo_order_120,learning,medium,medium,1,1,204,1,205,46,2,laser,1-2-0,1,5,,True,True,True,3,0,1.0,1,1,0,0,True,False,,,,,,,,,0.14179339766565185,,False,False,False,False,
autoregressive_ppo_order_120,learning,medium,medium,1,1,204,1,205,46,0,missile,1-2-0,2,5,,True,True,True,3,0,1.0,1,1,0,0,True,False,,,,,,,,,0.16842718611139298,,False,False,False,False,
autoregressive_ppo_order_120,learning,medium,medium,1,1,204,1,205,47,1,missile,1-2-0,0,5,,True,True,True,1,0,1.0,1,1,0,0,True,False,,,,,,,,,0.25661354757430876,,False,False,False,False,
autoregressive_ppo_order_120,learning,medium,medium,1,1,204,1,205,47,2,laser,1-2-0,1,5,,True,True,True,3,0,1.0,1,1,0,0,True,False,,,,,,,,,0.14439466903848638,,False,False,False,False,
autoregressive_ppo_order_120,learning,medium,medium,1,1,204,1,205,47,0,missile,1-2-0,2,5,,True,True,True,3,0,1.0,1,1,0,0,True,False,,,,,,,,,0.1715424193831479,,False,False,False,False,
autoregressive_ppo_order_120,learning,medium,medium,1,1,204,1,205,48,1,missile,1-2-0,0,5,,True,True,True,1,0,1.0,1,1,0,0,True,False,,,,,,,,,0.2613158452261995,,False,False,False,False,
autoregressive_ppo_order_120,learning,medium,medium,1,1,204,1,205,48,2,laser,1-2-0,1,5,,True,True,True,3,0,1.0,1,1,0,0,True,False,,,,,,,,,0.14667603817853017,,False,False,False,False,
autoregressive_ppo_order_120,learning,medium,medium,1,1,204,1,205,48,0,missile,1-2-0,2,5,,True,True,True,3,0,1.0,1,1,0,0,True,False,,,,,,,,,0.17452538448418012,,False,False,False,False,
autoregressive_ppo_order_120,learning,medium,medium,1,1,204,1,205,49,1,missile,1-2-0,0,5,,True,True,True,1,0,1.0,1,1,0,0,True,False,,,,,,,,,0.26588933629334466,,False,False,False,False,
autoregressive_ppo_order_120,learning,medium,medium,1,1,204,1,205,49,2,laser,1-2-0,1,5,,True,True,True,3,0,1.0,1,1,0,0,True,False,,,,,,,,,0.1486206605009584,,False,False,False,False,
autoregressive_ppo_order_120,learning,medium,medium,1,1,204,1,205,49,0,missile,1-2-0,2,5,,True,True,True,3,0,1.0,1,1,0,0,True,False,,,,,,,,,0.1773696435115977,,False,False,False,False,
autoregressive_ppo_order_120,learning,medium,heterogeneity_pressure,1,1,206,0,206,0,1,missile,1-2-0,0,5,,True,True,True,3,0,1.0,0,0,0,0,False,False,,,,,,,,,0.0,,False,False,False,False,
autoregressive_ppo_order_120,learning,medium,heterogeneity_pressure,1,1,206,0,206,0,2,laser,1-2-0,1,5,,True,True,True,10,0,1.0,0,0,0,0,False,False,,,,,,,,,0.0,,False,False,False,False,
autoregressive_ppo_order_120,learning,medium,heterogeneity_pressure,1,1,206,0,206,0,0,missile,1-2-0,2,5,,True,True,True,3,0,1.0,1,1,1,0,True,False,,,,,,,,,0.13376174430278856,,False,False,False,False,
autoregressive_ppo_order_120,learning,medium,heterogeneity_pressure,1,1,206,0,206,1,1,missile,1-2-0,0,5,,True,True,True,3,0,1.0,0,0,0,0,False,False,,,,,,,,,0.0,,False,False,False,False,
autoregressive_ppo_order_120,learning,medium,heterogeneity_pressure,1,1,206,0,206,1,2,laser,1-2-0,1,5,,True,True,True,10,0,1.0,0,0,0,0,False,False,,,,,,,,,0.0,,False,False,False,False,
autoregressive_ppo_order_120,learning,medium,heterogeneity_pressure,1,1,206,0,206,1,0,missile,1-2-0,2,5,,True,True,True,3,0,1.0,2,2,2,0,True,False,,,,,,,,,0.14233965792460765,,False,False,False,False,
autoregressive_ppo_order_120,learning,medium,heterogeneity_pressure,1,1,206,0,206,2,1,missile,1-2-0,0,5,,True,True,True,3,0,1.0,0,0,0,0,False,False,,,,,,,,,0.0,,False,False,False,False,
autoregressive_ppo_order_120,learning,medium,heterogeneity_pressure,1,1,206,0,206,2,2,laser,1-2-0,1,5,,True,True,True,10,0,1.0,0,0,0,0,False,False,,,,,,,,,0.0,,False,False,False,False,
autoregressive_ppo_order_120,learning,medium,heterogeneity_pressure,1,1,206,0,206,2,0,missile,1-2-0,2,5,,True,True,True,3,0,1.0,2,2,2,0,True,False,,,,,,,,,0.15090395972112033,,False,False,False,False,
autoregressive_ppo_order_120,learning,medium,heterogeneity_pressure,1,1,206,0,206,3,1,missile,1-2-0,0,1,1,False,True,True,3,0,1.0,1,1,1,0,False,True,True,0.8944048812044247,1.4572351588422823,26.244438887060877,69.81541442871094,0.023666343688964874,1.3033582391312426,0.030845724037124055,0.030845724037124055,1.0,False,True,False,False,alive
autoregressive_ppo_order_120,learning,medium,heterogeneity_pressure,1,1,206,0,206,3,2,laser,1-2-0,1,5,,True,True,True,10,0,1.0,0,0,0,0,False,False,,,,,,,,,0.0,,False,False,False,False,
autoregressive_ppo_order_120,learning,medium,heterogeneity_pressure,1,1,206,0,206,3,0,missile,1-2-0,2,5,,True,True,True,3,0,1.0,3,2,2,1,True,False,,,,,,,,,0.15945364369015466,,False,False,False,False,
autoregressive_ppo_order_120,learning,medium,heterogeneity_pressure,1,1,206,0,206,4,1,missile,1-2-0,0,5,,True,True,True,2,1,1.0,0,0,0,0,False,False,,,,,,,,,0.0,,False,False,False,False,
autoregressive_ppo_order_120,learning,medium,heterogeneity_pressure,1,1,206,0,206,4,2,laser,1-2-0,1,5,,True,True,True,10,0,1.0,0,0,0,0,False,False,,,,,,,,,0.0,,False,False,False,False,
autoregressive_ppo_order_120,learning,medium,heterogeneity_pressure,1,1,206,0,206,4,0,missile,1-2-0,2,5,,True,True,True,3,0,1.0,3,3,3,0,True,False,,,,,,,,,0.16798753958428606,,False,False,False,False,
autoregressive_ppo_order_120,learning,medium,heterogeneity_pressure,1,1,206,0,206,5,1,missile,1-2-0,0,1,1,False,True,True,2,0,1.0,2,2,2,0,False,True,True,0.8944048812044247,1.4572351588422823,24.244439261038153,64.38972473144531,0.08244464874267575,1.3033582391312426,0.10745491221104768,0.10745491221104768,1.0,False,True,False,False,alive
autoregressive_ppo_order_120,learning,medium,heterogeneity_pressure,1,1,206,0,206,5,2,laser,1-2-0,1,5,,True,True,True,10,0,1.0,0,0,0,0,False,False,,,,,,,,,0.0,,False,False,False,False,
autoregressive_ppo_order_120,learning,medium,heterogeneity_pressure,1,1,206,0,206,5,0,missile,1-2-0,2,5,,True,True,True,3,0,1.0,4,3,2,1,True,False,,,,,,,,,0.17650439503346382,,False,False,False,False,
autoregressive_ppo_order_120,learning,medium,heterogeneity_pressure,1,1,206,0,206,6,1,missile,1-2-0,0,5,,True,True,True,1,1,1.0,0,0,0,0,False,False,,,,,,,,,0.0,,False,False,False,False,
autoregressive_ppo_order_120,learning,medium,heterogeneity_pressure,1,1,206,0,206,6,2,laser,1-2-0,1,5,,True,True,True,10,0,1.0,0,0,0,0,False,False,,,,,,,,,0.0,,False,False,False,False,
autoregressive_ppo_order_120,learning,medium,heterogeneity_pressure,1,1,206,0,206,6,0,missile,1-2-0,2,5,,True,True,True,3,0,1.0,5,5,4,0,True,False,,,,,,,,,0.20114218170341402,,False,False,False,False,
autoregressive_ppo_order_120,learning,medium,heterogeneity_pressure,1,1,206,0,206,7,1,missile,1-2-0,0,1,1,False,True,True,1,0,1.0,4,4,3,0,False,True,True,0.8944048812044247,1.4572351588422823,22.244436849426915,58.973670959472656,0.14111856460571287,1.3033582391312426,0.18392804387323042,0.18392804387323042,1.0,False,True,False,False,alive
autoregressive_ppo_order_120,learning,medium,heterogeneity_pressure,1,1,206,0,206,7,2,laser,1-2-0,1,5,,True,True,True,10,0,1.0,0,0,0,0,False,False,,,,,,,,,0.0,,False,False,False,False,
autoregressive_ppo_order_120,learning,medium,heterogeneity_pressure,1,1,206,0,206,7,0,missile,1-2-0,2,5,,True,True,True,3,0,1.0,5,4,3,1,True,False,,,,,,,,,0.19348119495180513,,False,False,False,False,
autoregressive_ppo_order_120,learning,medium,heterogeneity_pressure,1,1,206,0,206,8,1,missile,1-2-0,0,5,,True,True,True,0,1,1.0,0,0,0,0,False,False,,,,,,,,,0.0,,False,False,False,False,
autoregressive_ppo_order_120,learning,medium,heterogeneity_pressure,1,1,206,0,206,8,2,laser,1-2-0,1,5,,True,True,True,10,0,1.0,0,0,0,0,False,False,,,,,,,,,0.0,,False,False,False,False,
autoregressive_ppo_order_120,learning,medium,heterogeneity_pressure,1,1,206,0,206,8,0,missile,1-2-0,2,5,,True,True,True,3,0,1.0,5,5,4,0,True,False,,,,,,,,,0.2735223587828143,,False,False,False,False,
autoregressive_ppo_order_120,learning,medium,heterogeneity_pressure,1,1,206,0,206,9,1,missile,1-2-0,0,5,,True,True,True,0,0,1.0,0,0,0,0,False,False,,,,,,,,,0.0,,False,False,False,False,
autoregressive_ppo_order_120,learning,medium,heterogeneity_pressure,1,1,206,0,206,9,2,laser,1-2-0,1,5,,True,True,True,10,0,1.0,0,0,0,0,False,False,,,,,,,,,0.0,,False,False,False,False,
autoregressive_ppo_order_120,learning,medium,heterogeneity_pressure,1,1,206,0,206,9,0,missile,1-2-0,2,5,,True,True,True,3,0,1.0,5,5,4,0,True,False,,,,,,,,,0.3096786653074486,,False,False,False,False,
autoregressive_ppo_order_120,learning,medium,heterogeneity_pressure,1,1,206,0,206,10,1,missile,1-2-0,0,5,,True,True,True,0,0,1.0,0,0,0,0,False,False,,,,,,,,,0.0,,False,False,False,False,
autoregressive_ppo_order_120,learning,medium,heterogeneity_pressure,1,1,206,0,206,10,2,laser,1-2-0,1,5,,True,True,True,10,0,1.0,0,0,0,0,False,False,,,,,,,,,0.0,,False,False,False,False,
autoregressive_ppo_order_120,learning,medium,heterogeneity_pressure,1,1,206,0,206,10,0,missile,1-2-0,2,5,,True,True,True,3,0,1.0,5,5,4,0,True,False,,,,,,,,,0.3458087590203928,,False,False,False,False,
autoregressive_ppo_order_120,learning,medium,heterogeneity_pressure,1,1,206,0,206,11,1,missile,1-2-0,0,5,,True,True,True,0,0,1.0,0,0,0,0,False,False,,,,,,,,,0.0,,False,False,False,False,
autoregressive_ppo_order_120,learning,medium,heterogeneity_pressure,1,1,206,0,206,11,2,laser,1-2-0,1,5,,True,True,True,10,0,1.0,0,0,0,0,False,False,,,,,,,,,0.0,,False,False,False,False,
autoregressive_ppo_order_120,learning,medium,heterogeneity_pressure,1,1,206,0,206,11,0,missile,1-2-0,2,5,,True,True,True,3,0,1.0,5,5,4,0,True,False,,,,,,,,,0.38190928712015165,,False,False,False,False,
autoregressive_ppo_order_120,learning,medium,heterogeneity_pressure,1,1,206,0,206,12,1,missile,1-2-0,0,5,,True,True,True,0,0,1.0,0,0,0,0,False,False,,,,,,,,,0.0,,False,False,False,False,
autoregressive_ppo_order_120,learning,medium,heterogeneity_pressure,1,1,206,0,206,12,2,laser,1-2-0,1,5,,True,True,True,10,0,1.0,0,0,0,0,False,False,,,,,,,,,0.0,,False,False,False,False,
autoregressive_ppo_order_120,learning,medium,heterogeneity_pressure,1,1,206,0,206,12,0,missile,1-2-0,2,5,,True,True,True,3,0,1.0,5,5,4,0,True,False,,,,,,,,,0.41797628720495805,,False,False,False,False,
autoregressive_ppo_order_120,learning,medium,heterogeneity_pressure,1,1,206,0,206,13,1,missile,1-2-0,0,5,,True,True,True,0,0,1.0,0,0,0,0,False,False,,,,,,,,,0.0,,False,False,False,False,
autoregressive_ppo_order_120,learning,medium,heterogeneity_pressure,1,1,206,0,206,13,2,laser,1-2-0,1,5,,True,True,True,10,0,1.0,0,0,0,0,False,False,,,,,,,,,0.0,,False,False,False,False,
autoregressive_ppo_order_120,learning,medium,heterogeneity_pressure,1,1,206,0,206,13,0,missile,1-2-0,2,5,,True,True,True,3,0,1.0,5,5,4,0,True,False,,,,,,,,,0.45400503487270494,,False,False,False,False,
autoregressive_ppo_order_120,learning,medium,heterogeneity_pressure,1,1,206,0,206,14,1,missile,1-2-0,0,5,,True,True,True,0,0,1.0,0,0,0,0,False,False,,,,,,,,,0.0,,False,False,False,False,
autoregressive_ppo_order_120,learning,medium,heterogeneity_pressure,1,1,206,0,206,14,2,laser,1-2-0,1,5,,True,True,True,10,0,1.0,0,0,0,0,False,False,,,,,,,,,0.0,,False,False,False,False,
autoregressive_ppo_order_120,learning,medium,heterogeneity_pressure,1,1,206,0,206,14,0,missile,1-2-0,2,5,,True,True,True,3,0,1.0,5,5,4,0,True,False,,,,,,,,,0.4899899421209003,,False,False,False,False,
autoregressive_ppo_order_120,learning,medium,heterogeneity_pressure,1,1,206,0,206,15,1,missile,1-2-0,0,5,,True,True,True,0,0,1.0,0,0,0,0,False,False,,,,,,,,,0.0,,False,False,False,False,
autoregressive_ppo_order_120,learning,medium,heterogeneity_pressure,1,1,206,0,206,15,2,laser,1-2-0,1,5,,True,True,True,10,0,1.0,1,1,1,0,True,False,,,,,,,,,0.004076436121941205,,False,False,False,False,
autoregressive_ppo_order_120,learning,medium,heterogeneity_pressure,1,1,206,0,206,15,0,missile,1-2-0,2,5,,True,True,True,3,0,1.0,5,5,4,0,True,False,,,,,,,,,0.525924252546531,,False,False,False,False,
autoregressive_ppo_order_120,learning,medium,heterogeneity_pressure,1,1,206,0,206,16,1,missile,1-2-0,0,5,,True,True,True,0,0,1.0,0,0,0,0,False,False,,,,,,,,,0.0,,False,False,False,False,
autoregressive_ppo_order_120,learning,medium,heterogeneity_pressure,1,1,206,0,206,16,2,laser,1-2-0,1,5,,True,True,True,10,0,1.0,1,1,1,0,True,False,,,,,,,,,0.013679123148418387,,False,False,False,False,
autoregressive_ppo_order_120,learning,medium,heterogeneity_pressure,1,1,206,0,206,16,0,missile,1-2-0,2,5,,True,True,True,3,0,1.0,5,5,4,0,True,False,,,,,,,,,0.5617996349458815,,False,False,False,False,
autoregressive_ppo_order_120,learning,medium,heterogeneity_pressure,1,1,206,0,206,17,1,missile,1-2-0,0,5,,True,True,True,0,0,1.0,0,0,0,0,False,False,,,,,,,,,0.0,,False,False,False,False,
autoregressive_ppo_order_120,learning,medium,heterogeneity_pressure,1,1,206,0,206,17,2,laser,1-2-0,1,5,,True,True,True,10,0,1.0,1,1,1,0,True,False,,,,,,,,,0.023280381280026873,,False,False,False,False,
autoregressive_ppo_order_120,learning,medium,heterogeneity_pressure,1,1,206,0,206,17,0,missile,1-2-0,2,5,,True,True,True,3,0,1.0,5,5,4,0,True,False,,,,,,,,,0.5976061833145343,,False,False,False,False,
autoregressive_ppo_order_120,learning,medium,heterogeneity_pressure,1,1,206,0,206,18,1,missile,1-2-0,0,5,,True,True,True,0,0,1.0,0,0,0,0,False,False,,,,,,,,,0.0,,False,False,False,False,
autoregressive_ppo_order_120,learning,medium,heterogeneity_pressure,1,1,206,0,206,18,2,laser,1-2-0,1,2,2,False,True,True,10,0,1.0,3,3,3,0,False,True,True,0.9081031613079442,1.1054872720324505,21.212543599886803,44.967384338378906,0.000362396240234375,1.0038964865183635,0.0003638083122987539,0.03288007655787279,0.011064703929700668,False,True,False,False,alive
autoregressive_ppo_order_120,learning,medium,heterogeneity_pressure,1,1,206,0,206,18,0,missile,1-2-0,2,5,,True,True,True,3,0,1.0,5,4,3,1,True,False,,,,,,,,,0.6333311976468251,,False,False,False,False,
autoregressive_ppo_order_120,learning,medium,heterogeneity_pressure,1,1,206,0,206,19,1,missile,1-2-0,0,5,,True,True,True,0,0,1.0,0,0,0,0,False,False,,,,,,,,,0.0,,False,False,False,False,
autoregressive_ppo_order_120,learning,medium,heterogeneity_pressure,1,1,206,0,206,19,2,laser,1-2-0,1,2,2,False,True,True,9,0,1.0,3,3,3,0,False,True,True,0.9081031613079442,1.1054872720324505,20.21254372591211,42.765419006347656,0.02482867770724828,1.0038964865183635,0.024925422315203366,0.04955167274632229,0.5030187869299191,False,True,False,False,alive
autoregressive_ppo_order_120,learning,medium,heterogeneity_pressure,1,1,206,0,206,19,0,missile,1-2-0,2,5,,True,True,True,3,0,1.0,5,4,3,1,True,False,,,,,,,,,0.668959082335799,,False,False,False,False,
autoregressive_ppo_order_120,learning,medium,heterogeneity_pressure,1,1,206,0,206,20,1,missile,1-2-0,0,5,,True,True,True,0,0,1.0,0,0,0,0,False,False,,,,,,,,,0.0,,False,False,False,False,
autoregressive_ppo_order_120,learning,medium,heterogeneity_pressure,1,1,206,0,206,20,2,laser,1-2-0,1,2,2,False,True,True,8,0,1.0,4,4,3,0,False,True,True,0.9081031613079442,1.1054872720324505,19.212543851937415,40.568565368652344,0.04923816257052949,1.0038964865183635,0.04943001840717454,0.08797486915378953,0.5618652108565863,False,True,False,False,alive
autoregressive_ppo_order_120,learning,medium,heterogeneity_pressure,1,1,206,0,206,20,0,missile,1-2-0,2,5,,True,True,True,3,0,1.0,5,4,3,1,True,False,,,,,,,,,0.7044697713725072,,False,False,False,False,
autoregressive_ppo_order_120,learning,medium,heterogeneity_pressure,1,1,206,0,206,21,1,missile,1-2-0,0,5,,True,True,True,0,0,1.0,0,0,0,0,False,False,,,,,,,,,0.0,,False,False,False,False,
autoregressive_ppo_order_120,learning,medium,heterogeneity_pressure,1,1,206,0,206,21,2,laser,1-2-0,1,2,2,False,True,True,7,0,1.0,4,4,3,0,False,True,True,0.9081031613079442,1.1054872720324505,18.212543977962724,38.37769317626953,0.07358118693033855,1.0038964865183635,0.07386789503321779,0.1262137179234877,0.5852604316592386,False,True,False,False,alive
autoregressive_ppo_order_120,learning,medium,heterogeneity_pressure,1,1,206,0,206,21,0,missile,1-2-0,2,5,,True,True,True,3,0,1.0,5,4,3,1,True,False,,,,,,,,,0.7398377123455542,,False,False,False,False,
autoregressive_ppo_order_120,learning,medium,heterogeneity_pressure,1,1,206,0,206,22,1,missile,1-2-0,0,5,,True,True,True,0,0,1.0,0,0,0,0,False,False,,,,,,,,,0.0,,False,False,False,False,
autoregressive_ppo_order_120,learning,medium,heterogeneity_pressure,1,1,206,0,206,22,2,laser,1-2-0,1,2,2,False,True,True,6,0,1.0,4,4,3,0,False,True,True,0.9081031613079442,1.1054872720324505,17.212542407445458,36.19388961791992,0.09784567091200086,1.0038964865183635,0.0982269252495897,0.16422468715893423,0.5981252085109904,False,True,False,False,alive
autoregressive_ppo_order_120,learning,medium,heterogeneity_pressure,1,1,206,0,206,22,0,missile,1-2-0,2,5,,True,True,True,3,0,1.0,5,4,3,1,True,False,,,,,,,,,0.7750291740398965,,False,False,False,False,
autoregressive_ppo_order_120,learning,medium,heterogeneity_pressure,1,1,206,0,206,23,1,missile,1-2-0,0,5,,True,True,True,0,0,1.0,0,0,0,0,False,False,,,,,,,,,0.0,,False,False,False,False,
autoregressive_ppo_order_120,learning,medium,heterogeneity_pressure,1,1,206,0,206,23,2,laser,1-2-0,1,2,2,False,True,True,5,0,1.0,4,4,3,0,False,True,True,0.9081031613079442,1.1054872720324505,16.21254423001334,34.01852035522461,0.12201644049750432,1.0038964865183635,0.12249187591292154,0.20195015786516574,0.6065450862123346,False,True,False,False,alive
autoregressive_ppo_order_120,learning,medium,heterogeneity_pressure,1,1,206,0,206,23,0,missile,1-2-0,2,5,,True,True,True,3,0,1.0,5,4,3,1,True,False,,,,,,,,,0.809999249235507,,False,False,False,False,
autoregressive_ppo_order_120,learning,medium,heterogeneity_pressure,1,1,206,0,206,24,1,missile,1-2-0,0,5,,True,True,True,0,0,1.0,0,0,0,0,False,False,,,,,,,,,0.0,,False,False,False,False,
autoregressive_ppo_order_120,learning,medium,heterogeneity_pressure,1,1,206,0,206,24,2,laser,1-2-0,1,2,2,False,True,True,4,0,1.0,4,4,3,0,False,True,True,0.9081031613079442,1.1054872720324505,15.212542659496075,31.85331153869629,0.1460743162367079,1.0038964865183635,0.1466434928406034,0.23931168423887608,0.6127719726974419,False,True,False,False,alive
autoregressive_ppo_order_120,learning,medium,heterogeneity_pressure,1,1,206,0,206,24,0,missile,1-2-0,2,5,,True,True,True,3,0,1.0,5,4,3,1,True,False,,,,,,,,,0.8446869271051767,,False,False,False,False,
autoregressive_ppo_order_120,learning,medium,heterogeneity_pressure,1,1,206,0,206,25,1,missile,1-2-0,0,5,,True,True,True,0,0,1.0,0,0,0,0,False,False,,,,,,,,,0.0,,False,False,False,False,
autoregressive_ppo_order_120,learning,medium,heterogeneity_pressure,1,1,206,0,206,25,2,laser,1-2-0,1,2,2,False,True,True,3,0,1.0,4,4,3,0,False,True,True,0.9081031613079442,1.1054872720324505,14.212544482063953,29.700483322143555,0.1699946297539605,1.0038964865183635,0.170657011536991,0.27620062989119126,0.617873361129629,False,True,False,False,alive
autoregressive_ppo_order_120,learning,medium,heterogeneity_pressure,1,1,206,0,206,25,0,missile,1-2-0,2,5,,True,True,True,3,0,1.0,5,4,3,1,True,False,,,,,,,,,0.8790073208110488,,False,False,False,False,
autoregressive_ppo_order_120,learning,medium,heterogeneity_pressure,1,1,206,0,206,26,1,missile,1-2-0,0,5,,True,True,True,0,0,1.0,0,0,0,0,False,False,,,,,,,,,0.0,,False,False,False,False,
autoregressive_ppo_order_120,learning,medium,heterogeneity_pressure,1,1,206,0,206,26,2,laser,1-2-0,1,2,2,False,True,True,2,0,1.0,4,4,3,0,False,True,True,0.9081031613079442,1.1054872720324505,13.21254460808926,27.562938690185547,0.19374512566460506,1.0038964865183635,0.19450005093475584,0.3124627825263869,0.6224742971375501,False,True,False,False,alive
autoregressive_ppo_order_120,learning,medium,heterogeneity_pressure,1,1,206,0,206,26,0,missile,1-2-0,2,5,,True,True,True,3,0,1.0,5,4,3,1,True,False,,,,,,,,,0.9128392468990787,,False,False,False,False,
autoregressive_ppo_order_120,learning,medium,heterogeneity_pressure,1,1,206,0,206,27,1,missile,1-2-0,0,5,,True,True,True,0,0,1.0,0,0,0,0,False,False,,,,,,,,,0.0,,False,False,False,False,
autoregressive_ppo_order_120,learning,medium,heterogeneity_pressure,1,1,206,0,206,27,2,laser,1-2-0,1,2,2,False,True,True,1,0,1.0,4,4,3,0,False,True,True,0.9081031613079442,1.1054872720324505,12.212544734114568,25.444530487060547,0.21728299458821615,1.0038964865183635,0.21812963484729878,0.34787360484338015,0.6270370381952526,False,True,False,False,alive
autoregressive_ppo_order_120,learning,medium,heterogeneity_pressure,1,1,206,0,206,27,0,missile,1-2-0,2,5,,True,True,True,3,0,1.0,5,4,3,1,True,False,,,,,,,,,0.9460051084900639,,False,False,False,False,
autoregressive_ppo_order_120,learning,medium,heterogeneity_pressure,1,1,206,0,206,28,1,missile,1-2-0,0,5,,True,True,True,0,0,1.0,0,0,0,0,False,False,,,,,,,,,0.0,,False,False,False,False,
autoregressive_ppo_order_120,learning,medium,heterogeneity_pressure,1,1,206,0,206,28,2,laser,1-2-0,1,5,,True,True,True,0,0,1.0,0,0,0,0,False,False,,,,,,,,,0.0,,False,False,False,False,
autoregressive_ppo_order_120,learning,medium,heterogeneity_pressure,1,1,206,0,206,28,0,missile,1-2-0,2,5,,True,True,True,3,0,1.0,5,5,4,0,True,False,,,,,,,,,0.9782363512642367,,False,False,False,False,
autoregressive_ppo_order_120,learning,medium,heterogeneity_pressure,1,1,206,0,206,29,1,missile,1-2-0,0,5,,True,True,True,0,0,1.0,0,0,0,0,False,False,,,,,,,,,0.0,,False,False,False,False,
autoregressive_ppo_order_120,learning,medium,heterogeneity_pressure,1,1,206,0,206,29,2,laser,1-2-0,1,5,,True,True,True,0,0,1.0,0,0,0,0,False,False,,,,,,,,,0.0,,False,False,False,False,
autoregressive_ppo_order_120,learning,medium,heterogeneity_pressure,1,1,206,0,206,29,0,missile,1-2-0,2,5,,True,True,True,3,0,1.0,5,5,4,0,True,False,,,,,,,,,1.0091142814348728,,False,False,False,False,
autoregressive_ppo_order_120,learning,medium,heterogeneity_pressure,1,1,206,0,206,30,1,missile,1-2-0,0,5,,True,True,True,0,0,1.0,0,0,0,0,False,False,,,,,,,,,0.0,,False,False,False,False,
autoregressive_ppo_order_120,learning,medium,heterogeneity_pressure,1,1,206,0,206,30,2,laser,1-2-0,1,5,,True,True,True,0,0,1.0,0,0,0,0,False,False,,,,,,,,,0.0,,False,False,False,False,
autoregressive_ppo_order_120,learning,medium,heterogeneity_pressure,1,1,206,0,206,30,0,missile,1-2-0,2,5,,True,True,True,3,0,1.0,4,4,3,0,True,False,,,,,,,,,0.5683073364722764,,False,False,False,False,
autoregressive_ppo_order_120,learning,medium,heterogeneity_pressure,1,1,206,0,206,31,1,missile,1-2-0,0,5,,True,True,True,0,0,1.0,0,0,0,0,False,False,,,,,,,,,0.0,,False,False,False,False,
autoregressive_ppo_order_120,learning,medium,heterogeneity_pressure,1,1,206,0,206,31,2,laser,1-2-0,1,5,,True,True,True,0,0,1.0,0,0,0,0,False,False,,,,,,,,,0.0,,False,False,False,False,
autoregressive_ppo_order_120,learning,medium,heterogeneity_pressure,1,1,206,0,206,31,0,missile,1-2-0,2,5,,True,True,True,3,0,1.0,4,4,3,0,True,False,,,,,,,,,0.5910363165615322,,False,False,False,False,
autoregressive_ppo_order_120,learning,medium,heterogeneity_pressure,1,1,206,0,206,32,1,missile,1-2-0,0,5,,True,True,True,0,0,1.0,0,0,0,0,False,False,,,,,,,,,0.0,,False,False,False,False,
autoregressive_ppo_order_120,learning,medium,heterogeneity_pressure,1,1,206,0,206,32,2,laser,1-2-0,1,5,,True,True,True,0,0,1.0,0,0,0,0,False,False,,,,,,,,,0.0,,False,False,False,False,
autoregressive_ppo_order_120,learning,medium,heterogeneity_pressure,1,1,206,0,206,32,0,missile,1-2-0,2,5,,True,True,True,3,0,1.0,4,4,3,0,True,False,,,,,,,,,0.6137188515662689,,False,False,False,False,
autoregressive_ppo_order_120,learning,medium,heterogeneity_pressure,1,1,206,0,206,33,1,missile,1-2-0,0,5,,True,True,True,0,0,1.0,0,0,0,0,False,False,,,,,,,,,0.0,,False,False,False,False,
autoregressive_ppo_order_120,learning,medium,heterogeneity_pressure,1,1,206,0,206,33,2,laser,1-2-0,1,5,,True,True,True,0,0,1.0,0,0,0,0,False,False,,,,,,,,,0.0,,False,False,False,False,
autoregressive_ppo_order_120,learning,medium,heterogeneity_pressure,1,1,206,0,206,33,0,missile,1-2-0,2,5,,True,True,True,3,0,1.0,4,4,3,0,True,False,,,,,,,,,0.6363446507895795,,False,False,False,False,
autoregressive_ppo_order_120,learning,medium,heterogeneity_pressure,1,1,206,0,206,34,1,missile,1-2-0,0,5,,True,True,True,0,0,1.0,0,0,0,0,False,False,,,,,,,,,0.0,,False,False,False,False,
autoregressive_ppo_order_120,learning,medium,heterogeneity_pressure,1,1,206,0,206,34,2,laser,1-2-0,1,5,,True,True,True,0,0,1.0,0,0,0,0,False,False,,,,,,,,,0.0,,False,False,False,False,
autoregressive_ppo_order_120,learning,medium,heterogeneity_pressure,1,1,206,0,206,34,0,missile,1-2-0,2,5,,True,True,True,3,0,1.0,4,4,3,0,True,False,,,,,,,,,0.6589002541564224,,False,False,False,False,
autoregressive_ppo_order_120,learning,medium,heterogeneity_pressure,1,1,206,0,206,35,1,missile,1-2-0,0,5,,True,True,True,0,0,1.0,0,0,0,0,False,False,,,,,,,,,0.0,,False,False,False,False,
autoregressive_ppo_order_120,learning,medium,heterogeneity_pressure,1,1,206,0,206,35,2,laser,1-2-0,1,5,,True,True,True,0,0,1.0,0,0,0,0,False,False,,,,,,,,,0.0,,False,False,False,False,
autoregressive_ppo_order_120,learning,medium,heterogeneity_pressure,1,1,206,0,206,35,0,missile,1-2-0,2,5,,True,True,True,3,0,1.0,4,4,3,0,True,False,,,,,,,,,0.6813675062167412,,False,False,False,False,
autoregressive_ppo_order_120,learning,medium,heterogeneity_pressure,1,1,206,0,206,36,1,missile,1-2-0,0,5,,True,True,True,0,0,1.0,0,0,0,0,False,False,,,,,,,,,0.0,,False,False,False,False,
autoregressive_ppo_order_120,learning,medium,heterogeneity_pressure,1,1,206,0,206,36,2,laser,1-2-0,1,5,,True,True,True,0,0,1.0,0,0,0,0,False,False,,,,,,,,,0.0,,False,False,False,False,
autoregressive_ppo_order_120,learning,medium,heterogeneity_pressure,1,1,206,0,206,36,0,missile,1-2-0,2,5,,True,True,True,3,0,1.0,3,3,3,0,True,False,,,,,,,,,0.7037216193032718,,False,False,False,False,
autoregressive_ppo_order_120,learning,medium,heterogeneity_pressure,1,1,206,0,206,37,1,missile,1-2-0,0,5,,True,True,True,0,0,1.0,0,0,0,0,False,False,,,,,,,,,0.0,,False,False,False,False,
autoregressive_ppo_order_120,learning,medium,heterogeneity_pressure,1,1,206,0,206,37,2,laser,1-2-0,1,5,,True,True,True,0,0,1.0,0,0,0,0,False,False,,,,,,,,,0.0,,False,False,False,False,
autoregressive_ppo_order_120,learning,medium,heterogeneity_pressure,1,1,206,0,206,37,0,missile,1-2-0,2,5,,True,True,True,3,0,1.0,3,3,3,0,True,False,,,,,,,,,0.7259277106924681,,False,False,False,False,
autoregressive_ppo_order_120,learning,medium,heterogeneity_pressure,1,1,206,0,206,38,1,missile,1-2-0,0,5,,True,True,True,0,0,1.0,0,0,0,0,False,False,,,,,,,,,0.0,,False,False,False,False,
autoregressive_ppo_order_120,learning,medium,heterogeneity_pressure,1,1,206,0,206,38,2,laser,1-2-0,1,5,,True,True,True,0,0,1.0,0,0,0,0,False,False,,,,,,,,,0.0,,False,False,False,False,
autoregressive_ppo_order_120,learning,medium,heterogeneity_pressure,1,1,206,0,206,38,0,missile,1-2-0,2,5,,True,True,True,3,0,1.0,3,3,3,0,True,False,,,,,,,,,0.7479353833591739,,False,False,False,False,
autoregressive_ppo_order_120,learning,medium,heterogeneity_pressure,1,1,206,0,206,39,1,missile,1-2-0,0,5,,True,True,True,0,0,1.0,0,0,0,0,False,False,,,,,,,,,0.0,,False,False,False,False,
autoregressive_ppo_order_120,learning,medium,heterogeneity_pressure,1,1,206,0,206,39,2,laser,1-2-0,1,5,,True,True,True,0,0,1.0,0,0,0,0,False,False,,,,,,,,,0.0,,False,False,False,False,
autoregressive_ppo_order_120,learning,medium,heterogeneity_pressure,1,1,206,0,206,39,0,missile,1-2-0,2,5,,True,True,True,3,0,1.0,3,3,3,0,True,False,,,,,,,,,0.7696693743547182,,False,False,False,False,
autoregressive_ppo_order_120,learning,medium,heterogeneity_pressure,1,1,206,1,207,0,1,missile,1-2-0,0,5,,True,True,True,3,0,1.0,1,1,0,0,True,False,,,,,,,,,0.05487383949968166,,False,False,False,False,
autoregressive_ppo_order_120,learning,medium,heterogeneity_pressure,1,1,206,1,207,0,2,laser,1-2-0,1,5,,True,True,True,10,0,1.0,0,0,0,0,False,False,,,,,,,,,0.0,,False,False,False,False,
autoregressive_ppo_order_120,learning,medium,heterogeneity_pressure,1,1,206,1,207,0,0,missile,1-2-0,2,5,,True,True,True,3,0,1.0,5,5,1,0,True,False,,,,,,,,,0.3064056035597113,,False,False,False,False,
autoregressive_ppo_order_120,learning,medium,heterogeneity_pressure,1,1,206,1,207,1,1,missile,1-2-0,0,1,1,False,True,True,3,0,1.0,2,2,0,0,False,False,True,0.745035291964848,1.1275632198649101,26.52414256952076,71.60948944091797,0.004230531056722025,0.672059514176702,0.0028431686466900536,0.062139514765428304,0.04575460007086936,False,True,False,False,alive
autoregressive_ppo_order_120,learning,medium,heterogeneity_pressure,1,1,206,1,207,1,2,laser,1-2-0,1,5,,True,True,True,10,0,1.0,0,0,0,0,False,False,,,,,,,,,0.0,,False,False,False,False,
autoregressive_ppo_order_120,learning,medium,heterogeneity_pressure,1,1,206,1,207,1,0,missile,1-2-0,2,5,,True,True,True,3,0,1.0,5,4,1,1,True,False,,,,,,,,,0.3128144454994487,,False,False,False,False,
autoregressive_ppo_order_120,learning,medium,heterogeneity_pressure,1,1,206,1,207,2,1,missile,1-2-0,0,5,,True,True,True,2,1,1.0,0,0,0,0,False,False,,,,,,,,,0.0,,False,False,False,False,
autoregressive_ppo_order_120,learning,medium,heterogeneity_pressure,1,1,206,1,207,2,2,laser,1-2-0,1,5,,True,True,True,10,0,1.0,0,0,0,0,False,False,,,,,,,,,0.0,,False,False,False,False,
autoregressive_ppo_order_120,learning,medium,heterogeneity_pressure,1,1,206,1,207,2,0,missile,1-2-0,2,5,,True,True,True,3,0,1.0,5,5,1,0,True,False,,,,,,,,,0.31919204975321275,,False,False,False,False,
autoregressive_ppo_order_120,learning,medium,heterogeneity_pressure,1,1,206,1,207,3,1,missile,1-2-0,0,1,1,False,True,True,2,0,1.0,3,3,0,0,False,False,True,0.745035291964848,1.1275632198649101,24.52414078370824,65.68402862548828,0.06842302322387696,0.672059514176702,0.045984343746339945,0.07665523804825085,0.5998852122459651,False,True,False,False,alive
autoregressive_ppo_order_120,learning,medium,heterogeneity_pressure,1,1,206,1,207,3,2,laser,1-2-0,1,5,,True,True,True,10,0,1.0,0,0,0,0,False,False,,,,,,,,,0.0,,False,False,False,False,
autoregressive_ppo_order_120,learning,medium,heterogeneity_pressure,1,1,206,1,207,3,0,missile,1-2-0,2,5,,True,True,True,3,0,1.0,5,4,1,1,True,False,,,,,,,,,0.32553590510207103,,False,False,False,False,
autoregressive_ppo_order_120,learning,medium,heterogeneity_pressure,1,1,206,1,207,4,1,missile,1-2-0,0,5,,True,True,True,1,1,1.0,0,0,0,0,False,False,,,,,,,,,0.0,,False,False,False,False,
autoregressive_ppo_order_120,learning,medium,heterogeneity_pressure,1,1,206,1,207,4,2,laser,1-2-0,1,5,,True,True,True,10,0,1.0,0,0,0,0,False,False,,,,,,,,,0.0,,False,False,False,False,
autoregressive_ppo_order_120,learning,medium,heterogeneity_pressure,1,1,206,1,207,4,0,missile,1-2-0,2,5,,True,True,True,3,0,1.0,5,5,1,0,True,False,,,,,,,,,0.3318432656337328,,False,False,False,False,
autoregressive_ppo_order_120,learning,medium,heterogeneity_pressure,1,1,206,1,207,5,1,missile,1-2-0,0,1,1,False,True,True,1,0,1.0,3,3,0,0,False,False,True,0.745035291964848,1.1275632198649101,22.524138997895722,59.7724609375,0.1324650065104167,0.672059514176702,0.08902436792080431,0.09114801814114593,0.9767010817826772,False,True,False,False,alive
autoregressive_ppo_order_120,learning,medium,heterogeneity_pressure,1,1,206,1,207,5,2,laser,1-2-0,1,5,,True,True,True,10,0,1.0,0,0,0,0,False,False,,,,,,,,,0.0,,False,False,False,False,
autoregressive_ppo_order_120,learning,medium,heterogeneity_pressure,1,1,206,1,207,5,0,missile,1-2-0,2,5,,True,True,True,3,0,1.0,5,4,1,1,True,False,,,,,,,,,0.33811115074254927,,False,False,False,False,
autoregressive_ppo_order_120,learning,medium,heterogeneity_pressure,1,1,206,1,207,6,1,missile,1-2-0,0,5,,True,True,True,0,1,1.0,0,0,0,0,False,False,,,,,,,,,0.0,,False,False,False,False,
autoregressive_ppo_order_120,learning,medium,heterogeneity_pressure,1,1,206,1,207,6,2,laser,1-2-0,1,5,,True,True,True,10,0,1.0,0,0,0,0,False,False,,,,,,,,,0.0,,False,False,False,False,
autoregressive_ppo_order_120,learning,medium,heterogeneity_pressure,1,1,206,1,207,6,0,missile,1-2-0,2,5,,True,True,True,3,0,1.0,5,5,1,0,True,False,,,,,,,,,0.3443361573748269,,False,False,False,False,
autoregressive_ppo_order_120,learning,medium,heterogeneity_pressure,1,1,206,1,207,7,1,missile,1-2-0,0,5,,True,True,True,0,0,1.0,0,0,0,0,False,False,,,,,,,,,0.0,,False,False,False,False,
autoregressive_ppo_order_120,learning,medium,heterogeneity_pressure,1,1,206,1,207,7,2,laser,1-2-0,1,5,,True,True,True,10,0,1.0,1,1,0,0,True,False,,,,,,,,,0.01878231919125783,,False,False,False,False,
autoregressive_ppo_order_120,learning,medium,heterogeneity_pressure,1,1,206,1,207,7,0,missile,1-2-0,2,5,,True,True,True,3,0,1.0,5,5,1,0,True,False,,,,,,,,,0.35051460084484226,,False,False,False,False,
autoregressive_ppo_order_120,learning,medium,heterogeneity_pressure,1,1,206,1,207,8,1,missile,1-2-0,0,5,,True,True,True,0,0,1.0,0,0,0,0,False,False,,,,,,,,,0.0,,False,False,False,False,
autoregressive_ppo_order_120,learning,medium,heterogeneity_pressure,1,1,206,1,207,8,2,laser,1-2-0,1,5,,True,True,True,10,0,1.0,1,1,0,0,True,False,,,,,,,,,0.03928069610958963,,False,False,False,False,
autoregressive_ppo_order_120,learning,medium,heterogeneity_pressure,1,1,206,1,207,8,0,missile,1-2-0,2,5,,True,True,True,3,0,1.0,5,5,1,0,True,False,,,,,,,,,0.3566423505494915,,False,False,False,False,
autoregressive_ppo_order_120,learning,medium,heterogeneity_pressure,1,1,206,1,207,9,1,missile,1-2-0,0,5,,True,True,True,0,0,1.0,0,0,0,0,False,False,,,,,,,,,0.0,,False,False,False,False,
autoregressive_ppo_order_120,learning,medium,heterogeneity_pressure,1,1,206,1,207,9,2,laser,1-2-0,1,5,,True,True,True,10,0,1.0,1,1,0,0,True,False,,,,,,,,,0.059486582933776136,,False,False,False,False,
autoregressive_ppo_order_120,learning,medium,heterogeneity_pressure,1,1,206,1,207,9,0,missile,1-2-0,2,5,,True,True,True,3,0,1.0,5,5,1,0,True,False,,,,,,,,,0.3627148299682901,,False,False,False,False,
autoregressive_ppo_order_120,learning,medium,heterogeneity_pressure,1,1,206,1,207,10,1,missile,1-2-0,0,5,,True,True,True,0,0,1.0,0,0,0,0,False,False,,,,,,,,,0.0,,False,False,False,False,
autoregressive_ppo_order_120,learning,medium,heterogeneity_pressure,1,1,206,1,207,10,2,laser,1-2-0,1,5,,True,True,True,10,0,1.0,1,1,0,0,True,False,,,,,,,,,0.07933084512364491,,False,False,False,False,
autoregressive_ppo_order_120,learning,medium,heterogeneity_pressure,1,1,206,1,207,10,0,missile,1-2-0,2,5,,True,True,True,3,0,1.0,5,5,1,0,True,False,,,,,,,,,0.3702513479822957,,False,False,False,False,
autoregressive_ppo_order_120,learning,medium,heterogeneity_pressure,1,1,206,1,207,11,1,missile,1-2-0,0,5,,True,True,True,0,0,1.0,0,0,0,0,False,False,,,,,,,,,0.0,,False,False,False,False,
autoregressive_ppo_order_120,learning,medium,heterogeneity_pressure,1,1,206,1,207,11,2,laser,1-2-0,1,5,,True,True,True,10,0,1.0,1,1,0,0,True,False,,,,,,,,,0.0987227560576676,,False,False,False,False,
autoregressive_ppo_order_120,learning,medium,heterogeneity_pressure,1,1,206,1,207,11,0,missile,1-2-0,2,5,,True,True,True,3,0,1.0,5,5,1,0,True,False,,,,,,,,,0.3809606918665163,,False,False,False,False,
autoregressive_ppo_order_120,learning,medium,heterogeneity_pressure,1,1,206,1,207,12,1,missile,1-2-0,0,5,,True,True,True,0,0,1.0,0,0,0,0,False,False,,,,,,,,,0.0,,False,False,False,False,
autoregressive_ppo_order_120,learning,medium,heterogeneity_pressure,1,1,206,1,207,12,2,laser,1-2-0,1,5,,True,True,True,10,0,1.0,1,1,0,0,True,False,,,,,,,,,0.11754186439545726,,False,False,False,False,
autoregressive_ppo_order_120,learning,medium,heterogeneity_pressure,1,1,206,1,207,12,0,missile,1-2-0,2,5,,True,True,True,3,0,1.0,5,5,1,0,True,False,,,,,,,,,0.39166593120588417,,False,False,False,False,
autoregressive_ppo_order_120,learning,medium,heterogeneity_pressure,1,1,206,1,207,13,1,missile,1-2-0,0,5,,True,True,True,0,0,1.0,0,0,0,0,False,False,,,,,,,,,0.0,,False,False,False,False,
autoregressive_ppo_order_120,learning,medium,heterogeneity_pressure,1,1,206,1,207,13,2,laser,1-2-0,1,5,,True,True,True,10,0,1.0,1,1,0,0,True,False,,,,,,,,,0.13562671378196753,,False,False,False,False,
autoregressive_ppo_order_120,learning,medium,heterogeneity_pressure,1,1,206,1,207,13,0,missile,1-2-0,2,5,,True,True,True,3,0,1.0,5,5,1,0,True,False,,,,,,,,,0.4023663819095906,,False,False,False,False,
autoregressive_ppo_order_120,learning,medium,heterogeneity_pressure,1,1,206,1,207,14,1,missile,1-2-0,0,5,,True,True,True,0,0,1.0,0,0,0,0,False,False,,,,,,,,,0.0,,False,False,False,False,
autoregressive_ppo_order_120,learning,medium,heterogeneity_pressure,1,1,206,1,207,14,2,laser,1-2-0,1,5,,True,True,True,10,0,1.0,1,1,0,0,True,False,,,,,,,,,0.15275981669588964,,False,False,False,False,
autoregressive_ppo_order_120,learning,medium,heterogeneity_pressure,1,1,206,1,207,14,0,missile,1-2-0,2,5,,True,True,True,3,0,1.0,5,5,1,0,True,False,,,,,,,,,0.41306116443230995,,False,False,False,False,
autoregressive_ppo_order_120,learning,medium,heterogeneity_pressure,1,1,206,1,207,15,1,missile,1-2-0,0,5,,True,True,True,0,0,1.0,0,0,0,0,False,False,,,,,,,,,0.0,,False,False,False,False,
autoregressive_ppo_order_120,learning,medium,heterogeneity_pressure,1,1,206,1,207,15,2,laser,1-2-0,1,2,2,False,True,True,10,0,1.0,2,2,0,0,False,False,True,0.5003953163358233,1.252686461289437,19.283384894075613,44.44113540649414,0.006209606594509531,0.626838438066531,0.003892420098709985,0.16864864031468502,0.023080056213006146,False,True,False,False,alive
autoregressive_ppo_order_120,learning,medium,heterogeneity_pressure,1,1,206,1,207,15,0,missile,1-2-0,2,5,,True,True,True,3,0,1.0,5,4,1,1,True,False,,,,,,,,,0.39765736182444383,,False,False,False,False,
autoregressive_ppo_order_120,learning,medium,heterogeneity_pressure,1,1,206,1,207,16,1,missile,1-2-0,0,5,,True,True,True,0,0,1.0,0,0,0,0,False,False,,,,,,,,,0.0,,False,False,False,False,
autoregressive_ppo_order_120,learning,medium,heterogeneity_pressure,1,1,206,1,207,16,2,laser,1-2-0,1,2,2,False,True,True,9,0,1.0,2,2,0,0,False,False,True,0.5003953163358233,1.252686461289437,18.28338601439893,42.817100524902344,0.024254438612196172,0.626838438066531,0.015203614415849607,0.1829053817418116,0.08312283799998275,False,True,False,False,alive
autoregressive_ppo_order_120,learning,medium,heterogeneity_pressure,1,1,206,1,207,16,0,missile,1-2-0,2,5,,True,True,True,3,0,1.0,5,4,1,1,True,False,,,,,,,,,0.4109182206917062,,False,False,False,False,
autoregressive_ppo_order_120,learning,medium,heterogeneity_pressure,1,1,206,1,207,17,1,missile,1-2-0,0,5,,True,True,True,0,0,1.0,0,0,0,0,False,False,,,,,,,,,0.0,,False,False,False,False,
autoregressive_ppo_order_120,learning,medium,heterogeneity_pressure,1,1,206,1,207,17,2,laser,1-2-0,1,2,2,False,True,True,8,0,1.0,3,3,0,0,False,False,True,0.5003953163358233,1.252686461289437,17.28338486136201,41.197391510009766,0.042251205444335915,0.626838438066531,0.026484679627155634,0.19503406403198198,0.13579514818915242,False,True,False,False,alive
autoregressive_ppo_order_120,learning,medium,heterogeneity_pressure,1,1,206,1,207,17,0,missile,1-2-0,2,5,,True,True,True,3,0,1.0,5,4,1,1,True,False,,,,,,,,,0.4314474263955531,,False,False,False,False,
autoregressive_ppo_order_120,learning,medium,heterogeneity_pressure,1,1,206,1,207,18,1,missile,1-2-0,0,5,,True,True,True,0,0,1.0,0,0,0,0,False,False,,,,,,,,,0.0,,False,False,False,False,
autoregressive_ppo_order_120,learning,medium,heterogeneity_pressure,1,1,206,1,207,18,2,laser,1-2-0,1,2,2,False,True,True,7,0,1.0,3,3,0,0,False,False,True,0.5003953163358233,1.252686461289437,16.28338370832509,39.582542419433594,0.06019397311740449,0.626838438066531,0.03773189608993258,0.20444493565966668,0.18455774396262734,False,True,False,False,alive
autoregressive_ppo_order_120,learning,medium,heterogeneity_pressure,1,1,206,1,207,18,0,missile,1-2-0,2,5,,True,True,True,3,0,1.0,5,4,1,1,True,False,,,,,,,,,0.45197659568847864,,False,False,False,False,
autoregressive_ppo_order_120,learning,medium,heterogeneity_pressure,1,1,206,1,207,19,1,missile,1-2-0,0,5,,True,True,True,0,0,1.0,0,0,0,0,False,False,,,,,,,,,0.0,,False,False,False,False,
autoregressive_ppo_order_120,learning,medium,heterogeneity_pressure,1,1,206,1,207,19,2,laser,1-2-0,1,2,2,False,True,True,6,0,1.0,3,3,0,0,False,False,True,0.5003953163358233,1.252686461289437,15.283384828648405,37.973167419433594,0.07807591756184895,0.626838438066531,0.04894098621508063,0.2105251290386233,0.23247099497610013,False,True,False,False,alive
autoregressive_ppo_order_120,learning,medium,heterogeneity_pressure,1,1,206,1,207,19,0,missile,1-2-0,2,5,,True,True,True,3,0,1.0,5,4,1,1,True,False,,,,,,,,,0.4725056921595614,,False,False,False,False,
autoregressive_ppo_order_120,learning,medium,heterogeneity_pressure,1,1,206,1,207,20,1,missile,1-2-0,0,5,,True,True,True,0,0,1.0,0,0,0,0,False,False,,,,,,,,,0.0,,False,False,False,False,
autoregressive_ppo_order_120,learning,medium,heterogeneity_pressure,1,1,206,1,207,20,2,laser,1-2-0,1,2,2,False,True,True,5,0,1.0,3,3,0,0,False,False,True,0.5003953163358233,1.252686461289437,14.283384812291603,36.369998931884766,0.09588890075683593,0.626838438066531,0.060106848778331626,0.2127806897008419,0.28248262971061233,False,True,False,False,alive
autoregressive_ppo_order_120,learning,medium,heterogeneity_pressure,1,1,206,1,207,20,0,missile,1-2-0,2,5,,True,True,True,3,0,1.0,5,4,1,1,True,False,,,,,,,,,0.4930346793978798,,False,False,False,False,
autoregressive_ppo_order_120,learning,medium,heterogeneity_pressure,1,1,206,1,207,21,1,missile,1-2-0,0,5,,True,True,True,0,0,1.0,0,0,0,0,False,False,,,,,,,,,0.0,,False,False,False,False,
autoregressive_ppo_order_120,learning,medium,heterogeneity_pressure,1,1,206,1,207,21,2,laser,1-2-0,1,2,2,False,True,True,4,0,1.0,3,3,0,0,False,False,True,0.5003953163358233,1.252686461289437,13.2833847959348,34.77389144897461,0.11362342834472655,0.626838438066531,0.0712235323513728,0.21100447039616424,0.3375451345540191,False,True,False,False,alive
autoregressive_ppo_order_120,learning,medium,heterogeneity_pressure,1,1,206,1,207,21,0,missile,1-2-0,2,5,,True,True,True,3,0,1.0,5,4,1,1,True,False,,,,,,,,,0.5135635574034342,,False,False,False,False,
autoregressive_ppo_order_120,learning,medium,heterogeneity_pressure,1,1,206,1,207,22,1,missile,1-2-0,0,5,,True,True,True,0,0,1.0,0,0,0,0,False,False,,,,,,,,,0.0,,False,False,False,False,
autoregressive_ppo_order_120,learning,medium,heterogeneity_pressure,1,1,206,1,207,22,2,laser,1-2-0,1,2,2,False,True,True,3,0,1.0,3,3,0,0,False,False,True,0.5003953163358233,1.252686461289437,12.283384779577998,33.18586349487305,0.1312681833902995,0.626838438066531,0.08228394304420628,0.20536076179638452,0.4006799659508028,False,True,True,True,intercepted
autoregressive_ppo_order_120,learning,medium,heterogeneity_pressure,1,1,206,1,207,22,0,missile,1-2-0,2,5,,True,True,True,3,0,1.0,5,4,1,1,True,False,,,,,,,,,0.5340923261762243,,False,False,False,False,
autoregressive_ppo_order_120,learning,medium,heterogeneity_pressure,1,1,206,1,207,23,1,missile,1-2-0,0,5,,True,True,True,0,0,1.0,0,0,0,0,False,False,,,,,,,,,0.0,,False,False,False,False,
autoregressive_ppo_order_120,learning,medium,heterogeneity_pressure,1,1,206,1,207,23,2,laser,1-2-0,1,5,,True,True,True,2,0,1.0,2,2,0,0,True,False,,,,,,,,,0.19631749677806337,,False,False,False,False,
autoregressive_ppo_order_120,learning,medium,heterogeneity_pressure,1,1,206,1,207,23,0,missile,1-2-0,2,5,,True,True,True,3,0,1.0,4,4,1,0,True,False,,,,,,,,,0.5546209493053288,,False,False,False,False,
autoregressive_ppo_order_120,learning,medium,heterogeneity_pressure,1,1,206,1,207,24,1,missile,1-2-0,0,5,,True,True,True,0,0,1.0,0,0,0,0,False,False,,,,,,,,,0.0,,False,False,False,False,
autoregressive_ppo_order_120,learning,medium,heterogeneity_pressure,1,1,206,1,207,24,2,laser,1-2-0,1,5,,True,True,True,2,0,1.0,3,3,0,0,True,False,,,,,,,,,0.1844820167219247,,False,False,False,False,
autoregressive_ppo_order_120,learning,medium,heterogeneity_pressure,1,1,206,1,207,24,0,missile,1-2-0,2,5,,True,True,True,3,0,1.0,4,4,1,0,True,False,,,,,,,,,0.5751494085852871,,False,False,False,False,
autoregressive_ppo_order_120,learning,medium,heterogeneity_pressure,1,1,206,1,207,25,1,missile,1-2-0,0,5,,True,True,True,0,0,1.0,0,0,0,0,False,False,,,,,,,,,0.0,,False,False,False,False,
autoregressive_ppo_order_120,learning,medium,heterogeneity_pressure,1,1,206,1,207,25,2,laser,1-2-0,1,5,,True,True,True,2,0,1.0,3,3,0,0,True,False,,,,,,,,,0.17045202063463027,,False,False,False,False,
autoregressive_ppo_order_120,learning,medium,heterogeneity_pressure,1,1,206,1,207,25,0,missile,1-2-0,2,5,,True,True,True,3,0,1.0,4,4,1,0,True,False,,,,,,,,,0.5956776493997168,,False,False,False,False,
autoregressive_ppo_order_120,learning,medium,heterogeneity_pressure,1,1,206,1,207,26,1,missile,1-2-0,0,5,,True,True,True,0,0,1.0,0,0,0,0,False,False,,,,,,,,,0.0,,False,False,False,False,
autoregressive_ppo_order_120,learning,medium,heterogeneity_pressure,1,1,206,1,207,26,2,laser,1-2-0,1,5,,True,True,True,2,0,1.0,4,4,1,0,True,False,,,,,,,,,0.15473626125102968,,False,False,False,False,
autoregressive_ppo_order_120,learning,medium,heterogeneity_pressure,1,1,206,1,207,26,0,missile,1-2-0,2,5,,True,True,True,3,0,1.0,4,4,1,0,True,False,,,,,,,,,0.6162056171322361,,False,False,False,False,
autoregressive_ppo_order_120,learning,medium,heterogeneity_pressure,1,1,206,1,207,27,1,missile,1-2-0,0,5,,True,True,True,0,0,1.0,0,0,0,0,False,False,,,,,,,,,0.0,,False,False,False,False,
autoregressive_ppo_order_120,learning,medium,heterogeneity_pressure,1,1,206,1,207,27,2,laser,1-2-0,1,5,,True,True,True,2,0,1.0,4,4,1,0,True,False,,,,,,,,,0.13773516058645208,,False,False,False,False,
autoregressive_ppo_order_120,learning,medium,heterogeneity_pressure,1,1,206,1,207,27,0,missile,1-2-0,2,5,,True,True,True,3,0,1.0,4,4,1,0,True,False,,,,,,,,,0.6367332753719235,,False,False,False,False,
autoregressive_ppo_order_120,learning,medium,heterogeneity_pressure,1,1,206,1,207,28,1,missile,1-2-0,0,5,,True,True,True,0,0,1.0,0,0,0,0,False,False,,,,,,,,,0.0,,False,False,False,False,
autoregressive_ppo_order_120,learning,medium,heterogeneity_pressure,1,1,206,1,207,28,2,laser,1-2-0,1,5,,True,True,True,2,0,1.0,3,3,1,0,True,False,,,,,,,,,0.06632527957483299,,False,False,False,False,
autoregressive_ppo_order_120,learning,medium,heterogeneity_pressure,1,1,206,1,207,28,0,missile,1-2-0,2,5,,True,True,True,3,0,1.0,3,3,1,0,True,False,,,,,,,,,0.6572605148860148,,False,False,False,False,
autoregressive_ppo_order_120,learning,medium,heterogeneity_pressure,1,1,206,1,207,29,1,missile,1-2-0,0,5,,True,True,True,0,0,1.0,0,0,0,0,False,False,,,,,,,,,0.0,,False,False,False,False,
autoregressive_ppo_order_120,learning,medium,heterogeneity_pressure,1,1,206,1,207,29,2,laser,1-2-0,1,5,,True,True,True,2,0,1.0,3,3,1,0,True,False,,,,,,,,,0.07695792377084895,,False,False,False,False,
autoregressive_ppo_order_120,learning,medium,heterogeneity_pressure,1,1,206,1,207,29,0,missile,1-2-0,2,5,,True,True,True,3,0,1.0,3,3,1,0,True,False,,,,,,,,,0.6777871900308243,,False,False,False,False,
autoregressive_ppo_order_120,learning,medium,heterogeneity_pressure,1,1,206,1,207,30,1,missile,1-2-0,0,5,,True,True,True,0,0,1.0,0,0,0,0,False,False,,,,,,,,,0.0,,False,False,False,False,
autoregressive_ppo_order_120,learning,medium,heterogeneity_pressure,1,1,206,1,207,30,2,laser,1-2-0,1,5,,True,True,True,2,0,1.0,3,3,1,0,True,False,,,,,,,,,0.09802692870106891,,False,False,False,False,
autoregressive_ppo_order_120,learning,medium,heterogeneity_pressure,1,1,206,1,207,30,0,missile,1-2-0,2,5,,True,True,True,3,0,1.0,3,3,1,0,True,False,,,,,,,,,0.6983131551626667,,False,False,False,False,
autoregressive_ppo_order_120,learning,medium,heterogeneity_pressure,1,1,206,1,207,31,1,missile,1-2-0,0,5,,True,True,True,0,0,1.0,0,0,0,0,False,False,,,,,,,,,0.0,,False,False,False,False,
autoregressive_ppo_order_120,learning,medium,heterogeneity_pressure,1,1,206,1,207,31,2,laser,1-2-0,1,5,,True,True,True,2,0,1.0,3,3,1,0,True,False,,,,,,,,,0.1189392530465346,,False,False,False,False,
autoregressive_ppo_order_120,learning,medium,heterogeneity_pressure,1,1,206,1,207,31,0,missile,1-2-0,2,5,,True,True,True,3,0,1.0,3,3,1,0,True,False,,,,,,,,,0.7188380825832491,,False,False,False,False,
autoregressive_ppo_order_120,learning,medium,heterogeneity_pressure,1,1,206,1,207,32,1,missile,1-2-0,0,5,,True,True,True,0,0,1.0,0,0,0,0,False,False,,,,,,,,,0.0,,False,False,False,False,
autoregressive_ppo_order_120,learning,medium,heterogeneity_pressure,1,1,206,1,207,32,2,laser,1-2-0,1,5,,True,True,True,2,0,1.0,3,3,1,0,True,False,,,,,,,,,0.1396649029879509,,False,False,False,False,
autoregressive_ppo_order_120,learning,medium,heterogeneity_pressure,1,1,206,1,207,32,0,missile,1-2-0,2,5,,True,True,True,3,0,1.0,3,3,1,0,True,False,,,,,,,,,0.7393615444642452,,False,False,False,False,
autoregressive_ppo_order_120,learning,medium,heterogeneity_pressure,1,1,206,1,207,33,1,missile,1-2-0,0,5,,True,True,True,0,0,1.0,0,0,0,0,False,False,,,,,,,,,0.0,,False,False,False,False,
autoregressive_ppo_order_120,learning,medium,heterogeneity_pressure,1,1,206,1,207,33,2,laser,1-2-0,1,5,,True,True,True,2,0,1.0,3,3,1,0,True,False,,,,,,,,,0.1601660447374146,,False,False,False,False,
autoregressive_ppo_order_120,learning,medium,heterogeneity_pressure,1,1,206,1,207,33,0,missile,1-2-0,2,5,,True,True,True,3,0,1.0,3,3,1,0,True,False,,,,,,,,,0.759882767073575,,False,False,False,False,
autoregressive_ppo_order_120,learning,medium,heterogeneity_pressure,1,1,206,1,207,34,1,missile,1-2-0,0,5,,True,True,True,0,0,1.0,0,0,0,0,False,False,,,,,,,,,0.0,,False,False,False,False,
autoregressive_ppo_order_120,learning,medium,heterogeneity_pressure,1,1,206,1,207,34,2,laser,1-2-0,1,5,,True,True,True,2,0,1.0,3,3,1,0,True,False,,,,,,,,,0.1803945100029486,,False,False,False,False,
autoregressive_ppo_order_120,learning,medium,heterogeneity_pressure,1,1,206,1,207,34,0,missile,1-2-0,2,5,,True,True,True,3,0,1.0,3,3,1,0,True,False,,,,,,,,,0.780400348590765,,False,False,False,False,
autoregressive_ppo_order_120,learning,medium,heterogeneity_pressure,1,1,206,1,207,35,1,missile,1-2-0,0,5,,True,True,True,0,0,1.0,0,0,0,0,False,False,,,,,,,,,0.0,,False,False,False,False,
autoregressive_ppo_order_120,learning,medium,heterogeneity_pressure,1,1,206,1,207,35,2,laser,1-2-0,1,5,,True,True,True,2,0,1.0,3,3,1,0,True,False,,,,,,,,,0.2002882521643078,,False,False,False,False,
autoregressive_ppo_order_120,learning,medium,heterogeneity_pressure,1,1,206,1,207,35,0,missile,1-2-0,2,5,,True,True,True,3,0,1.0,3,3,1,0,True,False,,,,,,,,,0.8009113761421028,,False,False,False,False,
autoregressive_ppo_order_120,learning,medium,heterogeneity_pressure,1,1,206,1,207,36,1,missile,1-2-0,0,5,,True,True,True,0,0,1.0,0,0,0,0,False,False,,,,,,,,,0.0,,False,False,False,False,
autoregressive_ppo_order_120,learning,medium,heterogeneity_pressure,1,1,206,1,207,36,2,laser,1-2-0,1,5,,True,True,True,2,0,1.0,3,3,1,0,True,False,,,,,,,,,0.2197665353831516,,False,False,False,False,
autoregressive_ppo_order_120,learning,medium,heterogeneity_pressure,1,1,206,1,207,36,0,missile,1-2-0,2,5,,True,True,True,3,0,1.0,3,3,1,0,True,False,,,,,,,,,0.8214087359438201,,False,False,False,False,
autoregressive_ppo_order_120,learning,medium,heterogeneity_pressure,1,1,206,1,207,37,1,missile,1-2-0,0,5,,True,True,True,0,0,1.0,0,0,0,0,False,False,,,,,,,,,0.0,,False,False,False,False,
autoregressive_ppo_order_120,learning,medium,heterogeneity_pressure,1,1,206,1,207,37,2,laser,1-2-0,1,5,,True,True,True,2,0,1.0,3,3,1,0,True,False,,,,,,,,,0.2387229855399596,,False,False,False,False,
autoregressive_ppo_order_120,learning,medium,heterogeneity_pressure,1,1,206,1,207,37,0,missile,1-2-0,2,5,,True,True,True,3,0,1.0,3,3,1,0,True,False,,,,,,,,,0.8418692683742236,,False,False,False,False,
autoregressive_ppo_order_120,learning,medium,heterogeneity_pressure,1,1,206,1,207,38,1,missile,1-2-0,0,5,,True,True,True,0,0,1.0,0,0,0,0,False,False,,,,,,,,,0.0,,False,False,False,False,
autoregressive_ppo_order_120,learning,medium,heterogeneity_pressure,1,1,206,1,207,38,2,laser,1-2-0,1,5,,True,True,True,2,0,1.0,3,3,1,0,True,False,,,,,,,,,0.25701630501868544,,False,False,False,False,
autoregressive_ppo_order_120,learning,medium,heterogeneity_pressure,1,1,206,1,207,38,0,missile,1-2-0,2,5,,True,True,True,3,0,1.0,3,3,1,0,True,False,,,,,,,,,0.8621508502286758,,False,False,False,False,
autoregressive_ppo_order_120,learning,medium,heterogeneity_pressure,1,1,206,1,207,39,1,missile,1-2-0,0,5,,True,True,True,0,0,1.0,0,0,0,0,False,False,,,,,,,,,0.0,,False,False,False,False,
autoregressive_ppo_order_120,learning,medium,heterogeneity_pressure,1,1,206,1,207,39,2,laser,1-2-0,1,5,,True,True,True,2,0,1.0,3,3,1,0,True,False,,,,,,,,,0.2744574436672168,,False,False,False,False,
autoregressive_ppo_order_120,learning,medium,heterogeneity_pressure,1,1,206,1,207,39,0,missile,1-2-0,2,5,,True,True,True,3,0,1.0,3,3,1,0,True,False,,,,,,,,,0.8719047296023732,,False,False,False,False,
autoregressive_ppo_order_120,learning,medium,heterogeneity_pressure,1,1,206,1,207,40,1,missile,1-2-0,0,5,,True,True,True,0,0,1.0,0,0,0,0,False,False,,,,,,,,,0.0,,False,False,False,False,
autoregressive_ppo_order_120,learning,medium,heterogeneity_pressure,1,1,206,1,207,40,2,laser,1-2-0,1,5,,True,True,True,2,0,1.0,3,3,1,0,True,False,,,,,,,,,0.29079334472104407,,False,False,False,False,
autoregressive_ppo_order_120,learning,medium,heterogeneity_pressure,1,1,206,1,207,40,0,missile,1-2-0,2,5,,True,True,True,3,0,1.0,3,3,1,0,True,False,,,,,,,,,0.8523412996939987,,False,False,False,False,
autoregressive_ppo_order_120,learning,medium,heterogeneity_pressure,1,1,206,1,207,41,1,missile,1-2-0,0,5,,True,True,True,0,0,1.0,0,0,0,0,False,False,,,,,,,,,0.0,,False,False,False,False,
autoregressive_ppo_order_120,learning,medium,heterogeneity_pressure,1,1,206,1,207,41,2,laser,1-2-0,1,5,,True,True,True,2,0,1.0,3,3,1,0,True,False,,,,,,,,,0.3056880774040604,,False,False,False,False,
autoregressive_ppo_order_120,learning,medium,heterogeneity_pressure,1,1,206,1,207,41,0,missile,1-2-0,2,5,,True,True,True,3,0,1.0,3,3,1,0,True,False,,,,,,,,,0.8319313875470717,,False,False,False,False,
autoregressive_ppo_order_120,learning,medium,heterogeneity_pressure,1,1,206,1,207,42,1,missile,1-2-0,0,5,,True,True,True,0,0,1.0,0,0,0,0,False,False,,,,,,,,,0.0,,False,False,False,False,
autoregressive_ppo_order_120,learning,medium,heterogeneity_pressure,1,1,206,1,207,42,2,laser,1-2-0,1,5,,True,True,True,2,0,1.0,3,3,1,0,True,False,,,,,,,,,0.3187069887091915,,False,False,False,False,
autoregressive_ppo_order_120,learning,medium,heterogeneity_pressure,1,1,206,1,207,42,0,missile,1-2-0,2,5,,True,True,True,3,0,1.0,3,3,1,0,True,False,,,,,,,,,0.8114477592140876,,False,False,False,False,
autoregressive_ppo_order_120,learning,medium,heterogeneity_pressure,1,1,206,1,207,43,1,missile,1-2-0,0,5,,True,True,True,0,0,1.0,0,0,0,0,False,False,,,,,,,,,0.0,,False,False,False,False,
autoregressive_ppo_order_120,learning,medium,heterogeneity_pressure,1,1,206,1,207,43,2,laser,1-2-0,1,5,,True,True,True,2,0,1.0,2,2,0,0,True,False,,,,,,,,,0.12339739288973642,,False,False,False,False,
autoregressive_ppo_order_120,learning,medium,heterogeneity_pressure,1,1,206,1,207,43,0,missile,1-2-0,2,5,,True,True,True,3,0,1.0,2,2,0,0,True,False,,,,,,,,,0.4469190517883432,,False,False,False,False,
autoregressive_ppo_order_120,learning,medium,heterogeneity_pressure,1,1,206,1,207,44,1,missile,1-2-0,0,5,,True,True,True,0,0,1.0,0,0,0,0,False,False,,,,,,,,,0.0,,False,False,False,False,
autoregressive_ppo_order_120,learning,medium,heterogeneity_pressure,1,1,206,1,207,44,2,laser,1-2-0,1,5,,True,True,True,2,0,1.0,2,2,0,0,True,False,,,,,,,,,0.12522496172130135,,False,False,False,False,
autoregressive_ppo_order_120,learning,medium,heterogeneity_pressure,1,1,206,1,207,44,0,missile,1-2-0,2,5,,True,True,True,3,0,1.0,2,2,0,0,True,False,,,,,,,,,0.4431618458172931,,False,False,False,False,
autoregressive_ppo_order_120,learning,medium,heterogeneity_pressure,1,1,206,1,207,45,1,missile,1-2-0,0,5,,True,True,True,0,0,1.0,0,0,0,0,False,False,,,,,,,,,0.0,,False,False,False,False,
autoregressive_ppo_order_120,learning,medium,heterogeneity_pressure,1,1,206,1,207,45,2,laser,1-2-0,1,5,,True,True,True,2,0,1.0,2,2,0,0,True,False,,,,,,,,,0.12674045774032058,,False,False,False,False,
autoregressive_ppo_order_120,learning,medium,heterogeneity_pressure,1,1,206,1,207,45,0,missile,1-2-0,2,5,,True,True,True,3,0,1.0,2,2,0,0,True,False,,,,,,,,,0.43913110473728817,,False,False,False,False,
autoregressive_ppo_order_120,learning,medium,heterogeneity_pressure,1,1,206,1,207,46,1,missile,1-2-0,0,5,,True,True,True,0,0,1.0,0,0,0,0,False,False,,,,,,,,,0.0,,False,False,False,False,
autoregressive_ppo_order_120,learning,medium,heterogeneity_pressure,1,1,206,1,207,46,2,laser,1-2-0,1,5,,True,True,True,2,0,1.0,2,2,0,0,True,False,,,,,,,,,0.12793568831765265,,False,False,False,False,
autoregressive_ppo_order_120,learning,medium,heterogeneity_pressure,1,1,206,1,207,46,0,missile,1-2-0,2,5,,True,True,True,3,0,1.0,2,2,0,0,True,False,,,,,,,,,0.4348520580843323,,False,False,False,False,
autoregressive_ppo_order_120,learning,medium,heterogeneity_pressure,1,1,206,1,207,47,1,missile,1-2-0,0,5,,True,True,True,0,0,1.0,0,0,0,0,False,False,,,,,,,,,0.0,,False,False,False,False,
autoregressive_ppo_order_120,learning,medium,heterogeneity_pressure,1,1,206,1,207,47,2,laser,1-2-0,1,5,,True,True,True,2,0,1.0,2,2,0,0,True,False,,,,,,,,,0.12880400491781047,,False,False,False,False,
autoregressive_ppo_order_120,learning,medium,heterogeneity_pressure,1,1,206,1,207,47,0,missile,1-2-0,2,5,,True,True,True,3,0,1.0,2,2,0,0,True,False,,,,,,,,,0.4303481751942432,,False,False,False,False,
autoregressive_ppo_order_120,learning,medium,heterogeneity_pressure,1,1,206,1,207,48,1,missile,1-2-0,0,5,,True,True,True,0,0,1.0,0,0,0,0,False,False,,,,,,,,,0.0,,False,False,False,False,
autoregressive_ppo_order_120,learning,medium,heterogeneity_pressure,1,1,206,1,207,48,2,laser,1-2-0,1,5,,True,True,True,2,0,1.0,2,2,0,0,True,False,,,,,,,,,0.1293404434711118,,False,False,False,False,
autoregressive_ppo_order_120,learning,medium,heterogeneity_pressure,1,1,206,1,207,48,0,missile,1-2-0,2,5,,True,True,True,3,0,1.0,2,2,0,0,True,False,,,,,,,,,0.42564111826398054,,False,False,False,False,
autoregressive_ppo_order_120,learning,medium,heterogeneity_pressure,1,1,206,1,207,49,1,missile,1-2-0,0,5,,True,True,True,0,0,1.0,0,0,0,0,False,False,,,,,,,,,0.0,,False,False,False,False,
autoregressive_ppo_order_120,learning,medium,heterogeneity_pressure,1,1,206,1,207,49,2,laser,1-2-0,1,5,,True,True,True,2,0,1.0,2,2,0,0,True,False,,,,,,,,,0.12954187750693408,,False,False,False,False,
autoregressive_ppo_order_120,learning,medium,heterogeneity_pressure,1,1,206,1,207,49,0,missile,1-2-0,2,5,,True,True,True,3,0,1.0,2,2,0,0,True,False,,,,,,,,,0.420750636739635,,False,False,False,False,
autoregressive_ppo_order_201,learning,medium,medium,1,1,204,0,204,0,2,laser,2-0-1,0,5,,True,True,True,10,0,1.0,0,0,0,0,False,False,,,,,,,,,0.0,,False,False,False,False,
autoregressive_ppo_order_201,learning,medium,medium,1,1,204,0,204,0,0,missile,2-0-1,1,2,2,False,True,True,3,0,1.0,1,1,0,0,False,False,True,0.7675004289164268,0.7584549121680804,45.16613570697695,78.664794921875,0.06558800551470592,0.465691576322218,0.03054378167597373,0.03054378167597373,1.0,False,True,False,False,alive
autoregressive_ppo_order_201,learning,medium,medium,1,1,204,0,204,0,1,missile,2-0-1,2,3,3,False,True,True,3,0,1.0,2,1,1,1,False,True,True,0.837353892472961,1.2587968749770213,34.49303077223928,74.19706726074219,0.11184212718290441,1.054058463094808,0.11788814068766627,0.11788814068766627,1.0,False,True,False,False,alive
autoregressive_ppo_order_201,learning,medium,medium,1,1,204,0,204,1,2,laser,2-0-1,0,5,,True,True,True,10,0,1.0,0,0,0,0,False,False,,,,,,,,,0.0,,False,False,False,False,
autoregressive_ppo_order_201,learning,medium,medium,1,1,204,0,204,1,0,missile,2-0-1,1,5,,True,True,True,2,1,1.0,0,0,0,0,False,False,,,,,,,,,0.0,,False,False,False,False,
autoregressive_ppo_order_201,learning,medium,medium,1,1,204,0,204,1,1,missile,2-0-1,2,5,,True,True,True,2,1,1.0,0,0,0,0,False,False,,,,,,,,,0.0,,False,False,False,False,
autoregressive_ppo_order_201,learning,medium,medium,1,1,204,0,204,2,2,laser,2-0-1,0,5,,True,True,True,10,0,1.0,0,0,0,0,False,False,,,,,,,,,0.0,,False,False,False,False,
autoregressive_ppo_order_201,learning,medium,medium,1,1,204,0,204,2,0,missile,2-0-1,1,2,2,False,True,True,2,0,1.0,2,2,1,0,False,False,True,0.7675004289164268,0.7584549121680804,43.16613473754078,76.19869232177734,0.09111942066865807,0.465691576322218,0.04243354664475467,0.04243354664475467,1.0,False,True,False,False,alive
autoregressive_ppo_order_201,learning,medium,medium,1,1,204,0,204,2,1,missile,2-0-1,2,3,3,False,True,True,2,0,1.0,2,1,1,1,False,True,True,0.837353892472961,1.2587968749770213,32.493030472637884,69.92222595214844,0.1560993077895221,1.054058463094808,0.16453779645878705,0.16453779645878705,1.0,False,True,False,False,alive
autoregressive_ppo_order_201,learning,medium,medium,1,1,204,0,204,3,2,laser,2-0-1,0,5,,True,True,True,10,0,1.0,0,0,0,0,False,False,,,,,,,,,0.0,,False,False,False,False,
autoregressive_ppo_order_201,learning,medium,medium,1,1,204,0,204,3,0,missile,2-0-1,1,5,,True,True,True,1,1,1.0,0,0,0,0,False,False,,,,,,,,,0.0,,False,False,False,False,
autoregressive_ppo_order_201,learning,medium,medium,1,1,204,0,204,3,1,missile,2-0-1,2,5,,True,True,True,1,1,1.0,0,0,0,0,False,False,,,,,,,,,0.0,,False,False,False,False,
autoregressive_ppo_order_201,learning,medium,medium,1,1,204,0,204,4,2,laser,2-0-1,0,2,2,False,True,True,10,0,1.0,1,1,0,0,False,False,True,0.7675004289164268,0.7584549121680804,41.166131080003524,54.613590240478516,0.0047774297540837864,0.465691576322218,0.0022248087929479447,0.0022248087929479447,1.0,False,True,False,False,alive
autoregressive_ppo_order_201,learning,medium,medium,1,1,204,0,204,4,0,missile,2-0-1,1,5,,True,True,True,1,0,1.0,2,1,1,1,True,False,,,,,,,,,0.08082339764490093,,False,False,False,False,
autoregressive_ppo_order_201,learning,medium,medium,1,1,204,0,204,4,1,missile,2-0-1,2,4,4,False,True,True,1,0,1.0,3,2,1,1,False,False,True,0.7389826555826526,1.2679408966295502,26.969996299128226,82.89632415771484,0.02177923224954047,0.7495890647305238,0.016325474332481903,0.21112309490057865,0.07732680472579202,False,True,False,False,alive
autoregressive_ppo_order_201,learning,medium,medium,1,1,204,0,204,5,2,laser,2-0-1,0,2,2,False,True,True,9,0,1.0,1,1,0,0,False,False,True,0.7675004289164268,0.7584549121680804,40.166130595285445,53.387969970703125,0.01993055308948865,0.465691576322218,0.009281490685217622,0.009281490685217622,1.0,False,True,False,False,alive
autoregressive_ppo_order_201,learning,medium,medium,1,1,204,0,204,5,0,missile,2-0-1,1,5,,True,True,True,1,0,1.0,2,1,1,1,True,False,,,,,,,,,0.10417628299486485,,False,False,False,False,
autoregressive_ppo_order_201,learning,medium,medium,1,1,204,0,204,5,1,missile,2-0-1,2,5,,True,True,True,0,1,1.0,0,0,0,0,False,False,,,,,,,,,0.0,,False,False,False,False,
autoregressive_ppo_order_201,learning,medium,medium,1,1,204,0,204,6,2,laser,2-0-1,0,2,2,False,True,True,8,0,1.0,2,2,1,0,False,False,True,0.7675004289164268,0.7584549121680804,39.16613011056736,52.17216110229492,0.03496237182617191,0.465691576322218,0.0162816820476935,0.0162816820476935,1.0,False,True,False,False,alive
autoregressive_ppo_order_201,learning,medium,medium,1,1,204,0,204,6,0,missile,2-0-1,1,1,1,False,True,True,1,0,1.0,3,2,1,1,False,False,True,0.7140606167812709,0.6470823431614992,31.133214522926835,82.86892700195312,0.022062873391544155,0.46205601706617005,0.010194283404332075,0.12751651334604733,0.07994480978841843,False,True,False,False,alive
autoregressive_ppo_order_201,learning,medium,medium,1,1,204,0,204,6,1,missile,2-0-1,2,5,,True,True,True,0,0,1.0,0,0,0,0,False,False,,,,,,,,,0.0,,False,False,False,False,
autoregressive_ppo_order_201,learning,medium,medium,1,1,204,0,204,7,2,laser,2-0-1,0,2,2,False,True,True,7,0,1.0,2,2,1,0,False,False,True,0.7675004289164268,0.7584549121680804,38.16612962584927,50.966861724853516,0.04986425503817469,0.465691576322218,0.023221363530860673,0.031084270285060715,0.7470454772753986,False,True,False,False,alive
autoregressive_ppo_order_201,learning,medium,medium,1,1,204,0,204,7,0,missile,2-0-1,1,5,,True,True,True,0,1,1.0,0,0,0,0,False,False,,,,,,,,,0.0,,False,False,False,False,
autoregressive_ppo_order_201,learning,medium,medium,1,1,204,0,204,7,1,missile,2-0-1,2,5,,True,True,True,0,0,1.0,0,0,0,0,False,False,,,,,,,,,0.0,,False,False,False,False,
autoregressive_ppo_order_201,learning,medium,medium,1,1,204,0,204,8,2,laser,2-0-1,0,2,2,False,True,True,6,0,1.0,2,2,1,0,False,False,True,0.7675004289164268,0.7584549121680804,37.16612914113119,49.7728385925293,0.0646267228560014,0.465691576322218,0.03009612043935041,0.05916974588022528,0.5086403531337226,False,True,False,False,alive
autoregressive_ppo_order_201,learning,medium,medium,1,1,204,0,204,8,0,missile,2-0-1,1,5,,True,True,True,0,0,1.0,0,0,0,0,False,False,,,,,,,,,0.0,,False,False,False,False,
autoregressive_ppo_order_201,learning,medium,medium,1,1,204,0,204,8,1,missile,2-0-1,2,5,,True,True,True,0,0,1.0,0,0,0,0,False,False,,,,,,,,,0.0,,False,False,False,False,
autoregressive_ppo_order_201,learning,medium,medium,1,1,204,0,204,9,2,laser,2-0-1,0,2,2,False,True,True,5,0,1.0,2,2,1,0,False,False,True,0.7675004289164268,0.7584549121680804,36.166125968312016,48.59092330932617,0.07923949363014919,0.465691576322218,0.03690116469559853,0.08724955417996448,0.4229381461306345,False,True,False,False,alive
autoregressive_ppo_order_201,learning,medium,medium,1,1,204,0,204,9,0,missile,2-0-1,1,5,,True,True,True,0,0,1.0,0,0,0,0,False,False,,,,,,,,,0.0,,False,False,False,False,
autoregressive_ppo_order_201,learning,medium,medium,1,1,204,0,204,9,1,missile,2-0-1,2,5,,True,True,True,0,0,1.0,0,0,0,0,False,False,,,,,,,,,0.0,,False,False,False,False,
autoregressive_ppo_order_201,learning,medium,medium,1,1,204,0,204,10,2,laser,2-0-1,0,2,2,False,True,True,4,0,1.0,2,2,1,0,False,False,True,0.7675004289164268,0.7584549121680804,35.16612548359394,47.422019958496094,0.0936913896040483,0.465691576322218,0.04363129091252832,0.11532289977439407,0.37834021688566727,False,True,False,False,alive
autoregressive_ppo_order_201,learning,medium,medium,1,1,204,0,204,10,0,missile,2-0-1,1,5,,True,True,True,0,0,1.0,0,0,0,0,False,False,,,,,,,,,0.0,,False,False,False,False,
autoregressive_ppo_order_201,learning,medium,medium,1,1,204,0,204,10,1,missile,2-0-1,2,5,,True,True,True,0,0,1.0,0,0,0,0,False,False,,,,,,,,,0.0,,False,False,False,False,
autoregressive_ppo_order_201,learning,medium,medium,1,1,204,0,204,11,2,laser,2-0-1,0,2,2,False,True,True,3,0,1.0,2,2,1,0,False,False,True,0.7675004289164268,0.7584549121680804,34.16612231077477,46.26710891723633,0.10797028975053269,0.465691576322218,0.05028085442989219,0.14338898725362978,0.350660503243211,False,True,False,False,alive
autoregressive_ppo_order_201,learning,medium,medium,1,1,204,0,204,11,0,missile,2-0-1,1,5,,True,True,True,0,0,1.0,0,0,0,0,False,False,,,,,,,,,0.0,,False,False,False,False,
autoregressive_ppo_order_201,learning,medium,medium,1,1,204,0,204,11,1,missile,2-0-1,2,5,,True,True,True,0,0,1.0,0,0,0,0,False,False,,,,,,,,,0.0,,False,False,False,False,
autoregressive_ppo_order_201,learning,medium,medium,1,1,204,0,204,12,2,laser,2-0-1,0,2,2,False,True,True,2,0,1.0,2,2,1,0,False,False,True,0.7675004289164268,0.7584549121680804,33.16612182605668,45.12727355957031,0.1220627996271307,0.465691576322218,0.05684361756866154,0.17144657378972744,0.3315529515240009,False,True,False,False,alive
autoregressive_ppo_order_201,learning,medium,medium,1,1,204,0,204,12,0,missile,2-0-1,1,5,,True,True,True,0,0,1.0,0,0,0,0,False,False,,,,,,,,,0.0,,False,False,False,False,
autoregressive_ppo_order_201,learning,medium,medium,1,1,204,0,204,12,1,missile,2-0-1,2,5,,True,True,True,0,0,1.0,0,0,0,0,False,False,,,,,,,,,0.0,,False,False,False,False,
autoregressive_ppo_order_201,learning,medium,medium,1,1,204,0,204,13,2,laser,2-0-1,0,1,1,False,True,True,1,0,1.0,3,3,1,0,False,False,True,0.7140606167812709,0.6470823431614992,24.133219837704104,54.71488952636719,0.0035250022194602206,0.46205601706617005,0.001628748485673199,0.19949431712850743,0.008164385377574515,False,True,False,False,alive
autoregressive_ppo_order_201,learning,medium,medium,1,1,204,0,204,13,0,missile,2-0-1,1,5,,True,True,True,0,0,1.0,0,0,0,0,False,False,,,,,,,,,0.0,,False,False,False,False,
autoregressive_ppo_order_201,learning,medium,medium,1,1,204,0,204,13,1,missile,2-0-1,2,5,,True,True,True,0,0,1.0,0,0,0,0,False,False,,,,,,,,,0.0,,False,False,False,False,
autoregressive_ppo_order_201,learning,medium,medium,1,1,204,0,204,14,2,laser,2-0-1,0,5,,True,True,True,0,0,1.0,0,0,0,0,False,False,,,,,,,,,0.0,,False,False,False,False,
autoregressive_ppo_order_201,learning,medium,medium,1,1,204,0,204,14,0,missile,2-0-1,1,5,,True,True,True,0,0,1.0,0,0,0,0,False,False,,,,,,,,,0.0,,False,False,False,False,
autoregressive_ppo_order_201,learning,medium,medium,1,1,204,0,204,14,1,missile,2-0-1,2,5,,True,True,True,0,0,1.0,0,0,0,0,False,False,,,,,,,,,0.0,,False,False,False,False,
autoregressive_ppo_order_201,learning,medium,medium,1,1,204,0,204,15,2,laser,2-0-1,0,5,,True,True,True,0,0,1.0,0,0,0,0,False,False,,,,,,,,,0.0,,False,False,False,False,
autoregressive_ppo_order_201,learning,medium,medium,1,1,204,0,204,15,0,missile,2-0-1,1,5,,True,True,True,0,0,1.0,0,0,0,0,False,False,,,,,,,,,0.0,,False,False,False,False,
autoregressive_ppo_order_201,learning,medium,medium,1,1,204,0,204,15,1,missile,2-0-1,2,5,,True,True,True,0,0,1.0,0,0,0,0,False,False,,,,,,,,,0.0,,False,False,False,False,
autoregressive_ppo_order_201,learning,medium,medium,1,1,204,0,204,16,2,laser,2-0-1,0,5,,True,True,True,0,0,1.0,0,0,0,0,False,False,,,,,,,,,0.0,,False,False,False,False,
autoregressive_ppo_order_201,learning,medium,medium,1,1,204,0,204,16,0,missile,2-0-1,1,5,,True,True,True,0,0,1.0,0,0,0,0,False,False,,,,,,,,,0.0,,False,False,False,False,
autoregressive_ppo_order_201,learning,medium,medium,1,1,204,0,204,16,1,missile,2-0-1,2,5,,True,True,True,0,0,1.0,0,0,0,0,False,False,,,,,,,,,0.0,,False,False,False,False,
autoregressive_ppo_order_201,learning,medium,medium,1,1,204,0,204,17,2,laser,2-0-1,0,5,,True,True,True,0,0,1.0,0,0,0,0,False,False,,,,,,,,,0.0,,False,False,False,False,
autoregressive_ppo_order_201,learning,medium,medium,1,1,204,0,204,17,0,missile,2-0-1,1,5,,True,True,True,0,0,1.0,0,0,0,0,False,False,,,,,,,,,0.0,,False,False,False,False,
autoregressive_ppo_order_201,learning,medium,medium,1,1,204,0,204,17,1,missile,2-0-1,2,5,,True,True,True,0,0,1.0,0,0,0,0,False,False,,,,,,,,,0.0,,False,False,False,False,
autoregressive_ppo_order_201,learning,medium,medium,1,1,204,0,204,18,2,laser,2-0-1,0,5,,True,True,True,0,0,1.0,0,0,0,0,False,False,,,,,,,,,0.0,,False,False,False,False,
autoregressive_ppo_order_201,learning,medium,medium,1,1,204,0,204,18,0,missile,2-0-1,1,5,,True,True,True,0,0,1.0,0,0,0,0,False,False,,,,,,,,,0.0,,False,False,False,False,
autoregressive_ppo_order_201,learning,medium,medium,1,1,204,0,204,18,1,missile,2-0-1,2,5,,True,True,True,0,0,1.0,0,0,0,0,False,False,,,,,,,,,0.0,,False,False,False,False,
autoregressive_ppo_order_201,learning,medium,medium,1,1,204,0,204,19,2,laser,2-0-1,0,5,,True,True,True,0,0,1.0,0,0,0,0,False,False,,,,,,,,,0.0,,False,False,False,False,
autoregressive_ppo_order_201,learning,medium,medium,1,1,204,0,204,19,0,missile,2-0-1,1,5,,True,True,True,0,0,1.0,0,0,0,0,False,False,,,,,,,,,0.0,,False,False,False,False,
autoregressive_ppo_order_201,learning,medium,medium,1,1,204,0,204,19,1,missile,2-0-1,2,5,,True,True,True,0,0,1.0,0,0,0,0,False,False,,,,,,,,,0.0,,False,False,False,False,
autoregressive_ppo_order_201,learning,medium,medium,1,1,204,0,204,20,2,laser,2-0-1,0,5,,True,True,True,0,0,1.0,0,0,0,0,False,False,,,,,,,,,0.0,,False,False,False,False,
autoregressive_ppo_order_201,learning,medium,medium,1,1,204,0,204,20,0,missile,2-0-1,1,5,,True,True,True,0,0,1.0,0,0,0,0,False,False,,,,,,,,,0.0,,False,False,False,False,
autoregressive_ppo_order_201,learning,medium,medium,1,1,204,0,204,20,1,missile,2-0-1,2,5,,True,True,True,0,0,1.0,0,0,0,0,False,False,,,,,,,,,0.0,,False,False,False,False,
autoregressive_ppo_order_201,learning,medium,medium,1,1,204,0,204,21,2,laser,2-0-1,0,5,,True,True,True,0,0,1.0,0,0,0,0,False,False,,,,,,,,,0.0,,False,False,False,False,
autoregressive_ppo_order_201,learning,medium,medium,1,1,204,0,204,21,0,missile,2-0-1,1,5,,True,True,True,0,0,1.0,0,0,0,0,False,False,,,,,,,,,0.0,,False,False,False,False,
autoregressive_ppo_order_201,learning,medium,medium,1,1,204,0,204,21,1,missile,2-0-1,2,5,,True,True,True,0,0,1.0,0,0,0,0,False,False,,,,,,,,,0.0,,False,False,False,False,
autoregressive_ppo_order_201,learning,medium,medium,1,1,204,0,204,22,2,laser,2-0-1,0,5,,True,True,True,0,0,1.0,0,0,0,0,False,False,,,,,,,,,0.0,,False,False,False,False,
autoregressive_ppo_order_201,learning,medium,medium,1,1,204,0,204,22,0,missile,2-0-1,1,5,,True,True,True,0,0,1.0,0,0,0,0,False,False,,,,,,,,,0.0,,False,False,False,False,
autoregressive_ppo_order_201,learning,medium,medium,1,1,204,0,204,22,1,missile,2-0-1,2,5,,True,True,True,0,0,1.0,0,0,0,0,False,False,,,,,,,,,0.0,,False,False,False,False,
autoregressive_ppo_order_201,learning,medium,medium,1,1,204,0,204,23,2,laser,2-0-1,0,5,,True,True,True,0,0,1.0,0,0,0,0,False,False,,,,,,,,,0.0,,False,False,False,False,
autoregressive_ppo_order_201,learning,medium,medium,1,1,204,0,204,23,0,missile,2-0-1,1,5,,True,True,True,0,0,1.0,0,0,0,0,False,False,,,,,,,,,0.0,,False,False,False,False,
autoregressive_ppo_order_201,learning,medium,medium,1,1,204,0,204,23,1,missile,2-0-1,2,5,,True,True,True,0,0,1.0,0,0,0,0,False,False,,,,,,,,,0.0,,False,False,False,False,
autoregressive_ppo_order_201,learning,medium,medium,1,1,204,0,204,24,2,laser,2-0-1,0,5,,True,True,True,0,0,1.0,0,0,0,0,False,False,,,,,,,,,0.0,,False,False,False,False,
autoregressive_ppo_order_201,learning,medium,medium,1,1,204,0,204,24,0,missile,2-0-1,1,5,,True,True,True,0,0,1.0,0,0,0,0,False,False,,,,,,,,,0.0,,False,False,False,False,
autoregressive_ppo_order_201,learning,medium,medium,1,1,204,0,204,24,1,missile,2-0-1,2,5,,True,True,True,0,0,1.0,0,0,0,0,False,False,,,,,,,,,0.0,,False,False,False,False,
autoregressive_ppo_order_201,learning,medium,medium,1,1,204,0,204,25,2,laser,2-0-1,0,5,,True,True,True,0,0,1.0,0,0,0,0,False,False,,,,,,,,,0.0,,False,False,False,False,
autoregressive_ppo_order_201,learning,medium,medium,1,1,204,0,204,25,0,missile,2-0-1,1,5,,True,True,True,0,0,1.0,0,0,0,0,False,False,,,,,,,,,0.0,,False,False,False,False,
autoregressive_ppo_order_201,learning,medium,medium,1,1,204,0,204,25,1,missile,2-0-1,2,5,,True,True,True,0,0,1.0,0,0,0,0,False,False,,,,,,,,,0.0,,False,False,False,False,
autoregressive_ppo_order_201,learning,medium,medium,1,1,204,0,204,26,2,laser,2-0-1,0,5,,True,True,True,0,0,1.0,0,0,0,0,False,False,,,,,,,,,0.0,,False,False,False,False,
autoregressive_ppo_order_201,learning,medium,medium,1,1,204,0,204,26,0,missile,2-0-1,1,5,,True,True,True,0,0,1.0,0,0,0,0,False,False,,,,,,,,,0.0,,False,False,False,False,
autoregressive_ppo_order_201,learning,medium,medium,1,1,204,0,204,26,1,missile,2-0-1,2,5,,True,True,True,0,0,1.0,0,0,0,0,False,False,,,,,,,,,0.0,,False,False,False,False,
autoregressive_ppo_order_201,learning,medium,medium,1,1,204,0,204,27,2,laser,2-0-1,0,5,,True,True,True,0,0,1.0,0,0,0,0,False,False,,,,,,,,,0.0,,False,False,False,False,
autoregressive_ppo_order_201,learning,medium,medium,1,1,204,0,204,27,0,missile,2-0-1,1,5,,True,True,True,0,0,1.0,0,0,0,0,False,False,,,,,,,,,0.0,,False,False,False,False,
autoregressive_ppo_order_201,learning,medium,medium,1,1,204,0,204,27,1,missile,2-0-1,2,5,,True,True,True,0,0,1.0,0,0,0,0,False,False,,,,,,,,,0.0,,False,False,False,False,
autoregressive_ppo_order_201,learning,medium,medium,1,1,204,0,204,28,2,laser,2-0-1,0,5,,True,True,True,0,0,1.0,0,0,0,0,False,False,,,,,,,,,0.0,,False,False,False,False,
autoregressive_ppo_order_201,learning,medium,medium,1,1,204,0,204,28,0,missile,2-0-1,1,5,,True,True,True,0,0,1.0,0,0,0,0,False,False,,,,,,,,,0.0,,False,False,False,False,
autoregressive_ppo_order_201,learning,medium,medium,1,1,204,0,204,28,1,missile,2-0-1,2,5,,True,True,True,0,0,1.0,0,0,0,0,False,False,,,,,,,,,0.0,,False,False,False,False,
autoregressive_ppo_order_201,learning,medium,medium,1,1,204,0,204,29,2,laser,2-0-1,0,5,,True,True,True,0,0,1.0,0,0,0,0,False,False,,,,,,,,,0.0,,False,False,False,False,
autoregressive_ppo_order_201,learning,medium,medium,1,1,204,0,204,29,0,missile,2-0-1,1,5,,True,True,True,0,0,1.0,0,0,0,0,False,False,,,,,,,,,0.0,,False,False,False,False,
autoregressive_ppo_order_201,learning,medium,medium,1,1,204,0,204,29,1,missile,2-0-1,2,5,,True,True,True,0,0,1.0,0,0,0,0,False,False,,,,,,,,,0.0,,False,False,False,False,
autoregressive_ppo_order_201,learning,medium,medium,1,1,204,0,204,30,2,laser,2-0-1,0,5,,True,True,True,0,0,1.0,0,0,0,0,False,False,,,,,,,,,0.0,,False,False,False,False,
autoregressive_ppo_order_201,learning,medium,medium,1,1,204,0,204,30,0,missile,2-0-1,1,5,,True,True,True,0,0,1.0,0,0,0,0,False,False,,,,,,,,,0.0,,False,False,False,False,
autoregressive_ppo_order_201,learning,medium,medium,1,1,204,0,204,30,1,missile,2-0-1,2,5,,True,True,True,0,0,1.0,0,0,0,0,False,False,,,,,,,,,0.0,,False,False,False,False,
autoregressive_ppo_order_201,learning,medium,medium,1,1,204,0,204,31,2,laser,2-0-1,0,5,,True,True,True,0,0,1.0,0,0,0,0,False,False,,,,,,,,,0.0,,False,False,False,False,
autoregressive_ppo_order_201,learning,medium,medium,1,1,204,0,204,31,0,missile,2-0-1,1,5,,True,True,True,0,0,1.0,0,0,0,0,False,False,,,,,,,,,0.0,,False,False,False,False,
autoregressive_ppo_order_201,learning,medium,medium,1,1,204,0,204,31,1,missile,2-0-1,2,5,,True,True,True,0,0,1.0,0,0,0,0,False,False,,,,,,,,,0.0,,False,False,False,False,
autoregressive_ppo_order_201,learning,medium,medium,1,1,204,0,204,32,2,laser,2-0-1,0,5,,True,True,True,0,0,1.0,0,0,0,0,False,False,,,,,,,,,0.0,,False,False,False,False,
autoregressive_ppo_order_201,learning,medium,medium,1,1,204,0,204,32,0,missile,2-0-1,1,5,,True,True,True,0,0,1.0,0,0,0,0,False,False,,,,,,,,,0.0,,False,False,False,False,
autoregressive_ppo_order_201,learning,medium,medium,1,1,204,0,204,32,1,missile,2-0-1,2,5,,True,True,True,0,0,1.0,0,0,0,0,False,False,,,,,,,,,0.0,,False,False,False,False,
autoregressive_ppo_order_201,learning,medium,medium,1,1,204,0,204,33,2,laser,2-0-1,0,5,,True,True,True,0,0,1.0,0,0,0,0,False,False,,,,,,,,,0.0,,False,False,False,False,
autoregressive_ppo_order_201,learning,medium,medium,1,1,204,0,204,33,0,missile,2-0-1,1,5,,True,True,True,0,0,1.0,0,0,0,0,False,False,,,,,,,,,0.0,,False,False,False,False,
autoregressive_ppo_order_201,learning,medium,medium,1,1,204,0,204,33,1,missile,2-0-1,2,5,,True,True,True,0,0,1.0,0,0,0,0,False,False,,,,,,,,,0.0,,False,False,False,False,
autoregressive_ppo_order_201,learning,medium,medium,1,1,204,0,204,34,2,laser,2-0-1,0,5,,True,True,True,0,0,1.0,0,0,0,0,False,False,,,,,,,,,0.0,,False,False,False,False,
autoregressive_ppo_order_201,learning,medium,medium,1,1,204,0,204,34,0,missile,2-0-1,1,5,,True,True,True,0,0,1.0,0,0,0,0,False,False,,,,,,,,,0.0,,False,False,False,False,
autoregressive_ppo_order_201,learning,medium,medium,1,1,204,0,204,34,1,missile,2-0-1,2,5,,True,True,True,0,0,1.0,0,0,0,0,False,False,,,,,,,,,0.0,,False,False,False,False,
autoregressive_ppo_order_201,learning,medium,medium,1,1,204,0,204,35,2,laser,2-0-1,0,5,,True,True,True,0,0,1.0,0,0,0,0,False,False,,,,,,,,,0.0,,False,False,False,False,
autoregressive_ppo_order_201,learning,medium,medium,1,1,204,0,204,35,0,missile,2-0-1,1,5,,True,True,True,0,0,1.0,0,0,0,0,False,False,,,,,,,,,0.0,,False,False,False,False,
autoregressive_ppo_order_201,learning,medium,medium,1,1,204,0,204,35,1,missile,2-0-1,2,5,,True,True,True,0,0,1.0,0,0,0,0,False,False,,,,,,,,,0.0,,False,False,False,False,
autoregressive_ppo_order_201,learning,medium,medium,1,1,204,0,204,36,2,laser,2-0-1,0,5,,True,True,True,0,0,1.0,0,0,0,0,False,False,,,,,,,,,0.0,,False,False,False,False,
autoregressive_ppo_order_201,learning,medium,medium,1,1,204,0,204,36,0,missile,2-0-1,1,5,,True,True,True,0,0,1.0,0,0,0,0,False,False,,,,,,,,,0.0,,False,False,False,False,
autoregressive_ppo_order_201,learning,medium,medium,1,1,204,0,204,36,1,missile,2-0-1,2,5,,True,True,True,0,0,1.0,0,0,0,0,False,False,,,,,,,,,0.0,,False,False,False,False,
autoregressive_ppo_order_201,learning,medium,medium,1,1,204,0,204,37,2,laser,2-0-1,0,5,,True,True,True,0,0,1.0,0,0,0,0,False,False,,,,,,,,,0.0,,False,False,False,False,
autoregressive_ppo_order_201,learning,medium,medium,1,1,204,0,204,37,0,missile,2-0-1,1,5,,True,True,True,0,0,1.0,0,0,0,0,False,False,,,,,,,,,0.0,,False,False,False,False,
autoregressive_ppo_order_201,learning,medium,medium,1,1,204,0,204,37,1,missile,2-0-1,2,5,,True,True,True,0,0,1.0,0,0,0,0,False,False,,,,,,,,,0.0,,False,False,False,False,
autoregressive_ppo_order_201,learning,medium,medium,1,1,204,0,204,38,2,laser,2-0-1,0,5,,True,True,True,0,0,1.0,0,0,0,0,False,False,,,,,,,,,0.0,,False,False,False,False,
autoregressive_ppo_order_201,learning,medium,medium,1,1,204,0,204,38,0,missile,2-0-1,1,5,,True,True,True,0,0,1.0,0,0,0,0,False,False,,,,,,,,,0.0,,False,False,False,False,
autoregressive_ppo_order_201,learning,medium,medium,1,1,204,0,204,38,1,missile,2-0-1,2,5,,True,True,True,0,0,1.0,0,0,0,0,False,False,,,,,,,,,0.0,,False,False,False,False,
autoregressive_ppo_order_201,learning,medium,medium,1,1,204,0,204,39,2,laser,2-0-1,0,5,,True,True,True,0,0,1.0,0,0,0,0,False,False,,,,,,,,,0.0,,False,False,False,False,
autoregressive_ppo_order_201,learning,medium,medium,1,1,204,0,204,39,0,missile,2-0-1,1,5,,True,True,True,0,0,1.0,0,0,0,0,False,False,,,,,,,,,0.0,,False,False,False,False,
autoregressive_ppo_order_201,learning,medium,medium,1,1,204,0,204,39,1,missile,2-0-1,2,5,,True,True,True,0,0,1.0,0,0,0,0,False,False,,,,,,,,,0.0,,False,False,False,False,
autoregressive_ppo_order_201,learning,medium,medium,1,1,204,0,204,40,2,laser,2-0-1,0,5,,True,True,True,0,0,1.0,0,0,0,0,False,False,,,,,,,,,0.0,,False,False,False,False,
autoregressive_ppo_order_201,learning,medium,medium,1,1,204,0,204,40,0,missile,2-0-1,1,5,,True,True,True,0,0,1.0,0,0,0,0,False,False,,,,,,,,,0.0,,False,False,False,False,
autoregressive_ppo_order_201,learning,medium,medium,1,1,204,0,204,40,1,missile,2-0-1,2,5,,True,True,True,0,0,1.0,0,0,0,0,False,False,,,,,,,,,0.0,,False,False,False,False,
autoregressive_ppo_order_201,learning,medium,medium,1,1,204,0,204,41,2,laser,2-0-1,0,5,,True,True,True,0,0,1.0,0,0,0,0,False,False,,,,,,,,,0.0,,False,False,False,False,
autoregressive_ppo_order_201,learning,medium,medium,1,1,204,0,204,41,0,missile,2-0-1,1,5,,True,True,True,0,0,1.0,0,0,0,0,False,False,,,,,,,,,0.0,,False,False,False,False,
autoregressive_ppo_order_201,learning,medium,medium,1,1,204,0,204,41,1,missile,2-0-1,2,5,,True,True,True,0,0,1.0,0,0,0,0,False,False,,,,,,,,,0.0,,False,False,False,False,
autoregressive_ppo_order_201,learning,medium,medium,1,1,204,0,204,42,2,laser,2-0-1,0,5,,True,True,True,0,0,1.0,0,0,0,0,False,False,,,,,,,,,0.0,,False,False,False,False,
autoregressive_ppo_order_201,learning,medium,medium,1,1,204,0,204,42,0,missile,2-0-1,1,5,,True,True,True,0,0,1.0,0,0,0,0,False,False,,,,,,,,,0.0,,False,False,False,False,
autoregressive_ppo_order_201,learning,medium,medium,1,1,204,0,204,42,1,missile,2-0-1,2,5,,True,True,True,0,0,1.0,0,0,0,0,False,False,,,,,,,,,0.0,,False,False,False,False,
autoregressive_ppo_order_201,learning,medium,medium,1,1,204,0,204,43,2,laser,2-0-1,0,5,,True,True,True,0,0,1.0,0,0,0,0,False,False,,,,,,,,,0.0,,False,False,False,False,
autoregressive_ppo_order_201,learning,medium,medium,1,1,204,0,204,43,0,missile,2-0-1,1,5,,True,True,True,0,0,1.0,0,0,0,0,False,False,,,,,,,,,0.0,,False,False,False,False,
autoregressive_ppo_order_201,learning,medium,medium,1,1,204,0,204,43,1,missile,2-0-1,2,5,,True,True,True,0,0,1.0,0,0,0,0,False,False,,,,,,,,,0.0,,False,False,False,False,
autoregressive_ppo_order_201,learning,medium,medium,1,1,204,0,204,44,2,laser,2-0-1,0,5,,True,True,True,0,0,1.0,0,0,0,0,False,False,,,,,,,,,0.0,,False,False,False,False,
autoregressive_ppo_order_201,learning,medium,medium,1,1,204,0,204,44,0,missile,2-0-1,1,5,,True,True,True,0,0,1.0,0,0,0,0,False,False,,,,,,,,,0.0,,False,False,False,False,
autoregressive_ppo_order_201,learning,medium,medium,1,1,204,0,204,44,1,missile,2-0-1,2,5,,True,True,True,0,0,1.0,0,0,0,0,False,False,,,,,,,,,0.0,,False,False,False,False,
autoregressive_ppo_order_201,learning,medium,medium,1,1,204,0,204,45,2,laser,2-0-1,0,5,,True,True,True,0,0,1.0,0,0,0,0,False,False,,,,,,,,,0.0,,False,False,False,False,
autoregressive_ppo_order_201,learning,medium,medium,1,1,204,0,204,45,0,missile,2-0-1,1,5,,True,True,True,0,0,1.0,0,0,0,0,False,False,,,,,,,,,0.0,,False,False,False,False,
autoregressive_ppo_order_201,learning,medium,medium,1,1,204,0,204,45,1,missile,2-0-1,2,5,,True,True,True,0,0,1.0,0,0,0,0,False,False,,,,,,,,,0.0,,False,False,False,False,
autoregressive_ppo_order_201,learning,medium,medium,1,1,204,1,205,0,2,laser,2-0-1,0,5,,True,True,True,10,0,1.0,0,0,0,0,False,False,,,,,,,,,0.0,,False,False,False,False,
autoregressive_ppo_order_201,learning,medium,medium,1,1,204,1,205,0,0,missile,2-0-1,1,5,,True,True,True,3,0,1.0,1,1,0,0,True,False,,,,,,,,,0.06508662017285347,,False,False,False,False,
autoregressive_ppo_order_201,learning,medium,medium,1,1,204,1,205,0,1,missile,2-0-1,2,1,1,False,True,True,3,0,1.0,2,2,1,0,False,True,True,0.9489907371034737,1.146926557288364,23.98616020275858,65.78102111816406,0.19897295783547794,1.088422679004634,0.216566679816767,0.216566679816767,1.0,False,True,False,False,alive
autoregressive_ppo_order_201,learning,medium,medium,1,1,204,1,205,1,2,laser,2-0-1,0,5,,True,True,True,10,0,1.0,0,0,0,0,False,False,,,,,,,,,0.0,,False,False,False,False,
autoregressive_ppo_order_201,learning,medium,medium,1,1,204,1,205,1,0,missile,2-0-1,1,5,,True,True,True,3,0,1.0,2,2,1,0,True,False,,,,,,,,,0.07673902882883926,,False,False,False,False,
autoregressive_ppo_order_201,learning,medium,medium,1,1,204,1,205,1,1,missile,2-0-1,2,5,,True,True,True,2,1,1.0,0,0,0,0,False,False,,,,,,,,,0.0,,False,False,False,False,
autoregressive_ppo_order_201,learning,medium,medium,1,1,204,1,205,2,2,laser,2-0-1,0,5,,True,True,True,10,0,1.0,0,0,0,0,False,False,,,,,,,,,0.0,,False,False,False,False,
autoregressive_ppo_order_201,learning,medium,medium,1,1,204,1,205,2,0,missile,2-0-1,1,5,,True,True,True,3,0,1.0,2,2,1,0,True,False,,,,,,,,,0.08838686129277794,,False,False,False,False,
autoregressive_ppo_order_201,learning,medium,medium,1,1,204,1,205,2,1,missile,2-0-1,2,1,1,False,True,True,2,0,1.0,5,5,1,0,False,True,True,0.9489907371034737,1.146926557288364,21.98615936812566,59.94443130493164,0.25939882884306065,1.088422679004634,0.2823355682200286,0.2823355682200286,1.0,False,True,True,True,intercepted
autoregressive_ppo_order_201,learning,medium,medium,1,1,204,1,205,3,2,laser,2-0-1,0,5,,True,True,True,10,0,1.0,0,0,0,0,False,False,,,,,,,,,0.0,,False,False,False,False,
autoregressive_ppo_order_201,learning,medium,medium,1,1,204,1,205,3,0,missile,2-0-1,1,5,,True,True,True,3,0,1.0,1,1,0,0,True,False,,,,,,,,,0.10002976163862155,,False,False,False,False,
autoregressive_ppo_order_201,learning,medium,medium,1,1,204,1,205,3,1,missile,2-0-1,2,5,,True,True,True,1,1,1.0,0,0,0,0,False,False,,,,,,,,,0.0,,False,False,False,False,
autoregressive_ppo_order_201,learning,medium,medium,1,1,204,1,205,4,2,laser,2-0-1,0,5,,True,True,True,10,0,1.0,0,0,0,0,False,False,,,,,,,,,0.0,,False,False,False,False,
autoregressive_ppo_order_201,learning,medium,medium,1,1,204,1,205,4,0,missile,2-0-1,1,5,,True,True,True,3,0,1.0,1,1,0,0,True,False,,,,,,,,,0.11166732309374353,,False,False,False,False,
autoregressive_ppo_order_201,learning,medium,medium,1,1,204,1,205,4,1,missile,2-0-1,2,4,4,False,True,True,1,0,1.0,4,4,0,0,False,False,True,0.6890958359458179,0.6165700874256671,20.568944509407217,77.304443359375,0.07967164522058827,0.3399007038510209,0.027080448287446778,0.2100729941748664,0.12890970776045968,False,True,False,False,alive
autoregressive_ppo_order_201,learning,medium,medium,1,1,204,1,205,5,2,laser,2-0-1,0,5,,True,True,True,10,0,1.0,0,0,0,0,False,False,,,,,,,,,0.0,,False,False,False,False,
autoregressive_ppo_order_201,learning,medium,medium,1,1,204,1,205,5,0,missile,2-0-1,1,5,,True,True,True,3,0,1.0,1,1,0,0,True,False,,,,,,,,,0.12329913888551754,,False,False,False,False,
autoregressive_ppo_order_201,learning,medium,medium,1,1,204,1,205,5,1,missile,2-0-1,2,5,,True,True,True,0,1,1.0,0,0,0,0,False,False,,,,,,,,,0.0,,False,False,False,False,
autoregressive_ppo_order_201,learning,medium,medium,1,1,204,1,205,6,2,laser,2-0-1,0,5,,True,True,True,10,0,1.0,0,0,0,0,False,False,,,,,,,,,0.0,,False,False,False,False,
autoregressive_ppo_order_201,learning,medium,medium,1,1,204,1,205,6,0,missile,2-0-1,1,5,,True,True,True,3,0,1.0,1,1,0,0,True,False,,,,,,,,,0.13492475139473897,,False,False,False,False,
autoregressive_ppo_order_201,learning,medium,medium,1,1,204,1,205,6,1,missile,2-0-1,2,5,,True,True,True,0,0,1.0,0,0,0,0,False,False,,,,,,,,,0.0,,False,False,False,False,
autoregressive_ppo_order_201,learning,medium,medium,1,1,204,1,205,7,2,laser,2-0-1,0,5,,True,True,True,10,0,1.0,0,0,0,0,False,False,,,,,,,,,0.0,,False,False,False,False,
autoregressive_ppo_order_201,learning,medium,medium,1,1,204,1,205,7,0,missile,2-0-1,1,2,2,False,True,True,3,0,1.0,2,2,0,0,False,False,True,0.7198606706060082,0.8236628477249822,24.588365777811426,83.79972839355469,0.01242634133731622,0.5929224899165602,0.007367857246274611,0.14654365215562462,0.050277559879906536,False,True,False,False,alive
autoregressive_ppo_order_201,learning,medium,medium,1,1,204,1,205,7,1,missile,2-0-1,2,5,,True,True,True,0,0,1.0,0,0,0,0,False,False,,,,,,,,,0.0,,False,False,False,False,
autoregressive_ppo_order_201,learning,medium,medium,1,1,204,1,205,8,2,laser,2-0-1,0,5,,True,True,True,10,0,1.0,0,0,0,0,False,False,,,,,,,,,0.0,,False,False,False,False,
autoregressive_ppo_order_201,learning,medium,medium,1,1,204,1,205,8,0,missile,2-0-1,1,5,,True,True,True,2,1,1.0,0,0,0,0,False,False,,,,,,,,,0.0,,False,False,False,False,
autoregressive_ppo_order_201,learning,medium,medium,1,1,204,1,205,8,1,missile,2-0-1,2,5,,True,True,True,0,0,1.0,0,0,0,0,False,False,,,,,,,,,0.0,,False,False,False,False,
autoregressive_ppo_order_201,learning,medium,medium,1,1,204,1,205,9,2,laser,2-0-1,0,5,,True,True,True,10,0,1.0,0,0,0,0,False,False,,,,,,,,,0.0,,False,False,False,False,
autoregressive_ppo_order_201,learning,medium,medium,1,1,204,1,205,9,0,missile,2-0-1,1,2,2,False,True,True,2,0,1.0,3,3,0,0,False,False,True,0.7198606706060082,0.8236628477249822,22.588366557020912,78.07777404785156,0.0716653980928309,0.5929224899165602,0.0424920262780628,0.1697589032199197,0.25030808677536703,False,True,False,False,alive
autoregressive_ppo_order_201,learning,medium,medium,1,1,204,1,205,9,1,missile,2-0-1,2,5,,True,True,True,0,0,1.0,0,0,0,0,False,False,,,,,,,,,0.0,,False,False,False,False,
autoregressive_ppo_order_201,learning,medium,medium,1,1,204,1,205,10,2,laser,2-0-1,0,5,,True,True,True,10,0,1.0,0,0,0,0,False,False,,,,,,,,,0.0,,False,False,False,False,
autoregressive_ppo_order_201,learning,medium,medium,1,1,204,1,205,10,0,missile,2-0-1,1,5,,True,True,True,1,1,1.0,0,0,0,0,False,False,,,,,,,,,0.0,,False,False,False,False,
autoregressive_ppo_order_201,learning,medium,medium,1,1,204,1,205,10,1,missile,2-0-1,2,5,,True,True,True,0,0,1.0,0,0,0,0,False,False,,,,,,,,,0.0,,False,False,False,False,
autoregressive_ppo_order_201,learning,medium,medium,1,1,204,1,205,11,2,laser,2-0-1,0,5,,True,True,True,10,0,1.0,0,0,0,0,False,False,,,,,,,,,0.0,,False,False,False,False,
autoregressive_ppo_order_201,learning,medium,medium,1,1,204,1,205,11,0,missile,2-0-1,1,2,2,False,True,True,1,0,1.0,4,4,0,0,False,False,True,0.7198606706060082,0.8236628477249822,20.588367336230394,72.36203002929688,0.1308401596966912,0.5929224899165602,0.0775780732684425,0.19293940064794632,0.4020851780813711,False,True,False,False,alive
autoregressive_ppo_order_201,learning,medium,medium,1,1,204,1,205,11,1,missile,2-0-1,2,5,,True,True,True,0,0,1.0,0,0,0,0,False,False,,,,,,,,,0.0,,False,False,False,False,
autoregressive_ppo_order_201,learning,medium,medium,1,1,204,1,205,12,2,laser,2-0-1,0,5,,True,True,True,10,0,1.0,1,1,0,0,True,False,,,,,,,,,0.004494137435824825,,False,False,False,False,
autoregressive_ppo_order_201,learning,medium,medium,1,1,204,1,205,12,0,missile,2-0-1,1,5,,True,True,True,0,1,1.0,0,0,0,0,False,False,,,,,,,,,0.0,,False,False,False,False,
autoregressive_ppo_order_201,learning,medium,medium,1,1,204,1,205,12,1,missile,2-0-1,2,5,,True,True,True,0,0,1.0,0,0,0,0,False,False,,,,,,,,,0.0,,False,False,False,False,
autoregressive_ppo_order_201,learning,medium,medium,1,1,204,1,205,13,2,laser,2-0-1,0,5,,True,True,True,10,0,1.0,1,1,0,0,True,False,,,,,,,,,0.01828416607916223,,False,False,False,False,
autoregressive_ppo_order_201,learning,medium,medium,1,1,204,1,205,13,0,missile,2-0-1,1,5,,True,True,True,0,0,1.0,0,0,0,0,False,False,,,,,,,,,0.0,,False,False,False,False,
autoregressive_ppo_order_201,learning,medium,medium,1,1,204,1,205,13,1,missile,2-0-1,2,5,,True,True,True,0,0,1.0,0,0,0,0,False,False,,,,,,,,,0.0,,False,False,False,False,
autoregressive_ppo_order_201,learning,medium,medium,1,1,204,1,205,14,2,laser,2-0-1,0,5,,True,True,True,10,0,1.0,1,1,0,0,True,False,,,,,,,,,0.03205783021351518,,False,False,False,False,
autoregressive_ppo_order_201,learning,medium,medium,1,1,204,1,205,14,0,missile,2-0-1,1,5,,True,True,True,0,0,1.0,0,0,0,0,False,False,,,,,,,,,0.0,,False,False,False,False,
autoregressive_ppo_order_201,learning,medium,medium,1,1,204,1,205,14,1,missile,2-0-1,2,5,,True,True,True,0,0,1.0,0,0,0,0,False,False,,,,,,,,,0.0,,False,False,False,False,
autoregressive_ppo_order_201,learning,medium,medium,1,1,204,1,205,15,2,laser,2-0-1,0,5,,True,True,True,10,0,1.0,1,1,0,0,True,False,,,,,,,,,0.0458134903518983,,False,False,False,False,
autoregressive_ppo_order_201,learning,medium,medium,1,1,204,1,205,15,0,missile,2-0-1,1,5,,True,True,True,0,0,1.0,0,0,0,0,False,False,,,,,,,,,0.0,,False,False,False,False,
autoregressive_ppo_order_201,learning,medium,medium,1,1,204,1,205,15,1,missile,2-0-1,2,5,,True,True,True,0,0,1.0,0,0,0,0,False,False,,,,,,,,,0.0,,False,False,False,False,
autoregressive_ppo_order_201,learning,medium,medium,1,1,204,1,205,16,2,laser,2-0-1,0,5,,True,True,True,10,0,1.0,1,1,0,0,True,False,,,,,,,,,0.059549173037755,,False,False,False,False,
autoregressive_ppo_order_201,learning,medium,medium,1,1,204,1,205,16,0,missile,2-0-1,1,5,,True,True,True,0,0,1.0,0,0,0,0,False,False,,,,,,,,,0.0,,False,False,False,False,
autoregressive_ppo_order_201,learning,medium,medium,1,1,204,1,205,16,1,missile,2-0-1,2,5,,True,True,True,0,0,1.0,0,0,0,0,False,False,,,,,,,,,0.0,,False,False,False,False,
autoregressive_ppo_order_201,learning,medium,medium,1,1,204,1,205,17,2,laser,2-0-1,0,4,4,False,True,True,10,0,1.0,2,2,0,0,False,False,True,0.6890958359458179,0.6165700874256671,7.568938784725121,52.948028564453125,0.02536982865767043,0.3399007038510209,0.00862322261732198,0.07326257084495755,0.11770297599262436,False,True,False,False,alive
autoregressive_ppo_order_201,learning,medium,medium,1,1,204,1,205,17,0,missile,2-0-1,1,5,,True,True,True,0,0,1.0,0,0,0,0,False,False,,,,,,,,,0.0,,False,False,False,False,
autoregressive_ppo_order_201,learning,medium,medium,1,1,204,1,205,17,1,missile,2-0-1,2,5,,True,True,True,0,0,1.0,0,0,0,0,False,False,,,,,,,,,0.0,,False,False,False,False,
autoregressive_ppo_order_201,learning,medium,medium,1,1,204,1,205,18,2,laser,2-0-1,0,4,4,False,True,True,9,0,1.0,3,3,0,0,False,False,True,0.6890958359458179,0.6165700874256671,6.568938598142072,50.31916046142578,0.05787219793146306,0.3399007038510209,0.01967080081030989,0.08695113346041758,0.22622822759710834,False,True,False,False,alive
autoregressive_ppo_order_201,learning,medium,medium,1,1,204,1,205,18,0,missile,2-0-1,1,5,,True,True,True,0,0,1.0,0,0,0,0,False,False,,,,,,,,,0.0,,False,False,False,False,
autoregressive_ppo_order_201,learning,medium,medium,1,1,204,1,205,18,1,missile,2-0-1,2,5,,True,True,True,0,0,1.0,0,0,0,0,False,False,,,,,,,,,0.0,,False,False,False,False,
autoregressive_ppo_order_201,learning,medium,medium,1,1,204,1,205,19,2,laser,2-0-1,0,4,4,False,True,True,8,0,1.0,4,4,0,0,False,False,True,0.6890958359458179,0.6165700874256671,5.568939071379518,47.720584869384766,0.09000004161487923,0.3399007038510209,0.030591077491518622,0.10061182479712485,0.3040505184475375,False,True,True,True,intercepted
autoregressive_ppo_order_201,learning,medium,medium,1,1,204,1,205,19,0,missile,2-0-1,1,5,,True,True,True,0,0,1.0,0,0,0,0,False,False,,,,,,,,,0.0,,False,False,False,False,
autoregressive_ppo_order_201,learning,medium,medium,1,1,204,1,205,19,1,missile,2-0-1,2,5,,True,True,True,0,0,1.0,0,0,0,0,False,False,,,,,,,,,0.0,,False,False,False,False,
autoregressive_ppo_order_201,learning,medium,medium,1,1,204,1,205,20,2,laser,2-0-1,0,2,2,False,True,True,7,0,1.0,3,3,0,0,False,False,True,0.7198606706060082,0.8236628477249822,11.588366869796138,46.96767807006836,0.09930870749733667,0.5929224899165602,0.05888236611971622,0.11424103191153748,0.5154222185712728,False,True,False,False,alive
autoregressive_ppo_order_201,learning,medium,medium,1,1,204,1,205,20,0,missile,2-0-1,1,5,,True,True,True,0,0,1.0,0,0,0,0,False,False,,,,,,,,,0.0,,False,False,False,False,
autoregressive_ppo_order_201,learning,medium,medium,1,1,204,1,205,20,1,missile,2-0-1,2,5,,True,True,True,0,0,1.0,0,0,0,0,False,False,,,,,,,,,0.0,,False,False,False,False,
autoregressive_ppo_order_201,learning,medium,medium,1,1,204,1,205,21,2,laser,2-0-1,0,2,2,False,True,True,6,0,1.0,3,3,0,0,False,False,True,0.7198606706060082,0.8236628477249822,10.58836725940088,44.154541015625,0.13408931107954544,0.5929224899165602,0.07950456819648027,0.12783468644706183,0.6219326726271922,False,True,False,False,alive
autoregressive_ppo_order_201,learning,medium,medium,1,1,204,1,205,21,0,missile,2-0-1,1,5,,True,True,True,0,0,1.0,0,0,0,0,False,False,,,,,,,,,0.0,,False,False,False,False,
autoregressive_ppo_order_201,learning,medium,medium,1,1,204,1,205,21,1,missile,2-0-1,2,5,,True,True,True,0,0,1.0,0,0,0,0,False,False,,,,,,,,,0.0,,False,False,False,False,
autoregressive_ppo_order_201,learning,medium,medium,1,1,204,1,205,22,2,laser,2-0-1,0,2,2,False,True,True,5,0,1.0,3,3,0,0,False,False,True,0.7198606706060082,0.8236628477249822,9.58836632471331,41.35068893432617,0.16875511863014916,0.5929224899165602,0.10005870512435253,0.14138786994274163,0.707689458543181,False,True,True,True,intercepted
autoregressive_ppo_order_201,learning,medium,medium,1,1,204,1,205,22,0,missile,2-0-1,1,5,,True,True,True,0,0,1.0,0,0,0,0,False,False,,,,,,,,,0.0,,False,False,False,False,
autoregressive_ppo_order_201,learning,medium,medium,1,1,204,1,205,22,1,missile,2-0-1,2,5,,True,True,True,0,0,1.0,0,0,0,0,False,False,,,,,,,,,0.0,,False,False,False,False,
autoregressive_ppo_order_201,learning,medium,medium,1,1,204,1,205,23,2,laser,2-0-1,0,5,,True,True,True,4,0,1.0,2,2,0,0,True,False,,,,,,,,,0.15489481383325765,,False,False,False,False,
autoregressive_ppo_order_201,learning,medium,medium,1,1,204,1,205,23,0,missile,2-0-1,1,5,,True,True,True,0,0,1.0,0,0,0,0,False,False,,,,,,,,,0.0,,False,False,False,False,
autoregressive_ppo_order_201,learning,medium,medium,1,1,204,1,205,23,1,missile,2-0-1,2,5,,True,True,True,0,0,1.0,0,0,0,0,False,False,,,,,,,,,0.0,,False,False,False,False,
autoregressive_ppo_order_201,learning,medium,medium,1,1,204,1,205,24,2,laser,2-0-1,0,5,,True,True,True,4,0,1.0,2,2,0,0,True,False,,,,,,,,,0.1683484440358764,,False,False,False,False,
autoregressive_ppo_order_201,learning,medium,medium,1,1,204,1,205,24,0,missile,2-0-1,1,5,,True,True,True,0,0,1.0,0,0,0,0,False,False,,,,,,,,,0.0,,False,False,False,False,
autoregressive_ppo_order_201,learning,medium,medium,1,1,204,1,205,24,1,missile,2-0-1,2,5,,True,True,True,0,0,1.0,0,0,0,0,False,False,,,,,,,,,0.0,,False,False,False,False,
autoregressive_ppo_order_201,learning,medium,medium,1,1,204,1,205,25,2,laser,2-0-1,0,5,,True,True,True,4,0,1.0,2,2,0,0,True,False,,,,,,,,,0.18174047203306026,,False,False,False,False,
autoregressive_ppo_order_201,learning,medium,medium,1,1,204,1,205,25,0,missile,2-0-1,1,5,,True,True,True,0,0,1.0,0,0,0,0,False,False,,,,,,,,,0.0,,False,False,False,False,
autoregressive_ppo_order_201,learning,medium,medium,1,1,204,1,205,25,1,missile,2-0-1,2,5,,True,True,True,0,0,1.0,0,0,0,0,False,False,,,,,,,,,0.0,,False,False,False,False,
autoregressive_ppo_order_201,learning,medium,medium,1,1,204,1,205,26,2,laser,2-0-1,0,5,,True,True,True,4,0,1.0,2,2,0,0,True,False,,,,,,,,,0.19506065103115025,,False,False,False,False,
autoregressive_ppo_order_201,learning,medium,medium,1,1,204,1,205,26,0,missile,2-0-1,1,5,,True,True,True,0,0,1.0,0,0,0,0,False,False,,,,,,,,,0.0,,False,False,False,False,
autoregressive_ppo_order_201,learning,medium,medium,1,1,204,1,205,26,1,missile,2-0-1,2,5,,True,True,True,0,0,1.0,0,0,0,0,False,False,,,,,,,,,0.0,,False,False,False,False,
autoregressive_ppo_order_201,learning,medium,medium,1,1,204,1,205,27,2,laser,2-0-1,0,5,,True,True,True,4,0,1.0,2,2,0,0,True,False,,,,,,,,,0.2082964419907946,,False,False,False,False,
autoregressive_ppo_order_201,learning,medium,medium,1,1,204,1,205,27,0,missile,2-0-1,1,5,,True,True,True,0,0,1.0,0,0,0,0,False,False,,,,,,,,,0.0,,False,False,False,False,
autoregressive_ppo_order_201,learning,medium,medium,1,1,204,1,205,27,1,missile,2-0-1,2,5,,True,True,True,0,0,1.0,0,0,0,0,False,False,,,,,,,,,0.0,,False,False,False,False,
autoregressive_ppo_order_201,learning,medium,medium,1,1,204,1,205,28,2,laser,2-0-1,0,5,,True,True,True,4,0,1.0,2,2,0,0,True,False,,,,,,,,,0.22143240640954695,,False,False,False,False,
autoregressive_ppo_order_201,learning,medium,medium,1,1,204,1,205,28,0,missile,2-0-1,1,5,,True,True,True,0,0,1.0,0,0,0,0,False,False,,,,,,,,,0.0,,False,False,False,False,
autoregressive_ppo_order_201,learning,medium,medium,1,1,204,1,205,28,1,missile,2-0-1,2,5,,True,True,True,0,0,1.0,0,0,0,0,False,False,,,,,,,,,0.0,,False,False,False,False,
autoregressive_ppo_order_201,learning,medium,medium,1,1,204,1,205,29,2,laser,2-0-1,0,5,,True,True,True,4,0,1.0,2,2,0,0,True,False,,,,,,,,,0.23444917405228297,,False,False,False,False,
autoregressive_ppo_order_201,learning,medium,medium,1,1,204,1,205,29,0,missile,2-0-1,1,5,,True,True,True,0,0,1.0,0,0,0,0,False,False,,,,,,,,,0.0,,False,False,False,False,
autoregressive_ppo_order_201,learning,medium,medium,1,1,204,1,205,29,1,missile,2-0-1,2,5,,True,True,True,0,0,1.0,0,0,0,0,False,False,,,,,,,,,0.0,,False,False,False,False,
autoregressive_ppo_order_201,learning,medium,medium,1,1,204,1,205,30,2,laser,2-0-1,0,5,,True,True,True,4,0,1.0,2,2,0,0,True,False,,,,,,,,,0.2473222740577012,,False,False,False,False,
autoregressive_ppo_order_201,learning,medium,medium,1,1,204,1,205,30,0,missile,2-0-1,1,5,,True,True,True,0,0,1.0,0,0,0,0,False,False,,,,,,,,,0.0,,False,False,False,False,
autoregressive_ppo_order_201,learning,medium,medium,1,1,204,1,205,30,1,missile,2-0-1,2,5,,True,True,True,0,0,1.0,0,0,0,0,False,False,,,,,,,,,0.0,,False,False,False,False,
autoregressive_ppo_order_201,learning,medium,medium,1,1,204,1,205,31,2,laser,2-0-1,0,5,,True,True,True,4,0,1.0,2,2,0,0,True,False,,,,,,,,,0.2600204954513379,,False,False,False,False,
autoregressive_ppo_order_201,learning,medium,medium,1,1,204,1,205,31,0,missile,2-0-1,1,5,,True,True,True,0,0,1.0,0,0,0,0,False,False,,,,,,,,,0.0,,False,False,False,False,
autoregressive_ppo_order_201,learning,medium,medium,1,1,204,1,205,31,1,missile,2-0-1,2,5,,True,True,True,0,0,1.0,0,0,0,0,False,False,,,,,,,,,0.0,,False,False,False,False,
autoregressive_ppo_order_201,learning,medium,medium,1,1,204,1,205,32,2,laser,2-0-1,0,5,,True,True,True,4,0,1.0,2,2,0,0,True,False,,,,,,,,,0.2725035493585691,,False,False,False,False,
autoregressive_ppo_order_201,learning,medium,medium,1,1,204,1,205,32,0,missile,2-0-1,1,5,,True,True,True,0,0,1.0,0,0,0,0,False,False,,,,,,,,,0.0,,False,False,False,False,
autoregressive_ppo_order_201,learning,medium,medium,1,1,204,1,205,32,1,missile,2-0-1,2,5,,True,True,True,0,0,1.0,0,0,0,0,False,False,,,,,,,,,0.0,,False,False,False,False,
autoregressive_ppo_order_201,learning,medium,medium,1,1,204,1,205,33,2,laser,2-0-1,0,5,,True,True,True,4,0,1.0,2,2,0,0,True,False,,,,,,,,,0.28471875966976956,,False,False,False,False,
autoregressive_ppo_order_201,learning,medium,medium,1,1,204,1,205,33,0,missile,2-0-1,1,5,,True,True,True,0,0,1.0,0,0,0,0,False,False,,,,,,,,,0.0,,False,False,False,False,
autoregressive_ppo_order_201,learning,medium,medium,1,1,204,1,205,33,1,missile,2-0-1,2,5,,True,True,True,0,0,1.0,0,0,0,0,False,False,,,,,,,,,0.0,,False,False,False,False,
autoregressive_ppo_order_201,learning,medium,medium,1,1,204,1,205,34,2,laser,2-0-1,0,5,,True,True,True,4,0,1.0,2,2,0,0,True,False,,,,,,,,,0.29659650890979794,,False,False,False,False,
autoregressive_ppo_order_201,learning,medium,medium,1,1,204,1,205,34,0,missile,2-0-1,1,5,,True,True,True,0,0,1.0,0,0,0,0,False,False,,,,,,,,,0.0,,False,False,False,False,
autoregressive_ppo_order_201,learning,medium,medium,1,1,204,1,205,34,1,missile,2-0-1,2,5,,True,True,True,0,0,1.0,0,0,0,0,False,False,,,,,,,,,0.0,,False,False,False,False,
autoregressive_ppo_order_201,learning,medium,medium,1,1,204,1,205,35,2,laser,2-0-1,0,5,,True,True,True,4,0,1.0,2,2,0,0,True,False,,,,,,,,,0.30804410534223575,,False,False,False,False,
autoregressive_ppo_order_201,learning,medium,medium,1,1,204,1,205,35,0,missile,2-0-1,1,5,,True,True,True,0,0,1.0,0,0,0,0,False,False,,,,,,,,,0.0,,False,False,False,False,
autoregressive_ppo_order_201,learning,medium,medium,1,1,204,1,205,35,1,missile,2-0-1,2,5,,True,True,True,0,0,1.0,0,0,0,0,False,False,,,,,,,,,0.0,,False,False,False,False,
autoregressive_ppo_order_201,learning,medium,medium,1,1,204,1,205,36,2,laser,2-0-1,0,5,,True,True,True,4,0,1.0,1,1,0,0,True,False,,,,,,,,,0.10211761041258251,,False,False,False,False,
autoregressive_ppo_order_201,learning,medium,medium,1,1,204,1,205,36,0,missile,2-0-1,1,5,,True,True,True,0,0,1.0,0,0,0,0,False,False,,,,,,,,,0.0,,False,False,False,False,
autoregressive_ppo_order_201,learning,medium,medium,1,1,204,1,205,36,1,missile,2-0-1,2,5,,True,True,True,0,0,1.0,0,0,0,0,False,False,,,,,,,,,0.0,,False,False,False,False,
autoregressive_ppo_order_201,learning,medium,medium,1,1,204,1,205,37,2,laser,2-0-1,0,5,,True,True,True,4,0,1.0,1,1,0,0,True,False,,,,,,,,,0.1069524698697676,,False,False,False,False,
autoregressive_ppo_order_201,learning,medium,medium,1,1,204,1,205,37,0,missile,2-0-1,1,5,,True,True,True,0,0,1.0,0,0,0,0,False,False,,,,,,,,,0.0,,False,False,False,False,
autoregressive_ppo_order_201,learning,medium,medium,1,1,204,1,205,37,1,missile,2-0-1,2,5,,True,True,True,0,0,1.0,0,0,0,0,False,False,,,,,,,,,0.0,,False,False,False,False,
autoregressive_ppo_order_201,learning,medium,medium,1,1,204,1,205,38,2,laser,2-0-1,0,5,,True,True,True,4,0,1.0,1,1,0,0,True,False,,,,,,,,,0.1116343565434335,,False,False,False,False,
autoregressive_ppo_order_201,learning,medium,medium,1,1,204,1,205,38,0,missile,2-0-1,1,5,,True,True,True,0,0,1.0,0,0,0,0,False,False,,,,,,,,,0.0,,False,False,False,False,
autoregressive_ppo_order_201,learning,medium,medium,1,1,204,1,205,38,1,missile,2-0-1,2,5,,True,True,True,0,0,1.0,0,0,0,0,False,False,,,,,,,,,0.0,,False,False,False,False,
autoregressive_ppo_order_201,learning,medium,medium,1,1,204,1,205,39,2,laser,2-0-1,0,5,,True,True,True,4,0,1.0,1,1,0,0,True,False,,,,,,,,,0.11615005747942857,,False,False,False,False,
autoregressive_ppo_order_201,learning,medium,medium,1,1,204,1,205,39,0,missile,2-0-1,1,5,,True,True,True,0,0,1.0,0,0,0,0,False,False,,,,,,,,,0.0,,False,False,False,False,
autoregressive_ppo_order_201,learning,medium,medium,1,1,204,1,205,39,1,missile,2-0-1,2,5,,True,True,True,0,0,1.0,0,0,0,0,False,False,,,,,,,,,0.0,,False,False,False,False,
autoregressive_ppo_order_201,learning,medium,medium,1,1,204,1,205,40,2,laser,2-0-1,0,5,,True,True,True,4,0,1.0,1,1,0,0,True,False,,,,,,,,,0.12048531659564175,,False,False,False,False,
autoregressive_ppo_order_201,learning,medium,medium,1,1,204,1,205,40,0,missile,2-0-1,1,5,,True,True,True,0,0,1.0,0,0,0,0,False,False,,,,,,,,,0.0,,False,False,False,False,
autoregressive_ppo_order_201,learning,medium,medium,1,1,204,1,205,40,1,missile,2-0-1,2,5,,True,True,True,0,0,1.0,0,0,0,0,False,False,,,,,,,,,0.0,,False,False,False,False,
autoregressive_ppo_order_201,learning,medium,medium,1,1,204,1,205,41,2,laser,2-0-1,0,5,,True,True,True,4,0,1.0,1,1,0,0,True,False,,,,,,,,,0.12462489263355599,,False,False,False,False,
autoregressive_ppo_order_201,learning,medium,medium,1,1,204,1,205,41,0,missile,2-0-1,1,5,,True,True,True,0,0,1.0,0,0,0,0,False,False,,,,,,,,,0.0,,False,False,False,False,
autoregressive_ppo_order_201,learning,medium,medium,1,1,204,1,205,41,1,missile,2-0-1,2,5,,True,True,True,0,0,1.0,0,0,0,0,False,False,,,,,,,,,0.0,,False,False,False,False,
autoregressive_ppo_order_201,learning,medium,medium,1,1,204,1,205,42,2,laser,2-0-1,0,5,,True,True,True,4,0,1.0,1,1,0,0,True,False,,,,,,,,,0.1285525688168404,,False,False,False,False,
autoregressive_ppo_order_201,learning,medium,medium,1,1,204,1,205,42,0,missile,2-0-1,1,5,,True,True,True,0,0,1.0,0,0,0,0,False,False,,,,,,,,,0.0,,False,False,False,False,
autoregressive_ppo_order_201,learning,medium,medium,1,1,204,1,205,42,1,missile,2-0-1,2,5,,True,True,True,0,0,1.0,0,0,0,0,False,False,,,,,,,,,0.0,,False,False,False,False,
autoregressive_ppo_order_201,learning,medium,medium,1,1,204,1,205,43,2,laser,2-0-1,0,5,,True,True,True,4,0,1.0,1,1,0,0,True,False,,,,,,,,,0.13225127841304904,,False,False,False,False,
autoregressive_ppo_order_201,learning,medium,medium,1,1,204,1,205,43,0,missile,2-0-1,1,5,,True,True,True,0,0,1.0,0,0,0,0,False,False,,,,,,,,,0.0,,False,False,False,False,
autoregressive_ppo_order_201,learning,medium,medium,1,1,204,1,205,43,1,missile,2-0-1,2,5,,True,True,True,0,0,1.0,0,0,0,0,False,False,,,,,,,,,0.0,,False,False,False,False,
autoregressive_ppo_order_201,learning,medium,medium,1,1,204,1,205,44,2,laser,2-0-1,0,5,,True,True,True,4,0,1.0,1,1,0,0,True,False,,,,,,,,,0.13570322063672766,,False,False,False,False,
autoregressive_ppo_order_201,learning,medium,medium,1,1,204,1,205,44,0,missile,2-0-1,1,5,,True,True,True,0,0,1.0,0,0,0,0,False,False,,,,,,,,,0.0,,False,False,False,False,
autoregressive_ppo_order_201,learning,medium,medium,1,1,204,1,205,44,1,missile,2-0-1,2,5,,True,True,True,0,0,1.0,0,0,0,0,False,False,,,,,,,,,0.0,,False,False,False,False,
autoregressive_ppo_order_201,learning,medium,medium,1,1,204,1,205,45,2,laser,2-0-1,0,5,,True,True,True,4,0,1.0,1,1,0,0,True,False,,,,,,,,,0.13889011177281096,,False,False,False,False,
autoregressive_ppo_order_201,learning,medium,medium,1,1,204,1,205,45,0,missile,2-0-1,1,5,,True,True,True,0,0,1.0,0,0,0,0,False,False,,,,,,,,,0.0,,False,False,False,False,
autoregressive_ppo_order_201,learning,medium,medium,1,1,204,1,205,45,1,missile,2-0-1,2,5,,True,True,True,0,0,1.0,0,0,0,0,False,False,,,,,,,,,0.0,,False,False,False,False,
autoregressive_ppo_order_201,learning,medium,medium,1,1,204,1,205,46,2,laser,2-0-1,0,5,,True,True,True,4,0,1.0,1,1,0,0,True,False,,,,,,,,,0.14179339766565185,,False,False,False,False,
autoregressive_ppo_order_201,learning,medium,medium,1,1,204,1,205,46,0,missile,2-0-1,1,5,,True,True,True,0,0,1.0,0,0,0,0,False,False,,,,,,,,,0.0,,False,False,False,False,
autoregressive_ppo_order_201,learning,medium,medium,1,1,204,1,205,46,1,missile,2-0-1,2,5,,True,True,True,0,0,1.0,0,0,0,0,False,False,,,,,,,,,0.0,,False,False,False,False,
autoregressive_ppo_order_201,learning,medium,medium,1,1,204,1,205,47,2,laser,2-0-1,0,5,,True,True,True,4,0,1.0,1,1,0,0,True,False,,,,,,,,,0.14439466903848638,,False,False,False,False,
autoregressive_ppo_order_201,learning,medium,medium,1,1,204,1,205,47,0,missile,2-0-1,1,5,,True,True,True,0,0,1.0,0,0,0,0,False,False,,,,,,,,,0.0,,False,False,False,False,
autoregressive_ppo_order_201,learning,medium,medium,1,1,204,1,205,47,1,missile,2-0-1,2,5,,True,True,True,0,0,1.0,0,0,0,0,False,False,,,,,,,,,0.0,,False,False,False,False,
autoregressive_ppo_order_201,learning,medium,medium,1,1,204,1,205,48,2,laser,2-0-1,0,5,,True,True,True,4,0,1.0,1,1,0,0,True,False,,,,,,,,,0.14667603817853017,,False,False,False,False,
autoregressive_ppo_order_201,learning,medium,medium,1,1,204,1,205,48,0,missile,2-0-1,1,5,,True,True,True,0,0,1.0,0,0,0,0,False,False,,,,,,,,,0.0,,False,False,False,False,
autoregressive_ppo_order_201,learning,medium,medium,1,1,204,1,205,48,1,missile,2-0-1,2,5,,True,True,True,0,0,1.0,0,0,0,0,False,False,,,,,,,,,0.0,,False,False,False,False,
autoregressive_ppo_order_201,learning,medium,medium,1,1,204,1,205,49,2,laser,2-0-1,0,5,,True,True,True,4,0,1.0,1,1,0,0,True,False,,,,,,,,,0.1486206605009584,,False,False,False,False,
autoregressive_ppo_order_201,learning,medium,medium,1,1,204,1,205,49,0,missile,2-0-1,1,5,,True,True,True,0,0,1.0,0,0,0,0,False,False,,,,,,,,,0.0,,False,False,False,False,
autoregressive_ppo_order_201,learning,medium,medium,1,1,204,1,205,49,1,missile,2-0-1,2,5,,True,True,True,0,0,1.0,0,0,0,0,False,False,,,,,,,,,0.0,,False,False,False,False,
autoregressive_ppo_order_201,learning,medium,heterogeneity_pressure,1,1,206,0,206,0,2,laser,2-0-1,0,5,,True,True,True,10,0,1.0,0,0,0,0,False,False,,,,,,,,,0.0,,False,False,False,False,
autoregressive_ppo_order_201,learning,medium,heterogeneity_pressure,1,1,206,0,206,0,0,missile,2-0-1,1,5,,True,True,True,3,0,1.0,1,1,1,0,True,False,,,,,,,,,0.13376174430278856,,False,False,False,False,
autoregressive_ppo_order_201,learning,medium,heterogeneity_pressure,1,1,206,0,206,0,1,missile,2-0-1,2,5,,True,True,True,3,0,1.0,0,0,0,0,False,False,,,,,,,,,0.0,,False,False,False,False,
autoregressive_ppo_order_201,learning,medium,heterogeneity_pressure,1,1,206,0,206,1,2,laser,2-0-1,0,5,,True,True,True,10,0,1.0,0,0,0,0,False,False,,,,,,,,,0.0,,False,False,False,False,
autoregressive_ppo_order_201,learning,medium,heterogeneity_pressure,1,1,206,0,206,1,0,missile,2-0-1,1,5,,True,True,True,3,0,1.0,2,2,2,0,True,False,,,,,,,,,0.14233965792460765,,False,False,False,False,
autoregressive_ppo_order_201,learning,medium,heterogeneity_pressure,1,1,206,0,206,1,1,missile,2-0-1,2,5,,True,True,True,3,0,1.0,0,0,0,0,False,False,,,,,,,,,0.0,,False,False,False,False,
autoregressive_ppo_order_201,learning,medium,heterogeneity_pressure,1,1,206,0,206,2,2,laser,2-0-1,0,5,,True,True,True,10,0,1.0,0,0,0,0,False,False,,,,,,,,,0.0,,False,False,False,False,
autoregressive_ppo_order_201,learning,medium,heterogeneity_pressure,1,1,206,0,206,2,0,missile,2-0-1,1,5,,True,True,True,3,0,1.0,2,2,2,0,True,False,,,,,,,,,0.15090395972112033,,False,False,False,False,
autoregressive_ppo_order_201,learning,medium,heterogeneity_pressure,1,1,206,0,206,2,1,missile,2-0-1,2,5,,True,True,True,3,0,1.0,0,0,0,0,False,False,,,,,,,,,0.0,,False,False,False,False,
autoregressive_ppo_order_201,learning,medium,heterogeneity_pressure,1,1,206,0,206,3,2,laser,2-0-1,0,5,,True,True,True,10,0,1.0,0,0,0,0,False,False,,,,,,,,,0.0,,False,False,False,False,
autoregressive_ppo_order_201,learning,medium,heterogeneity_pressure,1,1,206,0,206,3,0,missile,2-0-1,1,5,,True,True,True,3,0,1.0,3,3,3,0,True,False,,,,,,,,,0.15945364369015466,,False,False,False,False,
autoregressive_ppo_order_201,learning,medium,heterogeneity_pressure,1,1,206,0,206,3,1,missile,2-0-1,2,1,1,False,True,True,3,0,1.0,1,1,1,0,False,True,True,0.8944048812044247,1.4572351588422823,26.244438887060877,69.81541442871094,0.023666343688964874,1.3033582391312426,0.030845724037124055,0.030845724037124055,1.0,False,True,False,False,alive
autoregressive_ppo_order_201,learning,medium,heterogeneity_pressure,1,1,206,0,206,4,2,laser,2-0-1,0,5,,True,True,True,10,0,1.0,0,0,0,0,False,False,,,,,,,,,0.0,,False,False,False,False,
autoregressive_ppo_order_201,learning,medium,heterogeneity_pressure,1,1,206,0,206,4,0,missile,2-0-1,1,5,,True,True,True,3,0,1.0,3,3,3,0,True,False,,,,,,,,,0.16798753958428606,,False,False,False,False,
autoregressive_ppo_order_201,learning,medium,heterogeneity_pressure,1,1,206,0,206,4,1,missile,2-0-1,2,5,,True,True,True,2,1,1.0,0,0,0,0,False,False,,,,,,,,,0.0,,False,False,False,False,
autoregressive_ppo_order_201,learning,medium,heterogeneity_pressure,1,1,206,0,206,5,2,laser,2-0-1,0,5,,True,True,True,10,0,1.0,0,0,0,0,False,False,,,,,,,,,0.0,,False,False,False,False,
autoregressive_ppo_order_201,learning,medium,heterogeneity_pressure,1,1,206,0,206,5,0,missile,2-0-1,1,5,,True,True,True,3,0,1.0,4,4,3,0,True,False,,,,,,,,,0.17650439503346382,,False,False,False,False,
autoregressive_ppo_order_201,learning,medium,heterogeneity_pressure,1,1,206,0,206,5,1,missile,2-0-1,2,1,1,False,True,True,2,0,1.0,2,2,2,0,False,True,True,0.8944048812044247,1.4572351588422823,24.244439261038153,64.38972473144531,0.08244464874267575,1.3033582391312426,0.10745491221104768,0.10745491221104768,1.0,False,True,False,False,alive
autoregressive_ppo_order_201,learning,medium,heterogeneity_pressure,1,1,206,0,206,6,2,laser,2-0-1,0,5,,True,True,True,10,0,1.0,0,0,0,0,False,False,,,,,,,,,0.0,,False,False,False,False,
autoregressive_ppo_order_201,learning,medium,heterogeneity_pressure,1,1,206,0,206,6,0,missile,2-0-1,1,2,2,False,True,True,3,0,1.0,5,5,4,0,False,True,True,0.9081031613079442,1.1054872720324505,33.212545480668254,90.26116180419922,0.017766390261442815,1.0038964865183635,0.017835616761576512,0.20114218170341402,0.08867168791017337,False,True,False,False,alive
autoregressive_ppo_order_201,learning,medium,heterogeneity_pressure,1,1,206,0,206,6,1,missile,2-0-1,2,5,,True,True,True,1,1,1.0,0,0,0,0,False,False,,,,,,,,,0.0,,False,False,False,False,
autoregressive_ppo_order_201,learning,medium,heterogeneity_pressure,1,1,206,0,206,7,2,laser,2-0-1,0,5,,True,True,True,10,0,1.0,0,0,0,0,False,False,,,,,,,,,0.0,,False,False,False,False,
autoregressive_ppo_order_201,learning,medium,heterogeneity_pressure,1,1,206,0,206,7,0,missile,2-0-1,1,5,,True,True,True,2,1,1.0,0,0,0,0,False,False,,,,,,,,,0.0,,False,False,False,False,
autoregressive_ppo_order_201,learning,medium,heterogeneity_pressure,1,1,206,0,206,7,1,missile,2-0-1,2,1,1,False,True,True,1,0,1.0,4,4,3,0,False,True,True,0.8944048812044247,1.4572351588422823,22.244436849426915,58.973670959472656,0.14111856460571287,1.3033582391312426,0.18392804387323042,0.18392804387323042,1.0,False,True,True,True,intercepted
autoregressive_ppo_order_201,learning,medium,heterogeneity_pressure,1,1,206,0,206,8,2,laser,2-0-1,0,5,,True,True,True,10,0,1.0,0,0,0,0,False,False,,,,,,,,,0.0,,False,False,False,False,
autoregressive_ppo_order_201,learning,medium,heterogeneity_pressure,1,1,206,0,206,8,0,missile,2-0-1,1,2,2,False,True,True,2,0,1.0,4,4,3,0,False,True,True,0.9081031613079442,1.1054872720324505,31.21254233963373,85.774658203125,0.06360675314198372,1.0038964865183635,0.06385459599807833,0.20193783398526088,0.3162091755561713,False,True,False,False,alive
autoregressive_ppo_order_201,learning,medium,heterogeneity_pressure,1,1,206,0,206,8,1,missile,2-0-1,2,5,,True,True,True,0,1,1.0,0,0,0,0,False,False,,,,,,,,,0.0,,False,False,False,False,
autoregressive_ppo_order_201,learning,medium,heterogeneity_pressure,1,1,206,0,206,9,2,laser,2-0-1,0,5,,True,True,True,10,0,1.0,0,0,0,0,False,False,,,,,,,,,0.0,,False,False,False,False,
autoregressive_ppo_order_201,learning,medium,heterogeneity_pressure,1,1,206,0,206,9,0,missile,2-0-1,1,5,,True,True,True,1,1,1.0,0,0,0,0,False,False,,,,,,,,,0.0,,False,False,False,False,
autoregressive_ppo_order_201,learning,medium,heterogeneity_pressure,1,1,206,0,206,9,1,missile,2-0-1,2,5,,True,True,True,0,0,1.0,0,0,0,0,False,False,,,,,,,,,0.0,,False,False,False,False,
autoregressive_ppo_order_201,learning,medium,heterogeneity_pressure,1,1,206,0,206,10,2,laser,2-0-1,0,5,,True,True,True,10,0,1.0,0,0,0,0,False,False,,,,,,,,,0.0,,False,False,False,False,
autoregressive_ppo_order_201,learning,medium,heterogeneity_pressure,1,1,206,0,206,10,0,missile,2-0-1,1,2,2,False,True,True,1,0,1.0,4,4,3,0,False,True,True,0.9081031613079442,1.1054872720324505,29.212542591684343,81.2893295288086,0.10943511133608615,1.0038964865183635,0.10986152377204282,0.21877794079215424,0.5021599681131227,False,True,False,False,alive
autoregressive_ppo_order_201,learning,medium,heterogeneity_pressure,1,1,206,0,206,10,1,missile,2-0-1,2,5,,True,True,True,0,0,1.0,0,0,0,0,False,False,,,,,,,,,0.0,,False,False,False,False,
autoregressive_ppo_order_201,learning,medium,heterogeneity_pressure,1,1,206,0,206,11,2,laser,2-0-1,0,5,,True,True,True,10,0,1.0,0,0,0,0,False,False,,,,,,,,,0.0,,False,False,False,False,
autoregressive_ppo_order_201,learning,medium,heterogeneity_pressure,1,1,206,0,206,11,0,missile,2-0-1,1,5,,True,True,True,0,1,1.0,0,0,0,0,False,False,,,,,,,,,0.0,,False,False,False,False,
autoregressive_ppo_order_201,learning,medium,heterogeneity_pressure,1,1,206,0,206,11,1,missile,2-0-1,2,5,,True,True,True,0,0,1.0,0,0,0,0,False,False,,,,,,,,,0.0,,False,False,False,False,
autoregressive_ppo_order_201,learning,medium,heterogeneity_pressure,1,1,206,0,206,12,2,laser,2-0-1,0,5,,True,True,True,10,0,1.0,0,0,0,0,False,False,,,,,,,,,0.0,,False,False,False,False,
autoregressive_ppo_order_201,learning,medium,heterogeneity_pressure,1,1,206,0,206,12,0,missile,2-0-1,1,5,,True,True,True,0,0,1.0,0,0,0,0,False,False,,,,,,,,,0.0,,False,False,False,False,
autoregressive_ppo_order_201,learning,medium,heterogeneity_pressure,1,1,206,0,206,12,1,missile,2-0-1,2,5,,True,True,True,0,0,1.0,0,0,0,0,False,False,,,,,,,,,0.0,,False,False,False,False,
autoregressive_ppo_order_201,learning,medium,heterogeneity_pressure,1,1,206,0,206,13,2,laser,2-0-1,0,5,,True,True,True,10,0,1.0,0,0,0,0,False,False,,,,,,,,,0.0,,False,False,False,False,
autoregressive_ppo_order_201,learning,medium,heterogeneity_pressure,1,1,206,0,206,13,0,missile,2-0-1,1,5,,True,True,True,0,0,1.0,0,0,0,0,False,False,,,,,,,,,0.0,,False,False,False,False,
autoregressive_ppo_order_201,learning,medium,heterogeneity_pressure,1,1,206,0,206,13,1,missile,2-0-1,2,5,,True,True,True,0,0,1.0,0,0,0,0,False,False,,,,,,,,,0.0,,False,False,False,False,
autoregressive_ppo_order_201,learning,medium,heterogeneity_pressure,1,1,206,0,206,14,2,laser,2-0-1,0,5,,True,True,True,10,0,1.0,0,0,0,0,False,False,,,,,,,,,0.0,,False,False,False,False,
autoregressive_ppo_order_201,learning,medium,heterogeneity_pressure,1,1,206,0,206,14,0,missile,2-0-1,1,5,,True,True,True,0,0,1.0,0,0,0,0,False,False,,,,,,,,,0.0,,False,False,False,False,
autoregressive_ppo_order_201,learning,medium,heterogeneity_pressure,1,1,206,0,206,14,1,missile,2-0-1,2,5,,True,True,True,0,0,1.0,0,0,0,0,False,False,,,,,,,,,0.0,,False,False,False,False,
autoregressive_ppo_order_201,learning,medium,heterogeneity_pressure,1,1,206,0,206,15,2,laser,2-0-1,0,5,,True,True,True,10,0,1.0,1,1,1,0,True,False,,,,,,,,,0.004076436121941205,,False,False,False,False,
autoregressive_ppo_order_201,learning,medium,heterogeneity_pressure,1,1,206,0,206,15,0,missile,2-0-1,1,5,,True,True,True,0,0,1.0,0,0,0,0,False,False,,,,,,,,,0.0,,False,False,False,False,
autoregressive_ppo_order_201,learning,medium,heterogeneity_pressure,1,1,206,0,206,15,1,missile,2-0-1,2,5,,True,True,True,0,0,1.0,0,0,0,0,False,False,,,,,,,,,0.0,,False,False,False,False,
autoregressive_ppo_order_201,learning,medium,heterogeneity_pressure,1,1,206,0,206,16,2,laser,2-0-1,0,5,,True,True,True,10,0,1.0,1,1,1,0,True,False,,,,,,,,,0.013679123148418387,,False,False,False,False,
autoregressive_ppo_order_201,learning,medium,heterogeneity_pressure,1,1,206,0,206,16,0,missile,2-0-1,1,5,,True,True,True,0,0,1.0,0,0,0,0,False,False,,,,,,,,,0.0,,False,False,False,False,
autoregressive_ppo_order_201,learning,medium,heterogeneity_pressure,1,1,206,0,206,16,1,missile,2-0-1,2,5,,True,True,True,0,0,1.0,0,0,0,0,False,False,,,,,,,,,0.0,,False,False,False,False,
autoregressive_ppo_order_201,learning,medium,heterogeneity_pressure,1,1,206,0,206,17,2,laser,2-0-1,0,5,,True,True,True,10,0,1.0,1,1,1,0,True,False,,,,,,,,,0.023280381280026873,,False,False,False,False,
autoregressive_ppo_order_201,learning,medium,heterogeneity_pressure,1,1,206,0,206,17,0,missile,2-0-1,1,5,,True,True,True,0,0,1.0,0,0,0,0,False,False,,,,,,,,,0.0,,False,False,False,False,
autoregressive_ppo_order_201,learning,medium,heterogeneity_pressure,1,1,206,0,206,17,1,missile,2-0-1,2,5,,True,True,True,0,0,1.0,0,0,0,0,False,False,,,,,,,,,0.0,,False,False,False,False,
autoregressive_ppo_order_201,learning,medium,heterogeneity_pressure,1,1,206,0,206,18,2,laser,2-0-1,0,2,2,False,True,True,10,0,1.0,2,2,2,0,False,True,True,0.9081031613079442,1.1054872720324505,21.212543599886803,44.967384338378906,0.000362396240234375,1.0038964865183635,0.0003638083122987539,0.03288007655787279,0.011064703929700668,False,True,False,False,alive
autoregressive_ppo_order_201,learning,medium,heterogeneity_pressure,1,1,206,0,206,18,0,missile,2-0-1,1,5,,True,True,True,0,0,1.0,0,0,0,0,False,False,,,,,,,,,0.0,,False,False,False,False,
autoregressive_ppo_order_201,learning,medium,heterogeneity_pressure,1,1,206,0,206,18,1,missile,2-0-1,2,5,,True,True,True,0,0,1.0,0,0,0,0,False,False,,,,,,,,,0.0,,False,False,False,False,
autoregressive_ppo_order_201,learning,medium,heterogeneity_pressure,1,1,206,0,206,19,2,laser,2-0-1,0,2,2,False,True,True,9,0,1.0,2,2,2,0,False,True,True,0.9081031613079442,1.1054872720324505,20.21254372591211,42.765419006347656,0.02482867770724828,1.0038964865183635,0.024925422315203366,0.04247796339065057,0.5867847779323966,False,True,False,False,alive
autoregressive_ppo_order_201,learning,medium,heterogeneity_pressure,1,1,206,0,206,19,0,missile,2-0-1,1,5,,True,True,True,0,0,1.0,0,0,0,0,False,False,,,,,,,,,0.0,,False,False,False,False,
autoregressive_ppo_order_201,learning,medium,heterogeneity_pressure,1,1,206,0,206,19,1,missile,2-0-1,2,5,,True,True,True,0,0,1.0,0,0,0,0,False,False,,,,,,,,,0.0,,False,False,False,False,
autoregressive_ppo_order_201,learning,medium,heterogeneity_pressure,1,1,206,0,206,20,2,laser,2-0-1,0,2,2,False,True,True,8,0,1.0,3,3,2,0,False,True,True,0.9081031613079442,1.1054872720324505,19.212543851937415,40.568565368652344,0.04923816257052949,1.0038964865183635,0.04943001840717454,0.052073840840019266,0.9492293560414135,False,True,False,False,alive
autoregressive_ppo_order_201,learning,medium,heterogeneity_pressure,1,1,206,0,206,20,0,missile,2-0-1,1,5,,True,True,True,0,0,1.0,0,0,0,0,False,False,,,,,,,,,0.0,,False,False,False,False,
autoregressive_ppo_order_201,learning,medium,heterogeneity_pressure,1,1,206,0,206,20,1,missile,2-0-1,2,5,,True,True,True,0,0,1.0,0,0,0,0,False,False,,,,,,,,,0.0,,False,False,False,False,
autoregressive_ppo_order_201,learning,medium,heterogeneity_pressure,1,1,206,0,206,21,2,laser,2-0-1,0,2,2,False,True,True,7,0,1.0,3,3,2,0,False,True,True,0.9081031613079442,1.1054872720324505,18.212543977962724,38.37769317626953,0.07358118693033855,1.0038964865183635,0.07386789503321779,0.07386789503321779,1.0,False,True,False,False,alive
autoregressive_ppo_order_201,learning,medium,heterogeneity_pressure,1,1,206,0,206,21,0,missile,2-0-1,1,5,,True,True,True,0,0,1.0,0,0,0,0,False,False,,,,,,,,,0.0,,False,False,False,False,
autoregressive_ppo_order_201,learning,medium,heterogeneity_pressure,1,1,206,0,206,21,1,missile,2-0-1,2,5,,True,True,True,0,0,1.0,0,0,0,0,False,False,,,,,,,,,0.0,,False,False,False,False,
autoregressive_ppo_order_201,learning,medium,heterogeneity_pressure,1,1,206,0,206,22,2,laser,2-0-1,0,2,2,False,True,True,6,0,1.0,3,3,2,0,False,True,True,0.9081031613079442,1.1054872720324505,17.212542407445458,36.19388961791992,0.09784567091200086,1.0038964865183635,0.0982269252495897,0.0982269252495897,1.0,False,True,False,False,alive
autoregressive_ppo_order_201,learning,medium,heterogeneity_pressure,1,1,206,0,206,22,0,missile,2-0-1,1,5,,True,True,True,0,0,1.0,0,0,0,0,False,False,,,,,,,,,0.0,,False,False,False,False,
autoregressive_ppo_order_201,learning,medium,heterogeneity_pressure,1,1,206,0,206,22,1,missile,2-0-1,2,5,,True,True,True,0,0,1.0,0,0,0,0,False,False,,,,,,,,,0.0,,False,False,False,False,
autoregressive_ppo_order_201,learning,medium,heterogeneity_pressure,1,1,206,0,206,23,2,laser,2-0-1,0,2,2,False,True,True,5,0,1.0,3,3,2,0,False,True,True,0.9081031613079442,1.1054872720324505,16.21254423001334,34.01852035522461,0.12201644049750432,1.0038964865183635,0.12249187591292154,0.12249187591292154,1.0,False,True,False,False,alive
autoregressive_ppo_order_201,learning,medium,heterogeneity_pressure,1,1,206,0,206,23,0,missile,2-0-1,1,5,,True,True,True,0,0,1.0,0,0,0,0,False,False,,,,,,,,,0.0,,False,False,False,False,
autoregressive_ppo_order_201,learning,medium,heterogeneity_pressure,1,1,206,0,206,23,1,missile,2-0-1,2,5,,True,True,True,0,0,1.0,0,0,0,0,False,False,,,,,,,,,0.0,,False,False,False,False,
autoregressive_ppo_order_201,learning,medium,heterogeneity_pressure,1,1,206,0,206,24,2,laser,2-0-1,0,2,2,False,True,True,4,0,1.0,3,3,2,0,False,True,True,0.9081031613079442,1.1054872720324505,15.212542659496075,31.85331153869629,0.1460743162367079,1.0038964865183635,0.1466434928406034,0.1466434928406034,1.0,False,True,False,False,alive
autoregressive_ppo_order_201,learning,medium,heterogeneity_pressure,1,1,206,0,206,24,0,missile,2-0-1,1,5,,True,True,True,0,0,1.0,0,0,0,0,False,False,,,,,,,,,0.0,,False,False,False,False,
autoregressive_ppo_order_201,learning,medium,heterogeneity_pressure,1,1,206,0,206,24,1,missile,2-0-1,2,5,,True,True,True,0,0,1.0,0,0,0,0,False,False,,,,,,,,,0.0,,False,False,False,False,
autoregressive_ppo_order_201,learning,medium,heterogeneity_pressure,1,1,206,0,206,25,2,laser,2-0-1,0,2,2,False,True,True,3,0,1.0,3,3,2,0,False,True,True,0.9081031613079442,1.1054872720324505,14.212544482063953,29.700483322143555,0.1699946297539605,1.0038964865183635,0.170657011536991,0.170657011536991,1.0,False,True,False,False,alive
autoregressive_ppo_order_201,learning,medium,heterogeneity_pressure,1,1,206,0,206,25,0,missile,2-0-1,1,5,,True,True,True,0,0,1.0,0,0,0,0,False,False,,,,,,,,,0.0,,False,False,False,False,
autoregressive_ppo_order_201,learning,medium,heterogeneity_pressure,1,1,206,0,206,25,1,missile,2-0-1,2,5,,True,True,True,0,0,1.0,0,0,0,0,False,False,,,,,,,,,0.0,,False,False,False,False,
autoregressive_ppo_order_201,learning,medium,heterogeneity_pressure,1,1,206,0,206,26,2,laser,2-0-1,0,2,2,False,True,True,2,0,1.0,3,3,2,0,False,True,True,0.9081031613079442,1.1054872720324505,13.21254460808926,27.562938690185547,0.19374512566460506,1.0038964865183635,0.19450005093475584,0.19450005093475584,1.0,False,True,False,False,alive
autoregressive_ppo_order_201,learning,medium,heterogeneity_pressure,1,1,206,0,206,26,0,missile,2-0-1,1,5,,True,True,True,0,0,1.0,0,0,0,0,False,False,,,,,,,,,0.0,,False,False,False,False,
autoregressive_ppo_order_201,learning,medium,heterogeneity_pressure,1,1,206,0,206,26,1,missile,2-0-1,2,5,,True,True,True,0,0,1.0,0,0,0,0,False,False,,,,,,,,,0.0,,False,False,False,False,
autoregressive_ppo_order_201,learning,medium,heterogeneity_pressure,1,1,206,0,206,27,2,laser,2-0-1,0,2,2,False,True,True,1,0,1.0,3,3,2,0,False,True,True,0.9081031613079442,1.1054872720324505,12.212544734114568,25.444530487060547,0.21728299458821615,1.0038964865183635,0.21812963484729878,0.21812963484729878,1.0,False,True,False,False,alive
autoregressive_ppo_order_201,learning,medium,heterogeneity_pressure,1,1,206,0,206,27,0,missile,2-0-1,1,5,,True,True,True,0,0,1.0,0,0,0,0,False,False,,,,,,,,,0.0,,False,False,False,False,
autoregressive_ppo_order_201,learning,medium,heterogeneity_pressure,1,1,206,0,206,27,1,missile,2-0-1,2,5,,True,True,True,0,0,1.0,0,0,0,0,False,False,,,,,,,,,0.0,,False,False,False,False,
autoregressive_ppo_order_201,learning,medium,heterogeneity_pressure,1,1,206,0,206,28,2,laser,2-0-1,0,5,,True,True,True,0,0,1.0,0,0,0,0,False,False,,,,,,,,,0.0,,False,False,False,False,
autoregressive_ppo_order_201,learning,medium,heterogeneity_pressure,1,1,206,0,206,28,0,missile,2-0-1,1,5,,True,True,True,0,0,1.0,0,0,0,0,False,False,,,,,,,,,0.0,,False,False,False,False,
autoregressive_ppo_order_201,learning,medium,heterogeneity_pressure,1,1,206,0,206,28,1,missile,2-0-1,2,5,,True,True,True,0,0,1.0,0,0,0,0,False,False,,,,,,,,,0.0,,False,False,False,False,
autoregressive_ppo_order_201,learning,medium,heterogeneity_pressure,1,1,206,0,206,29,2,laser,2-0-1,0,5,,True,True,True,0,0,1.0,0,0,0,0,False,False,,,,,,,,,0.0,,False,False,False,False,
autoregressive_ppo_order_201,learning,medium,heterogeneity_pressure,1,1,206,0,206,29,0,missile,2-0-1,1,5,,True,True,True,0,0,1.0,0,0,0,0,False,False,,,,,,,,,0.0,,False,False,False,False,
autoregressive_ppo_order_201,learning,medium,heterogeneity_pressure,1,1,206,0,206,29,1,missile,2-0-1,2,5,,True,True,True,0,0,1.0,0,0,0,0,False,False,,,,,,,,,0.0,,False,False,False,False,
autoregressive_ppo_order_201,learning,medium,heterogeneity_pressure,1,1,206,0,206,30,2,laser,2-0-1,0,5,,True,True,True,0,0,1.0,0,0,0,0,False,False,,,,,,,,,0.0,,False,False,False,False,
autoregressive_ppo_order_201,learning,medium,heterogeneity_pressure,1,1,206,0,206,30,0,missile,2-0-1,1,5,,True,True,True,0,0,1.0,0,0,0,0,False,False,,,,,,,,,0.0,,False,False,False,False,
autoregressive_ppo_order_201,learning,medium,heterogeneity_pressure,1,1,206,0,206,30,1,missile,2-0-1,2,5,,True,True,True,0,0,1.0,0,0,0,0,False,False,,,,,,,,,0.0,,False,False,False,False,
autoregressive_ppo_order_201,learning,medium,heterogeneity_pressure,1,1,206,0,206,31,2,laser,2-0-1,0,5,,True,True,True,0,0,1.0,0,0,0,0,False,False,,,,,,,,,0.0,,False,False,False,False,
autoregressive_ppo_order_201,learning,medium,heterogeneity_pressure,1,1,206,0,206,31,0,missile,2-0-1,1,5,,True,True,True,0,0,1.0,0,0,0,0,False,False,,,,,,,,,0.0,,False,False,False,False,
autoregressive_ppo_order_201,learning,medium,heterogeneity_pressure,1,1,206,0,206,31,1,missile,2-0-1,2,5,,True,True,True,0,0,1.0,0,0,0,0,False,False,,,,,,,,,0.0,,False,False,False,False,
autoregressive_ppo_order_201,learning,medium,heterogeneity_pressure,1,1,206,0,206,32,2,laser,2-0-1,0,5,,True,True,True,0,0,1.0,0,0,0,0,False,False,,,,,,,,,0.0,,False,False,False,False,
autoregressive_ppo_order_201,learning,medium,heterogeneity_pressure,1,1,206,0,206,32,0,missile,2-0-1,1,5,,True,True,True,0,0,1.0,0,0,0,0,False,False,,,,,,,,,0.0,,False,False,False,False,
autoregressive_ppo_order_201,learning,medium,heterogeneity_pressure,1,1,206,0,206,32,1,missile,2-0-1,2,5,,True,True,True,0,0,1.0,0,0,0,0,False,False,,,,,,,,,0.0,,False,False,False,False,
autoregressive_ppo_order_201,learning,medium,heterogeneity_pressure,1,1,206,0,206,33,2,laser,2-0-1,0,5,,True,True,True,0,0,1.0,0,0,0,0,False,False,,,,,,,,,0.0,,False,False,False,False,
autoregressive_ppo_order_201,learning,medium,heterogeneity_pressure,1,1,206,0,206,33,0,missile,2-0-1,1,5,,True,True,True,0,0,1.0,0,0,0,0,False,False,,,,,,,,,0.0,,False,False,False,False,
autoregressive_ppo_order_201,learning,medium,heterogeneity_pressure,1,1,206,0,206,33,1,missile,2-0-1,2,5,,True,True,True,0,0,1.0,0,0,0,0,False,False,,,,,,,,,0.0,,False,False,False,False,
autoregressive_ppo_order_201,learning,medium,heterogeneity_pressure,1,1,206,0,206,34,2,laser,2-0-1,0,5,,True,True,True,0,0,1.0,0,0,0,0,False,False,,,,,,,,,0.0,,False,False,False,False,
autoregressive_ppo_order_201,learning,medium,heterogeneity_pressure,1,1,206,0,206,34,0,missile,2-0-1,1,5,,True,True,True,0,0,1.0,0,0,0,0,False,False,,,,,,,,,0.0,,False,False,False,False,
autoregressive_ppo_order_201,learning,medium,heterogeneity_pressure,1,1,206,0,206,34,1,missile,2-0-1,2,5,,True,True,True,0,0,1.0,0,0,0,0,False,False,,,,,,,,,0.0,,False,False,False,False,
autoregressive_ppo_order_201,learning,medium,heterogeneity_pressure,1,1,206,0,206,35,2,laser,2-0-1,0,5,,True,True,True,0,0,1.0,0,0,0,0,False,False,,,,,,,,,0.0,,False,False,False,False,
autoregressive_ppo_order_201,learning,medium,heterogeneity_pressure,1,1,206,0,206,35,0,missile,2-0-1,1,5,,True,True,True,0,0,1.0,0,0,0,0,False,False,,,,,,,,,0.0,,False,False,False,False,
autoregressive_ppo_order_201,learning,medium,heterogeneity_pressure,1,1,206,0,206,35,1,missile,2-0-1,2,5,,True,True,True,0,0,1.0,0,0,0,0,False,False,,,,,,,,,0.0,,False,False,False,False,
autoregressive_ppo_order_201,learning,medium,heterogeneity_pressure,1,1,206,0,206,36,2,laser,2-0-1,0,5,,True,True,True,0,0,1.0,0,0,0,0,False,False,,,,,,,,,0.0,,False,False,False,False,
autoregressive_ppo_order_201,learning,medium,heterogeneity_pressure,1,1,206,0,206,36,0,missile,2-0-1,1,5,,True,True,True,0,0,1.0,0,0,0,0,False,False,,,,,,,,,0.0,,False,False,False,False,
autoregressive_ppo_order_201,learning,medium,heterogeneity_pressure,1,1,206,0,206,36,1,missile,2-0-1,2,5,,True,True,True,0,0,1.0,0,0,0,0,False,False,,,,,,,,,0.0,,False,False,False,False,
autoregressive_ppo_order_201,learning,medium,heterogeneity_pressure,1,1,206,0,206,37,2,laser,2-0-1,0,5,,True,True,True,0,0,1.0,0,0,0,0,False,False,,,,,,,,,0.0,,False,False,False,False,
autoregressive_ppo_order_201,learning,medium,heterogeneity_pressure,1,1,206,0,206,37,0,missile,2-0-1,1,5,,True,True,True,0,0,1.0,0,0,0,0,False,False,,,,,,,,,0.0,,False,False,False,False,
autoregressive_ppo_order_201,learning,medium,heterogeneity_pressure,1,1,206,0,206,37,1,missile,2-0-1,2,5,,True,True,True,0,0,1.0,0,0,0,0,False,False,,,,,,,,,0.0,,False,False,False,False,
autoregressive_ppo_order_201,learning,medium,heterogeneity_pressure,1,1,206,0,206,38,2,laser,2-0-1,0,5,,True,True,True,0,0,1.0,0,0,0,0,False,False,,,,,,,,,0.0,,False,False,False,False,
autoregressive_ppo_order_201,learning,medium,heterogeneity_pressure,1,1,206,0,206,38,0,missile,2-0-1,1,5,,True,True,True,0,0,1.0,0,0,0,0,False,False,,,,,,,,,0.0,,False,False,False,False,
autoregressive_ppo_order_201,learning,medium,heterogeneity_pressure,1,1,206,0,206,38,1,missile,2-0-1,2,5,,True,True,True,0,0,1.0,0,0,0,0,False,False,,,,,,,,,0.0,,False,False,False,False,
autoregressive_ppo_order_201,learning,medium,heterogeneity_pressure,1,1,206,0,206,39,2,laser,2-0-1,0,5,,True,True,True,0,0,1.0,0,0,0,0,False,False,,,,,,,,,0.0,,False,False,False,False,
autoregressive_ppo_order_201,learning,medium,heterogeneity_pressure,1,1,206,0,206,39,0,missile,2-0-1,1,5,,True,True,True,0,0,1.0,0,0,0,0,False,False,,,,,,,,,0.0,,False,False,False,False,
autoregressive_ppo_order_201,learning,medium,heterogeneity_pressure,1,1,206,0,206,39,1,missile,2-0-1,2,5,,True,True,True,0,0,1.0,0,0,0,0,False,False,,,,,,,,,0.0,,False,False,False,False,
autoregressive_ppo_order_201,learning,medium,heterogeneity_pressure,1,1,206,0,206,40,2,laser,2-0-1,0,5,,True,True,True,0,0,1.0,0,0,0,0,False,False,,,,,,,,,0.0,,False,False,False,False,
autoregressive_ppo_order_201,learning,medium,heterogeneity_pressure,1,1,206,0,206,40,0,missile,2-0-1,1,5,,True,True,True,0,0,1.0,0,0,0,0,False,False,,,,,,,,,0.0,,False,False,False,False,
autoregressive_ppo_order_201,learning,medium,heterogeneity_pressure,1,1,206,0,206,40,1,missile,2-0-1,2,5,,True,True,True,0,0,1.0,0,0,0,0,False,False,,,,,,,,,0.0,,False,False,False,False,
autoregressive_ppo_order_201,learning,medium,heterogeneity_pressure,1,1,206,0,206,41,2,laser,2-0-1,0,5,,True,True,True,0,0,1.0,0,0,0,0,False,False,,,,,,,,,0.0,,False,False,False,False,
autoregressive_ppo_order_201,learning,medium,heterogeneity_pressure,1,1,206,0,206,41,0,missile,2-0-1,1,5,,True,True,True,0,0,1.0,0,0,0,0,False,False,,,,,,,,,0.0,,False,False,False,False,
autoregressive_ppo_order_201,learning,medium,heterogeneity_pressure,1,1,206,0,206,41,1,missile,2-0-1,2,5,,True,True,True,0,0,1.0,0,0,0,0,False,False,,,,,,,,,0.0,,False,False,False,False,
autoregressive_ppo_order_201,learning,medium,heterogeneity_pressure,1,1,206,0,206,42,2,laser,2-0-1,0,5,,True,True,True,0,0,1.0,0,0,0,0,False,False,,,,,,,,,0.0,,False,False,False,False,
autoregressive_ppo_order_201,learning,medium,heterogeneity_pressure,1,1,206,0,206,42,0,missile,2-0-1,1,5,,True,True,True,0,0,1.0,0,0,0,0,False,False,,,,,,,,,0.0,,False,False,False,False,
autoregressive_ppo_order_201,learning,medium,heterogeneity_pressure,1,1,206,0,206,42,1,missile,2-0-1,2,5,,True,True,True,0,0,1.0,0,0,0,0,False,False,,,,,,,,,0.0,,False,False,False,False,
autoregressive_ppo_order_201,learning,medium,heterogeneity_pressure,1,1,206,0,206,43,2,laser,2-0-1,0,5,,True,True,True,0,0,1.0,0,0,0,0,False,False,,,,,,,,,0.0,,False,False,False,False,
autoregressive_ppo_order_201,learning,medium,heterogeneity_pressure,1,1,206,0,206,43,0,missile,2-0-1,1,5,,True,True,True,0,0,1.0,0,0,0,0,False,False,,,,,,,,,0.0,,False,False,False,False,
autoregressive_ppo_order_201,learning,medium,heterogeneity_pressure,1,1,206,0,206,43,1,missile,2-0-1,2,5,,True,True,True,0,0,1.0,0,0,0,0,False,False,,,,,,,,,0.0,,False,False,False,False,
autoregressive_ppo_order_201,learning,medium,heterogeneity_pressure,1,1,206,0,206,44,2,laser,2-0-1,0,5,,True,True,True,0,0,1.0,0,0,0,0,False,False,,,,,,,,,0.0,,False,False,False,False,
autoregressive_ppo_order_201,learning,medium,heterogeneity_pressure,1,1,206,0,206,44,0,missile,2-0-1,1,5,,True,True,True,0,0,1.0,0,0,0,0,False,False,,,,,,,,,0.0,,False,False,False,False,
autoregressive_ppo_order_201,learning,medium,heterogeneity_pressure,1,1,206,0,206,44,1,missile,2-0-1,2,5,,True,True,True,0,0,1.0,0,0,0,0,False,False,,,,,,,,,0.0,,False,False,False,False,
autoregressive_ppo_order_201,learning,medium,heterogeneity_pressure,1,1,206,0,206,45,2,laser,2-0-1,0,5,,True,True,True,0,0,1.0,0,0,0,0,False,False,,,,,,,,,0.0,,False,False,False,False,
autoregressive_ppo_order_201,learning,medium,heterogeneity_pressure,1,1,206,0,206,45,0,missile,2-0-1,1,5,,True,True,True,0,0,1.0,0,0,0,0,False,False,,,,,,,,,0.0,,False,False,False,False,
autoregressive_ppo_order_201,learning,medium,heterogeneity_pressure,1,1,206,0,206,45,1,missile,2-0-1,2,5,,True,True,True,0,0,1.0,0,0,0,0,False,False,,,,,,,,,0.0,,False,False,False,False,
autoregressive_ppo_order_201,learning,medium,heterogeneity_pressure,1,1,206,0,206,46,2,laser,2-0-1,0,5,,True,True,True,0,0,1.0,0,0,0,0,False,False,,,,,,,,,0.0,,False,False,False,False,
autoregressive_ppo_order_201,learning,medium,heterogeneity_pressure,1,1,206,0,206,46,0,missile,2-0-1,1,5,,True,True,True,0,0,1.0,0,0,0,0,False,False,,,,,,,,,0.0,,False,False,False,False,
autoregressive_ppo_order_201,learning,medium,heterogeneity_pressure,1,1,206,0,206,46,1,missile,2-0-1,2,5,,True,True,True,0,0,1.0,0,0,0,0,False,False,,,,,,,,,0.0,,False,False,False,False,
autoregressive_ppo_order_201,learning,medium,heterogeneity_pressure,1,1,206,0,206,47,2,laser,2-0-1,0,5,,True,True,True,0,0,1.0,0,0,0,0,False,False,,,,,,,,,0.0,,False,False,False,False,
autoregressive_ppo_order_201,learning,medium,heterogeneity_pressure,1,1,206,0,206,47,0,missile,2-0-1,1,5,,True,True,True,0,0,1.0,0,0,0,0,False,False,,,,,,,,,0.0,,False,False,False,False,
autoregressive_ppo_order_201,learning,medium,heterogeneity_pressure,1,1,206,0,206,47,1,missile,2-0-1,2,5,,True,True,True,0,0,1.0,0,0,0,0,False,False,,,,,,,,,0.0,,False,False,False,False,
autoregressive_ppo_order_201,learning,medium,heterogeneity_pressure,1,1,206,0,206,48,2,laser,2-0-1,0,5,,True,True,True,0,0,1.0,0,0,0,0,False,False,,,,,,,,,0.0,,False,False,False,False,
autoregressive_ppo_order_201,learning,medium,heterogeneity_pressure,1,1,206,0,206,48,0,missile,2-0-1,1,5,,True,True,True,0,0,1.0,0,0,0,0,False,False,,,,,,,,,0.0,,False,False,False,False,
autoregressive_ppo_order_201,learning,medium,heterogeneity_pressure,1,1,206,0,206,48,1,missile,2-0-1,2,5,,True,True,True,0,0,1.0,0,0,0,0,False,False,,,,,,,,,0.0,,False,False,False,False,
autoregressive_ppo_order_201,learning,medium,heterogeneity_pressure,1,1,206,0,206,49,2,laser,2-0-1,0,5,,True,True,True,0,0,1.0,0,0,0,0,False,False,,,,,,,,,0.0,,False,False,False,False,
autoregressive_ppo_order_201,learning,medium,heterogeneity_pressure,1,1,206,0,206,49,0,missile,2-0-1,1,5,,True,True,True,0,0,1.0,0,0,0,0,False,False,,,,,,,,,0.0,,False,False,False,False,
autoregressive_ppo_order_201,learning,medium,heterogeneity_pressure,1,1,206,0,206,49,1,missile,2-0-1,2,5,,True,True,True,0,0,1.0,0,0,0,0,False,False,,,,,,,,,0.0,,False,False,False,False,
autoregressive_ppo_order_201,learning,medium,heterogeneity_pressure,1,1,206,1,207,0,2,laser,2-0-1,0,5,,True,True,True,10,0,1.0,0,0,0,0,False,False,,,,,,,,,0.0,,False,False,False,False,
autoregressive_ppo_order_201,learning,medium,heterogeneity_pressure,1,1,206,1,207,0,0,missile,2-0-1,1,2,2,False,True,True,3,0,1.0,5,5,1,0,False,False,True,0.5003953163358233,1.252686461289437,34.28339764290894,50.9327278137207,0.4196003897293754,0.626838438066531,0.26302165291006935,0.3064056035597113,0.8584100612207393,False,True,False,False,alive
autoregressive_ppo_order_201,learning,medium,heterogeneity_pressure,1,1,206,1,207,0,1,missile,2-0-1,2,3,3,False,True,True,3,0,1.0,1,1,0,0,False,False,True,0.7265501942909749,1.035965003924803,61.10231546817011,63.58793640136719,0.09113068898518877,0.602144459904173,0.05487383949968166,0.05487383949968166,1.0,False,True,False,False,alive
autoregressive_ppo_order_201,learning,medium,heterogeneity_pressure,1,1,206,1,207,1,2,laser,2-0-1,0,5,,True,True,True,10,0,1.0,0,0,0,0,False,False,,,,,,,,,0.0,,False,False,False,False,
autoregressive_ppo_order_201,learning,medium,heterogeneity_pressure,1,1,206,1,207,1,0,missile,2-0-1,1,5,,True,True,True,2,1,1.0,0,0,0,0,False,False,,,,,,,,,0.0,,False,False,False,False,
autoregressive_ppo_order_201,learning,medium,heterogeneity_pressure,1,1,206,1,207,1,1,missile,2-0-1,2,5,,True,True,True,2,1,1.0,0,0,0,0,False,False,,,,,,,,,0.0,,False,False,False,False,
autoregressive_ppo_order_201,learning,medium,heterogeneity_pressure,1,1,206,1,207,2,2,laser,2-0-1,0,5,,True,True,True,10,0,1.0,0,0,0,0,False,False,,,,,,,,,0.0,,False,False,False,False,
autoregressive_ppo_order_201,learning,medium,heterogeneity_pressure,1,1,206,1,207,2,0,missile,2-0-1,1,2,2,False,True,True,2,0,1.0,5,5,1,0,False,False,True,0.5003953163358233,1.252686461289437,32.28339761019533,47.58211898803711,0.4538348712091861,0.626838438066531,0.28448114180889145,0.31919204975321275,0.8912538455417093,False,True,False,False,alive
autoregressive_ppo_order_201,learning,medium,heterogeneity_pressure,1,1,206,1,207,2,1,missile,2-0-1,2,1,1,False,True,True,2,0,1.0,3,2,0,1,False,False,True,0.745035291964848,1.1275632198649101,25.524142949212177,68.64524841308594,0.03634314219156902,0.672059514176702,0.024424754484920673,0.06940008877961842,0.35194125705634244,False,True,False,False,alive
autoregressive_ppo_order_201,learning,medium,heterogeneity_pressure,1,1,206,1,207,3,2,laser,2-0-1,0,5,,True,True,True,10,0,1.0,0,0,0,0,False,False,,,,,,,,,0.0,,False,False,False,False,
autoregressive_ppo_order_201,learning,medium,heterogeneity_pressure,1,1,206,1,207,3,0,missile,2-0-1,1,5,,True,True,True,1,1,1.0,0,0,0,0,False,False,,,,,,,,,0.0,,False,False,False,False,
autoregressive_ppo_order_201,learning,medium,heterogeneity_pressure,1,1,206,1,207,3,1,missile,2-0-1,2,5,,True,True,True,1,1,1.0,0,0,0,0,False,False,,,,,,,,,0.0,,False,False,False,False,
autoregressive_ppo_order_201,learning,medium,heterogeneity_pressure,1,1,206,1,207,4,2,laser,2-0-1,0,5,,True,True,True,10,0,1.0,0,0,0,0,False,False,,,,,,,,,0.0,,False,False,False,False,
autoregressive_ppo_order_201,learning,medium,heterogeneity_pressure,1,1,206,1,207,4,0,missile,2-0-1,1,2,2,False,True,True,1,0,1.0,5,5,1,0,False,False,True,0.5003953163358233,1.252686461289437,30.28339530412149,44.23232650756836,0.48806101177049716,0.626838438066531,0.3059354022993892,0.3318432656337328,0.9219274096617075,False,True,False,False,alive
autoregressive_ppo_order_201,learning,medium,heterogeneity_pressure,1,1,206,1,207,4,1,missile,2-0-1,2,1,1,False,True,True,1,0,1.0,3,2,0,1,False,False,True,0.745035291964848,1.1275632198649101,23.52414116339966,62.726261138916016,0.10046550432840984,0.672059514176702,0.06751879803046847,0.08390463907732443,0.8047087595269294,False,True,False,False,alive
autoregressive_ppo_order_201,learning,medium,heterogeneity_pressure,1,1,206,1,207,5,2,laser,2-0-1,0,5,,True,True,True,10,0,1.0,0,0,0,0,False,False,,,,,,,,,0.0,,False,False,False,False,
autoregressive_ppo_order_201,learning,medium,heterogeneity_pressure,1,1,206,1,207,5,0,missile,2-0-1,1,5,,True,True,True,0,1,1.0,0,0,0,0,False,False,,,,,,,,,0.0,,False,False,False,False,
autoregressive_ppo_order_201,learning,medium,heterogeneity_pressure,1,1,206,1,207,5,1,missile,2-0-1,2,5,,True,True,True,0,1,1.0,0,0,0,0,False,False,,,,,,,,,0.0,,False,False,False,False,
autoregressive_ppo_order_201,learning,medium,heterogeneity_pressure,1,1,206,1,207,6,2,laser,2-0-1,0,5,,True,True,True,10,0,1.0,0,0,0,0,False,False,,,,,,,,,0.0,,False,False,False,False,
autoregressive_ppo_order_201,learning,medium,heterogeneity_pressure,1,1,206,1,207,6,0,missile,2-0-1,1,5,,True,True,True,0,0,1.0,0,0,0,0,False,False,,,,,,,,,0.0,,False,False,False,False,
autoregressive_ppo_order_201,learning,medium,heterogeneity_pressure,1,1,206,1,207,6,1,missile,2-0-1,2,5,,True,True,True,0,0,1.0,0,0,0,0,False,False,,,,,,,,,0.0,,False,False,False,False,
autoregressive_ppo_order_201,learning,medium,heterogeneity_pressure,1,1,206,1,207,7,2,laser,2-0-1,0,1,1,False,True,True,10,0,1.0,1,1,0,0,False,False,True,0.745035291964848,1.1275632198649101,20.52413975727856,42.48473358154297,0.027947404649522556,0.672059514176702,0.01878231919125783,0.01878231919125783,1.0,False,True,False,False,alive
autoregressive_ppo_order_201,learning,medium,heterogeneity_pressure,1,1,206,1,207,7,0,missile,2-0-1,1,5,,True,True,True,0,0,1.0,0,0,0,0,False,False,,,,,,,,,0.0,,False,False,False,False,
autoregressive_ppo_order_201,learning,medium,heterogeneity_pressure,1,1,206,1,207,7,1,missile,2-0-1,2,5,,True,True,True,0,0,1.0,0,0,0,0,False,False,,,,,,,,,0.0,,False,False,False,False,
autoregressive_ppo_order_201,learning,medium,heterogeneity_pressure,1,1,206,1,207,8,2,laser,2-0-1,0,1,1,False,True,True,9,0,1.0,1,1,0,0,False,False,True,0.745035291964848,1.1275632198649101,19.52414013696998,39.73965835571289,0.05844824049207897,0.672059514176702,0.03928069610958963,0.03928069610958963,1.0,False,True,False,False,alive
autoregressive_ppo_order_201,learning,medium,heterogeneity_pressure,1,1,206,1,207,8,0,missile,2-0-1,1,5,,True,True,True,0,0,1.0,0,0,0,0,False,False,,,,,,,,,0.0,,False,False,False,False,
autoregressive_ppo_order_201,learning,medium,heterogeneity_pressure,1,1,206,1,207,8,1,missile,2-0-1,2,5,,True,True,True,0,0,1.0,0,0,0,0,False,False,,,,,,,,,0.0,,False,False,False,False,
autoregressive_ppo_order_201,learning,medium,heterogeneity_pressure,1,1,206,1,207,9,2,laser,2-0-1,0,1,1,False,True,True,8,0,1.0,1,1,0,0,False,False,True,0.745035291964848,1.1275632198649101,18.524139244063722,37.03375244140625,0.08851386176215276,0.672059514176702,0.059486582933776136,0.059486582933776136,1.0,False,True,False,False,alive
autoregressive_ppo_order_201,learning,medium,heterogeneity_pressure,1,1,206,1,207,9,0,missile,2-0-1,1,5,,True,True,True,0,0,1.0,0,0,0,0,False,False,,,,,,,,,0.0,,False,False,False,False,
autoregressive_ppo_order_201,learning,medium,heterogeneity_pressure,1,1,206,1,207,9,1,missile,2-0-1,2,5,,True,True,True,0,0,1.0,0,0,0,0,False,False,,,,,,,,,0.0,,False,False,False,False,
autoregressive_ppo_order_201,learning,medium,heterogeneity_pressure,1,1,206,1,207,10,2,laser,2-0-1,0,1,1,False,True,True,7,0,1.0,1,1,0,0,False,False,True,0.745035291964848,1.1275632198649101,17.52413835115746,34.37627410888672,0.11804139879014758,0.672059514176702,0.07933084512364491,0.07933084512364491,1.0,False,True,False,False,alive
autoregressive_ppo_order_201,learning,medium,heterogeneity_pressure,1,1,206,1,207,10,0,missile,2-0-1,1,5,,True,True,True,0,0,1.0,0,0,0,0,False,False,,,,,,,,,0.0,,False,False,False,False,
autoregressive_ppo_order_201,learning,medium,heterogeneity_pressure,1,1,206,1,207,10,1,missile,2-0-1,2,5,,True,True,True,0,0,1.0,0,0,0,0,False,False,,,,,,,,,0.0,,False,False,False,False,
autoregressive_ppo_order_201,learning,medium,heterogeneity_pressure,1,1,206,1,207,11,2,laser,2-0-1,0,1,1,False,True,True,6,0,1.0,1,1,0,0,False,False,True,0.745035291964848,1.1275632198649101,16.524137458251204,31.779373168945312,0.14689585367838542,0.672059514176702,0.0987227560576676,0.0987227560576676,1.0,False,True,True,True,intercepted
autoregressive_ppo_order_201,learning,medium,heterogeneity_pressure,1,1,206,1,207,11,0,missile,2-0-1,1,5,,True,True,True,0,0,1.0,0,0,0,0,False,False,,,,,,,,,0.0,,False,False,False,False,
autoregressive_ppo_order_201,learning,medium,heterogeneity_pressure,1,1,206,1,207,11,1,missile,2-0-1,2,5,,True,True,True,0,0,1.0,0,0,0,0,False,False,,,,,,,,,0.0,,False,False,False,False,
autoregressive_ppo_order_201,learning,medium,heterogeneity_pressure,1,1,206,1,207,12,2,laser,2-0-1,0,5,,True,True,True,5,0,1.0,0,0,0,0,False,False,,,,,,,,,0.0,,False,False,False,False,
autoregressive_ppo_order_201,learning,medium,heterogeneity_pressure,1,1,206,1,207,12,0,missile,2-0-1,1,5,,True,True,True,0,0,1.0,0,0,0,0,False,False,,,,,,,,,0.0,,False,False,False,False,
autoregressive_ppo_order_201,learning,medium,heterogeneity_pressure,1,1,206,1,207,12,1,missile,2-0-1,2,5,,True,True,True,0,0,1.0,0,0,0,0,False,False,,,,,,,,,0.0,,False,False,False,False,
autoregressive_ppo_order_201,learning,medium,heterogeneity_pressure,1,1,206,1,207,13,2,laser,2-0-1,0,5,,True,True,True,5,0,1.0,0,0,0,0,False,False,,,,,,,,,0.0,,False,False,False,False,
autoregressive_ppo_order_201,learning,medium,heterogeneity_pressure,1,1,206,1,207,13,0,missile,2-0-1,1,5,,True,True,True,0,0,1.0,0,0,0,0,False,False,,,,,,,,,0.0,,False,False,False,False,
autoregressive_ppo_order_201,learning,medium,heterogeneity_pressure,1,1,206,1,207,13,1,missile,2-0-1,2,5,,True,True,True,0,0,1.0,0,0,0,0,False,False,,,,,,,,,0.0,,False,False,False,False,
autoregressive_ppo_order_201,learning,medium,heterogeneity_pressure,1,1,206,1,207,14,2,laser,2-0-1,0,5,,True,True,True,5,0,1.0,0,0,0,0,False,False,,,,,,,,,0.0,,False,False,False,False,
autoregressive_ppo_order_201,learning,medium,heterogeneity_pressure,1,1,206,1,207,14,0,missile,2-0-1,1,5,,True,True,True,0,0,1.0,0,0,0,0,False,False,,,,,,,,,0.0,,False,False,False,False,
autoregressive_ppo_order_201,learning,medium,heterogeneity_pressure,1,1,206,1,207,14,1,missile,2-0-1,2,5,,True,True,True,0,0,1.0,0,0,0,0,False,False,,,,,,,,,0.0,,False,False,False,False,
autoregressive_ppo_order_201,learning,medium,heterogeneity_pressure,1,1,206,1,207,15,2,laser,2-0-1,0,2,2,False,True,True,5,0,1.0,1,1,0,0,False,False,True,0.5003953163358233,1.252686461289437,19.283384894075613,44.44113540649414,0.006209606594509531,0.626838438066531,0.003892420098709985,0.003892420098709985,1.0,False,True,False,False,alive
autoregressive_ppo_order_201,learning,medium,heterogeneity_pressure,1,1,206,1,207,15,0,missile,2-0-1,1,5,,True,True,True,0,0,1.0,0,0,0,0,False,False,,,,,,,,,0.0,,False,False,False,False,
autoregressive_ppo_order_201,learning,medium,heterogeneity_pressure,1,1,206,1,207,15,1,missile,2-0-1,2,5,,True,True,True,0,0,1.0,0,0,0,0,False,False,,,,,,,,,0.0,,False,False,False,False,
autoregressive_ppo_order_201,learning,medium,heterogeneity_pressure,1,1,206,1,207,16,2,laser,2-0-1,0,2,2,False,True,True,4,0,1.0,1,1,0,0,False,False,True,0.5003953163358233,1.252686461289437,18.28338601439893,42.817100524902344,0.024254438612196172,0.626838438066531,0.015203614415849607,0.015203614415849607,1.0,False,True,False,False,alive
autoregressive_ppo_order_201,learning,medium,heterogeneity_pressure,1,1,206,1,207,16,0,missile,2-0-1,1,5,,True,True,True,0,0,1.0,0,0,0,0,False,False,,,,,,,,,0.0,,False,False,False,False,
autoregressive_ppo_order_201,learning,medium,heterogeneity_pressure,1,1,206,1,207,16,1,missile,2-0-1,2,5,,True,True,True,0,0,1.0,0,0,0,0,False,False,,,,,,,,,0.0,,False,False,False,False,
autoregressive_ppo_order_201,learning,medium,heterogeneity_pressure,1,1,206,1,207,17,2,laser,2-0-1,0,2,2,False,True,True,3,0,1.0,2,2,0,0,False,False,True,0.5003953163358233,1.252686461289437,17.28338486136201,41.197391510009766,0.042251205444335915,0.626838438066531,0.026484679627155634,0.026484679627155634,1.0,False,True,False,False,alive
autoregressive_ppo_order_201,learning,medium,heterogeneity_pressure,1,1,206,1,207,17,0,missile,2-0-1,1,5,,True,True,True,0,0,1.0,0,0,0,0,False,False,,,,,,,,,0.0,,False,False,False,False,
autoregressive_ppo_order_201,learning,medium,heterogeneity_pressure,1,1,206,1,207,17,1,missile,2-0-1,2,5,,True,True,True,0,0,1.0,0,0,0,0,False,False,,,,,,,,,0.0,,False,False,False,False,
autoregressive_ppo_order_201,learning,medium,heterogeneity_pressure,1,1,206,1,207,18,2,laser,2-0-1,0,2,2,False,True,True,2,0,1.0,2,2,0,0,False,False,True,0.5003953163358233,1.252686461289437,16.28338370832509,39.582542419433594,0.06019397311740449,0.626838438066531,0.03773189608993258,0.03773189608993258,1.0,False,True,False,False,alive
autoregressive_ppo_order_201,learning,medium,heterogeneity_pressure,1,1,206,1,207,18,0,missile,2-0-1,1,5,,True,True,True,0,0,1.0,0,0,0,0,False,False,,,,,,,,,0.0,,False,False,False,False,
autoregressive_ppo_order_201,learning,medium,heterogeneity_pressure,1,1,206,1,207,18,1,missile,2-0-1,2,5,,True,True,True,0,0,1.0,0,0,0,0,False,False,,,,,,,,,0.0,,False,False,False,False,
autoregressive_ppo_order_201,learning,medium,heterogeneity_pressure,1,1,206,1,207,19,2,laser,2-0-1,0,2,2,False,True,True,1,0,1.0,2,2,0,0,False,False,True,0.5003953163358233,1.252686461289437,15.283384828648405,37.973167419433594,0.07807591756184895,0.626838438066531,0.04894098621508063,0.04894098621508063,1.0,False,True,False,False,alive
autoregressive_ppo_order_201,learning,medium,heterogeneity_pressure,1,1,206,1,207,19,0,missile,2-0-1,1,5,,True,True,True,0,0,1.0,0,0,0,0,False,False,,,,,,,,,0.0,,False,False,False,False,
autoregressive_ppo_order_201,learning,medium,heterogeneity_pressure,1,1,206,1,207,19,1,missile,2-0-1,2,5,,True,True,True,0,0,1.0,0,0,0,0,False,False,,,,,,,,,0.0,,False,False,False,False,
autoregressive_ppo_order_201,learning,medium,heterogeneity_pressure,1,1,206,1,207,20,2,laser,2-0-1,0,5,,True,True,True,0,0,1.0,0,0,0,0,False,False,,,,,,,,,0.0,,False,False,False,False,
autoregressive_ppo_order_201,learning,medium,heterogeneity_pressure,1,1,206,1,207,20,0,missile,2-0-1,1,5,,True,True,True,0,0,1.0,0,0,0,0,False,False,,,,,,,,,0.0,,False,False,False,False,
autoregressive_ppo_order_201,learning,medium,heterogeneity_pressure,1,1,206,1,207,20,1,missile,2-0-1,2,5,,True,True,True,0,0,1.0,0,0,0,0,False,False,,,,,,,,,0.0,,False,False,False,False,
autoregressive_ppo_order_201,learning,medium,heterogeneity_pressure,1,1,206,1,207,21,2,laser,2-0-1,0,5,,True,True,True,0,0,1.0,0,0,0,0,False,False,,,,,,,,,0.0,,False,False,False,False,
autoregressive_ppo_order_201,learning,medium,heterogeneity_pressure,1,1,206,1,207,21,0,missile,2-0-1,1,5,,True,True,True,0,0,1.0,0,0,0,0,False,False,,,,,,,,,0.0,,False,False,False,False,
autoregressive_ppo_order_201,learning,medium,heterogeneity_pressure,1,1,206,1,207,21,1,missile,2-0-1,2,5,,True,True,True,0,0,1.0,0,0,0,0,False,False,,,,,,,,,0.0,,False,False,False,False,
autoregressive_ppo_order_201,learning,medium,heterogeneity_pressure,1,1,206,1,207,22,2,laser,2-0-1,0,5,,True,True,True,0,0,1.0,0,0,0,0,False,False,,,,,,,,,0.0,,False,False,False,False,
autoregressive_ppo_order_201,learning,medium,heterogeneity_pressure,1,1,206,1,207,22,0,missile,2-0-1,1,5,,True,True,True,0,0,1.0,0,0,0,0,False,False,,,,,,,,,0.0,,False,False,False,False,
autoregressive_ppo_order_201,learning,medium,heterogeneity_pressure,1,1,206,1,207,22,1,missile,2-0-1,2,5,,True,True,True,0,0,1.0,0,0,0,0,False,False,,,,,,,,,0.0,,False,False,False,False,
autoregressive_ppo_order_201,learning,medium,heterogeneity_pressure,1,1,206,1,207,23,2,laser,2-0-1,0,5,,True,True,True,0,0,1.0,0,0,0,0,False,False,,,,,,,,,0.0,,False,False,False,False,
autoregressive_ppo_order_201,learning,medium,heterogeneity_pressure,1,1,206,1,207,23,0,missile,2-0-1,1,5,,True,True,True,0,0,1.0,0,0,0,0,False,False,,,,,,,,,0.0,,False,False,False,False,
autoregressive_ppo_order_201,learning,medium,heterogeneity_pressure,1,1,206,1,207,23,1,missile,2-0-1,2,5,,True,True,True,0,0,1.0,0,0,0,0,False,False,,,,,,,,,0.0,,False,False,False,False,
autoregressive_ppo_order_201,learning,medium,heterogeneity_pressure,1,1,206,1,207,24,2,laser,2-0-1,0,5,,True,True,True,0,0,1.0,0,0,0,0,False,False,,,,,,,,,0.0,,False,False,False,False,
autoregressive_ppo_order_201,learning,medium,heterogeneity_pressure,1,1,206,1,207,24,0,missile,2-0-1,1,5,,True,True,True,0,0,1.0,0,0,0,0,False,False,,,,,,,,,0.0,,False,False,False,False,
autoregressive_ppo_order_201,learning,medium,heterogeneity_pressure,1,1,206,1,207,24,1,missile,2-0-1,2,5,,True,True,True,0,0,1.0,0,0,0,0,False,False,,,,,,,,,0.0,,False,False,False,False,
autoregressive_ppo_order_201,learning,medium,heterogeneity_pressure,1,1,206,1,207,25,2,laser,2-0-1,0,5,,True,True,True,0,0,1.0,0,0,0,0,False,False,,,,,,,,,0.0,,False,False,False,False,
autoregressive_ppo_order_201,learning,medium,heterogeneity_pressure,1,1,206,1,207,25,0,missile,2-0-1,1,5,,True,True,True,0,0,1.0,0,0,0,0,False,False,,,,,,,,,0.0,,False,False,False,False,
autoregressive_ppo_order_201,learning,medium,heterogeneity_pressure,1,1,206,1,207,25,1,missile,2-0-1,2,5,,True,True,True,0,0,1.0,0,0,0,0,False,False,,,,,,,,,0.0,,False,False,False,False,
autoregressive_ppo_order_201,learning,medium,heterogeneity_pressure,1,1,206,1,207,26,2,laser,2-0-1,0,5,,True,True,True,0,0,1.0,0,0,0,0,False,False,,,,,,,,,0.0,,False,False,False,False,
autoregressive_ppo_order_201,learning,medium,heterogeneity_pressure,1,1,206,1,207,26,0,missile,2-0-1,1,5,,True,True,True,0,0,1.0,0,0,0,0,False,False,,,,,,,,,0.0,,False,False,False,False,
autoregressive_ppo_order_201,learning,medium,heterogeneity_pressure,1,1,206,1,207,26,1,missile,2-0-1,2,5,,True,True,True,0,0,1.0,0,0,0,0,False,False,,,,,,,,,0.0,,False,False,False,False,
autoregressive_ppo_order_201,learning,medium,heterogeneity_pressure,1,1,206,1,207,27,2,laser,2-0-1,0,5,,True,True,True,0,0,1.0,0,0,0,0,False,False,,,,,,,,,0.0,,False,False,False,False,
autoregressive_ppo_order_201,learning,medium,heterogeneity_pressure,1,1,206,1,207,27,0,missile,2-0-1,1,5,,True,True,True,0,0,1.0,0,0,0,0,False,False,,,,,,,,,0.0,,False,False,False,False,
autoregressive_ppo_order_201,learning,medium,heterogeneity_pressure,1,1,206,1,207,27,1,missile,2-0-1,2,5,,True,True,True,0,0,1.0,0,0,0,0,False,False,,,,,,,,,0.0,,False,False,False,False,
autoregressive_ppo_order_201,learning,medium,heterogeneity_pressure,1,1,206,1,207,28,2,laser,2-0-1,0,5,,True,True,True,0,0,1.0,0,0,0,0,False,False,,,,,,,,,0.0,,False,False,False,False,
autoregressive_ppo_order_201,learning,medium,heterogeneity_pressure,1,1,206,1,207,28,0,missile,2-0-1,1,5,,True,True,True,0,0,1.0,0,0,0,0,False,False,,,,,,,,,0.0,,False,False,False,False,
autoregressive_ppo_order_201,learning,medium,heterogeneity_pressure,1,1,206,1,207,28,1,missile,2-0-1,2,5,,True,True,True,0,0,1.0,0,0,0,0,False,False,,,,,,,,,0.0,,False,False,False,False,
autoregressive_ppo_order_201,learning,medium,heterogeneity_pressure,1,1,206,1,207,29,2,laser,2-0-1,0,5,,True,True,True,0,0,1.0,0,0,0,0,False,False,,,,,,,,,0.0,,False,False,False,False,
autoregressive_ppo_order_201,learning,medium,heterogeneity_pressure,1,1,206,1,207,29,0,missile,2-0-1,1,5,,True,True,True,0,0,1.0,0,0,0,0,False,False,,,,,,,,,0.0,,False,False,False,False,
autoregressive_ppo_order_201,learning,medium,heterogeneity_pressure,1,1,206,1,207,29,1,missile,2-0-1,2,5,,True,True,True,0,0,1.0,0,0,0,0,False,False,,,,,,,,,0.0,,False,False,False,False,
autoregressive_ppo_order_201,learning,medium,heterogeneity_pressure,1,1,206,1,207,30,2,laser,2-0-1,0,5,,True,True,True,0,0,1.0,0,0,0,0,False,False,,,,,,,,,0.0,,False,False,False,False,
autoregressive_ppo_order_201,learning,medium,heterogeneity_pressure,1,1,206,1,207,30,0,missile,2-0-1,1,5,,True,True,True,0,0,1.0,0,0,0,0,False,False,,,,,,,,,0.0,,False,False,False,False,
autoregressive_ppo_order_201,learning,medium,heterogeneity_pressure,1,1,206,1,207,30,1,missile,2-0-1,2,5,,True,True,True,0,0,1.0,0,0,0,0,False,False,,,,,,,,,0.0,,False,False,False,False,
autoregressive_ppo_order_201,learning,medium,heterogeneity_pressure,1,1,206,1,207,31,2,laser,2-0-1,0,5,,True,True,True,0,0,1.0,0,0,0,0,False,False,,,,,,,,,0.0,,False,False,False,False,
autoregressive_ppo_order_201,learning,medium,heterogeneity_pressure,1,1,206,1,207,31,0,missile,2-0-1,1,5,,True,True,True,0,0,1.0,0,0,0,0,False,False,,,,,,,,,0.0,,False,False,False,False,
autoregressive_ppo_order_201,learning,medium,heterogeneity_pressure,1,1,206,1,207,31,1,missile,2-0-1,2,5,,True,True,True,0,0,1.0,0,0,0,0,False,False,,,,,,,,,0.0,,False,False,False,False,
autoregressive_ppo_order_201,learning,medium,heterogeneity_pressure,1,1,206,1,207,32,2,laser,2-0-1,0,5,,True,True,True,0,0,1.0,0,0,0,0,False,False,,,,,,,,,0.0,,False,False,False,False,
autoregressive_ppo_order_201,learning,medium,heterogeneity_pressure,1,1,206,1,207,32,0,missile,2-0-1,1,5,,True,True,True,0,0,1.0,0,0,0,0,False,False,,,,,,,,,0.0,,False,False,False,False,
autoregressive_ppo_order_201,learning,medium,heterogeneity_pressure,1,1,206,1,207,32,1,missile,2-0-1,2,5,,True,True,True,0,0,1.0,0,0,0,0,False,False,,,,,,,,,0.0,,False,False,False,False,
autoregressive_ppo_order_201,learning,medium,heterogeneity_pressure,1,1,206,1,207,33,2,laser,2-0-1,0,5,,True,True,True,0,0,1.0,0,0,0,0,False,False,,,,,,,,,0.0,,False,False,False,False,
autoregressive_ppo_order_201,learning,medium,heterogeneity_pressure,1,1,206,1,207,33,0,missile,2-0-1,1,5,,True,True,True,0,0,1.0,0,0,0,0,False,False,,,,,,,,,0.0,,False,False,False,False,
autoregressive_ppo_order_201,learning,medium,heterogeneity_pressure,1,1,206,1,207,33,1,missile,2-0-1,2,5,,True,True,True,0,0,1.0,0,0,0,0,False,False,,,,,,,,,0.0,,False,False,False,False,
autoregressive_ppo_order_201,learning,medium,heterogeneity_pressure,1,1,206,1,207,34,2,laser,2-0-1,0,5,,True,True,True,0,0,1.0,0,0,0,0,False,False,,,,,,,,,0.0,,False,False,False,False,
autoregressive_ppo_order_201,learning,medium,heterogeneity_pressure,1,1,206,1,207,34,0,missile,2-0-1,1,5,,True,True,True,0,0,1.0,0,0,0,0,False,False,,,,,,,,,0.0,,False,False,False,False,
autoregressive_ppo_order_201,learning,medium,heterogeneity_pressure,1,1,206,1,207,34,1,missile,2-0-1,2,5,,True,True,True,0,0,1.0,0,0,0,0,False,False,,,,,,,,,0.0,,False,False,False,False,
autoregressive_ppo_order_201,learning,medium,heterogeneity_pressure,1,1,206,1,207,35,2,laser,2-0-1,0,5,,True,True,True,0,0,1.0,0,0,0,0,False,False,,,,,,,,,0.0,,False,False,False,False,
autoregressive_ppo_order_201,learning,medium,heterogeneity_pressure,1,1,206,1,207,35,0,missile,2-0-1,1,5,,True,True,True,0,0,1.0,0,0,0,0,False,False,,,,,,,,,0.0,,False,False,False,False,
autoregressive_ppo_order_201,learning,medium,heterogeneity_pressure,1,1,206,1,207,35,1,missile,2-0-1,2,5,,True,True,True,0,0,1.0,0,0,0,0,False,False,,,,,,,,,0.0,,False,False,False,False,
autoregressive_ppo_order_201,learning,medium,heterogeneity_pressure,1,1,206,1,207,36,2,laser,2-0-1,0,5,,True,True,True,0,0,1.0,0,0,0,0,False,False,,,,,,,,,0.0,,False,False,False,False,
autoregressive_ppo_order_201,learning,medium,heterogeneity_pressure,1,1,206,1,207,36,0,missile,2-0-1,1,5,,True,True,True,0,0,1.0,0,0,0,0,False,False,,,,,,,,,0.0,,False,False,False,False,
autoregressive_ppo_order_201,learning,medium,heterogeneity_pressure,1,1,206,1,207,36,1,missile,2-0-1,2,5,,True,True,True,0,0,1.0,0,0,0,0,False,False,,,,,,,,,0.0,,False,False,False,False,
autoregressive_ppo_order_201,learning,medium,heterogeneity_pressure,1,1,206,1,207,37,2,laser,2-0-1,0,5,,True,True,True,0,0,1.0,0,0,0,0,False,False,,,,,,,,,0.0,,False,False,False,False,
autoregressive_ppo_order_201,learning,medium,heterogeneity_pressure,1,1,206,1,207,37,0,missile,2-0-1,1,5,,True,True,True,0,0,1.0,0,0,0,0,False,False,,,,,,,,,0.0,,False,False,False,False,
autoregressive_ppo_order_201,learning,medium,heterogeneity_pressure,1,1,206,1,207,37,1,missile,2-0-1,2,5,,True,True,True,0,0,1.0,0,0,0,0,False,False,,,,,,,,,0.0,,False,False,False,False,
autoregressive_ppo_order_201,learning,medium,heterogeneity_pressure,1,1,206,1,207,38,2,laser,2-0-1,0,5,,True,True,True,0,0,1.0,0,0,0,0,False,False,,,,,,,,,0.0,,False,False,False,False,
autoregressive_ppo_order_201,learning,medium,heterogeneity_pressure,1,1,206,1,207,38,0,missile,2-0-1,1,5,,True,True,True,0,0,1.0,0,0,0,0,False,False,,,,,,,,,0.0,,False,False,False,False,
autoregressive_ppo_order_201,learning,medium,heterogeneity_pressure,1,1,206,1,207,38,1,missile,2-0-1,2,5,,True,True,True,0,0,1.0,0,0,0,0,False,False,,,,,,,,,0.0,,False,False,False,False,
autoregressive_ppo_order_201,learning,medium,heterogeneity_pressure,1,1,206,1,207,39,2,laser,2-0-1,0,5,,True,True,True,0,0,1.0,0,0,0,0,False,False,,,,,,,,,0.0,,False,False,False,False,
autoregressive_ppo_order_201,learning,medium,heterogeneity_pressure,1,1,206,1,207,39,0,missile,2-0-1,1,5,,True,True,True,0,0,1.0,0,0,0,0,False,False,,,,,,,,,0.0,,False,False,False,False,
autoregressive_ppo_order_201,learning,medium,heterogeneity_pressure,1,1,206,1,207,39,1,missile,2-0-1,2,5,,True,True,True,0,0,1.0,0,0,0,0,False,False,,,,,,,,,0.0,,False,False,False,False,
autoregressive_ppo_order_201,learning,medium,heterogeneity_pressure,1,1,206,1,207,40,2,laser,2-0-1,0,5,,True,True,True,0,0,1.0,0,0,0,0,False,False,,,,,,,,,0.0,,False,False,False,False,
autoregressive_ppo_order_201,learning,medium,heterogeneity_pressure,1,1,206,1,207,40,0,missile,2-0-1,1,5,,True,True,True,0,0,1.0,0,0,0,0,False,False,,,,,,,,,0.0,,False,False,False,False,
autoregressive_ppo_order_201,learning,medium,heterogeneity_pressure,1,1,206,1,207,40,1,missile,2-0-1,2,5,,True,True,True,0,0,1.0,0,0,0,0,False,False,,,,,,,,,0.0,,False,False,False,False,
autoregressive_ppo_order_201,learning,medium,heterogeneity_pressure,1,1,206,1,207,41,2,laser,2-0-1,0,5,,True,True,True,0,0,1.0,0,0,0,0,False,False,,,,,,,,,0.0,,False,False,False,False,
autoregressive_ppo_order_201,learning,medium,heterogeneity_pressure,1,1,206,1,207,41,0,missile,2-0-1,1,5,,True,True,True,0,0,1.0,0,0,0,0,False,False,,,,,,,,,0.0,,False,False,False,False,
autoregressive_ppo_order_201,learning,medium,heterogeneity_pressure,1,1,206,1,207,41,1,missile,2-0-1,2,5,,True,True,True,0,0,1.0,0,0,0,0,False,False,,,,,,,,,0.0,,False,False,False,False,
autoregressive_ppo_order_201,learning,medium,heterogeneity_pressure,1,1,206,1,207,42,2,laser,2-0-1,0,5,,True,True,True,0,0,1.0,0,0,0,0,False,False,,,,,,,,,0.0,,False,False,False,False,
autoregressive_ppo_order_201,learning,medium,heterogeneity_pressure,1,1,206,1,207,42,0,missile,2-0-1,1,5,,True,True,True,0,0,1.0,0,0,0,0,False,False,,,,,,,,,0.0,,False,False,False,False,
autoregressive_ppo_order_201,learning,medium,heterogeneity_pressure,1,1,206,1,207,42,1,missile,2-0-1,2,5,,True,True,True,0,0,1.0,0,0,0,0,False,False,,,,,,,,,0.0,,False,False,False,False,
autoregressive_ppo_order_201,learning,medium,heterogeneity_pressure,1,1,206,1,207,43,2,laser,2-0-1,0,5,,True,True,True,0,0,1.0,0,0,0,0,False,False,,,,,,,,,0.0,,False,False,False,False,
autoregressive_ppo_order_201,learning,medium,heterogeneity_pressure,1,1,206,1,207,43,0,missile,2-0-1,1,5,,True,True,True,0,0,1.0,0,0,0,0,False,False,,,,,,,,,0.0,,False,False,False,False,
autoregressive_ppo_order_201,learning,medium,heterogeneity_pressure,1,1,206,1,207,43,1,missile,2-0-1,2,5,,True,True,True,0,0,1.0,0,0,0,0,False,False,,,,,,,,,0.0,,False,False,False,False,
autoregressive_ppo_order_201,learning,medium,heterogeneity_pressure,1,1,206,1,207,44,2,laser,2-0-1,0,5,,True,True,True,0,0,1.0,0,0,0,0,False,False,,,,,,,,,0.0,,False,False,False,False,
autoregressive_ppo_order_201,learning,medium,heterogeneity_pressure,1,1,206,1,207,44,0,missile,2-0-1,1,5,,True,True,True,0,0,1.0,0,0,0,0,False,False,,,,,,,,,0.0,,False,False,False,False,
autoregressive_ppo_order_201,learning,medium,heterogeneity_pressure,1,1,206,1,207,44,1,missile,2-0-1,2,5,,True,True,True,0,0,1.0,0,0,0,0,False,False,,,,,,,,,0.0,,False,False,False,False,
autoregressive_ppo_order_201,learning,medium,heterogeneity_pressure,1,1,206,1,207,45,2,laser,2-0-1,0,5,,True,True,True,0,0,1.0,0,0,0,0,False,False,,,,,,,,,0.0,,False,False,False,False,
autoregressive_ppo_order_201,learning,medium,heterogeneity_pressure,1,1,206,1,207,45,0,missile,2-0-1,1,5,,True,True,True,0,0,1.0,0,0,0,0,False,False,,,,,,,,,0.0,,False,False,False,False,
autoregressive_ppo_order_201,learning,medium,heterogeneity_pressure,1,1,206,1,207,45,1,missile,2-0-1,2,5,,True,True,True,0,0,1.0,0,0,0,0,False,False,,,,,,,,,0.0,,False,False,False,False,
autoregressive_ppo_order_201,learning,medium,heterogeneity_pressure,1,1,206,1,207,46,2,laser,2-0-1,0,5,,True,True,True,0,0,1.0,0,0,0,0,False,False,,,,,,,,,0.0,,False,False,False,False,
autoregressive_ppo_order_201,learning,medium,heterogeneity_pressure,1,1,206,1,207,46,0,missile,2-0-1,1,5,,True,True,True,0,0,1.0,0,0,0,0,False,False,,,,,,,,,0.0,,False,False,False,False,
autoregressive_ppo_order_201,learning,medium,heterogeneity_pressure,1,1,206,1,207,46,1,missile,2-0-1,2,5,,True,True,True,0,0,1.0,0,0,0,0,False,False,,,,,,,,,0.0,,False,False,False,False,
autoregressive_ppo_order_201,learning,medium,heterogeneity_pressure,1,1,206,1,207,47,2,laser,2-0-1,0,5,,True,True,True,0,0,1.0,0,0,0,0,False,False,,,,,,,,,0.0,,False,False,False,False,
autoregressive_ppo_order_201,learning,medium,heterogeneity_pressure,1,1,206,1,207,47,0,missile,2-0-1,1,5,,True,True,True,0,0,1.0,0,0,0,0,False,False,,,,,,,,,0.0,,False,False,False,False,
autoregressive_ppo_order_201,learning,medium,heterogeneity_pressure,1,1,206,1,207,47,1,missile,2-0-1,2,5,,True,True,True,0,0,1.0,0,0,0,0,False,False,,,,,,,,,0.0,,False,False,False,False,
autoregressive_ppo_order_201,learning,medium,heterogeneity_pressure,1,1,206,1,207,48,2,laser,2-0-1,0,5,,True,True,True,0,0,1.0,0,0,0,0,False,False,,,,,,,,,0.0,,False,False,False,False,
autoregressive_ppo_order_201,learning,medium,heterogeneity_pressure,1,1,206,1,207,48,0,missile,2-0-1,1,5,,True,True,True,0,0,1.0,0,0,0,0,False,False,,,,,,,,,0.0,,False,False,False,False,
autoregressive_ppo_order_201,learning,medium,heterogeneity_pressure,1,1,206,1,207,48,1,missile,2-0-1,2,5,,True,True,True,0,0,1.0,0,0,0,0,False,False,,,,,,,,,0.0,,False,False,False,False,
autoregressive_ppo_order_201,learning,medium,heterogeneity_pressure,1,1,206,1,207,49,2,laser,2-0-1,0,5,,True,True,True,0,0,1.0,0,0,0,0,False,False,,,,,,,,,0.0,,False,False,False,False,
autoregressive_ppo_order_201,learning,medium,heterogeneity_pressure,1,1,206,1,207,49,0,missile,2-0-1,1,5,,True,True,True,0,0,1.0,0,0,0,0,False,False,,,,,,,,,0.0,,False,False,False,False,
autoregressive_ppo_order_201,learning,medium,heterogeneity_pressure,1,1,206,1,207,49,1,missile,2-0-1,2,5,,True,True,True,0,0,1.0,0,0,0,0,False,False,,,,,,,,,0.0,,False,False,False,False,
