actionable_decisions,actionable_engagements,all_noop_episode,ammo_used,assignment_conflict_rate,conflict_target_events,damage_reduction_per_ammo,decision_time_ms,decision_time_seconds,engaged_target_events,engagements,episode_index,eval_scenario,evaluation_mode,evaluation_seed,high_threat_leak_rate,high_threat_threshold,hits,intercepted_damage_potential,invalid_actions,num_high_threat_leaked,num_high_threat_targets,num_intercepted,num_leaked,num_targets,overkill_assignments,overkill_rate,resource_cost,shots,steps,success,total_damage,total_reward,train_seed,unit_decisions,zone_weighted_damage
83,1,False,1,0.0,0,1.1809920177878472,2.5235827581190247,0.07318389998545172,1,1,0,medium,deterministic,50000,0.5,0.8,1,1.1809920177878472,0,1,2,1,3,5,0,0.0,2.0,1,29,False,2.857776850742124,-108.03786791476776,0,87,2.857776850742124
140,1,False,1,0.0,0,0.7120458433819452,2.3253042559867647,0.10928930003137793,1,1,1,medium,deterministic,50000,0.6666666666666666,0.8,1,0.7120458433819452,0,2,3,1,4,5,0,0.0,2.0,1,47,False,2.356030953865696,-70.3520115470035,0,141,2.356030953865696
150,0,True,0,0.0,0,0.0,2.3880719995941035,0.11940359997970518,0,0,2,medium,deterministic,50000,0.0,0.8,0,0.0,0,0,2,0,2,5,0,0.0,0.0,0,50,False,1.2232936890039343,-41.69881067011806,0,150,1.2232936890039343
142,1,False,1,0.0,0,0.6522208954612961,2.460003999294713,0.12300019996473566,1,1,3,medium,deterministic,50000,0.6666666666666666,0.8,1,0.6522208954612961,0,2,3,1,3,5,0,0.0,2.0,1,50,False,2.1659282105760083,-66.48401226222795,0,150,2.1659282105760083
109,5,False,5,0.0,0,0.3466429839362014,2.404994000098668,0.1202497000049334,5,5,4,medium,deterministic,50000,0.5,0.8,2,1.733214919681007,0,1,2,2,2,5,0,0.0,10.0,5,50,False,1.5903345853382336,-51.02904537901924,0,150,1.5903345853382336
112,4,False,4,0.0,0,0.4589302498743991,2.224342499539489,0.08897369998157956,4,4,5,medium,deterministic,50000,0.5,0.8,2,1.8357209994975965,0,1,2,2,3,5,0,0.0,8.0,4,40,False,1.7576446247485478,-52.02781516196744,0,120,1.7576446247485478
129,5,False,5,0.0,0,0.30843105541760635,2.1042819997819606,0.10521409998909803,5,5,6,medium,deterministic,50000,0.5,0.8,3,1.5421552770880318,0,1,2,3,1,5,0,0.0,10.0,5,50,False,0.941789753906312,-26.811916280072943,0,150,0.941789753906312
144,1,False,1,0.0,0,0.49822757750890756,2.1072880004066974,0.10536440002033487,1,1,7,medium,deterministic,50000,0.0,0.8,1,0.49822757750890756,0,0,1,1,3,5,0,0.0,2.0,1,50,False,1.165456088795608,-36.41670115924655,0,150,1.165456088795608
138,1,False,1,0.0,0,0.6493251265014789,2.086774000345031,0.10433870001725154,1,1,8,medium,deterministic,50000,0.0,0.8,1,0.6493251265014789,0,0,1,1,2,5,0,0.0,2.0,1,50,False,1.2840549986680494,-40.462215590182346,0,150,1.2840549986680494
130,3,False,3,0.0,0,0.2190614163561673,2.108373999799369,0.10541869998996845,3,3,9,medium,deterministic,50000,0.3333333333333333,0.8,1,0.6571842490685019,0,1,3,1,2,5,0,0.0,6.0,3,50,False,1.746556921882777,-55.87658332005721,0,150,1.746556921882777
96,3,False,3,0.0,0,0.49841160422849823,2.188078723191482,0.10283969998999964,3,3,10,medium,deterministic,50000,0.0,0.8,2,1.4952348126854946,0,0,1,2,3,5,0,0.0,6.0,3,47,False,1.8785611827052486,-55.721087991951194,0,141,1.8785611827052486
149,1,False,1,0.0,0,1.2637101790723306,2.303966000035871,0.11519830000179354,1,1,11,medium,deterministic,50000,0.3333333333333333,0.8,1,1.2637101790723306,0,1,3,1,2,5,0,0.0,2.0,1,50,False,0.9588729693529592,-28.196032551336472,0,150,0.9588729693529592
149,1,False,1,0.0,0,0.9935001925206484,2.6333819996216334,0.13166909998108167,1,1,12,medium,deterministic,50000,1.0,0.8,1,0.9935001925206484,0,1,1,1,2,5,0,0.0,2.0,1,50,False,1.3504294194958213,-41.8553950130291,0,150,1.3504294194958213
140,2,False,2,0.0,0,0.2935955806071597,2.295668000006117,0.11478340000030585,2,2,13,medium,deterministic,50000,1.0,0.8,1,0.5871911612143194,0,2,2,1,3,5,0,0.0,4.0,2,50,False,2.103266583866679,-66.47963656296945,0,150,2.103266583866679
113,1,False,1,0.0,0,0.5907877322719297,2.34281052574883,0.08902679997845553,1,1,14,medium,deterministic,50000,0.6666666666666666,0.8,1,0.5907877322719297,0,2,3,1,4,5,0,0.0,2.0,1,38,False,3.371780582547313,-125.97453478207824,0,114,3.371780582547313
140,1,False,1,0.0,0,1.2505642014461684,2.5416819998645224,0.12708409999322612,1,1,15,medium,deterministic,50000,0.6666666666666666,0.8,1,1.2505642014461684,0,2,3,1,3,5,0,0.0,2.0,1,50,False,2.445572580662386,-73.01921954512177,0,150,2.445572580662386
87,3,False,3,0.0,0,0.7027532749981079,2.278199999838964,0.0820151999942027,3,3,16,medium,deterministic,50000,0.5,0.8,2,2.108259824994324,0,2,4,2,3,5,0,0.0,6.0,3,36,False,2.4364578053975237,-68.07306901328968,0,108,2.4364578053975237
150,0,True,0,0.0,0,0.0,2.2673460000078194,0.11336730000039097,0,0,17,medium,deterministic,50000,0.3333333333333333,0.8,0,0.0,0,1,3,0,3,5,0,0.0,0.0,0,50,False,1.9688166346184541,-64.06449903855365,0,150,1.9688166346184541
146,2,False,2,0.0,0,0.450572290922253,2.34738200015272,0.117369100007636,2,2,18,medium,deterministic,50000,0.0,0.8,1,0.901144581844506,0,0,1,1,3,5,0,0.0,4.0,2,50,False,1.6705643396248995,-53.66291324043277,0,150,1.6705643396248995
146,0,True,0,0.0,0,0.0,2.5878640012524556,0.12939320006262278,0,0,19,medium,deterministic,50000,0.5,0.8,0,0.0,0,1,2,0,2,5,0,0.0,0.0,0,50,False,1.499249877160206,-49.97749631480621,0,150,1.499249877160206
143,1,False,1,0.0,0,1.010433863957028,2.7609719995234627,0.13804859997617314,1,1,20,medium,deterministic,50000,0.5,0.8,1,1.010433863957028,0,1,2,1,3,5,0,0.0,2.0,1,50,False,1.8349114282909675,-55.66053912487346,0,150,1.8349114282909675
143,1,False,1,0.0,0,0.8206410458989817,2.806970000092406,0.1403485000046203,1,1,21,medium,deterministic,50000,1.0,0.8,1,0.8206410458989817,0,3,3,1,3,5,0,0.0,2.0,1,50,False,2.4416859237536372,-74.53550097317137,0,150,2.4416859237536372
108,4,False,4,0.0,0,0.11195058348467235,3.240987179966536,0.1263985000186949,4,4,22,medium,deterministic,50000,1.0,0.8,1,0.4478023339386894,0,2,2,1,4,5,0,0.0,8.0,4,39,False,2.854500240918166,-119.31377359787818,0,117,2.854500240918166
123,3,False,3,0.0,0,0.4383535311096056,3.1749740008672234,0.15874870004336117,3,3,23,medium,deterministic,50000,0.0,0.8,2,1.3150605933288169,0,0,1,2,1,5,0,0.0,6.0,3,50,False,0.8417920549359698,-25.068509785535138,0,150,0.8417920549359698
144,2,False,2,0.0,0,0.43992375320628374,3.2373799999186303,0.16186899999593152,2,2,24,medium,deterministic,50000,1.0,0.8,1,0.8798475064125675,0,1,1,1,3,5,0,0.0,4.0,2,50,False,1.9021807656453884,-59.900016708307454,0,150,1.9021807656453884
149,1,False,1,0.0,0,0.40668801132567856,3.8965660001849756,0.19482830000924878,1,1,25,medium,deterministic,50000,0.0,0.8,1,0.40668801132567856,0,0,2,1,2,5,0,0.0,2.0,1,50,False,1.3124335318270874,-42.142699664013136,0,150,1.3124335318270874
145,2,False,2,0.0,0,0.6640310895430277,3.1495760001416784,0.15747880000708392,2,2,26,medium,deterministic,50000,0.0,0.8,2,1.3280621790860554,0,0,1,2,3,5,0,0.0,4.0,2,50,False,2.44024732401687,-70.67721621995521,0,150,2.44024732401687
137,3,False,3,0.0,0,0.70441896467447,3.451803999778349,0.17259019998891745,3,3,27,medium,deterministic,50000,0.0,0.8,2,2.1132568940234098,0,0,1,2,1,5,0,0.0,6.0,3,50,False,0.2578066557256004,-5.282769793920016,0,150,0.2578066557256004
123,5,False,5,0.0,0,0.15614737965909403,3.1098360000760294,0.15549180000380147,5,5,28,medium,deterministic,50000,1.0,0.8,1,0.7807368982954702,0,1,1,1,2,5,0,0.0,10.0,5,50,False,1.6381606559128339,-58.043021295619546,0,150,1.6381606559128339
144,1,False,1,0.0,0,0.6742460247920037,3.393579999974463,0.16967899999872316,1,1,29,medium,deterministic,50000,0.3333333333333333,0.8,1,0.6742460247920037,0,1,3,1,2,5,0,0.0,2.0,1,50,False,1.2090673536980985,-36.24198519759591,0,150,1.2090673536980985
147,2,False,2,0.0,0,0.30112472894956027,3.7354659993434325,0.18677329996717162,2,2,30,medium,deterministic,50000,1.0,0.8,1,0.6022494578991205,0,1,1,1,3,5,0,0.0,4.0,2,50,False,2.3257695202569115,-74.44529922494087,0,150,2.3257695202569115
138,1,False,1,0.0,0,0.9027466932122654,3.6935877552070675,0.1809858000051463,1,1,31,medium,deterministic,50000,1.0,0.8,1,0.9027466932122654,0,2,2,1,4,5,0,0.0,2.0,1,49,False,2.313746563352267,-71.42235414672176,0,147,2.313746563352267
129,2,False,2,0.0,0,0.3035414400376372,3.5860960007994436,0.17930480003997218,2,2,32,medium,deterministic,50000,1.0,0.8,1,0.6070828800752744,0,1,1,1,3,5,0,0.0,4.0,2,50,False,2.0425363798217893,-66.14589032404719,0,150,2.0425363798217893
149,1,False,1,0.0,0,0.4427720820497852,3.7858399999095127,0.18929199999547563,1,1,33,medium,deterministic,50000,1.0,0.8,1,0.4427720820497852,0,2,2,1,3,5,0,0.0,2.0,1,50,False,2.1365271490810476,-66.34903931064277,0,150,2.136527149081048
142,3,False,3,0.0,0,0.4171814993279395,3.3980619996145833,0.16990309998072917,3,3,34,medium,deterministic,50000,0.3333333333333333,0.8,2,1.2515444979838186,0,1,3,2,3,5,0,0.0,6.0,3,50,False,2.2030143751526543,-65.36896892730252,0,150,2.2030143751526543
149,1,False,1,0.0,0,1.0224251957940276,3.258831999701215,0.16294159998506075,1,1,35,medium,deterministic,50000,1.0,0.8,1,1.0224251957940276,0,2,2,1,3,5,0,0.0,2.0,1,50,False,2.2081870030088107,-67.32163584322738,0,150,2.208187003008811
148,1,False,1,0.0,0,0.7727993465552847,3.4740899997996166,0.17370449998998083,1,1,36,medium,deterministic,50000,0.5,0.8,1,0.7727993465552847,0,2,4,1,2,5,0,0.0,2.0,1,50,False,1.1892479548272623,-34.85478988889367,0,150,1.1892479548272623
107,3,False,3,0.0,0,0.865012467999002,3.2333707322988365,0.1325682000242523,3,3,37,medium,deterministic,50000,0.6666666666666666,0.8,3,2.595037403997006,0,2,3,3,2,5,0,0.0,6.0,3,41,False,1.7849878546327056,-46.41034468343632,0,123,1.7849878546327056
121,5,False,5,0.0,0,0.33418060118603315,2.966333999647759,0.14831669998238795,5,5,38,medium,deterministic,50000,0.4,0.8,2,1.6709030059301657,0,2,5,2,2,5,0,0.0,10.0,5,50,False,1.832362649515989,-55.511781612680736,0,150,1.832362649515989
148,2,False,2,0.0,0,0.2818019314238537,2.945709999621613,0.14728549998108065,2,2,39,medium,deterministic,50000,0.5,0.8,1,0.5636038628477074,0,1,2,1,2,5,0,0.0,4.0,2,50,False,1.6971089245308597,-55.689830431014606,0,150,1.6971089245308597
149,1,False,1,0.0,0,0.9156097376494597,3.301314000709681,0.16506570003548404,1,1,40,medium,deterministic,50000,1.0,0.8,1,0.9156097376494597,0,1,1,1,3,5,0,0.0,2.0,1,50,False,1.7344663564579015,-53.66799928419405,0,150,1.7344663564579015
130,3,False,3,0.0,0,0.18265110536710158,3.054357999935746,0.1527178999967873,3,3,41,medium,deterministic,50000,1.0,0.8,1,0.5479533161013047,0,1,1,1,1,5,0,0.0,6.0,3,50,False,0.7893801846893979,-29.7421879056072,0,150,0.7893801846893979
107,3,False,3,0.0,0,0.6787889857394086,2.8062000002558682,0.1150542000104906,3,3,42,medium,deterministic,50000,0.3333333333333333,0.8,2,2.0363669572182257,0,1,3,2,3,5,0,0.0,6.0,3,41,False,1.9966062370632185,-55.77214858704353,0,123,1.9966062370632185
149,1,False,1,0.0,0,0.767955205999954,2.8518700000131503,0.1425935000006575,1,1,43,medium,deterministic,50000,0.0,0.8,1,0.767955205999954,0,0,0,1,3,5,0,0.0,2.0,1,50,False,1.7975134922676985,-56.53370911280701,0,150,1.7975134922676985
128,2,False,2,0.0,0,0.7853117136410172,3.292087999288924,0.1646043999644462,2,2,44,medium,deterministic,50000,0.4,0.8,2,1.5706234272820343,0,2,5,2,2,5,0,0.0,4.0,2,50,False,1.3911978807696344,-38.37805894958952,0,150,1.3911978807696344
150,0,True,0,0.0,0,0.0,2.908157999481773,0.14540789997408865,0,0,45,medium,deterministic,50000,1.0,0.8,0,0.0,0,2,2,0,3,5,0,0.0,0.0,0,50,False,2.0680344878786183,-67.04103463635845,0,150,2.0680344878786183
124,2,False,2,0.0,0,0.575972162861508,3.169838636081708,0.13947289998759516,2,2,46,medium,deterministic,50000,1.0,0.8,2,1.151944325723016,0,1,1,2,3,5,0,0.0,4.0,2,44,False,1.6195292007993416,-47.31536794547353,0,132,1.6195292007993416
131,2,False,2,0.0,0,0.6583561777767779,2.9876897958218955,0.14639679999527289,2,2,47,medium,deterministic,50000,0.5,0.8,2,1.3167123555535558,0,1,2,2,3,5,0,0.0,4.0,2,49,False,2.716220236642651,-103.72679235456152,0,147,2.7162202366426516
141,3,False,3,0.0,0,0.4220642128764564,2.8660439993836917,0.14330219996918458,3,3,48,medium,deterministic,50000,1.0,0.8,2,1.2661926386293691,0,1,1,2,2,5,0,0.0,6.0,3,50,False,1.5112023864631596,-45.62857545274864,0,150,1.5112023864631596
127,2,False,2,0.0,0,0.4769720432029153,2.6815651166713037,0.11530730001686607,2,2,49,medium,deterministic,50000,1.0,0.8,2,0.9539440864058306,0,1,1,2,3,5,0,0.0,4.0,2,43,False,2.140157925985764,-64.10391758838826,0,129,2.140157925985764
149,1,False,1,0.0,0,0.5103729459168337,2.8913479996845126,0.14456739998422563,1,1,50,medium,deterministic,50000,1.0,0.8,1,0.5103729459168337,0,1,1,1,3,5,0,0.0,2.0,1,50,False,1.9757607858655846,-61.58004704013513,0,150,1.9757607858655846
102,1,False,1,0.0,0,0.6510456227360519,3.3324828570974723,0.11663689999841154,1,1,51,medium,deterministic,50000,0.0,0.8,1,0.6510456227360519,0,0,0,1,4,5,0,0.0,2.0,1,35,False,2.3170475660257868,-70.30484807439402,0,105,2.3170475660257868
140,2,False,2,0.0,0,0.7134227114411744,3.257417999993777,0.16287089999968885,2,2,52,medium,deterministic,50000,0.3333333333333333,0.8,2,1.4268454228823488,0,1,3,2,1,5,0,0.0,4.0,2,50,False,0.9205019390468194,-25.722021068510102,0,150,0.9205019390468194
119,2,False,2,0.0,0,0.8499328588502708,2.7933414633635705,0.11452699999790639,2,2,53,medium,deterministic,50000,0.0,0.8,2,1.6998657177005416,0,0,1,2,3,5,0,0.0,4.0,2,41,False,1.5159071014841587,-41.84028941565782,0,123,1.5159071014841587
119,2,False,2,0.0,0,0.5198014394266004,2.8331829266900925,0.11616049999429379,2,2,54,medium,deterministic,50000,0.5,0.8,1,1.0396028788532008,0,1,2,1,4,5,0,0.0,4.0,2,41,False,2.3004559131821147,-70.6684595002608,0,123,2.300455913182115
128,0,True,0,0.0,0,0.0,2.8260295452624136,0.1243452999915462,0,0,55,medium,deterministic,50000,1.0,0.8,0,0.0,0,1,1,0,4,5,0,0.0,0.0,0,44,False,2.7734731808968194,-112.6041954269046,0,132,2.773473180896819
149,1,False,1,0.0,0,0.6364663548815425,2.7144560003944207,0.13572280001972103,1,1,56,medium,deterministic,50000,1.0,0.8,1,0.6364663548815425,0,1,1,1,3,5,0,0.0,2.0,1,50,False,2.444294473198809,-74.33019843662184,0,150,2.444294473198809
142,2,False,2,0.0,0,1.0496055887423024,2.8203439997741953,0.14101719998870976,2,2,57,medium,deterministic,50000,0.25,0.8,2,2.0992111774846047,0,1,4,2,2,5,0,0.0,4.0,2,50,False,2.005122914098726,-55.8463416592959,0,150,2.005122914098726
125,1,False,1,0.0,0,0.0,2.8899099997943267,0.14449549998971634,1,1,58,medium,deterministic,50000,0.0,0.8,0,0.0,0,0,1,0,1,5,0,0.0,2.0,1,50,False,0.5862550133182229,-24.587650399546717,0,150,0.5862550133182229
148,1,False,1,0.0,0,0.6217569128355418,3.0628719995729625,0.15314359997864813,1,1,59,medium,deterministic,50000,0.0,0.8,1,0.6217569128355418,0,0,2,1,1,5,0,0.0,2.0,1,50,False,0.5353502676375779,-16.48778568121061,0,150,0.5353502676375779
117,4,False,4,0.0,0,0.5158197071050763,3.0757839998113923,0.1537891999905696,4,4,60,medium,deterministic,50000,0.3333333333333333,0.8,2,2.063278828420305,0,1,3,2,2,5,0,0.0,8.0,4,50,False,1.3991068385901138,-40.530329890982564,0,150,1.3991068385901138
149,1,False,1,0.0,0,0.5157550410987068,3.140611999115208,0.1570305999557604,1,1,61,medium,deterministic,50000,0.6666666666666666,0.8,1,0.5157550410987068,0,2,3,1,2,5,0,0.0,2.0,1,50,False,1.4635778822131962,-46.67751239550338,0,150,1.4635778822131962
144,3,False,3,0.0,0,0.6016352209913731,3.561295999388676,0.1780647999694338,3,3,62,medium,deterministic,50000,0.5,0.8,2,1.8049056629741194,0,1,2,2,2,5,0,0.0,6.0,3,50,False,1.2101301581954842,-37.14940207883651,0,150,1.2101301581954842
143,1,False,1,0.0,0,0.7326044151972961,3.0361140008608345,0.15180570004304172,1,1,63,medium,deterministic,50000,0.0,0.8,1,0.7326044151972961,0,0,1,1,1,5,0,0.0,2.0,1,50,False,0.506989949750459,-15.136116455650347,0,150,0.506989949750459
140,3,False,3,0.0,0,0.645390552417437,2.8235340004903264,0.14117670002451632,3,3,64,medium,deterministic,50000,0.0,0.8,2,1.936171657252311,0,0,1,2,2,5,0,0.0,6.0,3,50,False,0.8323579335948037,-24.80898918434919,0,150,0.8323579335948037
148,2,False,2,0.0,0,0.8419914659854246,2.764874000567943,0.13824370002839714,2,2,65,medium,deterministic,50000,0.0,0.8,2,1.6839829319708493,0,0,3,2,2,5,0,0.0,4.0,2,50,False,1.6596123363845516,-45.97567245691866,0,150,1.6596123363845516
132,0,True,0,0.0,0,0.0,2.7377759994124062,0.1368887999706203,0,0,66,medium,deterministic,50000,1.0,0.8,0,0.0,0,1,1,0,3,5,0,0.0,0.0,0,50,False,1.6886063178609314,-55.65818953582798,0,150,1.6886063178609314
135,2,False,2,0.0,0,0.3155430965476653,2.9281820000323933,0.14640910000161966,2,2,67,medium,deterministic,50000,0.5,0.8,1,0.6310861930953306,0,1,2,1,3,5,0,0.0,4.0,2,50,False,1.9387742853105288,-62.408039057181675,0,150,1.9387742853105285
132,2,False,2,0.0,0,0.5280932890903917,2.916187999508111,0.14580939997540554,2,2,68,medium,deterministic,50000,0.0,0.8,1,1.0561865781807833,0,0,1,1,3,5,0,0.0,4.0,2,50,False,1.7014377769995686,-53.57376194756125,0,150,1.7014377769995686
149,1,False,1,0.0,0,0.45832207804957203,2.88500800030306,0.144250400015153,1,1,69,medium,deterministic,50000,1.0,0.8,1,0.45832207804957203,0,1,1,1,2,5,0,0.0,2.0,1,50,False,1.5516283801590522,-47.4403572626215,0,150,1.5516283801590522
96,3,False,3,0.0,0,0.32915188718826754,2.857752940412063,0.09716359997401014,3,3,70,medium,deterministic,50000,1.0,0.8,2,0.9874556615648027,0,2,2,2,3,5,0,0.0,6.0,3,34,False,2.3879238106905434,-71.8148818531156,0,102,2.3879238106905434
132,3,False,3,0.0,0,0.6225792217186678,2.8411086960936105,0.1306910000203061,3,3,71,medium,deterministic,50000,0.0,0.8,3,1.8677376651560031,0,0,1,3,2,5,0,0.0,6.0,3,46,False,1.1798365972143858,-31.362222521995065,0,138,1.1798365972143858
105,2,False,2,0.0,0,0.6818769516039052,3.28836923122603,0.12824640001781518,2,2,72,medium,deterministic,50000,1.0,0.8,2,1.3637539032078103,0,2,2,2,3,5,0,0.0,4.0,2,39,False,2.237803267185747,-64.20986511963338,0,117,2.237803267185747
136,3,False,3,0.0,0,0.2827179578366826,2.856836170781691,0.13427130002673948,3,3,73,medium,deterministic,50000,0.0,0.8,1,0.8481538735100477,0,0,1,1,3,5,0,0.0,6.0,3,47,False,2.510387939041314,-103.35730418238713,0,141,2.510387939041314
106,2,False,2,0.0,0,1.0905558503321875,3.103353846362995,0.1210308000081568,2,2,74,medium,deterministic,50000,0.5,0.8,2,2.181111700664375,0,1,2,2,3,5,0,0.0,4.0,2,39,False,2.249009866517419,-62.48139097456465,0,117,2.249009866517419
138,3,False,3,0.0,0,0.6591064009517028,2.964617021752155,0.13933700002235128,3,3,75,medium,deterministic,50000,0.6,0.8,2,1.9773192028551083,0,3,5,2,3,5,0,0.0,6.0,3,47,False,2.1367270464328842,-60.88199427149959,0,141,2.1367270464328842
149,1,False,1,0.0,0,1.200749183610398,3.1796839996241033,0.15898419998120517,1,1,76,medium,deterministic,50000,0.0,0.8,1,1.200749183610398,0,0,2,1,2,5,0,0.0,2.0,1,50,False,0.9774979660865846,-28.7570941170891,0,150,0.9774979660865846
150,0,True,0,0.0,0,0.0,2.7490899998520035,0.13745449999260018,0,0,77,medium,deterministic,50000,0.5,0.8,0,0.0,0,1,2,0,2,5,0,0.0,0.0,0,50,False,1.2950759877038203,-43.85227963111465,0,150,1.2950759877038203
114,1,False,1,0.0,0,0.3872975746277061,3.041256410002601,0.11860899999010144,1,1,78,medium,deterministic,50000,1.0,0.8,1,0.3872975746277061,0,3,3,1,4,5,0,0.0,2.0,1,39,False,3.1272302401794976,-119.69936041057522,0,117,3.1272302401794976
149,1,False,1,0.0,0,0.9553162652709013,2.983624001062708,0.1491812000531354,1,1,79,medium,deterministic,50000,0.5,0.8,1,0.9553162652709013,0,1,2,1,3,5,0,0.0,2.0,1,50,False,1.9852523995369067,-60.583435696738725,0,150,1.9852523995369067
108,3,False,3,0.0,0,0.3945725006929945,2.7642225000818144,0.11056890000327257,3,3,80,medium,deterministic,50000,1.0,0.8,2,1.1837175020789834,0,2,2,2,3,5,0,0.0,6.0,3,40,False,1.8383472704316521,-57.231873499670236,0,120,1.8383472704316521
138,2,False,2,0.0,0,0.3831811808123166,2.753126001043711,0.13765630005218554,2,2,81,medium,deterministic,50000,0.5,0.8,1,0.7663623616246332,0,1,2,1,3,5,0,0.0,4.0,2,50,False,2.0594739153411,-63.310283606937155,0,150,2.0594739153411004
137,1,False,1,0.0,0,0.6316016237284059,3.1061400003090966,0.15530700001545483,1,1,82,medium,deterministic,50000,0.0,0.8,1,0.6316016237284059,0,0,2,1,0,5,0,0.0,2.0,1,50,False,0.0,-2.0399801430829423,0,150,0.0
150,0,True,0,0.0,0,0.0,3.0026019996148534,0.15013009998074267,0,0,83,medium,deterministic,50000,0.0,0.8,0,0.0,0,0,2,0,2,5,0,0.0,0.0,0,50,False,1.4613115594479775,-48.839346783439346,0,150,1.4613115594479775
138,1,False,1,0.0,0,0.5921657845191929,4.123707999824546,0.2061853999912273,1,1,84,medium,deterministic,50000,1.0,0.8,1,0.5921657845191929,0,1,1,1,3,5,0,0.0,2.0,1,50,False,2.0283955255379285,-63.12530352142762,0,150,2.0283955255379285
149,1,False,1,0.0,0,0.5793657743351486,3.0742680000548717,0.15371340000274358,1,1,85,medium,deterministic,50000,0.6666666666666666,0.8,1,0.5793657743351486,0,2,3,1,3,5,0,0.0,2.0,1,50,False,2.356373724655863,-71.08068363798357,0,150,2.356373724655863
142,1,False,1,0.0,0,0.6209000588908113,2.9125640002894215,0.14562820001447108,1,1,86,medium,deterministic,50000,0.5,0.8,1,0.6209000588908113,0,1,2,1,3,5,0,0.0,2.0,1,50,False,1.2855065358327162,-41.15158803781788,0,150,1.2855065358327162
128,4,False,4,0.0,0,0.21373555133454836,2.7101099996070843,0.13550549998035422,4,4,87,medium,deterministic,50000,0.25,0.8,1,0.8549422053381934,0,1,4,1,2,5,0,0.0,8.0,4,50,False,1.3087132951095377,-45.279191558962786,0,150,1.3087132951095377
142,3,False,3,0.0,0,0.47272118323866574,2.5160439997853246,0.12580219998926623,3,3,88,medium,deterministic,50000,1.0,0.8,2,1.4181635497159972,0,1,1,2,2,5,0,0.0,6.0,3,50,False,1.7860161648860795,-54.858434684700036,0,150,1.7860161648860795
111,0,True,0,0.0,0,0.0,2.8092567567049676,0.1039424999980838,0,0,89,medium,deterministic,50000,1.0,0.8,0,0.0,0,1,1,0,3,5,0,0.0,0.0,0,37,False,2.6068021265879886,-106.90406379763968,0,111,2.6068021265879886
149,1,False,1,0.0,0,0.48410031097737777,2.796967999456683,0.13984839997283416,1,1,90,medium,deterministic,50000,0.3333333333333333,0.8,1,0.48410031097737777,0,1,3,1,2,5,0,0.0,2.0,1,50,False,1.933623569221842,-60.99453843507927,0,150,1.933623569221842
143,3,False,3,0.0,0,0.4753889147135168,2.8643780000857078,0.1432189000042854,3,3,91,medium,deterministic,50000,0.2,0.8,2,1.4261667441405503,0,1,5,2,1,5,0,0.0,6.0,3,50,False,1.0356551433590466,-27.85647675090068,0,150,1.0356551433590466
136,2,False,2,0.0,0,1.0170225124853332,2.471869999571936,0.12359349997859681,2,2,92,medium,deterministic,50000,0.6666666666666666,0.8,2,2.0340450249706663,0,2,3,2,2,5,0,0.0,4.0,2,50,False,1.774008758539237,-50.37012849331716,0,150,1.774008758539237
128,3,False,3,0.0,0,0.1620648865738143,2.548912000056589,0.12744560000282945,3,3,93,medium,deterministic,50000,1.0,0.8,1,0.4861946597214429,0,2,2,1,3,5,0,0.0,6.0,3,50,False,1.6836016724910463,-56.50872715026333,0,150,1.6836016724910463
99,2,False,2,0.0,0,0.6029488704198684,2.5640810809154817,0.09487099999387283,2,2,94,medium,deterministic,50000,0.5,0.8,2,1.2058977408397369,0,1,2,2,3,5,0,0.0,4.0,2,37,False,2.0844109462173686,-59.975085275268285,0,111,2.0844109462173686
85,3,False,3,0.0,0,0.35501871158844917,2.6107937501365086,0.08354540000436828,3,3,95,medium,deterministic,50000,1.0,0.8,2,1.0650561347653476,0,1,1,2,3,5,0,0.0,6.0,3,32,False,2.278191661867221,-68.8786801138723,0,96,2.278191661867221
116,2,False,2,0.0,0,0.8288556129238479,2.4002341465902424,0.09840960001019994,2,2,96,medium,deterministic,50000,0.6666666666666666,0.8,2,1.6577112258476958,0,2,3,2,3,5,0,0.0,4.0,2,41,False,1.579217543491036,-44.62247377416198,0,123,1.579217543491036
144,1,False,1,0.0,0,0.7831470773814905,2.7013959997566417,0.13506979998783208,1,1,97,medium,deterministic,50000,0.5,0.8,1,0.7831470773814905,0,1,2,1,2,5,0,0.0,2.0,1,50,False,1.6110414687281258,-48.316106215720914,0,150,1.6110414687281258
123,3,False,3,0.0,0,0.3295508970476986,2.759828000271227,0.13799140001356136,3,3,98,medium,deterministic,50000,0.0,0.8,1,0.9886526911430957,0,0,1,1,2,5,0,0.0,6.0,3,50,False,1.455015296215292,-48.642369712622155,0,150,1.455015296215292
150,0,True,0,0.0,0,0.0,2.7688959997612983,0.13844479998806491,0,0,99,medium,deterministic,50000,0.5,0.8,0,0.0,0,2,4,0,3,5,0,0.0,0.0,0,50,False,1.9697601630713055,-64.0928048921392,0,150,1.9697601630713055
86,4,False,4,0.0,0,0.4631461900614508,2.7197483873497994,0.08431220000784378,4,4,0,time_pressure,deterministic,50100,0.3333333333333333,0.8,2,1.8525847602458032,0,1,3,2,3,5,0,0.0,8.0,4,31,False,2.0064383157780386,-57.295446828166256,0,93,2.0064383157780386
95,1,False,1,0.0,0,0.9794071809658987,3.1778787875241092,0.1048699999882956,1,1,1,time_pressure,deterministic,50100,0.3333333333333333,0.8,1,0.9794071809658987,0,1,3,1,3,5,0,0.0,2.0,1,33,False,2.969100224175127,-112.75924451362465,0,99,2.969100224175127
115,2,False,2,0.0,0,0.438023213811751,2.877990000160935,0.1151196000064374,2,2,2,time_pressure,deterministic,50100,1.0,0.8,1,0.876046427623502,0,1,1,1,4,5,0,0.0,4.0,2,40,False,2.247802456117016,-70.6198381759169,0,120,2.2478024561170153
98,2,False,2,0.0,0,0.9052265978065701,2.377854053495842,0.08798059997934615,2,2,3,time_pressure,deterministic,50100,0.0,0.8,2,1.8104531956131402,0,0,1,2,3,5,0,0.0,4.0,2,37,False,1.63903126415111,-46.555060190377716,0,111,1.63903126415111
93,4,False,4,0.0,0,0.3095918283934427,2.5253406249703403,0.08081089999905089,4,4,4,time_pressure,deterministic,50100,1.0,0.8,2,1.2383673135737707,0,1,1,2,3,5,0,0.0,8.0,4,32,False,1.5257127789384546,-47.44106801791548,0,96,1.5257127789384548
100,2,False,2,0.0,0,0.7190949903870463,2.5518176467705738,0.0867617999901995,2,2,5,time_pressure,deterministic,50100,0.5,0.8,2,1.4381899807740925,0,1,2,2,3,5,0,0.0,4.0,2,34,False,1.8337462978484773,-50.34125260662724,0,102,1.8337462978484773
82,1,False,1,0.0,0,0.7633368237316849,2.6702633333722283,0.08010790000116685,1,1,6,time_pressure,deterministic,50100,0.75,0.8,1,0.7633368237316849,0,3,4,1,3,5,0,0.0,2.0,1,30,False,2.85130004987065,-108.88512886961036,0,90,2.85130004987065
114,2,False,2,0.0,0,0.35010890544984424,2.6725097550519332,0.10957289995712927,2,2,7,time_pressure,deterministic,50100,0.0,0.8,1,0.7002178108996885,0,0,0,1,4,5,0,0.0,4.0,2,41,False,2.3887515624255684,-75.35700196287519,0,123,2.3887515624255684
91,4,False,4,0.0,0,0.33753449312771755,2.528425000289442,0.09102330001041992,4,4,8,time_pressure,deterministic,50100,1.0,0.8,2,1.3501379725108702,0,2,2,2,3,5,0,0.0,8.0,4,36,False,2.2956126065669378,-71.11700613624336,0,108,2.2956126065669378
66,3,False,3,0.0,0,0.36636071618739696,2.5153884615484947,0.06540010000026086,3,3,9,time_pressure,deterministic,50100,1.0,0.8,2,1.0990821485621909,0,2,2,2,3,5,0,0.0,6.0,3,26,False,1.6582330505210994,-49.45625274218523,0,78,1.6582330505210994
53,3,False,3,0.0,0,0.7663088876761363,2.675022222791557,0.07222560001537204,3,3,10,time_pressure,deterministic,50100,0.3333333333333333,0.8,2,2.298926663028409,0,1,3,2,3,5,0,0.0,6.0,3,27,False,1.7666917668654127,-46.28856563617965,0,81,1.7666917668654127
76,3,False,3,0.0,0,0.5828974287194931,2.9897692304355306,0.0777339999913238,3,3,11,time_pressure,deterministic,50100,0.5,0.8,2,1.7486922861584793,0,1,2,2,3,5,0,0.0,6.0,3,26,False,1.5525995079736041,-43.112870209844935,0,78,1.552599507973604
124,3,False,3,0.0,0,0.5508198612901801,2.6988818181879735,0.11875080000027083,3,3,12,time_pressure,deterministic,50100,1.0,0.8,2,1.6524595838705403,0,1,1,2,3,5,0,0.0,6.0,3,44,False,1.7643697614022367,-52.847903524629274,0,132,1.764369761402237
93,3,False,3,0.0,0,0.1410221721691324,2.6959789475337232,0.10244720000628149,3,3,13,time_pressure,deterministic,50100,1.0,0.8,1,0.4230665165073972,0,2,2,1,4,5,0,0.0,6.0,3,38,False,2.258070295455115,-72.20380718720347,0,114,2.258070295455115
111,2,False,2,0.0,0,0.9644198138340745,2.6186756097935935,0.10736570000153733,2,2,14,time_pressure,deterministic,50100,0.0,0.8,2,1.928839627668149,0,0,2,2,3,5,0,0.0,4.0,2,41,False,1.8849619264388866,-49.65145300458752,0,123,1.8849619264388866
81,2,False,2,0.0,0,0.509316706306019,2.630853571255492,0.07366389999515377,2,2,15,time_pressure,deterministic,50100,0.6666666666666666,0.8,1,1.018633412612038,0,2,3,1,4,5,0,0.0,4.0,2,28,False,2.4470591819833443,-73.16036502826327,0,84,2.447059181983344
101,4,False,4,0.0,0,0.24618991117607109,2.58079210604927,0.09807010002987226,4,4,16,time_pressure,deterministic,50100,0.5,0.8,2,0.9847596447042843,0,1,2,2,3,5,0,0.0,8.0,4,38,False,2.464640899744758,-76.38058269716488,0,114,2.464640899744758
87,2,False,2,0.0,0,1.0404912013092456,2.619115624383994,0.08381169998028781,2,2,17,time_pressure,deterministic,50100,0.3333333333333333,0.8,2,2.080982402618491,0,1,3,2,3,5,0,0.0,4.0,2,32,False,1.8333253464201476,-48.57297326582368,0,96,1.8333253464201476
65,5,False,5,0.0,0,0.1690327615746474,2.7754600004603467,0.0832638000138104,5,5,18,time_pressure,deterministic,50100,0.6666666666666666,0.8,1,0.845163807873237,0,2,3,1,4,5,0,0.0,10.0,5,30,False,2.030836821352938,-66.90832888270072,0,90,2.030836821352938
119,1,False,1,0.0,0,0.5431571903504743,2.8950950001672027,0.1158038000066881,1,1,19,time_pressure,deterministic,50100,0.6666666666666666,0.8,1,0.5431571903504743,0,2,3,1,4,5,0,0.0,2.0,1,40,False,2.3869870592546176,-70.95402684128506,0,120,2.3869870592546176
86,4,False,4,0.0,0,0.6015418319530181,2.5256500002190783,0.07576950000657234,4,4,20,time_pressure,deterministic,50100,0.0,0.8,3,2.4061673278120725,0,0,2,3,2,5,0,0.0,8.0,4,30,False,1.5931610412788055,-39.39781437173623,0,90,1.5931610412788055
69,3,False,3,0.0,0,0.9016229086942649,139.15115333317468,4.174534599995241,3,3,21,time_pressure,deterministic,50100,0.5,0.8,2,2.7048687260827946,0,2,4,2,3,5,0,0.0,6.0,3,30,False,2.5074424885760136,-93.7914300212074,0,90,2.507442488576014
84,3,False,3,0.0,0,0.2149401749419262,68.3491966665315,2.050475899995945,3,3,22,time_pressure,deterministic,50100,0.6666666666666666,0.8,1,0.6448205248257786,0,2,3,1,4,5,0,0.0,6.0,3,30,False,3.7077898255711075,-139.0197133137967,0,90,3.7077898255711075
112,2,False,2,0.0,0,0.5941404196948299,13.48305789437482,0.5123561999862432,2,2,23,time_pressure,deterministic,50100,0.5,0.8,2,1.1882808393896598,0,1,2,2,3,5,0,0.0,4.0,2,38,False,2.2770176357105285,-64.21920173816551,0,114,2.2770176357105285
123,2,False,2,0.0,0,0.8904623892882979,2.3274431815397376,0.10240749998774845,2,2,24,time_pressure,deterministic,50100,0.3333333333333333,0.8,2,1.7809247785765958,0,1,3,2,3,5,0,0.0,4.0,2,44,False,1.7459611042778387,-47.677032771316476,0,132,1.7459611042778387
113,1,False,1,0.0,0,0.6912866848466693,2.40424615372038,0.09376559999509482,1,1,25,time_pressure,deterministic,50100,0.3333333333333333,0.8,1,0.6912866848466693,0,1,3,1,3,5,0,0.0,2.0,1,39,False,2.740988082896846,-105.7059046140216,0,117,2.740988082896846
108,0,True,0,0.0,0,0.0,3.3973416670455157,0.12230430001363857,0,0,26,time_pressure,deterministic,50100,1.0,0.8,0,0.0,0,2,2,0,5,5,0,0.0,0.0,0,36,False,3.2486203709363517,-126.05861112809053,0,108,3.248620370936352
88,2,False,2,0.0,0,0.1934240979686295,2.4861266657050387,0.07458379997115117,2,2,27,time_pressure,deterministic,50100,1.0,0.8,1,0.386848195937259,0,3,3,1,3,5,0,0.0,4.0,2,30,False,3.1259339405536406,-121.49950893155517,0,90,3.1259339405536406
99,2,False,2,0.0,0,0.49990789028987836,2.490417646399959,0.08467419997759862,2,2,28,time_pressure,deterministic,50100,1.0,0.8,2,0.9998157805797567,0,1,1,2,3,5,0,0.0,4.0,2,34,False,1.8291455183094936,-53.33958485367518,0,102,1.8291455183094936
120,1,False,1,0.0,0,0.9555503854163114,3.192314634272806,0.13088490000518505,1,1,29,time_pressure,deterministic,50100,0.5,0.8,1,0.9555503854163114,0,1,2,1,4,5,0,0.0,2.0,1,41,False,2.487271986022079,-74.16593068416518,0,123,2.487271986022079
84,3,False,3,0.0,0,0.4104915736890038,2.2678551728764935,0.06576780001341831,3,3,30,time_pressure,deterministic,50100,0.5,0.8,2,1.2314747210670114,0,1,2,2,3,5,0,0.0,6.0,3,29,False,2.2955210339321654,-65.67042447880762,0,87,2.2955210339321654
99,3,False,3,0.0,0,0.5620058831437302,2.291868292625778,0.09396659999765689,3,3,31,time_pressure,deterministic,50100,0.75,0.8,2,1.6860176494311907,0,3,4,2,3,5,0,0.0,6.0,3,41,False,2.732446014832418,-104.59177612958308,0,123,2.732446014832418
82,3,False,3,0.0,0,0.6290206019041952,2.441068965708837,0.07079100000555627,3,3,32,time_pressure,deterministic,50100,0.6666666666666666,0.8,3,1.8870618057125856,0,2,3,3,2,5,0,0.0,6.0,3,29,False,1.574363878726663,-39.84363504291702,0,87,1.574363878726663
81,4,False,4,0.0,0,0.3874898271699381,3.2180785726398295,0.09010620003391523,4,4,33,time_pressure,deterministic,50100,0.3333333333333333,0.8,2,1.5499593086797523,0,1,3,2,3,5,0,0.0,8.0,4,28,False,1.5859500543561298,-45.29488588654087,0,84,1.5859500543561298
80,3,False,3,0.0,0,0.6085008361386613,2.39341515231045,0.07898270002624486,3,3,34,time_pressure,deterministic,50100,0.5,0.8,3,1.825502508415984,0,1,2,3,2,5,0,0.0,6.0,3,33,False,1.3855213690294188,-34.75599097904848,0,99,1.3855213690294188
100,3,False,3,0.0,0,0.5553918229471718,2.930312820423681,0.11428219999652356,3,3,35,time_pressure,deterministic,50100,0.3333333333333333,0.8,2,1.6661754688415154,0,1,3,2,3,5,0,0.0,6.0,3,39,False,1.8618020136704834,-51.17750859227657,0,117,1.8618020136704834
99,3,False,3,0.0,0,0.4346401060232064,3.1610470586576196,0.10747559999435907,3,3,36,time_pressure,deterministic,50100,0.0,0.8,2,1.3039203180696193,0,0,0,2,3,5,0,0.0,6.0,3,34,False,2.4929919966447276,-74.6202518895331,0,102,2.4929919966447276
89,3,False,3,0.0,0,0.5674967210499506,3.046521875603503,0.09748870001931209,3,3,37,time_pressure,deterministic,50100,0.3333333333333333,0.8,2,1.702490163149852,0,1,3,2,3,5,0,0.0,6.0,3,32,False,2.0283400995016194,-56.165863890198985,0,96,2.0283400995016194
95,2,False,2,0.0,0,0.8172352035975216,5.193366667134052,0.17138110001542373,2,2,38,time_pressure,deterministic,50100,1.0,0.8,2,1.634470407195043,0,2,2,2,3,5,0,0.0,4.0,2,33,False,2.453874851764236,-71.76014210035686,0,99,2.453874851764236
82,0,True,0,0.0,0,0.0,3.049192856841338,0.08537739999155747,0,0,39,time_pressure,deterministic,50100,1.0,0.8,0,0.0,0,2,2,0,4,5,0,0.0,0.0,0,28,False,2.8651122538585136,-113.75336761575542,0,84,2.8651122538585136
75,4,False,4,0.0,0,0.579116135434983,2.6896037029305093,0.07261929997912375,4,4,40,time_pressure,deterministic,50100,0.6666666666666666,0.8,3,2.316464541739932,0,2,3,3,2,5,0,0.0,8.0,4,27,False,1.2746281845828895,-33.86907780301342,0,81,1.2746281845828895
130,2,False,2,0.0,0,0.4195868826601239,2.5616688893124877,0.11527510001906194,2,2,41,time_pressure,deterministic,50100,0.0,0.8,1,0.8391737653202478,0,0,0,1,4,5,0,0.0,4.0,2,45,False,2.1729327866186594,-68.96189102161934,0,135,2.1729327866186594
97,2,False,2,0.0,0,0.6635428869390392,2.639608823836384,0.08974670001043705,2,2,42,time_pressure,deterministic,50100,0.0,0.8,2,1.3270857738780784,0,0,0,2,3,5,0,0.0,4.0,2,34,False,1.921898408049584,-54.807948133406875,0,102,1.921898408049584
96,4,False,4,0.0,0,0.33166258517931824,2.4378894731374827,0.09263979997922434,4,4,43,time_pressure,deterministic,50100,0.6666666666666666,0.8,2,1.326650340717273,0,2,3,2,3,5,0,0.0,8.0,4,38,False,2.4359979113394936,-70.82119313536242,0,114,2.4359979113394936
81,6,False,6,0.0,0,0.16865991834011543,2.3972900002263486,0.07191870000679046,6,6,44,time_pressure,deterministic,50100,0.0,0.8,1,1.0119595100406926,0,0,0,1,4,5,0,0.0,12.0,6,30,False,2.2511020490576232,-76.9196583774012,0,90,2.2511020490576232
73,5,False,5,0.0,0,0.2988526574944056,2.3931228564054305,0.08375929997419007,5,5,45,time_pressure,deterministic,50100,0.5,0.8,2,1.494263287472028,0,1,2,2,3,5,0,0.0,10.0,5,35,False,2.050761219061903,-63.4346166021566,0,105,2.050761219061903
85,2,False,2,0.0,0,0.6658285097195806,2.476013793433406,0.07180440000956878,2,2,46,time_pressure,deterministic,50100,0.0,0.8,2,1.3316570194391613,0,0,1,2,3,5,0,0.0,4.0,2,29,False,1.7440097552378298,-48.80394415539203,0,87,1.7440097552378298
79,2,False,2,0.0,0,0.24916754023558965,2.5664740740601837,0.06929479999962496,2,2,47,time_pressure,deterministic,50100,1.0,0.8,1,0.4983350804711793,0,2,2,1,4,5,0,0.0,4.0,2,27,False,2.372277254871623,-73.7810112058539,0,81,2.372277254871623
82,3,False,3,0.0,0,0.86963427883863,2.4477699987376886,0.07343309996213065,3,3,48,time_pressure,deterministic,50100,0.5,0.8,3,2.60890283651589,0,2,4,3,2,5,0,0.0,6.0,3,30,False,2.0712597700032083,-52.475675080519736,0,90,2.0712597700032083
92,2,False,2,0.0,0,0.699583097244304,2.4076363631386566,0.07945199998357566,2,2,49,time_pressure,deterministic,50100,1.0,0.8,2,1.399166194488608,0,3,3,2,3,5,0,0.0,4.0,2,33,False,2.5896490371035803,-100.02815809347186,0,99,2.5896490371035803
105,1,False,1,0.0,0,0.5356600562621869,2.3632815791643225,0.08980470000824425,1,1,50,time_pressure,deterministic,50100,1.0,0.8,1,0.5356600562621869,0,2,2,1,4,5,0,0.0,2.0,1,38,False,2.5849609086593186,-102.65203378674575,0,114,2.5849609086593186
101,1,False,1,0.0,0,0.6564686385521901,2.464702857001352,0.08626459999504732,1,1,51,time_pressure,deterministic,50100,1.0,0.8,1,0.6564686385521901,0,1,1,1,4,5,0,0.0,2.0,1,35,False,2.6341010531798856,-103.71244399977493,0,105,2.6341010531798856
100,2,False,2,0.0,0,0.6462232721941703,2.4144485717572803,0.08450570001150481,2,2,52,time_pressure,deterministic,50100,1.0,0.8,2,1.2924465443883406,0,2,2,2,3,5,0,0.0,4.0,2,35,False,2.456897706105674,-71.71556726253786,0,105,2.456897706105674
89,1,False,1,0.0,0,0.0,2.4859281245426246,0.07954969998536399,1,1,53,time_pressure,deterministic,50100,1.0,0.8,0,0.0,0,1,1,0,4,5,0,0.0,2.0,1,32,False,2.8055962196465494,-114.36788658939649,0,96,2.805596219646549
77,2,False,2,0.0,0,1.0415409923132515,2.5578199990074304,0.07673459997022292,2,2,54,time_pressure,deterministic,50100,0.6666666666666666,0.8,2,2.083081984626503,0,2,3,2,3,5,0,0.0,4.0,2,30,False,1.986822094781855,-53.907226545866635,0,90,1.986822094781855
52,6,False,6,0.0,0,0.0,2.5378580640761124,0.07867359998635948,6,6,55,time_pressure,deterministic,50100,1.0,0.8,0,0.0,0,1,1,0,4,5,0,0.0,12.0,6,31,False,2.673874129675148,-120.31622389025446,0,93,2.6738741296751485
89,1,False,1,0.0,0,0.38193552490485155,2.860433334232463,0.0858130000269739,1,1,56,time_pressure,deterministic,50100,1.0,0.8,1,0.38193552490485155,0,2,2,1,4,5,0,0.0,2.0,1,30,False,2.5957813546271273,-102.99469134575295,0,90,2.595781354627128
83,1,False,1,0.0,0,0.7237520945298749,2.6856357149621806,0.07519780001894105,1,1,57,time_pressure,deterministic,50100,0.5,0.8,1,0.7237520945298749,0,1,2,1,4,5,0,0.0,2.0,1,28,False,2.718023474841261,-105.28981994328475,0,84,2.7180234748412615
105,2,False,2,0.0,0,0.6136530667279595,2.4583378379591867,0.0909585000044899,2,2,58,time_pressure,deterministic,50100,1.0,0.8,2,1.227306133455919,0,2,2,2,3,5,0,0.0,4.0,2,37,False,2.123341832984943,-61.73347083135247,0,111,2.123341832984943
101,1,False,1,0.0,0,1.0220805630649261,2.399741175930317,0.08159119998163078,1,1,59,time_pressure,deterministic,50100,0.6666666666666666,0.8,1,1.0220805630649261,0,2,3,1,3,5,0,0.0,2.0,1,34,False,2.663970236155131,-102.73149310283564,0,102,2.663970236155131
110,1,False,1,0.0,0,0.6117774767726649,2.3609702701513604,0.08735589999560034,1,1,60,time_pressure,deterministic,50100,1.0,0.8,1,0.6117774767726649,0,1,1,1,4,5,0,0.0,2.0,1,37,False,2.8793430569554057,-112.49590996070091,0,111,2.879343056955406
92,1,False,1,0.0,0,0.6180352541623588,2.440328126112945,0.07809050003561424,1,1,61,time_pressure,deterministic,50100,0.6666666666666666,0.8,1,0.6180352541623588,0,2,3,1,4,5,0,0.0,2.0,1,32,False,2.5866404524478637,-101.14130931070898,0,96,2.5866404524478632
96,2,False,2,0.0,0,0.7499416195773008,2.332452940797392,0.07930339998711133,2,2,62,time_pressure,deterministic,50100,1.0,0.8,2,1.4998832391546015,0,2,2,2,3,5,0,0.0,4.0,2,34,False,2.363497140634855,-67.80407305533943,0,102,2.363497140634855
99,1,False,1,0.0,0,0.642261990844266,2.262655882291523,0.07693029999791179,1,1,63,time_pressure,deterministic,50100,1.0,0.8,1,0.642261990844266,0,1,1,1,4,5,0,0.0,2.0,1,34,False,2.5138127081527313,-101.58602953988733,0,102,2.5138127081527313
85,4,False,4,0.0,0,0.3934655589984588,2.4433499997636923,0.07330049999291077,4,4,64,time_pressure,deterministic,50100,0.5,0.8,2,1.5738622359938352,0,1,2,2,3,5,0,0.0,8.0,4,30,False,2.1873190639357505,-66.44567857443269,0,90,2.1873190639357505
115,2,False,2,0.0,0,0.47442937468246726,2.518705128563735,0.09822950001398567,2,2,65,time_pressure,deterministic,50100,0.0,0.8,2,0.9488587493649345,0,0,0,2,3,5,0,0.0,4.0,2,39,False,1.9092548534105487,-56.142944655310714,0,117,1.9092548534105487
71,5,False,5,0.0,0,0.23434229309354987,2.543411110376905,0.06867209998017643,5,5,66,time_pressure,deterministic,50100,0.5,0.8,2,1.1717114654677494,0,1,2,2,3,5,0,0.0,10.0,5,27,False,2.319134123494456,-71.26633857413911,0,81,2.319134123494456
94,2,False,2,0.0,0,0.5730740565195844,2.4580656242960686,0.0786580999774742,2,2,67,time_pressure,deterministic,50100,0.5,0.8,1,1.1461481130391689,0,1,2,1,4,5,0,0.0,4.0,2,32,False,3.0030488900942514,-114.63058290850567,0,96,3.0030488900942514
106,2,False,2,0.0,0,0.3296516320391333,3.167749999288629,0.1203744999729679,2,2,68,time_pressure,deterministic,50100,1.0,0.8,1,0.6593032640782666,0,1,1,1,4,5,0,0.0,4.0,2,38,False,2.2906189759173765,-71.7470801828114,0,114,2.2906189759173765
57,5,False,5,0.0,0,0.21913684545804085,3.669059375170036,0.11740990000544116,5,5,69,time_pressure,deterministic,50100,0.6666666666666666,0.8,1,1.0956842272902043,0,2,3,1,4,5,0,0.0,10.0,5,32,False,2.7522741190734448,-113.11792795256167,0,96,2.7522741190734448
79,3,False,3,0.0,0,0.2826100307699277,2.9663294117199257,0.10085519999847747,3,3,70,time_pressure,deterministic,50100,1.0,0.8,1,0.8478300923097831,0,1,1,1,4,5,0,0.0,6.0,3,34,False,2.4145193971937235,-76.10369343798087,0,102,2.4145193971937235
98,2,False,2,0.0,0,0.6022175160239495,3.340114705625798,0.11356389999127714,2,2,71,time_pressure,deterministic,50100,0.0,0.8,2,1.204435032047899,0,0,1,2,3,5,0,0.0,4.0,2,34,False,1.1898841910203506,-32.2019810135781,0,102,1.1898841910203506
84,6,False,6,0.0,0,0.31258477256314565,2.6035312503154273,0.08331300001009367,6,6,72,time_pressure,deterministic,50100,0.0,0.8,2,1.875508635378874,0,0,2,2,3,5,0,0.0,12.0,6,32,False,1.361708065260466,-41.86323893454612,0,96,1.361708065260466
90,6,False,6,0.0,0,0.2149257634822138,3.3187924991580076,0.1327516999663203,6,6,73,time_pressure,deterministic,50100,0.6666666666666666,0.8,1,1.2895545808932827,0,2,3,1,4,5,0,0.0,12.0,6,40,False,2.710232849684931,-115.3481937593026,0,120,2.710232849684931
111,3,False,3,0.0,0,0.14552236858731635,3.7478897436999548,0.14616770000429824,3,3,74,time_pressure,deterministic,50100,1.0,0.8,1,0.43656710576194907,0,1,1,1,4,5,0,0.0,6.0,3,39,False,2.0446979681223283,-66.63462874265956,0,117,2.0446979681223287
105,2,False,2,0.0,0,0.6462958560560745,2.9486947362449043,0.11205039997730637,2,2,75,time_pressure,deterministic,50100,0.5,0.8,2,1.292591712112149,0,1,2,2,3,5,0,0.0,4.0,2,38,False,2.2792836808473322,-65.3333223031781,0,114,2.2792836808473322
120,0,True,0,0.0,0,0.0,3.457587500452064,0.13830350001808256,0,0,76,time_pressure,deterministic,50100,1.0,0.8,0,0.0,0,2,2,0,4,5,0,0.0,0.0,0,40,False,2.8509950580450045,-114.52985174135017,0,120,2.850995058045005
76,3,False,3,0.0,0,0.5258763492638393,16.592665384590735,0.43140929999935906,3,3,77,time_pressure,deterministic,50100,0.0,0.8,2,1.5776290477915178,0,0,1,2,3,5,0,0.0,6.0,3,26,False,1.7991476775165192,-50.90646080319861,0,78,1.7991476775165192
85,1,False,1,0.0,0,0.8225995385909977,13.236720688994332,0.3838648999808356,1,1,78,time_pressure,deterministic,50100,0.6666666666666666,0.8,1,0.8225995385909977,0,2,3,1,2,5,0,0.0,2.0,1,29,False,2.6197867539815194,-103.93579103775498,0,87,2.6197867539815194
100,2,False,2,0.0,0,0.968230927845559,12.459005882299286,0.4236061999981757,2,2,79,time_pressure,deterministic,50100,1.0,0.8,2,1.936461855691118,0,2,2,2,3,5,0,0.0,4.0,2,34,False,1.9212141457900778,-52.719516911153605,0,102,1.9212141457900778
94,2,False,2,0.0,0,0.6606144922386832,11.430790624672227,0.36578529998951126,2,2,80,time_pressure,deterministic,50100,1.0,0.8,2,1.3212289844773664,0,1,1,2,3,5,0,0.0,4.0,2,32,False,1.8459520740432138,-53.88125148208481,0,96,1.8459520740432136
104,2,False,2,0.0,0,0.939840850366856,27.01418157908177,1.0265389000051073,2,2,81,time_pressure,deterministic,50100,0.6666666666666666,0.8,2,1.879681700733712,0,2,3,2,3,5,0,0.0,4.0,2,38,False,2.5714408350240894,-97.82003630883929,0,114,2.5714408350240894
70,3,False,3,0.0,0,0.3332576267117319,19.170209999962633,0.575106299998879,3,3,82,time_pressure,deterministic,50100,0.0,0.8,2,0.9997728801351957,0,0,0,2,3,5,0,0.0,6.0,3,30,False,2.4160027756080114,-70.47308641663597,0,90,2.4160027756080114
64,3,False,3,0.0,0,0.8360405863707244,11.095178260407208,0.2551890999893658,3,3,83,time_pressure,deterministic,50100,0.0,0.8,3,2.508121759112173,0,0,1,3,2,5,0,0.0,6.0,3,23,False,1.4562887866187832,-32.278033992705424,0,69,1.4562887866187832
88,2,False,2,0.0,0,0.8796268082133941,12.31960312566116,0.39422730002115713,2,2,84,time_pressure,deterministic,50100,0.6666666666666666,0.8,2,1.7592536164267882,0,2,3,2,3,5,0,0.0,4.0,2,32,False,2.202776280749434,-60.76842566104062,0,96,2.202776280749434
87,2,False,2,0.0,0,0.7380075428718067,10.31409999971705,0.30942299999151146,2,2,85,time_pressure,deterministic,50100,0.6666666666666666,0.8,2,1.4760150857436134,0,2,3,2,3,5,0,0.0,4.0,2,30,False,1.6593909185476976,-46.941105420826595,0,90,1.6593909185476976
78,3,False,3,0.0,0,0.2244499679731752,8.467657576230438,0.2794327000156045,3,3,86,time_pressure,deterministic,50100,1.0,0.8,1,0.6733499039195256,0,3,3,1,4,5,0,0.0,6.0,3,33,False,2.588971115057904,-107.53654415706355,0,99,2.588971115057904
98,2,False,2,0.0,0,0.6566561943633105,9.388140000061997,0.3285849000021699,2,2,87,time_pressure,deterministic,50100,0.5,0.8,2,1.313312388726621,0,1,2,2,3,5,0,0.0,4.0,2,35,False,2.448286246178939,-67.85189900701917,0,105,2.448286246178939
76,1,False,1,0.0,0,0.0,13.402832143713438,0.37527930002397625,1,1,88,time_pressure,deterministic,50100,1.0,0.8,0,0.0,0,3,3,0,4,5,0,0.0,2.0,1,28,False,2.7778171516290477,-113.13451454887144,0,84,2.7778171516290477
106,3,False,3,0.0,0,0.8998036023503196,8.340083333678194,0.300243000012415,3,3,89,time_pressure,deterministic,50100,0.5,0.8,3,2.699410807050959,0,1,2,3,2,5,0,0.0,6.0,3,36,False,1.1096362818765617,-26.050929431007045,0,108,1.1096362818765617
94,3,False,3,0.0,0,0.5368828574258893,11.111026470590492,0.37777490000007674,3,3,90,time_pressure,deterministic,50100,1.0,0.8,2,1.6106485722776678,0,1,1,2,3,5,0,0.0,6.0,3,34,False,2.076693193553024,-62.3657622551152,0,102,2.0766931935530244
86,1,False,1,0.0,0,0.9317760453787,14.44128999937675,0.4332386999813025,1,1,91,time_pressure,deterministic,50100,0.6666666666666666,0.8,1,0.9317760453787,0,2,3,1,4,5,0,0.0,2.0,1,30,False,2.9872909404309542,-114.44815897116095,0,90,2.987290940430954
85,3,False,3,0.0,0,0.8225083398108279,11.656997059403425,0.39633790001971647,3,3,92,time_pressure,deterministic,50100,0.0,0.8,3,2.467525019432484,0,0,2,3,2,5,0,0.0,6.0,3,34,False,1.2902586173887005,-31.355492439325275,0,102,1.2902586173887005
105,2,False,2,0.0,0,0.5226806677714346,16.559876923192625,0.6458352000045124,2,2,93,time_pressure,deterministic,50100,1.0,0.8,2,1.0453613355428693,0,1,1,2,3,5,0,0.0,4.0,2,39,False,1.7511976795248039,-52.15660766870127,0,117,1.7511976795248039
94,3,False,3,0.0,0,0.25848772977998963,10.65984615426994,0.4157340000165277,3,3,94,time_pressure,deterministic,50100,0.0,0.8,1,0.7754631893399688,0,0,0,1,4,5,0,0.0,6.0,3,39,False,2.654973281857302,-108.61482893170422,0,117,2.6549732818573015
74,3,False,3,0.0,0,0.5792164766743364,7.925181480930877,0.21397989998513367,3,3,95,time_pressure,deterministic,50100,0.5,0.8,2,1.7376494300230092,0,1,2,2,3,5,0,0.0,6.0,3,27,False,1.841449349892541,-50.988766149478636,0,81,1.841449349892541
113,3,False,3,0.0,0,0.8119292848649038,7.929967499694612,0.3171986999877845,3,3,96,time_pressure,deterministic,50100,0.6,0.8,2,2.4357878545947114,0,3,5,2,3,5,0,0.0,6.0,3,40,False,2.0975102177982983,-58.68541217532663,0,120,2.0975102177982983
89,2,False,2,0.0,0,1.0069207438511483,13.061474194288284,0.4049057000229368,2,2,97,time_pressure,deterministic,50100,0.0,0.8,2,2.0138414877022965,0,0,1,2,3,5,0,0.0,4.0,2,31,False,2.082421176829723,-56.50059924216777,0,93,2.082421176829723
59,4,False,4,0.0,0,0.30860216030342785,14.40405172390205,0.41771749999315944,4,4,98,time_pressure,deterministic,50100,0.6666666666666666,0.8,1,1.2344086412137114,0,2,3,1,4,5,0,0.0,8.0,4,29,False,2.679828494934571,-108.88330887616188,0,87,2.679828494934571
115,3,False,3,0.0,0,0.6193856925638556,9.220629268561535,0.37804580001102295,3,3,99,time_pressure,deterministic,50100,0.6666666666666666,0.8,2,1.8581570776915668,0,2,3,2,3,5,0,0.0,6.0,3,41,False,2.3401526004330955,-68.75338937507823,0,123,2.3401526004330955
137,2,False,2,0.0,0,0.3344260611850299,7.193356000352651,0.35966780001763254,2,2,0,heterogeneity_pressure,deterministic,50200,0.0,0.8,1,0.6688521223700598,0,0,2,1,3,5,0,0.0,5.6,2,50,False,1.7954657155558982,-57.67354067044931,0,150,1.7954657155558982
135,2,False,2,0.0,0,1.1138587660924877,10.70206399919698,0.535103199959849,2,2,1,heterogeneity_pressure,deterministic,50200,0.5,0.8,2,2.2277175321849754,0,1,2,2,2,5,0,0.0,5.6,2,50,False,1.1151107090906645,-30.888276001607636,0,150,1.1151107090906645
98,2,False,2,0.0,0,1.0080730785084127,6.474066666164112,0.23306639998190803,2,2,2,heterogeneity_pressure,deterministic,50200,0.3333333333333333,0.8,2,2.0161461570168253,0,1,3,2,3,5,0,0.0,5.6,2,36,False,1.3708372553712138,-35.46363828346542,0,108,1.3708372553712138
114,3,False,3,0.0,0,0.5537010651514053,20.022402000322472,1.0011201000161236,3,3,3,heterogeneity_pressure,deterministic,50200,0.0,0.8,2,1.6611031954542157,0,0,3,2,1,5,0,0.0,8.399999999999999,3,50,False,0.5712402613065127,-16.683474692989204,0,150,0.5712402613065127
134,1,False,1,0.0,0,1.1741420518721744,9.733692000590963,0.48668460002954816,1,1,4,heterogeneity_pressure,deterministic,50200,0.5,0.8,1,1.1741420518721744,0,1,2,1,3,5,0,0.0,2.8,1,50,False,2.444067505714022,-74.35695284284941,0,150,2.444067505714022
113,1,False,1,0.0,0,0.5118248056249513,10.005853845005054,0.39022829995519714,1,1,5,heterogeneity_pressure,deterministic,50200,1.0,0.8,1,0.5118248056249513,0,2,2,1,4,5,0,0.0,2.8,1,39,False,2.825966271657051,-110.85410213631646,0,117,2.825966271657051
141,2,False,2,0.0,0,0.42494253225737766,10.799405998986913,0.5399702999493456,2,2,6,heterogeneity_pressure,deterministic,50200,0.6666666666666666,0.8,1,0.8498850645147553,0,2,3,1,3,5,0,0.0,5.6,2,50,False,1.4012522261717555,-47.8236618189063,0,150,1.4012522261717555
143,1,False,1,0.0,0,0.6531099165561697,13.248191999591654,0.6624095999795827,1,1,7,heterogeneity_pressure,deterministic,50200,0.6666666666666666,0.8,1,0.6531099165561697,0,2,3,1,3,5,0,0.0,2.8,1,50,False,2.4934703540024032,-76.17413651464317,0,150,2.4934703540024032
140,2,False,2,0.0,0,0.6314319340285577,9.09534199978225,0.45476709998911247,2,2,8,heterogeneity_pressure,deterministic,50200,0.6666666666666666,0.8,2,1.2628638680571154,0,2,3,2,2,5,0,0.0,5.6,2,50,False,1.48125953698987,-42.68323549826061,0,150,1.48125953698987
130,1,False,1,0.0,0,1.078404896312335,9.201174000045285,0.46005870000226423,1,1,9,heterogeneity_pressure,deterministic,50200,0.0,0.8,1,1.078404896312335,0,0,0,1,2,5,0,0.0,2.8,1,50,False,1.329108592503069,-41.36998457399978,0,150,1.329108592503069
119,3,False,3,0.0,0,0.18571511049560918,8.52023199928226,0.426011599964113,3,3,10,heterogeneity_pressure,deterministic,50200,0.3333333333333333,0.8,1,0.5571453314868275,0,1,3,1,2,5,0,0.0,8.399999999999999,3,50,False,1.3186625616000813,-45.679952863962775,0,150,1.3186625616000813
123,3,False,3,0.0,0,0.5283845697578208,11.530682000156958,0.5765341000078479,3,3,11,heterogeneity_pressure,deterministic,50200,0.0,0.8,2,1.5851537092734622,0,0,0,2,2,5,0,0.0,8.399999999999999,3,50,False,1.099986884109295,-37.080008249515835,0,150,1.099986884109295
134,1,False,1,0.0,0,0.5269414398543848,6.429747999791289,0.32148739998956444,1,1,12,heterogeneity_pressure,deterministic,50200,0.0,0.8,1,0.5269414398543848,0,0,0,1,3,5,0,0.0,2.8,1,50,False,1.741098684865518,-54.74360368604899,0,150,1.741098684865518
139,2,False,2,0.0,0,0.7772465588613247,10.098380000126781,0.504919000006339,2,2,13,heterogeneity_pressure,deterministic,50200,0.0,0.8,2,1.5544931177226493,0,0,2,2,1,5,0,0.0,5.6,2,50,False,0.5761709641127765,-15.891820910402563,0,150,0.5761709641127765
140,0,True,0,0.0,0,0.0,8.076859999855515,0.40384299999277573,0,0,14,heterogeneity_pressure,deterministic,50200,0.25,0.8,0,0.0,0,1,4,0,1,5,0,0.0,0.0,0,50,False,1.075150021267834,-37.25450063803505,0,150,1.075150021267834
93,4,False,4,0.0,0,0.5010711612988962,11.519977272903567,0.506879000007757,4,4,15,heterogeneity_pressure,deterministic,50200,0.6,0.8,2,2.0042846451955847,0,3,5,2,3,5,0,0.0,9.899999999999999,4,44,False,2.1193773752337184,-63.95232295125352,0,132,2.1193773752337184
136,3,False,3,0.0,0,0.7299332148369828,10.329022000223631,0.5164511000111816,3,3,16,heterogeneity_pressure,deterministic,50200,0.5,0.8,3,2.1897996445109484,0,1,2,3,2,5,0,0.0,8.399999999999999,3,50,False,1.344085404511222,-38.02569008978976,0,150,1.344085404511222
140,1,False,1,0.0,0,0.9070381255678844,9.463506000029156,0.4731753000014578,1,1,17,heterogeneity_pressure,deterministic,50200,1.0,0.8,1,0.9070381255678844,0,1,1,1,2,5,0,0.0,2.8,1,50,False,1.0025590006157126,-32.20221570039719,0,150,1.0025590006157126
142,3,False,3,0.0,0,0.45479699923152933,10.666314583128647,0.5119830999901751,3,3,18,heterogeneity_pressure,deterministic,50200,0.0,0.8,2,1.364390997694588,0,0,1,2,3,5,0,0.0,8.399999999999999,3,48,False,1.058181703345925,-32.10403118088014,0,144,1.0581817033459253
126,2,False,2,0.0,0,0.8540513653932926,11.34937999988324,0.567468999994162,2,2,19,heterogeneity_pressure,deterministic,50200,0.0,0.8,2,1.7081027307865853,0,0,1,2,2,5,0,0.0,5.6,2,50,False,1.3909364888882663,-40.76581777627365,0,150,1.3909364888882663
139,1,False,1,0.0,0,0.4261189698668355,12.501104000111809,0.6250552000055905,1,1,20,heterogeneity_pressure,deterministic,50200,0.0,0.8,1,0.4261189698668355,0,0,2,1,2,5,0,0.0,2.8,1,50,False,0.7826876562965421,-25.71850457853786,0,150,0.7826876562965421
134,1,False,1,0.0,0,0.5900899517339461,6.99760400064406,0.349880200032203,1,1,21,heterogeneity_pressure,deterministic,50200,0.0,0.8,1,0.5900899517339461,0,0,2,1,0,5,0,0.0,2.8,1,50,False,0.0,-0.020465107634267288,0,150,0.0
143,1,False,1,0.0,0,0.6411451863344949,9.852259999897797,0.49261299999488983,1,1,22,heterogeneity_pressure,deterministic,50200,1.0,0.8,1,0.6411451863344949,0,1,1,1,3,5,0,0.0,2.8,1,50,False,1.4142740354644279,-45.40877318214378,0,150,1.4142740354644279
133,0,True,0,0.0,0,0.0,7.120799999538576,0.3560399999769288,0,0,23,heterogeneity_pressure,deterministic,50200,0.5,0.8,0,0.0,0,1,2,0,2,5,0,0.0,0.0,0,50,False,2.0029286459239755,-65.08785937771928,0,150,2.0029286459239755
131,3,False,3,0.0,0,0.5931863928804343,9.540303999674506,0.4770151999837253,3,3,24,heterogeneity_pressure,deterministic,50200,0.5,0.8,2,1.779559178641303,0,1,2,2,2,5,0,0.0,8.399999999999999,3,50,False,0.8439379061926745,-25.831676918820833,0,150,0.8439379061926745
146,1,False,1,0.0,0,1.1465568573506126,7.330650000367314,0.3665325000183657,1,1,25,heterogeneity_pressure,deterministic,50200,0.5,0.8,1,1.1465568573506126,0,2,4,1,3,5,0,0.0,2.8,1,50,False,1.9005893405902958,-58.11376803327203,0,150,1.900589340590296
131,2,False,2,0.0,0,0.6520986477325257,8.209853999869665,0.41049269999348326,2,2,26,heterogeneity_pressure,deterministic,50200,0.0,0.8,2,1.3041972954650514,0,0,3,2,1,5,0,0.0,5.6,2,50,False,0.2976750420490523,-8.448944350557538,0,150,0.2976750420490523
132,0,True,0,0.0,0,0.0,8.831913636392777,0.38860420000128215,0,0,27,heterogeneity_pressure,deterministic,50200,1.0,0.8,0,0.0,0,3,3,0,4,5,0,0.0,0.0,0,44,False,2.6437377033410976,-108.71213110023297,0,132,2.6437377033410976
135,1,False,1,0.0,0,0.7117577161606027,8.83878399967216,0.441939199983608,1,1,28,heterogeneity_pressure,deterministic,50200,0.25,0.8,1,0.7117577161606027,0,1,4,1,2,5,0,0.0,2.8,1,50,False,0.8398144427615204,-27.56735139837485,0,150,0.8398144427615204
129,2,False,2,0.0,0,0.9157972411478741,10.922429999918677,0.5461214999959338,2,2,29,heterogeneity_pressure,deterministic,50200,0.0,0.8,2,1.8315944822957482,0,0,2,2,2,5,0,0.0,5.6,2,50,False,1.3749603222614968,-36.687000166879436,0,150,1.3749603222614968
118,3,False,3,0.0,0,0.3673536609260057,10.263474000239512,0.5131737000119756,3,3,30,heterogeneity_pressure,deterministic,50200,0.4,0.8,1,1.102060982778017,0,2,5,1,2,5,0,0.0,8.399999999999999,3,50,False,1.596559541428772,-53.35667726991126,0,150,1.596559541428772
104,1,False,1,0.0,0,0.40364182474027926,9.27608108149552,0.3432150000153342,1,1,31,heterogeneity_pressure,deterministic,50200,1.0,0.8,1,0.40364182474027926,0,1,1,1,3,5,0,0.0,2.8,1,37,False,2.651580780824842,-106.51749769294582,0,111,2.651580780824842
131,1,False,1,0.0,0,0.0,9.891099999949802,0.4945549999974901,1,1,32,heterogeneity_pressure,deterministic,50200,0.3333333333333333,0.8,0,0.0,0,1,3,0,2,5,0,0.0,2.8,1,50,False,1.2988032550694055,-46.76409765208221,0,150,1.2988032550694055
108,1,False,1,0.0,0,0.6489118498096925,18.326023912579885,0.8429970999786747,1,1,33,heterogeneity_pressure,deterministic,50200,1.0,0.8,1,0.6489118498096925,0,3,3,1,4,5,0,0.0,2.8,1,46,False,2.3422636027470647,-73.05609734043286,0,138,2.3422636027470642
116,3,False,3,0.0,0,0.8377909146562462,8.527026530141391,0.41782429997692816,3,3,34,heterogeneity_pressure,deterministic,50200,0.0,0.8,2,2.5133727439687386,0,0,2,2,3,5,0,0.0,8.399999999999999,3,49,False,1.7809015103814851,-51.08293569594211,0,147,1.7809015103814856
115,5,False,5,0.0,0,0.18641222767987783,6.503449999202174,0.2991586999633,5,5,35,heterogeneity_pressure,deterministic,50200,0.5,0.8,1,0.9320611383993892,0,1,2,1,4,5,0,0.0,11.399999999999999,5,46,False,2.4091306487760855,-81.32234236345569,0,138,2.4091306487760855
130,1,False,1,0.0,0,0.7682627458848349,8.356776000437094,0.4178388000218547,1,1,36,heterogeneity_pressure,deterministic,50200,0.0,0.8,1,0.7682627458848349,0,0,2,1,3,5,0,0.0,2.8,1,50,False,1.4206846644894455,-42.713185575802186,0,150,1.4206846644894453
94,3,False,3,0.0,0,0.40242466357698997,8.495571052327776,0.3228316999884555,3,3,37,heterogeneity_pressure,deterministic,50200,1.0,0.8,2,1.20727399073097,0,2,2,2,3,5,0,0.0,8.399999999999999,3,38,False,2.0731984438143236,-65.03916435884776,0,114,2.0731984438143236
132,3,False,3,0.0,0,0.6958642615023091,6.77542600009474,0.338771300004737,3,3,38,heterogeneity_pressure,deterministic,50200,0.6666666666666666,0.8,2,2.0875927845069273,0,2,3,2,3,5,0,0.0,8.399999999999999,3,50,False,2.4261445634733185,-73.41871701305593,0,150,2.4261445634733185
146,1,False,1,0.0,0,0.5002375136750472,6.865863999555586,0.3432931999777793,1,1,39,heterogeneity_pressure,deterministic,50200,0.0,0.8,1,0.5002375136750472,0,0,1,1,3,5,0,0.0,2.8,1,50,False,1.4777325817379747,-47.134241963242054,0,150,1.4777325817379747
139,2,False,2,0.0,0,0.7140943431460223,11.38637872351497,0.5351598000052036,2,2,40,heterogeneity_pressure,deterministic,50200,1.0,0.8,2,1.4281886862920445,0,1,1,2,3,5,0,0.0,5.6,2,47,False,2.2752273920451236,-66.3812216182555,0,141,2.2752273920451236
89,3,False,3,0.0,0,0.4119580224307772,10.340469767512797,0.44464020000305027,3,3,41,heterogeneity_pressure,deterministic,50200,0.75,0.8,1,1.2358740672923316,0,3,4,1,4,5,0,0.0,8.399999999999999,3,43,False,2.904469149175946,-117.11295263561111,0,129,2.904469149175946
118,1,False,1,0.0,0,0.9579145244229297,7.71904799999902,0.385952399999951,1,1,42,heterogeneity_pressure,deterministic,50200,0.0,0.8,1,0.9579145244229297,0,0,2,1,2,5,0,0.0,2.8,1,50,False,1.640960796798744,-49.10936253203893,0,150,1.640960796798744
124,1,False,1,0.0,0,0.49162429014711145,8.548871999810217,0.42744359999051085,1,1,43,heterogeneity_pressure,deterministic,50200,0.0,0.8,1,0.49162429014711145,0,0,1,1,2,5,0,0.0,2.8,1,50,False,1.5482177131326211,-49.060115499968724,0,150,1.5482177131326211
131,1,False,1,0.0,0,1.1777703003598496,9.844335999951,0.49221679999754997,1,1,44,heterogeneity_pressure,deterministic,50200,0.6666666666666666,0.8,1,1.1777703003598496,0,2,3,1,2,5,0,0.0,2.8,1,50,False,1.9189585386669923,-58.605858005712314,0,150,1.9189585386669923
144,2,False,2,0.0,0,0.277522664727944,8.71333599978243,0.4356667999891215,2,2,45,heterogeneity_pressure,deterministic,50200,0.0,0.8,1,0.555045329455888,0,0,1,1,3,5,0,0.0,5.6,2,50,False,1.4582159257421385,-47.8107350053478,0,150,1.4582159257421385
128,1,False,1,0.0,0,0.8651850862157437,7.771955999924103,0.38859779999620514,1,1,46,heterogeneity_pressure,deterministic,50200,0.0,0.8,1,0.8651850862157437,0,0,0,1,3,5,0,0.0,2.8,1,50,False,1.9267312961868597,-60.795068567084925,0,150,1.9267312961868597
127,3,False,3,0.0,0,0.5291738151125741,9.46805800034781,0.4734029000173905,3,3,47,heterogeneity_pressure,deterministic,50200,0.5,0.8,2,1.5875214453377224,0,1,2,2,2,5,0,0.0,8.399999999999999,3,50,False,1.2997183476009777,-41.948598642934144,0,150,1.2997183476009777
127,0,True,0,0.0,0,0.0,15.876815999654355,0.7938407999827177,0,0,48,heterogeneity_pressure,deterministic,50200,0.0,0.8,0,0.0,0,0,2,0,0,5,0,0.0,0.0,0,50,False,0.0,-4.999999999999998,0,150,0.0
102,0,True,0,0.0,0,0.0,13.832226315954406,0.5256246000062674,0,0,49,heterogeneity_pressure,deterministic,50200,1.0,0.8,0,0.0,0,1,1,0,4,5,0,0.0,0.0,0,38,False,2.7857217255580595,-112.3716517667418,0,114,2.7857217255580595
149,1,False,1,0.0,0,1.1101610751139979,21.32655999957933,1.0663279999789665,1,1,50,heterogeneity_pressure,deterministic,50200,0.5,0.8,1,1.1101610751139979,0,1,2,1,3,5,0,0.0,2.8,1,50,False,1.4930785490467642,-45.54794237098905,0,150,1.4930785490467642
140,1,False,1,0.0,0,0.7214873946622788,5.755702000460587,0.28778510002302937,1,1,51,heterogeneity_pressure,deterministic,50200,0.3333333333333333,0.8,1,0.7214873946622788,0,1,3,1,2,5,0,0.0,2.8,1,50,False,1.6040423021516028,-49.4465246804475,0,150,1.6040423021516028
134,1,False,1,0.0,0,0.6058682471654938,5.171388000162551,0.25856940000812756,1,1,52,heterogeneity_pressure,deterministic,50200,0.5,0.8,1,0.6058682471654938,0,1,2,1,3,5,0,0.0,2.8,1,50,False,1.791885400465723,-54.40423059095704,0,150,1.7918854004657228
138,0,True,0,0.0,0,0.0,6.581064000201877,0.32905320001009386,0,0,53,heterogeneity_pressure,deterministic,50200,0.5,0.8,0,0.0,0,1,2,0,2,5,0,0.0,0.0,0,50,False,1.5798704126620773,-52.39611237986236,0,150,1.5798704126620773
122,3,False,3,0.0,0,0.2164616989409057,15.649225999950431,0.7824612999975216,3,3,54,heterogeneity_pressure,deterministic,50200,0.6,0.8,1,0.6493850968227171,0,3,5,1,3,5,0,0.0,8.399999999999999,3,50,False,1.7978544536482257,-61.91029750541635,0,150,1.7978544536482257
127,2,False,2,0.0,0,0.8123131838633976,23.00368600015645,1.1501843000078225,2,2,55,heterogeneity_pressure,deterministic,50200,0.0,0.8,2,1.6246263677267951,0,0,2,2,2,5,0,0.0,5.6,2,50,False,1.0861169441635843,-30.846934338940223,0,150,1.0861169441635843
141,2,False,2,0.0,0,0.5189835934218354,21.008877999556717,1.0504438999778358,2,2,56,heterogeneity_pressure,deterministic,50200,0.5,0.8,2,1.0379671868436708,0,1,2,2,2,5,0,0.0,5.6,2,50,False,0.9931786233334683,-30.542508733864587,0,150,0.9931786233334683
132,2,False,2,0.0,0,0.866865892773607,33.77416799994535,1.6887083999972674,2,2,57,heterogeneity_pressure,deterministic,50200,1.0,0.8,2,1.733731785547214,0,2,2,2,2,5,0,0.0,5.6,2,50,False,1.9472223269729514,-56.98697565021952,0,150,1.9472223269729514
130,1,False,1,0.0,0,0.937683999048518,38.92566000009538,1.9462830000047688,1,1,58,heterogeneity_pressure,deterministic,50200,0.75,0.8,1,0.937683999048518,0,3,4,1,3,5,0,0.0,2.8,1,50,False,2.243190023188503,-67.30972586216846,0,150,2.243190023188503
123,1,False,1,0.0,0,0.6111148416805422,66.79628199985018,3.339814099992509,1,1,59,heterogeneity_pressure,deterministic,50200,0.5,0.8,1,0.6111148416805422,0,1,2,1,2,5,0,0.0,2.8,1,50,False,1.3894794039973164,-42.15264673543075,0,150,1.3894794039973164
140,3,False,3,0.0,0,0.44568635179211996,74.92574799995054,3.7462873999975272,3,3,60,heterogeneity_pressure,deterministic,50200,0.0,0.8,2,1.33705905537636,0,0,2,2,2,5,0,0.0,8.399999999999999,3,50,False,1.341405072163938,-40.891320833874076,0,150,1.341405072163938
130,1,False,1,0.0,0,1.474877310502876,73.11430599947926,3.655715299973963,1,1,61,heterogeneity_pressure,deterministic,50200,0.6666666666666666,0.8,1,1.474877310502876,0,2,3,1,3,5,0,0.0,2.8,1,50,False,2.301228865301841,-68.93525345323837,0,150,2.301228865301841
147,1,False,1,0.0,0,0.9089921438035311,78.98794599983376,3.9493972999916878,1,1,62,heterogeneity_pressure,deterministic,50200,0.0,0.8,1,0.9089921438035311,0,0,1,1,1,5,0,0.0,2.8,1,50,False,0.8215187038630586,-26.971728534073407,0,150,0.8215187038630586
148,1,False,1,0.0,0,0.9654346766071389,18.157350000110455,0.9078675000055227,1,1,63,heterogeneity_pressure,deterministic,50200,0.6666666666666666,0.8,1,0.9654346766071389,0,2,3,1,3,5,0,0.0,2.8,1,50,False,1.6957365295830895,-51.99620638575204,0,150,1.6957365295830895
142,2,False,2,0.0,0,0.48974846653654835,27.316691667238047,1.3112012000274262,2,2,64,heterogeneity_pressure,deterministic,50200,0.6666666666666666,0.8,1,0.9794969330730967,0,2,3,1,4,5,0,0.0,5.6,2,48,False,2.451353877076011,-77.24594400085456,0,144,2.451353877076011
139,1,False,1,0.0,0,0.6405690974080083,18.381136000098195,0.9190568000049097,1,1,65,heterogeneity_pressure,deterministic,50200,0.3333333333333333,0.8,1,0.6405690974080083,0,1,3,1,2,5,0,0.0,2.8,1,50,False,1.359335375536039,-41.69710565578983,0,150,1.359335375536039
112,2,False,2,0.0,0,0.6305529319380359,21.411631706918918,0.8778768999836757,2,2,66,heterogeneity_pressure,deterministic,50200,0.0,0.8,2,1.2611058638760717,0,0,2,2,3,5,0,0.0,5.6,2,41,False,1.9502807792114725,-54.98111531732998,0,123,1.950280779211472
74,3,False,3,0.0,0,0.1972162162289296,14.882175999664469,0.7441087999832234,3,3,67,heterogeneity_pressure,deterministic,50200,0.5,0.8,1,0.5916486486867888,0,1,2,1,2,5,0,0.0,8.399999999999999,3,50,False,1.6844474439625312,-57.84159765527701,0,150,1.6844474439625312
139,2,False,2,0.0,0,0.9570528509630035,9.125141999829793,0.45625709999148967,2,2,68,heterogeneity_pressure,deterministic,50200,0.3333333333333333,0.8,2,1.914105701926007,0,1,3,2,2,5,0,0.0,5.6,2,50,False,1.0589381027061133,-30.155366191666737,0,150,1.0589381027061133
130,2,False,2,0.0,0,0.5098156242028303,21.0508413049114,0.9683387000259245,2,2,69,heterogeneity_pressure,deterministic,50200,0.6666666666666666,0.8,1,1.0196312484056607,0,2,3,1,3,5,0,0.0,5.6,2,46,False,2.6942538683067694,-109.60537131966353,0,138,2.6942538683067694
125,2,False,2,0.0,0,1.0300637420102483,5.80991799957701,0.2904958999788505,2,2,70,heterogeneity_pressure,deterministic,50200,0.5,0.8,2,2.0601274840204966,0,2,4,2,2,5,0,0.0,5.6,2,50,False,1.9850685252215292,-55.78577056338173,0,150,1.9850685252215292
147,0,True,0,0.0,0,0.0,2.265597999939928,0.11327989999699639,0,0,71,heterogeneity_pressure,deterministic,50200,0.0,0.8,0,0.0,0,0,0,0,3,5,0,0.0,0.0,0,50,False,1.798574834116721,-58.95724502350167,0,150,1.798574834116721
123,1,False,1,0.0,0,0.8839150185869822,2.1225420004338957,0.10612710002169479,1,1,72,heterogeneity_pressure,deterministic,50200,0.25,0.8,1,0.8839150185869822,0,1,4,1,2,5,0,0.0,2.8,1,50,False,1.5593484482921172,-47.44341228436156,0,150,1.5593484482921172
146,1,False,1,0.0,0,0.6213893928541505,2.26323799972306,0.113161899986153,1,1,73,heterogeneity_pressure,deterministic,50200,0.0,0.8,1,0.6213893928541505,0,0,1,1,2,5,0,0.0,2.8,1,50,False,1.8758198451016823,-57.20649627758297,0,150,1.8758198451016823
120,3,False,3,0.0,0,0.9720393120594947,2.333793749888476,0.11202209999464685,3,3,74,heterogeneity_pressure,deterministic,50200,0.3333333333333333,0.8,3,2.916117936178484,0,1,3,3,2,5,0,0.0,8.399999999999999,3,48,False,1.520918007916749,-38.32904765132604,0,144,1.520918007916749
99,2,False,2,0.0,0,0.7448712869911647,2.429861111118549,0.08747500000026776,2,2,75,heterogeneity_pressure,deterministic,50200,0.0,0.8,2,1.4897425739823293,0,0,0,2,3,5,0,0.0,5.6,2,36,False,1.658293209174679,-48.122354907900686,0,108,1.658293209174679
85,3,False,3,0.0,0,0.5374158647861939,2.71950000044146,0.09790200001589255,3,3,76,heterogeneity_pressure,deterministic,50200,0.0,0.8,2,1.6122475943585817,0,0,1,2,3,5,0,0.0,8.399999999999999,3,36,False,1.4933270398687557,-43.351889096035706,0,108,1.4933270398687557
139,2,False,2,0.0,0,0.3174667788305823,2.5568039988866076,0.12784019994433038,2,2,77,heterogeneity_pressure,deterministic,50200,1.0,0.8,1,0.6349335576611645,0,1,1,1,3,5,0,0.0,5.6,2,50,False,1.5244960655848374,-50.7025599127171,0,150,1.5244960655848374
139,2,False,2,0.0,0,1.3146629668827092,2.4721340008545667,0.12360670004272833,2,2,78,heterogeneity_pressure,deterministic,50200,0.5,0.8,2,2.6293259337654185,0,2,4,2,3,5,0,0.0,5.6,2,50,False,2.124061467149809,-58.57618304662835,0,150,2.124061467149809
148,1,False,1,0.0,0,0.5436202818642164,2.3130460001993924,0.11565230000996962,1,1,79,heterogeneity_pressure,deterministic,50200,0.3333333333333333,0.8,1,0.5436202818642164,0,1,3,1,3,5,0,0.0,2.8,1,50,False,1.8610617884789373,-58.26771348750799,0,150,1.8610617884789373
120,3,False,3,0.0,0,0.6158720699916906,2.3733400004857685,0.11866700002428843,3,3,80,heterogeneity_pressure,deterministic,50200,0.3333333333333333,0.8,2,1.847616209975072,0,1,3,2,2,5,0,0.0,8.399999999999999,3,50,False,1.4815324459512835,-45.62666572178017,0,150,1.4815324459512835
133,2,False,2,0.0,0,0.6742943566789689,2.298755318754937,0.10804149998148205,2,2,81,heterogeneity_pressure,deterministic,50200,0.5,0.8,2,1.3485887133579377,0,1,2,2,3,5,0,0.0,5.6,2,47,False,1.8897062581168487,-55.25139688661497,0,141,1.8897062581168487
112,3,False,3,0.0,0,0.4283561913714397,2.35966666739495,0.09910600003058789,3,3,82,heterogeneity_pressure,deterministic,50200,0.5,0.8,2,1.285068574114319,0,2,4,2,3,5,0,0.0,8.399999999999999,3,42,False,1.98605615400891,-58.75491308333144,0,126,1.98605615400891
147,3,False,3,0.0,0,0.4496851696508199,2.560478000086732,0.1280239000043366,3,3,83,heterogeneity_pressure,deterministic,50200,0.6666666666666666,0.8,2,1.3490555089524596,0,2,3,2,2,5,0,0.0,8.399999999999999,3,50,False,2.28818384508539,-69.67627326346563,0,150,2.28818384508539
110,1,False,1,0.0,0,0.5579944613469363,2.499852500295674,0.09999410001182696,1,1,84,heterogeneity_pressure,deterministic,50200,0.5,0.8,1,0.5579944613469363,0,1,2,1,4,5,0,0.0,2.8,1,40,False,2.4993022554254076,-74.93477695296684,0,120,2.4993022554254076
124,3,False,3,0.0,0,0.5910235203589157,2.7599808517868256,0.1297191000339808,3,3,85,heterogeneity_pressure,deterministic,50200,1.0,0.8,3,1.773070561076747,0,1,1,3,2,5,0,0.0,8.399999999999999,3,47,False,0.9794163628524981,-26.958066828288995,0,141,0.9794163628524981
146,2,False,2,0.0,0,0.40602140965531963,2.511586000327952,0.1255793000163976,2,2,86,heterogeneity_pressure,deterministic,50200,0.3333333333333333,0.8,1,0.8120428193106393,0,1,3,1,1,5,0,0.0,5.6,2,50,False,1.3162493576963803,-42.67804562941474,0,150,1.3162493576963803
145,1,False,1,0.0,0,0.6305857496620654,2.318805999675533,0.11594029998377664,1,1,87,heterogeneity_pressure,deterministic,50200,0.0,0.8,1,0.6305857496620654,0,0,2,1,3,5,0,0.0,2.8,1,50,False,2.0031365868339304,-60.710720847630974,0,150,2.0031365868339304
137,2,False,2,0.0,0,0.29615723313648074,2.0513239997671917,0.10256619998835959,2,2,88,heterogeneity_pressure,deterministic,50200,0.0,0.8,1,0.5923144662729615,0,0,1,1,3,5,0,0.0,5.6,2,50,False,1.635629452776933,-55.65729510729041,0,150,1.635629452776933
122,1,False,1,0.0,0,1.0006589747056898,2.1859519998542964,0.10929759999271482,1,1,89,heterogeneity_pressure,deterministic,50200,0.5,0.8,1,1.0006589747056898,0,1,2,1,3,5,0,0.0,2.8,1,50,False,1.704192557225676,-52.79231823929664,0,150,1.704192557225676
123,3,False,3,0.0,0,0.3742401582707211,2.610646511616218,0.11225779999949737,3,3,90,heterogeneity_pressure,deterministic,50200,1.0,0.8,2,1.1227204748121633,0,2,2,2,3,5,0,0.0,8.399999999999999,3,43,False,2.201116233299608,-69.86251719856617,0,129,2.201116233299608
112,2,False,2,0.0,0,1.0115235073433295,2.7610815793052192,0.10492110001359833,2,2,91,heterogeneity_pressure,deterministic,50200,0.3333333333333333,0.8,2,2.023047014686659,0,1,3,2,3,5,0,0.0,5.6,2,38,False,2.2233889153236626,-62.61398679063291,0,114,2.2233889153236626
116,2,False,2,0.0,0,0.4676498171881691,2.6339682920412844,0.10799269997369265,2,2,92,heterogeneity_pressure,deterministic,50200,0.0,0.8,1,0.9352996343763382,0,0,1,1,4,5,0,0.0,5.6,2,41,False,1.8760792225261822,-60.29952639504977,0,123,1.8760792225261822
140,1,False,1,0.0,0,0.7706154294124121,2.764772000227822,0.1382386000113911,1,1,93,heterogeneity_pressure,deterministic,50200,1.0,0.8,1,0.7706154294124121,0,1,1,1,3,5,0,0.0,2.8,1,50,False,2.219442619320468,-70.12198674931034,0,150,2.219442619320468
100,4,False,4,0.0,0,0.1498771699895395,2.413762222082975,0.10861929999373388,4,4,94,heterogeneity_pressure,deterministic,50200,1.0,0.8,1,0.599508679958158,0,2,2,1,4,5,0,0.0,9.899999999999999,4,45,False,3.4174790604989846,-135.92791924171414,0,135,3.4174790604989846
149,1,False,1,0.0,0,0.7109798380539026,2.27235400074278,0.113617700037139,1,1,95,heterogeneity_pressure,deterministic,50200,1.0,0.8,1,0.7109798380539026,0,1,1,1,2,5,0,0.0,2.8,1,50,False,1.8081735654430773,-57.18620663619775,0,150,1.8081735654430773
136,1,False,1,0.0,0,0.0,2.151746000017738,0.1075873000008869,1,1,96,heterogeneity_pressure,deterministic,50200,0.5,0.8,0,0.0,0,1,2,0,1,5,0,0.0,2.8,1,50,False,1.146895482950195,-42.20686448850584,0,150,1.146895482950195
134,3,False,3,0.0,0,0.3517068801156049,2.3962200005189516,0.11981100002594758,3,3,97,heterogeneity_pressure,deterministic,50200,0.0,0.8,1,1.0551206403468147,0,0,2,1,3,5,0,0.0,8.399999999999999,3,50,False,2.2849155521885343,-75.38979894271019,0,150,2.2849155521885343
138,2,False,2,0.0,0,1.1261929237518222,2.448565999948187,0.12242829999740934,2,2,98,heterogeneity_pressure,deterministic,50200,0.5,0.8,2,2.2523858475036445,0,2,4,2,2,5,0,0.0,5.6,2,50,False,1.766381563785923,-50.072150244138626,0,150,1.766381563785923
83,3,False,3,0.0,0,0.5697791082554405,2.212827272987025,0.0973644000114291,3,3,99,heterogeneity_pressure,deterministic,50200,0.0,0.8,2,1.7093373247663217,0,0,1,2,3,5,0,0.0,8.399999999999999,3,44,False,2.166799333651276,-64.02538225471353,0,132,2.166799333651276
54,12,False,12,0.0,0,0.3365640723774976,2.4799702130505774,0.11655860001337714,12,12,0,medium,stochastic,50000,0.0,0.8,4,4.038768868529971,0,0,2,4,1,5,0,0.0,15.0,12,47,False,0.7854946386011776,-17.978851795077233,0,141,0.7854946386011776
49,11,False,11,0.0,0,0.22837930971707462,2.621106060387595,0.08649649999279063,11,11,1,medium,stochastic,50000,0.3333333333333333,0.8,4,2.512172406887821,0,1,3,4,1,5,0,0.0,14.5,11,33,False,0.5559043903598204,-14.22213401993541,0,99,0.5559043903598204
66,11,False,11,0.0,0,0.19089640657303447,2.3737539995636325,0.11868769997818163,11,11,2,medium,stochastic,50000,0.0,0.8,3,2.099860472303379,0,0,2,3,1,5,0,0.0,14.5,11,50,False,0.5883557882588795,-22.21362018990618,0,150,0.5883557882588795
56,11,False,11,0.0,0,0.06237235946536737,2.601834000379313,0.13009170001896564,11,11,3,medium,stochastic,50000,0.6666666666666666,0.8,1,0.6860959541190411,0,2,3,1,3,5,0,0.0,14.5,11,50,False,2.1320531519182633,-77.30416343300357,0,150,2.1320531519182633
33,16,False,16,0.0,0,0.12921964652554646,2.7649700007168576,0.13824850003584288,16,16,4,medium,stochastic,50000,0.0,0.8,2,2.0675143444087434,0,0,2,2,2,5,0,0.0,17.0,16,50,False,1.2560351606104971,-46.32830586001118,0,150,1.2560351606104971
53,12,False,12,0.0,0,0.1137976742833486,2.471371795064232,0.09638350000750506,12,12,5,medium,stochastic,50000,1.0,0.8,2,1.3655720914001832,0,2,2,2,3,5,0,0.0,15.0,12,39,False,2.227793532845961,-77.58593456920609,0,117,2.227793532845961
46,16,False,16,0.0,0,0.07326958245059856,2.9542700001911726,0.14771350000955863,16,16,6,medium,stochastic,50000,0.5,0.8,2,1.172313319209577,0,1,2,2,2,5,0,0.0,17.0,16,50,False,1.311631711784767,-49.261486281202934,0,150,1.311631711784767
53,10,False,10,0.0,0,0.09790884443097789,3.244629999389872,0.1622314999694936,10,10,7,medium,stochastic,50000,0.0,0.8,2,0.9790884443097789,0,0,1,2,2,5,0,0.0,14.0,10,50,False,0.6845952219947367,-29.93271869309079,0,150,0.6845952219947367
55,15,False,15,0.0,0,0.10439824503563863,2.579947999329306,0.1289973999664653,15,15,8,medium,stochastic,50000,0.0,0.8,2,1.5659736755345794,0,0,1,2,2,5,0,0.0,16.5,15,50,False,1.2840549986680494,-47.24808407863549,0,150,1.2840549986680494
40,16,False,16,0.0,0,0.06700405736450837,2.2753359998750966,0.11376679999375483,16,16,9,medium,stochastic,50000,0.3333333333333333,0.8,2,1.072064917832134,0,1,3,2,1,5,0,0.0,17.0,16,50,False,1.3316762531191448,-48.9080499524434,0,150,1.3316762531191448
45,13,False,13,0.0,0,0.11501806251426881,2.440172340008777,0.11468809998041252,13,13,10,medium,stochastic,50000,0.0,0.8,2,1.4952348126854946,0,0,1,2,3,5,0,0.0,15.5,13,47,False,1.8785611827052486,-65.22108799195118,0,141,1.8785611827052486
58,15,False,15,0.0,0,0.15080148123091136,2.673938000225462,0.1336969000112731,15,15,11,medium,stochastic,50000,0.3333333333333333,0.8,3,2.2620222184636702,0,1,3,3,1,5,0,0.0,16.5,15,50,False,0.5766316236456461,-20.47929009085986,0,150,0.5766316236456461
61,12,False,12,0.0,0,0.19532746766803913,2.833065999293467,0.14165329996467335,12,12,12,medium,stochastic,50000,0.0,0.8,3,2.3439296120164697,0,0,1,3,0,5,0,0.0,15.0,12,50,False,0.0,-4.130522109826379,0,150,0.0
56,13,False,13,0.0,0,0.08898291740511742,2.779928571485192,0.1362165000027744,13,13,13,medium,stochastic,50000,0.5,0.8,2,1.1567779262665265,0,1,2,2,3,5,0,0.0,15.5,13,49,False,2.0916540262789014,-71.75276492796257,0,147,2.0916540262789014
45,11,False,11,0.0,0,0.28646032403467586,2.379573530454175,0.08090550003544195,11,11,14,medium,stochastic,50000,0.3333333333333333,0.8,4,3.1510635643814346,0,1,3,4,1,5,0,0.0,14.5,11,34,False,0.8115047504378075,-18.51243169059634,0,102,0.8115047504378075
49,8,False,8,0.0,0,0.4620170977635693,2.4715219995414373,0.12357609997707186,8,8,15,medium,stochastic,50000,0.0,0.8,4,3.6961367821085545,0,0,3,4,0,5,0,0.0,13.0,8,50,False,0.0,6.090923066120039,0,150,0.0
38,14,False,14,0.0,0,0.15058998749959457,2.4479722222976203,0.08812700000271434,14,14,16,medium,stochastic,50000,0.5,0.8,2,2.108259824994324,0,2,4,2,3,5,0,0.0,16.0,14,36,False,2.4364578053975237,-78.07306901328968,0,108,2.4364578053975237
39,12,False,12,0.0,0,0.23127162579034058,2.5138433329023733,0.0754152999870712,12,12,17,medium,stochastic,50000,0.0,0.8,3,2.775259509484087,0,0,3,3,2,5,0,0.0,15.0,12,30,False,1.073116669556384,-32.02639448054592,0,90,1.073116669556384
53,10,False,10,0.0,0,0.24607009313104933,2.4199717396265403,0.11131870002282085,10,10,18,medium,stochastic,50000,0.0,0.8,3,2.4607009313104933,0,0,1,3,2,5,0,0.0,14.0,10,46,False,0.9324069557126605,-28.51359580250499,0,138,0.9324069557126605
34,6,False,6,0.0,0,0.5219479363358887,2.7977959999407176,0.13988979999703588,6,6,19,medium,stochastic,50000,0.0,0.8,4,3.1316876180153317,0,0,2,4,0,5,0,0.0,12.0,6,50,False,0.0,4.505364455466157,0,150,0.0
34,10,False,10,0.0,0,0.272220453197288,2.6507148148892963,0.071569300002011,10,10,20,medium,stochastic,50000,0.5,0.8,3,2.72220453197288,0,1,2,3,2,5,0,0.0,14.0,10,27,False,1.3208050668037137,-36.92801661714896,0,81,1.3208050668037137
41,9,False,9,0.0,0,0.24555050993903083,2.5009619994671084,0.12504809997335542,9,9,21,medium,stochastic,50000,0.3333333333333333,0.8,3,2.2099545894512773,0,1,3,3,1,5,0,0.0,13.5,9,50,False,1.0523723802013414,-34.04807418092839,0,150,1.0523723802013414
48,11,False,11,0.0,0,0.15175279832373095,2.9321944443331125,0.10555899999599205,11,11,22,medium,stochastic,50000,0.5,0.8,3,1.6692807815610404,0,1,2,3,2,5,0,0.0,14.5,11,36,False,1.633021793295815,-50.1128777231422,0,108,1.633021793295815
43,16,False,16,0.0,0,0.2110481425044639,2.799796000326751,0.13998980001633754,16,16,23,medium,stochastic,50000,0.0,0.8,4,3.3767702800714225,0,0,1,4,0,5,0,0.0,17.0,16,50,False,0.0,1.5380192749978558,0,150,0.0
56,13,False,13,0.0,0,0.14234333510499497,2.4106039997423068,0.12053019998711534,13,13,24,medium,stochastic,50000,1.0,0.8,2,1.8504633563649346,0,1,1,2,2,5,0,0.0,15.5,13,50,False,0.9315649156930212,-36.86210285192985,0,150,0.9315649156930212
57,11,False,11,0.0,0,0.15628377665025145,2.574065999215236,0.1287032999607618,11,11,25,medium,stochastic,50000,0.0,0.8,3,1.719121543152766,0,0,2,3,0,5,0,0.0,14.5,11,50,False,0.0,-5.8431998060569965,0,150,0.0
36,13,False,13,0.0,0,0.15435481630344905,3.041095652525141,0.1398904000161565,13,13,26,medium,stochastic,50000,1.0,0.8,3,2.0066126119448375,0,1,1,3,2,5,0,0.0,15.5,13,46,False,1.7616968911580881,-57.94514657004669,0,138,1.7616968911580881
38,11,False,11,0.0,0,0.26211643222108677,2.8319260002172086,0.14159630001086043,11,11,27,medium,stochastic,50000,0.0,0.8,4,2.8832807544319543,0,0,1,4,0,5,0,0.0,14.5,11,50,False,0.0,1.47245464245688,0,150,0.0
43,16,False,16,0.0,0,0.0,2.3882760004198644,0.11941380002099322,16,16,28,medium,stochastic,50000,1.0,0.8,0,0.0,0,1,1,0,2,5,0,0.0,17.0,16,50,False,1.6381606559128339,-71.14481967738504,0,150,1.6381606559128339
56,14,False,14,0.0,0,0.22392523822252514,2.7686520829774963,0.13289529998291982,14,14,29,medium,stochastic,50000,0.0,0.8,4,3.134953335115352,0,0,3,4,1,5,0,0.0,16.0,14,48,False,0.49395884060854967,-6.804686865251039,0,144,0.49395884060854967
43,12,False,12,0.0,0,0.243728557483346,2.95597500108771,0.10641510003915755,12,12,30,medium,stochastic,50000,0.0,0.8,4,2.924742689800152,0,0,1,4,1,5,0,0.0,15.0,12,36,False,0.6055106956504988,-17.254190645359397,0,108,0.6055106956504988
43,16,False,16,0.0,0,0.1373860999596635,2.8577813941939345,0.12288459995033918,16,16,31,medium,stochastic,50000,0.5,0.8,3,2.198177599354616,0,1,2,3,2,5,0,0.0,17.0,16,43,False,1.0183156572099168,-35.87317012286575,0,129,1.0183156572099168
43,12,False,12,0.0,0,0.23610241864492146,3.2161199998517986,0.16080599999258993,12,12,32,medium,stochastic,50000,0.0,0.8,4,2.8332290237390576,0,0,1,4,0,5,0,0.0,15.0,12,50,False,0.0,-0.2312649593142343,0,150,0.0
60,16,False,16,0.0,0,0.0695896570575977,2.8044740004406776,0.14022370002203388,16,16,33,medium,stochastic,50000,0.5,0.8,2,1.1134345129215633,0,1,2,2,2,5,0,0.0,17.0,16,50,False,1.5775460503172534,-58.67663527008393,0,150,1.5775460503172534
53,13,False,13,0.0,0,0.22335278380162576,2.5313379999715835,0.12656689999857917,13,13,34,medium,stochastic,50000,0.0,0.8,4,2.903586189421135,0,0,3,4,1,5,0,0.0,15.5,13,50,False,0.5509726837153381,-14.683939663115517,0,150,0.5509726837153381
45,11,False,11,0.0,0,0.2906499457041296,2.6680171431507915,0.0933806000102777,11,11,35,medium,stochastic,50000,0.5,0.8,4,3.197149402745426,0,1,2,4,1,5,0,0.0,14.5,11,35,False,0.5508237199944142,-12.364197670288316,0,105,0.5508237199944142
56,9,False,9,0.0,0,0.2180052557091719,2.7516839995223563,0.13758419997611782,9,9,36,medium,stochastic,50000,0.0,0.8,3,1.962047301382547,0,0,4,3,0,5,0,0.0,13.5,9,50,False,0.0,1.9457988708928569,0,150,0.0
39,9,False,9,0.0,0,0.37219527584786555,2.9450121952189563,0.12074550000397721,9,9,37,medium,stochastic,50000,0.3333333333333333,0.8,4,3.34975748263079,0,1,3,4,1,5,0,0.0,13.5,9,41,False,1.030267775998922,-25.90626151614028,0,123,1.030267775998922
37,16,False,16,0.0,0,0.10443143787063536,3.0482640002446715,0.15241320001223357,16,16,38,medium,stochastic,50000,0.4,0.8,2,1.6709030059301657,0,2,5,2,2,5,0,0.0,17.0,16,50,False,1.832362649515989,-62.511781612680736,0,150,1.832362649515989
44,13,False,13,0.0,0,0.24549715933722244,2.5822187490120996,0.08263099996838719,13,13,39,medium,stochastic,50000,0.5,0.8,4,3.191463071383892,0,1,2,4,1,5,0,0.0,15.5,13,32,False,0.8573702704815613,-23.6765421600545,0,96,0.8573702704815613
50,10,False,10,0.0,0,0.20928073306619743,2.6051519995962735,0.13025759997981368,10,10,40,medium,stochastic,50000,0.0,0.8,3,2.0928073306619743,0,0,1,3,1,5,0,0.0,14.0,10,50,False,0.5572687634453868,-19.690152068717328,0,150,0.5572687634453868
46,11,False,11,0.0,0,0.09491034573016251,2.751837999530835,0.13759189997654175,11,11,41,medium,stochastic,50000,1.0,0.8,2,1.0440138030317876,0,1,1,2,1,5,0,0.0,14.5,11,50,False,0.7893801846893979,-33.89339824306083,0,150,0.7893801846893979
45,11,False,11,0.0,0,0.0,2.5725707315226516,0.10547539999242872,11,11,42,medium,stochastic,50000,0.6666666666666666,0.8,0,0.0,0,2,3,0,4,5,0,0.0,14.5,11,41,False,2.9204540198283695,-131.21362059485108,0,123,2.9204540198283695
59,13,False,13,0.0,0,0.16410352916615742,2.6567579997936264,0.13283789998968132,13,13,43,medium,stochastic,50000,0.0,0.8,3,2.1333458791600464,0,0,0,3,1,5,0,0.0,15.5,13,50,False,0.4321228191076062,-19.612119597814036,0,150,0.4321228191076062
31,16,False,16,0.0,0,0.06513553726312293,2.4080519999552052,0.12040259999776026,16,16,44,medium,stochastic,50000,0.6,0.8,1,1.042168596209967,0,3,5,1,3,5,0,0.0,17.0,16,50,False,1.9196527118417017,-73.03055920080384,0,150,1.9196527118417017
39,12,False,12,0.0,0,0.10637136760691689,2.402274999829907,0.0672636999952374,12,12,45,medium,stochastic,50000,1.0,0.8,2,1.2764564112830026,0,2,2,2,3,5,0,0.0,15.0,12,28,False,2.0680344878786183,-72.46889434246856,0,84,2.0680344878786183
34,16,False,16,0.0,0,0.11606692827866301,2.414490909028576,0.10623759999725735,16,16,46,medium,stochastic,50000,1.0,0.8,3,1.8570708524586081,0,1,1,3,2,5,0,0.0,17.0,16,44,False,0.9144026740637494,-34.655788508629236,0,132,0.9144026740637494
51,12,False,12,0.0,0,0.1920584565095864,2.399797959381486,0.11759010000969283,12,12,47,medium,stochastic,50000,0.5,0.8,3,2.3047014781150366,0,1,2,3,2,5,0,0.0,15.0,12,49,False,1.7282311140811706,-54.112901565704064,0,147,1.7282311140811706
48,14,False,14,0.0,0,0.19838535893518064,2.526094000058947,0.12630470000294736,14,14,48,medium,stochastic,50000,0.0,0.8,4,2.777395025092529,0,0,1,4,0,5,0,0.0,16.0,14,50,False,0.0,1.945581247727743,0,150,0.0
47,11,False,11,0.0,0,0.15929997974831717,2.514247999934014,0.1257123999967007,11,11,49,medium,stochastic,50000,0.0,0.8,2,1.7522997772314888,0,0,1,2,2,5,0,0.0,14.5,11,50,False,0.7275786593547202,-31.716321845757236,0,150,0.7275786593547202
47,14,False,14,0.0,0,0.2023596414512303,2.292866667509467,0.06878600002528401,14,14,50,medium,stochastic,50000,0.0,0.8,5,2.8330349803172243,0,0,1,5,0,5,0,0.0,16.0,14,30,True,0.0,31.66971624363626,0,90,0.0
49,14,False,14,0.0,0,0.1490194520231831,2.3466272726760837,0.07743869999831077,14,14,51,medium,stochastic,50000,0.0,0.8,3,2.086272328324563,0,0,0,3,2,5,0,0.0,16.0,14,33,False,0.8818208604372754,-29.890002649233868,0,99,0.8818208604372754
44,9,False,9,0.0,0,0.26311300498482043,2.31773399937083,0.1158866999685415,9,9,52,medium,stochastic,50000,0.3333333333333333,0.8,3,2.3680170448633837,0,1,3,3,1,5,0,0.0,13.5,9,50,False,0.9205019390468194,-28.516259372915552,0,150,0.9205019390468194
34,16,False,16,0.0,0,0.0,2.3843441173513007,0.08106769998994423,16,16,53,medium,stochastic,50000,1.0,0.8,0,0.0,0,1,1,0,4,5,0,0.0,17.0,16,34,False,2.6575086250057605,-125.12525875017283,0,102,2.657508625005761
29,16,False,16,0.0,0,0.0,2.316808332276802,0.08340509996196488,16,16,54,medium,stochastic,50000,1.0,0.8,0,0.0,0,2,2,0,4,5,0,0.0,17.0,16,36,False,2.6678143981910183,-125.63443194573057,0,108,2.6678143981910187
51,9,False,9,0.0,0,0.08468179285248863,2.3458640000899322,0.11729320000449661,9,9,55,medium,stochastic,50000,1.0,0.8,1,0.7621361356723977,0,1,1,1,3,5,0,0.0,13.5,9,50,False,2.0113370452244217,-74.71168329825915,0,150,2.0113370452244212
51,14,False,14,0.0,0,0.13915245709326304,2.2460680849419195,0.10556519999227021,14,14,56,medium,stochastic,50000,1.0,0.8,3,1.9481343993056828,0,1,1,3,2,5,0,0.0,16.0,14,47,False,1.961613492310792,-62.71287726011902,0,141,1.961613492310792
49,10,False,10,0.0,0,0.4104334091583331,2.3302080006396864,0.11651040003198432,10,10,57,medium,stochastic,50000,0.0,0.8,4,4.104334091583331,0,0,4,4,0,5,0,0.0,14.0,10,50,False,0.0,7.874319000909923,0,150,0.0
40,15,False,15,0.0,0,0.13270504391017765,2.3935119999805465,0.11967559999902733,15,15,58,medium,stochastic,50000,0.0,0.8,2,1.9905756586526646,0,0,1,2,1,5,0,0.0,16.5,15,50,False,0.5862550133182229,-26.64635374442082,0,150,0.5862550133182229
61,12,False,12,0.0,0,0.16318411774241234,2.418795918745264,0.11852100001851795,12,12,59,medium,stochastic,50000,0.5,0.8,4,1.958209412908948,0,1,2,4,1,5,0,0.0,15.0,12,49,False,0.6217569128355418,-21.02996858425861,0,147,0.6217569128355418
45,15,False,15,0.0,0,0.10783309907604485,2.3569280000810977,0.11784640000405489,15,15,60,medium,stochastic,50000,0.6666666666666666,0.8,2,1.6174964861406729,0,2,3,2,2,5,0,0.0,16.5,15,50,False,1.8448891808697463,-64.54288891453089,0,150,1.8448891808697463
51,10,False,10,0.0,0,0.24015763766366627,2.4300499995164997,0.10692219997872598,10,10,61,medium,stochastic,50000,0.6666666666666666,0.8,3,2.4015763766366627,0,2,3,3,2,5,0,0.0,14.0,10,44,False,1.4635778822131962,-44.81040386836674,0,132,1.4635778822131962
34,16,False,16,0.0,0,0.040225395169521644,2.4579300002369564,0.12289650001184782,16,16,62,medium,stochastic,50000,0.0,0.8,1,0.6436063227123463,0,0,2,1,2,5,0,0.0,17.0,16,50,False,1.3964997897112155,-56.61660295305121,0,150,1.3964997897112155
59,14,False,14,0.0,0,0.13822407391514013,2.3266579998016823,0.11633289999008412,14,14,63,medium,stochastic,50000,0.0,0.8,3,1.9351370348119619,0,0,1,3,0,5,0,0.0,16.0,14,50,False,0.0,-4.712849596337,0,150,0.0
51,14,False,14,0.0,0,0.0760678536194704,2.4410919994988944,0.12205459997494472,14,14,64,medium,stochastic,50000,1.0,0.8,2,1.0649499506725855,0,1,1,2,2,5,0,0.0,16.0,14,50,False,1.7035796401745291,-65.47577731430222,0,150,1.7035796401745291
56,11,False,11,0.0,0,0.24917784846981228,2.5997914894337844,0.12219020000338787,11,11,65,medium,stochastic,50000,0.0,0.8,3,2.740956333167935,0,0,3,3,2,5,0,0.0,14.5,11,47,False,1.6596123363845516,-50.43790772443802,0,141,1.6596123363845516
48,14,False,14,0.0,0,0.11840821396246103,2.4967139997170307,0.12483569998585153,14,14,66,medium,stochastic,50000,0.0,0.8,3,1.6577149954744543,0,0,1,3,1,5,0,0.0,16.0,14,50,False,0.4961741811489345,-20.781769400335754,0,150,0.4961741811489345
55,14,False,14,0.0,0,0.13549822930906147,2.6372177788289264,0.11867480004730169,14,14,67,medium,stochastic,50000,0.0,0.8,3,1.8969752103268607,0,0,2,3,2,5,0,0.0,16.0,14,45,False,1.312709494840571,-44.00979466141973,0,135,1.312709494840571
51,13,False,13,0.0,0,0.11922079202282984,2.3724540005787276,0.11862270002893638,13,13,68,medium,stochastic,50000,0.0,0.8,2,1.5498702962967879,0,0,1,2,2,5,0,0.0,15.5,13,50,False,1.2077540588835642,-44.38405269941562,0,150,1.2077540588835642
31,11,False,11,0.0,0,0.180037176010358,2.3501820002275053,0.11750910001137527,11,11,69,medium,stochastic,50000,0.0,0.8,3,1.980408936113938,0,0,1,3,1,5,0,0.0,14.5,11,50,False,0.6691348820168856,-22.25775850854277,0,150,0.6691348820168856
25,8,False,8,0.0,0,0.21287127005096507,2.3918727271269415,0.07893179999518907,8,8,70,medium,stochastic,50000,0.5,0.8,3,1.7029701604077205,0,1,2,3,2,5,0,0.0,13.0,8,33,False,1.6724093118476255,-51.59446825940569,0,99,1.6724093118476255
45,16,False,16,0.0,0,0.15893967716443297,2.5221102569514935,0.09836230002110824,16,16,71,medium,stochastic,50000,0.0,0.8,4,2.5430348346309275,0,0,1,4,1,5,0,0.0,17.0,16,39,False,0.5045394277394614,-17.456349057017324,0,117,0.5045394277394614
40,8,False,8,0.0,0,0.1704692379009763,2.5506948722744336,0.09947710001870291,8,8,72,medium,stochastic,50000,1.0,0.8,2,1.3637539032078103,0,2,2,2,3,5,0,0.0,13.0,8,39,False,2.237803267185747,-73.20986511963338,0,117,2.237803267185747
51,16,False,16,0.0,0,0.15026676312334783,2.536863999994239,0.12684319999971194,16,16,73,medium,stochastic,50000,0.0,0.8,3,2.4042682099735653,0,0,1,3,1,5,0,0.0,17.0,16,50,False,0.9542736025777967,-32.08791305775438,0,150,0.9542736025777967
39,15,False,15,0.0,0,0.24730508703218354,2.4667974996191333,0.09867189998476533,15,15,74,medium,stochastic,50000,0.0,0.8,4,3.709576305482753,0,0,2,4,1,5,0,0.0,16.5,15,40,False,0.7205452616990409,-17.338631533604662,0,120,0.7205452616990409
33,16,False,16,0.0,0,0.15285709317074558,2.8709808525200833,0.13493610006844392,16,16,75,medium,stochastic,50000,0.4,0.8,3,2.4457134907319293,0,2,5,3,2,5,0,0.0,17.0,16,47,False,1.668332758556063,-51.67285307513107,0,141,1.668332758556063
57,16,False,16,0.0,0,0.08200244321251637,2.6635379997605924,0.13317689998802962,16,16,76,medium,stochastic,50000,0.5,0.8,2,1.312039091400262,0,1,2,2,2,5,0,0.0,17.0,16,50,False,1.6186936623965322,-61.202956484847235,0,150,1.6186936623965322
46,10,False,10,0.0,0,0.17926203230891125,2.625545999617316,0.1312772999808658,10,10,77,medium,stochastic,50000,0.0,0.8,3,1.7926203230891125,0,0,2,3,0,5,0,0.0,14.0,10,50,False,0.0,-4.496425765877198,0,150,0.0
43,14,False,14,0.0,0,0.12177533322841695,2.654871795526467,0.10354000002553221,14,14,78,medium,stochastic,50000,0.6666666666666666,0.8,2,1.7048546651978373,0,2,3,2,3,5,0,0.0,16.0,14,39,False,1.8096731496093663,-64.43259795320976,0,117,1.8096731496093663
51,16,False,16,0.0,0,0.14083480916780772,2.414075999840861,0.12070379999204306,16,16,79,medium,stochastic,50000,0.5,0.8,3,2.2533569466849235,0,1,2,3,1,5,0,0.0,17.0,16,50,False,0.6872117181228842,-25.05461335861986,0,150,0.6872117181228842
34,15,False,15,0.0,0,0.026349178267120903,2.418673527940615,0.0822348999499809,15,15,80,medium,stochastic,50000,1.0,0.8,1,0.39523767400681353,0,2,2,1,4,5,0,0.0,16.5,15,34,False,2.626827098503822,-120.03204716192221,0,102,2.626827098503822
44,13,False,13,0.0,0,0.14037339780734154,2.410747500107391,0.09642990000429563,13,13,81,medium,stochastic,50000,0.5,0.8,3,1.8248541714954398,0,1,2,3,2,5,0,0.0,15.5,13,40,False,1.4147298860077506,-44.54882182505422,0,120,1.4147298860077506
48,16,False,16,0.0,0,0.031519560817384995,2.343475999805378,0.11717379999026889,16,16,82,medium,stochastic,50000,0.0,0.8,1,0.5043129730781599,0,0,2,1,1,5,0,0.0,17.0,16,50,False,0.6316016237284059,-36.56671820074793,0,150,0.6316016237284059
54,16,False,16,0.0,0,0.051768424221353804,2.3219579995202366,0.11609789997601183,16,16,83,medium,stochastic,50000,0.0,0.8,1,0.8282947875416609,0,0,2,1,1,5,0,0.0,17.0,16,50,False,0.6330167719063166,-36.46365667237763,0,150,0.6330167719063166
53,16,False,16,0.0,0,0.036185988417566796,2.338941999769304,0.1169470999884652,16,16,84,medium,stochastic,50000,1.0,0.8,1,0.5789758146810687,0,1,1,1,3,5,0,0.0,17.0,16,50,False,2.0415854953760526,-79.98553307757174,0,150,2.0415854953760526
62,16,False,16,0.0,0,0.1646859487119116,2.3667717391420053,0.10887150000053225,16,16,85,medium,stochastic,50000,0.3333333333333333,0.8,4,2.634975179390586,0,1,3,4,1,5,0,0.0,17.0,16,46,False,0.7354288898939022,-21.372076234257307,0,138,0.7354288898939022
51,15,False,15,0.0,0,0.10927749185449605,2.852339999517426,0.1426169999758713,15,15,86,medium,stochastic,50000,0.0,0.8,3,1.6391623778174407,0,0,2,3,1,5,0,0.0,16.5,15,50,False,0.26724421690608696,-15.470992424218664,0,150,0.26724421690608696
53,15,False,15,0.0,0,0.16754602072697442,2.5513339998724405,0.12756669999362202,15,15,87,medium,stochastic,50000,0.0,0.8,3,2.513190310904616,0,0,4,3,1,5,0,0.0,16.5,15,50,False,0.47616499514050326,-18.225011006347685,0,150,0.47616499514050326
41,13,False,13,0.0,0,0.17852873155818505,2.4037200001475867,0.12018600000737933,13,13,88,medium,stochastic,50000,1.0,0.8,3,2.3208735102564058,0,1,1,3,1,5,0,0.0,15.5,13,50,False,0.8833062043456708,-31.162533776538798,0,150,0.8833062043456708
50,13,False,13,0.0,0,0.18944486354482987,2.951121622007466,0.10919150001427624,13,13,89,medium,stochastic,50000,1.0,0.8,4,2.4627832260827884,0,1,1,4,1,5,0,0.0,15.5,13,37,False,0.9763911400670287,-29.101227228873267,0,111,0.9763911400670287
41,10,False,10,0.0,0,0.22613431530229677,3.189169999823207,0.15945849999116035,10,10,90,medium,stochastic,50000,0.0,0.8,3,2.2613431530229677,0,0,3,3,1,5,0,0.0,14.0,10,50,False,0.8496127742298963,-26.7794943172821,0,150,0.8496127742298963
55,11,False,11,0.0,0,0.15980820344001423,2.701509999751579,0.13507549998757895,11,11,91,medium,stochastic,50000,0.0,0.8,2,1.7578902378401566,0,0,5,2,0,5,0,0.0,14.5,11,50,False,0.0,-5.257109254376858,0,150,0.0
53,12,False,12,0.0,0,0.2524273214489434,2.3798100001295097,0.11899050000647549,12,12,92,medium,stochastic,50000,0.3333333333333333,0.8,3,3.029127857387321,0,1,3,3,1,5,0,0.0,15.0,12,50,False,0.7789259261225823,-25.645283455058127,0,150,0.7789259261225823
54,15,False,15,0.0,0,0.08102501869713112,2.9934379999758676,0.14967189999879338,15,15,93,medium,stochastic,50000,0.5,0.8,2,1.2153752804569669,0,1,2,2,3,5,0,0.0,16.5,15,50,False,1.6865086983553101,-61.024266870272925,0,150,1.6865086983553101
36,16,False,16,0.0,0,0.0676297716574896,2.725885714469422,0.11448720000771573,16,16,94,medium,stochastic,50000,0.0,0.8,2,1.0820763465198335,0,0,2,2,3,5,0,0.0,17.0,16,42,False,2.208232340537272,-75.82955671743139,0,126,2.208232340537272
28,14,False,14,0.0,0,0.14116664280413763,2.3321687503994326,0.07462940001278184,14,14,95,medium,stochastic,50000,1.0,0.8,3,1.9763329992579268,0,1,1,3,2,5,0,0.0,16.0,14,32,False,1.3669147973746418,-45.53015650591544,0,96,1.3669147973746418
44,7,False,7,0.0,0,0.3132361463498966,2.4257268296645544,0.09945480001624674,7,7,96,medium,stochastic,50000,0.3333333333333333,0.8,3,2.1926530244492763,0,1,3,3,2,5,0,0.0,12.5,7,41,False,1.0442757448894557,-29.945197606092478,0,123,1.0442757448894557
55,13,False,13,0.0,0,0.2168181284926609,2.3961500002769753,0.11980750001384877,13,13,97,medium,stochastic,50000,0.0,0.8,4,2.818635670404592,0,0,2,4,0,5,0,0.0,15.5,13,50,False,0.0,3.0314996931124365,0,150,0.0
40,7,False,7,0.0,0,0.2680209313139568,2.488133999577258,0.12440669997886289,7,7,98,medium,stochastic,50000,0.0,0.8,2,1.8761465191976976,0,0,1,2,1,5,0,0.0,12.5,7,50,False,0.56752146816069,-22.320164336044193,0,150,0.56752146816069
58,16,False,16,0.0,0,0.194543717890048,2.483088000008138,0.1241544000004069,16,16,99,medium,stochastic,50000,0.0,0.8,4,3.112699486240768,0,0,4,4,0,5,0,0.0,17.0,16,50,False,0.0,0.7900251117915355,0,150,0.0
43,15,False,15,0.0,0,0.0628798427777376,2.254119511656804,0.09241889997792896,15,15,0,time_pressure,stochastic,50100,0.6666666666666666,0.8,1,0.9431976416660641,0,2,3,1,4,5,0,0.0,16.5,15,41,False,2.9158254343577776,-126.50158811028447,0,123,2.915825434357777
46,11,False,11,0.0,0,0.20962650478671094,2.439608571876306,0.08538630001567071,11,11,1,time_pressure,stochastic,50100,0.3333333333333333,0.8,2,2.3058915526538204,0,1,3,2,3,5,0,0.0,14.5,11,35,False,2.1895846199143327,-69.49247864312375,0,105,2.1895846199143323
45,10,False,10,0.0,0,0.27270016274242065,2.4703333341070297,0.07411000002321089,10,10,2,time_pressure,stochastic,50100,0.0,0.8,4,2.7270016274242064,0,0,1,4,1,5,0,0.0,14.0,10,30,False,0.3968472563163111,-8.125336626301342,0,90,0.3968472563163111
38,12,False,12,0.0,0,0.22181882387630603,2.5537731709802047,0.10470470001018839,12,12,3,time_pressure,stochastic,50100,0.0,0.8,4,2.6618258865156723,0,0,1,4,1,5,0,0.0,15.0,12,41,False,0.7876585732485777,-24.507699567241566,0,123,0.7876585732485777
40,8,False,8,0.0,0,0.1959870203554619,2.4950187500962784,0.07984060000308091,8,8,4,time_pressure,stochastic,50100,0.0,0.8,3,1.5678961628436952,0,0,1,3,2,5,0,0.0,13.0,8,32,False,1.1961839296685302,-36.60825382037679,0,96,1.1961839296685302
43,10,False,10,0.0,0,0.12190800786188807,2.3156742852214456,0.0810485999827506,10,10,5,time_pressure,stochastic,50100,1.0,0.8,2,1.2190800786188807,0,2,2,2,3,5,0,0.0,14.0,10,35,False,2.052856200003689,-68.67328237801793,0,105,2.052856200003689
33,11,False,11,0.0,0,0.25081930397659846,2.440276666796611,0.07320830000389833,11,11,6,time_pressure,stochastic,50100,0.5,0.8,3,2.759012343742583,0,2,4,3,2,5,0,0.0,14.5,11,30,False,1.5721238560970359,-45.46138130412345,0,90,1.5721238560970359
32,11,False,11,0.0,0,0.11082427731512613,2.4273709671932364,0.07524849998299032,11,11,7,time_pressure,stochastic,50100,0.0,0.8,2,1.2190670504663874,0,0,0,2,3,5,0,0.0,14.5,11,31,False,1.8699023228588696,-64.94340507470811,0,93,1.8699023228588696
39,13,False,13,0.0,0,0.20816997096577386,2.512722221581498,0.09045799997693393,13,13,8,time_pressure,stochastic,50100,0.0,0.8,4,2.7062096225550603,0,0,2,4,1,5,0,0.0,15.5,13,36,False,0.9395409565227475,-24.23264987676939,0,108,0.9395409565227475
29,12,False,12,0.0,0,0.09636964116805037,2.5975199988655127,0.07792559996596538,12,12,9,time_pressure,stochastic,50100,0.5,0.8,2,1.1564356940166045,0,1,2,2,3,5,0,0.0,15.0,12,30,False,1.6008795050666857,-53.92494291563577,0,90,1.6008795050666857
28,9,False,9,0.0,0,0.33392734760280707,2.6907185189581164,0.07264940001186915,9,9,10,time_pressure,stochastic,50100,0.3333333333333333,0.8,3,3.0053461284252636,0,1,3,3,2,5,0,0.0,13.5,9,27,False,1.0602723014685584,-27.622230009476247,0,81,1.0602723014685584
34,11,False,11,0.0,0,0.25072444038567826,2.6017000008896165,0.07024590002401965,11,11,11,time_pressure,stochastic,50100,0.0,0.8,4,2.757968844242461,0,0,2,4,1,5,0,0.0,14.5,11,27,False,0.5433229498896227,-11.915612571075975,0,81,0.5433229498896227
40,13,False,13,0.0,0,0.1528508857578618,2.5196526313313945,0.09574679999059299,13,13,12,time_pressure,stochastic,50100,0.0,0.8,3,1.9870615148522033,0,0,1,3,2,5,0,0.0,15.5,13,38,False,1.4297678304205736,-48.854194904551356,0,114,1.4297678304205736
35,15,False,15,0.0,0,0.05183423012761954,2.405942424957175,0.07939610002358677,15,15,13,time_pressure,stochastic,50100,1.0,0.8,2,0.7775134519142931,0,2,2,2,3,5,0,0.0,16.5,15,33,False,1.9036233600482193,-67.10145643872751,0,99,1.9036233600482193
45,13,False,13,0.0,0,0.2307254750856154,2.8784027773427727,0.10362249998433981,13,13,14,time_pressure,stochastic,50100,0.0,0.8,4,2.999431176113,0,0,2,4,1,5,0,0.0,15.5,13,36,False,0.8143703779940351,-18.65961674899913,0,108,0.8143703779940351
44,15,False,15,0.0,0,0.0,2.639448485173158,0.08710180001071421,15,15,15,time_pressure,stochastic,50100,1.0,0.8,0,0.0,0,3,3,0,5,5,0,0.0,16.5,15,33,False,3.465692594595382,-148.77077783786143,0,99,3.4656925945953816
42,11,False,11,0.0,0,0.1174791753136931,2.5683925001430907,0.10273570000572363,11,11,16,time_pressure,stochastic,50100,0.5,0.8,2,1.2922709284506242,0,1,2,2,3,5,0,0.0,14.5,11,40,False,2.1571296159984183,-72.39242763824056,0,120,2.1571296159984183
29,10,False,10,0.0,0,0.12469372731292885,2.7141862063154836,0.07871139998314902,10,10,17,time_pressure,stochastic,50100,0.6666666666666666,0.8,2,1.2469372731292885,0,2,3,2,3,5,0,0.0,14.0,10,29,False,2.66737047590935,-110.32237756531045,0,87,2.66737047590935
28,11,False,11,0.0,0,0.12479587168790349,2.610537930791154,0.07570559999294346,11,11,18,time_pressure,stochastic,50100,0.3333333333333333,0.8,2,1.3727545885669383,0,1,3,2,3,5,0,0.0,14.5,11,29,False,1.5032460406592367,-49.50400108303505,0,87,1.5032460406592367
27,8,False,8,0.0,0,0.3662680312006365,2.5277250001636276,0.04044360000261804,8,8,19,time_pressure,stochastic,50100,0.0,0.8,5,2.930144249605092,0,0,3,5,0,5,0,0.0,13.0,8,16,True,0.0,40.8122813385384,0,48,0.0
40,14,False,14,0.0,0,0.2297467734481993,2.5265129034749174,0.07832190000772243,14,14,20,time_pressure,stochastic,50100,0.0,0.8,4,3.2164548282747902,0,0,2,4,1,5,0,0.0,16.0,14,31,False,0.7828735408160877,-18.689329680230152,0,93,0.7828735408160877
31,14,False,14,0.0,0,0.128061787929271,2.59771111180911,0.07013820001884596,14,14,21,time_pressure,stochastic,50100,0.75,0.8,2,1.792865031009794,0,3,4,2,3,5,0,0.0,16.0,14,27,False,3.4194461836490144,-134.6977047697518,0,81,3.4194461836490144
36,13,False,13,0.0,0,0.10923699773508495,2.854240000063631,0.08562720000190893,13,13,22,time_pressure,stochastic,50100,1.0,0.8,2,1.4200809705561044,0,3,3,2,3,5,0,0.0,15.5,13,30,False,2.9325293798407817,-121.92237599494449,0,90,2.9325293798407817
49,12,False,12,0.0,0,0.08726716935259676,2.460388094949026,0.10333629998785909,12,12,23,time_pressure,stochastic,50100,0.5,0.8,2,1.0472060322311612,0,1,2,2,3,5,0,0.0,15.0,12,42,False,2.4180924428690274,-79.64798803833745,0,126,2.4180924428690274
40,14,False,14,0.0,0,0.10250248392429714,2.5320022725116527,0.11140809999051271,14,14,24,time_pressure,stochastic,50100,0.6666666666666666,0.8,2,1.43503477494016,0,2,3,2,3,5,0,0.0,16.0,14,44,False,2.0918511079142745,-71.12982012491716,0,132,2.0918511079142745
47,16,False,16,0.0,0,0.1842259316807235,2.4476486489859512,0.09056300001248019,16,16,25,time_pressure,stochastic,50100,0.3333333333333333,0.8,4,2.947614906891576,0,1,3,4,1,5,0,0.0,17.0,16,37,False,1.3321846268287274,-36.17146032348083,0,111,1.3321846268287274
37,16,False,16,0.0,0,0.07870877730329959,2.525552777822466,0.09091990000160877,16,16,26,time_pressure,stochastic,50100,1.0,0.8,2,1.2593404368527934,0,2,2,2,3,5,0,0.0,17.0,16,36,False,1.989279934083559,-71.84677282786582,0,108,1.989279934083559
38,15,False,15,0.0,0,0.19198891299815227,3.6617379300878383,0.10619039997254731,15,15,27,time_pressure,stochastic,50100,0.3333333333333333,0.8,3,2.879833694972284,0,1,3,3,2,5,0,0.0,16.5,15,29,False,1.2788819824453,-37.749600413602934,0,87,1.2788819824453
41,9,False,9,0.0,0,0.11109064228663963,2.736873528406517,0.09305369996582158,9,9,28,time_pressure,stochastic,50100,1.0,0.8,2,0.9998157805797567,0,1,1,2,3,5,0,0.0,13.5,9,34,False,1.8291455183094936,-62.83958485367516,0,102,1.8291455183094936
45,12,False,12,0.0,0,0.05237810399054047,2.7017848487682357,0.08915890000935178,12,12,29,time_pressure,stochastic,50100,1.0,0.8,1,0.6285372478864857,0,2,2,1,3,5,0,0.0,15.0,12,33,False,2.5178498106832365,-114.1752950723081,0,99,2.5178498106832365
38,11,False,11,0.0,0,0.14390529581243444,2.8076482769142,0.0814218000305118,11,11,30,time_pressure,stochastic,50100,0.5,0.8,2,1.5829582539367788,0,1,2,2,3,5,0,0.0,14.5,11,29,False,1.944037501062398,-65.56878732799909,0,87,1.944037501062398
32,10,False,10,0.0,0,0.3648379919003705,2.474741379736425,0.07176750001235632,10,10,31,time_pressure,stochastic,50100,0.25,0.8,4,3.6483799190037045,0,1,4,4,1,5,0,0.0,14.0,10,29,False,0.7700837452599041,-14.678072812547962,0,87,0.7700837452599041
30,16,False,16,0.0,0,0.07658604600275747,2.463813793869561,0.07145060002221726,16,16,32,time_pressure,stochastic,50100,0.6666666666666666,0.8,2,1.2253767360441195,0,2,3,2,3,5,0,0.0,17.0,16,29,False,2.236048948395129,-75.45953509797202,0,87,2.2360489483951294
35,9,False,9,0.0,0,0.17284389319618512,2.447158333476788,0.08809770000516437,9,9,33,time_pressure,stochastic,50100,0.3333333333333333,0.8,2,1.555595038765666,0,1,3,2,3,5,0,0.0,13.5,9,36,False,1.580314324270216,-53.42449320203063,0,108,1.580314324270216
30,11,False,11,0.0,0,0.24252548967335014,2.405683871456272,0.07457620001514442,11,11,34,time_pressure,stochastic,50100,0.0,0.8,4,2.6677803864068514,0,0,2,4,1,5,0,0.0,14.5,11,31,False,0.5432434910385515,-10.281428720583722,0,93,0.5432434910385515
41,16,False,16,0.0,0,0.07618237039179002,2.3002461539596344,0.08970960000442574,16,16,35,time_pressure,stochastic,50100,0.6666666666666666,0.8,2,1.2189179262686403,0,2,3,2,3,5,0,0.0,17.0,16,39,False,2.3090595562433585,-78.66969445511862,0,117,2.3090595562433585
40,11,False,11,0.0,0,0.34517384679221336,2.3728593746454862,0.07593149998865556,11,11,36,time_pressure,stochastic,50100,0.0,0.8,5,3.796912314714347,0,0,0,5,0,5,0,0.0,14.5,11,32,True,0.0,31.95629205233859,0,96,0.0
34,14,False,14,0.0,0,0.08222336659491258,2.471853571738133,0.06921190000866773,14,14,37,time_pressure,stochastic,50100,0.6666666666666666,0.8,2,1.1511271323287762,0,2,3,2,3,5,0,0.0,16.0,14,28,False,2.579703130322695,-109.83570705447491,0,84,2.5797031303226956
36,9,False,9,0.0,0,0.39974656600791225,2.593699999964044,0.06743619999906514,9,9,38,time_pressure,stochastic,50100,0.5,0.8,4,3.5977190940712105,0,1,2,4,1,5,0,0.0,13.5,9,26,False,0.4906261648880681,-9.309673944441883,0,78,0.4906261648880681
41,13,False,13,0.0,0,0.04420274794827102,2.9411827583379786,0.08529429999180138,13,13,39,time_pressure,stochastic,50100,0.5,0.8,1,0.5746357233275232,0,1,2,1,4,5,0,0.0,15.5,13,29,False,2.6684860582030026,-118.11376199913362,0,87,2.6684860582030026
38,14,False,14,0.0,0,0.05433773091325129,3.0557903218939297,0.09472949997871183,14,14,40,time_pressure,stochastic,50100,1.0,0.8,1,0.760728232785518,0,3,3,1,4,5,0,0.0,16.0,14,31,False,2.830364493537304,-124.6886180909646,0,93,2.830364493537304
56,14,False,14,0.0,0,0.17277375223686312,3.620408888835098,0.1629183999975794,14,14,41,time_pressure,stochastic,50100,0.0,0.8,4,2.4188325313160837,0,0,0,4,1,5,0,0.0,16.0,14,45,False,0.5932740206228235,-20.507109435084896,0,135,0.5932740206228235
30,9,False,9,0.0,0,0.36099824243640694,3.8102538467053537,0.0990666000143392,9,9,42,time_pressure,stochastic,50100,0.0,0.8,5,3.2489841819276624,0,0,0,5,0,5,0,0.0,13.5,9,26,True,0.0,32.91158754079006,0,78,0.0
31,13,False,13,0.0,0,0.236483414591208,3.3507838708183337,0.10387429999536835,13,13,43,time_pressure,stochastic,50100,0.3333333333333333,0.8,4,3.074284389685704,0,1,3,4,1,5,0,0.0,15.5,13,31,False,0.6883638623710624,-13.280052999614695,0,93,0.6883638623710624
40,12,False,12,0.0,0,0.049306318862439046,4.20086363671792,0.13862850001169136,12,12,44,time_pressure,stochastic,50100,0.0,0.8,1,0.5916758263492685,0,0,0,1,4,5,0,0.0,15.0,12,33,False,2.671385732749047,-118.95692475021761,0,99,2.671385732749047
29,14,False,14,0.0,0,0.05253822107292501,3.9812925924370237,0.10749489999579964,14,14,45,time_pressure,stochastic,50100,1.0,0.8,1,0.7355350950209502,0,2,2,1,4,5,0,0.0,16.0,14,27,False,2.809489411512981,-122.69695660056958,0,81,2.8094894115129807
46,11,False,11,0.0,0,0.15916662618354271,3.7510057146261846,0.13128520001191646,11,11,46,time_pressure,stochastic,50100,1.0,0.8,3,1.7508328880189699,0,1,1,3,2,5,0,0.0,14.5,11,35,False,1.3248338866580212,-45.25677855369923,0,105,1.3248338866580212
39,11,False,11,0.0,0,0.1385763854354697,3.411643999570515,0.08529109998926288,11,11,47,time_pressure,stochastic,50100,0.5,0.8,3,1.5243402397901669,0,1,2,3,2,5,0,0.0,14.5,11,25,False,1.3462720955526353,-42.60154397235509,0,75,1.3462720955526353
39,13,False,13,0.0,0,0.3600125081937768,3.2288828571576493,0.11301090000051772,13,13,48,time_pressure,stochastic,50100,0.0,0.8,5,4.680162606519098,0,0,4,5,0,5,0,0.0,15.5,13,35,True,0.0,37.833374570146205,0,105,0.0
35,12,False,12,0.0,0,0.11659718287405067,2.923324242036677,0.09646969998721033,12,12,49,time_pressure,stochastic,50100,1.0,0.8,2,1.399166194488608,0,3,3,2,3,5,0,0.0,15.0,12,33,False,2.5896490371035803,-111.02815809347182,0,99,2.5896490371035803
43,11,False,11,0.0,0,0.11069081202802368,3.0541552638935268,0.11605790002795402,11,11,50,time_pressure,stochastic,50100,1.0,0.8,2,1.2175989323082606,0,2,2,2,3,5,0,0.0,14.5,11,38,False,1.9030220326132452,-64.28801775101567,0,114,1.9030220326132454
40,11,False,11,0.0,0,0.08548946940227106,2.909514285732127,0.10183300000062445,11,11,51,time_pressure,stochastic,50100,1.0,0.8,2,0.9403841634249817,0,1,1,2,3,5,0,0.0,14.5,11,35,False,2.350185528307094,-78.99127906111089,0,105,2.350185528307094
43,16,False,16,0.0,0,0.053977800496141586,2.5240428571816578,0.10600980000162963,16,16,52,time_pressure,stochastic,50100,1.0,0.8,1,0.8636448079382654,0,2,2,1,4,5,0,0.0,17.0,16,42,False,2.885699442555749,-127.71939395107962,0,126,2.885699442555749
34,12,False,12,0.0,0,0.2110932255246555,2.602143749527386,0.08326859998487635,12,12,53,time_pressure,stochastic,50100,0.0,0.8,4,2.533118706295866,0,0,1,4,1,5,0,0.0,15.0,12,32,False,0.8773212981986434,-23.102304553448274,0,96,0.8773212981986434
37,8,False,8,0.0,0,0.26038524807831287,2.376916666495769,0.07130749999487307,8,8,54,time_pressure,stochastic,50100,0.6666666666666666,0.8,2,2.083081984626503,0,2,3,2,3,5,0,0.0,13.0,8,30,False,1.986822094781855,-62.90722654586663,0,90,1.986822094781855
29,11,False,11,0.0,0,0.16528472671146133,2.61181666670988,0.0783545000012964,11,11,55,time_pressure,stochastic,50100,1.0,0.8,3,1.8181319938260745,0,1,1,3,2,5,0,0.0,14.5,11,30,False,1.5845076806909908,-51.23485665453854,0,90,1.5845076806909908
31,9,False,9,0.0,0,0.3308574310591088,2.5290958325664783,0.06069829998159548,9,9,56,time_pressure,stochastic,50100,0.0,0.8,5,2.9777168795319793,0,0,2,5,0,5,0,0.0,13.5,9,24,True,0.0,33.64494754381515,0,72,0.0
37,8,False,8,0.0,0,0.35337738130708857,2.7062319993274286,0.06765579998318572,8,8,57,time_pressure,stochastic,50100,0.0,0.8,4,2.8270190504567085,0,0,2,4,1,5,0,0.0,13.0,8,25,False,0.6147565189144276,-13.997983267754668,0,75,0.6147565189144276
39,11,False,11,0.0,0,0.1407800986452918,2.7241363639019034,0.08989650000876281,11,11,58,time_pressure,stochastic,50100,0.5,0.8,2,1.5485810850982098,0,1,2,2,3,5,0,0.0,14.5,11,33,False,1.8020668813426528,-60.20811252719021,0,99,1.8020668813426528
48,11,False,11,0.0,0,0.20750712206945446,2.811932352736168,0.0956056999930297,11,11,59,time_pressure,stochastic,50100,0.6666666666666666,0.8,3,2.282578342763999,0,2,3,3,2,5,0,0.0,14.5,11,34,False,1.9524419072793189,-62.19614582884638,0,102,1.9524419072793189
39,15,False,15,0.0,0,0.11929200355672746,2.967825807460148,0.09200260003126459,15,15,60,time_pressure,stochastic,50100,1.0,0.8,3,1.7893800533509119,0,1,1,3,2,5,0,0.0,16.5,15,31,False,1.7017404803771587,-57.37355029965425,0,93,1.7017404803771587
37,13,False,13,0.0,0,0.08254984644354889,2.8475625019837025,0.09112200006347848,13,13,61,time_pressure,stochastic,50100,0.3333333333333333,0.8,2,1.0731480037661356,0,1,3,2,3,5,0,0.0,15.5,13,32,False,2.1315277028440867,-70.4255191413794,0,96,2.1315277028440867
36,8,False,8,0.0,0,0.4283470495562825,2.99633823455866,0.10187549997499445,8,8,62,time_pressure,stochastic,50100,0.0,0.8,4,3.42677639645026,0,0,2,4,1,5,0,0.0,13.0,8,34,False,0.43660398333919626,-5.7537399807377305,0,102,0.43660398333919626
43,13,False,13,0.0,0,0.15158035498350772,2.4947823534175235,0.08482260001619579,13,13,63,time_pressure,stochastic,50100,1.0,0.8,3,1.9705446147856005,0,1,1,3,2,5,0,0.0,15.5,13,34,False,1.185530084211397,-39.93462355527599,0,102,1.185530084211397
35,11,False,11,0.0,0,0.14307838509034865,2.763053333668116,0.08289160001004348,11,11,64,time_pressure,stochastic,50100,0.5,0.8,2,1.5738622359938352,0,1,2,2,3,5,0,0.0,14.5,11,30,False,2.1873190639357505,-72.94567857443269,0,90,2.1873190639357505
52,13,False,13,0.0,0,0.027744292276706266,2.8114000003999817,0.10964460001559928,13,13,65,time_pressure,stochastic,50100,0.0,0.8,1,0.36067579959718143,0,0,0,1,4,5,0,0.0,15.5,13,39,False,2.4974378031783018,-90.31141374375545,0,117,2.4974378031783018
36,9,False,9,0.0,0,0.2944831074811616,2.8677037041267828,0.07742800001142314,9,9,66,time_pressure,stochastic,50100,0.5,0.8,4,2.6503479673304544,0,1,2,4,1,5,0,0.0,13.5,9,27,False,0.8404976216317511,-18.967662159458065,0,81,0.8404976216317511
38,13,False,13,0.0,0,0.2016135481844975,2.6885586216692525,0.07796820002840832,13,13,67,time_pressure,stochastic,50100,0.5,0.8,3,2.6209761263984674,0,1,2,3,2,5,0,0.0,15.5,13,29,False,1.528220876734953,-48.09303473333167,0,87,1.528220876734953
47,9,False,9,0.0,0,0.2120045801391334,2.8277342106249357,0.10745390000374755,9,9,68,time_pressure,stochastic,50100,0.0,0.8,3,1.9080412212522007,0,0,1,3,2,5,0,0.0,13.5,9,38,False,1.041881018743442,-33.760931747929554,0,114,1.041881018743442
35,10,False,10,0.0,0,0.2127967940692535,2.710259374907764,0.08672829999704845,10,10,69,time_pressure,stochastic,50100,0.3333333333333333,0.8,2,2.127967940692535,0,1,3,2,3,5,0,0.0,14.0,10,32,False,1.719990405671114,-54.96716210014386,0,96,1.719990405671114
32,9,False,9,0.0,0,0.23891660077843418,2.535965385155018,0.06593510001403047,9,9,70,time_pressure,stochastic,50100,0.0,0.8,3,2.1502494070059077,0,0,1,3,2,5,0,0.0,13.5,9,26,False,1.1121000824975988,-34.688484337543734,0,78,1.1121000824975988
53,13,False,13,0.0,0,0.029939751427420804,2.8957428567948575,0.12162119998538401,13,13,71,time_pressure,stochastic,50100,1.0,0.8,1,0.38921676855647047,0,1,1,1,4,5,0,0.0,15.5,13,42,False,2.005102454511779,-74.87937853644672,0,126,2.005102454511779
41,10,False,10,0.0,0,0.15452348364725815,2.8536459460549333,0.10558490000403253,10,10,72,time_pressure,stochastic,50100,0.5,0.8,2,1.5452348364725816,0,1,2,2,3,5,0,0.0,14.0,10,37,False,1.6919818641667586,-56.915884672408396,0,111,1.6919818641667586
39,15,False,15,0.0,0,0.16375122976779075,2.820432432329383,0.10435599999618717,15,15,73,time_pressure,stochastic,50100,0.6666666666666666,0.8,3,2.4562684465168614,0,2,3,3,2,5,0,0.0,16.5,15,37,False,1.5435189840613524,-50.081534214596374,0,111,1.5435189840613524
46,15,False,15,0.0,0,0.05399718327446181,2.9257228564737097,0.10240029997657984,15,15,74,time_pressure,stochastic,50100,1.0,0.8,2,0.8099577491169272,0,1,1,2,3,5,0,0.0,16.5,15,35,False,1.6713073247673504,-60.586791964148055,0,105,1.6713073247673507
39,12,False,12,0.0,0,0.23724982100621392,3.1267447365711347,0.11881629998970311,12,12,75,time_pressure,stochastic,50100,0.0,0.8,4,2.846997852074567,0,0,2,4,1,5,0,0.0,15.0,12,38,False,0.7248775408849144,-19.552966322445208,0,114,0.7248775408849144
40,15,False,15,0.0,0,0.08068409569323534,3.020332499545475,0.120813299981819,15,15,76,time_pressure,stochastic,50100,0.5,0.8,2,1.2102614353985301,0,1,2,2,3,5,0,0.0,16.5,15,40,False,2.3170911088995267,-80.5622962237289,0,120,2.3170911088995267
38,13,False,13,0.0,0,0.2196484066837849,2.784499999412721,0.0807504999829689,13,13,77,time_pressure,stochastic,50100,0.0,0.8,4,2.855429286889204,0,0,1,4,1,5,0,0.0,15.5,13,29,False,0.5213474384188331,-13.378226856399028,0,87,0.5213474384188331
41,12,False,12,0.0,0,0.2699794010050565,2.501800000478899,0.07255220001388807,12,12,78,time_pressure,stochastic,50100,0.3333333333333333,0.8,4,3.2397528120606784,0,1,3,4,1,5,0,0.0,15.0,12,29,False,1.2372653873108175,-33.60627189729323,0,87,1.2372653873108175
41,11,False,11,0.0,0,0.22370401625128453,2.9470352941750795,0.1001992000019527,11,11,79,time_pressure,stochastic,50100,0.0,0.8,3,2.4607441787641298,0,0,2,3,2,5,0,0.0,14.5,11,34,False,1.396931822717066,-41.42437961915614,0,102,1.396931822717066
38,6,False,6,0.0,0,0.30377544113676785,2.5622312496125232,0.08199139998760074,6,6,80,time_pressure,stochastic,50100,1.0,0.8,3,1.822652646820607,0,1,1,3,2,5,0,0.0,12.0,6,32,False,1.3445284116999732,-41.3179359137245,0,96,1.3445284116999732
35,13,False,13,0.0,0,0.21484680917535906,2.5886121224947134,0.08542420004232554,13,13,81,time_pressure,stochastic,50100,0.3333333333333333,0.8,3,2.7930085192796676,0,1,3,3,2,5,0,0.0,15.5,13,33,False,1.6581140164781338,-48.04809816359719,0,99,1.6581140164781338
35,8,False,8,0.0,0,0.23420253218545484,2.9110263161496013,0.11061900001368485,8,8,82,time_pressure,stochastic,50100,0.0,0.8,3,1.8736202574836387,0,0,0,3,2,5,0,0.0,13.0,8,38,False,1.5421553982595682,-47.33351435535485,0,114,1.5421553982595682
35,14,False,14,0.0,0,0.12194164085688461,2.7175269231240518,0.07065570000122534,14,14,83,time_pressure,stochastic,50100,0.0,0.8,2,1.7071829719963845,0,0,1,2,3,5,0,0.0,16.0,14,26,False,2.2572275737345717,-72.76841410726432,0,78,2.2572275737345717
31,15,False,15,0.0,0,0.14063473426386955,2.728654545507831,0.09004560000175843,15,15,84,time_pressure,stochastic,50100,0.6666666666666666,0.8,3,2.109521013958043,0,2,3,3,2,5,0,0.0,16.5,15,33,False,1.8525088832181789,-57.99553569364724,0,99,1.8525088832181789
38,12,False,12,0.0,0,0.11238207858149422,3.0578833335312083,0.09173650000593625,12,12,85,time_pressure,stochastic,50100,1.0,0.8,2,1.3485849429779306,0,3,3,2,3,5,0,0.0,15.0,12,30,False,1.7868210613133804,-63.7884582877199,0,90,1.7868210613133804
32,9,False,9,0.0,0,0.22411799034804478,2.8953718745015067,0.09265189998404821,9,9,86,time_pressure,stochastic,50100,0.6666666666666666,0.8,3,2.017061913132403,0,2,3,3,2,5,0,0.0,13.5,9,32,False,1.2452591058450264,-37.29903712666631,0,96,1.2452591058450264
35,12,False,12,0.0,0,0.21297378942340806,2.8107516127713628,0.08713329999591224,12,12,87,time_pressure,stochastic,50100,0.0,0.8,3,2.5556854730808967,0,0,2,3,2,5,0,0.0,15.0,12,31,False,1.2059131618246632,-33.61960979951151,0,93,1.2059131618246632
33,11,False,11,0.0,0,0.22383360594172277,2.817614286219136,0.0788932000141358,11,11,88,time_pressure,stochastic,50100,0.0,0.8,4,2.4621696653589504,0,0,3,4,1,5,0,0.0,14.5,11,28,False,0.7419876235074513,-19.293421243319962,0,84,0.7419876235074513
41,9,False,9,0.0,0,0.23775397074273874,2.7949583341574504,0.10061850002966821,9,9,89,time_pressure,stochastic,50100,1.0,0.8,3,2.1397857366846487,0,2,2,3,2,5,0,0.0,13.5,9,36,False,1.6692613522428714,-53.66280519162349,0,108,1.6692613522428714
46,13,False,13,0.0,0,0.1623797746524782,2.822123529125854,0.09595219999027904,13,13,90,time_pressure,stochastic,50100,1.0,0.8,3,2.1109370704822163,0,1,1,3,2,5,0,0.0,15.5,13,34,False,1.5764046953484758,-53.537579578177926,0,102,1.5764046953484758
32,16,False,16,0.0,0,0.05501618366089475,3.0785750002451095,0.0985144000078435,16,16,91,time_pressure,stochastic,50100,0.6666666666666666,0.8,1,0.880258938574316,0,2,3,1,4,5,0,0.0,17.0,16,32,False,3.038808047235338,-130.86726389599875,0,96,3.038808047235338
36,15,False,15,0.0,0,0.21167341271551052,3.167872727234763,0.10453979999874718,15,15,92,time_pressure,stochastic,50100,0.0,0.8,4,3.175101190732658,0,0,2,4,1,5,0,0.0,16.5,15,33,False,0.5826824460885269,-14.295257902810219,0,99,0.5826824460885269
27,13,False,13,0.0,0,0.12792996773491613,2.9483793104159775,0.08550300000206335,13,13,93,time_pressure,stochastic,50100,0.0,0.8,3,1.6630895805539097,0,0,1,3,2,5,0,0.0,15.5,13,29,False,1.133469434513763,-37.187314667628556,0,87,1.133469434513763
50,13,False,13,0.0,0,0.1949726670894785,3.142756410875919,0.12256750002416084,13,13,94,time_pressure,stochastic,50100,0.0,0.8,4,2.5346446721632203,0,0,0,4,1,5,0,0.0,15.5,13,39,False,0.89579179903405,-24.70915819465087,0,117,0.89579179903405
34,10,False,10,0.0,0,0.08191037365213376,2.671282142598232,0.07479589999275049,10,10,95,time_pressure,stochastic,50100,1.0,0.8,1,0.8191037365213376,0,2,2,1,4,5,0,0.0,14.0,10,28,False,2.7599950433942126,-119.88706347441914,0,84,2.7599950433942126
39,10,False,10,0.0,0,0.38593736810407825,2.775189473667476,0.10545719999936409,10,10,96,time_pressure,stochastic,50100,0.2,0.8,4,3.8593736810407826,0,1,5,4,1,5,0,0.0,14.0,10,38,False,0.6739243913522271,-9.548109008791796,0,114,0.6739243913522271
29,16,False,16,0.0,0,0.1263698685178672,2.847938708709403,0.08828609996999148,16,16,97,time_pressure,stochastic,50100,0.0,0.8,2,2.021917896285875,0,0,1,2,3,5,0,0.0,17.0,16,31,False,2.074344768246145,-69.50067865551136,0,93,2.0743447682461444
29,9,False,9,0.0,0,0.09442095999715663,2.7871037040043762,0.07525180000811815,9,9,98,time_pressure,stochastic,50100,0.6666666666666666,0.8,1,0.8497886399744097,0,2,3,1,3,5,0,0.0,13.5,9,27,False,2.605820411375949,-112.21794751674784,0,81,2.6058204113759493
31,16,False,16,0.0,0,0.06711744572635278,2.4263317075276905,0.09947960000863532,16,16,99,time_pressure,stochastic,50100,1.0,0.8,1,1.0738791316216445,0,3,3,1,3,5,0,0.0,17.0,16,41,False,2.5264929671408485,-115.65219399079798,0,123,2.5264929671408485
44,11,False,11,0.0,0,0.06080473839727816,2.261665999831166,0.1130832999915583,11,11,0,heterogeneity_pressure,stochastic,50200,0.0,0.8,1,0.6688521223700598,0,0,2,1,3,5,0,0.0,14.149999999999999,11,50,False,1.7954657155558982,-66.22354067044918,0,150,1.7954657155558982
48,12,False,12,0.0,0,0.13339937266771476,2.2603520837947144,0.10849690002214629,12,12,1,heterogeneity_pressure,stochastic,50200,1.0,0.8,2,1.600792472012577,0,2,2,2,3,5,0,0.0,14.399999999999999,12,48,False,2.4043229647102877,-81.3098242519086,0,144,2.4043229647102873
51,14,False,14,0.0,0,0.0692119485258267,2.1779259995673783,0.10889629997836892,14,14,2,heterogeneity_pressure,stochastic,50200,0.3333333333333333,0.8,2,0.9689672793615738,0,1,3,2,2,5,0,0.0,14.899999999999999,14,50,False,0.9668188792629491,-39.00459680753697,0,150,0.9668188792629491
50,11,False,11,0.0,0,0.13625894874509958,2.3110099996847566,0.11555049998423783,11,11,3,heterogeneity_pressure,stochastic,50200,0.3333333333333333,0.8,2,1.4988484361960954,0,1,3,2,2,5,0,0.0,14.149999999999999,11,50,False,1.597451002597642,-52.750937208778005,0,150,1.597451002597642
55,10,False,10,0.0,0,0.11741420518721743,2.3012139997445047,0.11506069998722523,10,10,4,heterogeneity_pressure,stochastic,50200,0.5,0.8,1,1.1741420518721744,0,1,2,1,3,5,0,0.0,13.899999999999999,10,50,False,2.444067505714022,-85.45695284284938,0,150,2.444067505714022
44,11,False,11,0.0,0,0.2545432185719502,2.7176363631345644,0.08968199998344062,11,11,5,heterogeneity_pressure,stochastic,50200,0.0,0.8,4,2.7999754042914526,0,0,2,4,1,5,0,0.0,14.149999999999999,11,33,False,0.5378156729905493,-10.672631812677466,0,99,0.5378156729905493
54,9,False,9,0.0,0,0.25012636563183455,2.7795499988133088,0.13897749994066544,9,9,6,heterogeneity_pressure,stochastic,50200,0.0,0.8,4,2.251137290686511,0,0,3,4,0,5,0,0.0,13.649999999999999,9,50,False,0.0,1.640891103706441,0,150,0.0
37,10,False,10,0.0,0,0.22340309396708732,2.775275000021793,0.11101100000087172,10,10,7,heterogeneity_pressure,stochastic,50200,0.6666666666666666,0.8,3,2.2340309396708733,0,2,3,3,2,5,0,0.0,13.899999999999999,10,40,False,1.7212172669162573,-53.77420798800404,0,120,1.7212172669162573
31,9,False,9,0.0,0,0.3444350022322646,2.6066775008075638,0.10426710003230255,9,9,8,heterogeneity_pressure,stochastic,50200,0.0,0.8,5,3.099915020090381,0,0,3,5,0,5,0,0.0,13.649999999999999,9,40,True,0.0,36.110989953030675,0,120,0.0
39,14,False,14,0.0,0,0.13646394198864695,2.6120042550362688,0.12276419998670463,14,14,9,heterogeneity_pressure,stochastic,50200,0.0,0.8,3,1.9104951878410574,0,0,0,3,2,5,0,0.0,14.899999999999999,14,47,False,1.329108592503069,-45.22341959707229,0,141,1.329108592503069
36,16,False,16,0.0,0,0.16425893440770628,2.640679166385477,0.1267525999865029,16,16,10,heterogeneity_pressure,stochastic,50200,0.3333333333333333,0.8,3,2.6281429505233005,0,1,3,3,2,5,0,0.0,15.399999999999999,16,48,False,1.3186625616000813,-40.022992723603714,0,144,1.3186625616000813
42,7,False,7,0.0,0,0.3040593045681566,3.044981999701122,0.1522490999850561,7,7,11,heterogeneity_pressure,stochastic,50200,0.0,0.8,3,2.1284151319770963,0,0,0,3,1,5,0,0.0,13.149999999999999,7,50,False,0.5567254614056609,-19.78623861729834,0,150,0.5567254614056609
46,10,False,10,0.0,0,0.17076688279288238,3.1605919988942333,0.15802959994471166,10,10,12,heterogeneity_pressure,stochastic,50200,0.0,0.8,3,1.7076688279288237,0,0,0,3,1,5,0,0.0,13.899999999999999,10,50,False,0.5603712967910793,-21.452407674839726,0,150,0.5603712967910793
38,14,False,14,0.0,0,0.04115506886519832,2.8441899993049446,0.14220949996524723,14,14,13,heterogeneity_pressure,stochastic,50200,0.0,0.8,1,0.5761709641127765,0,0,2,1,1,5,0,0.0,14.899999999999999,14,50,False,0.9694556261484247,-44.56160743147525,0,150,0.9694556261484247
50,9,False,9,0.0,0,0.2479394153819613,3.0332960005034693,0.15166480002517346,9,9,14,heterogeneity_pressure,stochastic,50200,0.0,0.8,3,2.2314547384376517,0,0,4,3,0,5,0,0.0,13.649999999999999,9,50,False,0.0,-1.5281236169971018,0,150,0.0
35,13,False,13,0.0,0,0.0758844464365507,3.0754085105690274,0.14454419999674428,13,13,15,heterogeneity_pressure,stochastic,50200,0.8,0.8,1,0.9864978036751593,0,4,5,1,4,5,0,0.0,14.649999999999999,13,47,False,3.137164216754144,-131.97919044878458,0,141,3.137164216754144
46,11,False,11,0.0,0,0.18394109650039134,3.2193759994697757,0.16096879997348879,11,11,16,heterogeneity_pressure,stochastic,50200,0.0,0.8,2,2.023352061504305,0,0,2,2,2,5,0,0.0,14.149999999999999,11,50,False,0.9554514099953748,-34.37599194038145,0,150,0.9554514099953748
44,8,False,8,0.0,0,0.1344458080441868,2.696729999879608,0.1348364999939804,8,8,17,heterogeneity_pressure,stochastic,50200,1.0,0.8,1,1.0755664643534943,0,1,1,1,3,5,0,0.0,13.399999999999999,8,50,False,1.9095971261835971,-69.89857266365118,0,150,1.9095971261835971
42,8,False,8,0.0,0,0.14939047211148299,3.1102779993670993,0.15551389996835496,8,8,18,heterogeneity_pressure,stochastic,50200,0.0,0.8,2,1.1951237768918639,0,0,1,2,2,5,0,0.0,13.399999999999999,8,50,False,0.7156502238378879,-28.83728667643878,0,150,0.7156502238378879
50,8,False,8,0.0,0,0.23654842161750397,2.8596919993287884,0.14298459996643942,8,8,19,heterogeneity_pressure,stochastic,50200,1.0,0.8,3,1.8923873729400318,0,1,1,3,1,5,0,0.0,13.399999999999999,8,50,False,1.2066518467348197,-40.84430193809121,0,150,1.2066518467348197
53,12,False,12,0.0,0,0.02901856259924881,3.1264059997920413,0.15632029998960206,12,12,20,heterogeneity_pressure,stochastic,50200,0.0,0.8,1,0.3482227511909857,0,0,2,1,1,5,0,0.0,14.399999999999999,12,50,False,0.43446490510555646,-27.835270917518038,0,150,0.43446490510555646
41,16,False,16,0.0,0,0.03705612875872696,2.624144000437809,0.13120720002189046,16,16,21,heterogeneity_pressure,stochastic,50200,0.0,0.8,1,0.5928980601396313,0,0,2,1,0,5,0,0.0,15.399999999999999,16,50,False,0.0,-15.35198132308136,0,150,0.0
31,7,False,7,0.0,0,0.2936313173998461,2.2009700001217425,0.11004850000608712,7,7,22,heterogeneity_pressure,stochastic,50200,0.0,0.8,4,2.055419221798923,0,0,1,4,0,5,0,0.0,13.149999999999999,7,50,False,0.0,0.650588096458351,0,150,0.0
47,14,False,14,0.0,0,0.04050633046060482,2.2251519994460978,0.11125759997230489,14,14,23,heterogeneity_pressure,stochastic,50200,0.5,0.8,1,0.5670886264484675,0,1,2,1,2,5,0,0.0,14.899999999999999,14,50,False,2.0029286459239755,-76.49032226740071,0,150,2.0029286459239755
49,16,False,16,0.0,0,0.04772662662178983,2.122034000349231,0.10610170001746155,16,16,24,heterogeneity_pressure,stochastic,50200,0.5,0.8,1,0.7636260259486373,0,1,2,1,3,5,0,0.0,15.399999999999999,16,50,False,1.8598710588853402,-69.44965604783786,0,150,1.8598710588853402
31,9,False,9,0.0,0,0.2616928654600704,2.114847221997075,0.0761344999918947,9,9,25,heterogeneity_pressure,stochastic,50200,0.25,0.8,3,2.3552357891406337,0,1,4,3,2,5,0,0.0,13.649999999999999,9,36,False,1.34812407496293,-40.008068843373565,0,108,1.34812407496293
47,11,False,11,0.0,0,0.08207357966352653,2.1808400002191775,0.10904200001095887,11,11,26,heterogeneity_pressure,stochastic,50200,0.3333333333333333,0.8,1,0.9028093762987919,0,1,3,1,3,5,0,0.0,14.149999999999999,11,50,False,1.6018723375141037,-61.64201037488942,0,150,1.601872337514104
39,9,False,9,0.0,0,0.2937486337045664,2.2492660001444165,0.11246330000722082,9,9,27,heterogeneity_pressure,stochastic,50200,0.0,0.8,4,2.6437377033410976,0,0,3,4,0,5,0,0.0,13.649999999999999,9,50,False,0.0,2.7462636640919196,0,150,0.0
52,10,False,10,0.0,0,0.12018203976831858,2.420651999855181,0.12103259999275906,10,10,28,heterogeneity_pressure,stochastic,50200,0.0,0.8,2,1.2018203976831858,0,0,4,2,1,5,0,0.0,13.899999999999999,10,50,False,0.34975176123893714,-17.842055486679783,0,150,0.34975176123893714
31,16,False,16,0.0,0,0.09591075832739517,2.2467100000358187,0.11233550000179093,16,16,29,heterogeneity_pressure,stochastic,50200,0.5,0.8,2,1.5345721332383226,0,1,2,2,2,5,0,0.0,15.399999999999999,16,50,False,1.671982671318922,-57.17721926460588,0,150,1.671982671318922
54,12,False,12,0.0,0,0.14219871603521425,2.268534000177169,0.11342670000885846,12,12,30,heterogeneity_pressure,stochastic,50200,0.4,0.8,2,1.706384592422571,0,2,5,2,2,5,0,0.0,14.399999999999999,12,50,False,1.596559541428772,-53.073613261498906,0,150,1.596559541428772
48,11,False,11,0.0,0,0.13298951298489903,2.106956000206992,0.1053478000103496,11,11,31,heterogeneity_pressure,stochastic,50200,1.0,0.8,2,1.4628846428338893,0,1,1,2,2,5,0,0.0,14.149999999999999,11,50,False,1.5923379627312322,-56.28924690072278,0,150,1.5923379627312322
42,10,False,10,0.0,0,0.0,2.4636919995828066,0.12318459997914033,10,10,32,heterogeneity_pressure,stochastic,50200,0.3333333333333333,0.8,0,0.0,0,1,3,0,2,5,0,0.0,13.899999999999999,10,50,False,1.2988032550694055,-57.8640976520822,0,150,1.2988032550694055
31,12,False,12,0.0,0,0.16864291737992332,2.8153956520090224,0.12950819999241503,12,12,33,heterogeneity_pressure,stochastic,50200,0.6666666666666666,0.8,3,2.02371500855908,0,2,3,3,2,5,0,0.0,14.399999999999999,12,46,False,0.9674604439976774,-32.80124431394469,0,138,0.9674604439976774
37,10,False,10,0.0,0,0.310284253435532,2.5974877547812456,0.12727689998428104,10,10,34,heterogeneity_pressure,stochastic,50200,0.0,0.8,3,3.10284253435532,0,0,2,3,2,5,0,0.0,13.899999999999999,10,49,False,1.1914317199949043,-33.75932646724449,0,147,1.1914317199949043
53,14,False,14,0.0,0,0.11466919929327687,2.534995918258388,0.12421479999466101,14,14,35,heterogeneity_pressure,stochastic,50200,1.0,0.8,3,1.6053687901058762,0,2,2,3,2,5,0,0.0,14.899999999999999,14,49,False,1.7358229970695986,-57.327719276496936,0,147,1.7358229970695986
37,11,False,11,0.0,0,0.10899387960291594,2.4061880001681857,0.12030940000840928,11,11,36,heterogeneity_pressure,stochastic,50200,0.0,0.8,2,1.1989326756320753,0,0,2,2,2,5,0,0.0,14.149999999999999,11,50,False,0.990014734742205,-36.43205477143479,0,150,0.990014734742205
35,11,False,11,0.0,0,0.2257905647983471,2.4649741939238963,0.07641420001164079,11,11,37,heterogeneity_pressure,stochastic,50200,0.5,0.8,4,2.483696212781818,0,1,2,4,1,5,0,0.0,14.149999999999999,11,31,False,0.7967762217634756,-20.84966686785737,0,93,0.7967762217634756
40,10,False,10,0.0,0,0.21948958591252515,3.0341220000991598,0.151706100004958,10,10,38,heterogeneity_pressure,stochastic,50200,0.6666666666666666,0.8,2,2.1948958591252516,0,2,3,2,2,5,0,0.0,13.899999999999999,10,50,False,1.625862416514301,-55.2880801148739,0,150,1.625862416514301
54,13,False,13,0.0,0,0.13602308905464253,2.731567442107155,0.11745740001060767,13,13,39,heterogeneity_pressure,stochastic,50200,0.0,0.8,3,1.7683001577103528,0,0,1,3,2,5,0,0.0,14.649999999999999,13,43,False,0.9737449383056425,-34.045977618574724,0,129,0.9737449383056425
17,5,False,5,0.0,0,0.7406832156674337,2.573699999225533,0.023163299993029796,5,5,40,heterogeneity_pressure,stochastic,50200,0.0,0.8,5,3.7034160783371686,0,0,1,5,0,5,0,0.0,11.399999999999999,5,9,True,0.0,39.640953111530926,0,27,0.0
43,12,False,12,0.0,0,0.13459523264724443,2.753016279352461,0.11837970001215581,12,12,41,heterogeneity_pressure,stochastic,50200,0.75,0.8,2,1.6151427917669332,0,3,4,2,3,5,0,0.0,14.399999999999999,12,43,False,2.525200424701344,-107.98015158114184,0,129,2.525200424701344
52,14,False,14,0.0,0,0.06608085463626003,2.710682000470115,0.13553410002350574,14,14,42,heterogeneity_pressure,stochastic,50200,0.0,0.8,1,0.9251319649076403,0,0,2,1,1,5,0,0.0,14.899999999999999,14,50,False,0.7158288318911039,-36.22486074004782,0,150,0.7158288318911039
36,9,False,9,0.0,0,0.05462492112745683,2.7833880014077295,0.13916940007038647,9,9,43,heterogeneity_pressure,stochastic,50200,0.0,0.8,1,0.49162429014711145,0,0,1,1,2,5,0,0.0,13.649999999999999,9,50,False,1.5482177131326211,-59.91011549996872,0,150,1.5482177131326211
39,8,False,8,0.0,0,0.2284422663882223,2.863439999782713,0.14317199998913566,8,8,44,heterogeneity_pressure,stochastic,50200,0.6666666666666666,0.8,2,1.8275381311057783,0,2,3,2,2,5,0,0.0,13.399999999999999,8,50,False,1.8104742342193756,-59.534609975874666,0,150,1.8104742342193756
44,13,False,13,0.0,0,0.11232173287003346,2.904208333347924,0.10455150000052527,13,13,45,heterogeneity_pressure,stochastic,50200,1.0,0.8,2,1.460182527310435,0,1,1,2,3,5,0,0.0,14.649999999999999,13,36,False,1.493087776971986,-52.55520266163465,0,108,1.493087776971986
45,8,False,8,0.0,0,0.20300164742683507,2.262130000308389,0.11310650001541944,8,8,46,heterogeneity_pressure,stochastic,50200,0.0,0.8,2,1.6240131794146806,0,0,0,2,2,5,0,0.0,13.399999999999999,8,50,False,1.1679032029879228,-42.75851999624081,0,150,1.1679032029879228
53,14,False,14,0.0,0,0.16092081535709335,2.35621999920113,0.1178109999600565,14,14,47,heterogeneity_pressure,stochastic,50200,0.5,0.8,3,2.252891414999307,0,1,2,3,1,5,0,0.0,14.899999999999999,14,50,False,0.6343483779393935,-23.423430841899336,0,150,0.6343483779393935
38,12,False,12,0.0,0,0.04798515122515875,2.3079900006996468,0.11539950003498234,12,12,48,heterogeneity_pressure,stochastic,50200,0.0,0.8,1,0.575821814701905,0,0,2,1,0,5,0,0.0,14.399999999999999,12,50,False,0.0,-13.234826553124556,0,150,0.0
49,12,False,12,0.0,0,0.1156446342830376,2.221526000794256,0.1110763000397128,12,12,49,heterogeneity_pressure,stochastic,50200,1.0,0.8,2,1.3877356113964512,0,1,1,2,2,5,0,0.0,14.399999999999999,12,50,False,1.3979861141616081,-51.76058643302892,0,150,1.3979861141616081
67,15,False,15,0.0,0,0.027372450319916405,2.429356000502594,0.12146780002512969,15,15,50,heterogeneity_pressure,stochastic,50200,1.0,0.8,1,0.41058675479874607,0,2,2,1,3,5,0,0.0,15.149999999999999,15,50,False,2.192652869362016,-81.80058433457398,0,150,2.192652869362016
49,16,False,16,0.0,0,0.04509296216639243,2.3357919995032717,0.11678959997516358,16,16,51,heterogeneity_pressure,stochastic,50200,0.3333333333333333,0.8,1,0.7214873946622788,0,1,3,1,2,5,0,0.0,15.399999999999999,16,50,False,1.6040423021516028,-62.0465246804475,0,150,1.6040423021516028
41,9,False,9,0.0,0,0.1774779503789886,2.120866000332171,0.10604330001660855,9,9,52,heterogeneity_pressure,stochastic,50200,0.0,0.8,3,1.5973015534108976,0,0,2,3,1,5,0,0.0,13.649999999999999,9,50,False,0.800452094220319,-25.43964917714683,0,150,0.800452094220319
25,6,False,6,0.0,0,0.3100266234419105,2.233478000125615,0.11167390000628075,6,6,53,heterogeneity_pressure,stochastic,50200,0.0,0.8,2,1.8601597406514632,0,0,2,2,1,5,0,0.0,12.899999999999999,6,50,False,0.4675517964224767,-20.04054526748197,0,150,0.4675517964224767
32,10,False,10,0.0,0,0.15199076459132765,2.262865000011516,0.09051460000046063,10,10,54,heterogeneity_pressure,stochastic,50200,0.6,0.8,2,1.5199076459132765,0,3,5,2,3,5,0,0.0,13.899999999999999,10,40,False,1.7978544536482257,-59.236165344291074,0,120,1.7978544536482257
43,8,False,8,0.0,0,0.05259949394519865,2.2238580000703223,0.11119290000351612,8,8,55,heterogeneity_pressure,stochastic,50200,0.0,0.8,1,0.4207959515615892,0,0,2,1,2,5,0,0.0,13.399999999999999,8,50,False,1.3867410390800816,-55.16395618513288,0,150,1.3867410390800816
54,14,False,14,0.0,0,0.08472947915034505,2.191297999524977,0.10956489997624885,14,14,56,heterogeneity_pressure,stochastic,50200,0.0,0.8,2,1.1862127081048308,0,0,2,2,2,5,0,0.0,14.899999999999999,14,50,False,0.8449331020723085,-34.8095708469511,0,150,0.8449331020723085
50,10,False,10,0.0,0,0.2526352581498683,2.4203159085697155,0.10649389997706749,10,10,57,heterogeneity_pressure,stochastic,50200,1.0,0.8,3,2.526352581498683,0,2,2,3,2,5,0,0.0,13.899999999999999,10,44,False,1.9472223269729514,-60.30917041596524,0,132,1.9472223269729514
45,15,False,15,0.0,0,0.11180507188727082,2.318062000122154,0.1159031000061077,15,15,58,heterogeneity_pressure,stochastic,50200,0.5,0.8,2,1.6770760783090624,0,2,4,2,2,5,0,0.0,15.149999999999999,15,50,False,1.5037979439279583,-50.25309615545409,0,150,1.5037979439279583
24,6,False,6,0.0,0,0.33343237427964306,2.40810999966925,0.1204054999834625,6,6,59,heterogeneity_pressure,stochastic,50200,0.0,0.8,3,2.0005942456778585,0,0,2,3,0,5,0,0.0,12.899999999999999,6,50,False,0.0,-1.773288668349523,0,150,0.0
52,16,False,16,0.0,0,0.028388442934068045,2.46047600012389,0.1230238000061945,16,16,60,heterogeneity_pressure,stochastic,50200,0.0,0.8,1,0.4542150869450887,0,0,2,1,2,5,0,0.0,15.399999999999999,16,50,False,1.6874642575021193,-66.35686039812076,0,150,1.6874642575021193
32,7,False,7,0.0,0,0.3463478011322071,2.278651999658905,0.11393259998294525,7,7,61,heterogeneity_pressure,stochastic,50200,0.3333333333333333,0.8,2,2.4244346079254497,0,1,3,2,2,5,0,0.0,13.149999999999999,7,50,False,1.3516715678792675,-45.256890732116474,0,150,1.3516715678792675
43,13,False,13,0.0,0,0.27989761417104353,2.386438461634008,0.09307110000372631,13,13,62,heterogeneity_pressure,stochastic,50200,0.0,0.8,5,3.6386689842235658,0,0,1,5,0,5,0,0.0,14.649999999999999,13,39,True,0.0,30.04651075514303,0,117,0.0
37,12,False,12,0.0,0,0.174085736699242,2.5749793100564196,0.07467439999163616,12,12,63,heterogeneity_pressure,stochastic,50200,0.3333333333333333,0.8,3,2.089028840390904,0,1,3,3,2,5,0,0.0,14.399999999999999,12,29,False,1.1661334785396904,-34.62565968000162,0,87,1.1661334785396904
47,11,False,11,0.0,0,0.17409195428406485,2.972537500136241,0.11890150000544963,11,11,64,heterogeneity_pressure,stochastic,50200,0.3333333333333333,0.8,3,1.9150114971247132,0,1,3,3,2,5,0,0.0,14.149999999999999,11,40,False,1.5158393130243948,-47.21489399549363,0,120,1.5158393130243948
57,13,False,13,0.0,0,0.09949350311732491,2.566272000258323,0.12831360001291614,13,13,65,heterogeneity_pressure,stochastic,50200,0.0,0.8,2,1.293415540525224,0,0,3,2,1,5,0,0.0,14.649999999999999,13,50,False,0.7064889324188234,-28.768453974799375,0,150,0.7064889324188234
41,11,False,11,0.0,0,0.16036742567336096,2.28691219459373,0.09376339997834293,11,11,66,heterogeneity_pressure,stochastic,50200,0.0,0.8,3,1.7640416824069705,0,0,2,3,2,5,0,0.0,14.149999999999999,11,41,False,1.4473449606805735,-43.53666088075265,0,123,1.4473449606805735
41,9,False,9,0.0,0,0.12859847651432857,2.3264060002111364,0.11632030001055682,9,9,67,heterogeneity_pressure,stochastic,50200,0.0,0.8,1,1.1573862886289572,0,0,2,1,2,5,0,0.0,13.649999999999999,9,50,False,1.118709804020363,-45.142970180101294,0,150,1.118709804020363
45,13,False,13,0.0,0,0.0,2.8842564102095096,0.11248599999817088,13,13,68,heterogeneity_pressure,stochastic,50200,0.6666666666666666,0.8,0,0.0,0,2,3,0,4,5,0,0.0,14.649999999999999,13,39,False,2.9730438046321206,-132.74131413896362,0,117,2.97304380463212
36,12,False,12,0.0,0,0.30949042639270247,2.825688000448281,0.14128440002241405,12,12,69,heterogeneity_pressure,stochastic,50200,0.0,0.8,4,3.71388511671243,0,0,3,4,0,5,0,0.0,14.399999999999999,12,50,False,0.0,5.862067871525512,0,150,0.0
40,16,False,16,0.0,0,0.14142144366995058,2.9300520003016572,0.14650260001508286,16,16,70,heterogeneity_pressure,stochastic,50200,0.5,0.8,2,2.262743098719209,0,2,4,2,2,5,0,0.0,15.399999999999999,16,50,False,1.7824529105228168,-59.06428109995283,0,150,1.7824529105228168
61,10,False,10,0.0,0,0.0487958165155172,2.9194940003799275,0.14597470001899637,10,10,71,heterogeneity_pressure,stochastic,50200,0.0,0.8,1,0.487958165155172,0,0,0,1,2,5,0,0.0,13.899999999999999,10,50,False,1.3106166689615488,-53.37110755860724,0,150,1.3106166689615488
42,10,False,10,0.0,0,0.36385209092797294,2.9570600007718895,0.14785300003859447,10,10,72,heterogeneity_pressure,stochastic,50200,0.25,0.8,4,3.6385209092797295,0,1,4,4,1,5,0,0.0,13.899999999999999,10,50,False,0.8759027929430663,-18.645830065080116,0,150,0.8759027929430663
56,14,False,14,0.0,0,0.04826760810933374,2.786991999746533,0.13934959998732666,14,14,73,heterogeneity_pressure,stochastic,50200,0.0,0.8,1,0.6757465135306724,0,0,1,1,2,5,0,0.0,14.899999999999999,14,50,False,1.8758198451016823,-71.5379497834312,0,150,1.8758198451016823
26,10,False,10,0.0,0,0.17624293015561276,2.5181812502523826,0.08058180000807624,10,10,74,heterogeneity_pressure,stochastic,50200,0.6666666666666666,0.8,2,1.7624293015561276,0,2,3,2,3,5,0,0.0,13.899999999999999,10,32,False,2.6746066425391053,-108.53536501375623,0,96,2.6746066425391053
45,8,False,8,0.0,0,0.28259039782016265,2.596930000872817,0.12984650004364084,8,8,75,heterogeneity_pressure,stochastic,50200,0.0,0.8,3,2.2607231825613012,0,0,0,3,1,5,0,0.0,13.399999999999999,8,50,False,0.3255304745016711,-11.798786460332325,0,150,0.3255304745016711
41,10,False,10,0.0,0,0.22071775865018006,2.632386111751354,0.09476590002304874,10,10,76,heterogeneity_pressure,stochastic,50200,0.0,0.8,3,2.2071775865018006,0,0,1,3,2,5,0,0.0,13.899999999999999,10,36,False,0.8983970477255369,-26.929518241052488,0,108,0.8983970477255369
61,14,False,14,0.0,0,0.027233666185588343,2.683980000729207,0.13419900003646035,14,14,77,heterogeneity_pressure,stochastic,50200,1.0,0.8,1,0.3812713265982368,0,1,1,1,2,5,0,0.0,14.899999999999999,14,50,False,1.1432247389866006,-49.847316805463514,0,150,1.1432247389866006
56,15,False,15,0.0,0,0.17528839558436124,2.8346639999654144,0.14173319999827072,15,15,78,heterogeneity_pressure,stochastic,50200,0.5,0.8,2,2.6293259337654185,0,2,4,2,3,5,0,0.0,15.149999999999999,15,50,False,2.124061467149809,-68.12618304662836,0,150,2.124061467149809
36,6,False,6,0.0,0,0.22146865501463797,2.8472659997351,0.142363299986755,6,6,79,heterogeneity_pressure,stochastic,50200,0.3333333333333333,0.8,3,1.3288119300878278,0,1,3,3,1,5,0,0.0,12.899999999999999,6,50,False,1.075870140255326,-35.06678209422306,0,150,1.075870140255326
57,16,False,16,0.0,0,0.05124026940636627,2.969649999613466,0.11878599998453865,16,16,80,heterogeneity_pressure,stochastic,50200,0.6666666666666666,0.8,1,0.8198443105018604,0,2,3,1,3,5,0,0.0,15.399999999999999,16,40,False,2.509304345424495,-114.74311659622788,0,120,2.5093043454244954
40,10,False,10,0.0,0,0.22741305911767143,2.7847595748484153,0.13088370001787553,10,10,81,heterogeneity_pressure,stochastic,50200,0.0,0.8,3,2.2741305911767142,0,0,2,3,2,5,0,0.0,13.899999999999999,10,47,False,0.9641643802980722,-27.898742458886883,0,141,0.9641643802980722
41,15,False,15,0.0,0,0.07613918209675835,2.8058780000719707,0.14029390000359854,15,15,82,heterogeneity_pressure,stochastic,50200,0.5,0.8,2,1.1420877314513753,0,2,4,2,2,5,0,0.0,15.149999999999999,15,50,False,1.5623415307620072,-55.91057061468465,0,150,1.5623415307620072
68,12,False,12,0.0,0,0.2647775450680164,2.8926539994427003,0.14463269997213501,12,12,83,heterogeneity_pressure,stochastic,50200,0.0,0.8,3,3.1773305408161967,0,0,3,3,0,5,0,0.0,14.399999999999999,12,50,False,0.0,0.8899419117725056,0,150,0.0
52,6,False,6,0.0,0,0.4138917906121001,3.0303450001156307,0.12121380000462523,6,6,84,heterogeneity_pressure,stochastic,50200,0.0,0.8,4,2.4833507436726006,0,0,2,4,1,5,0,0.0,11.649999999999999,6,40,False,0.5739459730997433,-9.482401210117004,0,120,0.5739459730997433
46,14,False,14,0.0,0,0.0575535678791179,2.8230234040281776,0.13268209998932434,14,14,85,heterogeneity_pressure,stochastic,50200,1.0,0.8,2,0.8057499503076506,0,1,1,2,3,5,0,0.0,14.899999999999999,14,47,False,1.9467369736215943,-69.09870431086772,0,141,1.9467369736215943
58,13,False,13,0.0,0,0.16371478284669383,2.9882660001749173,0.14941330000874586,13,13,86,heterogeneity_pressure,stochastic,50200,0.0,0.8,2,2.12829217700702,0,0,3,2,0,5,0,0.0,14.649999999999999,13,50,False,0.0,-4.725050637489315,0,150,0.0
46,16,False,16,0.0,0,0.04453887737095963,2.74290800007293,0.1371454000036465,16,16,87,heterogeneity_pressure,stochastic,50200,0.5,0.8,1,0.7126220379353541,0,1,2,1,3,5,0,0.0,15.399999999999999,16,50,False,1.9211002985606416,-72.91408906123253,0,150,1.9211002985606416
47,13,False,13,0.0,0,0.08141333566234457,2.9632839995610993,0.14816419997805497,13,13,88,heterogeneity_pressure,stochastic,50200,0.0,0.8,2,1.0583733636104795,0,0,1,2,1,5,0,0.0,14.649999999999999,13,50,False,0.5772560891664534,-27.671364150791142,0,150,0.5772560891664534
38,7,False,7,0.0,0,0.3199032300001901,3.127000000386033,0.15635000001930166,7,7,89,heterogeneity_pressure,stochastic,50200,0.5,0.8,3,2.239322610001331,0,1,2,3,1,5,0,0.0,13.149999999999999,7,50,False,0.46552892193003487,-16.1647098276347,0,150,0.46552892193003487
54,13,False,13,0.0,0,0.08636311344708948,2.81126511660215,0.12088440001389245,13,13,90,heterogeneity_pressure,stochastic,50200,1.0,0.8,2,1.1227204748121633,0,2,2,2,3,5,0,0.0,14.649999999999999,13,43,False,2.201116233299608,-76.11251719856612,0,129,2.201116233299608
47,14,False,14,0.0,0,0.09564516079949574,2.747515789547163,0.1044056000027922,14,14,91,heterogeneity_pressure,stochastic,50200,0.6666666666666666,0.8,2,1.3390322511929404,0,2,3,2,3,5,0,0.0,14.899999999999999,14,38,False,2.9074036788173814,-120.38161599861752,0,114,2.9074036788173814
43,12,False,12,0.0,0,0.1333139442279427,2.6330780482811216,0.10795619997952599,12,12,92,heterogeneity_pressure,stochastic,50200,0.0,0.8,2,1.5997673307353126,0,0,1,2,3,5,0,0.0,14.399999999999999,12,41,False,1.2116115261672078,-42.91021977592088,0,123,1.2116115261672078
47,13,False,13,0.0,0,0.2228381673115494,2.4878666665158344,0.10449039999366505,13,13,93,heterogeneity_pressure,stochastic,50200,1.0,0.8,4,2.8968961750501423,0,1,1,4,1,5,0,0.0,14.649999999999999,13,42,False,0.7579256519328227,-20.695641162054905,0,126,0.7579256519328227
44,16,False,16,0.0,0,0.14405161663652247,2.9588088886359603,0.1331463999886182,16,16,94,heterogeneity_pressure,stochastic,50200,0.5,0.8,3,2.3048258661843595,0,1,2,3,2,5,0,0.0,15.399999999999999,16,45,False,1.7121618742727833,-52.19430877652282,0,135,1.7121618742727833
62,14,False,14,0.0,0,0.08739642189981592,2.8252639998390805,0.14126319999195402,14,14,95,heterogeneity_pressure,stochastic,50200,1.0,0.8,2,1.223549906597423,0,1,1,2,2,5,0,0.0,14.899999999999999,14,50,False,1.8081735654430773,-64.08570141930825,0,150,1.8081735654430773
41,11,False,11,0.0,0,0.10426322572274499,2.912347999808844,0.1456173999904422,11,11,96,heterogeneity_pressure,stochastic,50200,0.0,0.8,1,1.146895482950195,0,0,2,1,0,5,0,0.0,14.149999999999999,11,50,False,0.0,-12.332626410127022,0,150,0.0
47,16,False,16,0.0,0,0.13356630644576664,2.0058234044204544,0.09427370000776136,16,16,97,heterogeneity_pressure,stochastic,50200,0.5,0.8,3,2.1370609031322663,0,1,2,3,2,5,0,0.0,15.399999999999999,16,47,False,1.8829019830381375,-59.54328510712115,0,141,1.8829019830381375
27,13,False,13,0.0,0,0.16779333784927525,2.0457499999611173,0.10228749999805586,13,13,98,heterogeneity_pressure,stochastic,50200,0.5,0.8,2,2.181313392040578,0,2,4,2,2,5,0,0.0,14.649999999999999,13,50,False,1.8374540192489892,-62.440235172303105,0,150,1.8374540192489892
25,6,False,6,0.0,0,0.6460227764029329,1.9253074082101833,0.05198330002167495,6,6,99,heterogeneity_pressure,stochastic,50200,0.0,0.8,5,3.8761366584175976,0,0,1,5,0,5,0,0.0,12.899999999999999,6,27,True,0.0,36.9178780166001,0,81,0.0
84,0,True,0,0.0,0,0.0,1.8634758603654737,0.05404079995059874,0,0,0,medium,deterministic,50000,0.5,0.8,0,0.0,0,1,2,0,3,5,0,0.0,0.0,0,29,False,2.857776850742124,-113.63330552226374,1,87,2.857776850742124
141,0,True,0,0.0,0,0.0,1.9593978724244268,0.09209170000394806,0,0,1,medium,deterministic,50000,1.0,0.8,0,0.0,0,3,3,0,5,5,0,0.0,0.0,0,47,False,3.0680767972476413,-121.74230391742924,1,141,3.0680767972476413
150,0,True,0,0.0,0,0.0,1.8774120009038597,0.09387060004519299,0,0,2,medium,deterministic,50000,0.0,0.8,0,0.0,0,0,2,0,2,5,0,0.0,0.0,0,50,False,1.2232936890039343,-41.69881067011806,1,150,1.2232936890039343
138,0,True,0,0.0,0,0.0,1.8906500002534206,0.09075120001216419,0,0,3,medium,deterministic,50000,1.0,0.8,0,0.0,0,3,3,0,4,5,0,0.0,0.0,0,48,False,2.8181491060373043,-114.3444731811191,1,144,2.8181491060373043
109,0,True,0,0.0,0,0.0,2.882205405094774,0.10664159998850664,0,0,4,medium,deterministic,50000,1.0,0.8,0,0.0,0,2,2,0,3,5,0,0.0,0.0,0,37,False,2.868338685064768,-114.750160551943,1,111,2.868338685064768
112,0,True,0,0.0,0,0.0,2.528528204539982,0.09861259997705929,0,0,5,medium,deterministic,50000,1.0,0.8,0,0.0,0,2,2,0,4,5,0,0.0,0.0,0,39,False,2.7443400413210703,-111.23020123963212,1,117,2.7443400413210703
134,0,True,0,0.0,0,0.0,1.8931739995605312,0.09465869997802656,0,0,6,medium,deterministic,50000,0.5,0.8,0,0.0,0,1,2,0,3,5,0,0.0,0.0,0,50,False,1.9381182527155347,-63.143547581466066,1,150,1.9381182527155347
145,0,True,0,0.0,0,0.0,1.7476360003638547,0.08738180001819273,0,0,7,medium,deterministic,50000,1.0,0.8,0,0.0,0,1,1,0,4,5,0,0.0,0.0,0,50,False,1.6636836663045156,-54.91050998913549,1,150,1.6636836663045158
139,0,True,0,0.0,0,0.0,1.7433539994817693,0.08716769997408846,0,0,8,medium,deterministic,50000,0.0,0.8,0,0.0,0,0,1,0,3,5,0,0.0,0.0,0,50,False,1.9333801251695282,-63.00140375508588,1,150,1.9333801251695282
144,0,True,0,0.0,0,0.0,1.7518359998939559,0.0875917999946978,0,0,9,medium,deterministic,50000,0.6666666666666666,0.8,0,0.0,0,2,3,0,3,5,0,0.0,0.0,0,50,False,2.403741170951279,-77.11223512853839,1,150,2.403741170951279
111,0,True,0,0.0,0,0.0,2.0403564105016323,0.07957390000956366,0,0,10,medium,deterministic,50000,1.0,0.8,0,0.0,0,1,1,0,4,5,0,0.0,0.0,0,39,False,2.6544890386163074,-108.53467115848925,1,117,2.6544890386163074
150,0,True,0,0.0,0,0.0,1.8632839997007977,0.09316419998503989,0,0,11,medium,deterministic,50000,0.6666666666666666,0.8,0,0.0,0,2,3,0,3,5,0,0.0,0.0,0,50,False,2.22258314842529,-71.67749445275871,1,150,2.22258314842529
150,0,True,0,0.0,0,0.0,1.721253999567125,0.08606269997835625,0,0,12,medium,deterministic,50000,1.0,0.8,0,0.0,0,1,1,0,3,5,0,0.0,0.0,0,50,False,2.3439296120164697,-75.31788836049407,1,150,2.3439296120164697
139,0,True,0,0.0,0,0.0,2.40536938746322,0.11786309998569777,0,0,13,medium,deterministic,50000,1.0,0.8,0,0.0,0,2,2,0,4,5,0,0.0,0.0,0,49,False,2.6904577450809986,-110.61373235242988,1,147,2.690457745080999
87,0,True,0,0.0,0,0.0,1.7529275859926892,0.050834899993787985,0,0,14,medium,deterministic,50000,0.6666666666666666,0.8,0,0.0,0,2,3,0,4,5,0,0.0,0.0,0,29,False,3.079101477346584,-120.27304432039753,1,87,3.079101477346584
108,0,True,0,0.0,0,0.0,1.9618384622168752,0.07651170002645813,0,0,15,medium,deterministic,50000,0.6666666666666666,0.8,0,0.0,0,2,3,0,3,5,0,0.0,0.0,0,39,False,3.0058990584736978,-119.07697175421094,1,117,3.0058990584736978
103,0,True,0,0.0,0,0.0,1.9684611108661758,0.07086459999118233,0,0,16,medium,deterministic,50000,0.75,0.8,0,0.0,0,3,4,0,4,5,0,0.0,0.0,0,36,False,3.20255870389323,-124.67676111679691,1,108,3.2025587038932297
150,0,True,0,0.0,0,0.0,3.182630000083009,0.15913150000415044,0,0,17,medium,deterministic,50000,0.3333333333333333,0.8,0,0.0,0,1,3,0,3,5,0,0.0,0.0,0,50,False,1.9688166346184541,-64.06449903855365,1,150,1.9688166346184541
148,0,True,0,0.0,0,0.0,1.7895480003789999,0.08947740001894999,0,0,18,medium,deterministic,50000,0.0,0.8,0,0.0,0,0,1,0,3,5,0,0.0,0.0,0,50,False,1.6705643396248995,-55.11693018874701,1,150,1.6705643396248995
146,0,True,0,0.0,0,0.0,1.7975300001853611,0.08987650000926806,0,0,19,medium,deterministic,50000,0.5,0.8,0,0.0,0,1,2,0,2,5,0,0.0,0.0,0,50,False,1.499249877160206,-49.97749631480621,1,150,1.499249877160206
123,0,True,0,0.0,0,0.0,1.891804651254355,0.08134760000393726,0,0,20,medium,deterministic,50000,0.5,0.8,0,0.0,0,1,2,0,4,5,0,0.0,0.0,0,43,False,2.8453452922479956,-114.6603587674399,1,129,2.8453452922479956
135,0,True,0,0.0,0,0.0,1.7981893617345237,0.08451490000152262,0,0,21,medium,deterministic,50000,1.0,0.8,0,0.0,0,3,3,0,4,5,0,0.0,0.0,0,47,False,3.262326969652619,-127.56980908957848,1,141,3.2623269696526185
108,0,True,0,0.0,0,0.0,2.0922944434763244,0.07532259996514767,0,0,22,medium,deterministic,50000,1.0,0.8,0,0.0,0,2,2,0,4,5,0,0.0,0.0,0,36,False,2.633770618396469,-107.6131185518941,1,108,2.633770618396469
141,0,True,0,0.0,0,0.0,2.0667900003900286,0.10333950001950143,0,0,23,medium,deterministic,50000,0.0,0.8,0,0.0,0,0,1,0,3,5,0,0.0,0.0,0,50,False,2.1568526482647865,-69.70557944794355,1,150,2.1568526482647865
146,0,True,0,0.0,0,0.0,2.0417659998929594,0.10208829999464797,0,0,24,medium,deterministic,50000,1.0,0.8,0,0.0,0,1,1,0,3,5,0,0.0,0.0,0,50,False,1.9021807656453884,-62.065422969361684,1,150,1.9021807656453884
150,0,True,0,0.0,0,0.0,1.7562679998809472,0.08781339999404736,0,0,25,medium,deterministic,50000,0.0,0.8,0,0.0,0,0,2,0,3,5,0,0.0,0.0,0,50,False,1.719121543152766,-56.573646294583,1,150,1.719121543152766
135,0,True,0,0.0,0,0.0,2.024439130922395,0.09312420002243016,0,0,26,medium,deterministic,50000,1.0,0.8,0,0.0,0,1,1,0,4,5,0,0.0,0.0,0,46,False,3.223635083545778,-126.30905250637333,1,138,3.223635083545778
142,0,True,0,0.0,0,0.0,1.8537920001836028,0.09268960000918014,0,0,27,medium,deterministic,50000,1.0,0.8,0,0.0,0,1,1,0,2,5,0,0.0,0.0,0,50,False,1.286879634826888,-43.60638904480665,1,150,1.286879634826888
138,0,True,0,0.0,0,0.0,2.0915259997127578,0.10457629998563789,0,0,28,medium,deterministic,50000,1.0,0.8,0,0.0,0,1,1,0,2,5,0,0.0,0.0,0,50,False,1.6381606559128339,-54.14481967738505,1,150,1.6381606559128339
145,0,True,0,0.0,0,0.0,2.0718139996461105,0.10359069998230552,0,0,29,medium,deterministic,50000,0.6666666666666666,0.8,0,0.0,0,2,3,0,3,5,0,0.0,0.0,0,50,False,1.8833133784901022,-61.4994013547031,1,150,1.8833133784901022
134,0,True,0,0.0,0,0.0,2.156437777739484,0.09703969999827677,0,0,30,medium,deterministic,50000,1.0,0.8,0,0.0,0,1,1,0,4,5,0,0.0,0.0,0,45,False,2.928018978156032,-117.34056934468094,1,135,2.928018978156032
139,0,True,0,0.0,0,0.0,1.9309224486018397,0.09461519998149015,0,0,31,medium,deterministic,50000,1.0,0.8,0,0.0,0,2,2,0,5,5,0,0.0,0.0,0,49,False,3.2164932565645326,-126.39479769693594,1,147,3.2164932565645326
131,0,True,0,0.0,0,0.0,1.8545220005034935,0.09272610002517467,0,0,32,medium,deterministic,50000,1.0,0.8,0,0.0,0,1,1,0,3,5,0,0.0,0.0,0,50,False,2.0425363798217893,-66.27609139465368,1,150,2.0425363798217893
150,0,True,0,0.0,0,0.0,1.9418259999656584,0.09709129999828292,0,0,33,medium,deterministic,50000,1.0,0.8,0,0.0,0,2,2,0,3,5,0,0.0,0.0,0,50,False,2.1365271490810476,-69.09581447243147,1,150,2.136527149081048
145,0,True,0,0.0,0,0.0,2.0714839998981915,0.10357419999490958,0,0,34,medium,deterministic,50000,0.6666666666666666,0.8,0,0.0,0,2,3,0,4,5,0,0.0,0.0,0,50,False,2.9323062369887745,-117.96918710966322,1,150,2.932306236988775
114,0,True,0,0.0,0,0.0,2.015392105118065,0.07658489999448648,0,0,35,medium,deterministic,50000,1.0,0.8,0,0.0,0,2,2,0,4,5,0,0.0,0.0,0,38,False,3.2306121988028385,-125.71836596408514,1,114,3.230612198802839
149,0,True,0,0.0,0,0.0,1.8539299999247305,0.09269649999623653,0,0,36,medium,deterministic,50000,0.75,0.8,0,0.0,0,3,4,0,3,5,0,0.0,0.0,0,50,False,1.962047301382547,-63.86141904147646,1,150,1.962047301382547
112,0,True,0,0.0,0,0.0,2.2906175003299722,0.09162470001319889,0,0,37,medium,deterministic,50000,0.6666666666666666,0.8,0,0.0,0,2,3,0,4,5,0,0.0,0.0,0,40,False,3.349757482630789,-129.49272447892366,1,120,3.34975748263079
96,0,True,0,0.0,0,0.0,2.418027273299892,0.07979490001889644,0,0,38,medium,deterministic,50000,0.6,0.8,0,0.0,0,3,5,0,3,5,0,0.0,0.0,0,33,False,2.886528347402742,-114.89585042208228,1,99,2.886528347402742
150,0,True,0,0.0,0,0.0,1.9139139993058052,0.09569569996529026,0,0,39,medium,deterministic,50000,0.5,0.8,0,0.0,0,1,2,0,3,5,0,0.0,0.0,0,50,False,2.260712787378567,-72.82138362135694,1,150,2.260712787378567
144,0,True,0,0.0,0,0.0,1.7224375002721597,0.08267700001306366,0,0,40,medium,deterministic,50000,1.0,0.8,0,0.0,0,1,1,0,4,5,0,0.0,0.0,0,48,False,2.6500760941073613,-109.30228282322082,1,144,2.6500760941073613
150,0,True,0,0.0,0,0.0,1.961455999262398,0.0980727999631199,0,0,41,medium,deterministic,50000,1.0,0.8,0,0.0,0,1,1,0,2,5,0,0.0,0.0,0,50,False,1.3373335007907026,-45.12000502372111,1,150,1.3373335007907026
113,0,True,0,0.0,0,0.0,1.847853658546228,0.07576200000039535,0,0,42,medium,deterministic,50000,0.6666666666666666,0.8,0,0.0,0,2,3,0,4,5,0,0.0,0.0,0,41,False,2.9204540198283695,-116.7136205948511,1,123,2.9204540198283695
147,0,True,0,0.0,0,0.0,1.8269326528938183,0.0895196999917971,0,0,43,medium,deterministic,50000,0.0,0.8,0,0.0,0,0,0,0,4,5,0,0.0,0.0,0,49,False,2.5654686982676522,-106.8640609480296,1,147,2.5654686982676527
95,0,True,0,0.0,0,0.0,2.1738611119669966,0.07825900003081188,0,0,44,medium,deterministic,50000,0.8,0.8,0,0.0,0,4,5,0,4,5,0,0.0,0.0,0,36,False,2.9618213080516687,-117.45463924155007,1,108,2.961821308051669
150,0,True,0,0.0,0,0.0,2.3224679997656494,0.11612339998828247,0,0,45,medium,deterministic,50000,1.0,0.8,0,0.0,0,2,2,0,3,5,0,0.0,0.0,0,50,False,2.0680344878786183,-67.04103463635845,1,150,2.0680344878786183
126,0,True,0,0.0,0,0.0,1.8920249999196543,0.08324909999646479,0,0,46,medium,deterministic,50000,1.0,0.8,0,0.0,0,1,1,0,5,5,0,0.0,0.0,0,44,False,2.771473526522357,-112.5442057956707,1,132,2.7714735265223576
124,0,True,0,0.0,0,0.0,1.9992260873234202,0.09196440001687733,0,0,47,medium,deterministic,50000,0.0,0.8,0,0.0,0,0,2,0,3,5,0,0.0,0.0,0,46,False,2.6348941308652725,-108.6468239259582,1,138,2.6348941308652725
145,0,True,0,0.0,0,0.0,1.971800000028452,0.0985900000014226,0,0,48,medium,deterministic,50000,1.0,0.8,0,0.0,0,1,1,0,3,5,0,0.0,0.0,0,50,False,2.3105220720495008,-74.31566216148508,1,150,2.3105220720495008
150,0,True,0,0.0,0,0.0,1.8873879997408949,0.09436939998704474,0,0,49,medium,deterministic,50000,1.0,0.8,0,0.0,0,1,1,0,4,5,0,0.0,0.0,0,50,False,2.4798784365862088,-79.39635309758626,1,150,2.479878436586209
150,0,True,0,0.0,0,0.0,1.7869439999049064,0.08934719999524532,0,0,50,medium,deterministic,50000,1.0,0.8,0,0.0,0,1,1,0,4,5,0,0.0,0.0,0,50,False,2.4861337317824184,-79.58401195347246,1,150,2.4861337317824184
121,0,True,0,0.0,0,0.0,2.060629267184484,0.08448579995456384,0,0,51,medium,deterministic,50000,0.0,0.8,0,0.0,0,0,0,0,5,5,0,0.0,0.0,0,41,False,2.9680931887618387,-118.14279566285515,1,123,2.9680931887618387
142,0,True,0,0.0,0,0.0,1.9286920003651176,0.09643460001825588,0,0,52,medium,deterministic,50000,0.3333333333333333,0.8,0,0.0,0,1,3,0,3,5,0,0.0,0.0,0,50,False,2.3473473619291685,-75.42042085787497,1,150,2.347347361929168
100,0,True,0,0.0,0,0.0,1.8777441169624902,0.06384329997672467,0,0,53,medium,deterministic,50000,1.0,0.8,0,0.0,0,1,1,0,4,5,0,0.0,0.0,0,34,False,2.6575086250057605,-108.12525875017283,1,102,2.657508625005761
106,0,True,0,0.0,0,0.0,1.8483388881173193,0.06654019997222349,0,0,54,medium,deterministic,50000,1.0,0.8,0,0.0,0,2,2,0,4,5,0,0.0,0.0,0,36,False,2.6678143981910183,-108.63443194573057,1,108,2.6678143981910187
128,0,True,0,0.0,0,0.0,1.9905840913865673,0.08758570002100896,0,0,55,medium,deterministic,50000,1.0,0.8,0,0.0,0,1,1,0,4,5,0,0.0,0.0,0,44,False,2.7734731808968194,-112.6041954269046,1,132,2.773473180896819
123,0,True,0,0.0,0,0.0,2.1635609751328735,0.08870599998044781,0,0,56,medium,deterministic,50000,1.0,0.8,0,0.0,0,1,1,0,4,5,0,0.0,0.0,0,41,False,3.080760828080352,-121.52282484241054,1,123,3.0807608280803516
69,0,True,0,0.0,0,0.0,2.01098799938336,0.050274699984584004,0,0,57,medium,deterministic,50000,0.75,0.8,0,0.0,0,3,4,0,3,5,0,0.0,0.0,0,25,False,3.362481208413035,-128.37443625239106,1,75,3.362481208413035
126,0,True,0,0.0,0,0.0,1.9334539998089895,0.09667269999044947,0,0,58,medium,deterministic,50000,0.0,0.8,0,0.0,0,0,1,0,1,5,0,0.0,0.0,0,50,False,0.5862550133182229,-22.587650399546717,1,150,0.5862550133182229
149,0,True,0,0.0,0,0.0,2.0976799995696638,0.10488399997848319,0,0,59,medium,deterministic,50000,0.5,0.8,0,0.0,0,1,2,0,2,5,0,0.0,0.0,0,50,False,1.1571071804731197,-39.71321541419363,1,150,1.1571071804731197
122,0,True,0,0.0,0,0.0,1.7923422224056493,0.08065540000825422,0,0,60,medium,deterministic,50000,1.0,0.8,0,0.0,0,3,3,0,3,5,0,0.0,0.0,0,45,False,2.84623821960558,-114.88714658816741,1,135,2.8462382196055804
150,0,True,0,0.0,0,0.0,1.7695599999569822,0.08847799999784911,0,0,61,medium,deterministic,50000,0.6666666666666666,0.8,0,0.0,0,2,3,0,3,5,0,0.0,0.0,0,50,False,1.979332923311903,-64.3799876993571,1,150,1.979332923311903
150,0,True,0,0.0,0,0.0,1.7586499999742955,0.08793249999871477,0,0,62,medium,deterministic,50000,0.5,0.8,0,0.0,0,1,2,0,3,5,0,0.0,0.0,0,50,False,2.0401061124235618,-66.20318337270683,1,150,2.0401061124235618
144,0,True,0,0.0,0,0.0,2.0816279997234233,0.10408139998617116,0,0,63,medium,deterministic,50000,1.0,0.8,0,0.0,0,1,1,0,2,5,0,0.0,0.0,0,50,False,1.239594364947755,-42.18783094843268,1,150,1.239594364947755
92,0,True,0,0.0,0,0.0,1.8315454539278466,0.06044099997961894,0,0,64,medium,deterministic,50000,1.0,0.8,0,0.0,0,1,1,0,4,5,0,0.0,0.0,0,33,False,2.7685295908471144,-111.35588772541345,1,99,2.768529590847115
141,0,True,0,0.0,0,0.0,1.793457446105907,0.08429249996697763,0,0,65,medium,deterministic,50000,0.6666666666666666,0.8,0,0.0,0,2,3,0,4,5,0,0.0,0.0,0,47,False,3.343595268355401,-130.00785805066195,1,141,3.343595268355401
132,0,True,0,0.0,0,0.0,1.8627340001694392,0.09313670000847196,0,0,66,medium,deterministic,50000,1.0,0.8,0,0.0,0,1,1,0,3,5,0,0.0,0.0,0,50,False,1.6886063178609314,-55.65818953582798,1,150,1.6886063178609314
122,0,True,0,0.0,0,0.0,1.9255622225399647,0.08665030001429841,0,0,67,medium,deterministic,50000,0.5,0.8,0,0.0,0,1,2,0,4,5,0,0.0,0.0,0,45,False,2.569860478405859,-106.59581435217581,1,135,2.569860478405859
129,0,True,0,0.0,0,0.0,2.0132086955646114,0.09260759999597212,0,0,68,medium,deterministic,50000,1.0,0.8,0,0.0,0,1,1,0,4,5,0,0.0,0.0,0,46,False,2.757624355180352,-112.32873065541054,1,138,2.757624355180352
150,0,True,0,0.0,0,0.0,1.9303160003619269,0.09651580001809634,0,0,69,medium,deterministic,50000,1.0,0.8,0,0.0,0,1,1,0,3,5,0,0.0,0.0,0,50,False,2.0099504582086243,-65.29851374625868,1,150,2.0099504582086243
95,0,True,0,0.0,0,0.0,2.1863030307224216,0.07214800001383992,0,0,70,medium,deterministic,50000,1.0,0.8,0,0.0,0,2,2,0,4,5,0,0.0,0.0,0,33,False,2.8672304217024545,-114.31691265107365,1,99,2.8672304217024545
104,0,True,0,0.0,0,0.0,1.769491666790499,0.06370170000445796,0,0,71,medium,deterministic,50000,1.0,0.8,0,0.0,0,1,1,0,4,5,0,0.0,0.0,0,36,False,2.6990765219493325,-109.57229565847999,1,108,2.6990765219493325
107,0,True,0,0.0,0,0.0,1.8219333337933326,0.07105540001793997,0,0,72,medium,deterministic,50000,1.0,0.8,0,0.0,0,2,2,0,4,5,0,0.0,0.0,0,39,False,2.908734190028578,-116.16202570085738,1,117,2.9087341900285786
139,0,True,0,0.0,0,0.0,1.773636170137832,0.08336089999647811,0,0,73,medium,deterministic,50000,0.0,0.8,0,0.0,0,0,1,0,3,5,0,0.0,0.0,0,47,False,2.510387939041314,-105.01163817123945,1,141,2.510387939041314
102,0,True,0,0.0,0,0.0,2.1331216217682547,0.07892550000542542,0,0,74,medium,deterministic,50000,1.0,0.8,0,0.0,0,2,2,0,3,5,0,0.0,0.0,0,37,False,2.8614321754525536,-114.5429652635766,1,111,2.8614321754525536
120,0,True,0,0.0,0,0.0,1.8472450001354446,0.07388980000541778,0,0,75,medium,deterministic,50000,0.8,0.8,0,0.0,0,4,5,0,4,5,0,0.0,0.0,0,40,False,3.544419593047531,-135.33258779142596,1,120,3.5444195930475315
150,0,True,0,0.0,0,0.0,1.7935899998701643,0.08967949999350822,0,0,76,medium,deterministic,50000,0.5,0.8,0,0.0,0,1,2,0,3,5,0,0.0,0.0,0,50,False,2.1782471496969826,-70.34741449090944,1,150,2.1782471496969826
150,0,True,0,0.0,0,0.0,2.0456000001286156,0.10228000000643078,0,0,77,medium,deterministic,50000,0.5,0.8,0,0.0,0,1,2,0,2,5,0,0.0,0.0,0,50,False,1.2950759877038203,-43.85227963111465,1,150,1.2950759877038203
94,0,True,0,0.0,0,0.0,1.9891718757207855,0.06365350002306513,0,0,78,medium,deterministic,50000,0.6666666666666666,0.8,0,0.0,0,2,3,0,4,5,0,0.0,0.0,0,32,False,2.5914393536032327,-105.943180608097,1,96,2.591439353603233
147,0,True,0,0.0,0,0.0,1.8589653067910872,0.09108930003276328,0,0,79,medium,deterministic,50000,0.5,0.8,0,0.0,0,1,2,0,4,5,0,0.0,0.0,0,49,False,2.9405686648078078,-118.11705994423426,1,147,2.9405686648078078
92,0,True,0,0.0,0,0.0,1.9434147062009501,0.0660761000108323,0,0,80,medium,deterministic,50000,1.0,0.8,0,0.0,0,2,2,0,4,5,0,0.0,0.0,0,34,False,2.626827098503822,-107.20481295511469,1,102,2.626827098503822
77,0,True,0,0.0,0,0.0,2.0386655170145316,0.05912129999342142,0,0,81,medium,deterministic,50000,1.0,0.8,0,0.0,0,2,2,0,4,5,0,0.0,0.0,0,29,False,2.8258362769657333,-112.675088308972,1,87,2.8258362769657333
138,0,True,0,0.0,0,0.0,1.8182239998714067,0.09091119999357034,0,0,82,medium,deterministic,50000,0.0,0.8,0,0.0,0,0,2,0,1,5,0,0.0,0.0,0,50,False,0.6316016237284059,-23.948048711852206,1,150,0.6316016237284059
150,0,True,0,0.0,0,0.0,1.881500000745291,0.09407500003726454,0,0,83,medium,deterministic,50000,0.0,0.8,0,0.0,0,0,2,0,2,5,0,0.0,0.0,0,50,False,1.4613115594479775,-48.839346783439346,1,150,1.4613115594479775
112,0,True,0,0.0,0,0.0,1.864624389648869,0.07644959997560363,0,0,84,medium,deterministic,50000,1.0,0.8,0,0.0,0,1,1,0,4,5,0,0.0,0.0,0,41,False,2.6205613100571212,-107.71683930171366,1,123,2.6205613100571212
150,0,True,0,0.0,0,0.0,1.960700000054203,0.09803500000271015,0,0,85,medium,deterministic,50000,0.6666666666666666,0.8,0,0.0,0,2,3,0,3,5,0,0.0,0.0,0,50,False,2.356373724655863,-75.6912117396759,1,150,2.356373724655863
143,0,True,0,0.0,0,0.0,2.1127460002026055,0.10563730001013028,0,0,86,medium,deterministic,50000,0.5,0.8,0,0.0,0,1,2,0,4,5,0,0.0,0.0,0,50,False,1.9064065947235276,-62.19219784170587,1,150,1.9064065947235276
150,0,True,0,0.0,0,0.0,2.126614000153495,0.10633070000767475,0,0,87,medium,deterministic,50000,0.5,0.8,0,0.0,0,2,4,0,3,5,0,0.0,0.0,0,50,False,2.163655500447731,-69.9096650134319,1,150,2.163655500447731
142,0,True,0,0.0,0,0.0,1.897473469268464,0.09297619999415474,0,0,88,medium,deterministic,50000,1.0,0.8,0,0.0,0,1,1,0,4,5,0,0.0,0.0,0,49,False,3.2041797146020765,-126.02539143806224,1,147,3.2041797146020765
111,0,True,0,0.0,0,0.0,1.909118919118899,0.07063740000739926,0,0,89,medium,deterministic,50000,1.0,0.8,0,0.0,0,1,1,0,3,5,0,0.0,0.0,0,37,False,2.6068021265879886,-106.90406379763968,1,111,2.6068021265879886
150,0,True,0,0.0,0,0.0,2.0963880002091173,0.10481940001045587,0,0,90,medium,deterministic,50000,0.3333333333333333,0.8,0,0.0,0,1,3,0,3,5,0,0.0,0.0,0,50,False,2.41772388019922,-77.53171640597654,1,150,2.41772388019922
150,0,True,0,0.0,0,0.0,1.9446359998255502,0.09723179999127751,0,0,91,medium,deterministic,50000,0.4,0.8,0,0.0,0,2,5,0,2,5,0,0.0,0.0,0,50,False,1.7578902378401566,-57.73670713520474,1,150,1.7578902378401566
93,0,True,0,0.0,0,0.0,1.9666828566447034,0.06883389998256462,0,0,92,medium,deterministic,50000,0.6666666666666666,0.8,0,0.0,0,2,3,0,3,5,0,0.0,0.0,0,35,False,3.029127857387321,-119.37383572161964,1,105,3.029127857387321
146,0,True,0,0.0,0,0.0,1.9644759997026995,0.09822379998513497,0,0,93,medium,deterministic,50000,1.0,0.8,0,0.0,0,2,2,0,4,5,0,0.0,0.0,0,50,False,2.1697963322124894,-70.09388996637472,1,150,2.1697963322124894
100,0,True,0,0.0,0,0.0,1.9330324322328198,0.07152219999261433,0,0,94,medium,deterministic,50000,1.0,0.8,0,0.0,0,2,2,0,4,5,0,0.0,0.0,0,37,False,2.558010145456952,-105.44030436370856,1,111,2.558010145456952
87,0,True,0,0.0,0,0.0,1.9232062511491677,0.061542600036773365,0,0,95,medium,deterministic,50000,1.0,0.8,0,0.0,0,1,1,0,4,5,0,0.0,0.0,0,32,False,2.680880045914275,-108.62640137742827,1,96,2.680880045914275
96,0,True,0,0.0,0,0.0,1.9332062513512938,0.0618626000432414,0,0,96,medium,deterministic,50000,0.6666666666666666,0.8,0,0.0,0,2,3,0,4,5,0,0.0,0.0,0,32,False,2.57019868288147,-105.30596048644412,1,96,2.57019868288147
145,0,True,0,0.0,0,0.0,2.268435999721987,0.11342179998609936,0,0,97,medium,deterministic,50000,0.5,0.8,0,0.0,0,1,2,0,2,5,0,0.0,0.0,0,50,False,1.6110414687281258,-53.3312440618438,1,150,1.6110414687281258
138,0,True,0,0.0,0,0.0,2.1340360000613146,0.10670180000306573,0,0,98,medium,deterministic,50000,1.0,0.8,0,0.0,0,1,1,0,3,5,0,0.0,0.0,0,50,False,2.4436679873583875,-78.31003962075162,1,150,2.4436679873583875
150,0,True,0,0.0,0,0.0,1.8216360005317256,0.09108180002658628,0,0,99,medium,deterministic,50000,0.5,0.8,0,0.0,0,2,4,0,3,5,0,0.0,0.0,0,50,False,1.9697601630713055,-64.0928048921392,1,150,1.9697601630713055
95,0,True,0,0.0,0,0.0,1.877357576052997,0.0619528000097489,0,0,0,time_pressure,deterministic,50100,0.6666666666666666,0.8,0,0.0,0,2,3,0,4,5,0,0.0,0.0,0,33,False,2.9496359574441025,-116.7890787233231,1,99,2.9496359574441025
92,0,True,0,0.0,0,0.0,1.7702580638973402,0.05487799998081755,0,0,1,time_pressure,deterministic,50100,0.6666666666666666,0.8,0,0.0,0,2,3,0,3,5,0,0.0,0.0,0,31,False,3.1031773207053903,-121.19531962116164,1,93,3.1031773207053903
117,0,True,0,0.0,0,0.0,1.956682499985618,0.07826729999942472,0,0,2,time_pressure,deterministic,50100,1.0,0.8,0,0.0,0,1,1,0,5,5,0,0.0,0.0,0,40,False,3.123848883740518,-122.71546651221549,1,120,3.1238488837405174
84,0,True,0,0.0,0,0.0,2.1197562493853184,0.06783219998033019,0,0,3,time_pressure,deterministic,50100,1.0,0.8,0,0.0,0,1,1,0,4,5,0,0.0,0.0,0,32,False,2.6618258865156723,-108.05477659547017,1,96,2.6618258865156723
96,0,True,0,0.0,0,0.0,1.9937031247536652,0.06379849999211729,0,0,4,time_pressure,deterministic,50100,1.0,0.8,0,0.0,0,1,1,0,5,5,0,0.0,0.0,0,32,False,2.7640800925122253,-111.12240277536678,1,96,2.7640800925122258
105,0,True,0,0.0,0,0.0,1.857637143361249,0.06501730001764372,0,0,5,time_pressure,deterministic,50100,1.0,0.8,0,0.0,0,2,2,0,5,5,0,0.0,0.0,0,35,False,3.2719362786225696,-126.65808835867708,1,105,3.27193627862257
80,0,True,0,0.0,0,0.0,1.9885689661946502,0.05766850001964485,0,0,6,time_pressure,deterministic,50100,0.75,0.8,0,0.0,0,3,4,0,3,5,0,0.0,0.0,0,29,False,2.704635959716313,-109.0390787914894,1,87,2.704635959716313
80,0,True,0,0.0,0,0.0,1.9747551725294183,0.057267900003353134,0,0,7,time_pressure,deterministic,50100,0.0,0.8,0,0.0,0,0,0,0,4,5,0,0.0,0.0,0,29,False,2.570120133758558,-105.00360401275674,1,87,2.570120133758558
103,0,True,0,0.0,0,0.0,1.9204666665852226,0.06913679999706801,0,0,8,time_pressure,deterministic,50100,1.0,0.8,0,0.0,0,2,2,0,5,5,0,0.0,0.0,0,36,False,3.6457505790778084,-137.97251737233427,1,108,3.645750579077808
114,0,True,0,0.0,0,0.0,2.021999999514508,0.08290199998009484,0,0,9,time_pressure,deterministic,50100,1.0,0.8,0,0.0,0,2,2,0,5,5,0,0.0,0.0,0,41,False,2.7573151990832905,-111.81945597249864,1,123,2.7573151990832905
64,0,True,0,0.0,0,0.0,1.9699041674054267,0.04727770001773024,0,0,10,time_pressure,deterministic,50100,0.6666666666666666,0.8,0,0.0,0,2,3,0,3,5,0,0.0,0.0,0,24,False,2.526111116694109,-103.18333350082328,1,72,2.526111116694109
102,0,True,0,0.0,0,0.0,2.0690499999652863,0.07034769999881973,0,0,11,time_pressure,deterministic,50100,1.0,0.8,0,0.0,0,2,2,0,5,5,0,0.0,0.0,0,34,False,3.3012917941320836,-127.43875382396249,1,102,3.3012917941320836
108,0,True,0,0.0,0,0.0,2.554265789321538,0.09706209999421844,0,0,12,time_pressure,deterministic,50100,1.0,0.8,0,0.0,0,1,1,0,4,5,0,0.0,0.0,0,38,False,2.8962106481511687,-115.68631944453509,1,114,2.896210648151169
105,0,True,0,0.0,0,0.0,1.8815342107125999,0.0714983000070788,0,0,13,time_pressure,deterministic,50100,1.0,0.8,0,0.0,0,2,2,0,5,5,0,0.0,0.0,0,38,False,2.6811368119625123,-109.23410435887536,1,114,2.6811368119625123
77,0,True,0,0.0,0,0.0,1.9050068969653662,0.05524520001199562,0,0,14,time_pressure,deterministic,50100,1.0,0.8,0,0.0,0,2,2,0,3,5,0,0.0,0.0,0,29,False,2.743210005662184,-110.19630016986554,1,87,2.743210005662184
98,0,True,0,0.0,0,0.0,2.07343636451917,0.06842340002913261,0,0,15,time_pressure,deterministic,50100,1.0,0.8,0,0.0,0,3,3,0,5,5,0,0.0,0.0,0,33,False,3.465692594595382,-132.27077783786143,1,99,3.4656925945953816
105,0,True,0,0.0,0,0.0,1.7640368421684558,0.06703340000240132,0,0,16,time_pressure,deterministic,50100,1.0,0.8,0,0.0,0,2,2,0,4,5,0,0.0,0.0,0,38,False,3.0886078138920015,-121.45823441676006,1,114,3.0886078138920023
80,0,True,0,0.0,0,0.0,1.927841379726707,0.055907400012074504,0,0,17,time_pressure,deterministic,50100,0.6666666666666666,0.8,0,0.0,0,2,3,0,4,5,0,0.0,0.0,0,29,False,3.1375462753436034,-122.02638826030811,1,87,3.1375462753436034
76,0,True,0,0.0,0,0.0,2.2507866667486573,0.06752360000245972,0,0,18,time_pressure,deterministic,50100,1.0,0.8,0,0.0,0,3,3,0,5,5,0,0.0,0.0,0,30,False,2.876000629226175,-114.28001887678525,1,90,2.876000629226175
120,0,True,0,0.0,0,0.0,1.7066275006072829,0.06826510002429131,0,0,19,time_pressure,deterministic,50100,1.0,0.8,0,0.0,0,3,3,0,5,5,0,0.0,0.0,0,40,False,2.930144249605092,-116.90432748815276,1,120,2.930144249605092
92,0,True,0,0.0,0,0.0,1.8803193550763442,0.05828990000736667,0,0,20,time_pressure,deterministic,50100,1.0,0.8,0,0.0,0,2,2,0,4,5,0,0.0,0.0,0,31,False,3.34839526356791,-128.55185790703734,1,93,3.34839526356791
74,0,True,0,0.0,0,0.0,1.6573629618505947,0.04474879996996606,0,0,21,time_pressure,deterministic,50100,0.75,0.8,0,0.0,0,3,4,0,3,5,0,0.0,0.0,0,27,False,3.4194461836490144,-130.2833855094704,1,81,3.4194461836490144
74,0,True,0,0.0,0,0.0,1.8210919998819008,0.04552729999704752,0,0,22,time_pressure,deterministic,50100,0.6666666666666666,0.8,0,0.0,0,2,3,0,3,5,0,0.0,0.0,0,25,False,2.684354712508854,-108.03064137526563,1,75,2.684354712508854
86,0,True,0,0.0,0,0.0,1.7858448278777108,0.051789500008453615,0,0,23,time_pressure,deterministic,50100,1.0,0.8,0,0.0,0,2,2,0,4,5,0,0.0,0.0,0,29,False,2.915376898492722,-115.36130695478168,1,87,2.915376898492722
98,0,True,0,0.0,0,0.0,1.8077212119930086,0.05965479999576928,0,0,24,time_pressure,deterministic,50100,1.0,0.8,0,0.0,0,3,3,0,4,5,0,0.0,0.0,0,33,False,3.11769103621816,-121.83073108654477,1,99,3.11769103621816
84,0,True,0,0.0,0,0.0,1.690255172434263,0.049017400000593625,0,0,25,time_pressure,deterministic,50100,0.6666666666666666,0.8,0,0.0,0,2,3,0,3,5,0,0.0,0.0,0,29,False,2.7710482030255434,-111.03144609076631,1,87,2.7710482030255434
108,0,True,0,0.0,0,0.0,1.9921361114635754,0.07171690001268871,0,0,26,time_pressure,deterministic,50100,1.0,0.8,0,0.0,0,2,2,0,5,5,0,0.0,0.0,0,36,False,3.2486203709363517,-126.05861112809053,1,108,3.248620370936352
90,0,True,0,0.0,0,0.0,2.320006666802025,0.06960020000406075,0,0,27,time_pressure,deterministic,50100,1.0,0.8,0,0.0,0,3,3,0,4,5,0,0.0,0.0,0,30,False,3.5127821364908995,-133.383464094727,1,90,3.5127821364908995
101,0,True,0,0.0,0,0.0,2.0293411770955356,0.06899760002124822,0,0,28,time_pressure,deterministic,50100,1.0,0.8,0,0.0,0,1,1,0,5,5,0,0.0,0.0,0,34,False,2.8289612988892503,-113.2688389666775,1,102,2.8289612988892503
97,0,True,0,0.0,0,0.0,1.9523121214164845,0.06442630000674399,0,0,29,time_pressure,deterministic,50100,1.0,0.8,0,0.0,0,2,2,0,4,5,0,0.0,0.0,0,33,False,3.1463870585697222,-122.69161175709166,1,99,3.1463870585697222
87,0,True,0,0.0,0,0.0,2.4306517245412547,0.07048890001169639,0,0,30,time_pressure,deterministic,50100,1.0,0.8,0,0.0,0,2,2,0,5,5,0,0.0,0.0,0,29,False,3.5269957549991764,-133.70987264997532,1,87,3.526995754999177
81,0,True,0,0.0,0,0.0,1.8598965528734221,0.05393700003332924,0,0,31,time_pressure,deterministic,50100,0.75,0.8,0,0.0,0,3,4,0,4,5,0,0.0,0.0,0,29,False,3.2381331158963835,-125.0439934768915,1,87,3.2381331158963835
78,0,True,0,0.0,0,0.0,1.8405185191012505,0.049694000015733764,0,0,32,time_pressure,deterministic,50100,1.0,0.8,0,0.0,0,3,3,0,4,5,0,0.0,0.0,0,27,False,2.7997406147707826,-111.69221844312347,1,81,2.7997406147707826
108,0,True,0,0.0,0,0.0,1.95144722298816,0.07025210002757376,0,0,33,time_pressure,deterministic,50100,1.0,0.8,0,0.0,0,3,3,0,5,5,0,0.0,0.0,0,36,False,3.135909363035882,-122.67728089107644,1,108,3.135909363035882
90,0,True,0,0.0,0,0.0,2.0854545454671043,0.06882000000041444,0,0,34,time_pressure,deterministic,50100,1.0,0.8,0,0.0,0,2,2,0,5,5,0,0.0,0.0,0,33,False,3.211023877445403,-124.6307163233621,1,99,3.211023877445403
109,0,True,0,0.0,0,0.0,1.9185947366120097,0.07290659999125637,0,0,35,time_pressure,deterministic,50100,1.0,0.8,0,0.0,0,3,3,0,4,5,0,0.0,0.0,0,38,False,2.885093395110155,-115.35280185330465,1,114,2.8850933951101556
96,0,True,0,0.0,0,0.0,2.1268187508667324,0.06805820002773544,0,0,36,time_pressure,deterministic,50100,0.0,0.8,0,0.0,0,0,0,0,4,5,0,0.0,0.0,0,32,False,2.9911543109117105,-117.9346293273513,1,96,2.99115431091171
83,0,True,0,0.0,0,0.0,1.6883178564707382,0.04727289998118067,0,0,37,time_pressure,deterministic,50100,1.0,0.8,0,0.0,0,3,3,0,4,5,0,0.0,0.0,0,28,False,3.2736404013061624,-126.00921203918486,1,84,3.2736404013061624
76,0,True,0,0.0,0,0.0,1.5807384619480358,0.04109920001064893,0,0,38,time_pressure,deterministic,50100,0.5,0.8,0,0.0,0,1,2,0,4,5,0,0.0,0.0,0,26,False,2.751171003321704,-110.13513009965115,1,78,2.751171003321704
82,0,True,0,0.0,0,0.0,2.1070999991934514,0.05899879997741664,0,0,39,time_pressure,deterministic,50100,1.0,0.8,0,0.0,0,2,2,0,4,5,0,0.0,0.0,0,28,False,2.8651122538585136,-113.75336761575542,1,84,2.8651122538585136
78,0,True,0,0.0,0,0.0,2.292159259485305,0.061888300006103236,0,0,40,time_pressure,deterministic,50100,1.0,0.8,0,0.0,0,3,3,0,4,5,0,0.0,0.0,0,27,False,2.985161665243563,-117.25484995730687,1,81,2.985161665243563
138,0,True,0,0.0,0,0.0,2.14377659613866,0.10075750001851702,0,0,41,time_pressure,deterministic,50100,0.0,0.8,0,0.0,0,0,0,0,5,5,0,0.0,0.0,0,47,False,3.012106551938907,-120.06319655816725,1,141,3.012106551938907
99,0,True,0,0.0,0,0.0,1.8188676476711407,0.061841500020818785,0,0,42,time_pressure,deterministic,50100,0.0,0.8,0,0.0,0,0,0,0,5,5,0,0.0,0.0,0,34,False,3.2489841819276624,-125.86952545782982,1,102,3.2489841819276624
92,0,True,0,0.0,0,0.0,1.8397323532125858,0.06255090000922792,0,0,43,time_pressure,deterministic,50100,1.0,0.8,0,0.0,0,3,3,0,4,5,0,0.0,0.0,0,34,False,3.0926253142107942,-121.17875942632384,1,102,3.0926253142107942
99,0,True,0,0.0,0,0.0,1.8286393930214795,0.060345099969708826,0,0,44,time_pressure,deterministic,50100,0.0,0.8,0,0.0,0,0,0,0,5,5,0,0.0,0.0,0,33,False,3.2630615590983156,-126.19184677294945,1,99,3.2630615590983156
76,0,True,0,0.0,0,0.0,1.7842999996328555,0.048176099990087096,0,0,45,time_pressure,deterministic,50100,1.0,0.8,0,0.0,0,2,2,0,4,5,0,0.0,0.0,0,27,False,2.809489411512981,-111.98468234538944,1,81,2.8094894115129807
105,0,True,0,0.0,0,0.0,2.286865714579887,0.08004030001029605,0,0,46,time_pressure,deterministic,50100,1.0,0.8,0,0.0,0,1,1,0,5,5,0,0.0,0.0,0,35,False,3.075666774676991,-120.7700032403097,1,105,3.075666774676991
81,0,True,0,0.0,0,0.0,1.9224555556623575,0.051906300002883654,0,0,47,time_pressure,deterministic,50100,1.0,0.8,0,0.0,0,2,2,0,5,5,0,0.0,0.0,0,27,False,2.8706123353428024,-113.81837006028408,1,81,2.8706123353428024
93,0,True,0,0.0,0,0.0,2.0040515159824723,0.06613370002742158,0,0,48,time_pressure,deterministic,50100,0.75,0.8,0,0.0,0,3,4,0,4,5,0,0.0,0.0,0,33,False,3.7567485164136776,-141.00245549241032,1,99,3.756748516413678
70,0,True,0,0.0,0,0.0,1.8267240005661733,0.045668100014154334,0,0,49,time_pressure,deterministic,50100,0.6666666666666666,0.8,0,0.0,0,2,3,0,3,5,0,0.0,0.0,0,25,False,2.567149742406628,-104.51449227219885,1,75,2.567149742406628
100,0,True,0,0.0,0,0.0,1.7923666675617116,0.06452520003222162,0,0,50,time_pressure,deterministic,50100,0.5,0.8,0,0.0,0,1,2,0,4,5,0,0.0,0.0,0,36,False,2.550180920820402,-105.10542762461208,1,108,2.550180920820402
96,0,True,0,0.0,0,0.0,1.7176151520812488,0.05668130001868121,0,0,51,time_pressure,deterministic,50100,1.0,0.8,0,0.0,0,1,1,0,4,5,0,0.0,0.0,0,33,False,2.5835165241175266,-105.80549572352582,1,99,2.5835165241175266
93,0,True,0,0.0,0,0.0,2.2884129038204497,0.07094080001843395,0,0,52,time_pressure,deterministic,50100,1.0,0.8,0,0.0,0,2,2,0,3,5,0,0.0,0.0,0,31,False,2.7265963687884707,-109.89789106365413,1,93,2.7265963687884707
90,0,True,0,0.0,0,0.0,1.7365031255849317,0.055568100018717814,0,0,53,time_pressure,deterministic,50100,1.0,0.8,0,0.0,0,1,1,0,4,5,0,0.0,0.0,0,32,False,2.8055962196465494,-112.36788658939649,1,96,2.805596219646549
76,0,True,0,0.0,0,0.0,1.8814310347681447,0.0545615000082762,0,0,54,time_pressure,deterministic,50100,1.0,0.8,0,0.0,0,3,3,0,3,5,0,0.0,0.0,0,29,False,3.101549144119088,-120.94647432357266,1,87,3.101549144119088
80,0,True,0,0.0,0,0.0,1.7276677416145592,0.05355769999005133,0,0,55,time_pressure,deterministic,50100,1.0,0.8,0,0.0,0,1,1,0,4,5,0,0.0,0.0,0,31,False,2.673874129675148,-108.31622389025445,1,93,2.6738741296751485
90,0,True,0,0.0,0,0.0,2.264370000678658,0.06793110002035974,0,0,56,time_pressure,deterministic,50100,1.0,0.8,0,0.0,0,2,2,0,5,5,0,0.0,0.0,0,30,False,2.977716879531979,-117.33150638595939,1,90,2.9777168795319793
84,0,True,0,0.0,0,0.0,1.973103571539728,0.05524690000311239,0,0,57,time_pressure,deterministic,50100,1.0,0.8,0,0.0,0,2,2,0,5,5,0,0.0,0.0,0,28,False,3.441775569371136,-131.0532670811341,1,84,3.4417755693711363
95,0,True,0,0.0,0,0.0,1.8206606054622116,0.06008179998025298,0,0,58,time_pressure,deterministic,50100,0.5,0.8,0,0.0,0,1,2,0,4,5,0,0.0,0.0,0,33,False,2.7056755088975697,-109.4702652669271,1,99,2.7056755088975697
96,0,True,0,0.0,0,0.0,1.9639125007415714,0.06284520002373029,0,0,59,time_pressure,deterministic,50100,0.6666666666666666,0.8,0,0.0,0,2,3,0,3,5,0,0.0,0.0,0,32,False,2.7556894550056645,-110.87068365016995,1,96,2.7556894550056645
93,0,True,0,0.0,0,0.0,1.8538903234237354,0.0574706000261358,0,0,60,time_pressure,deterministic,50100,1.0,0.8,0,0.0,0,1,1,0,3,5,0,0.0,0.0,0,31,False,2.6352720623200243,-107.15816186960075,1,93,2.6352720623200243
75,0,True,0,0.0,0,0.0,2.1544692309152405,0.05601620000379626,0,0,61,time_pressure,deterministic,50100,1.0,0.8,0,0.0,0,3,3,0,4,5,0,0.0,0.0,0,26,False,2.5512497115644903,-104.1374913469347,1,78,2.5512497115644903
84,0,True,0,0.0,0,0.0,1.6870586204559317,0.04892469999322202,0,0,62,time_pressure,deterministic,50100,1.0,0.8,0,0.0,0,2,2,0,3,5,0,0.0,0.0,0,29,False,2.7221983652304442,-109.56595095691333,1,87,2.7221983652304442
102,0,True,0,0.0,0,0.0,2.1439500004121594,0.07289430001401342,0,0,63,time_pressure,deterministic,50100,1.0,0.8,0,0.0,0,1,1,0,5,5,0,0.0,0.0,0,34,False,3.1560746989969974,-123.08224096990989,1,102,3.1560746989969974
84,0,True,0,0.0,0,0.0,2.266949999986017,0.06347459999960847,0,0,64,time_pressure,deterministic,50100,1.0,0.8,0,0.0,0,2,2,0,4,5,0,0.0,0.0,0,28,False,3.440032999872666,-131.00098999617998,1,84,3.440032999872666
117,0,True,0,0.0,0,0.0,2.1210230770520866,0.08271990000503138,0,0,65,time_pressure,deterministic,50100,0.0,0.8,0,0.0,0,0,0,0,5,5,0,0.0,0.0,0,39,False,2.858113602775483,-114.64340808326452,1,117,2.858113602775483
77,0,True,0,0.0,0,0.0,1.986303703301086,0.053630199989129324,0,0,66,time_pressure,deterministic,50100,1.0,0.8,0,0.0,0,2,2,0,4,5,0,0.0,0.0,0,27,False,2.947001135667735,-116.11003407003207,1,81,2.9470011356677355
90,0,True,0,0.0,0,0.0,1.8710166674281936,0.05613050002284581,0,0,67,time_pressure,deterministic,50100,1.0,0.8,0,0.0,0,2,2,0,4,5,0,0.0,0.0,0,30,False,3.54611659321438,-134.3834977964314,1,90,3.5461165932143794
96,0,True,0,0.0,0,0.0,2.1746705882405344,0.07393880000017816,0,0,68,time_pressure,deterministic,50100,1.0,0.8,0,0.0,0,1,1,0,4,5,0,0.0,0.0,0,34,False,2.567344485330467,-105.42033455991404,1,102,2.567344485330467
75,0,True,0,0.0,0,0.0,1.630226666748058,0.04890680000244174,0,0,69,time_pressure,deterministic,50100,1.0,0.8,0,0.0,0,3,3,0,3,5,0,0.0,0.0,0,30,False,2.7639183289906595,-110.91754986971979,1,90,2.7639183289906595
83,0,True,0,0.0,0,0.0,1.8872200002078898,0.056616600006236695,0,0,70,time_pressure,deterministic,50100,0.0,0.8,0,0.0,0,0,1,0,4,5,0,0.0,0.0,0,30,False,2.5524085104759378,-104.57225531427815,1,90,2.5524085104759378
123,0,True,0,0.0,0,0.0,1.6146809525491248,0.06781660000706324,0,0,71,time_pressure,deterministic,50100,1.0,0.8,0,0.0,0,1,1,0,5,5,0,0.0,0.0,0,42,False,2.3943192230682495,-76.0295766920475,1,126,2.394319223068249
104,0,True,0,0.0,0,0.0,1.935937837736895,0.07162969999626512,0,0,72,time_pressure,deterministic,50100,1.0,0.8,0,0.0,0,2,2,0,5,5,0,0.0,0.0,0,37,False,3.23721670063934,-125.81650101918017,1,111,3.23721670063934
113,0,True,0,0.0,0,0.0,1.9361725004273467,0.07744690001709387,0,0,73,time_pressure,deterministic,50100,1.0,0.8,0,0.0,0,3,3,0,5,5,0,0.0,0.0,0,40,False,3.9997874305782135,-148.99362291734633,1,120,3.9997874305782135
117,0,True,0,0.0,0,0.0,2.051661538224345,0.08001479999074945,0,0,74,time_pressure,deterministic,50100,1.0,0.8,0,0.0,0,1,1,0,5,5,0,0.0,0.0,0,39,False,2.481265073884278,-78.33795221652834,1,117,2.481265073884278
105,0,True,0,0.0,0,0.0,1.7749885708326474,0.06212459997914266,0,0,75,time_pressure,deterministic,50100,1.0,0.8,0,0.0,0,2,2,0,4,5,0,0.0,0.0,0,35,False,2.8469978520745665,-113.90993556223702,1,105,2.846997852074567
120,0,True,0,0.0,0,0.0,1.9450674997642636,0.07780269999057055,0,0,76,time_pressure,deterministic,50100,1.0,0.8,0,0.0,0,2,2,0,4,5,0,0.0,0.0,0,40,False,2.8509950580450045,-114.52985174135017,1,120,2.850995058045005
78,0,True,0,0.0,0,0.0,1.9111384614146887,0.04968959999678191,0,0,77,time_pressure,deterministic,50100,1.0,0.8,0,0.0,0,1,1,0,4,5,0,0.0,0.0,0,26,False,2.855429286889204,-113.26287860667611,1,78,2.855429286889204
86,0,True,0,0.0,0,0.0,2.0263137926592427,0.05876309998711804,0,0,78,time_pressure,deterministic,50100,0.6666666666666666,0.8,0,0.0,0,2,3,0,2,5,0,0.0,0.0,0,29,False,2.6197867539815194,-106.4936026194456,1,87,2.6197867539815194
96,0,True,0,0.0,0,0.0,1.888468749484673,0.06043099998350954,0,0,79,time_pressure,deterministic,50100,1.0,0.8,0,0.0,0,2,2,0,4,5,0,0.0,0.0,0,32,False,3.3208869388058204,-127.82660816417459,1,96,3.32088693880582
96,0,True,0,0.0,0,0.0,1.8253843754791887,0.05841230001533404,0,0,80,time_pressure,deterministic,50100,1.0,0.8,0,0.0,0,1,1,0,5,5,0,0.0,0.0,0,32,False,3.1671810585205797,-123.21543175561742,1,96,3.1671810585205797
84,0,True,0,0.0,0,0.0,1.711799999854217,0.05135399999562651,0,0,81,time_pressure,deterministic,50100,0.3333333333333333,0.8,0,0.0,0,1,3,0,3,5,0,0.0,0.0,0,30,False,2.7284555576199256,-109.85366672859779,1,90,2.7284555576199256
114,0,True,0,0.0,0,0.0,1.7314720931016234,0.0744533000033698,0,0,82,time_pressure,deterministic,50100,0.0,0.8,0,0.0,0,0,0,0,4,5,0,0.0,0.0,0,43,False,2.8837398022091554,-115.8121940662746,1,129,2.8837398022091554
60,0,True,0,0.0,0,0.0,1.8292500008101342,0.036585000016202684,0,0,83,time_pressure,deterministic,50100,1.0,0.8,0,0.0,0,1,1,0,3,5,0,0.0,0.0,0,20,False,2.515602462294662,-102.46807386883987,1,60,2.515602462294662
90,0,True,0,0.0,0,0.0,2.0809687498513085,0.06659099999524187,0,0,84,time_pressure,deterministic,50100,1.0,0.8,0,0.0,0,3,3,0,4,5,0,0.0,0.0,0,32,False,3.1660045305675544,-123.18013591702665,1,96,3.1660045305675544
88,0,True,0,0.0,0,0.0,1.8758966669944737,0.05627690000983421,0,0,85,time_pressure,deterministic,50100,1.0,0.8,0,0.0,0,3,3,0,5,5,0,0.0,0.0,0,30,False,3.135406004291311,-122.06218012873936,1,90,3.135406004291311
98,0,True,0,0.0,0,0.0,2.1328999999130964,0.07038569999713218,0,0,86,time_pressure,deterministic,50100,1.0,0.8,0,0.0,0,3,3,0,5,5,0,0.0,0.0,0,33,False,3.26232101897743,-126.16963056932292,1,99,3.2623210189774294
94,0,True,0,0.0,0,0.0,1.8733333331924356,0.06181999999535037,0,0,87,time_pressure,deterministic,50100,0.5,0.8,0,0.0,0,1,2,0,4,5,0,0.0,0.0,0,33,False,2.519225550551284,-103.87676651653854,1,99,2.519225550551284
77,0,True,0,0.0,0,0.0,1.9399321432242036,0.0543181000102777,0,0,88,time_pressure,deterministic,50100,1.0,0.8,0,0.0,0,3,3,0,4,5,0,0.0,0.0,0,28,False,2.7778171516290477,-111.13451454887144,1,84,2.7778171516290477
108,0,True,0,0.0,0,0.0,1.8985083338015505,0.06834630001685582,0,0,89,time_pressure,deterministic,50100,1.0,0.8,0,0.0,0,2,2,0,4,5,0,0.0,0.0,0,36,False,2.9987082485429744,-118.56124745628925,1,108,2.9987082485429744
102,0,True,0,0.0,0,0.0,1.8446352944866864,0.06271760001254734,0,0,90,time_pressure,deterministic,50100,1.0,0.8,0,0.0,0,1,1,0,4,5,0,0.0,0.0,0,34,False,3.0220072430914455,-119.06021729274336,1,102,3.0220072430914455
87,0,True,0,0.0,0,0.0,1.7859100007626694,0.05357730002288008,0,0,91,time_pressure,deterministic,50100,0.6666666666666666,0.8,0,0.0,0,2,3,0,4,5,0,0.0,0.0,0,30,False,2.9872909404309542,-117.61872821292863,1,90,2.987290940430954
82,0,True,0,0.0,0,0.0,2.0768000002655236,0.058150400007434655,0,0,92,time_pressure,deterministic,50100,1.0,0.8,0,0.0,0,2,2,0,4,5,0,0.0,0.0,0,28,False,3.050207465521011,-119.30622396563031,1,84,3.0502074655210105
107,0,True,0,0.0,0,0.0,2.4636923068707497,0.09608399996795924,0,0,93,time_pressure,deterministic,50100,1.0,0.8,0,0.0,0,1,1,0,5,5,0,0.0,0.0,0,39,False,2.796559015067673,-112.79677045203016,1,117,2.796559015067673
90,0,True,0,0.0,0,0.0,2.0852354852738038,0.06464230004348792,0,0,94,time_pressure,deterministic,50100,0.0,0.8,0,0.0,0,0,0,0,4,5,0,0.0,0.0,0,31,False,2.5346446721632203,-104.13934016489662,1,93,2.5346446721632203
77,0,True,0,0.0,0,0.0,1.8593296298166495,0.05020190000504954,0,0,95,time_pressure,deterministic,50100,1.0,0.8,0,0.0,0,2,2,0,4,5,0,0.0,0.0,0,27,False,2.8873026402906605,-114.31907920871981,1,81,2.8873026402906605
98,0,True,0,0.0,0,0.0,1.9728352937604274,0.06707639998785453,0,0,96,time_pressure,deterministic,50100,0.6,0.8,0,0.0,0,3,5,0,3,5,0,0.0,0.0,0,34,False,3.060058059797593,-120.20174179392781,1,102,3.060058059797593
88,0,True,0,0.0,0,0.0,1.7747766668132197,0.05324330000439659,0,0,97,time_pressure,deterministic,50100,1.0,0.8,0,0.0,0,1,1,0,4,5,0,0.0,0.0,0,30,False,3.493890170964127,-132.8167051289238,1,90,3.493890170964127
74,0,True,0,0.0,0,0.0,1.7414555555593256,0.047019300000101794,0,0,98,time_pressure,deterministic,50100,1.0,0.8,0,0.0,0,3,3,0,4,5,0,0.0,0.0,0,27,False,3.4556090513503586,-131.36827154051076,1,81,3.455609051350359
97,0,True,0,0.0,0,0.0,1.8762352947840768,0.06379200002265861,0,0,99,time_pressure,deterministic,50100,0.6666666666666666,0.8,0,0.0,0,2,3,0,3,5,0,0.0,0.0,0,34,False,3.034657149698586,-119.43971449095761,1,102,3.034657149698586
139,0,True,0,0.0,0,0.0,1.8321480002487078,0.09160740001243539,0,0,0,heterogeneity_pressure,deterministic,50200,0.5,0.8,0,0.0,0,1,2,0,4,5,0,0.0,0.0,0,50,False,2.464317837925958,-78.92953513777864,1,150,2.464317837925958
93,0,True,0,0.0,0,0.0,2.0121285714724633,0.07042450000153622,0,0,1,heterogeneity_pressure,deterministic,50200,1.0,0.8,0,0.0,0,2,2,0,4,5,0,0.0,0.0,0,35,False,3.3428282412756403,-128.7848472382692,1,105,3.3428282412756403
140,0,True,0,0.0,0,0.0,1.9096700003137812,0.09548350001568906,0,0,2,heterogeneity_pressure,deterministic,50200,0.6666666666666666,0.8,0,0.0,0,2,3,0,4,5,0,0.0,0.0,0,50,False,1.9357861586245229,-63.07358475873572,1,150,1.935786158624523
141,0,True,0,0.0,0,0.0,1.8719379995309282,0.09359689997654641,0,0,3,heterogeneity_pressure,deterministic,50200,0.6666666666666666,0.8,0,0.0,0,2,3,0,3,5,0,0.0,0.0,0,50,False,2.2323434567607285,-71.97030370282181,1,150,2.2323434567607285
95,0,True,0,0.0,0,0.0,2.0165029416281923,0.06856110001535853,0,0,4,heterogeneity_pressure,deterministic,50200,1.0,0.8,0,0.0,0,2,2,0,3,5,0,0.0,0.0,0,34,False,3.2280880925428708,-125.24264277628615,1,102,3.228088092542871
114,0,True,0,0.0,0,0.0,2.0199974355935595,0.07877989998814883,0,0,5,heterogeneity_pressure,deterministic,50200,1.0,0.8,0,0.0,0,2,2,0,5,5,0,0.0,0.0,0,39,False,3.337791077282002,-129.0337323184601,1,117,3.337791077282002
143,0,True,0,0.0,0,0.0,2.397206000314327,0.11986030001571635,0,0,6,heterogeneity_pressure,deterministic,50200,0.6666666666666666,0.8,0,0.0,0,2,3,0,4,5,0,0.0,0.0,0,50,False,2.251137290686511,-72.53411872059536,1,150,2.251137290686511
117,0,True,0,0.0,0,0.0,2.3977439027143324,0.09830750001128763,0,0,7,heterogeneity_pressure,deterministic,50200,1.0,0.8,0,0.0,0,3,3,0,4,5,0,0.0,0.0,0,41,False,3.1465802705585726,-123.49740811675714,1,123,3.146580270558573
133,0,True,0,0.0,0,0.0,1.8311702126780762,0.08606499999586958,0,0,8,heterogeneity_pressure,deterministic,50200,1.0,0.8,0,0.0,0,3,3,0,4,5,0,0.0,0.0,0,47,False,2.7441234050469854,-112.02370215140948,1,141,2.7441234050469854
131,0,True,0,0.0,0,0.0,1.8471660005161539,0.0923583000258077,0,0,9,heterogeneity_pressure,deterministic,50200,0.0,0.8,0,0.0,0,0,0,0,2,5,0,0.0,0.0,0,50,False,1.329108592503069,-44.87325777509211,1,150,1.329108592503069
138,0,True,0,0.0,0,0.0,1.778798000595998,0.0889399000297999,0,0,10,heterogeneity_pressure,deterministic,50200,0.6666666666666666,0.8,0,0.0,0,2,3,0,3,5,0,0.0,0.0,0,50,False,1.8758078930869089,-61.27423679260731,1,150,1.8758078930869089
110,0,True,0,0.0,0,0.0,2.1819071431915895,0.09164010001404677,0,0,11,heterogeneity_pressure,deterministic,50200,0.0,0.8,0,0.0,0,0,0,0,4,5,0,0.0,0.0,0,42,False,2.6851405933827572,-109.75421780148275,1,126,2.6851405933827572
136,0,True,0,0.0,0,0.0,1.9676500001514796,0.09838250000757398,0,0,12,heterogeneity_pressure,deterministic,50200,0.0,0.8,0,0.0,0,0,0,0,4,5,0,0.0,0.0,0,50,False,2.268040124719903,-73.04120374159712,1,150,2.268040124719903
141,0,True,0,0.0,0,0.0,1.9598239997867495,0.09799119998933747,0,0,13,heterogeneity_pressure,deterministic,50200,0.0,0.8,0,0.0,0,0,2,0,2,5,0,0.0,0.0,0,50,False,1.5456265902612012,-51.368797707836066,1,150,1.5456265902612012
140,0,True,0,0.0,0,0.0,1.8932039999344852,0.09466019999672426,0,0,14,heterogeneity_pressure,deterministic,50200,0.25,0.8,0,0.0,0,1,4,0,1,5,0,0.0,0.0,0,50,False,1.075150021267834,-37.25450063803505,1,150,1.075150021267834
83,0,True,0,0.0,0,0.0,2.264565625864634,0.07246610002766829,0,0,15,heterogeneity_pressure,deterministic,50200,0.6,0.8,0,0.0,0,3,5,0,3,5,0,0.0,0.0,0,32,False,2.677333709819945,-108.52001129459836,1,96,2.677333709819945
142,0,True,0,0.0,0,0.0,1.7446920003567357,0.08723460001783678,0,0,16,heterogeneity_pressure,deterministic,50200,0.5,0.8,0,0.0,0,1,2,0,3,5,0,0.0,0.0,0,50,False,1.66293507140229,-54.88805214206873,1,150,1.66293507140229
141,0,True,0,0.0,0,0.0,1.758350000163773,0.08791750000818865,0,0,17,heterogeneity_pressure,deterministic,50200,1.0,0.8,0,0.0,0,1,1,0,3,5,0,0.0,0.0,0,50,False,1.9095971261835971,-62.28791378550794,1,150,1.9095971261835971
150,0,True,0,0.0,0,0.0,1.8030580003687646,0.09015290001843823,0,0,18,heterogeneity_pressure,deterministic,50200,0.0,0.8,0,0.0,0,0,1,0,3,5,0,0.0,0.0,0,50,False,1.058181703345925,-36.74545110037778,1,150,1.0581817033459253
113,0,True,0,0.0,0,0.0,1.785761539791472,0.0696447000518674,0,0,19,heterogeneity_pressure,deterministic,50200,1.0,0.8,0,0.0,0,1,1,0,4,5,0,0.0,0.0,0,39,False,3.0990392196748515,-121.87117659024557,1,117,3.099039219674851
140,0,True,0,0.0,0,0.0,2.1859780000522733,0.10929890000261366,0,0,20,heterogeneity_pressure,deterministic,50200,0.0,0.8,0,0.0,0,0,2,0,2,5,0,0.0,0.0,0,50,False,0.7826876562965421,-28.480629688896286,1,150,0.7826876562965421
135,0,True,0,0.0,0,0.0,1.9204039999749511,0.09602019999874756,0,0,21,heterogeneity_pressure,deterministic,50200,0.0,0.8,0,0.0,0,0,2,0,0,5,0,0.0,0.0,0,50,False,0.0,-4.999999999999998,1,150,0.0
149,0,True,0,0.0,0,0.0,1.874476000230061,0.09372380001150304,0,0,22,heterogeneity_pressure,deterministic,50200,1.0,0.8,0,0.0,0,1,1,0,4,5,0,0.0,0.0,0,50,False,2.055419221798923,-66.66257665396769,1,150,2.055419221798923
133,0,True,0,0.0,0,0.0,1.8720980003126897,0.09360490001563448,0,0,23,heterogeneity_pressure,deterministic,50200,0.5,0.8,0,0.0,0,1,2,0,2,5,0,0.0,0.0,0,50,False,2.0029286459239755,-65.08785937771928,1,150,2.0029286459239755
120,0,True,0,0.0,0,0.0,2.2651452385443482,0.09513610001886263,0,0,24,heterogeneity_pressure,deterministic,50200,1.0,0.8,0,0.0,0,2,2,0,4,5,0,0.0,0.0,0,42,False,2.6234970848339776,-107.90491254501933,1,126,2.6234970848339776
120,0,True,0,0.0,0,0.0,2.156904879063027,0.08843310004158411,0,0,25,heterogeneity_pressure,deterministic,50200,0.75,0.8,0,0.0,0,3,4,0,4,5,0,0.0,0.0,0,41,False,3.0471461979409087,-120.51438593822726,1,123,3.0471461979409087
137,0,True,0,0.0,0,0.0,1.7844659998081625,0.08922329999040812,0,0,26,heterogeneity_pressure,deterministic,50200,0.3333333333333333,0.8,0,0.0,0,1,3,0,3,5,0,0.0,0.0,0,50,False,1.6018723375141037,-53.05617012542314,1,150,1.601872337514104
132,0,True,0,0.0,0,0.0,1.8260181819972454,0.0803448000078788,0,0,27,heterogeneity_pressure,deterministic,50200,1.0,0.8,0,0.0,0,3,3,0,4,5,0,0.0,0.0,0,44,False,2.6437377033410976,-108.71213110023297,1,132,2.6437377033410976
139,0,True,0,0.0,0,0.0,1.9224959998973645,0.09612479999486823,0,0,28,heterogeneity_pressure,deterministic,50200,0.5,0.8,0,0.0,0,2,4,0,3,5,0,0.0,0.0,0,50,False,1.5515721589221232,-51.54716476766372,1,150,1.551572158922123
94,0,True,0,0.0,0,0.0,1.838547221672747,0.0661876999802189,0,0,29,heterogeneity_pressure,deterministic,50200,1.0,0.8,0,0.0,0,2,2,0,3,5,0,0.0,0.0,0,36,False,2.6038316162439057,-106.7149484873172,1,108,2.603831616243906
120,0,True,0,0.0,0,0.0,1.9066045452663358,0.08389059999171877,0,0,30,heterogeneity_pressure,deterministic,50200,0.6,0.8,0,0.0,0,3,5,0,3,5,0,0.0,0.0,0,44,False,2.698620524206789,-110.3586157262037,1,132,2.698620524206789
105,0,True,0,0.0,0,0.0,2.2049351354252322,0.08158260001073359,0,0,31,heterogeneity_pressure,deterministic,50200,1.0,0.8,0,0.0,0,1,1,0,3,5,0,0.0,0.0,0,37,False,2.651580780824842,-108.24742342474528,1,111,2.651580780824842
131,0,True,0,0.0,0,0.0,1.8127039997489192,0.09063519998744596,0,0,32,heterogeneity_pressure,deterministic,50200,0.3333333333333333,0.8,0,0.0,0,1,3,0,2,5,0,0.0,0.0,0,50,False,1.2988032550694055,-43.96409765208221,1,150,1.2988032550694055
121,0,True,0,0.0,0,0.0,1.7296100001840387,0.08648050000920193,0,0,33,heterogeneity_pressure,deterministic,50200,1.0,0.8,0,0.0,0,3,3,0,4,5,0,0.0,0.0,0,50,False,2.3422636027470647,-75.26790808241192,1,150,2.3422636027470642
106,0,True,0,0.0,0,0.0,2.0399974997417303,0.08159989998966921,0,0,34,heterogeneity_pressure,deterministic,50200,1.0,0.8,0,0.0,0,2,2,0,3,5,0,0.0,0.0,0,40,False,3.1308432180155203,-122.92529654046562,1,120,3.1308432180155203
147,0,True,0,0.0,0,0.0,2.1906122447963217,0.10733999999501975,0,0,35,heterogeneity_pressure,deterministic,50200,1.0,0.8,0,0.0,0,2,2,0,5,5,0,0.0,0.0,0,49,False,3.3411917871754744,-130.13575361526426,1,147,3.341191787175475
131,0,True,0,0.0,0,0.0,2.1376120002241805,0.10688060001120903,0,0,36,heterogeneity_pressure,deterministic,50200,0.5,0.8,0,0.0,0,1,2,0,4,5,0,0.0,0.0,0,50,False,2.18894741037428,-70.6684223112284,1,150,2.18894741037428
98,0,True,0,0.0,0,0.0,1.8911514283640176,0.06619029999274062,0,0,37,heterogeneity_pressure,deterministic,50200,1.0,0.8,0,0.0,0,2,2,0,4,5,0,0.0,0.0,0,35,False,2.578301374700232,-105.84904124100694,1,105,2.5783013747002315
108,0,True,0,0.0,0,0.0,1.9620128202801332,0.07651849999092519,0,0,38,heterogeneity_pressure,deterministic,50200,0.6666666666666666,0.8,0,0.0,0,2,3,0,3,5,0,0.0,0.0,0,39,False,2.961256094445662,-117.73768283336982,1,117,2.9612560944456625
147,0,True,0,0.0,0,0.0,1.934532000159379,0.09672660000796895,0,0,39,heterogeneity_pressure,deterministic,50200,0.0,0.8,0,0.0,0,0,1,0,4,5,0,0.0,0.0,0,50,False,1.977970095413022,-64.33910286239066,1,150,1.977970095413022
138,0,True,0,0.0,0,0.0,1.9523717394053086,0.0898091000126442,0,0,40,heterogeneity_pressure,deterministic,50200,1.0,0.8,0,0.0,0,1,1,0,4,5,0,0.0,0.0,0,46,False,3.298543517711244,-128.55630553133733,1,138,3.298543517711244
66,0,True,0,0.0,0,0.0,1.7676772725032854,0.03888889999507228,0,0,41,heterogeneity_pressure,deterministic,50200,0.5,0.8,0,0.0,0,2,4,0,3,5,0,0.0,0.0,0,22,False,2.851016859059265,-112.73050577177796,1,66,2.851016859059265
133,0,True,0,0.0,0,0.0,1.8419520001043566,0.09209760000521783,0,0,42,heterogeneity_pressure,deterministic,50200,0.0,0.8,0,0.0,0,0,2,0,2,5,0,0.0,0.0,0,50,False,1.640960796798744,-54.22882390396235,1,150,1.640960796798744
136,0,True,0,0.0,0,0.0,1.7972460003511515,0.08986230001755757,0,0,43,heterogeneity_pressure,deterministic,50200,0.0,0.8,0,0.0,0,0,1,0,2,5,0,0.0,0.0,0,50,False,1.5482177131326211,-51.44653139397867,1,150,1.5482177131326211
93,0,True,0,0.0,0,0.0,1.8124090909788555,0.05980950000230223,0,0,44,heterogeneity_pressure,deterministic,50200,1.0,0.8,0,0.0,0,3,3,0,3,5,0,0.0,0.0,0,33,False,3.096728839026842,-121.20186517080522,1,99,3.096728839026842
146,0,True,0,0.0,0,0.0,1.790848000528058,0.0895424000264029,0,0,45,heterogeneity_pressure,deterministic,50200,1.0,0.8,0,0.0,0,1,1,0,4,5,0,0.0,0.0,0,50,False,2.0132612551980267,-65.39783765594073,1,150,2.0132612551980267
97,0,True,0,0.0,0,0.0,2.0115297310120375,0.07442660004744539,0,0,46,heterogeneity_pressure,deterministic,50200,0.0,0.8,0,0.0,0,0,0,0,4,5,0,0.0,0.0,0,37,False,2.7919163824026034,-112.4574914720781,1,111,2.7919163824026034
128,0,True,0,0.0,0,0.0,1.8110977267827943,0.07968829997844296,0,0,47,heterogeneity_pressure,deterministic,50200,1.0,0.8,0,0.0,0,2,2,0,4,5,0,0.0,0.0,0,44,False,2.8872397929387,-116.017193788161,1,132,2.8872397929387006
127,0,True,0,0.0,0,0.0,1.9087560004845727,0.09543780002422864,0,0,48,heterogeneity_pressure,deterministic,50200,0.0,0.8,0,0.0,0,0,2,0,0,5,0,0.0,0.0,0,50,False,0.0,-4.999999999999998,1,150,0.0
102,0,True,0,0.0,0,0.0,2.1232736846860987,0.08068440001807176,0,0,49,heterogeneity_pressure,deterministic,50200,1.0,0.8,0,0.0,0,1,1,0,4,5,0,0.0,0.0,0,38,False,2.7857217255580595,-112.3716517667418,1,114,2.7857217255580595
105,0,True,0,0.0,0,0.0,1.9062857141502068,0.06671999999525724,0,0,50,heterogeneity_pressure,deterministic,50200,1.0,0.8,0,0.0,0,2,2,0,4,5,0,0.0,0.0,0,35,False,2.603239624160762,-106.59718872482287,1,105,2.603239624160762
141,0,True,0,0.0,0,0.0,2.129708000429673,0.10648540002148366,0,0,51,heterogeneity_pressure,deterministic,50200,0.6666666666666666,0.8,0,0.0,0,2,3,0,3,5,0,0.0,0.0,0,50,False,2.3255296968138817,-74.76589090441641,1,150,2.3255296968138817
135,0,True,0,0.0,0,0.0,2.1018739997816738,0.10509369998908369,0,0,52,heterogeneity_pressure,deterministic,50200,1.0,0.8,0,0.0,0,2,2,0,4,5,0,0.0,0.0,0,50,False,2.397753647631217,-76.93260942893647,1,150,2.397753647631217
138,0,True,0,0.0,0,0.0,1.8063819990493357,0.09031909995246679,0,0,53,heterogeneity_pressure,deterministic,50200,0.5,0.8,0,0.0,0,1,2,0,2,5,0,0.0,0.0,0,50,False,1.5798704126620773,-52.39611237986236,1,150,1.5798704126620773
142,0,True,0,0.0,0,0.0,2.197615999757545,0.10988079998787725,0,0,54,heterogeneity_pressure,deterministic,50200,0.8,0.8,0,0.0,0,4,5,0,4,5,0,0.0,0.0,0,50,False,2.447239550470943,-78.41718651412825,1,150,2.4472395504709428
132,0,True,0,0.0,0,0.0,1.8700340000214055,0.09350170000107028,0,0,55,heterogeneity_pressure,deterministic,50200,0.0,0.8,0,0.0,0,0,2,0,3,5,0,0.0,0.0,0,50,False,1.8075369906416707,-59.226109719250154,1,150,1.8075369906416707
143,0,True,0,0.0,0,0.0,1.9965700001921505,0.09982850000960752,0,0,56,heterogeneity_pressure,deterministic,50200,0.5,0.8,0,0.0,0,1,2,0,4,5,0,0.0,0.0,0,50,False,2.031145810177139,-65.93437430531412,1,150,2.031145810177139
115,0,True,0,0.0,0,0.0,2.0909046508550513,0.08990889998676721,0,0,57,heterogeneity_pressure,deterministic,50200,0.5,0.8,0,0.0,0,1,2,0,3,5,0,0.0,0.0,0,43,False,3.0833166155947223,-121.79949846784167,1,129,3.083316615594722
125,0,True,0,0.0,0,0.0,2.09870908987465,0.09234319995448459,0,0,58,heterogeneity_pressure,deterministic,50200,1.0,0.8,0,0.0,0,4,4,0,4,5,0,0.0,0.0,0,44,False,3.1808740222370204,-124.82622066711058,1,132,3.180874022237021
125,0,True,0,0.0,0,0.0,2.105563999939477,0.10527819999697385,0,0,59,heterogeneity_pressure,deterministic,50200,1.0,0.8,0,0.0,0,2,2,0,3,5,0,0.0,0.0,0,50,False,2.0005942456778585,-65.01782737033572,1,150,2.0005942456778585
150,0,True,0,0.0,0,0.0,2.2474699997110292,0.11237349998555146,0,0,60,heterogeneity_pressure,deterministic,50200,0.0,0.8,0,0.0,0,0,2,0,3,5,0,0.0,0.0,0,50,False,2.141679344447208,-69.25038033341627,1,150,2.141679344447208
108,0,True,0,0.0,0,0.0,1.9657743584666139,0.07666519998019794,0,0,61,heterogeneity_pressure,deterministic,50200,0.6666666666666666,0.8,0,0.0,0,2,3,0,3,5,0,0.0,0.0,0,39,False,2.8265488783821437,-113.69646635146431,1,117,2.8265488783821437
148,0,True,0,0.0,0,0.0,1.9152340001892298,0.09576170000946149,0,0,62,heterogeneity_pressure,deterministic,50200,0.0,0.8,0,0.0,0,0,1,0,2,5,0,0.0,0.0,0,50,False,1.7305108476665896,-56.91532542999772,1,150,1.7305108476665896
86,0,True,0,0.0,0,0.0,2.0277206898879676,0.058803900006751064,0,0,63,heterogeneity_pressure,deterministic,50200,1.0,0.8,0,0.0,0,3,3,0,4,5,0,0.0,0.0,0,29,False,2.6611712061902284,-107.73513618570684,1,87,2.6611712061902284
117,0,True,0,0.0,0,0.0,2.2993205124154112,0.08967349998420104,0,0,64,heterogeneity_pressure,deterministic,50200,0.6666666666666666,0.8,0,0.0,0,2,3,0,3,5,0,0.0,0.0,0,39,False,2.643211022928166,-108.19633068784499,1,117,2.643211022928166
140,0,True,0,0.0,0,0.0,1.9231520000903402,0.09615760000451701,0,0,65,heterogeneity_pressure,deterministic,50200,0.6666666666666666,0.8,0,0.0,0,2,3,0,3,5,0,0.0,0.0,0,50,False,1.9999044729440474,-64.99713418832145,1,150,1.9999044729440474
115,0,True,0,0.0,0,0.0,1.88302439133489,0.07720400004473049,0,0,66,heterogeneity_pressure,deterministic,50200,1.0,0.8,0,0.0,0,2,2,0,5,5,0,0.0,0.0,0,41,False,3.2113866430875437,-125.44159929262634,1,123,3.2113866430875437
124,0,True,0,0.0,0,0.0,1.9315340001776349,0.09657670000888174,0,0,67,heterogeneity_pressure,deterministic,50200,0.5,0.8,0,0.0,0,1,2,0,3,5,0,0.0,0.0,0,50,False,2.27609609264932,-73.28288277947962,1,150,2.27609609264932
108,0,True,0,0.0,0,0.0,1.9234564091535644,0.07501479995698901,0,0,68,heterogeneity_pressure,deterministic,50200,0.6666666666666666,0.8,0,0.0,0,2,3,0,4,5,0,0.0,0.0,0,39,False,2.9730438046321206,-118.09131413896364,1,117,2.97304380463212
126,0,True,0,0.0,0,0.0,1.8390000001421536,0.08091600000625476,0,0,69,heterogeneity_pressure,deterministic,50200,0.6666666666666666,0.8,0,0.0,0,2,3,0,3,5,0,0.0,0.0,0,44,False,2.7517488513140753,-111.95246553942229,1,132,2.7517488513140753
92,0,True,0,0.0,0,0.0,1.899369697088277,0.06267920000391314,0,0,70,heterogeneity_pressure,deterministic,50200,0.75,0.8,0,0.0,0,3,4,0,3,5,0,0.0,0.0,0,33,False,3.1622056573777275,-123.16616972133184,1,99,3.1622056573777275
147,0,True,0,0.0,0,0.0,1.8902399996295571,0.09451199998147786,0,0,71,heterogeneity_pressure,deterministic,50200,0.0,0.8,0,0.0,0,0,0,0,3,5,0,0.0,0.0,0,50,False,1.798574834116721,-58.95724502350167,1,150,1.798574834116721
134,0,True,0,0.0,0,0.0,1.8067059993336443,0.09033529996668221,0,0,72,heterogeneity_pressure,deterministic,50200,0.5,0.8,0,0.0,0,2,4,0,3,5,0,0.0,0.0,0,50,False,2.4432634668790993,-78.29790400637302,1,150,2.4432634668790993
147,0,True,0,0.0,0,0.0,2.171746000822168,0.10858730004110839,0,0,73,heterogeneity_pressure,deterministic,50200,0.0,0.8,0,0.0,0,0,1,0,2,5,0,0.0,0.0,0,50,False,1.8758198451016823,-61.274595353050515,1,150,1.8758198451016823
81,0,True,0,0.0,0,0.0,2.093559374770848,0.06699389999266714,0,0,74,heterogeneity_pressure,deterministic,50200,0.6666666666666666,0.8,0,0.0,0,2,3,0,3,5,0,0.0,0.0,0,32,False,2.6746066425391053,-108.43819927617318,1,96,2.6746066425391053
121,0,True,0,0.0,0,0.0,1.9486767439872872,0.08379309999145335,0,0,75,heterogeneity_pressure,deterministic,50200,0.0,0.8,0,0.0,0,0,0,0,4,5,0,0.0,0.0,0,43,False,2.586253657062972,-106.88760971188918,1,129,2.586253657062972
101,0,True,0,0.0,0,0.0,1.8041027774921128,0.06494769998971606,0,0,76,heterogeneity_pressure,deterministic,50200,1.0,0.8,0,0.0,0,1,1,0,5,5,0,0.0,0.0,0,36,False,3.105574634227337,-121.76723902682014,1,108,3.105574634227337
141,0,True,0,0.0,0,0.0,2.2105099995678756,0.11052549997839378,0,0,77,heterogeneity_pressure,deterministic,50200,1.0,0.8,0,0.0,0,1,1,0,3,5,0,0.0,0.0,0,50,False,1.5244960655848374,-50.73488196754515,1,150,1.5244960655848374
89,0,True,0,0.0,0,0.0,2.1782709675702088,0.06752639999467647,0,0,78,heterogeneity_pressure,deterministic,50200,0.5,0.8,0,0.0,0,2,4,0,2,5,0,0.0,0.0,0,31,False,2.6293259337654185,-106.97977801296258,1,93,2.6293259337654185
150,0,True,0,0.0,0,0.0,1.7688199991243891,0.08844099995621946,0,0,79,heterogeneity_pressure,deterministic,50200,0.3333333333333333,0.8,0,0.0,0,1,3,0,3,5,0,0.0,0.0,0,50,False,1.8610617884789373,-60.83185365436815,1,150,1.8610617884789373
116,0,True,0,0.0,0,0.0,1.7913399999088142,0.07165359999635257,0,0,80,heterogeneity_pressure,deterministic,50200,0.6666666666666666,0.8,0,0.0,0,2,3,0,4,5,0,0.0,0.0,0,40,False,3.3291486559263554,-128.87445967779067,1,120,3.329148655926356
138,0,True,0,0.0,0,0.0,1.7909000005905302,0.08596320002834545,0,0,81,heterogeneity_pressure,deterministic,50200,1.0,0.8,0,0.0,0,2,2,0,5,5,0,0.0,0.0,0,48,False,3.2382949714747866,-126.94884914424357,1,144,3.238294971474786
90,0,True,0,0.0,0,0.0,1.7858166674462457,0.05357450002338737,0,0,82,heterogeneity_pressure,deterministic,50200,0.75,0.8,0,0.0,0,3,4,0,4,5,0,0.0,0.0,0,30,False,2.7044292622133828,-109.1328778664015,1,90,2.7044292622133828
150,0,True,0,0.0,0,0.0,1.8995620003261138,0.09497810001630569,0,0,83,heterogeneity_pressure,deterministic,50200,1.0,0.8,0,0.0,0,3,3,0,3,5,0,0.0,0.0,0,50,False,3.177330540816197,-125.31991622448581,1,150,3.1773305408161967
126,0,True,0,0.0,0,0.0,2.070271111248682,0.09316220000619069,0,0,84,heterogeneity_pressure,deterministic,50200,1.0,0.8,0,0.0,0,2,2,0,5,5,0,0.0,0.0,0,45,False,3.0572967167723437,-121.21890150317031,1,135,3.057296716772344
127,0,True,0,0.0,0,0.0,1.7376446811930633,0.08166930001607398,0,0,85,heterogeneity_pressure,deterministic,50200,1.0,0.8,0,0.0,0,1,1,0,5,5,0,0.0,0.0,0,47,False,2.7524869239292453,-112.27460771787736,1,141,2.7524869239292453
147,0,True,0,0.0,0,0.0,1.757139999535866,0.0878569999767933,0,0,86,heterogeneity_pressure,deterministic,50200,0.3333333333333333,0.8,0,0.0,0,1,3,0,1,5,0,0.0,0.0,0,50,False,1.3162493576963803,-44.48748073089145,1,150,1.3162493576963803
143,0,True,0,0.0,0,0.0,1.8288081640149563,0.08961160003673285,0,0,87,heterogeneity_pressure,deterministic,50200,0.5,0.8,0,0.0,0,1,2,0,4,5,0,0.0,0.0,0,49,False,2.633722336495995,-108.9116700948799,1,147,2.6337223364959956
139,0,True,0,0.0,0,0.0,1.8293119996087626,0.09146559998043813,0,0,88,heterogeneity_pressure,deterministic,50200,0.0,0.8,0,0.0,0,0,1,0,3,5,0,0.0,0.0,0,50,False,1.635629452776933,-54.068883583308015,1,150,1.635629452776933
129,0,True,0,0.0,0,0.0,1.9324620001134463,0.09662310000567231,0,0,89,heterogeneity_pressure,deterministic,50200,0.5,0.8,0,0.0,0,1,2,0,3,5,0,0.0,0.0,0,50,False,1.704192557225676,-56.1257767167703,1,150,1.704192557225676
126,0,True,0,0.0,0,0.0,1.9749214282325869,0.08294669998576865,0,0,90,heterogeneity_pressure,deterministic,50200,1.0,0.8,0,0.0,0,2,2,0,4,5,0,0.0,0.0,0,42,False,2.9541756304525224,-117.82526891357568,1,126,2.9541756304525224
105,0,True,0,0.0,0,0.0,1.8856914281579,0.0659991999855265,0,0,91,heterogeneity_pressure,deterministic,50200,1.0,0.8,0,0.0,0,3,3,0,4,5,0,0.0,0.0,0,35,False,3.3620792658795997,-129.362377976388,1,105,3.3620792658795993
109,0,True,0,0.0,0,0.0,1.9435368414729295,0.07385439997597132,0,0,92,heterogeneity_pressure,deterministic,50200,1.0,0.8,0,0.0,0,1,1,0,4,5,0,0.0,0.0,0,38,False,2.5293933492658147,-104.68180047797442,1,114,2.5293933492658147
126,0,True,0,0.0,0,0.0,2.176233334143439,0.09793050003645476,0,0,93,heterogeneity_pressure,deterministic,50200,1.0,0.8,0,0.0,0,1,1,0,4,5,0,0.0,0.0,0,45,False,2.9900580487328803,-119.20174146198639,1,135,2.9900580487328803
125,0,True,0,0.0,0,0.0,2.049026667373255,0.09220620003179647,0,0,94,heterogeneity_pressure,deterministic,50200,1.0,0.8,0,0.0,0,2,2,0,5,5,0,0.0,0.0,0,45,False,4.016987740457143,-150.00963221371433,1,135,4.016987740457143
144,0,True,0,0.0,0,0.0,1.982354166557343,0.09515299999475246,0,0,95,heterogeneity_pressure,deterministic,50200,1.0,0.8,0,0.0,0,1,1,0,3,5,0,0.0,0.0,0,48,False,2.51915340349698,-105.37460210490943,1,144,2.51915340349698
136,0,True,0,0.0,0,0.0,1.8739640002604574,0.09369820001302287,0,0,96,heterogeneity_pressure,deterministic,50200,0.5,0.8,0,0.0,0,1,2,0,1,5,0,0.0,0.0,0,50,False,1.146895482950195,-39.406864488505846,1,150,1.146895482950195
137,0,True,0,0.0,0,0.0,2.2777659573005216,0.10705499999312451,0,0,97,heterogeneity_pressure,deterministic,50200,0.5,0.8,0,0.0,0,1,2,0,4,5,0,0.0,0.0,0,47,False,3.340036192535349,-129.90108577606046,1,141,3.340036192535349
132,0,True,0,0.0,0,0.0,3.5600086951529626,0.1637603999770363,0,0,98,heterogeneity_pressure,deterministic,50200,0.75,0.8,0,0.0,0,3,4,0,3,5,0,0.0,0.0,0,46,False,2.8991943760004752,-116.5758312800143,1,138,2.8991943760004752
119,0,True,0,0.0,0,0.0,3.285113636593451,0.14454500001011183,0,0,99,heterogeneity_pressure,deterministic,50200,1.0,0.8,0,0.0,0,1,1,0,5,5,0,0.0,0.0,0,44,False,3.8761366584175976,-145.68409975252794,1,132,3.8761366584175976
40,16,False,16,0.0,0,0.25242305428312317,3.6091872341088713,0.16963180000311695,16,16,0,medium,stochastic,50000,0.0,0.8,4,4.038768868529971,0,0,2,4,1,5,0,0.0,17.0,16,47,False,0.7854946386011776,-19.97885179507723,1,141,0.7854946386011776
48,11,False,11,0.0,0,0.2789160724770583,3.605396552302409,0.10455650001676986,11,11,1,medium,stochastic,50000,0.0,0.8,5,3.0680767972476413,0,0,3,5,0,5,0,0.0,14.5,11,29,True,0.0,33.92999255961516,1,87,0.0
46,16,False,16,0.0,0,0.1883798774938964,3.6167499993462116,0.18083749996731058,16,16,2,medium,stochastic,50000,0.0,0.8,4,3.0140780399023424,0,0,2,4,0,5,0,0.0,17.0,16,50,False,0.0,-1.996099055354299,1,150,0.0
50,16,False,16,0.0,0,0.09248951602856045,3.725858000689186,0.1862929000344593,16,16,3,medium,stochastic,50000,0.6666666666666666,0.8,2,1.4798322564569673,0,2,3,2,2,5,0,0.0,17.0,16,50,False,1.3383168495803373,-50.809994386762824,1,150,1.3383168495803373
39,16,False,16,0.0,0,0.12921964652554646,3.6367100005736575,0.18183550002868287,16,16,4,medium,stochastic,50000,0.0,0.8,2,2.0675143444087434,0,0,2,2,2,5,0,0.0,17.0,16,50,False,1.2560351606104971,-46.32830586001118,1,150,1.2560351606104971
36,16,False,16,0.0,0,0.19913709033907032,3.505430303145355,0.11567920000379672,16,16,5,medium,stochastic,50000,0.0,0.8,4,3.186193445425125,0,0,2,4,1,5,0,0.0,17.0,16,33,False,0.40717217882101947,-10.222636889580176,1,99,0.40717217882101947
36,16,False,16,0.0,0,0.09801726842731749,3.503582000557799,0.17517910002788994,16,16,6,medium,stochastic,50000,0.0,0.8,2,1.5682762948370799,0,0,2,2,1,5,0,0.0,17.0,16,50,False,0.3698419578784549,-21.101356698480224,1,150,0.3698419578784549
34,13,False,13,0.0,0,0.15025801140717548,3.637430555803197,0.13094750000891509,13,13,7,medium,stochastic,50000,0.0,0.8,4,1.9533541482932812,0,0,1,4,1,5,0,0.0,15.5,13,36,False,0.39354629461778895,-13.364635748288551,1,108,0.39354629461778895
40,16,False,16,0.0,0,0.05729053431456878,3.70709600058035,0.1853548000290175,16,16,8,medium,stochastic,50000,0.0,0.8,1,0.9166485490331004,0,0,1,1,3,5,0,0.0,17.0,16,50,False,1.9333801251695282,-72.28727224353891,1,150,1.9333801251695282
43,16,False,16,0.0,0,0.08461443010209395,3.719914000830613,0.18599570004153065,16,16,9,medium,stochastic,50000,0.6666666666666666,0.8,2,1.3538308816335032,0,2,3,2,2,5,0,0.0,17.0,16,50,False,1.9888605021876469,-68.70242246766676,1,150,1.9888605021876469
48,15,False,15,0.0,0,0.14383179166973242,3.4474553187387658,0.162030399980722,15,15,10,medium,stochastic,50000,0.0,0.8,3,2.1574768750459863,0,0,1,3,2,5,0,0.0,16.5,15,47,False,1.216319120344757,-41.568480087024014,1,141,1.216319120344757
45,16,False,16,0.0,0,0.1720966757714813,3.346785999892745,0.16733929999463726,16,16,11,medium,stochastic,50000,0.3333333333333333,0.8,3,2.753546812343701,0,1,3,3,1,5,0,0.0,17.0,16,50,False,0.5766316236456461,-21.614546772331753,1,150,0.5766316236456461
57,16,False,16,0.0,0,0.21122408890852476,3.7375579999934416,0.18687789999967208,16,16,12,medium,stochastic,50000,0.0,0.8,4,3.379585422536396,0,0,1,4,0,5,0,0.0,17.0,16,50,False,0.0,-0.39863433450275354,1,150,0.0
35,16,False,16,0.0,0,0.13072837664243134,4.1312399999878835,0.20656199999939417,16,16,13,medium,stochastic,50000,0.5,0.8,3,2.0916540262789014,0,1,2,3,1,5,0,0.0,17.0,16,50,False,0.5988037188020974,-25.4750847033417,1,150,0.5988037188020974
46,14,False,14,0.0,0,0.2830405939156602,12.612596428620495,0.3531527000013739,14,14,14,medium,stochastic,50000,0.0,0.8,5,3.9625683148192428,0,0,3,5,0,5,0,0.0,16.0,14,28,True,0.0,35.98567498181088,1,84,0.0
29,14,False,14,0.0,0,0.2997773155278715,14.464393023064435,0.6219688999917707,14,14,15,medium,stochastic,50000,0.0,0.8,5,4.196882417390201,0,0,3,5,0,5,0,0.0,16.0,14,43,True,0.0,33.17754701686445,1,129,0.0
42,15,False,15,0.0,0,0.20335249262724,15.991841666416601,0.5757062999909976,15,15,16,medium,stochastic,50000,0.25,0.8,3,3.0502873894086,0,1,4,3,2,5,0,0.0,16.5,15,36,False,1.4944302409832475,-44.909937715456365,1,108,1.4944302409832475
47,13,False,13,0.0,0,0.296028936849267,21.830788888716295,0.5894312999953399,13,13,17,medium,stochastic,50000,0.0,0.8,5,3.848376179040471,0,0,3,5,0,5,0,0.0,15.5,13,27,True,0.0,33.34658094916454,1,81,0.0
45,16,False,16,0.0,0,0.13386928347930246,11.47056200003135,0.5735281000015675,16,16,18,medium,stochastic,50000,0.0,0.8,3,2.1419085356688394,0,0,1,3,1,5,0,0.0,17.0,16,50,False,0.3500547695098083,-14.569120672411078,1,150,0.3500547695098083
49,10,False,10,0.0,0,0.3131687618015332,3.3184599995729513,0.16592299997864757,10,10,19,medium,stochastic,50000,0.0,0.8,4,3.1316876180153317,0,0,2,4,0,5,0,0.0,14.0,10,50,False,0.0,2.5053644554661543,1,150,0.0
36,16,False,16,0.0,0,0.25268809992353714,3.0704757578364066,0.10132570000860142,16,16,20,medium,stochastic,50000,0.0,0.8,5,4.043009598776594,0,0,2,5,0,5,0,0.0,17.0,16,33,True,0.0,33.810940870904766,1,99,0.0
42,16,False,16,0.0,0,0.13812216184070483,2.6472540000395384,0.13236270000197692,16,16,21,medium,stochastic,50000,0.3333333333333333,0.8,3,2.2099545894512773,0,1,3,3,1,5,0,0.0,17.0,16,50,False,1.0523723802013414,-37.54807418092838,1,150,1.0523723802013414
32,16,False,16,0.0,0,0.1028432194368252,2.5211102558667053,0.09832329997880151,16,16,22,medium,stochastic,50000,0.0,0.8,3,1.6454915109892032,0,0,2,3,2,5,0,0.0,17.0,16,39,False,1.6568110638676523,-54.66446227126412,1,117,1.6568110638676523
20,11,False,11,0.0,0,0.3069791163701293,2.6888039997720625,0.13444019998860313,11,11,23,medium,stochastic,50000,0.0,0.8,4,3.3767702800714225,0,0,1,4,0,5,0,0.0,14.5,11,50,False,0.0,4.038019274997851,1,150,0.0
48,16,False,16,0.0,0,0.05822280723081383,2.4699100002180785,0.12349550001090392,16,16,24,medium,stochastic,50000,0.0,0.8,2,0.9315649156930212,0,0,1,2,1,5,0,0.0,17.0,16,50,False,0.9706158499523672,-40.35779417762004,1,150,0.9706158499523672
43,12,False,12,0.0,0,0.14853773631519865,2.580286000011256,0.1290143000005628,12,12,25,medium,stochastic,50000,0.0,0.8,3,1.782452835782384,0,0,2,3,1,5,0,0.0,15.0,12,50,False,0.40668801132567856,-17.200212112300644,1,150,0.40668801132567856
45,16,False,16,0.0,0,0.09137113702423062,2.953473999950802,0.1476736999975401,16,16,26,medium,stochastic,50000,1.0,0.8,2,1.46193819238769,0,1,1,2,3,5,0,0.0,17.0,16,50,False,2.3063713107152353,-81.3012552433294,1,150,2.3063713107152353
54,16,False,16,0.0,0,0.2194176583768484,2.731087755670828,0.13382330002787057,16,16,27,medium,stochastic,50000,0.0,0.8,5,3.5106825340295744,0,0,1,5,0,5,0,0.0,17.0,16,49,True,0.0,29.01087555906261,1,147,0.0
54,16,False,16,0.0,0,0.06918599969584686,2.6017960003810003,0.13008980001905002,16,16,28,medium,stochastic,50000,0.0,0.8,1,1.1069759951335498,0,0,1,1,1,5,0,0.0,17.0,16,50,False,0.5311846607792841,-30.93433017994943,1,150,0.5311846607792841
28,16,False,16,0.0,0,0.07556670960613115,2.7464940007484984,0.13732470003742492,16,16,29,medium,stochastic,50000,0.3333333333333333,0.8,2,1.2090673536980985,0,1,3,2,1,5,0,0.0,17.0,16,50,False,0.6742460247920037,-29.386423310685878,1,150,0.6742460247920037
47,15,False,15,0.0,0,0.23535022569671005,2.5339657898401033,0.09629070001392392,15,15,30,medium,stochastic,50000,0.0,0.8,5,3.5302533854506506,0,0,1,5,0,5,0,0.0,16.5,15,38,True,0.0,27.596053612159366,1,114,0.0
52,16,False,16,0.0,0,0.1373860999596635,2.4800285706684613,0.10416119996807538,16,16,31,medium,stochastic,50000,0.5,0.8,3,2.198177599354616,0,1,2,3,2,5,0,0.0,17.0,16,42,False,1.0183156572099168,-35.77317012286576,1,126,1.0183156572099168
43,13,False,13,0.0,0,0.20381686614592798,2.42450200006715,0.12122510000335751,13,13,32,medium,stochastic,50000,0.0,0.8,4,2.649619259897064,0,0,1,4,0,5,0,0.0,15.5,13,50,False,0.0,-1.4222098648471546,1,150,0.0
49,16,False,16,0.0,0,0.03493631867273715,3.307243999443017,0.16536219997215085,16,16,33,medium,stochastic,50000,0.5,0.8,1,0.5589810987637944,0,1,2,1,2,5,0,0.0,17.0,16,50,False,1.5775460503172534,-63.34472459809533,1,150,1.5775460503172534
45,12,False,12,0.0,0,0.2878799060947061,3.5933621618676477,0.13295439998910297,12,12,34,medium,stochastic,50000,0.0,0.8,5,3.454558873136473,0,0,3,5,0,5,0,0.0,15.0,12,37,True,0.0,34.025074252639286,1,111,0.0
36,16,False,16,0.0,0,0.034847675630920096,2.6409499998982553,0.10035609999613371,16,16,35,medium,stochastic,50000,0.5,0.8,1,0.5575628100947215,0,1,2,1,3,5,0,0.0,17.0,16,38,False,2.673049388708117,-120.26124228456764,1,114,2.673049388708117
50,15,False,15,0.0,0,0.22735320850373983,2.4322891299759606,0.11188529997889418,15,15,36,medium,stochastic,50000,0.0,0.8,5,3.4102981275560973,0,0,4,5,0,5,0,0.0,16.5,15,46,True,0.0,35.24966786390774,1,138,0.0
43,12,False,12,0.0,0,0.23591337253474073,2.437556097525308,0.09993979999853764,12,12,37,medium,stochastic,50000,0.3333333333333333,0.8,3,2.8309604704168887,0,1,3,3,2,5,0,0.0,15.0,12,41,False,1.5490647882128226,-47.04880270785402,1,123,1.5490647882128226
45,16,False,16,0.0,0,0.15306874734746262,2.5355120001768228,0.12677560000884114,16,16,38,medium,stochastic,50000,0.2,0.8,3,2.449099957559402,0,1,5,3,1,5,0,0.0,17.0,16,50,False,1.054165697886753,-31.06022086911123,1,150,1.054165697886753
53,16,False,16,0.0,0,0.2077255761355443,2.405558000464225,0.12027790002321126,16,16,39,medium,stochastic,50000,0.0,0.8,4,3.3236092181687087,0,0,2,4,0,5,0,0.0,17.0,16,50,False,0.0,-0.2753287108089821,1,150,0.0
54,15,False,15,0.0,0,0.13952048871079828,2.3669039995002095,0.11834519997501047,15,15,40,medium,stochastic,50000,0.0,0.8,3,2.0928073306619743,0,0,1,3,1,5,0,0.0,16.5,15,50,False,0.5572687634453868,-22.190152068717325,1,150,0.5572687634453868
55,14,False,14,0.0,0,0.09181719082999149,2.4605760001577437,0.12302880000788718,14,14,41,medium,stochastic,50000,0.0,0.8,2,1.2854406716198807,0,0,1,2,1,5,0,0.0,16.0,14,50,False,0.5479533161013047,-26.00483546287282,1,150,0.5479533161013047
29,16,False,16,0.0,0,0.09726514082090897,2.714653192131354,0.12758870003017364,16,16,42,medium,stochastic,50000,0.6666666666666666,0.8,2,1.5562422531345435,0,2,3,2,3,5,0,0.0,17.0,16,47,False,2.4767309411469007,-85.89325410575528,1,141,2.4767309411469007
32,16,False,16,0.0,0,0.027007676194225387,2.765427999693202,0.1382713999846601,16,16,43,medium,stochastic,50000,0.0,0.8,1,0.4321228191076062,0,0,0,1,3,5,0,0.0,17.0,16,50,False,2.1333458791600464,-81.5288491444607,1,150,2.1333458791600464
48,16,False,16,0.0,0,0.09729739578487462,2.2642700000142213,0.11321350000071106,16,16,44,medium,stochastic,50000,0.4,0.8,2,1.556758332557994,0,2,5,2,2,5,0,0.0,17.0,16,50,False,1.4050629754936748,-51.91536769810688,1,150,1.4050629754936748
37,16,False,16,0.0,0,0.12342402350834059,2.2551499999826774,0.11275749999913387,16,16,45,medium,stochastic,50000,0.5,0.8,3,1.9747843761334494,0,1,2,3,1,5,0,0.0,17.0,16,50,False,0.8023045102438925,-31.022278824329256,1,150,0.8023045102438925
39,16,False,16,0.0,0,0.08070514570343523,2.46288409123901,0.10836690001451643,16,16,46,medium,stochastic,50000,1.0,0.8,2,1.2912823312549637,0,1,1,2,3,5,0,0.0,17.0,16,44,False,1.4801911952673938,-56.214404055463206,1,132,1.4801911952673938
39,16,False,16,0.0,0,0.08910894045903281,2.642604081988886,0.1294876000174554,16,16,47,medium,stochastic,50000,0.5,0.8,2,1.425743047344525,0,1,2,2,3,5,0,0.0,17.0,16,49,False,2.607189544851682,-113.19458348315322,1,147,2.607189544851682
48,16,False,16,0.0,0,0.16424064742221453,3.1645523811762577,0.13291120000940282,16,16,48,medium,stochastic,50000,1.0,0.8,4,2.6278503587554325,0,1,1,4,1,5,0,0.0,17.0,16,42,False,0.8552322456247424,-26.17332290987493,1,126,0.8552322456247424
54,16,False,16,0.0,0,0.10656102471223039,2.3299744176721675,0.10018889995990321,16,16,49,medium,stochastic,50000,1.0,0.8,3,1.7049763953956862,0,1,1,3,2,5,0,0.0,17.0,16,43,False,1.3891256169959083,-50.35018738069115,1,129,1.3891256169959083
43,16,False,16,0.0,0,0.12348504911659904,2.1654980002494995,0.10827490001247497,16,16,50,medium,stochastic,50000,0.0,0.8,3,1.9757607858655846,0,0,1,3,1,5,0,0.0,17.0,16,50,False,0.5103729459168337,-20.40208808849519,1,150,0.5103729459168337
44,16,False,16,0.0,0,0.18550582429761492,2.560050000337309,0.08704170001146849,16,16,51,medium,stochastic,50000,0.0,0.8,5,2.9680931887618387,0,0,0,5,0,5,0,0.0,17.0,16,34,True,0.0,28.584749905501397,1,102,0.0
43,16,False,16,0.0,0,0.12030972530766904,2.2545939999690745,0.11272969999845373,16,16,52,medium,stochastic,50000,0.3333333333333333,0.8,2,1.9249556049227046,0,1,3,2,2,5,0,0.0,17.0,16,50,False,1.3635633789874986,-50.944834940178005,1,150,1.3635633789874986
34,16,False,16,0.0,0,0.0,2.9459205885787547,0.10016130001167767,16,16,53,medium,stochastic,50000,1.0,0.8,0,0.0,0,1,1,0,4,5,0,0.0,17.0,16,34,False,2.6575086250057605,-125.12525875017283,1,102,2.657508625005761
25,16,False,16,0.0,0,0.05374680303760958,2.0615195118319583,0.0845222999851103,16,16,54,medium,stochastic,50000,1.0,0.8,2,0.8599488486017532,0,2,2,2,3,5,0,0.0,17.0,16,41,False,2.4801099434335625,-86.21016882391557,1,123,2.4801099434335625
35,16,False,16,0.0,0,0.047633508479524855,2.9183719998400193,0.14591859999200096,16,16,55,medium,stochastic,50000,1.0,0.8,1,0.7621361356723977,0,1,1,1,3,5,0,0.0,17.0,16,50,False,2.0113370452244217,-78.21168329825915,1,150,2.0113370452244212
37,16,False,16,0.0,0,0.08024890011175735,2.9561199998715892,0.14780599999357946,16,16,56,medium,stochastic,50000,1.0,0.8,2,1.2839824017881176,0,1,1,2,2,5,0,0.0,17.0,16,50,False,1.7967784262922342,-65.35780758622666,1,150,1.7967784262922342
39,16,False,16,0.0,0,0.2906147253753627,2.6374324999778764,0.10549729999911506,16,16,57,medium,stochastic,50000,0.0,0.8,5,4.649835606005803,0,0,4,5,0,5,0,0.0,17.0,16,40,True,0.0,36.107366440547345,1,120,0.0
39,16,False,16,0.0,0,0.1735008821325851,2.456926000159001,0.12284630000795005,16,16,58,medium,stochastic,50000,0.0,0.8,3,2.7760141141213617,0,0,1,3,1,5,0,0.0,17.0,16,50,False,0.5862550133182229,-21.361822953161052,1,150,0.5862550133182229
48,16,False,16,0.0,0,0.08988327715502992,2.3631440005556215,0.11815720002778107,16,16,59,medium,stochastic,50000,0.0,0.8,3,1.4381324344804787,0,0,2,3,0,5,0,0.0,17.0,16,50,False,0.0,-8.310952690620745,1,150,0.0
47,15,False,15,0.0,0,0.23082571113402794,2.6453179999953136,0.13226589999976568,15,15,60,medium,stochastic,50000,0.0,0.8,4,3.462385667010419,0,0,3,4,0,5,0,0.0,16.5,15,50,False,0.0,2.7258061942152185,1,150,0.0
40,16,False,16,0.0,0,0.06643561782435153,3.134639999625506,0.1567319999812753,16,16,61,medium,stochastic,50000,0.3333333333333333,0.8,2,1.0629698851896245,0,1,3,2,1,5,0,0.0,17.0,16,50,False,0.9163630381222785,-39.526840710110775,1,150,0.9163630381222785
62,14,False,14,0.0,0,0.2323472066292238,2.419046938540509,0.11853329998848494,14,14,62,medium,stochastic,50000,0.0,0.8,4,3.2528608928091334,0,0,2,4,1,5,0,0.0,16.0,14,49,False,0.5665238354831378,-13.231937483454402,1,147,0.5665238354831378
42,16,False,16,0.0,0,0.06714381384809631,2.8865459994995035,0.14432729997497518,16,16,63,medium,stochastic,50000,1.0,0.8,2,1.074301021569541,0,1,1,2,1,5,0,0.0,17.0,16,50,False,0.7326044151972961,-35.744596011373595,1,150,0.7326044151972961
29,16,False,16,0.0,0,0.04739339914098734,3.1889636361897415,0.10523579999426147,16,16,64,medium,stochastic,50000,1.0,0.8,1,0.7582943862557975,0,1,1,1,4,5,0,0.0,17.0,16,33,False,2.7685295908471144,-122.60774898595865,1,99,2.768529590847115
49,16,False,16,0.0,0,0.15005737381531264,2.9224595742329877,0.13735559998895042,16,16,65,medium,stochastic,50000,0.3333333333333333,0.8,3,2.4009179810450023,0,1,3,3,2,5,0,0.0,17.0,16,47,False,1.9996506885074847,-65.58586107129099,1,141,1.9996506885074847
36,15,False,15,0.0,0,0.1638963917940874,2.2947780490517844,0.09408590001112316,15,15,66,medium,stochastic,50000,0.0,0.8,4,2.4584458769113113,0,0,1,4,1,5,0,0.0,16.5,15,41,False,0.4961741811489345,-14.455299163035896,1,123,0.4961741811489345
40,16,False,16,0.0,0,0.12527599845720538,2.701500001017444,0.09725400003662799,16,16,67,medium,stochastic,50000,0.0,0.8,3,2.004415975315286,0,0,2,3,2,5,0,0.0,17.0,16,36,False,1.2052687298521456,-41.18618720997887,1,108,1.2052687298521456
43,16,False,16,0.0,0,0.09829698273472409,2.576821738962874,0.11853379999229219,16,16,68,medium,stochastic,50000,1.0,0.8,3,1.5727517237555855,0,1,1,3,2,5,0,0.0,17.0,16,46,False,1.6893466892489475,-57.2060023415627,1,138,1.6893466892489475
47,13,False,13,0.0,0,0.20381106293314027,2.7069139998639002,0.135345699993195,13,13,69,medium,stochastic,50000,0.0,0.8,4,2.6495438181308235,0,0,1,4,0,5,0,0.0,15.5,13,50,False,0.0,1.1725413209543785,1,150,0.0
32,16,False,16,0.0,0,0.15143265366895975,2.3033787883557095,0.07601150001573842,16,16,70,medium,stochastic,50000,0.5,0.8,4,2.422922458703356,0,1,2,4,1,5,0,0.0,17.0,16,33,False,0.9524570135519899,-29.337312273424473,1,99,0.9524570135519899
42,16,False,16,0.0,0,0.10405584074931187,2.54406200023368,0.127203100011684,16,16,71,medium,stochastic,50000,0.0,0.8,2,1.66489345198899,0,0,1,2,2,5,0,0.0,17.0,16,50,False,1.0341830699603425,-43.309939711341926,1,150,1.0341830699603425
32,16,False,16,0.0,0,0.12952992388057225,2.260405128300847,0.08815580000373302,16,16,72,medium,stochastic,50000,0.5,0.8,3,2.072478782089156,0,1,2,3,2,5,0,0.0,17.0,16,39,False,1.5290783883044015,-50.690151601595055,1,117,1.5290783883044015
40,16,False,16,0.0,0,0.10350939762243039,2.3378899991803337,0.11689449995901668,16,16,73,medium,stochastic,50000,0.0,0.8,2,1.6561503619588862,0,0,1,2,1,5,0,0.0,17.0,16,50,False,0.8542375770824282,-36.91507576626804,1,150,0.8542375770824282
31,16,False,16,0.0,0,0.2768825979488621,2.204679310470338,0.0639357000036398,16,16,74,medium,stochastic,50000,0.0,0.8,5,4.430121567181794,0,0,2,5,0,5,0,0.0,17.0,16,29,True,0.0,33.76634018976503,1,87,0.0
32,16,False,16,0.0,0,0.09794377438702644,2.4221297870563503,0.11384009999164846,16,16,75,medium,stochastic,50000,0.6,0.8,2,1.567100390192423,0,3,5,2,3,5,0,0.0,17.0,16,47,False,2.5469458590955694,-110.76287292883929,1,141,2.5469458590955694
55,16,False,16,0.0,0,0.16937915000087048,2.502053999924101,0.12510269999620505,16,16,76,medium,stochastic,50000,0.0,0.8,4,2.7100664000139276,0,0,2,4,0,5,0,0.0,17.0,16,50,False,0.0,1.6420834076335202,1,150,0.0
48,15,False,15,0.0,0,0.08826046191442433,2.6846619993739296,0.13423309996869648,15,15,77,medium,stochastic,50000,0.0,0.8,2,1.323906928716365,0,0,2,2,1,5,0,0.0,16.5,15,50,False,0.4687133943727475,-25.151192380049146,1,150,0.4687133943727475
39,16,False,16,0.0,0,0.10324443284931198,3.0730125004083675,0.09833640001306776,16,16,78,medium,stochastic,50000,0.6666666666666666,0.8,2,1.6519109255889917,0,2,3,2,3,5,0,0.0,17.0,16,32,False,1.8626168892182122,-65.76516719575032,1,96,1.8626168892182122
53,16,False,16,0.0,0,0.05970726657943133,2.704863998951623,0.13524319994758116,16,16,79,medium,stochastic,50000,0.5,0.8,1,0.9553162652709013,0,1,2,1,3,5,0,0.0,17.0,16,50,False,1.9852523995369067,-75.58343569673868,1,150,1.9852523995369067
30,16,False,16,0.0,0,0.04927998925451061,2.2765024992622784,0.09106009997049114,16,16,80,medium,stochastic,50000,1.0,0.8,1,0.7884798280721698,0,2,2,1,4,5,0,0.0,17.0,16,40,False,2.2335849444384657,-83.76176951306708,1,120,2.2335849444384657
33,16,False,16,0.0,0,0.1721405959720422,2.442574072995706,0.06594949997088406,16,16,81,medium,stochastic,50000,0.0,0.8,4,2.7542495355526753,0,0,2,4,1,5,0,0.0,17.0,16,27,False,0.4853345219505154,-11.424714933793847,1,81,0.4853345219505154
51,16,False,16,0.0,0,0.11675227880922145,2.5832519997493364,0.12916259998746682,16,16,82,medium,stochastic,50000,0.0,0.8,2,1.8680364609475433,0,0,2,2,1,5,0,0.0,17.0,16,50,False,0.6316016237284059,-29.74825745419167,1,150,0.6316016237284059
33,16,False,16,0.0,0,0.10261228042200257,2.3136320000048727,0.11568160000024363,16,16,83,medium,stochastic,50000,0.0,0.8,2,1.6417964867520412,0,0,2,2,1,5,0,0.0,17.0,16,50,False,0.6330167719063166,-30.1588387772099,1,150,0.6330167719063166
41,16,False,16,0.0,0,0.07319634995001635,2.332014000567142,0.1166007000283571,16,16,84,medium,stochastic,50000,1.0,0.8,2,1.1711415992002616,0,1,1,2,2,5,0,0.0,17.0,16,50,False,1.4494197108568596,-57.49399729728574,1,150,1.4494197108568596
39,16,False,16,0.0,0,0.1646859487119116,2.5124379309749325,0.07286069999827305,16,16,85,medium,stochastic,50000,0.3333333333333333,0.8,4,2.634975179390586,0,1,3,4,1,5,0,0.0,17.0,16,29,False,0.7354288898939022,-19.672076234257286,1,87,0.7354288898939022
39,16,False,16,0.0,0,0.10244764861359004,2.3157280005398206,0.11578640002699103,16,16,86,medium,stochastic,50000,0.0,0.8,3,1.6391623778174407,0,0,2,3,1,5,0,0.0,17.0,16,50,False,0.26724421690608696,-15.970992424218666,1,150,0.26724421690608696
54,16,False,16,0.0,0,0.1352284687779832,2.3439839998900425,0.11719919999450212,16,16,87,medium,stochastic,50000,0.0,0.8,3,2.163655500447731,0,0,4,3,0,5,0,0.0,17.0,16,50,False,0.0,-4.519478685422248,1,150,0.0
43,16,False,16,0.0,0,0.08493924593308363,2.341065999935381,0.11705329999676906,16,16,88,medium,stochastic,50000,1.0,0.8,2,1.3590279349293382,0,1,1,2,2,5,0,0.0,17.0,16,50,False,1.8451517796727384,-67.16733979287562,1,150,1.8451517796727384
43,16,False,16,0.0,0,0.09065598938534461,2.579231999843614,0.1289615999921807,16,16,89,medium,stochastic,50000,1.0,0.8,2,1.4504958301655138,0,1,1,2,2,5,0,0.0,17.0,16,50,False,1.5440890422509235,-57.821502980857495,1,150,1.5440890422509235
74,16,False,16,0.0,0,0.19443474545330403,2.600199999578763,0.13000999997893814,16,16,90,medium,stochastic,50000,0.0,0.8,4,3.1109559272528644,0,0,3,4,0,5,0,0.0,17.0,16,50,False,0.0,2.0052281486348886,1,150,0.0
70,15,False,15,0.0,0,0.21542724971225125,2.5023580006381962,0.1251179000319098,15,15,91,medium,stochastic,50000,0.0,0.8,4,3.2314087456837686,0,0,5,4,0,5,0,0.0,16.5,15,50,False,0.0,4.375441087474188,1,150,0.0
39,16,False,16,0.0,0,0.17581068444332804,2.584642000729218,0.1292321000364609,16,16,92,medium,stochastic,50000,0.3333333333333333,0.8,3,2.8129709510932486,0,1,3,3,1,5,0,0.0,17.0,16,50,False,0.9950828324166546,-32.085963168376,1,150,0.9950828324166546
28,16,False,16,0.0,0,0.09629876280731807,2.803233999729855,0.14016169998649275,16,16,93,medium,stochastic,50000,0.0,0.8,3,1.5407802049170891,0,0,2,3,1,5,0,0.0,17.0,16,50,False,0.6290161272954004,-22.408047122590368,1,150,0.6290161272954004
32,16,False,16,0.0,0,0.11376431573419327,2.680814285884567,0.11259420000715181,16,16,94,medium,stochastic,50000,0.0,0.8,3,1.8202290517470923,0,0,2,3,2,5,0,0.0,17.0,16,42,False,1.4700796353100132,-48.18329375617208,1,126,1.4700796353100132
33,16,False,16,0.0,0,0.11977981538026511,2.8890119995048735,0.14445059997524368,16,16,95,medium,stochastic,50000,0.0,0.8,2,1.9164770460842417,0,0,1,2,2,5,0,0.0,17.0,16,50,False,0.7644029998300337,-33.07415000896099,1,150,0.7644029998300337
22,11,False,11,0.0,0,0.29426625175806653,2.7687424239543774,0.09136849999049446,11,11,96,medium,stochastic,50000,0.0,0.8,5,3.236928769338732,0,0,3,5,0,5,0,0.0,14.5,11,33,True,0.0,35.40134511815255,1,99,0.0
53,16,False,16,0.0,0,0.1220635225438375,2.7647059997252654,0.13823529998626327,16,16,97,medium,stochastic,50000,0.0,0.8,3,1.9530163607014,0,0,2,3,1,5,0,0.0,17.0,16,50,False,0.5855515676246867,-23.916022399117367,1,150,0.5855515676246867
52,16,False,16,0.0,0,0.09093845601345575,2.6068420002411585,0.13034210001205793,16,16,98,medium,stochastic,50000,1.0,0.8,2,1.455015296215292,0,1,1,2,1,5,0,0.0,17.0,16,50,False,0.9886526911430957,-41.01925361666489,1,150,0.9886526911430957
31,16,False,16,0.0,0,0.1112736900306286,2.4706099997274578,0.12353049998637289,16,16,99,medium,stochastic,50000,0.25,0.8,3,1.7803790404900577,0,1,4,3,1,5,0,0.0,17.0,16,50,False,1.089985452267425,-39.383808466442424,1,150,1.089985452267425
37,16,False,16,0.0,0,0.0,2.554269696922733,0.08429089999845019,16,16,0,time_pressure,stochastic,50100,0.6666666666666666,0.8,0,0.0,0,2,3,0,4,5,0,0.0,17.0,16,33,False,2.9496359574441025,-133.78907872332306,1,99,2.9496359574441025
43,16,False,16,0.0,0,0.1939485825440869,2.225897143320513,0.07790640001621796,16,16,1,time_pressure,stochastic,50100,0.3333333333333333,0.8,3,3.1031773207053903,0,1,3,3,2,5,0,0.0,17.0,16,35,False,1.3922988518627624,-43.26216175285124,1,105,1.3922988518627624
33,16,False,16,0.0,0,0.11032518560628529,2.406380000502395,0.0962552000200958,16,16,2,time_pressure,stochastic,50100,1.0,0.8,3,1.7652029697005647,0,1,1,3,2,5,0,0.0,17.0,16,40,False,1.3586459140399532,-48.57828486090527,1,120,1.3586459140399532
35,12,False,12,0.0,0,0.24765295203229956,2.749653124510587,0.08798889998433879,12,12,3,time_pressure,stochastic,50100,0.0,0.8,4,2.971835424387595,0,0,1,4,1,5,0,0.0,15.0,12,32,False,0.4776490353766553,-14.591922256064656,1,96,0.4776490353766553
30,14,False,14,0.0,0,0.14780645832065248,2.554480001272168,0.0638620000318042,14,14,4,time_pressure,stochastic,50100,0.0,0.8,4,2.069290416489135,0,0,1,4,1,5,0,0.0,16.0,14,25,False,0.6947896760230905,-19.35401133552028,1,75,0.6947896760230905
44,15,False,15,0.0,0,0.17410035558462028,2.490267857865547,0.06972750002023531,15,15,5,time_pressure,stochastic,50100,0.0,0.8,4,2.6115053337693044,0,0,2,4,1,5,0,0.0,16.5,15,28,False,0.6604309448532653,-15.21229322123678,1,84,0.6604309448532653
38,14,False,14,0.0,0,0.30936687141711566,2.433320689557024,0.07056629999715369,14,14,6,time_pressure,stochastic,50100,0.0,0.8,5,4.331136199839619,0,0,4,5,0,5,0,0.0,16.0,14,29,True,0.0,36.68609531691865,1,87,0.0
45,15,False,15,0.0,0,0.15976315522101,2.3823027784399327,0.08576290002383757,15,15,7,time_pressure,stochastic,50100,0.0,0.8,4,2.39644732831515,0,0,0,4,1,5,0,0.0,16.5,15,36,False,0.6925220450101071,-22.28846962376924,1,108,0.6925220450101071
35,16,False,16,0.0,0,0.1593972397883921,2.6871115383423434,0.06986489999690093,16,16,8,time_pressure,stochastic,50100,0.0,0.8,3,2.5503558366142736,0,0,2,3,2,5,0,0.0,17.0,16,26,False,1.0953947424635342,-32.601001063745336,1,78,1.0953947424635342
32,12,False,12,0.0,0,0.04869613877315857,2.91646296358926,0.07874450001691002,12,12,9,time_pressure,stochastic,50100,1.0,0.8,1,0.5843536652779029,0,2,2,1,4,5,0,0.0,15.0,12,27,False,2.1729615338053874,-78.05700247261699,1,81,2.1729615338053874
29,13,False,13,0.0,0,0.17276359835358207,2.6884333328780485,0.06452239998907316,13,13,10,time_pressure,stochastic,50100,0.6666666666666666,0.8,3,2.245926778596567,0,2,3,3,2,5,0,0.0,15.5,13,24,False,1.8196916512972547,-55.78781560418935,1,72,1.8196916512972547
35,16,False,16,0.0,0,0.09703746924835024,2.294858823862502,0.07802520001132507,16,16,11,time_pressure,stochastic,50100,0.5,0.8,3,1.552599507973604,0,1,2,3,2,5,0,0.0,17.0,16,34,False,1.7486922861584793,-58.76676714631633,1,102,1.7486922861584793
43,16,False,16,0.0,0,0.0969866969347129,2.439120000377039,0.10976040001696674,16,16,12,time_pressure,stochastic,50100,1.0,0.8,2,1.5517871509554064,0,1,1,2,3,5,0,0.0,17.0,16,45,False,1.8650421943173705,-67.97285247595508,1,135,1.8650421943173705
31,16,False,16,0.0,0,0.026441657281712324,2.252597367547232,0.08559869996679481,16,16,13,time_pressure,stochastic,50100,1.0,0.8,1,0.4230665165073972,0,2,2,1,4,5,0,0.0,17.0,16,38,False,2.258070295455115,-83.20380718720341,1,114,2.258070295455115
41,16,False,16,0.0,0,0.08532568527793094,2.292863413813615,0.09400739996635821,16,16,14,time_pressure,stochastic,50100,0.5,0.8,2,1.365210964446895,0,1,2,2,3,5,0,0.0,17.0,16,41,False,2.44859058966014,-81.39784073197717,1,123,2.4485905896601405
30,16,False,16,0.0,0,0.028229375071534196,2.496778787948036,0.08239370000228519,16,16,15,time_pressure,stochastic,50100,1.0,0.8,1,0.45167000114454714,0,3,3,1,4,5,0,0.0,17.0,16,33,False,3.014022593450835,-131.51725073599928,1,99,3.0140225934508345
31,16,False,16,0.0,0,0.08194496979805072,2.5073974997212645,0.10029589998885058,16,16,16,time_pressure,stochastic,50100,0.5,0.8,2,1.3111195167688114,0,1,2,2,3,5,0,0.0,17.0,16,40,False,2.138281027680231,-74.17232819546173,1,120,2.138281027680231
33,16,False,16,0.0,0,0.11458283415125922,2.5314758622071483,0.0734128000040073,16,16,17,time_pressure,stochastic,50100,0.6666666666666666,0.8,3,1.8333253464201476,0,2,3,3,2,5,0,0.0,17.0,16,29,False,2.080982402618491,-66.61636807099212,1,87,2.080982402618491
34,10,False,10,0.0,0,0.04499393301975711,2.5524299999233335,0.0765728999977,10,10,18,time_pressure,stochastic,50100,0.6666666666666666,0.8,1,0.44993933019757115,0,2,3,1,4,5,0,0.0,14.0,10,30,False,2.426061299028604,-84.13488899487147,1,90,2.426061299028604
41,12,False,12,0.0,0,0.244178687467091,2.752990323408026,0.08534270002564881,12,12,19,time_pressure,stochastic,50100,0.0,0.8,5,2.930144249605092,0,0,3,5,0,5,0,0.0,15.0,12,31,True,0.0,37.312281338538405,1,93,0.0
31,14,False,14,0.0,0,0.22778863347344003,2.5496159997419454,0.06374039999354864,14,14,20,time_pressure,stochastic,50100,0.0,0.8,4,3.1890408686281604,0,0,2,4,1,5,0,0.0,16.0,14,25,False,0.8102875004627178,-17.907017039015024,1,75,0.8102875004627178
38,14,False,14,0.0,0,0.22574562706364906,2.5069296281327733,0.06768709995958488,14,14,21,time_pressure,stochastic,50100,0.5,0.8,3,3.160438778891087,0,2,4,3,2,5,0,0.0,16.0,14,27,False,2.051872435767722,-60.81141787109132,1,81,2.051872435767722
36,16,False,16,0.0,0,0.12245195396046751,2.5554615391369087,0.06644200001755962,16,16,22,time_pressure,stochastic,50100,0.3333333333333333,0.8,2,1.9592312633674802,0,1,3,2,3,5,0,0.0,17.0,16,26,False,2.3933790870294063,-78.03033254755752,1,78,2.393379087029406
54,15,False,15,0.0,0,0.16504167925019075,2.639902439380133,0.10823600001458544,15,15,23,time_pressure,stochastic,50100,0.5,0.8,4,2.4756251887528613,0,1,2,4,1,5,0,0.0,16.5,15,41,False,0.9896732863473274,-29.145628061855998,1,123,0.9896732863473274
34,16,False,16,0.0,0,0.15353346917579067,2.4146818179195346,0.10624599998845952,16,16,24,time_pressure,stochastic,50100,0.3333333333333333,0.8,3,2.4565355068126506,0,1,3,3,2,5,0,0.0,17.0,16,44,False,1.0703503760417838,-35.70009636886849,1,132,1.0703503760417838
36,16,False,16,0.0,0,0.17319051268909647,2.3240428575566816,0.09760980001738062,16,16,25,time_pressure,stochastic,50100,0.3333333333333333,0.8,3,2.7710482030255434,0,1,3,3,2,5,0,0.0,17.0,16,42,False,1.5087513306947598,-44.90859434027769,1,126,1.5087513306947598
31,16,False,16,0.0,0,0.042148402479498616,2.319063888434256,0.08348629998363322,16,16,26,time_pressure,stochastic,50100,1.0,0.8,1,0.6743744396719779,0,2,2,1,4,5,0,0.0,17.0,16,36,False,2.574245931264374,-118.73602494864431,1,108,2.574245931264374
31,16,False,16,0.0,0,0.19537087128460254,2.404647369028106,0.09137660002306802,16,16,27,time_pressure,stochastic,50100,0.0,0.8,3,3.1259339405536406,0,0,3,3,2,5,0,0.0,17.0,16,38,False,1.0327817368639434,-30.945056548646352,1,114,1.0327817368639434
38,11,False,11,0.0,0,0.2106031722279754,2.493569999690711,0.07480709999072133,11,11,28,time_pressure,stochastic,50100,1.0,0.8,4,2.3166348945077293,0,1,1,4,1,5,0,0.0,14.5,11,30,False,0.5123264043815209,-14.882221035426776,1,90,0.5123264043815209
37,12,False,12,0.0,0,0.1915392002059126,2.4011121947806693,0.09844559998600744,12,12,29,time_pressure,stochastic,50100,0.5,0.8,3,2.2984704024709512,0,1,2,3,2,5,0,0.0,15.0,12,41,False,1.1443519689674393,-37.36085915048035,1,123,1.1443519689674393
37,16,False,16,0.0,0,0.06199070379611052,2.298068965219186,0.0666439999913564,16,16,30,time_pressure,stochastic,50100,1.0,0.8,2,0.9918512607377683,0,2,2,2,3,5,0,0.0,17.0,16,29,False,2.535144494261408,-113.28118615283091,1,87,2.5351444942614085
32,15,False,15,0.0,0,0.19108987985322773,2.3367846157410757,0.06075640000926796,15,15,31,time_pressure,stochastic,50100,0.5,0.8,3,2.8663481977984158,0,2,4,3,2,5,0,0.0,16.5,15,26,False,1.5521154664651928,-45.78215843853763,1,78,1.5521154664651928
43,14,False,14,0.0,0,0.16188072375632487,2.387051724985338,0.06922450002457481,14,14,32,time_pressure,stochastic,50100,0.0,0.8,3,2.266330132588548,0,0,3,3,2,5,0,0.0,16.0,14,29,False,1.1950955518507005,-33.8294644848969,1,87,1.1950955518507005
29,16,False,16,0.0,0,0.03924067586257046,2.662402778393395,0.09584650002216222,16,16,33,time_pressure,stochastic,50100,0.6666666666666666,0.8,1,0.6278508138011274,0,2,3,1,4,5,0,0.0,17.0,16,36,False,2.5080585492347547,-115.28640013127502,1,108,2.5080585492347547
32,11,False,11,0.0,0,0.2919112615859457,2.70016538399012,0.07020429998374311,11,11,34,time_pressure,stochastic,50100,0.0,0.8,5,3.211023877445403,0,0,2,5,0,5,0,0.0,14.5,11,26,True,0.0,35.71515154564119,1,78,0.0
31,16,False,16,0.0,0,0.06755990370726248,2.51812564088957,0.09820689999469323,16,16,35,time_pressure,stochastic,50100,0.6666666666666666,0.8,2,1.0809584593161996,0,2,3,2,3,5,0,0.0,17.0,16,39,False,2.447019023195799,-82.7413033904532,1,117,2.447019023195799
34,16,False,16,0.0,0,0.14772338283443698,3.2209764709370896,0.10951320001186104,16,16,36,time_pressure,stochastic,50100,0.0,0.8,3,2.3635741253509917,0,0,0,3,2,5,0,0.0,17.0,16,34,False,1.4333381893633552,-48.888521645759546,1,102,1.4333381893633552
34,14,False,14,0.0,0,0.1117675616257802,2.4743821431911783,0.069282700009353,14,14,37,time_pressure,stochastic,50100,0.6666666666666666,0.8,3,1.564745862760923,0,2,3,3,2,5,0,0.0,16.0,14,28,False,2.166084399890549,-69.12428351536688,1,84,2.166084399890549
40,15,False,15,0.0,0,0.17840785465862094,2.7029384621598114,0.0702764000161551,15,15,38,time_pressure,stochastic,50100,0.5,0.8,3,2.6761178198793143,0,1,2,3,2,5,0,0.0,16.5,15,26,False,1.4122274390799643,-45.03951837302389,1,78,1.4122274390799643
34,9,False,9,0.0,0,0.31607471648641233,3.236951851889629,0.08739770000101998,9,9,39,time_pressure,stochastic,50100,0.0,0.8,4,2.844672448377711,0,0,2,4,1,5,0,0.0,13.5,9,27,False,0.3984493331528149,-8.687139436718217,1,81,0.3984493331528149
34,16,False,16,0.0,0,0.14477903385874574,2.5925259267549134,0.06999820002238266,16,16,40,time_pressure,stochastic,50100,0.6666666666666666,0.8,3,2.316464541739932,0,2,3,3,2,5,0,0.0,17.0,16,27,False,1.2746281845828895,-42.86907780301341,1,81,1.2746281845828895
51,14,False,14,0.0,0,0.17021379596534494,2.430886111849557,0.08751190002658404,14,14,41,time_pressure,stochastic,50100,0.0,0.8,4,2.3829931435148293,0,0,0,4,1,5,0,0.0,16.0,14,36,False,0.6291134084240779,-20.6963738395652,1,108,0.6291134084240779
28,11,False,11,0.0,0,0.29536219835706023,2.603966665682728,0.07030709997343365,11,11,42,time_pressure,stochastic,50100,0.0,0.8,5,3.2489841819276624,0,0,0,5,0,5,0,0.0,14.5,11,27,True,0.0,31.811587540790057,1,81,0.0
35,16,False,16,0.0,0,0.14192613413742222,3.1249763158388975,0.1187491000018781,16,16,43,time_pressure,stochastic,50100,0.3333333333333333,0.8,3,2.2708181461987555,0,1,3,3,2,5,0,0.0,17.0,16,38,False,1.491830105858011,-45.423692561863405,1,114,1.491830105858011
33,16,False,16,0.0,0,0.05884234078131591,2.6034242431650814,0.08591300002444768,16,16,44,time_pressure,stochastic,50100,0.0,0.8,2,0.9414774525010545,0,0,0,2,3,5,0,0.0,17.0,16,33,False,2.3215841065972613,-81.14561658086421,1,99,2.3215841065972613
31,13,False,13,0.0,0,0.18020681080417705,2.937292856846138,0.08224419999169186,13,13,45,time_pressure,stochastic,50100,0.0,0.8,3,2.3426885404543016,0,0,2,3,2,5,0,0.0,15.5,13,28,False,1.2023359660796296,-35.569749568743084,1,84,1.2023359660796296
43,11,False,11,0.0,0,0.21758621005529513,2.682462962521068,0.07242649998806883,11,11,46,time_pressure,stochastic,50100,1.0,0.8,4,2.3934483106082465,0,1,1,4,1,5,0,0.0,14.5,11,27,False,0.6822184640687446,-21.55137453680998,1,81,0.6822184640687446
34,16,False,16,0.0,0,0.15025522886000905,2.851973913493566,0.06559540001035202,16,16,47,time_pressure,stochastic,50100,0.0,0.8,4,2.404083661760145,0,0,2,4,1,5,0,0.0,17.0,16,23,False,0.46652867358265765,-11.610742121825991,1,69,0.46652867358265765
32,15,False,15,0.0,0,0.22755190716878418,2.9434266662671384,0.08830279998801416,15,15,48,time_pressure,stochastic,50100,0.25,0.8,4,3.4132786075317627,0,1,4,4,1,5,0,0.0,16.5,15,30,False,1.2668839989873355,-32.7297406996486,1,90,1.2668839989873355
27,16,False,16,0.0,0,0.09622192959849163,3.4085636353032016,0.11248259996500565,16,16,49,time_pressure,stochastic,50100,0.3333333333333333,0.8,2,1.539550873575866,0,1,3,2,3,5,0,0.0,17.0,16,33,False,2.4492643580163223,-81.53181566346801,1,99,2.4492643580163223
40,14,False,14,0.0,0,0.16692554521323216,3.6631968750953092,0.1172223000030499,14,14,50,time_pressure,stochastic,50100,0.0,0.8,4,2.3369576329852504,0,0,2,4,1,5,0,0.0,16.0,14,32,False,0.7836633319362553,-19.601302785548697,1,96,0.7836633319362553
35,15,False,15,0.0,0,0.21937131278213837,3.327539285497291,0.09317109999392414,15,15,51,time_pressure,stochastic,50100,0.0,0.8,5,3.2905696917320757,0,0,1,5,0,5,0,0.0,16.5,15,28,True,0.0,30.612991800419287,1,84,0.0
24,10,False,10,0.0,0,0.18863926896438094,2.674622581370415,0.08291330002248287,10,10,52,time_pressure,stochastic,50100,1.0,0.8,3,1.8863926896438095,0,2,2,3,2,5,0,0.0,14.0,10,31,False,1.8629515608502052,-58.884139126405714,1,93,1.8629515608502052
32,13,False,13,0.0,0,0.15417743188448557,2.327744000358507,0.058193600008962676,13,13,53,time_pressure,stochastic,50100,1.0,0.8,3,2.0043066144983124,0,1,1,3,2,5,0,0.0,15.5,13,25,False,1.406133389996197,-44.05835609272754,1,75,1.406133389996197
34,15,False,15,0.0,0,0.04835373151539505,2.517803333224341,0.07553409999673022,15,15,54,time_pressure,stochastic,50100,0.6666666666666666,0.8,1,0.7253059727309258,0,2,3,1,3,5,0,0.0,16.5,15,30,False,2.713568084893107,-118.7684940000177,1,90,2.713568084893107
33,11,False,11,0.0,0,0.26255295170114806,2.204189999611117,0.06612569998833351,11,11,55,time_pressure,stochastic,50100,0.0,0.8,4,2.8880824687126285,0,0,1,4,1,5,0,0.0,14.5,11,30,False,0.5145572058044368,-12.910596585571646,1,90,0.5145572058044368
39,14,False,14,0.0,0,0.16642405731656645,2.501986206535266,0.07255759998952271,14,14,56,time_pressure,stochastic,50100,0.0,0.8,4,2.3299368024319302,0,0,2,4,1,5,0,0.0,16.0,14,29,False,0.6477800771000488,-17.634494355239116,1,87,0.6477800771000488
31,11,False,11,0.0,0,0.24556653789167496,2.6864800005569123,0.0671620000139228,11,11,57,time_pressure,stochastic,50100,0.5,0.8,4,2.7012319168084247,0,1,2,4,1,5,0,0.0,14.5,11,25,False,0.7405436525627114,-20.176884845064865,1,75,0.7405436525627114
36,16,False,16,0.0,0,0.15023323986242548,2.5109000005712105,0.09290330002113478,16,16,58,time_pressure,stochastic,50100,0.5,0.8,3,2.4037318377988077,0,1,2,3,2,5,0,0.0,17.0,16,37,False,0.9469161286420547,-32.41088832726557,1,111,0.9469161286420547
39,16,False,16,0.0,0,0.2646887656277074,2.2792285705820956,0.06381839997629868,16,16,59,time_pressure,stochastic,50100,0.0,0.8,5,4.235020250043318,0,0,3,5,0,5,0,0.0,17.0,16,28,True,0.0,33.239177123811054,1,84,0.0
37,16,False,16,0.0,0,0.11183625333443199,2.224399999484435,0.06895639998401748,16,16,60,time_pressure,stochastic,50100,1.0,0.8,3,1.7893800533509119,0,1,1,3,2,5,0,0.0,17.0,16,31,False,1.7017404803771587,-57.87355029965425,1,93,1.7017404803771587
27,16,False,16,0.0,0,0.07946632807550569,2.9512807688241502,0.0767332999894279,16,16,61,time_pressure,stochastic,50100,0.6666666666666666,0.8,2,1.271461249208091,0,2,3,2,3,5,0,0.0,17.0,16,26,False,1.9332144574021315,-65.92231411930857,1,78,1.9332144574021315
38,9,False,9,0.0,0,0.2826464562343558,2.5147058828117546,0.08550000001559965,9,9,62,time_pressure,stochastic,50100,0.5,0.8,3,2.5438181061092022,0,1,2,3,2,5,0,0.0,13.5,9,34,False,1.3195622736802541,-39.13533695234155,1,102,1.3195622736802541
26,15,False,15,0.0,0,0.1704969284147907,2.7426041663905685,0.06582249999337364,15,15,63,time_pressure,stochastic,50100,0.0,0.8,4,2.5574539262218603,0,0,1,4,1,5,0,0.0,16.5,15,24,False,0.5986207727751373,-16.246741987998597,1,72,0.5986207727751373
40,16,False,16,0.0,0,0.1081488877474257,2.7190666670018495,0.08157200001005549,16,16,64,time_pressure,stochastic,50100,0.5,0.8,2,1.7303822039588113,0,1,2,2,3,5,0,0.0,17.0,16,30,False,2.0307990959707745,-68.21841001652402,1,90,2.0307990959707745
32,16,False,16,0.0,0,0.05930367183530841,2.7848897434290474,0.10861069999373285,16,16,65,time_pressure,stochastic,50100,0.0,0.8,2,0.9488587493649345,0,0,0,2,3,5,0,0.0,17.0,16,39,False,1.9092548534105487,-69.14294465531071,1,117,1.9092548534105487
33,16,False,16,0.0,0,0.09241478136641905,2.8255125009764015,0.09041640003124485,16,16,66,time_pressure,stochastic,50100,1.0,0.8,2,1.4786365018627048,0,2,2,2,3,5,0,0.0,17.0,16,32,False,2.0122090870995004,-69.12669125418512,1,96,2.0122090870995004
36,14,False,14,0.0,0,0.29637121450952997,2.6300521744617624,0.06049120001262054,14,14,67,time_pressure,stochastic,50100,0.0,0.8,5,4.14919700313342,0,0,2,5,0,5,0,0.0,16.0,14,23,True,0.0,35.03369935355241,1,69,0.0
40,12,False,12,0.0,0,0.17774233435336603,2.627115150971804,0.08669479998206953,12,12,68,time_pressure,stochastic,50100,1.0,0.8,4,2.1329080122403923,0,1,1,4,1,5,0,0.0,15.0,12,33,False,0.8170142277552503,-26.794494327919434,1,99,0.8170142277552503
30,14,False,14,0.0,0,0.07701500321999762,2.664678125483988,0.08526970001548762,14,14,69,time_pressure,stochastic,50100,0.6666666666666666,0.8,2,1.0782100450799665,0,2,3,2,3,5,0,0.0,16.0,14,32,False,2.7697483012836823,-118.00216960812831,1,96,2.7697483012836823
29,16,False,16,0.0,0,0.11997635748652752,2.691139284641914,0.0753518999699736,16,16,70,time_pressure,stochastic,50100,0.0,0.8,3,1.9196217197844403,0,0,1,3,2,5,0,0.0,17.0,16,28,False,1.3427277697190663,-46.56736299535541,1,84,1.3427277697190663
46,16,False,16,0.0,0,0.031017665380809453,2.560671428260061,0.10754819998692255,16,16,71,time_pressure,stochastic,50100,1.0,0.8,1,0.49628264609295125,0,1,1,1,4,5,0,0.0,17.0,16,42,False,1.898036576975298,-73.71910581074484,1,126,1.8980365769752983
31,14,False,14,0.0,0,0.16826244169094196,2.693370369444084,0.07272099997499026,14,14,72,time_pressure,stochastic,50100,0.0,0.8,3,2.3556741836731874,0,0,2,3,2,5,0,0.0,16.0,14,27,False,0.881542516966153,-27.545991117573124,1,81,0.881542516966153
31,16,False,16,0.0,0,0.06400842268711943,3.0120524990707054,0.12048209996282822,16,16,73,time_pressure,stochastic,50100,0.6666666666666666,0.8,2,1.0241347629939108,0,2,3,2,3,5,0,0.0,17.0,16,40,False,2.975652667584303,-123.28882646111452,1,120,2.975652667584303
42,11,False,11,0.0,0,0.1866246120585557,2.78309062491644,0.08905889999732608,11,11,74,time_pressure,stochastic,50100,0.0,0.8,4,2.052870732644113,0,0,1,4,1,5,0,0.0,14.5,11,32,False,0.4283943412401648,-9.999009269217398,1,96,0.4283943412401648
41,15,False,15,0.0,0,0.14183016840614515,2.7265421055122525,0.10360860000946559,15,15,75,time_pressure,stochastic,50100,0.5,0.8,3,2.1274525260921773,0,1,2,3,2,5,0,0.0,16.5,15,38,False,1.4444228668673038,-47.94985020112892,1,114,1.4444228668673038
35,16,False,16,0.0,0,0.033368996821592375,2.6335837202739554,0.11324409997178009,16,16,76,time_pressure,stochastic,50100,0.5,0.8,1,0.533903949145478,0,1,2,1,4,5,0,0.0,17.0,16,43,False,2.993448595152579,-130.45496797599824,1,129,2.993448595152579
36,13,False,13,0.0,0,0.25975205579292593,3.2655086960522053,0.07510670000920072,13,13,77,time_pressure,stochastic,50100,0.0,0.8,5,3.376776725308037,0,0,1,5,0,5,0,0.0,15.5,13,23,True,0.0,32.506124745212794,1,69,0.0
34,14,False,14,0.0,0,0.3197870142408212,2.578907692133306,0.06705159999546595,14,14,78,time_pressure,stochastic,50100,0.0,0.8,5,4.477018199371496,0,0,3,5,0,5,0,0.0,16.0,14,26,True,0.0,35.446886550892046,1,78,0.0
42,16,False,16,0.0,0,0.12152395373757999,2.5662323526322486,0.08725189998949645,16,16,79,time_pressure,stochastic,50100,0.5,0.8,2,1.9443832598012798,0,1,2,2,3,5,0,0.0,17.0,16,34,False,1.913292741679916,-65.63079411883305,1,102,1.913292741679916
39,16,False,16,0.0,0,0.16025128039907116,2.819272413787609,0.08175889999984065,16,16,80,time_pressure,stochastic,50100,1.0,0.8,4,2.5640204863851386,0,1,1,4,1,5,0,0.0,17.0,16,29,False,0.6031605721354413,-18.7082318337289,1,87,0.6031605721354413
30,9,False,9,0.0,0,0.4945691706397557,2.4811576927627006,0.06451010001183022,9,9,81,time_pressure,stochastic,50100,0.0,0.8,5,4.4511225357578015,0,0,3,5,0,5,0,0.0,13.5,9,26,True,0.0,40.16947199677438,1,78,0.0
40,16,False,16,0.0,0,0.11710126609272742,2.7486874991154764,0.10994749996461906,16,16,82,time_pressure,stochastic,50100,0.0,0.8,3,1.8736202574836387,0,0,0,3,2,5,0,0.0,17.0,16,40,False,1.5421553982595682,-51.53351435535485,1,120,1.5421553982595682
35,13,False,13,0.0,0,0.11202221435529101,2.926538461626758,0.07609000000229571,13,13,83,time_pressure,stochastic,50100,1.0,0.8,2,1.4562887866187832,0,1,1,2,3,5,0,0.0,15.5,13,26,False,2.508121759112173,-107.052561372712,1,78,2.508121759112173
38,16,False,16,0.0,0,0.21190963420272527,3.5739437494157755,0.11436619998130482,16,16,84,time_pressure,stochastic,50100,0.3333333333333333,0.8,4,3.3905541472436043,0,1,3,4,1,5,0,0.0,17.0,16,32,False,0.5714757499326176,-13.193662379307414,1,96,0.5714757499326176
42,14,False,14,0.0,0,0.1354669770742388,2.7798433334586057,0.08339530000375817,14,14,85,time_pressure,stochastic,50100,0.6666666666666666,0.8,3,1.8965376790393431,0,2,3,3,2,5,0,0.0,16.0,14,30,False,1.238868325251968,-41.36058215178259,1,90,1.238868325251968
37,16,False,16,0.0,0,0.08398200057580485,2.6632031240296783,0.0852224999689497,16,16,86,time_pressure,stochastic,50100,0.6666666666666666,0.8,2,1.3437120092128776,0,2,3,2,3,5,0,0.0,17.0,16,32,False,1.9186090097645523,-65.43212353892568,1,96,1.9186090097645523
28,11,False,11,0.0,0,0.3419635122641418,2.5009090908993543,0.055019999999785796,11,11,87,time_pressure,stochastic,50100,0.0,0.8,5,3.76159863490556,0,0,2,5,0,5,0,0.0,14.5,11,22,True,0.0,37.11722742731466,1,66,0.0
30,13,False,13,0.0,0,0.20621621126530904,2.287800000986964,0.061770600026648026,13,13,88,time_pressure,stochastic,50100,0.3333333333333333,0.8,4,2.6808107464490174,0,1,3,4,1,5,0,0.0,15.5,13,27,False,0.5233465424173844,-14.100085748582572,1,81,0.5233465424173844
44,16,False,16,0.0,0,0.08309043101875642,2.298593616944074,0.10803389999637147,16,16,89,time_pressure,stochastic,50100,1.0,0.8,2,1.3294468963001027,0,2,2,2,3,5,0,0.0,17.0,16,47,False,2.4796001926274176,-87.10449654259374,1,141,2.4796001926274176
48,16,False,16,0.0,0,0.0728514388089872,2.3783676470510033,0.08086449999973411,16,16,90,time_pressure,stochastic,50100,1.0,0.8,2,1.1656230209437952,0,1,1,2,3,5,0,0.0,17.0,16,34,False,2.521718744886897,-113.44454574971809,1,102,2.521718744886897
34,16,False,16,0.0,0,0.12186897990609899,2.638323332212167,0.079149699966365,16,16,91,time_pressure,stochastic,50100,0.6666666666666666,0.8,2,1.9499036784975838,0,2,3,2,3,5,0,0.0,17.0,16,30,False,1.96916330731207,-68.00195085671616,1,90,1.96916330731207
29,12,False,12,0.0,0,0.3131486364017653,2.8033333335231334,0.0756900000051246,12,12,92,time_pressure,stochastic,50100,0.0,0.8,5,3.757783636821184,0,0,2,5,0,5,0,0.0,15.0,12,27,True,0.0,34.78668215632329,1,81,0.0
43,16,False,16,0.0,0,0.12862900729241084,4.27197666625337,0.12815929998760112,16,16,93,time_pressure,stochastic,50100,0.0,0.8,4,2.0580641166785734,0,0,1,4,1,5,0,0.0,17.0,16,30,False,0.7384948983890993,-23.376018715299764,1,90,0.7384948983890993
31,14,False,14,0.0,0,0.18964094870409295,4.020504000072833,0.10051260000182083,14,14,94,time_pressure,stochastic,50100,0.0,0.8,4,2.6549732818573015,0,0,0,4,1,5,0,0.0,16.0,14,25,False,0.7754631893399688,-21.162767937867173,1,75,0.7754631893399688
28,16,False,16,0.0,0,0.15979707290902168,3.3075037038846253,0.08930260000488488,16,16,95,time_pressure,stochastic,50100,0.5,0.8,3,2.556753166544347,0,1,2,3,2,5,0,0.0,17.0,16,27,False,1.0223456133712034,-32.702866226431254,1,81,1.0223456133712034
41,13,False,13,0.0,0,0.3487152363379238,2.512186111238811,0.0904387000045972,13,13,96,time_pressure,stochastic,50100,0.0,0.8,5,4.533298072393009,0,0,5,5,0,5,0,0.0,15.5,13,36,True,0.0,40.68695787395685,1,108,0.0
30,16,False,16,0.0,0,0.09250304270386436,2.2191387097043314,0.06879330000083428,16,16,97,time_pressure,stochastic,50100,1.0,0.8,2,1.4800486832618298,0,1,1,2,3,5,0,0.0,17.0,16,31,False,2.6162139812701897,-113.43102905949671,1,93,2.6162139812701897
29,16,False,16,0.0,0,0.13026233007425758,2.496217242000496,0.07239030001801439,16,16,98,time_pressure,stochastic,50100,0.3333333333333333,0.8,2,2.0841972811881213,0,1,3,2,3,5,0,0.0,17.0,16,29,False,1.8300398549601615,-60.232984852398964,1,87,1.8300398549601615
30,16,False,16,0.0,0,0.11090235321057429,2.1338044449091993,0.09602120002091397,16,16,99,time_pressure,stochastic,50100,0.6666666666666666,0.8,2,1.7744376513691886,0,2,3,2,3,5,0,0.0,17.0,16,45,False,2.4238720267554736,-81.19224277371009,1,135,2.4238720267554736
40,16,False,16,0.0,0,0.041803257648128735,2.34032200081856,0.117016100040928,16,16,0,heterogeneity_pressure,stochastic,50200,0.0,0.8,1,0.6688521223700598,0,0,2,1,3,5,0,0.0,15.399999999999999,16,50,False,1.7954657155558982,-67.47354067044918,1,150,1.7954657155558982
37,16,False,16,0.0,0,0.20892676507972752,2.1906260003743228,0.10953130001871614,16,16,1,heterogeneity_pressure,stochastic,50200,0.0,0.8,4,3.3428282412756403,0,0,2,4,0,5,0,0.0,15.399999999999999,16,50,False,0.0,4.092498874571154,1,150,0.0
49,16,False,16,0.0,0,0.18656958977364996,2.6351510202904156,0.12912239999423036,16,16,2,heterogeneity_pressure,stochastic,50200,0.0,0.8,4,2.9851134363783993,0,0,3,4,1,5,0,0.0,15.399999999999999,16,49,False,0.40186997600964003,-7.59465033226666,1,147,0.40186997600964003
38,15,False,15,0.0,0,0.15238277680378592,2.4100837840091414,0.08917310000833822,15,15,3,heterogeneity_pressure,stochastic,50200,0.3333333333333333,0.8,3,2.285741652056789,0,1,3,3,2,5,0,0.0,15.149999999999999,15,37,False,1.206132715469599,-37.13499574086198,1,111,1.206132715469599
48,16,False,16,0.0,0,0.1451954859219732,2.3944179994578008,0.11972089997289004,16,16,4,heterogeneity_pressure,stochastic,50200,0.5,0.8,3,2.3231277747515713,0,1,2,3,1,5,0,0.0,15.399999999999999,16,50,False,1.2950817828346253,-44.62406042246238,1,150,1.2950817828346253
37,16,False,16,0.0,0,0.16985006137127306,2.0928424251685627,0.06906380003056256,16,16,5,heterogeneity_pressure,stochastic,50200,0.5,0.8,4,2.717600981940369,0,1,2,4,1,5,0,0.0,15.399999999999999,16,33,False,0.6201900953416328,-16.664387851650876,1,99,0.6201900953416328
36,16,False,16,0.0,0,0.07916429279459836,2.172903999889968,0.1086451999944984,16,16,6,heterogeneity_pressure,stochastic,50200,0.6666666666666666,0.8,2,1.2666286847135737,0,2,3,2,2,5,0,0.0,15.399999999999999,16,50,False,0.9845086059729371,-40.96272344328379,1,150,0.9845086059729371
29,10,False,10,0.0,0,0.3955248206587131,2.097620833107309,0.05034289999457542,10,10,7,heterogeneity_pressure,stochastic,50200,0.0,0.8,5,3.9552482065871306,0,0,3,5,0,5,0,0.0,13.899999999999999,10,24,True,0.0,37.52745057224826,1,72,0.0
55,16,False,16,0.0,0,0.15832627838094668,2.126089361789785,0.09992620000411989,16,16,8,heterogeneity_pressure,stochastic,50200,0.3333333333333333,0.8,4,2.533220454095147,0,1,3,4,1,5,0,0.0,15.399999999999999,16,47,False,0.5666945659952343,-14.140176920783405,1,141,0.5666945659952343
37,16,False,16,0.0,0,0.09973167109122166,2.090955999738071,0.10454779998690356,16,16,9,heterogeneity_pressure,stochastic,50200,0.0,0.8,2,1.5957067374595466,0,0,0,2,2,5,0,0.0,15.399999999999999,16,50,False,1.329108592503069,-49.22787087631367,1,150,1.329108592503069
44,16,False,16,0.0,0,0.16035828084138226,2.392649999674177,0.11963249998370884,16,16,10,heterogeneity_pressure,stochastic,50200,0.0,0.8,4,2.565732493462116,0,0,3,4,0,5,0,0.0,15.399999999999999,16,50,False,0.0,4.846384371589288,1,150,0.0
43,16,False,16,0.0,0,0.20961761688709668,2.486753999546636,0.1243376999773318,16,16,11,heterogeneity_pressure,stochastic,50200,0.0,0.8,5,3.353881870193547,0,0,0,5,0,5,0,0.0,15.399999999999999,16,50,True,0.0,29.57855181633746,1,150,0.0
39,16,False,16,0.0,0,0.034479658882318936,2.635011999082053,0.13175059995410265,16,16,12,heterogeneity_pressure,stochastic,50200,0.0,0.8,1,0.551674542117103,0,0,0,1,3,5,0,0.0,15.399999999999999,16,50,False,1.7163655826028,-67.7684929691462,1,150,1.7163655826028
35,16,False,16,0.0,0,0.09715581985766558,2.5215040001785383,0.1260752000089269,16,16,13,heterogeneity_pressure,stochastic,50200,0.0,0.8,2,1.5544931177226493,0,0,2,2,1,5,0,0.0,15.399999999999999,16,50,False,0.5761709641127765,-25.69182091040256,1,150,0.5761709641127765
44,15,False,15,0.0,0,0.12237230689169694,2.5962260001688264,0.12981130000844132,15,15,14,heterogeneity_pressure,stochastic,50200,0.0,0.8,2,1.8355846033754541,0,0,4,2,0,5,0,0.0,15.149999999999999,15,50,False,0.0,-7.493498157830841,1,150,0.0
44,16,False,16,0.0,0,0.061656112729697454,2.2545978724163898,0.10596610000357032,16,16,15,heterogeneity_pressure,stochastic,50200,0.8,0.8,1,0.9864978036751593,0,4,5,1,4,5,0,0.0,15.399999999999999,16,47,False,3.137164216754144,-132.72919044878458,1,141,3.137164216754144
46,14,False,14,0.0,0,0.11295820755860524,2.26020400019479,0.11301020000973949,14,14,16,heterogeneity_pressure,stochastic,50200,0.0,0.8,3,1.5814149058204734,0,0,2,3,1,5,0,0.0,14.899999999999999,14,50,False,0.6366017431043071,-24.62835823216922,1,150,0.6366017431043071
29,13,False,13,0.0,0,0.18592921685953187,2.5396799998998176,0.12698399999499088,13,13,17,heterogeneity_pressure,stochastic,50200,1.0,0.8,3,2.4170798191739142,0,1,1,3,1,5,0,0.0,14.649999999999999,13,50,False,0.5680837713631771,-21.019918985899043,1,150,0.5680837713631771
45,16,False,16,0.0,0,0.02140821746925233,2.3703339997155126,0.11851669998577563,16,16,18,heterogeneity_pressure,stochastic,50200,0.0,0.8,1,0.3425314795080373,0,0,1,1,2,5,0,0.0,15.399999999999999,16,50,False,0.7156502238378879,-38.35468986553895,1,150,0.7156502238378879
42,13,False,13,0.0,0,0.199814487355622,2.2694640008558054,0.11347320004279027,13,13,19,heterogeneity_pressure,stochastic,50200,0.0,0.8,3,2.5975883356230858,0,0,1,3,1,5,0,0.0,14.649999999999999,13,50,False,0.5014508840517655,-18.655452925938757,1,150,0.5014508840517655
39,16,False,16,0.0,0,0.0,2.2382300000754185,0.11191150000377093,16,16,20,heterogeneity_pressure,stochastic,50200,0.0,0.8,0,0.0,0,0,2,0,2,5,0,0.0,15.399999999999999,16,50,False,0.7826876562965421,-43.88062968889629,1,150,0.7826876562965421
53,14,False,14,0.0,0,0.08655497829710788,2.390788000484463,0.11953940002422314,14,14,21,heterogeneity_pressure,stochastic,50200,0.0,0.8,2,1.2117696961595104,0,0,2,2,0,5,0,0.0,14.899999999999999,14,50,False,0.0,-10.567543235555679,1,150,0.0
29,12,False,12,0.0,0,0.20237003617104232,2.1838180009217467,0.10919090004608734,12,12,22,heterogeneity_pressure,stochastic,50200,0.0,0.8,5,2.428440434052508,0,0,1,5,0,5,0,0.0,14.399999999999999,12,50,True,0.0,29.128554013823507,1,150,0.0
40,15,False,15,0.0,0,0.08986610583153043,2.7271419996395707,0.13635709998197854,15,15,23,heterogeneity_pressure,stochastic,50200,0.0,0.8,1,1.3479915874729564,0,0,2,1,1,5,0,0.0,15.149999999999999,15,50,False,0.6549370584510189,-32.097078717506484,1,150,0.6549370584510189
31,16,False,16,0.0,0,0.024721681604185322,2.298587999830488,0.1149293999915244,16,16,24,heterogeneity_pressure,stochastic,50200,1.0,0.8,1,0.39554690566696515,0,2,2,1,3,5,0,0.0,15.399999999999999,16,50,False,2.227950179167012,-83.66068552433993,1,150,2.2279501791670127
33,15,False,15,0.0,0,0.043747577744177,2.2169512200734305,0.09089500002301065,15,15,25,heterogeneity_pressure,stochastic,50200,0.75,0.8,1,0.656213666162655,0,3,4,1,4,5,0,0.0,15.149999999999999,15,41,False,3.0471461979409087,-130.43921490171823,1,123,3.0471461979409087
44,15,False,15,0.0,0,0.03862701525772976,2.1184019999054726,0.10592009999527363,15,15,26,heterogeneity_pressure,stochastic,50200,0.3333333333333333,0.8,1,0.5794052288659465,0,1,3,1,2,5,0,0.0,15.149999999999999,15,50,False,1.0224671086481574,-46.83747724785387,1,150,1.0224671086481574
49,16,False,16,0.0,0,0.09944039547308683,2.0619920002354775,0.10309960001177387,16,16,27,heterogeneity_pressure,stochastic,50200,0.3333333333333333,0.8,2,1.5910463275693894,0,1,3,2,2,5,0,0.0,15.399999999999999,16,50,False,1.0526913757717082,-40.98514844986626,1,150,1.0526913757717082
43,16,False,16,0.0,0,0.052488402672595025,2.9361219993734267,0.14680609996867133,16,16,28,heterogeneity_pressure,stochastic,50200,0.25,0.8,2,0.8398144427615204,0,1,4,2,1,5,0,0.0,15.399999999999999,16,50,False,0.7117577161606027,-31.715931864553365,1,150,0.7117577161606027
38,16,False,16,0.0,0,0.05623409608567278,2.5546360001317225,0.12773180000658613,16,16,29,heterogeneity_pressure,stochastic,50200,0.5,0.8,1,0.8997455373707645,0,1,2,1,3,5,0,0.0,15.399999999999999,16,50,False,2.3068092671864804,-82.39694635421854,1,150,2.3068092671864804
37,16,False,16,0.0,0,0.16342981965750147,2.3135735292966917,0.07866149999608751,16,16,30,heterogeneity_pressure,stochastic,50200,0.4,0.8,3,2.6148771145200236,0,2,5,3,2,5,0,0.0,15.399999999999999,16,34,False,1.596559541428772,-45.29725732524402,1,102,1.596559541428772
43,16,False,16,0.0,0,0.15780119787975844,2.2928719998162705,0.11464359999081353,16,16,31,heterogeneity_pressure,stochastic,50200,0.0,0.8,3,2.524819166076135,0,0,1,3,1,5,0,0.0,15.399999999999999,16,50,False,0.5304034394889863,-18.812799212676513,1,150,0.5304034394889863
24,8,False,8,0.0,0,0.08156859554261701,2.296669999777805,0.11483349998889025,8,8,32,heterogeneity_pressure,stochastic,50200,0.0,0.8,1,0.6525487643409361,0,0,3,1,1,5,0,0.0,13.399999999999999,8,50,False,0.6462544907284694,-29.82534110285375,1,150,0.6462544907284694
31,16,False,16,0.0,0,0.08592519742183669,2.293274000112433,0.11466370000562165,16,16,33,heterogeneity_pressure,stochastic,50200,0.6666666666666666,0.8,2,1.374803158749387,0,2,3,2,2,5,0,0.0,15.399999999999999,16,50,False,0.9674604439976774,-38.81305505592379,1,150,0.9674604439976774
39,16,False,16,0.0,0,0.23251956302513133,2.200204081065972,0.10780999997223262,16,16,34,heterogeneity_pressure,stochastic,50200,0.0,0.8,4,3.720313008402101,0,0,2,4,1,5,0,0.0,15.399999999999999,16,49,False,0.5739612459481226,-12.515325687382795,1,147,0.5739612459481226
48,16,False,16,0.0,0,0.029301279331841637,2.182524490030007,0.10694370001147036,16,16,35,heterogeneity_pressure,stochastic,50200,1.0,0.8,1,0.4688204693094662,0,2,2,1,4,5,0,0.0,15.399999999999999,16,49,False,2.8723713178660084,-127.83819065141256,1,147,2.8723713178660084
30,16,False,16,0.0,0,0.05783073410355241,2.3814100002346095,0.11907050001173047,16,16,36,heterogeneity_pressure,stochastic,50200,0.5,0.8,2,0.9252917456568386,0,1,2,2,2,5,0,0.0,15.399999999999999,16,50,False,1.2636556647174417,-48.051875031560165,1,150,1.2636556647174417
39,11,False,11,0.0,0,0.23751840325997298,2.4834687501424924,0.07947100000455976,11,11,37,heterogeneity_pressure,stochastic,50200,0.0,0.8,4,2.6127024358597026,0,0,2,4,1,5,0,0.0,14.149999999999999,11,32,False,0.6677699986855913,-15.822860333115605,1,96,0.6677699986855913
41,13,False,13,0.0,0,0.2221442254973804,2.3825820001366083,0.11912910000683041,13,13,38,heterogeneity_pressure,stochastic,50200,0.6666666666666666,0.8,3,2.887874931465945,0,2,3,3,2,5,0,0.0,14.649999999999999,13,50,False,1.625862416514301,-50.89111589192271,1,150,1.625862416514301
48,16,False,16,0.0,0,0.12362313096331387,2.2552719997474924,0.11276359998737462,16,16,39,heterogeneity_pressure,stochastic,50200,0.0,0.8,4,1.977970095413022,0,0,1,4,0,5,0,0.0,15.399999999999999,16,50,False,0.0,-4.4102089534543385,1,150,0.0
20,5,False,5,0.0,0,0.7406832156674337,2.106010001443792,0.02106010001443792,5,5,40,heterogeneity_pressure,stochastic,50200,0.0,0.8,5,3.7034160783371686,0,0,1,5,0,5,0,0.0,11.399999999999999,5,10,True,0.0,39.540953111530925,1,30,0.0
41,16,False,16,0.0,0,0.11822485084518652,2.3138162789617254,0.09949409999535419,16,16,41,heterogeneity_pressure,stochastic,50200,0.75,0.8,2,1.8915976135229844,0,3,4,2,3,5,0,0.0,15.399999999999999,16,43,False,2.2487456029452932,-75.36369310495158,1,129,2.2487456029452932
45,16,False,16,0.0,0,0.044739301993193994,2.061965999309905,0.10309829996549524,16,16,42,heterogeneity_pressure,stochastic,50200,0.0,0.8,1,0.7158288318911039,0,0,2,1,1,5,0,0.0,15.399999999999999,16,50,False,0.9251319649076403,-43.650543878755414,1,150,0.9251319649076403
36,13,False,13,0.0,0,0.09492122372964441,2.049604000785621,0.10248020003928104,13,13,43,heterogeneity_pressure,stochastic,50200,0.0,0.8,2,1.2339759084853774,0,0,1,2,1,5,0,0.0,14.649999999999999,13,50,False,0.8058660947943551,-33.46461540852953,1,150,0.8058660947943551
37,11,False,11,0.0,0,0.1562776206052874,2.078493999724742,0.1039246999862371,11,11,44,heterogeneity_pressure,stochastic,50200,0.6666666666666666,0.8,2,1.7190538266581616,0,2,3,2,2,5,0,0.0,14.149999999999999,11,50,False,1.9189585386669923,-63.85694104925073,1,150,1.9189585386669923
37,16,False,16,0.0,0,0.0,2.1246459998656064,0.10623229999328032,16,16,45,heterogeneity_pressure,stochastic,50200,1.0,0.8,0,0.0,0,1,1,0,4,5,0,0.0,15.399999999999999,16,50,False,2.0132612551980267,-80.79783765594074,1,150,2.0132612551980267
46,13,False,13,0.0,0,0.13174459410100697,2.6221620009164326,0.13110810004582163,13,13,46,heterogeneity_pressure,stochastic,50200,0.0,0.8,2,1.7126797233130908,0,0,0,2,2,5,0,0.0,14.649999999999999,13,50,False,1.0792366590895126,-42.095682102113486,1,150,1.0792366590895126
42,15,False,15,0.0,0,0.24445570349688958,2.4713325570743576,0.10626729995419737,15,15,47,heterogeneity_pressure,stochastic,50200,0.0,0.8,5,3.666835552453344,0,0,2,5,0,5,0,0.0,15.149999999999999,15,43,True,0.0,32.793262721544096,1,129,0.0
46,16,False,16,0.0,0,0.17448747912154405,2.4049519999243785,0.12024759999621892,16,16,48,heterogeneity_pressure,stochastic,50200,0.0,0.8,3,2.791799665944705,0,0,2,3,0,5,0,0.0,15.399999999999999,16,50,False,0.0,-0.8816981323446285,1,150,0.0
57,14,False,14,0.0,0,0.0970893131427009,2.2638879998703487,0.11319439999351744,14,14,49,heterogeneity_pressure,stochastic,50200,1.0,0.8,2,1.3592503839978127,0,1,1,2,2,5,0,0.0,14.899999999999999,14,50,False,1.4264713415602466,-53.55160338277959,1,150,1.4264713415602466
40,16,False,16,0.0,0,0.08009663301183934,2.08884285696383,0.07310949999373406,16,16,50,heterogeneity_pressure,stochastic,50200,1.0,0.8,2,1.2815461281894294,0,2,2,2,3,5,0,0.0,15.399999999999999,16,35,False,2.192652869362016,-74.91013820312952,1,105,2.192652869362016
34,16,False,16,0.0,0,0.04509296216639243,2.102809999778401,0.10514049998892006,16,16,51,heterogeneity_pressure,stochastic,50200,0.3333333333333333,0.8,1,0.7214873946622788,0,1,3,1,2,5,0,0.0,15.399999999999999,16,50,False,1.6040423021516028,-62.0465246804475,1,150,1.6040423021516028
33,13,False,13,0.0,0,0.08942071360978147,2.0776739994471427,0.10388369997235714,13,13,52,heterogeneity_pressure,stochastic,50200,0.0,0.8,2,1.1624692769271592,0,0,2,2,2,5,0,0.0,14.649999999999999,13,50,False,1.2352843707040575,-44.12526676815542,1,150,1.2352843707040575
36,16,False,16,0.0,0,0.029221987276404793,2.4094900001364294,0.12047450000682147,16,16,53,heterogeneity_pressure,stochastic,50200,0.5,0.8,1,0.4675517964224767,0,1,2,1,1,5,0,0.0,15.399999999999999,16,50,False,1.1123186162396006,-49.841328380449085,1,150,1.1123186162396006
48,16,False,16,0.0,0,0.040586568551419816,2.1519780000380706,0.10759890000190353,16,16,54,heterogeneity_pressure,stochastic,50200,0.6,0.8,1,0.6493850968227171,0,3,5,1,3,5,0,0.0,15.399999999999999,16,50,False,1.7978544536482257,-68.91029750541628,1,150,1.7978544536482257
36,14,False,14,0.0,0,0.11604474055191394,2.1781879996706266,0.10890939998353133,14,14,55,heterogeneity_pressure,stochastic,50200,0.0,0.8,2,1.6246263677267951,0,0,2,2,2,5,0,0.0,14.899999999999999,14,50,False,1.0861169441635843,-40.14693433894022,1,150,1.0861169441635843
43,13,False,13,0.0,0,0.1255297976624442,2.077397998946253,0.10386989994731266,13,13,56,heterogeneity_pressure,stochastic,50200,0.0,0.8,3,1.6318873696117748,0,0,2,3,1,5,0,0.0,14.649999999999999,13,50,False,0.39925844056536447,-15.57715291617027,1,150,0.39925844056536447
30,16,False,16,0.0,0,0.03735234355784021,2.000655813093925,0.08602819996303879,16,16,57,heterogeneity_pressure,stochastic,50200,0.5,0.8,1,0.5976374969254433,0,1,2,1,3,5,0,0.0,15.399999999999999,16,43,False,3.0833166155947223,-130.64093625831646,1,129,3.083316615594722
39,16,False,16,0.0,0,0.1034510936298843,2.130763999739429,0.10653819998697145,16,16,58,heterogeneity_pressure,stochastic,50200,0.5,0.8,2,1.6552174980781489,0,2,4,2,2,5,0,0.0,15.399999999999999,16,50,False,1.525656524158872,-52.86260475433687,1,150,1.525656524158872
31,13,False,13,0.0,0,0.08002597950503436,2.2789960000955034,0.11394980000477517,13,13,59,heterogeneity_pressure,stochastic,50200,0.5,0.8,2,1.0403377335654467,0,1,2,2,1,5,0,0.0,14.649999999999999,13,50,False,0.9602565121124119,-37.81458578713849,1,150,0.9602565121124119
48,16,False,16,0.0,0,0.08383781701024612,2.2724779992131516,0.11362389996065758,16,16,60,heterogeneity_pressure,stochastic,50200,0.0,0.8,2,1.341405072163938,0,0,2,2,1,5,0,0.0,15.399999999999999,16,50,False,0.8002742722832701,-34.77897185454461,1,150,0.8002742722832701
27,13,False,13,0.0,0,0.25578386858712693,1.964748000173131,0.09823740000865655,13,13,61,heterogeneity_pressure,stochastic,50200,0.0,0.8,3,3.32519029163265,0,0,3,3,1,5,0,0.0,14.649999999999999,13,50,False,0.45091588417206707,-13.722988337029026,1,150,0.45091588417206707
44,12,False,12,0.0,0,0.3032224153519638,2.0790564109726497,0.08108320002793334,12,12,62,heterogeneity_pressure,stochastic,50200,0.0,0.8,5,3.6386689842235658,0,0,1,5,0,5,0,0.0,14.399999999999999,12,39,True,0.0,30.296510755143032,1,117,0.0
44,16,False,16,0.0,0,0.1827934767641374,2.249903448532207,0.065247200007434,16,16,63,heterogeneity_pressure,stochastic,50200,0.0,0.8,4,2.9246956282261984,0,0,3,4,1,5,0,0.0,15.399999999999999,16,29,False,0.33046669070439577,-3.97957904140263,1,87,0.33046669070439577
32,14,False,14,0.0,0,0.2450607721535077,2.5113176467557956,0.08538479998969706,14,14,64,heterogeneity_pressure,stochastic,50200,0.0,0.8,5,3.4308508101491078,0,0,3,5,0,5,0,0.0,14.899999999999999,14,34,True,0.0,35.57457276624435,1,102,0.0
31,16,False,16,0.0,0,0.08419112686417698,2.1536720007134136,0.10768360003567068,16,16,65,heterogeneity_pressure,stochastic,50200,0.3333333333333333,0.8,2,1.3470580298268318,0,1,3,2,1,5,0,0.0,15.399999999999999,16,50,False,0.6528464431172156,-28.847968754892,1,150,0.6528464431172156
37,14,False,14,0.0,0,0.1798022345806706,2.1173432432004957,0.07834169999841833,14,14,66,heterogeneity_pressure,stochastic,50200,0.0,0.8,4,2.5172312841293882,0,0,2,4,1,5,0,0.0,14.899999999999999,14,37,False,0.6941553589581558,-16.274802961478294,1,111,0.6941553589581558
47,14,False,14,0.0,0,0.14886940123924972,2.2068919993762393,0.11034459996881196,14,14,67,heterogeneity_pressure,stochastic,50200,0.0,0.8,3,2.084171617349496,0,0,2,3,1,5,0,0.0,14.899999999999999,14,50,False,0.5270611553335741,-18.479051106479194,1,150,0.5270611553335741
49,16,False,16,0.0,0,0.16826674183919899,2.131455999915488,0.1065727999957744,16,16,68,heterogeneity_pressure,stochastic,50200,0.0,0.8,3,2.6922678694271838,0,0,3,3,1,5,0,0.0,15.399999999999999,16,50,False,0.2807759352049363,-11.057269430859874,1,150,0.2807759352049363
56,16,False,16,0.0,0,0.17441078386140355,2.054121999826748,0.1027060999913374,16,16,69,heterogeneity_pressure,stochastic,50200,0.0,0.8,3,2.7905725417824567,0,0,3,3,1,5,0,0.0,15.399999999999999,16,50,False,0.9233125749299731,-28.075155084343457,1,150,0.9233125749299731
37,16,False,16,0.0,0,0.14142144366995058,2.002263999747811,0.10011319998739054,16,16,70,heterogeneity_pressure,stochastic,50200,0.5,0.8,2,2.262743098719209,0,2,4,2,2,5,0,0.0,15.399999999999999,16,50,False,1.7824529105228168,-59.06428109995284,1,150,1.7824529105228168
49,16,False,16,0.0,0,0.11241092713229506,1.9994859999860637,0.09997429999930318,16,16,71,heterogeneity_pressure,stochastic,50200,0.0,0.8,3,1.798574834116721,0,0,0,3,0,5,0,0.0,15.399999999999999,16,50,False,0.0,-7.210610084480484,1,150,0.0
35,13,False,13,0.0,0,0.2943507371220362,2.0826900000975,0.10413450000487501,13,13,72,heterogeneity_pressure,stochastic,50200,0.0,0.8,4,3.8265595825864707,0,0,4,4,0,5,0,0.0,14.649999999999999,13,50,False,0.0,7.056464832564739,1,150,0.0
44,16,False,16,0.0,0,0.10440988203564947,1.9923380001273472,0.09961690000636736,16,16,73,heterogeneity_pressure,stochastic,50200,0.0,0.8,2,1.6705581125703914,0,0,1,2,1,5,0,0.0,15.399999999999999,16,50,False,0.8266511253854415,-31.96125635247758,1,150,0.8266511253854415
37,16,False,16,0.0,0,0.035003231737083126,2.105753332175987,0.09475889994791942,16,16,74,heterogeneity_pressure,stochastic,50200,0.6666666666666666,0.8,1,0.56005170779333,0,2,3,1,3,5,0,0.0,15.399999999999999,16,45,False,3.197747340983789,-136.91789607702367,1,135,3.1977473409837884
35,16,False,16,0.0,0,0.02961651540875697,2.336178000259679,0.11680890001298394,16,16,75,heterogeneity_pressure,stochastic,50200,0.0,0.8,1,0.4738642465401115,0,0,0,1,3,5,0,0.0,15.399999999999999,16,50,False,2.112389410522861,-79.40669121512275,1,150,2.112389410522861
27,16,False,16,0.0,0,0.17030761681133866,2.3836194446226324,0.08581030000641476,16,16,76,heterogeneity_pressure,stochastic,50200,0.0,0.8,4,2.7249218689814185,0,0,1,4,1,5,0,0.0,15.399999999999999,16,36,False,0.3806527652459186,-7.218246004598507,1,108,0.3806527652459186
47,16,False,16,0.0,0,0.10589040886029986,1.9910680002067238,0.09955340001033619,16,16,77,heterogeneity_pressure,stochastic,50200,0.0,0.8,3,1.6942465417647978,0,0,1,3,1,5,0,0.0,15.399999999999999,16,50,False,0.2985928855477921,-13.953703236108367,1,150,0.2985928855477921
49,16,False,16,0.0,0,0.14473666754645706,2.09895400039386,0.104947700019693,16,16,78,heterogeneity_pressure,stochastic,50200,0.5,0.8,2,2.315786680743313,0,2,4,2,3,5,0,0.0,15.399999999999999,16,50,False,2.4376007201719148,-78.97497887798522,1,150,2.4376007201719148
40,16,False,16,0.0,0,0.1502926293964471,2.0473520005180035,0.10236760002590017,16,16,79,heterogeneity_pressure,stochastic,50200,0.0,0.8,4,2.4046820703431537,0,0,3,4,0,5,0,0.0,15.399999999999999,16,50,False,0.0,0.8275807476290609,1,150,0.0
43,16,False,16,0.0,0,0.13336652270187466,2.4811219998809975,0.12405609999404987,16,16,80,heterogeneity_pressure,stochastic,50200,0.0,0.8,2,2.1338643632299945,0,0,3,2,2,5,0,0.0,15.399999999999999,16,50,False,1.1952842926963607,-42.37106281022245,1,150,1.1952842926963607
40,14,False,14,0.0,0,0.1624378993697653,2.1979531913839696,0.10330379999504657,14,14,81,heterogeneity_pressure,stochastic,50200,0.0,0.8,3,2.2741305911767142,0,0,2,3,2,5,0,0.0,14.899999999999999,14,47,False,0.9641643802980722,-28.898742458886886,1,141,0.9641643802980722
25,16,False,16,0.0,0,0.09764634567262545,2.0821620000060648,0.10410810000030324,16,16,82,heterogeneity_pressure,stochastic,50200,0.25,0.8,2,1.5623415307620072,0,1,4,2,2,5,0,0.0,15.399999999999999,16,50,False,1.1420877314513753,-43.11935338880896,1,150,1.1420877314513753
65,16,False,16,0.0,0,0.09931378109031223,2.4769400009245146,0.12384700004622573,16,16,83,heterogeneity_pressure,stochastic,50200,0.6666666666666666,0.8,2,1.5890204974449957,0,2,3,2,2,5,0,0.0,15.399999999999999,16,50,False,2.2489014481594416,-78.0471213501556,1,150,2.2489014481594416
46,15,False,15,0.0,0,0.16555671624484003,2.235462499811547,0.08941849999246188,15,15,84,heterogeneity_pressure,stochastic,50200,0.0,0.8,4,2.4833507436726006,0,0,2,4,1,5,0,0.0,15.149999999999999,15,40,False,0.5739459730997433,-12.982401210117013,1,120,0.5739459730997433
38,10,False,10,0.0,0,0.1773070561076747,2.1726594599926643,0.08038840001972858,10,10,85,heterogeneity_pressure,stochastic,50200,1.0,0.8,3,1.773070561076747,0,1,1,3,2,5,0,0.0,13.899999999999999,10,37,False,0.9794163628524981,-31.45806682828899,1,111,0.9794163628524981
46,16,False,16,0.0,0,0.11866670095535597,2.302992000040831,0.11514960000204155,16,16,86,heterogeneity_pressure,stochastic,50200,0.0,0.8,2,1.8986672152856956,0,0,3,2,0,5,0,0.0,15.399999999999999,16,50,False,0.0,-9.647383366320467,1,150,0.0
55,16,False,16,0.0,0,0.08015930656356779,2.03361224554769,0.0996470000318368,16,16,87,heterogeneity_pressure,stochastic,50200,0.5,0.8,2,1.2825489050170846,0,1,2,2,3,5,0,0.0,15.399999999999999,16,49,False,1.9211002985606416,-67.4754770562861,1,147,1.9211002985606416
37,16,False,16,0.0,0,0.0,1.9533079999382608,0.09766539999691304,16,16,88,heterogeneity_pressure,stochastic,50200,0.0,0.8,0,0.0,0,0,1,0,3,5,0,0.0,15.399999999999999,16,50,False,1.635629452776933,-69.46888358330798,1,150,1.635629452776933
57,15,False,15,0.0,0,0.08257757568637607,2.1866379999846686,0.10933189999923343,15,15,89,heterogeneity_pressure,stochastic,50200,0.5,0.8,2,1.238663635295641,0,1,2,2,1,5,0,0.0,15.149999999999999,15,50,False,0.46552892193003487,-24.29816830510835,1,150,0.46552892193003487
41,16,False,16,0.0,0,0.08368059627351092,2.2561767439393132,0.09701559998939047,16,16,90,heterogeneity_pressure,stochastic,50200,0.5,0.8,2,1.3388895403761747,0,1,2,2,3,5,0,0.0,15.399999999999999,16,43,False,1.9849471677355963,-69.01270193040281,1,129,1.9849471677355963
40,16,False,16,0.0,0,0.21012995411747495,2.009052631604534,0.0763440000009723,16,16,91,heterogeneity_pressure,stochastic,50200,0.0,0.8,4,3.3620792658795993,0,0,3,4,1,5,0,0.0,15.399999999999999,16,38,False,0.8843566641307222,-21.7025248889408,1,114,0.8843566641307222
27,16,False,16,0.0,0,0.08711104671740318,2.273592104565499,0.08639649997348897,16,16,92,heterogeneity_pressure,stochastic,50200,1.0,0.8,3,1.3937767474784508,0,1,1,3,2,5,0,0.0,15.399999999999999,16,38,False,1.4176021094240696,-48.67603330590444,1,114,1.4176021094240696
48,14,False,14,0.0,0,0.26105870192735464,2.21118421043349,0.08402499999647262,14,14,93,heterogeneity_pressure,stochastic,50200,0.0,0.8,5,3.654821826982965,0,0,1,5,0,5,0,0.0,14.899999999999999,14,38,True,0.0,33.74518695643313,1,114,0.0
33,13,False,13,0.0,0,0.17147254000446444,2.6983249999003336,0.11872629999561468,13,13,94,heterogeneity_pressure,stochastic,50200,0.5,0.8,3,2.2291430200580375,0,1,2,3,2,5,0,0.0,14.649999999999999,13,44,False,1.7878447203991052,-53.47539583662234,1,132,1.7878447203991052
46,16,False,16,0.0,0,0.044436239878368915,2.7365840003767516,0.13682920001883758,16,16,95,heterogeneity_pressure,stochastic,50200,1.0,0.8,1,0.7109798380539026,0,1,1,1,2,5,0,0.0,15.399999999999999,16,50,False,1.8081735654430773,-69.78620663619762,1,150,1.8081735654430773
24,12,False,12,0.0,0,0.09557462357918291,2.288623999484116,0.11443119997420581,12,12,96,heterogeneity_pressure,stochastic,50200,0.0,0.8,1,1.146895482950195,0,0,2,1,0,5,0,0.0,14.399999999999999,12,50,False,0.0,-12.582626410127022,1,150,0.0
34,16,False,16,0.0,0,0.14713716653481027,2.0448631585168187,0.07770480002363911,16,16,97,heterogeneity_pressure,stochastic,50200,0.0,0.8,3,2.3541946645569642,0,0,2,3,2,5,0,0.0,15.399999999999999,16,38,False,1.6657682216134395,-51.17670783439092,1,114,1.6657682216134395
38,11,False,11,0.0,0,0.3653424919354152,2.1491340006468818,0.10745670003234409,11,11,98,heterogeneity_pressure,stochastic,50200,0.0,0.8,4,4.018767411289567,0,0,4,4,0,5,0,0.0,14.149999999999999,11,50,False,0.0,8.213143388456078,1,150,0.0
45,13,False,13,0.0,0,0.23469532325083917,2.06828409086897,0.09100449999823468,13,13,99,heterogeneity_pressure,stochastic,50200,0.0,0.8,4,3.051039202260909,0,0,1,4,1,5,0,0.0,14.649999999999999,13,44,False,0.8250974561566885,-20.802091125549214,1,132,0.8250974561566885
110,6,False,6,0.0,0,0.7136874398573125,2.232865789042798,0.08484889998362632,6,6,0,medium,deterministic,50000,0.0,0.8,4,4.282124639143875,0,0,2,4,1,5,0,0.0,4.5,6,38,False,0.5421388679872745,1.4693239143859023,2,114,0.5421388679872745
101,5,False,5,0.0,0,0.3846028968150196,1.8441323531185523,0.06270050000603078,5,5,1,medium,deterministic,50000,0.3333333333333333,0.8,3,1.923014484075098,0,1,3,3,2,5,0,0.0,5.5,5,34,False,1.1450623131725433,-26.741632736820584,2,102,1.1450623131725433
147,5,False,5,0.0,0,0.47235204344012366,1.9788653062649395,0.09696440000698203,5,5,2,medium,deterministic,50000,0.0,0.8,3,2.3617602172006182,0,0,2,3,2,5,0,0.0,5.5,5,49,False,1.2232936890039343,-31.4063280428537,2,147,1.2232936890039343
144,7,False,7,0.0,0,0.09317441363732802,2.19252399954712,0.10962619997735601,7,7,3,medium,deterministic,50000,0.6666666666666666,0.8,1,0.6522208954612961,0,2,3,1,3,5,0,0.0,3.5,7,50,False,2.1659282105760083,-67.98401226222795,2,150,2.1659282105760083
117,13,False,13,0.0,0,0.2613769164006102,1.9692097563032493,0.08073760000843322,13,13,4,medium,deterministic,50000,0.5,0.8,4,3.397899913207933,0,1,2,4,1,5,0,0.0,11.0,13,41,False,0.932390579024982,-21.16975605320047,2,123,0.932390579024982
98,9,False,9,0.0,0,0.35402149393612503,1.999880000533137,0.06999580001865979,9,9,5,medium,deterministic,50000,0.0,0.8,4,3.186193445425125,0,0,2,4,1,5,0,0.0,9.0,9,35,False,0.40717217882101947,-2.4226368895801835,2,105,0.40717217882101947
102,5,False,5,0.0,0,0.20067024414197002,1.9847574996674666,0.07939029998669866,5,5,6,medium,deterministic,50000,0.5,0.8,2,1.00335122070985,0,1,2,2,3,5,0,0.0,5.5,5,40,False,1.9381182527155347,-55.44296994470241,2,120,1.9381182527155347
108,5,False,5,0.0,0,0.33246104418326666,1.8597473691012343,0.0706704000258469,5,5,7,medium,deterministic,50000,0.0,0.8,3,1.6623052209163334,0,0,1,3,2,5,0,0.0,4.0,5,38,False,0.6845952219947367,-14.028589987319352,2,114,0.6845952219947367
127,5,False,5,0.0,0,0.395909705070852,1.969249999725118,0.09058549998735543,5,5,8,medium,deterministic,50000,0.0,0.8,3,1.97954852535426,0,0,1,3,2,5,0,0.0,2.5,5,46,False,1.2840549986680494,-29.618512246178042,2,138,1.2840549986680494
130,6,False,6,0.0,0,0.3784377443315026,1.9388400002208073,0.09694200001104036,6,6,9,medium,deterministic,50000,0.3333333333333333,0.8,2,2.270626465989016,0,1,3,2,2,5,0,0.0,4.5,6,50,False,1.072064917832134,-26.96181026237396,2,150,1.072064917832134
110,6,False,6,0.0,0,0.3062835854391827,2.1951073170540196,0.0899993999992148,6,6,10,medium,deterministic,50000,0.0,0.8,2,1.8377015126350962,0,0,1,2,3,5,0,0.0,4.5,6,41,False,1.5360944827556473,-43.69880167228674,2,123,1.5360944827556473
139,7,False,7,0.0,0,0.32861394355624707,2.0928744677493865,0.09836509998422116,7,7,11,medium,deterministic,50000,0.3333333333333333,0.8,3,2.3002976048937294,0,1,3,3,2,5,0,0.0,8.0,7,47,False,1.6459515247796437,-43.55607844495662,2,141,1.6459515247796437
145,6,False,6,0.0,0,0.33819266717342905,1.8905919998360332,0.09452959999180166,6,6,12,medium,deterministic,50000,1.0,0.8,2,2.0291560030405744,0,1,1,2,2,5,0,0.0,3.0,6,50,False,1.3504294194958213,-37.12350723770546,2,150,1.3504294194958213
89,10,False,10,0.0,0,0.17439690874808458,1.8974090899891136,0.06261449996964075,10,10,13,medium,deterministic,50000,0.5,0.8,3,1.7439690874808458,0,1,2,3,2,5,0,0.0,9.5,10,33,False,1.504462865064582,-40.918669138502146,2,99,1.504462865064582
87,4,False,4,0.0,0,0.4379559480119581,1.9798551732272809,0.057415800023591146,4,4,14,medium,deterministic,50000,0.6666666666666666,0.8,2,1.7518237920478323,0,2,3,2,3,5,0,0.0,2.0,4,29,False,2.21074452277141,-59.86103427885557,2,87,2.21074452277141
117,8,False,8,0.0,0,0.4037371204501723,2.0161380946644516,0.08467779997590696,8,8,15,medium,deterministic,50000,0.0,0.8,4,3.2298969636013783,0,0,3,4,1,5,0,0.0,5.5,8,42,False,0.9669854537888231,-15.461378595771247,2,126,0.9669854537888231
91,10,False,10,0.0,0,0.29466744352801755,1.9074787871266545,0.0629467999751796,10,10,16,medium,deterministic,50000,0.5,0.8,3,2.9466744352801753,0,2,4,3,2,5,0,0.0,11.0,10,33,False,1.5980431951116727,-44.130535774043345,2,99,1.5980431951116727
123,6,False,6,0.0,0,0.46254325158068116,1.9653048776246311,0.08057749998260988,6,6,17,medium,deterministic,50000,0.0,0.8,3,2.775259509484087,0,0,3,3,2,5,0,0.0,4.5,6,41,False,1.073116669556384,-22.626394480545933,2,123,1.073116669556384
136,8,False,8,0.0,0,0.3513444626025377,1.842891304872667,0.08477300002414268,8,8,18,medium,deterministic,50000,0.0,0.8,4,2.8107557008203017,0,0,1,4,1,5,0,0.0,5.5,8,46,False,0.5823521862028522,-5.661615823251182,2,138,0.5823521862028522
136,6,False,6,0.0,0,0.4846021465695763,1.9609765967037132,0.09216590004507452,6,6,19,medium,deterministic,50000,0.5,0.8,4,2.907612879417458,0,1,2,4,1,5,0,0.0,6.0,6,47,False,0.6241078846401229,-8.936691057543557,2,141,0.6241078846401229
84,5,False,5,0.0,0,0.544440906394576,1.9872433333754695,0.059617300001264084,5,5,20,medium,deterministic,50000,0.5,0.8,3,2.72220453197288,0,1,2,3,2,5,0,0.0,4.0,5,30,False,1.3208050668037137,-27.228016617148967,2,90,1.3208050668037137
106,9,False,9,0.0,0,0.2001112240190812,1.724334210034852,0.06552469998132437,9,9,21,medium,deterministic,50000,0.6666666666666666,0.8,2,1.801001016171731,0,2,3,2,3,5,0,0.0,9.0,9,38,False,2.2099545894512778,-67.71667141898548,2,114,2.2099545894512773
88,6,False,6,0.0,0,0.21887910705815602,1.802026666943372,0.05406080000830116,6,6,22,medium,deterministic,50000,0.5,0.8,2,1.313274642348936,0,1,2,2,3,5,0,0.0,6.0,6,30,False,1.9890279325079194,-56.92830277809517,2,90,1.9890279325079194
135,5,False,5,0.0,0,0.3424668751141046,1.877715999580687,0.09388579997903435,5,5,23,medium,deterministic,50000,0.0,0.8,2,1.7123343755705231,0,0,1,2,2,5,0,0.0,2.5,5,50,False,1.6644359045008996,-43.46810163379814,2,150,1.6644359045008996
132,9,False,9,0.0,0,0.24582026829531886,2.0331543484011805,0.09352510002645431,9,9,24,medium,deterministic,50000,1.0,0.8,3,2.2123824146578697,0,1,1,3,2,5,0,0.0,7.5,9,46,False,0.9315649156930212,-23.964458191910442,2,138,0.9315649156930212
148,1,False,1,0.0,0,0.4700193039552966,2.0670620001328643,0.10335310000664322,1,1,25,medium,deterministic,50000,0.0,0.8,1,0.4700193039552966,0,0,2,1,3,5,0,0.0,0.5,1,50,False,1.719121543152766,-51.49971197025677,2,150,1.719121543152766
95,9,False,9,0.0,0,0.4187010559003251,2.010054545032538,0.06633179998607375,9,9,26,medium,deterministic,50000,0.0,0.8,5,3.768309503102926,0,0,1,5,0,5,0,0.0,7.5,9,33,True,0.0,41.57629051644567,2,99,0.0
135,10,False,10,0.0,0,0.3252875878303974,2.0004041668168306,0.09601940000720788,10,10,27,medium,deterministic,50000,0.0,0.8,4,3.252875878303974,0,0,1,4,1,5,0,0.0,8.0,10,48,False,0.2578066557256004,2.165654080303653,2,144,0.2578066557256004
111,16,False,16,0.0,0,0.12527547239204986,1.9890839986328501,0.0994541999316425,16,16,28,medium,deterministic,50000,1.0,0.8,3,2.004407558272798,0,1,1,3,1,5,0,0.0,17.0,16,50,False,1.1069759951335498,-38.90520917256415,2,150,1.1069759951335498
111,5,False,5,0.0,0,0.4839689644051606,2.1948102555306366,0.08559759996569483,5,5,29,medium,deterministic,50000,0.3333333333333333,0.8,3,2.419844822025803,0,1,3,3,2,5,0,0.0,4.0,5,39,False,1.2090673536980985,-23.299804874196617,2,117,1.2090673536980985
149,5,False,5,0.0,0,0.2314338041426037,1.955666000576457,0.09778330002882285,5,5,30,medium,deterministic,50000,1.0,0.8,2,1.1571690207130185,0,1,1,2,2,5,0,0.0,2.5,5,50,False,1.7708499574430134,-52.10291113310287,2,150,1.7708499574430134
118,1,False,1,0.0,0,0.8015689624510108,1.8347500003333803,0.07705950001400197,1,1,31,medium,deterministic,50000,0.5,0.8,1,0.8015689624510108,0,1,2,1,4,5,0,0.0,0.5,1,42,False,2.414924294113522,-70.92607952698961,2,126,2.4149242941135216
122,4,False,4,0.0,0,0.3494438809981357,2.4014234052416175,0.11286690004635602,4,4,32,medium,deterministic,50000,1.0,0.8,2,1.397775523992543,0,1,1,2,3,5,0,0.0,3.5,4,47,False,2.0425363798217893,-60.524744347907806,2,141,2.0425363798217893
118,8,False,8,0.0,0,0.19063811512965778,2.3512350006058114,0.09404940002423245,8,8,33,medium,deterministic,50000,1.0,0.8,3,1.5251049210372623,0,2,2,3,2,5,0,0.0,7.0,8,40,False,1.6086477242513393,-45.529341633238374,2,120,1.6086477242513393
112,9,False,9,0.0,0,0.20027968685546185,1.859987500756688,0.07439950003026752,9,9,34,medium,deterministic,50000,0.3333333333333333,0.8,3,1.8025171816991568,0,1,3,3,2,5,0,0.0,10.5,9,40,False,1.6520416914373164,-46.9599550115477,2,120,1.6520416914373164
96,5,False,5,0.0,0,0.5279173185301408,1.8978593752763118,0.060731500008841977,5,5,35,medium,deterministic,50000,1.0,0.8,3,2.639586592650704,0,2,2,3,2,5,0,0.0,2.5,5,32,False,1.1083865300891356,-22.521321349805834,2,96,1.1083865300891356
125,4,False,4,0.0,0,0.5552625431822088,1.843626189795378,0.07743229997140588,4,4,36,medium,deterministic,50000,0.5,0.8,3,2.221050172728835,0,2,4,3,2,5,0,0.0,3.5,4,42,False,1.1892479548272623,-24.65092089587878,2,126,1.1892479548272623
93,9,False,9,0.0,0,0.4866694731810791,2.077708823301638,0.07064209999225568,9,9,37,medium,deterministic,50000,0.0,0.8,5,4.380025258629712,0,0,3,5,0,5,0,0.0,7.5,9,34,True,0.0,42.87972858813739,2,102,0.0
86,9,False,9,0.0,0,0.3622499012828386,2.2147718759697455,0.07087270003103185,9,9,38,medium,deterministic,50000,0.2,0.8,4,3.260249111545548,0,1,5,4,1,5,0,0.0,12.0,9,32,False,0.8934077707943727,-13.047108208473274,2,96,0.8934077707943727
99,7,False,7,0.0,0,0.45592329591198455,2.1638545449329256,0.07140719998278655,7,7,39,medium,deterministic,50000,0.5,0.8,4,3.191463071383892,0,1,2,4,1,5,0,0.0,5.0,7,33,False,0.8573702704815613,-13.276542160054504,2,99,0.8573702704815613
111,7,False,7,0.0,0,0.40425966621738973,2.088776315902482,0.07937350000429433,7,7,40,medium,deterministic,50000,1.0,0.8,4,2.829817663521728,0,1,1,4,1,5,0,0.0,8.0,7,38,False,0.7092492254559986,-14.797108556908759,2,114,0.7092492254559986
148,9,False,9,0.0,0,0.05511783188116477,1.8842039995070081,0.0942101999753504,9,9,41,medium,deterministic,50000,1.0,0.8,1,0.49606048693048294,0,1,1,1,2,5,0,0.0,9.0,9,50,False,1.3373335007907026,-49.77121536117475,2,150,1.3373335007907026
86,10,False,10,0.0,0,0.3140733807226146,1.9367636352509372,0.06391319996328093,10,10,42,medium,deterministic,50000,0.3333333333333333,0.8,4,3.140733807226146,0,1,3,4,1,5,0,0.0,11.0,10,33,False,0.8922393870552983,-19.047584846621376,2,99,0.8922393870552983
140,10,False,10,0.0,0,0.23040620987089205,1.8722638298950574,0.0879964000050677,10,10,43,medium,deterministic,50000,0.0,0.8,3,2.3040620987089206,0,0,0,3,2,5,0,0.0,8.0,10,47,False,0.9225237482409356,-26.82931538564892,2,141,0.9225237482409356
117,9,False,9,0.0,0,0.30220729802920676,1.7793583327450808,0.08540919997176388,9,9,44,medium,deterministic,50000,0.4,0.8,3,2.719865682262861,0,2,5,3,2,5,0,0.0,12.0,9,48,False,1.043044567420094,-28.53018651320794,2,144,1.043044567420094
123,4,False,4,0.0,0,0.4592653708086051,1.8892365851348676,0.07745869999052957,4,4,45,medium,deterministic,50000,1.0,0.8,3,1.8370614832344203,0,2,2,3,2,5,0,0.0,2.0,4,41,False,1.5074294159272008,-37.943549612306775,2,123,1.5074294159272008
100,8,False,8,0.0,0,0.26657840397276966,1.8736277773617378,0.06745059998502256,8,8,46,medium,deterministic,50000,1.0,0.8,4,2.1326272317821573,0,1,1,4,1,5,0,0.0,7.0,8,36,False,0.6388462947402004,-12.090937039628937,2,108,0.6388462947402004
99,7,False,7,0.0,0,0.44292134232190605,1.8270473688301678,0.06942780001554638,7,7,47,medium,deterministic,50000,0.0,0.8,4,3.1004493962533424,0,0,2,4,1,5,0,0.0,6.5,7,38,False,0.9324831959428651,-15.431585400853477,2,114,0.9324831959428651
120,10,False,10,0.0,0,0.19718802179170153,1.908904651848621,0.0820829000294907,10,10,48,medium,deterministic,50000,1.0,0.8,3,1.9718802179170152,0,1,1,3,2,5,0,0.0,12.5,10,43,False,1.5112023864631596,-47.30279185791912,2,129,1.5112023864631596
132,5,False,5,0.0,0,0.39104231092949276,1.820149999151578,0.08008659996266942,5,5,49,medium,deterministic,50000,0.0,0.8,3,1.9552115546474638,0,0,1,3,2,5,0,0.0,4.0,5,44,False,1.138890457744131,-28.777616544256286,2,132,1.138890457744131
141,5,False,5,0.0,0,0.26098256408251047,1.789461702115814,0.08410469999944326,5,5,50,medium,deterministic,50000,1.0,0.8,3,1.3049128204125524,0,1,1,3,2,5,0,0.0,2.5,5,47,False,1.5281221599046724,-40.42131291935069,2,141,1.5281221599046724
87,5,False,5,0.0,0,0.41725446566491264,1.900033333125369,0.05700099999376107,5,5,51,medium,deterministic,50000,0.0,0.8,3,2.086272328324563,0,0,0,3,2,5,0,0.0,5.5,5,30,False,0.8818208604372754,-19.090002649233874,2,90,0.8818208604372754
135,9,False,9,0.0,0,0.20685261789198384,2.1422440005699173,0.10711220002849586,9,9,52,medium,deterministic,50000,0.0,0.8,2,1.8616735610278545,0,0,3,2,2,5,0,0.0,7.5,9,50,False,1.4268454228823488,-41.984735443672164,2,150,1.4268454228823488
90,16,False,16,0.0,0,0.07989030725137045,1.854685366951588,0.0760421000450151,16,16,53,medium,deterministic,50000,0.0,0.8,2,1.2782449160219271,0,0,1,2,3,5,0,0.0,17.0,16,41,False,1.9375279031627732,-67.96970735968902,2,123,1.9375279031627735
106,12,False,12,0.0,0,0.2143163434416043,1.7672810808525774,0.06538939999154536,12,12,54,medium,deterministic,50000,0.5,0.8,4,2.5717961212992515,0,1,2,4,1,5,0,0.0,12.0,12,37,False,0.7682626707360644,-18.540171635098304,2,111,0.7682626707360644
133,10,False,10,0.0,0,0.22122516347421728,1.813751064393263,0.08524630002648337,10,10,55,medium,deterministic,50000,0.0,0.8,3,2.212251634742173,0,0,1,3,2,5,0,0.0,12.5,10,47,False,1.1750078059818196,-36.418169398795186,2,141,1.1750078059818196
99,8,False,8,0.0,0,0.42838336384105713,1.8762333327851428,0.06191569998190971,8,8,56,medium,deterministic,50000,0.0,0.8,4,3.427066910728457,0,0,1,4,1,5,0,0.0,4.0,8,33,False,0.4826809808880175,1.2617045870522103,2,99,0.4826809808880175
109,9,False,9,0.0,0,0.26075587085038177,1.8559974362291634,0.07238390001293737,9,9,57,medium,deterministic,50000,0.5,0.8,3,2.346802837653436,0,2,4,3,2,5,0,0.0,7.5,9,39,False,2.3030327683523675,-62.06735542586265,2,117,2.3030327683523675
125,5,False,5,0.0,0,0.3981151317305329,1.976027999771759,0.09880139998858795,5,5,58,medium,deterministic,50000,0.0,0.8,2,1.9905756586526646,0,0,1,2,1,5,0,0.0,4.0,5,50,False,0.5862550133182229,-14.146353744420827,2,150,0.5862550133182229
142,11,False,11,0.0,0,0.12935083138830636,1.8581104159238748,0.08918929996434599,11,11,59,medium,deterministic,50000,0.5,0.8,3,1.42285914527137,0,1,2,3,2,5,0,0.0,7.0,11,48,False,1.1571071804731197,-32.63579410109121,2,144,1.1571071804731197
129,9,False,9,0.0,0,0.2977140306472383,1.8402199997217394,0.09201099998608697,9,9,60,medium,deterministic,50000,0.3333333333333333,0.8,3,2.6794262758251444,0,1,3,3,1,5,0,0.0,6.0,9,50,False,0.7829593911852748,-15.519651623128759,2,150,0.7829593911852748
126,8,False,8,0.0,0,0.30019704707958283,1.8279833337666267,0.07677530001819832,8,8,61,medium,deterministic,50000,0.6666666666666666,0.8,3,2.4015763766366627,0,2,3,3,2,5,0,0.0,5.5,8,42,False,1.4635778822131962,-36.11040386836674,2,126,1.4635778822131962
105,9,False,9,0.0,0,0.28991717445519855,1.8690485715134335,0.06541670000297017,9,9,62,medium,deterministic,50000,0.5,0.8,3,2.609254570096787,0,1,2,3,2,5,0,0.0,7.5,9,35,False,1.2101301581954842,-29.918517903110065,2,105,1.2101301581954842
142,7,False,7,0.0,0,0.20402101215164326,1.875422000157414,0.0937711000078707,7,7,63,medium,deterministic,50000,0.0,0.8,2,1.4281470850615028,0,0,1,2,1,5,0,0.0,6.5,7,50,False,0.506989949750459,-15.411499039628808,2,150,0.506989949750459
127,11,False,11,0.0,0,0.24495145850073713,1.831779999904231,0.0824300999956904,11,11,64,medium,deterministic,50000,0.0,0.8,3,2.6944660435081085,0,0,1,3,2,5,0,0.0,8.5,11,45,False,0.8323579335948037,-21.060850444894385,2,135,0.8323579335948037
135,8,False,8,0.0,0,0.38207801121307133,1.8754444437541276,0.08439499996893574,8,8,65,medium,deterministic,50000,0.3333333333333333,0.8,3,3.0566240897045707,0,1,3,3,2,5,0,0.0,5.5,8,45,False,1.3439445798479164,-32.61718551122537,2,135,1.3439445798479164
128,10,False,10,0.0,0,0.189822505115853,1.8630306123891294,0.09128850000706734,10,10,66,medium,deterministic,50000,1.0,0.8,3,1.89822505115853,0,1,1,3,2,5,0,0.0,8.0,10,49,False,1.0563950069017158,-28.714812521321782,2,147,1.0563950069017158
103,14,False,14,0.0,0,0.18418560800515008,1.7730925010255305,0.07092370004102122,14,14,67,medium,deterministic,50000,0.0,0.8,4,2.578598512072101,0,0,2,4,1,5,0,0.0,14.5,14,40,False,0.6310861930953306,-17.675170971571,2,120,0.6310861930953306
125,13,False,13,0.0,0,0.07678136738001426,1.9274478262282766,0.08866260000650072,13,13,68,medium,deterministic,50000,1.0,0.8,2,0.9981577759401854,0,1,1,2,3,5,0,0.0,14.0,13,46,False,2.263940637064348,-75.7425832499602,2,138,2.2639406370643473
133,2,False,2,0.0,0,0.5584273327468838,2.0302804341949723,0.09339289997296873,2,2,69,medium,deterministic,50000,1.0,0.8,2,1.1168546654937677,0,1,1,2,3,5,0,0.0,2.5,2,46,False,2.0099504582086243,-58.2788007277247,2,138,2.0099504582086243
95,1,False,1,0.0,0,0.0,2.183633332606405,0.07205989997601137,1,1,70,medium,deterministic,50000,1.0,0.8,0,0.0,0,2,2,0,4,5,0,0.0,0.5,1,33,False,2.8672304217024545,-114.81691265107365,2,99,2.8672304217024545
100,6,False,6,0.0,0,0.23044680173023316,2.1105942854774185,0.07387079999170965,6,6,71,medium,deterministic,50000,1.0,0.8,3,1.382680810381399,0,1,1,3,2,5,0,0.0,7.5,6,35,False,1.66489345198899,-47.532913745066146,2,105,1.66489345198899
106,7,False,7,0.0,0,0.33727958205986586,1.8347615382831113,0.07155569999304134,7,7,72,medium,deterministic,50000,0.0,0.8,3,2.360957074419061,0,0,2,3,2,5,0,0.0,6.5,7,39,False,1.2406000959744965,-31.988631096944843,2,117,1.2406000959744965
119,8,False,8,0.0,0,0.44810595480562737,1.927187805250003,0.07901470001525013,8,8,73,medium,deterministic,50000,0.0,0.8,4,3.584847638445019,0,0,1,4,1,5,0,0.0,8.5,8,41,False,0.7018767593810894,-9.627737956776121,2,123,0.7018767593810894
100,10,False,10,0.0,0,0.3709576305482753,1.8431054057735898,0.06819490001362283,10,10,74,medium,deterministic,50000,0.0,0.8,4,3.709576305482753,0,0,2,4,1,5,0,0.0,9.5,10,37,False,0.7205452616990409,-10.03863153360467,2,111,0.7205452616990409
127,12,False,12,0.0,0,0.3038043301175976,1.8879418602473168,0.08118149999063462,12,12,75,medium,deterministic,50000,0.2,0.8,4,3.645651961411171,0,1,5,4,1,5,0,0.0,10.5,12,43,False,0.4683942878768213,-3.3575657832453705,2,129,0.4683942878768213
132,7,False,7,0.0,0,0.4349439321896579,1.9377249999789372,0.08525989999907324,7,7,76,medium,deterministic,50000,0.0,0.8,4,3.044607525327605,0,0,2,4,1,5,0,0.0,3.5,7,44,False,0.4179444787861341,2.6946093336349106,2,132,0.4179444787861341
150,1,False,1,0.0,0,0.4975443353852922,2.028423999581719,0.10142119997908594,1,1,77,medium,deterministic,50000,0.5,0.8,1,0.4975443353852922,0,1,2,1,2,5,0,0.0,0.5,1,50,False,1.2950759877038203,-40.17849651234207,2,150,1.2950759877038203
106,6,False,6,0.0,0,0.21839767263861284,1.7892916665813472,0.0644144999969285,6,6,78,medium,deterministic,50000,0.6666666666666666,0.8,2,1.310386035831677,0,2,3,2,3,5,0,0.0,4.5,6,36,False,2.2041417789755267,-62.934612867288756,2,108,2.2041417789755267
127,9,False,9,0.0,0,0.2738613143453573,1.9727069764400746,0.0848263999869232,9,9,79,medium,deterministic,50000,0.5,0.8,3,2.464751829108216,0,1,2,3,2,5,0,0.0,9.0,9,43,False,1.3052371358916584,-34.49043779916864,2,129,1.3052371358916584
95,4,False,4,0.0,0,0.29592937551974585,1.8791742853604123,0.06577109998761443,4,4,80,medium,deterministic,50000,1.0,0.8,2,1.1837175020789834,0,2,2,2,3,5,0,0.0,3.5,4,35,False,1.8383472704316521,-54.23187349967023,2,105,1.8383472704316521
76,2,False,2,0.0,0,0.5900550710810452,1.9083862071997357,0.05534320000879234,2,2,81,medium,deterministic,50000,0.5,0.8,2,1.1801101421620903,0,1,2,2,3,5,0,0.0,2.5,2,29,False,2.0594739153411,-55.05133872360898,2,87,2.0594739153411004
136,8,False,8,0.0,0,0.3585197095123648,1.8281640000350308,0.09140820000175154,8,8,82,medium,deterministic,50000,0.0,0.8,3,2.8681576760989183,0,0,2,3,1,5,0,0.0,7.0,8,50,False,0.6316016237284059,-10.932263835363402,2,150,0.6316016237284059
149,9,False,9,0.0,0,0.2003869757015457,1.8238079994625878,0.09119039997312939,9,9,83,medium,deterministic,50000,0.0,0.8,3,1.8034827813139114,0,0,2,3,1,5,0,0.0,6.0,9,50,False,0.8282947875416609,-20.140158022241216,2,150,0.8282947875416609
112,0,True,0,0.0,0,0.0,1.8301243895931714,0.07503509997332003,0,0,84,medium,deterministic,50000,1.0,0.8,0,0.0,0,1,1,0,4,5,0,0.0,0.0,0,41,False,2.6205613100571212,-107.71683930171366,2,123,2.6205613100571212
150,2,False,2,0.0,0,0.6976548896292842,2.543825999600813,0.12719129998004064,2,2,85,medium,deterministic,50000,0.6666666666666666,0.8,2,1.3953097792585685,0,2,3,2,2,5,0,0.0,1.0,2,50,False,1.5404297197324428,-40.325148915508315,2,150,1.5404297197324428
112,6,False,6,0.0,0,0.2989722062744917,2.1450950005601044,0.08580380002240418,6,6,86,medium,deterministic,50000,0.5,0.8,3,1.7938332376469504,0,1,2,3,2,5,0,0.0,6.0,6,40,False,1.2392329058543459,-31.77941830891695,2,120,1.2392329058543459
139,7,False,7,0.0,0,0.24009171584794023,1.9568580003397074,0.09784290001698537,7,7,87,medium,deterministic,50000,0.25,0.8,2,1.6806420109355815,0,1,4,2,2,5,0,0.0,3.5,7,50,False,1.3087132951095377,-35.424184428238995,2,150,1.3087132951095377
105,10,False,10,0.0,0,0.2363118770004525,1.8576649992610328,0.07430659997044131,10,10,88,medium,deterministic,50000,1.0,0.8,3,2.363118770004525,0,1,1,3,2,5,0,0.0,9.5,10,40,False,1.3396241787346002,-37.484254873702675,2,120,1.3396241787346002
126,8,False,8,0.0,0,0.23688566548736173,1.9313047622355433,0.08111480001389282,8,8,89,medium,deterministic,50000,1.0,0.8,3,1.8950853238988938,0,1,1,3,2,5,0,0.0,5.5,8,42,False,1.5440890422509235,-41.13082196050571,2,126,1.5440890422509235
129,9,False,9,0.0,0,0.25911366940238023,1.9497772725365146,0.08579019999160664,9,9,90,medium,deterministic,50000,0.0,0.8,3,2.332023024621422,0,0,3,3,2,5,0,0.0,10.5,9,44,False,1.333713085207274,-35.23472762755717,2,132,1.333713085207274
137,11,False,11,0.0,0,0.2636077501803784,2.1366500001496878,0.09828590000688564,11,11,91,medium,deterministic,50000,0.2,0.8,4,2.8996852519841623,0,1,5,4,1,5,0,0.0,8.5,11,46,False,1.0356551433590466,-18.32392640904963,2,138,1.0356551433590466
105,9,False,9,0.0,0,0.2185359619268728,1.981422499557084,0.07925689998228336,9,9,92,medium,deterministic,50000,0.6666666666666666,0.8,3,1.9668236573418552,0,2,3,3,2,5,0,0.0,10.5,9,40,False,2.332321060620854,-67.79860386874502,2,120,2.332321060620854
101,6,False,6,0.0,0,0.3078830722694385,2.0793257135665044,0.07277639997482765,6,6,93,medium,deterministic,50000,1.0,0.8,3,1.8472984336166312,0,2,2,3,2,5,0,0.0,4.5,6,35,False,1.0545855451956463,-25.69819995722001,2,105,1.0545855451956463
98,8,False,8,0.0,0,0.31901949772873084,2.123862161612566,0.07858289997966494,8,8,94,medium,deterministic,50000,0.0,0.8,4,2.5521559818298467,0,0,2,4,1,5,0,0.0,8.5,8,37,False,0.7381527052272586,-13.35696249714113,2,111,0.7381527052272586
83,4,False,4,0.0,0,0.2662640336913369,2.0130483882835946,0.06240450003679143,4,4,95,medium,deterministic,50000,1.0,0.8,2,1.0650561347653476,0,1,1,2,3,5,0,0.0,3.5,4,31,False,2.278191661867221,-66.27868011387231,2,93,2.278191661867221
102,4,False,4,0.0,0,0.26106893622236393,1.884405882746625,0.06406980001338525,4,4,96,medium,deterministic,50000,0.6666666666666666,0.8,2,1.0442757448894557,0,2,3,2,3,5,0,0.0,3.5,4,34,False,2.1926530244492763,-62.46132035591693,2,102,2.1926530244492763
133,3,False,3,0.0,0,0.5702245123264836,1.7634065212484489,0.08111669997742865,3,3,97,medium,deterministic,50000,0.5,0.8,3,1.710673536979451,0,1,2,3,2,5,0,0.0,1.5,3,46,False,1.6110414687281258,-38.158746671385074,2,138,1.6110414687281258
138,3,False,3,0.0,0,0.29583127601820064,1.9514020008500665,0.09757010004250333,3,3,98,medium,deterministic,50000,1.0,0.8,1,0.887493828054602,0,1,1,1,2,5,0,0.0,1.5,3,50,False,1.5561741593037857,-46.987834244173705,2,150,1.5561741593037857
127,9,False,9,0.0,0,0.26778076860663025,2.0727558143715763,0.08912850001797779,9,9,99,medium,deterministic,50000,0.5,0.8,3,2.4100269174596725,0,2,4,3,2,5,0,0.0,7.5,9,43,False,1.6032768984672727,-43.48848734631024,2,129,1.6032768984672727
81,7,False,7,0.0,0,0.3689881799877191,1.7649379309471536,0.051183199997467455,7,7,0,time_pressure,deterministic,50100,0.0,0.8,3,2.5829172599140335,0,0,3,3,2,5,0,0.0,8.0,7,29,False,1.276105816109808,-28.830861390709757,2,87,1.276105816109808
98,1,False,1,0.0,0,0.9794071809658987,1.908784849078846,0.06298990001960192,1,1,1,time_pressure,deterministic,50100,0.3333333333333333,0.8,1,0.9794071809658987,0,1,3,1,3,5,0,0.0,0.5,1,33,False,2.969100224175127,-111.25924451362462,2,99,2.969100224175127
87,2,False,2,0.0,0,0.3729142602319965,1.9475266664812807,0.05842579999443842,2,2,2,time_pressure,deterministic,50100,0.0,0.8,1,0.745828520463993,0,0,1,1,4,5,0,0.0,1.0,2,30,False,2.3780203632765247,-67.92280476364732,2,90,2.3780203632765247
84,3,False,3,0.0,0,0.0,1.8582406255518436,0.059463700017658994,3,3,3,time_pressure,deterministic,50100,1.0,0.8,0,0.0,0,1,1,0,4,5,0,0.0,1.5,3,32,False,2.6618258865156723,-109.55477659547017,2,96,2.6618258865156723
87,5,False,5,0.0,0,0.26646347131216075,2.1209379310362393,0.06150720000005094,5,5,4,time_pressure,deterministic,50100,0.0,0.8,3,1.3323173565608037,0,0,1,3,2,5,0,0.0,5.5,5,29,False,1.4317627359514216,-36.38110360811509,2,87,1.4317627359514216
87,5,False,5,0.0,0,0.35023176890950725,2.013203448862849,0.05838290001702262,5,5,5,time_pressure,deterministic,50100,0.5,0.8,3,1.7511588445475361,0,1,2,3,2,5,0,0.0,2.5,5,29,False,1.5207774340750337,-33.85044473587885,2,87,1.5207774340750337
83,5,False,5,0.0,0,0.6103920012132009,2.08391000002545,0.0625173000007635,5,5,6,time_pressure,deterministic,50100,0.25,0.8,4,3.0519600060660044,0,1,4,4,1,5,0,0.0,2.5,5,30,False,1.2791761937736141,-21.169980100910912,2,90,1.2791761937736141
81,9,False,9,0.0,0,0.20467952559165406,1.8942833332403097,0.05682849999720929,9,9,7,time_pressure,deterministic,50100,0.0,0.8,3,1.8421157303248865,0,0,0,3,2,5,0,0.0,7.5,9,30,False,1.2468536430003705,-33.82517658161966,2,90,1.2468536430003705
81,11,False,11,0.0,0,0.2318505306012976,1.9588566656845312,0.058765699970535934,11,11,8,time_pressure,deterministic,50100,0.0,0.8,3,2.5503558366142736,0,0,2,3,2,5,0,0.0,13.0,11,30,False,1.0953947424635342,-29.001001063745342,2,90,1.0953947424635342
72,2,False,2,0.0,0,0.29217683263895144,1.857337036872869,0.05014809999556746,2,2,9,time_pressure,deterministic,50100,1.0,0.8,1,0.5843536652779029,0,2,2,1,4,5,0,0.0,2.5,2,27,False,2.1729615338053874,-65.55700247261701,2,81,2.1729615338053874
72,5,False,5,0.0,0,0.4597853326056818,1.8819370371703472,0.050812300003599375,5,5,10,time_pressure,deterministic,50100,0.3333333333333333,0.8,2,2.298926663028409,0,1,3,2,3,5,0,0.0,4.0,5,27,False,1.7666917668654127,-44.28856563617965,2,81,1.7666917668654127
76,5,False,5,0.0,0,0.34973845723169583,1.960853846237744,0.050982200002181344,5,5,11,time_pressure,deterministic,50100,0.5,0.8,2,1.7486922861584793,0,1,2,2,3,5,0,0.0,7.0,5,26,False,1.5525995079736041,-44.112870209844935,2,78,1.552599507973604
87,5,False,5,0.0,0,0.33049191677410805,1.9042645163285816,0.05903220000618603,5,5,12,time_pressure,deterministic,50100,1.0,0.8,2,1.6524595838705403,0,1,1,2,3,5,0,0.0,4.0,5,31,False,1.7643697614022367,-49.547903524629255,2,93,1.764369761402237
88,10,False,10,0.0,0,0.07775134519142932,1.8000545455971875,0.059401800004707184,10,10,13,time_pressure,deterministic,50100,1.0,0.8,2,0.7775134519142931,0,2,2,2,3,5,0,0.0,9.5,10,33,False,1.9036233600482193,-60.10145643872753,2,99,1.9036233600482193
74,5,False,5,0.0,0,0.5998862352226,1.9278571435279446,0.05398000001878245,5,5,14,time_pressure,deterministic,50100,0.0,0.8,4,2.999431176113,0,0,2,4,1,5,0,0.0,2.5,5,28,False,0.8143703779940351,-4.8596167489991196,2,84,0.8143703779940351
79,7,False,7,0.0,0,0.21656812611146004,2.050744444271981,0.05537009999534348,7,7,15,time_pressure,deterministic,50100,0.3333333333333333,0.8,2,1.5159768827802202,0,1,3,2,3,5,0,0.0,6.5,7,27,False,1.9497157118151618,-54.49900502849315,2,81,1.9497157118151618
88,10,False,10,0.0,0,0.20939439275240943,2.023932353254435,0.06881370001065079,10,10,16,time_pressure,deterministic,50100,0.0,0.8,3,2.0939439275240943,0,0,2,3,2,5,0,0.0,14.0,10,34,False,1.3554566169249482,-41.519755886080326,2,102,1.3554566169249482
68,4,False,4,0.0,0,0.8319799189369448,2.019012000528164,0.050475300013204105,4,4,17,time_pressure,deterministic,50100,0.0,0.8,4,3.327919675747779,0,0,3,4,1,5,0,0.0,5.0,4,25,False,0.586388073290859,0.13388164002503622,2,75,0.586388073290859
68,5,False,5,0.0,0,0.2745509177133877,2.5218892863319655,0.07061290001729503,5,5,18,time_pressure,deterministic,50100,0.3333333333333333,0.8,2,1.3727545885669383,0,1,3,2,3,5,0,0.0,7.0,5,28,False,1.5032460406592367,-41.90400108303505,2,84,1.5032460406592367
99,5,False,5,0.0,0,0.36909633997486757,2.5794484855864677,0.08512180002435343,5,5,19,time_pressure,deterministic,50100,0.3333333333333333,0.8,3,1.845481699874338,0,1,3,3,2,5,0,0.0,4.0,5,33,False,1.084662549730754,-20.8335305921144,2,99,1.084662549730754
83,6,False,6,0.0,0,0.4010278879686788,2.0501428563355666,0.05740399997739587,6,6,20,time_pressure,deterministic,50100,0.0,0.8,3,2.4061673278120725,0,0,2,3,2,5,0,0.0,6.0,6,28,False,1.5931610412788055,-37.19781437173623,2,84,1.5931610412788055
68,5,False,5,0.0,0,0.8306758551608805,1.9354040009784512,0.04838510002446128,5,5,21,time_pressure,deterministic,50100,0.25,0.8,4,4.153379275804403,0,1,4,4,1,5,0,0.0,4.0,5,25,False,1.058931938854406,-11.485871219132896,2,75,1.058931938854406
74,0,True,0,0.0,0,0.0,2.027883998816833,0.05069709997042082,0,0,22,time_pressure,deterministic,50100,0.6666666666666666,0.8,0,0.0,0,2,3,0,3,5,0,0.0,0.0,0,25,False,2.684354712508854,-108.03064137526563,2,75,2.684354712508854
83,4,False,4,0.0,0,0.48711040810094025,1.9384285710007785,0.054275999988021795,4,4,23,time_pressure,deterministic,50100,0.5,0.8,3,1.948441632403761,0,1,2,3,2,5,0,0.0,2.0,4,28,False,1.5168568426964275,-36.0557914502927,2,84,1.5168568426964275
98,2,False,2,0.0,0,0.15763276288453662,2.0564030300275506,0.06786129999090917,2,2,24,time_pressure,deterministic,50100,1.0,0.8,1,0.31526552576907324,0,3,3,1,3,5,0,0.0,1.0,2,33,False,2.8024255104490865,-109.20463895177184,2,99,2.8024255104490865
92,7,False,7,0.0,0,0.5046032346243081,1.9305781256662158,0.061778500021318905,7,7,25,time_pressure,deterministic,50100,0.0,0.8,4,3.5322226423701566,0,0,3,4,1,5,0,0.0,6.5,7,32,False,0.7475768913501465,-6.1704913043713105,2,96,0.7475768913501465
90,5,False,5,0.0,0,0.4301161573971058,1.7752800000986706,0.053258400002960116,5,5,26,time_pressure,deterministic,50100,0.5,0.8,3,2.150580786985529,0,1,2,3,2,5,0,0.0,4.0,5,30,False,1.0980395839508232,-24.9181428873805,2,90,1.0980395839508232
89,9,False,9,0.0,0,0.36296465454550475,1.8215633332147263,0.05464689999644179,9,9,27,time_pressure,deterministic,50100,0.3333333333333333,0.8,4,3.2666818909095428,0,1,3,4,1,5,0,0.0,7.5,9,30,False,0.892033786508041,-12.965645250431086,2,90,0.892033786508041
92,4,False,4,0.0,0,0.21507024569225974,1.8929645161880482,0.05868190000182949,4,4,28,time_pressure,deterministic,50100,1.0,0.8,2,0.860280982769039,0,1,1,2,3,5,0,0.0,2.0,4,31,False,1.9686803161202113,-55.56802974172141,2,93,1.9686803161202113
120,5,False,5,0.0,0,0.3339866309168931,1.8930219515956506,0.07761390001542168,5,5,29,time_pressure,deterministic,50100,0.5,0.8,2,1.6699331545844656,0,1,2,2,3,5,0,0.0,4.0,5,41,False,1.772889216853925,-49.87717583526392,2,123,1.772889216853925
85,6,False,6,0.0,0,0.11613954745491296,1.8414241379199163,0.053401299999677576,6,6,30,time_pressure,deterministic,50100,0.5,0.8,1,0.6968372847294778,0,1,2,1,4,5,0,0.0,7.5,6,29,False,2.8301584702696987,-112.58271160779438,2,87,2.830158470269699
69,4,False,4,0.0,0,0.7232372927064675,1.9234040004084818,0.048085100010212045,4,4,31,time_pressure,deterministic,50100,0.25,0.8,3,2.89294917082587,0,1,4,3,2,5,0,0.0,3.5,4,25,False,1.5255144934377385,-30.823954598936037,2,75,1.5255144934377385
74,6,False,6,0.0,0,0.41102399125248534,1.711503845749226,0.04449909998947987,6,6,32,time_pressure,deterministic,50100,0.3333333333333333,0.8,4,2.466143947514912,0,1,3,4,1,5,0,0.0,6.0,6,26,False,0.9952817369243365,-14.610024167906115,2,78,0.9952817369243365
82,4,False,4,0.0,0,0.3874898271699381,1.7885321412904887,0.05007889995613368,4,4,33,time_pressure,deterministic,50100,0.3333333333333333,0.8,2,1.5499593086797523,0,1,3,2,3,5,0,0.0,6.5,4,28,False,1.5859500543561298,-43.79488588654087,2,84,1.5859500543561298
81,6,False,6,0.0,0,0.4446300644011419,1.7395133322376448,0.05218539996712934,6,6,34,time_pressure,deterministic,50100,0.0,0.8,4,2.6677803864068514,0,0,2,4,1,5,0,0.0,6.0,6,30,False,0.5432434910385515,-1.6814287205837157,2,90,0.5432434910385515
95,10,False,10,0.0,0,0.2888106589059912,1.898844117343234,0.06456069998966996,10,10,35,time_pressure,deterministic,50100,0.3333333333333333,0.8,4,2.888106589059912,0,1,3,4,1,5,0,0.0,9.5,10,34,False,0.6398708934520868,-7.098291643408832,2,102,0.6398708934520868
90,5,False,5,0.0,0,0.5619689771384371,1.76232000036786,0.0528696000110358,5,5,36,time_pressure,deterministic,50100,0.0,0.8,4,2.8098448856921854,0,0,0,4,1,5,0,0.0,4.0,5,30,False,0.9870674290221615,-17.567810276751487,2,90,0.9870674290221615
86,5,False,5,0.0,0,0.43193600489903217,1.781331033773062,0.051658599979418796,5,5,37,time_pressure,deterministic,50100,0.3333333333333333,0.8,3,2.159680024495161,0,1,3,3,2,5,0,0.0,4.0,5,29,False,1.5711502381563105,-35.80989499338939,2,87,1.5711502381563105
79,5,False,5,0.0,0,0.5943289325665235,2.10201851829576,0.05675449999398552,5,5,38,time_pressure,deterministic,50100,0.5,0.8,3,2.9716446628326176,0,1,2,3,2,5,0,0.0,4.0,5,27,False,1.1167005961266612,-23.77039536901977,2,81,1.1167005961266612
82,1,False,1,0.0,0,0.0,1.8367928569205105,0.051430199993774295,1,1,39,time_pressure,deterministic,50100,1.0,0.8,0,0.0,0,2,2,0,4,5,0,0.0,0.5,1,28,False,2.8651122538585136,-114.25336761575542,2,84,2.8651122538585136
67,4,False,4,0.0,0,0.4698674187567842,1.9563583327908418,0.046952599986980204,4,4,40,time_pressure,deterministic,50100,0.6666666666666666,0.8,3,1.879469675027137,0,2,3,3,2,5,0,0.0,5.0,4,24,False,1.711623051295685,-44.38852060053539,2,72,1.711623051295685
107,10,False,10,0.0,0,0.23829931435148294,1.8213513514539856,0.06739000000379747,10,10,41,time_pressure,deterministic,50100,0.0,0.8,4,2.3829931435148293,0,0,0,4,1,5,0,0.0,8.0,10,37,False,0.6291134084240779,-12.796373839565197,2,111,0.6291134084240779
75,3,False,3,0.0,0,0.49718000065258955,1.8685884606384207,0.04858329997659894,3,3,42,time_pressure,deterministic,50100,0.0,0.8,2,1.4915400019577687,0,0,0,2,3,5,0,0.0,3.0,3,26,False,1.7574441799698937,-47.1992875716787,2,78,1.7574441799698937
77,6,False,6,0.0,0,0.37541287027894427,1.6248862064395357,0.047121699986746535,6,6,43,time_pressure,deterministic,50100,0.6666666666666666,0.8,3,2.2524772216736655,0,2,3,3,2,5,0,0.0,4.5,6,29,False,1.510171030383101,-34.05464309286812,2,87,1.510171030383101
79,8,False,8,0.0,0,0.20045441704874514,1.8328407407992657,0.049486700001580175,8,8,44,time_pressure,deterministic,50100,0.0,0.8,2,1.6036353363899611,0,0,0,2,3,5,0,0.0,7.0,8,27,False,1.6594262227083545,-49.38473635466934,2,81,1.6594262227083545
76,3,False,3,0.0,0,0.2451783650069834,1.7464888897612345,0.047155200023553334,3,3,45,time_pressure,deterministic,50100,1.0,0.8,1,0.7355350950209502,0,2,2,1,4,5,0,0.0,1.5,3,27,False,2.809489411512981,-108.19695660056959,2,81,2.8094894115129807
87,2,False,2,0.0,0,0.6658285097195806,1.7438965507357478,0.050572999971336685,2,2,46,time_pressure,deterministic,50100,0.0,0.8,2,1.3316570194391613,0,0,1,2,3,5,0,0.0,1.0,2,29,False,1.7440097552378298,-45.80394415539203,2,87,1.7440097552378298
80,4,False,4,0.0,0,0.211984253770364,2.1272185193892152,0.05743490002350882,4,4,47,time_pressure,deterministic,50100,0.5,0.8,1,0.847937015081456,0,1,2,1,4,5,0,0.0,5.0,4,27,False,2.0226753202613463,-61.10340995119274,2,81,2.0226753202613463
85,6,False,6,0.0,0,0.6459644725838709,1.8704483870439412,0.057983899998362176,6,6,48,time_pressure,deterministic,50100,0.25,0.8,4,3.8757868355032254,0,1,4,4,1,5,0,0.0,7.5,6,31,False,0.8043757710158728,-9.012559810724932,2,93,0.8043757710158728
74,7,False,7,0.0,0,0.35310909324475354,1.720074073765082,0.04644199999165721,7,7,49,time_pressure,deterministic,50100,0.3333333333333333,0.8,3,2.4717636527132747,0,1,3,3,2,5,0,0.0,8.0,7,27,False,1.5170515788789136,-38.765503436950574,2,81,1.5170515788789136
82,5,False,5,0.0,0,0.3779526864599092,1.777563333598664,0.05332690000795992,5,5,50,time_pressure,deterministic,50100,0.5,0.8,3,1.889763432299546,0,1,2,3,2,5,0,0.0,2.5,5,30,False,1.2308575326219595,-25.558224759501748,2,90,1.2308575326219595
84,3,False,3,0.0,0,0.6466868212080105,1.8431931043621794,0.053452600026503205,3,3,51,time_pressure,deterministic,50100,1.0,0.8,3,1.9400604636240313,0,1,1,3,2,5,0,0.0,1.5,3,29,False,1.350509228108044,-29.773437643019502,2,87,1.350509228108044
92,1,False,1,0.0,0,0.42880173645007524,1.8985193551822206,0.058854100010648835,1,1,52,time_pressure,deterministic,50100,1.0,0.8,1,0.42880173645007524,0,2,2,1,3,5,0,0.0,2.0,1,31,False,2.7265963687884707,-107.45811646861455,2,93,2.7265963687884707
90,5,False,5,0.0,0,0.12096875696959211,2.1148312509922107,0.06767460003175074,5,5,53,time_pressure,deterministic,50100,1.0,0.8,1,0.6048437848479605,0,1,1,1,4,5,0,0.0,4.0,5,32,False,2.8055962196465494,-111.48786809527846,2,96,2.805596219646549
78,2,False,2,0.0,0,1.0415409923132515,1.7941966664996774,0.05382589999499032,2,2,54,time_pressure,deterministic,50100,0.6666666666666666,0.8,2,2.083081984626503,0,2,3,2,3,5,0,0.0,2.5,2,30,False,1.986822094781855,-52.407226545866635,2,90,1.986822094781855
75,9,False,9,0.0,0,0.2591876888478346,1.9378933332821664,0.058136799998464994,9,9,55,time_pressure,deterministic,50100,1.0,0.8,4,2.3326891996305115,0,1,1,4,1,5,0,0.0,9.0,9,30,False,1.069950474886554,-25.42360004879267,2,90,1.069950474886554
81,4,False,4,0.0,0,0.455414729153555,1.8308259262724917,0.04943230000935728,4,4,56,time_pressure,deterministic,50100,0.5,0.8,3,1.82165891661422,0,1,2,3,2,5,0,0.0,3.5,4,27,False,1.156057962917759,-26.345054318461376,2,81,1.156057962917759
81,2,False,2,0.0,0,0.6586210134548539,1.8601074067798133,0.05022289998305496,2,2,57,time_pressure,deterministic,50100,0.5,0.8,2,1.3172420269097078,0,1,2,2,3,5,0,0.0,1.0,2,27,False,2.1245335424614282,-57.47112781256225,2,81,2.1245335424614282
95,10,False,10,0.0,0,0.18722785909992118,1.8987264706725802,0.06455670000286773,10,10,58,time_pressure,deterministic,50100,0.5,0.8,3,1.8722785909992117,0,1,2,3,2,5,0,0.0,11.0,10,34,False,1.4783693754416507,-42.97697624639997,2,102,1.4783693754416507
101,11,False,11,0.0,0,0.23690092422161027,1.816370588451665,0.06175660000735661,11,11,59,time_pressure,deterministic,50100,0.3333333333333333,0.8,3,2.605910166437713,0,1,3,3,2,5,0,0.0,7.0,11,34,False,1.6291100836056045,-42.34036238544854,2,102,1.6291100836056045
95,6,False,6,0.0,0,0.42626482529753423,1.8737062498530577,0.059958599995297845,6,6,60,time_pressure,deterministic,50100,0.0,0.8,4,2.5575889517852053,0,0,1,4,1,5,0,0.0,4.5,6,32,False,0.9335315819428657,-16.535386387061017,2,96,0.9335315819428657
75,4,False,4,0.0,0,0.31786531230202275,2.1053730765393435,0.05473969999002293,4,4,61,time_pressure,deterministic,50100,0.6666666666666666,0.8,2,1.271461249208091,0,2,3,2,3,5,0,0.0,2.0,4,26,False,1.9332144574021315,-50.92231411930856,2,78,1.9332144574021315
99,3,False,3,0.0,0,0.6454957408312659,1.982685295147616,0.06741130003501894,3,3,62,time_pressure,deterministic,50100,1.0,0.8,3,1.9364872224937977,0,2,2,3,2,5,0,0.0,1.5,3,34,False,1.926893157295659,-47.9647812367746,2,102,1.926893157295659
78,4,False,4,0.0,0,0.2449707816526564,1.7728076921999814,0.04609299999719951,4,4,63,time_pressure,deterministic,50100,1.0,0.8,1,0.9798831266106256,0,1,1,1,4,5,0,0.0,2.0,4,26,False,2.176191572386372,-64.01985714386419,2,78,2.176191572386372
84,3,False,3,0.0,0,0.299111417135364,1.8376964287329298,0.05145550000452204,3,3,64,time_pressure,deterministic,50100,1.0,0.8,1,0.897334251406092,0,2,2,1,3,5,0,0.0,1.5,3,28,False,2.5426987484665737,-99.42745617753661,2,84,2.5426987484665737
117,5,False,5,0.0,0,0.11763658995355061,1.7349487176173939,0.06766299998707836,5,5,65,time_pressure,deterministic,50100,0.0,0.8,1,0.5881829497677531,0,0,0,1,4,5,0,0.0,2.5,5,39,False,2.26993065300773,-69.4749389948198,2,117,2.26993065300773
77,2,False,2,0.0,0,0.0,1.7951740737771615,0.04846969999198336,2,2,66,time_pressure,deterministic,50100,1.0,0.8,0,0.0,0,2,2,0,4,5,0,0.0,1.0,2,27,False,2.947001135667735,-117.11003407003207,2,81,2.9470011356677355
80,9,False,9,0.0,0,0.37219489843010234,1.8537148148256906,0.050050300000293646,9,9,67,time_pressure,deterministic,50100,0.0,0.8,4,3.349754085870921,0,0,2,4,1,5,0,0.0,7.5,9,27,False,0.799442917262499,-10.831001651770515,2,81,0.799442917262499
89,9,False,9,0.0,0,0.17634279619607093,1.8796031256442802,0.06014730002061697,9,9,68,time_pressure,deterministic,50100,1.0,0.8,3,1.5870851657646383,0,1,1,3,2,5,0,0.0,7.5,9,32,False,1.3628370742310045,-39.92367853358329,2,96,1.3628370742310045
80,6,False,6,0.0,0,0.35466132344875584,1.7987968751640437,0.0575615000052494,6,6,69,time_pressure,deterministic,50100,0.3333333333333333,0.8,2,2.127967940692535,0,1,3,2,3,5,0,0.0,4.5,6,32,False,1.719990405671114,-45.46716210014386,2,96,1.719990405671114
72,6,False,6,0.0,0,0.46124196868237055,1.7863851845268746,0.048232399982225616,6,6,70,time_pressure,deterministic,50100,0.0,0.8,4,2.7674518120942233,0,0,1,4,1,5,0,0.0,7.5,6,27,False,0.49489767740928325,-5.800571748231048,2,81,0.49489767740928325
101,8,False,8,0.0,0,0.24758710899135455,1.7932199989445508,0.06276269996305928,8,8,71,time_pressure,deterministic,50100,0.0,0.8,4,1.9806968719308364,0,0,1,4,1,5,0,0.0,7.0,8,35,False,0.413622351137413,-3.094271123317178,2,105,0.413622351137413
83,6,False,6,0.0,0,0.1397942847602254,2.207999999940981,0.06844799999817042,6,6,72,time_pressure,deterministic,50100,0.5,0.8,1,0.8387657085613525,0,1,2,1,4,5,0,0.0,9.0,6,31,False,2.3984509920779873,-76.38673012974955,2,93,2.3984509920779877
81,7,False,7,0.0,0,0.2380261642936803,1.99604666728798,0.0598814000186394,7,7,73,time_pressure,deterministic,50100,0.6666666666666666,0.8,2,1.666183150055762,0,2,3,2,3,5,0,0.0,8.0,7,30,False,2.3336042805224517,-69.59627717015088,2,90,2.3336042805224517
98,6,False,6,0.0,0,0.15802547303712325,1.9906727276534322,0.06569220001256326,6,6,74,time_pressure,deterministic,50100,0.0,0.8,2,0.9481528382227394,0,0,1,2,3,5,0,0.0,4.5,6,33,False,1.5331122356615383,-42.57258125522763,2,99,1.5331122356615383
107,9,False,9,0.0,0,0.26109966326801914,1.949086111684058,0.0701671000206261,9,9,75,time_pressure,deterministic,50100,1.0,0.8,3,2.349896969412172,0,2,2,3,2,5,0,0.0,6.0,9,36,False,1.2219784235473092,-31.727552440733216,2,108,1.2219784235473092
122,7,False,7,0.0,0,0.3223223001396878,1.8639609752870279,0.07642239998676814,7,7,76,time_pressure,deterministic,50100,0.5,0.8,3,2.2562561009778146,0,1,2,3,2,5,0,0.0,5.0,7,41,False,1.2710964433202423,-32.260039930931214,2,123,1.2710964433202423
75,6,False,6,0.0,0,0.4530715705712434,2.0177719989442267,0.050444299973605666,6,6,77,time_pressure,deterministic,50100,0.0,0.8,4,2.7184294234274606,0,0,1,4,1,5,0,0.0,6.0,6,25,False,0.658347301880576,-7.484637068315445,2,75,0.658347301880576
89,3,False,3,0.0,0,0.9271647681644056,1.8863166667870246,0.05658950000361074,3,3,78,time_pressure,deterministic,50100,0.3333333333333333,0.8,3,2.7814943044932168,0,1,3,3,2,5,0,0.0,1.5,3,30,False,1.695523894878279,-37.577032282317845,2,90,1.695523894878279
99,10,False,10,0.0,0,0.08601427600416903,1.9565117643865317,0.06652139998914208,10,10,79,time_pressure,deterministic,50100,1.0,0.8,1,0.8601427600416902,0,2,2,1,4,5,0,0.0,11.0,10,34,False,2.9975332414395055,-123.25345211862917,2,102,2.9975332414395055
80,6,False,6,0.0,0,0.34754730410356777,1.8550740750032235,0.050087000025087036,6,6,80,time_pressure,deterministic,50100,1.0,0.8,3,2.0852838246214067,0,1,1,3,2,5,0,0.0,4.5,6,27,False,1.081897233899173,-23.945311289653592,2,81,1.081897233899173
80,7,False,7,0.0,0,0.48158064976398446,1.703117241990624,0.0493904000177281,7,7,81,time_pressure,deterministic,50100,0.3333333333333333,0.8,4,3.371064548347891,0,1,3,4,1,5,0,0.0,6.5,7,29,False,1.0800579874099105,-17.80636881879245,2,87,1.0800579874099105
78,3,False,3,0.0,0,0.3332576267117319,1.923067741201169,0.05961509997723624,3,3,82,time_pressure,deterministic,50100,0.0,0.8,2,0.9997728801351957,0,0,0,2,3,5,0,0.0,4.5,3,31,False,2.4160027756080114,-69.07308641663599,2,93,2.4160027756080114
62,10,False,10,0.0,0,0.296815485552712,1.9334545458233068,0.04253600000811275,10,10,83,time_pressure,deterministic,50100,0.0,0.8,4,2.9681548555271196,0,0,1,4,1,5,0,0.0,12.5,10,22,False,0.9962556902038365,-19.472011222156254,2,66,0.9962556902038365
82,8,False,8,0.0,0,0.3748502059197627,1.9265966666959382,0.057797900000878144,8,8,84,time_pressure,deterministic,50100,0.3333333333333333,0.8,4,2.9988016473581016,0,1,3,4,1,5,0,0.0,8.5,8,30,False,0.9632282498181204,-17.014142650171532,2,90,0.9632282498181204
88,3,False,3,0.0,0,0.610686102763098,2.0849500004260335,0.062548500012781,3,3,85,time_pressure,deterministic,50100,0.6666666666666666,0.8,3,1.832058308289294,0,2,3,3,2,5,0,0.0,1.5,3,30,False,1.3033476960020172,-29.990373706490946,2,90,1.3033476960020172
94,7,False,7,0.0,0,0.1919588584589825,2.1053875000234257,0.06737240000074962,7,7,86,time_pressure,deterministic,50100,0.6666666666666666,0.8,2,1.3437120092128776,0,2,3,2,3,5,0,0.0,6.5,7,32,False,1.9186090097645523,-54.93212353892569,2,96,1.9186090097645523
84,4,False,4,0.0,0,0.624182002721484,1.94598333328031,0.0583794999984093,4,4,87,time_pressure,deterministic,50100,0.0,0.8,3,2.496728010885936,0,0,2,3,2,5,0,0.0,3.5,4,30,False,1.2648706240196237,-26.01476571942824,2,90,1.2648706240196237
77,3,False,3,0.0,0,0.14211337907911817,1.940767856857357,0.05434149999200599,3,3,88,time_pressure,deterministic,50100,1.0,0.8,1,0.4263401372373545,0,3,3,1,4,5,0,0.0,3.0,3,28,False,2.7778171516290477,-110.77779577015795,2,84,2.7778171516290477
99,4,False,4,0.0,0,0.4874835810289099,2.0842909092827924,0.06878160000633216,4,4,89,time_pressure,deterministic,50100,0.5,0.8,2,1.9499343241156395,0,1,2,2,3,5,0,0.0,2.0,4,33,False,1.8591127648118808,-48.71115964931783,2,99,1.8591127648118806
102,5,False,5,0.0,0,0.13306690454784936,1.7944529412060921,0.06101140000100713,5,5,90,time_pressure,deterministic,50100,1.0,0.8,1,0.6653345227392468,0,1,1,1,4,5,0,0.0,2.5,5,34,False,3.0220072430914455,-117.27272842665536,2,102,3.0220072430914455
85,6,False,6,0.0,0,0.302005830658836,1.7891233335831203,0.05367370000749361,6,6,91,time_pressure,deterministic,50100,0.3333333333333333,0.8,2,1.812034983953016,0,1,3,2,3,5,0,0.0,7.5,6,30,False,2.1070320018566377,-63.04341329287008,2,90,2.1070320018566377
76,4,False,4,0.0,0,0.543189806294825,1.8506846155595178,0.04811780000454746,4,4,92,time_pressure,deterministic,50100,0.5,0.8,3,2.1727592251793,0,1,2,3,2,5,0,0.0,3.5,4,26,False,1.5850244116418841,-36.38132139684488,2,78,1.5850244116418841
71,5,False,5,0.0,0,0.24095940264785343,1.907533332996536,0.05150339999090647,5,5,93,time_pressure,deterministic,50100,1.0,0.8,3,1.2047970132392671,0,1,1,3,2,5,0,0.0,4.0,5,27,False,1.591762001828406,-41.78926451164442,2,81,1.591762001828406
71,6,False,6,0.0,0,0.4700948253842567,1.9468440001946874,0.048671100004867185,6,6,94,time_pressure,deterministic,50100,0.0,0.8,4,2.82056895230554,0,0,0,4,1,5,0,0.0,4.5,6,25,False,0.6098675188917306,-3.8235299368651265,2,75,0.6098675188917306
70,5,False,5,0.0,0,0.262438978880887,1.7918159993132576,0.04479539998283144,5,5,95,time_pressure,deterministic,50100,0.5,0.8,2,1.312194894404435,0,1,2,2,3,5,0,0.0,4.0,5,25,False,2.266903885511115,-62.274197170078494,2,75,2.266903885511115
94,9,False,9,0.0,0,0.434336429687792,1.9236969691877621,0.06348199998319615,9,9,96,time_pressure,deterministic,50100,0.2,0.8,4,3.909027867190128,0,1,5,4,1,5,0,0.0,6.0,9,33,False,0.6242702052028815,-0.2649136085052719,2,99,0.6242702052028815
87,8,False,8,0.0,0,0.4342168985412913,2.052353334390015,0.06157060003170045,8,8,97,time_pressure,deterministic,50100,0.0,0.8,4,3.4737351883303305,0,0,1,4,1,5,0,0.0,7.0,8,30,False,0.622527476201689,-5.423360392628917,2,90,0.622527476201689
74,3,False,3,0.0,0,0.2832628799914699,1.9276518519122705,0.052046600001631305,3,3,98,time_pressure,deterministic,50100,0.6666666666666666,0.8,1,0.8497886399744097,0,2,3,1,3,5,0,0.0,1.5,3,27,False,2.605820411375949,-100.21794751674784,2,81,2.6058204113759493
96,8,False,8,0.0,0,0.3029840033444342,1.8309323525446577,0.06225169998651836,8,8,99,time_pressure,deterministic,50100,0.3333333333333333,0.8,3,2.4238720267554736,0,1,3,3,2,5,0,0.0,7.0,8,34,False,1.7744376513691886,-46.850432907821485,2,102,1.7744376513691886
111,16,False,16,0.0,0,0.041803257648128735,1.7711699998471886,0.08855849999235943,16,16,0,heterogeneity_pressure,deterministic,50200,0.0,0.8,1,0.6688521223700598,0,0,2,1,3,5,0,0.0,15.399999999999999,16,50,False,1.7954657155558982,-67.47354067044924,2,150,1.7954657155558982
84,11,False,11,0.0,0,0.31664478780368716,1.7447235301968997,0.05932060002669459,11,11,1,heterogeneity_pressure,deterministic,50200,0.5,0.8,4,3.4830926658405588,0,1,2,4,1,5,0,0.0,12.899999999999999,11,34,False,0.5220227708823061,-9.088101375863392,2,102,0.5220227708823061
99,5,False,5,0.0,0,0.2902394507527033,1.8032749996766344,0.06491789998835884,5,5,2,heterogeneity_pressure,deterministic,50200,0.6666666666666666,0.8,1,1.4511972537635165,0,2,3,1,4,5,0,0.0,2.5,5,36,False,1.9357861586245229,-56.300290448315764,2,108,1.935786158624523
105,9,False,9,0.0,0,0.21049148499208284,2.043371052231554,0.07764809998479905,9,9,3,heterogeneity_pressure,deterministic,50200,0.3333333333333333,0.8,3,1.8944233649287456,0,1,3,3,2,5,0,0.0,3.5,9,38,False,1.597451002597642,-37.512192503871795,2,114,1.597451002597642
110,8,False,8,0.0,0,0.26495536936222985,1.896255555362182,0.08533149999129819,8,8,4,heterogeneity_pressure,deterministic,50200,0.5,0.8,3,2.119642954897839,0,1,2,3,2,5,0,0.0,13.399999999999999,8,45,False,1.9330063097082457,-61.81152378927707,2,135,1.9330063097082457
101,4,False,4,0.0,0,0.544946327237455,1.960268571773278,0.06860940001206473,4,4,5,heterogeneity_pressure,deterministic,50200,0.5,0.8,3,2.17978530894982,0,1,2,3,2,5,0,0.0,2.25,4,35,False,1.158005768332182,-23.592936333289096,2,105,1.158005768332182
121,10,False,10,0.0,0,0.2549469311815525,1.9959186047767723,0.0858245000054012,10,10,6,heterogeneity_pressure,deterministic,50200,0.0,0.8,4,2.5494693118155247,0,0,3,4,1,5,0,0.0,6.3,10,43,False,0.8498850645147553,-14.28691759522621,2,129,0.8498850645147553
114,2,False,2,0.0,0,0.815109426287019,1.8943900000522262,0.07577560000208905,2,2,7,heterogeneity_pressure,deterministic,50200,0.6666666666666666,0.8,2,1.630218852574038,0,2,3,2,3,5,0,0.0,0.5,2,40,False,2.3250293540130924,-63.276501474373966,2,120,2.3250293540130924
109,6,False,6,0.0,0,0.30617519200554427,2.006479487299191,0.07825270000466844,6,6,8,heterogeneity_pressure,deterministic,50200,0.3333333333333333,0.8,3,1.8370511520332657,0,1,3,3,2,5,0,0.0,2.75,6,39,False,1.2628638680571154,-28.129476700118335,2,117,1.2628638680571154
131,6,False,6,0.0,0,0.26595112290992445,1.7252119998738635,0.08626059999369318,6,6,9,heterogeneity_pressure,deterministic,50200,0.0,0.8,2,1.5957067374595466,0,0,0,2,2,5,0,0.0,1.5,6,50,False,1.329108592503069,-35.32787087631368,2,150,1.329108592503069
86,10,False,10,0.0,0,0.3451930385512499,1.8596382358416175,0.063227700018615,10,10,10,heterogeneity_pressure,deterministic,50200,0.0,0.8,4,3.4519303855124988,0,0,3,4,1,5,0,0.0,8.85,10,34,False,0.494875126610883,0.22624626836871897,2,102,0.494875126610883
102,5,False,5,0.0,0,0.30521589276091604,2.0534375002171146,0.08213750000868458,5,5,11,heterogeneity_pressure,deterministic,50200,0.0,0.8,2,1.5260794638045803,0,0,0,2,3,5,0,0.0,5.05,5,40,False,1.8278024063889666,-53.8917252228325,2,120,1.8278024063889666
97,13,False,13,0.0,0,0.25061931713322816,1.923743589521529,0.07502599999133963,13,13,12,heterogeneity_pressure,deterministic,50200,0.0,0.8,5,3.258051122731966,0,0,0,5,0,5,0,0.0,13.399999999999999,13,39,True,0.0,31.38649422008271,2,117,0.0
121,14,False,14,0.0,0,0.2775929683024659,1.7310333331503596,0.07789649999176618,14,14,13,heterogeneity_pressure,deterministic,50200,0.0,0.8,4,3.886301556234522,0,0,2,4,1,5,0,0.0,14.899999999999999,14,45,False,0.5761709641127765,-10.549001966142015,2,135,0.5761709641127765
140,6,False,6,0.0,0,0.2965876598865574,1.7098099993017968,0.08549049996508984,6,6,14,heterogeneity_pressure,deterministic,50200,0.25,0.8,3,1.7795259593193444,0,1,4,3,1,5,0,0.0,5.3,6,50,False,1.075150021267834,-25.233765965206402,2,150,1.075150021267834
90,10,False,10,0.0,0,0.34547258285491994,1.7510542853934956,0.06128689998877235,10,10,15,heterogeneity_pressure,deterministic,50200,0.2,0.8,4,3.4547258285491993,0,1,5,4,1,5,0,0.0,8.85,10,35,False,0.6689361918801038,-6.49013112585166,2,105,0.6689361918801038
90,7,False,7,0.0,0,0.3128285206444212,1.800561764385373,0.06121909998910269,7,7,16,heterogeneity_pressure,deterministic,50200,0.5,0.8,3,2.1897996445109484,0,1,2,3,2,5,0,0.0,10.649999999999999,7,34,False,1.344085404511222,-38.67569008978973,2,102,1.344085404511222
135,6,False,6,0.0,0,0.17926107739224906,1.8335520003165584,0.09167760001582792,6,6,17,heterogeneity_pressure,deterministic,50200,1.0,0.8,1,1.0755664643534943,0,1,1,1,3,5,0,0.0,2.75,6,50,False,1.9095971261835971,-59.248572663651174,2,150,1.9095971261835971
117,4,False,4,0.0,0,0.341097749423647,1.8834512819198725,0.07345459999487503,4,4,18,heterogeneity_pressure,deterministic,50200,0.0,0.8,2,1.364390997694588,0,0,1,2,3,5,0,0.0,4.8,4,39,False,1.058181703345925,-27.60403118088014,2,117,1.0581817033459253
130,5,False,5,0.0,0,0.3416205461573171,1.9351060007466003,0.09675530003733002,5,5,19,heterogeneity_pressure,deterministic,50200,0.0,0.8,2,1.7081027307865853,0,0,1,2,2,5,0,0.0,1.25,5,50,False,1.3909364888882663,-36.41581777627365,2,150,1.3909364888882663
136,11,False,11,0.0,0,0.19361565576420173,1.9692519991076551,0.09846259995538276,11,11,20,heterogeneity_pressure,deterministic,50200,0.0,0.8,3,2.129772213406219,0,0,2,3,2,5,0,0.0,12.899999999999999,11,50,False,0.7826876562965421,-24.73928760932319,2,150,0.7826876562965421
128,16,False,16,0.0,0,0.15483440638065732,2.1402419995865785,0.10701209997932892,16,16,21,heterogeneity_pressure,deterministic,50200,0.0,0.8,3,2.477350502090517,0,0,2,3,0,5,0,0.0,15.399999999999999,16,50,False,0.0,-0.0014056948410750003,2,150,0.0
114,5,False,5,0.0,0,0.2878385192564755,1.9859743587380179,0.0774529999907827,5,5,22,heterogeneity_pressure,deterministic,50200,1.0,0.8,3,1.4391925962823775,0,1,1,3,2,5,0,0.0,2.5,5,39,False,0.9892478377701304,-21.883703263963945,2,117,0.9892478377701304
133,3,False,3,0.0,0,0.2183123528170063,1.7198880000796635,0.08599440000398317,3,3,23,heterogeneity_pressure,deterministic,50200,0.5,0.8,1,0.6549370584510189,0,1,2,1,1,5,0,0.0,0.75,3,50,False,1.3479915874729564,-41.76410028353382,2,150,1.3479915874729564
110,13,False,13,0.0,0,0.19715007553972816,1.854697500311886,0.07418790001247544,13,13,24,heterogeneity_pressure,deterministic,50200,0.5,0.8,4,2.562950982016466,0,1,2,4,1,5,0,0.0,9.55,13,40,False,0.44839100052570935,-6.002503287489079,2,120,0.44839100052570935
108,3,False,3,0.0,0,0.6009235078377558,1.953889190091915,0.07229390003340086,3,3,25,heterogeneity_pressure,deterministic,50200,0.5,0.8,2,1.8027705235132676,0,2,4,2,3,5,0,0.0,2.0,3,37,False,1.9005893405902958,-50.78859699676302,2,111,1.900589340590296
134,13,False,13,0.0,0,0.09080608557712687,1.9739340001251549,0.09869670000625774,13,13,26,heterogeneity_pressure,deterministic,50200,0.3333333333333333,0.8,1,1.1804791125026493,0,1,3,1,3,5,0,0.0,8.3,13,50,False,1.6018723375141037,-54.863161610670154,2,150,1.601872337514104
140,1,False,1,0.0,0,0.8718560716564077,1.9404760000179522,0.09702380000089761,1,1,27,heterogeneity_pressure,deterministic,50200,0.6666666666666666,0.8,1,0.8718560716564077,0,2,3,1,3,5,0,0.0,0.25,1,50,False,1.77188163168469,-52.748717325579186,2,150,1.77188163168469
135,10,False,10,0.0,0,0.0480278421763137,1.8387999993865378,0.09193999996932689,10,10,28,heterogeneity_pressure,deterministic,50200,0.5,0.8,1,0.480278421763137,0,2,4,1,3,5,0,0.0,10.1,10,50,False,1.5515721589221232,-56.23758519367152,2,150,1.551572158922123
86,16,False,16,0.0,0,0.15214485441306796,2.027327999821864,0.1013663999910932,16,16,29,heterogeneity_pressure,deterministic,50200,0.0,0.8,3,2.4343176706090874,0,0,2,3,1,5,0,0.0,15.399999999999999,16,50,False,0.7722371339481577,-22.97752148210713,2,150,0.7722371339481577
103,4,False,4,0.0,0,0.6537192786300059,1.894969230656548,0.07390379999560537,4,4,30,heterogeneity_pressure,deterministic,50200,0.4,0.8,3,2.6148771145200236,0,2,5,3,2,5,0,0.0,4.8,4,39,False,1.596559541428772,-35.19725732524403,2,117,1.596559541428772
114,9,False,9,0.0,0,0.23122240553139997,1.92075121985243,0.07875080001394963,9,9,31,heterogeneity_pressure,deterministic,50200,0.0,0.8,3,2.0810016497826,0,0,1,3,2,5,0,0.0,4.75,9,41,False,1.5896462575825963,-41.05489860006724,2,123,1.5896462575825963
129,10,False,10,0.0,0,0.1559244286319788,1.9192560002557002,0.09596280001278501,10,10,32,heterogeneity_pressure,deterministic,50200,0.0,0.8,2,1.559244286319788,0,0,3,2,1,5,0,0.0,7.55,10,50,False,0.6462544907284694,-18.76327579367839,2,150,0.6462544907284694
100,5,False,5,0.0,0,0.38656816938023564,1.8657558138392931,0.0802274999950896,5,5,33,heterogeneity_pressure,deterministic,50200,0.6666666666666666,0.8,3,1.9328408469011782,0,2,3,3,2,5,0,0.0,2.5,5,43,False,1.058334605655579,-23.300602212735217,2,129,1.058334605655579
92,8,False,8,0.0,0,0.536784281793778,1.8311512814342188,0.07141489997593453,8,8,34,heterogeneity_pressure,deterministic,50200,0.0,0.8,5,4.294274254350224,0,0,2,5,0,5,0,0.0,9.6,8,39,True,0.0,40.183770901637644,2,117,0.0
101,6,False,6,0.0,0,0.34476824319929983,1.8215499998511993,0.061932699994940776,6,6,35,heterogeneity_pressure,deterministic,50200,0.5,0.8,3,2.068609459195799,0,1,2,3,2,5,0,0.0,5.3,6,34,False,1.2725823279796755,-29.011870988540075,2,102,1.2725823279796755
127,8,False,8,0.0,0,0.2829017425040386,2.0122734689609887,0.09860139997908846,8,8,36,heterogeneity_pressure,deterministic,50200,0.0,0.8,3,2.263213940032309,0,0,2,3,2,5,0,0.0,4.5,8,49,False,0.990014734742205,-20.804333563717787,2,147,0.990014734742205
87,8,False,8,0.0,0,0.31046202659772726,2.2314031250516564,0.071404900001653,8,8,37,heterogeneity_pressure,deterministic,50200,0.5,0.8,4,2.483696212781818,0,1,2,4,1,5,0,0.0,8.35,8,32,False,0.7967762217634756,-15.149666867857375,2,96,0.7967762217634756
107,6,False,6,0.0,0,0.3864735814758323,1.7875243899719109,0.07328849998884834,6,6,38,heterogeneity_pressure,deterministic,50200,0.3333333333333333,0.8,3,2.3188414888549937,0,1,3,3,2,5,0,0.0,9.1,6,41,False,2.1948958591252516,-62.23845188043778,2,123,2.1948958591252516
120,13,False,13,0.0,0,0.1198031454962437,1.874267441920427,0.08059350000257837,13,13,39,heterogeneity_pressure,deterministic,50200,0.0,0.8,3,1.5574408914511682,0,0,1,3,2,5,0,0.0,10.850000000000001,13,43,False,1.184604204564827,-35.390591731146486,2,129,1.184604204564827
108,5,False,5,0.0,0,0.5465509968576829,1.9288111115100846,0.06943720001436304,5,5,40,heterogeneity_pressure,deterministic,50200,0.0,0.8,4,2.7327549842884147,0,0,1,4,1,5,0,0.0,1.25,5,36,False,0.9706610940487537,-12.914240159525635,2,108,0.9706610940487537
66,1,False,1,0.0,0,0.0,1.9067318191280884,0.04194810002081795,1,1,41,heterogeneity_pressure,deterministic,50200,0.5,0.8,0,0.0,0,2,4,0,3,5,0,0.0,0.25,1,22,False,2.851016859059265,-112.98050577177796,2,66,2.851016859059265
123,5,False,5,0.0,0,0.19158290488458593,1.926924001018051,0.09634620005090255,5,5,42,heterogeneity_pressure,deterministic,50200,0.0,0.8,1,0.9579145244229297,0,0,2,1,2,5,0,0.0,3.8,5,50,False,1.640960796798744,-50.10936253203893,2,150,1.640960796798744
127,10,False,10,0.0,0,0.12339759084853774,2.345727999927476,0.1172863999963738,10,10,43,heterogeneity_pressure,deterministic,50200,0.0,0.8,2,1.2339759084853774,0,0,1,2,1,5,0,0.0,3.75,10,50,False,0.8058660947943551,-22.564615408529534,2,150,0.8058660947943551
93,0,True,0,0.0,0,0.0,2.3156636373393913,0.07641690003219992,0,0,44,heterogeneity_pressure,deterministic,50200,1.0,0.8,0,0.0,0,3,3,0,3,5,0,0.0,0.0,0,33,False,3.096728839026842,-121.20186517080522,2,99,3.096728839026842
111,11,False,11,0.0,0,0.1832025324333021,2.60263846202855,0.10150290001911344,11,11,45,heterogeneity_pressure,deterministic,50200,0.0,0.8,3,2.015227856766323,0,0,1,3,2,5,0,0.0,7.8,11,39,False,0.938042447516098,-22.818100011041633,2,117,0.938042447516098
99,5,False,5,0.0,0,0.2406004816297754,2.0520868422049956,0.07797930000378983,5,5,46,heterogeneity_pressure,deterministic,50200,0.0,0.8,2,1.203002408148877,0,0,0,2,3,5,0,0.0,3.8,5,38,False,2.0330882892036666,-57.669287783593894,2,114,2.0330882892036666
105,9,False,9,0.0,0,0.333496175865751,2.3864999997926675,0.0883004999923287,9,9,47,heterogeneity_pressure,deterministic,50200,0.0,0.8,4,3.001465582791759,0,0,2,4,1,5,0,0.0,7.3,9,37,False,0.6653699696615842,-8.781905079490688,2,111,0.6653699696615842
127,5,False,5,0.0,0,0.40516242505381594,2.302966000424931,0.11514830002124654,5,5,48,heterogeneity_pressure,deterministic,50200,0.0,0.8,2,2.0258121252690797,0,0,2,2,0,5,0,0.0,2.5,5,50,False,0.0,6.832621946720906,2,150,0.0
125,13,False,13,0.0,0,0.11673261620378785,1.9692212767079176,0.09255340000527212,13,13,49,heterogeneity_pressure,deterministic,50200,1.0,0.8,2,1.517524010649242,0,1,1,2,3,5,0,0.0,12.1,13,47,False,1.9843507102828277,-65.53886333716892,2,141,1.9843507102828277
104,7,False,7,0.0,0,0.28301720692924015,1.9989571430154942,0.0699635000055423,7,7,50,heterogeneity_pressure,deterministic,50200,0.5,0.8,2,1.9811204485046812,0,1,2,2,3,5,0,0.0,6.85,7,35,False,1.4930785490467642,-42.45749623954448,2,105,1.4930785490467642
122,3,False,3,0.0,0,0.4024553868727126,1.9520279999414925,0.09760139999707462,3,3,51,heterogeneity_pressure,deterministic,50200,0.3333333333333333,0.8,2,1.2073661606181378,0,1,3,2,2,5,0,0.0,0.75,3,50,False,1.6040423021516028,-41.501711098828274,2,150,1.6040423021516028
125,9,False,9,0.0,0,0.157583345961538,2.108616667252742,0.10121360002813162,9,9,52,heterogeneity_pressure,deterministic,50200,1.0,0.8,2,1.418250113653842,0,2,2,2,3,5,0,0.0,11.1,9,48,False,1.5973015534108976,-54.0717012071679,2,144,1.5973015534108976
138,2,False,2,0.0,0,0.3739205622059313,2.019555999431759,0.10097779997158796,2,2,53,heterogeneity_pressure,deterministic,50200,0.5,0.8,1,0.7478411244118626,0,1,2,1,2,5,0,0.0,0.5,2,50,False,1.5798704126620773,-47.398705363616905,2,150,1.5798704126620773
103,12,False,12,0.0,0,0.2332198038353862,1.8579815784362022,0.07060329998057568,12,12,54,heterogeneity_pressure,deterministic,50200,0.2,0.8,4,2.7986376460246345,0,1,5,4,1,5,0,0.0,11.85,12,38,False,0.5191244535368676,-5.65615075792312,2,114,0.5191244535368676
106,7,False,7,0.0,0,0.298533705063412,1.8615840907097498,0.08190969999122899,7,7,55,heterogeneity_pressure,deterministic,50200,0.0,0.8,3,2.089735935443884,0,0,2,3,2,5,0,0.0,11.899999999999999,7,44,False,1.0861169441635843,-31.393804518741103,2,132,1.0861169441635843
117,8,False,8,0.0,0,0.22610474134128986,1.8033933332642644,0.0811526999968919,8,8,56,heterogeneity_pressure,deterministic,50200,0.5,0.8,3,1.8088379307303188,0,1,2,3,2,5,0,0.0,7.05,8,45,False,1.0395948442750478,-28.323288187397225,2,135,1.0395948442750478
125,11,False,11,0.0,0,0.3338985723468644,1.950638000125764,0.0975319000062882,11,11,57,heterogeneity_pressure,deterministic,50200,0.0,0.8,4,3.672884295815508,0,0,2,4,1,5,0,0.0,5.25,11,50,False,0.8006906126561267,-9.036249278025362,2,150,0.8006906126561267
107,8,False,8,0.0,0,0.19822445935115512,1.8145857142198587,0.07621259999723407,8,8,58,heterogeneity_pressure,deterministic,50200,0.75,0.8,2,1.585795674809241,0,3,4,2,3,5,0,0.0,12.149999999999999,8,42,False,2.243190023188503,-70.8069652949937,2,126,2.243190023188503
121,5,False,5,0.0,0,0.2402442951753187,1.8870693880040674,0.0924664000121993,5,5,59,heterogeneity_pressure,deterministic,50200,1.0,0.8,2,1.2012214758765936,0,2,2,2,3,5,0,0.0,2.5,5,49,False,2.0005942456778585,-59.02884560645839,2,147,2.0005942456778585
127,14,False,14,0.0,0,0.16884903199621887,1.87767954494947,0.08261789997777669,14,14,60,heterogeneity_pressure,deterministic,50200,0.0,0.8,4,2.3638864479470643,0,0,2,4,1,5,0,0.0,14.899999999999999,14,44,False,0.8871899852188492,-21.614116653846605,2,132,0.8871899852188492
131,3,False,3,0.0,0,0.4916257701676254,1.9102160002512392,0.09551080001256196,3,3,61,heterogeneity_pressure,deterministic,50200,0.6666666666666666,0.8,1,1.474877310502876,0,2,3,1,3,5,0,0.0,0.75,3,50,False,2.301228865301841,-66.88525345323838,2,150,2.301228865301841
123,9,False,9,0.0,0,0.31301669781783414,1.9050738089953527,0.08001309997780481,9,9,62,heterogeneity_pressure,deterministic,50200,0.0,0.8,4,2.817150280360507,0,0,1,4,1,5,0,0.0,3.5,9,42,False,0.8215187038630586,-13.431286954808584,2,126,0.8215187038630586
106,9,False,9,0.0,0,0.15885087784174004,2.04272499973336,0.07353809999040095,9,9,63,heterogeneity_pressure,deterministic,50200,0.6666666666666666,0.8,2,1.4296579005756604,0,2,3,2,3,5,0,0.0,6.05,9,36,False,1.8255044183549338,-51.98458671267325,2,108,1.8255044183549338
111,8,False,8,0.0,0,0.3494834015910977,2.091599999594588,0.07948079998459434,8,8,64,heterogeneity_pressure,deterministic,50200,0.3333333333333333,0.8,4,2.7958672127287816,0,1,3,4,1,5,0,0.0,9.6,8,38,False,0.6349835974203266,-9.920615741601777,2,114,0.6349835974203266
125,8,False,8,0.0,0,0.08160580538965195,1.8990619994292501,0.0949530999714625,8,8,65,heterogeneity_pressure,deterministic,50200,0.3333333333333333,0.8,1,0.6528464431172156,0,1,3,1,2,5,0,0.0,10.85,8,50,False,1.3470580298268318,-51.068482507331,2,150,1.3470580298268318
93,8,False,8,0.0,0,0.24522914152622233,1.9289029412046896,0.06558270000095945,8,8,66,heterogeneity_pressure,deterministic,50200,0.5,0.8,3,1.9618331322097786,0,1,2,3,2,5,0,0.0,7.05,8,34,False,1.2495535108777651,-32.10664111296676,2,102,1.2495535108777651
124,7,False,7,0.0,0,0.21321756695181532,1.8866779991367366,0.09433389995683683,7,7,67,heterogeneity_pressure,deterministic,50200,0.0,0.8,2,1.4925229686627073,0,0,2,2,2,5,0,0.0,3.0,7,50,False,1.118709804020363,-30.4203362306818,2,150,1.118709804020363
123,15,False,15,0.0,0,0.19080517504366293,1.8815425535146286,0.08843250001518754,15,15,68,heterogeneity_pressure,deterministic,50200,0.0,0.8,3,2.862077625654944,0,0,3,3,2,5,0,0.0,12.600000000000001,15,47,False,1.1300779122802733,-31.385110610504146,2,141,1.1300779122802733
131,4,False,4,0.0,0,0.726270022183497,1.9011720006528776,0.09505860003264388,4,4,69,heterogeneity_pressure,deterministic,50200,0.3333333333333333,0.8,3,2.905080088733988,0,1,3,3,1,5,0,0.0,1.0,4,50,False,0.8088050279784418,-12.873707420553474,2,150,0.8088050279784418
113,9,False,9,0.0,0,0.3101307923435697,1.9134869568085338,0.08802040001319256,9,9,70,heterogeneity_pressure,deterministic,50200,0.5,0.8,3,2.7911771310921276,0,2,4,3,2,5,0,0.0,12.399999999999999,9,46,False,1.9850685252215292,-57.651717335986746,2,138,1.9850685252215292
141,14,False,14,0.0,0,0.1732642950647068,1.9570540006679948,0.09785270003339974,14,14,71,heterogeneity_pressure,deterministic,50200,0.0,0.8,4,2.4257001309058954,0,0,0,4,1,5,0,0.0,14.899999999999999,14,50,False,0.487958165155172,-18.02596572629364,2,150,0.487958165155172
108,8,False,8,0.0,0,0.36838287853584534,1.9126357150352782,0.08033070003148168,8,8,72,heterogeneity_pressure,deterministic,50200,0.25,0.8,3,2.9470630282867627,0,1,4,3,2,5,0,0.0,7.05,8,42,False,1.567360673936033,-36.68651032310266,2,126,1.567360673936033
113,12,False,12,0.0,0,0.17982461336871913,1.9052824996833806,0.07621129998733522,12,12,73,heterogeneity_pressure,deterministic,50200,0.0,0.8,3,2.1578953604246296,0,0,1,3,2,5,0,0.0,13.149999999999999,12,40,False,1.8758198451016823,-56.99263908811938,2,120,1.8758198451016823
81,6,False,6,0.0,0,0.4538826002799244,1.963130303589754,0.06478330001846189,6,6,74,heterogeneity_pressure,deterministic,50200,0.3333333333333333,0.8,3,2.7232956016795464,0,1,3,3,2,5,0,0.0,7.85,6,33,False,1.7137403424156865,-41.95879267136566,2,99,1.7137403424156865
101,2,False,2,0.0,0,0.7448712869911647,1.901476315604094,0.07225609999295557,2,2,75,heterogeneity_pressure,deterministic,50200,0.0,0.8,2,1.4897425739823293,0,0,0,2,3,5,0,0.0,4.3,2,38,False,1.658293209174679,-47.022354907900684,2,114,1.658293209174679
91,7,False,7,0.0,0,0.2915051734910611,1.8287848488949803,0.06034990001353435,7,7,76,heterogeneity_pressure,deterministic,50200,0.0,0.8,3,2.0405362144374277,0,0,1,3,2,5,0,0.0,3.0,7,33,False,1.0650384197899094,-21.005416790674836,2,99,1.0650384197899094
107,8,False,8,0.0,0,0.13790961492361464,1.8357102574858193,0.07159270004194696,8,8,77,heterogeneity_pressure,deterministic,50200,1.0,0.8,2,1.1032769193889171,0,1,1,2,3,5,0,0.0,4.55,8,39,False,1.5244960655848374,-43.17512679069738,2,117,1.5244960655848374
114,12,False,12,0.0,0,0.27906794750722685,1.8240534883198263,0.07843429999775253,12,12,78,heterogeneity_pressure,deterministic,50200,0.25,0.8,4,3.3488153700867223,0,1,4,4,1,5,0,0.0,9.3,12,43,False,1.404572030828505,-29.24248293382779,2,129,1.404572030828505
138,4,False,4,0.0,0,0.35282036152700813,1.8653304343941906,0.08580519998213276,4,4,79,heterogeneity_pressure,deterministic,50200,0.3333333333333333,0.8,2,1.4112814461080325,0,1,3,2,3,5,0,0.0,3.55,4,46,False,1.8610617884789373,-52.412082918441804,2,138,1.8610617884789373
131,4,False,4,0.0,0,0.5334660908074986,1.8962900000042282,0.09481450000021141,4,4,80,heterogeneity_pressure,deterministic,50200,0.0,0.8,2,2.1338643632299945,0,0,3,2,2,5,0,0.0,2.25,4,50,False,1.1952842926963607,-29.221062810222435,2,150,1.1952842926963607
109,12,False,12,0.0,0,0.13869488541696226,1.8636564093937453,0.07268259996635607,12,12,81,heterogeneity_pressure,deterministic,50200,0.5,0.8,3,1.664338625003547,0,1,2,3,2,5,0,0.0,6.8,12,39,False,1.5739563464712392,-42.69955477511952,2,117,1.5739563464712392
119,4,False,4,0.0,0,0.32126714352857977,1.9275666668868832,0.08674050000990974,4,4,82,heterogeneity_pressure,deterministic,50200,0.5,0.8,2,1.285068574114319,0,2,4,2,3,5,0,0.0,4.8,4,45,False,1.98605615400891,-55.45491308333144,2,135,1.98605615400891
110,5,False,5,0.0,0,0.40192938274814,1.8981783784535788,0.07023260000278242,5,5,83,heterogeneity_pressure,deterministic,50200,0.6666666666666666,0.8,3,2.0096469137407,0,2,3,3,2,5,0,0.0,3.8,5,37,False,2.28818384508539,-59.3774257672156,2,111,2.28818384508539
105,6,False,6,0.0,0,0.29929729863590954,2.0112921054916164,0.07642910000868142,6,6,84,heterogeneity_pressure,deterministic,50200,0.5,0.8,3,1.7957837918154573,0,1,2,3,2,5,0,0.0,2.75,6,38,False,1.2615129249568864,-29.524250851323117,2,114,1.2615129249568864
90,5,False,5,0.0,0,0.3634600246766526,1.9329057141606296,0.06765169999562204,5,5,85,heterogeneity_pressure,deterministic,50200,0.0,0.8,3,1.817300123383263,0,0,1,3,2,5,0,0.0,5.05,5,35,False,0.9351868005459818,-19.66646707293677,2,105,0.9351868005459818
127,13,False,13,0.0,0,0.2110325823166825,1.9063955556096819,0.08578780000243569,13,13,86,heterogeneity_pressure,deterministic,50200,0.3333333333333333,0.8,4,2.7434235701168728,0,1,3,4,1,5,0,0.0,14.649999999999999,13,45,False,1.3162493576963803,-37.406699465172615,2,135,1.3162493576963803
129,9,False,9,0.0,0,0.29631134198400555,1.9528177778637554,0.087876800003869,9,9,87,heterogeneity_pressure,deterministic,50200,0.0,0.8,4,2.66680207785605,0,0,2,4,1,5,0,0.0,7.3,9,45,False,0.5368471257216757,-5.210848601217299,2,135,0.5368471257216757
131,14,False,14,0.0,0,0.07867612027019669,1.879659999976866,0.0939829999988433,14,14,88,heterogeneity_pressure,deterministic,50200,0.0,0.8,2,1.1014656837827537,0,0,1,2,2,5,0,0.0,9.8,14,50,False,1.1264782352671407,-38.99425687145798,2,150,1.1264782352671407
121,7,False,7,0.0,0,0.3276621092416462,1.9685179996304214,0.09842589998152107,7,7,89,heterogeneity_pressure,deterministic,50200,0.0,0.8,3,2.2936347646915234,0,0,2,3,1,5,0,0.0,3.0,7,50,False,0.4112167672398421,-4.336505379137114,2,150,0.4112167672398421
116,12,False,12,0.0,0,0.12436512937261764,1.8859774998418288,0.07543909999367315,12,12,90,heterogeneity_pressure,deterministic,50200,1.0,0.8,3,1.4923815524714117,0,2,2,3,2,5,0,0.0,11.85,12,40,False,1.8314551556403593,-58.360574455121785,2,120,1.8314551556403593
107,8,False,8,0.0,0,0.47461557420243816,1.9296500011276092,0.06946740004059393,8,8,91,heterogeneity_pressure,deterministic,50200,0.0,0.8,4,3.7969245936195053,0,0,3,4,1,5,0,0.0,4.5,8,36,False,0.4495113363908163,3.095254159071089,2,108,0.4495113363908163
95,8,False,8,0.0,0,0.21244845213259692,1.8870147058110245,0.06415849999757484,8,8,92,heterogeneity_pressure,deterministic,50200,0.0,0.8,3,1.6995876170607753,0,0,1,3,2,5,0,0.0,7.05,8,34,False,1.111791239841745,-31.423558107399103,2,102,1.111791239841745
101,7,False,7,0.0,0,0.4138423107214489,2.0411081084701537,0.07552100001339568,7,7,93,heterogeneity_pressure,deterministic,50200,1.0,0.8,4,2.8968961750501423,0,1,1,4,1,5,0,0.0,5.55,7,37,False,0.7579256519328227,-11.09564116205489,2,111,0.7579256519328227
95,9,False,9,0.0,0,0.3114244637675607,1.9259486487843223,0.07126010000501992,9,9,94,heterogeneity_pressure,deterministic,50200,0.0,0.8,3,2.8028201739080467,0,0,2,3,2,5,0,0.0,7.3,9,37,False,1.2141675665490959,-27.901373473973656,2,111,1.2141675665490959
147,11,False,11,0.0,0,0.11123180969067481,1.9553439995797817,0.09776719997898908,11,11,95,heterogeneity_pressure,deterministic,50200,1.0,0.8,2,1.223549906597423,0,1,1,2,2,5,0,0.0,10.35,11,50,False,1.8081735654430773,-59.535701419308324,2,150,1.8081735654430773
134,8,False,8,0.0,0,0.33965065004993134,2.180903999687871,0.10904519998439355,8,8,96,heterogeneity_pressure,deterministic,50200,0.0,0.8,3,2.7172052003994507,0,0,2,3,0,5,0,0.0,5.8,8,50,False,0.0,8.269775960345937,2,150,0.0
105,12,False,12,0.0,0,0.2834012962996091,2.196851351441551,0.0812835000033374,12,12,97,heterogeneity_pressure,deterministic,50200,0.0,0.8,4,3.400815555595309,0,0,2,4,1,5,0,0.0,10.6,12,37,False,0.6191473305750949,-10.29540372870385,2,111,0.6191473305750949
130,8,False,8,0.0,0,0.345556268561076,2.557695918117783,0.12532709998777136,8,8,98,heterogeneity_pressure,deterministic,50200,0.5,0.8,3,2.764450148488608,0,2,4,3,2,5,0,0.0,5.8,8,49,False,1.8374540192489892,-48.3127516277576,2,147,1.8374540192489892
99,8,False,8,0.0,0,0.3168043476153763,2.3138243894919004,0.09486679996916791,8,8,99,heterogeneity_pressure,deterministic,50200,0.0,0.8,3,2.5344347809230103,0,0,1,3,2,5,0,0.0,9.6,8,41,False,1.3417018774945875,-35.65541311256423,2,123,1.3417018774945875
63,16,False,16,0.0,0,0.30151646919569686,2.7619064513278464,0.08561909999116324,16,16,0,medium,stochastic,50000,0.0,0.8,5,4.82426350713115,0,0,2,5,0,5,0,0.0,17.0,16,31,True,0.0,35.159855683681215,2,93,0.0
60,12,False,12,0.0,0,0.20934770057398508,2.760851851942587,0.07454300000244984,12,12,1,medium,stochastic,50000,0.3333333333333333,0.8,4,2.512172406887821,0,1,3,4,1,5,0,0.0,12.0,12,27,False,0.5559043903598204,-11.122134019935395,2,81,0.5559043903598204
89,15,False,15,0.0,0,0.19977987452971155,3.0509069770761377,0.13118900001427392,15,15,2,medium,stochastic,50000,0.0,0.8,4,2.996698117945673,0,0,2,4,1,5,0,0.0,16.5,15,43,False,0.5883557882588795,-18.152595706969468,2,129,0.5883557882588795
82,16,False,16,0.0,0,0.09735681229108716,3.2648162157636613,0.12079819998325547,16,16,3,medium,stochastic,50000,0.6666666666666666,0.8,3,1.5577089966573945,0,2,3,3,2,5,0,0.0,17.0,16,37,False,1.5877228975283662,-54.6848941212146,2,111,1.5877228975283662
74,16,False,16,0.0,0,0.24219247951740266,3.9830790701671503,0.17127240001718746,16,16,4,medium,stochastic,50000,0.0,0.8,4,3.8750796722784426,0,0,2,4,1,5,0,0.0,17.0,16,43,False,0.4552108199544722,-11.064049053138547,2,129,0.4552108199544722
60,16,False,16,0.0,0,0.22458535151538403,3.157921212594815,0.1042114000156289,16,16,5,medium,stochastic,50000,0.0,0.8,5,3.5933656242461445,0,0,2,5,0,5,0,0.0,17.0,16,33,True,0.0,31.153325307545778,2,99,0.0
54,16,False,16,0.0,0,0.09086580882751649,2.322332001349423,0.11611660006747115,16,16,6,medium,stochastic,50000,0.5,0.8,3,1.4538529412402639,0,1,2,3,1,5,0,0.0,17.0,16,50,False,0.941789753906312,-34.55072576352217,2,150,0.941789753906312
67,14,False,14,0.0,0,0.1676357459222193,2.007740001378503,0.0602322000413551,14,14,7,medium,stochastic,50000,0.0,0.8,5,2.3469004429110703,0,0,1,5,0,5,0,0.0,16.0,14,30,True,0.0,26.754359926204096,2,90,0.0
77,16,False,16,0.0,0,0.09348342735485138,2.037725999689428,0.1018862999844714,16,16,8,medium,stochastic,50000,0.0,0.8,3,1.495734837677622,0,0,1,3,1,5,0,0.0,17.0,16,50,False,0.8512201373115866,-35.424150960239615,2,150,0.8512201373115866
66,10,False,10,0.0,0,0.334269138382115,2.176505999668734,0.10882529998343671,10,10,9,medium,stochastic,50000,0.0,0.8,4,3.3426913838211503,0,0,3,4,0,5,0,0.0,14.0,10,50,False,0.0,8.742374913721044,2,150,0.0
57,16,False,16,0.0,0,0.06494264494908288,1.9752063822221664,0.09283469996444182,16,16,10,medium,stochastic,50000,1.0,0.8,2,1.039082319185326,0,1,1,2,3,5,0,0.0,17.0,16,47,False,2.3347136762054173,-82.70809721057748,2,141,2.3347136762054173
110,14,False,14,0.0,0,0.2818749378338124,2.0168333330030483,0.07865649998711888,14,14,11,medium,stochastic,50000,0.0,0.8,5,3.9462491296733733,0,0,3,5,0,5,0,0.0,14.5,14,39,True,0.0,36.879772338528035,2,117,0.0
60,16,False,16,0.0,0,0.14649560075102935,2.110792000166839,0.10553960000834195,16,16,12,medium,stochastic,50000,0.0,0.8,3,2.3439296120164697,0,0,1,3,0,5,0,0.0,17.0,16,50,False,0.0,-6.130522109826382,2,150,0.0
55,16,False,16,0.0,0,0.16248758025155813,2.23678846193182,0.05815650001022732,16,16,13,medium,stochastic,50000,0.0,0.8,4,2.59980128402493,0,0,2,4,1,5,0,0.0,17.0,16,26,False,0.6486306685204979,-16.747075227853223,2,78,0.6486306685204979
68,14,False,14,0.0,0,0.2830405939156602,2.8155541670760917,0.0675733000098262,14,14,14,medium,stochastic,50000,0.0,0.8,5,3.9625683148192428,0,0,3,5,0,5,0,0.0,14.5,14,24,True,0.0,37.88567498181088,2,72,0.0
105,9,False,9,0.0,0,0.46632026859891124,2.6760174998344155,0.10704069999337662,9,9,15,medium,stochastic,50000,0.0,0.8,5,4.196882417390201,0,0,3,5,0,5,0,0.0,10.5,9,40,True,0.0,38.97754701686444,2,120,0.0
49,16,False,16,0.0,0,0.1386465682995396,3.0401888897257674,0.10944680003012763,16,16,16,medium,stochastic,50000,0.5,0.8,2,2.218345092792634,0,2,4,2,3,5,0,0.0,17.0,16,36,False,2.326372537599214,-76.90702823559153,2,108,2.3263725375992137
81,14,False,14,0.0,0,0.22396095814485478,3.1506931030388183,0.09137009998812573,14,14,17,medium,stochastic,50000,0.0,0.8,4,3.135453414027967,0,0,3,4,1,5,0,0.0,14.5,14,29,False,0.7129227650125038,-16.108190481421058,2,87,0.7129227650125038
73,16,False,16,0.0,0,0.0974722718416242,3.034162000694778,0.1517081000347389,16,16,18,medium,stochastic,50000,0.0,0.8,2,1.5595563494659872,0,0,1,2,2,5,0,0.0,17.0,16,50,False,0.9324069557126605,-37.367612750819234,2,150,0.9324069557126605
109,16,False,16,0.0,0,0.09370311732251288,3.1818819996260572,0.15909409998130286,16,16,19,medium,stochastic,50000,0.0,0.8,2,1.499249877160206,0,0,2,2,0,5,0,0.0,17.0,16,50,False,0.0,-11.4703845030499,2,150,0.0
55,9,False,9,0.0,0,0.4492232887529549,3.032633332926101,0.07278319999022642,9,9,20,medium,stochastic,50000,0.0,0.8,5,4.043009598776594,0,0,2,5,0,5,0,0.0,13.5,9,24,True,0.0,38.21094087090476,2,72,0.0
62,11,False,11,0.0,0,0.3646323277839098,3.6167689656300857,0.10488630000327248,11,11,21,medium,stochastic,50000,0.0,0.8,5,4.010955605623008,0,0,3,5,0,5,0,0.0,13.0,11,29,True,0.0,36.505063489664686,2,87,0.0
65,13,False,13,0.0,0,0.2540232749889889,3.122812500502429,0.0749475000120583,13,13,22,medium,stochastic,50000,0.0,0.8,5,3.3023025748568555,0,0,2,5,0,5,0,0.0,15.5,13,24,True,0.0,35.50633030405935,2,72,0.0
70,10,False,10,0.0,0,0.3376770280071423,2.9628679994493723,0.14814339997246861,10,10,23,medium,stochastic,50000,0.0,0.8,4,3.3767702800714225,0,0,1,4,0,5,0,0.0,14.0,10,50,False,0.0,4.538019274997848,2,150,0.0
81,14,False,14,0.0,0,0.198499883732963,2.872069443886479,0.10339449997991323,14,14,24,medium,stochastic,50000,0.0,0.8,4,2.778998372261482,0,0,1,4,1,5,0,0.0,16.0,14,36,False,0.36494895808940886,-7.252813133307209,2,108,0.36494895808940886
91,16,False,16,0.0,0,0.1368213029442539,2.8915160002361517,0.1445758000118076,16,16,25,medium,stochastic,50000,0.0,0.8,4,2.1891408471080624,0,0,2,4,0,5,0,0.0,17.0,16,50,False,0.0,-2.7692654817307667,2,150,0.0
70,16,False,16,0.0,0,0.1472397137474551,2.7370699994207826,0.13685349997103913,16,16,26,medium,stochastic,50000,0.0,0.8,3,2.3558354199592815,0,0,1,3,2,5,0,0.0,17.0,16,50,False,1.4124740831436442,-47.219732177172155,2,150,1.4124740831436442
76,15,False,15,0.0,0,0.2340455022686383,2.928475000317121,0.14056680001522182,15,15,27,medium,stochastic,50000,0.0,0.8,5,3.5106825340295744,0,0,1,5,0,5,0,0.0,16.5,15,48,True,0.0,29.61087555906261,2,144,0.0
77,16,False,16,0.0,0,0.06918599969584686,3.04400400040322,0.152200200020161,16,16,28,medium,stochastic,50000,0.0,0.8,1,1.1069759951335498,0,0,1,1,1,5,0,0.0,17.0,16,50,False,0.5311846607792841,-30.934330179949434,2,150,0.5311846607792841
80,13,False,13,0.0,0,0.24115025654733474,3.579384848170307,0.11811969998962013,13,13,29,medium,stochastic,50000,0.0,0.8,4,3.134953335115352,0,0,3,4,1,5,0,0.0,15.5,13,33,False,0.49395884060854967,-4.804686865251015,2,99,0.49395884060854967
73,12,False,12,0.0,0,0.29418778212088753,3.303892857210095,0.09250900000188267,12,12,30,medium,stochastic,50000,0.0,0.8,5,3.5302533854506506,0,0,1,5,0,5,0,0.0,13.5,12,28,True,0.0,31.596053612159366,2,84,0.0
83,10,False,10,0.0,0,0.20761734864112205,2.8938885715823353,0.10128610000538174,10,10,31,medium,stochastic,50000,0.5,0.8,3,2.0761734864112205,0,1,2,3,2,5,0,0.0,14.0,10,35,False,1.1403197701533123,-36.91881777609963,2,105,1.1403197701533123
93,11,False,11,0.0,0,0.3127556276194847,2.299500000556624,0.0942795000228216,11,11,32,medium,stochastic,50000,0.0,0.8,5,3.440311903814332,0,0,1,5,0,5,0,0.0,14.5,11,41,True,0.0,30.298936111292242,2,123,0.0
71,11,False,11,0.0,0,0.18946236543645972,2.190529629404881,0.05914429999393178,11,11,33,medium,stochastic,50000,0.5,0.8,4,2.084086019801057,0,1,2,4,1,5,0,0.0,14.5,11,27,False,1.0496666254875449,-28.978251758902232,2,81,1.0496666254875449
60,14,False,14,0.0,0,0.24675420522403377,2.3694285709227967,0.08292999998229789,14,14,34,medium,stochastic,50000,0.0,0.8,5,3.454558873136473,0,0,3,5,0,5,0,0.0,16.0,14,35,True,0.0,33.22507425263929,2,105,0.0
68,12,False,12,0.0,0,0.2664291168954522,2.319829630357196,0.0626354000196443,12,12,35,medium,stochastic,50000,0.5,0.8,4,3.197149402745426,0,1,2,4,1,5,0,0.0,15.0,12,27,False,0.5508237199944142,-12.064197670288305,2,81,0.5508237199944142
71,12,False,12,0.0,0,0.2841915106296748,2.29343913088087,0.10549820002052002,12,12,36,medium,stochastic,50000,0.0,0.8,5,3.4102981275560973,0,0,4,5,0,5,0,0.0,15.0,12,46,True,0.0,36.749667863907746,2,138,0.0
72,16,False,16,0.0,0,0.20935984266442437,2.1872292679135414,0.0896763999844552,16,16,37,medium,stochastic,50000,0.3333333333333333,0.8,4,3.34975748263079,0,1,3,4,1,5,0,0.0,17.0,16,41,False,1.030267775998922,-29.406261516140287,2,123,1.030267775998922
48,16,False,16,0.0,0,0.18040802171267137,2.074821999995038,0.1037410999997519,16,16,38,medium,stochastic,50000,0.2,0.8,3,2.886528347402742,0,1,5,3,1,5,0,0.0,17.0,16,50,False,0.6167373080434128,-18.724381039706756,2,150,0.6167373080434128
61,12,False,12,0.0,0,0.3374027784887878,2.0416680013295263,0.05104170003323816,12,12,39,medium,stochastic,50000,0.0,0.8,5,4.048833341865453,0,0,2,5,0,5,0,0.0,15.0,12,25,True,0.0,33.75608084000987,2,75,0.0
91,8,False,8,0.0,0,0.4423833611222158,2.0784531259323558,0.06651050002983538,8,8,40,medium,stochastic,50000,0.0,0.8,5,3.5390668889777266,0,0,1,5,0,5,0,0.0,8.5,8,32,True,0.0,37.81254567377624,2,96,0.0
117,16,False,16,0.0,0,0.031003780433155183,2.1634480005013756,0.10817240002506878,16,16,41,medium,stochastic,50000,1.0,0.8,1,0.49606048693048294,0,1,1,1,2,5,0,0.0,17.0,16,50,False,1.3373335007907026,-57.77121536117475,2,150,1.3373335007907026
54,16,False,16,0.0,0,0.09705519739885937,2.1489780481759935,0.08810809997521574,16,16,42,medium,stochastic,50000,0.6666666666666666,0.8,2,1.55288315838175,0,2,3,2,3,5,0,0.0,17.0,16,41,False,2.4800900358996945,-85.11798132258816,2,123,2.4800900358996945
86,13,False,13,0.0,0,0.21495869444940385,2.237260000886939,0.06711780002660817,13,13,43,medium,stochastic,50000,0.0,0.8,4,2.79446302784225,0,0,0,4,1,5,0,0.0,14.0,13,30,False,0.4321228191076062,-11.836260420730772,2,90,0.4321228191076062
77,16,False,16,0.0,0,0.09729739578487462,2.045825999666704,0.1022912999833352,16,16,44,medium,stochastic,50000,0.4,0.8,2,1.556758332557994,0,2,5,2,2,5,0,0.0,17.0,16,50,False,1.4050629754936748,-51.915367698106884,2,150,1.4050629754936748
77,13,False,13,0.0,0,0.2572685307047401,2.0832236847414416,0.07916250002017478,13,13,45,medium,stochastic,50000,0.0,0.8,5,3.344490899161621,0,0,2,5,0,5,0,0.0,15.5,13,38,True,0.0,30.889886188745336,2,114,0.0
49,16,False,16,0.0,0,0.1559948216999255,2.0933750001859153,0.09210850000818027,16,16,46,medium,stochastic,50000,0.0,0.8,4,2.495917147198808,0,0,1,4,1,5,0,0.0,17.0,16,44,False,0.275556379323549,-8.148471860814423,2,132,0.275556379323549
71,16,False,16,0.0,0,0.2212295462996592,2.1547759998065885,0.10773879999032943,16,16,47,medium,stochastic,50000,0.0,0.8,4,3.5396727407945474,0,0,2,4,0,5,0,0.0,17.0,16,50,False,0.0,-0.29561463447028796,2,150,0.0
79,15,False,15,0.0,0,0.17519002391702884,2.1024406250944594,0.0672781000030227,15,15,48,medium,stochastic,50000,1.0,0.8,4,2.6278503587554325,0,1,1,4,1,5,0,0.0,16.5,15,32,False,0.8552322456247424,-24.673322909874923,2,96,0.8552322456247424
87,12,False,12,0.0,0,0.25784183436596625,1.9898888889050188,0.07163600000058068,12,12,49,medium,stochastic,50000,0.0,0.8,5,3.0941020123915948,0,0,1,5,0,5,0,0.0,15.0,12,36,True,0.0,28.167084563753534,2,108,0.0
85,8,False,8,0.0,0,0.35412937253965304,2.188489743835257,0.08535110000957502,8,8,50,medium,stochastic,50000,0.0,0.8,5,2.8330349803172243,0,0,1,5,0,5,0,0.0,13.0,8,39,True,0.0,33.76971624363627,2,117,0.0
72,12,False,12,0.0,0,0.24734109906348656,2.0568642861949877,0.05759220001345966,12,12,51,medium,stochastic,50000,0.0,0.8,5,2.9680931887618387,0,0,0,5,0,5,0,0.0,15.0,12,28,True,0.0,31.184749905501388,2,84,0.0
61,16,False,16,0.0,0,0.14800106530396148,1.9701840002380777,0.09850920001190389,16,16,52,medium,stochastic,50000,0.3333333333333333,0.8,3,2.3680170448633837,0,1,3,3,1,5,0,0.0,17.0,16,50,False,0.9205019390468194,-32.01625937291555,2,150,0.9205019390468194
56,16,False,16,0.0,0,0.08520505121557237,2.0200707317931896,0.08282290000352077,16,16,53,medium,stochastic,50000,0.0,0.8,2,1.363280819449158,0,0,1,2,3,5,0,0.0,17.0,16,41,False,1.8524919997355425,-64.11795059377623,2,123,1.8524919997355425
64,16,False,16,0.0,0,0.09576207765287817,2.008669444775377,0.07231210001191357,16,16,54,medium,stochastic,50000,1.0,0.8,3,1.5321932424460507,0,2,2,3,2,5,0,0.0,17.0,16,36,False,1.8078655495892653,-61.07347589589699,2,108,1.8078655495892653
85,11,False,11,0.0,0,0.2703988882195064,2.014986363230326,0.08865939998213435,11,11,55,medium,stochastic,50000,0.0,0.8,4,2.9743877704145705,0,0,1,4,1,5,0,0.0,14.5,11,44,False,0.412871670309422,-11.12565727014975,2,132,0.412871670309422
67,15,False,15,0.0,0,0.2606498594410983,1.9741285719127128,0.06909450001694495,15,15,56,medium,stochastic,50000,0.0,0.8,5,3.9097478916164743,0,0,1,5,0,5,0,0.0,16.5,15,35,True,0.0,33.74845229764915,2,105,0.0
79,10,False,10,0.0,0,0.4649835606005803,2.02393749964358,0.06476599998859456,10,10,57,medium,stochastic,50000,0.0,0.8,5,4.649835606005803,0,0,4,5,0,5,0,0.0,12.5,10,32,True,0.0,41.40736644054734,2,96,0.0
94,10,False,10,0.0,0,0.33622691274395844,2.059354000375606,0.1029677000187803,10,10,58,medium,stochastic,50000,0.0,0.8,4,3.3622691274395846,0,0,1,4,0,5,0,0.0,14.0,10,50,False,0.0,3.7557539754423876,2,150,0.0
74,16,False,16,0.0,0,0.08372407646114757,2.1403419999114703,0.10701709999557352,16,16,59,medium,stochastic,50000,0.5,0.8,2,1.3395852233783612,0,1,2,2,1,5,0,0.0,17.0,16,50,False,0.6217569128355418,-30.166552670651257,2,150,0.6217569128355418
71,11,False,11,0.0,0,0.31476233336458354,2.172283999097999,0.10861419995489996,11,11,60,medium,stochastic,50000,0.0,0.8,4,3.462385667010419,0,0,3,4,0,5,0,0.0,14.5,11,50,False,0.0,4.725806194215224,2,150,0.0
68,16,False,16,0.0,0,0.20579657511397947,2.130509999842616,0.10652549999213079,16,16,61,medium,stochastic,50000,0.0,0.8,4,3.2927452018236716,0,0,3,4,0,5,0,0.0,17.0,16,50,False,0.0,1.6941024643980174,2,150,0.0
66,16,False,16,0.0,0,0.17777843872163931,2.284133999637561,0.11420669998187805,16,16,62,medium,stochastic,50000,0.0,0.8,4,2.844455019546229,0,0,2,4,0,5,0,0.0,17.0,16,50,False,0.0,2.040530243662184,2,150,0.0
110,14,False,14,0.0,0,0.20476021556341267,2.205499999532053,0.09704199997941032,14,14,63,medium,stochastic,50000,0.0,0.8,5,2.8666430178877773,0,0,1,5,0,5,0,0.0,14.5,14,44,True,0.0,29.797423585489717,2,132,0.0
77,16,False,16,0.0,0,0.12101072857826944,2.007277999946382,0.1003638999973191,16,16,64,medium,stochastic,50000,0.0,0.8,2,1.936171657252311,0,0,1,2,2,5,0,0.0,17.0,16,50,False,0.8323579335948037,-35.80898918434918,2,150,0.8323579335948037
64,16,False,16,0.0,0,0.1492495994181272,2.12186799995834,0.106093399997917,16,16,65,medium,stochastic,50000,0.0,0.8,3,2.3879935906900354,0,0,3,3,1,5,0,0.0,17.0,16,50,False,0.9556016776653657,-33.87141834952835,2,150,0.9556016776653657
71,15,False,15,0.0,0,0.1969746705373497,2.3596714282965485,0.09910619998845505,15,15,66,medium,stochastic,50000,0.0,0.8,5,2.9546200580602457,0,0,1,5,0,5,0,0.0,16.5,15,42,True,0.0,28.64903165092243,2,126,0.0
62,16,False,16,0.0,0,0.16471888552566355,2.302583333302108,0.0828929999988759,16,16,67,medium,stochastic,50000,0.0,0.8,4,2.635502168410617,0,0,2,4,1,5,0,0.0,17.0,16,36,False,0.574182536756815,-17.49841191498473,2,108,0.574182536756815
79,16,False,16,0.0,0,0.172351522198772,2.1193879992642906,0.10596939996321453,16,16,68,medium,stochastic,50000,0.0,0.8,4,2.757624355180352,0,0,1,4,0,5,0,0.0,17.0,16,50,False,0.0,-1.3813845420103643,2,150,0.0
75,14,False,14,0.0,0,0.1892531298664874,2.5116400001570582,0.1255820000078529,14,14,69,medium,stochastic,50000,0.0,0.8,4,2.6495438181308235,0,0,1,4,0,5,0,0.0,16.0,14,50,False,0.0,0.6725413209543795,2,150,0.0
80,9,False,9,0.0,0,0.37504216358392733,2.885203333911098,0.08655610001733294,9,9,70,medium,stochastic,50000,0.0,0.8,5,3.375379472255346,0,0,2,5,0,5,0,0.0,13.5,9,30,True,0.0,33.21744656717083,2,90,0.0
61,16,False,16,0.0,0,0.13715856838811694,2.5112380002974533,0.12556190001487266,16,16,71,medium,stochastic,50000,0.0,0.8,3,2.194537094209871,0,0,1,3,1,5,0,0.0,17.0,16,50,False,0.5045394277394614,-23.005832123847437,2,150,0.5045394277394614
71,16,False,16,0.0,0,0.12183281092849013,2.6907879997452255,0.13453939998726128,16,16,72,medium,stochastic,50000,0.5,0.8,3,1.949324974855842,0,1,2,3,1,5,0,0.0,17.0,16,50,False,0.9594092151727365,-35.213845080140445,2,150,0.9594092151727365
70,16,False,16,0.0,0,0.1710433603084357,3.732921999762766,0.1866460999881383,16,16,73,medium,stochastic,50000,0.0,0.8,3,2.736693764934971,0,0,1,3,1,5,0,0.0,17.0,16,50,False,0.7018767593810894,-26.68207194562845,2,150,0.7018767593810894
66,15,False,15,0.0,0,0.2953414378121196,3.3426617656539963,0.11365050003223587,15,15,74,medium,stochastic,50000,0.0,0.8,5,4.430121567181794,0,0,2,5,0,5,0,0.0,16.5,15,34,True,0.0,33.76634018976503,2,102,0.0
60,12,False,12,0.0,0,0.3428371874406661,3.5322580642382344,0.10949999999138527,12,12,75,medium,stochastic,50000,0.0,0.8,5,4.114046249287993,0,0,5,5,0,5,0,0.0,15.0,12,31,True,0.0,38.55157541312315,2,93,0.0
103,15,False,15,0.0,0,0.20297383502184033,3.5834820511622523,0.13975579999532783,15,15,76,medium,stochastic,50000,0.0,0.8,4,3.044607525327605,0,0,2,4,1,5,0,0.0,16.5,15,39,False,0.4179444787861341,-9.805390666365083,2,117,0.4179444787861341
120,11,False,11,0.0,0,0.16296548391719204,4.391506000247318,0.21957530001236591,11,11,77,medium,stochastic,50000,0.0,0.8,3,1.7926203230891125,0,0,2,3,0,5,0,0.0,14.5,11,50,False,0.0,-4.996425765877192,2,150,0.0
75,16,False,16,0.0,0,0.08520811096503267,2.932187179678108,0.1143553000074462,16,16,78,medium,stochastic,50000,0.6666666666666666,0.8,2,1.3633297754405227,0,2,3,2,3,5,0,0.0,17.0,16,39,False,2.151198039366681,-74.70204362474823,2,117,2.151198039366681
82,16,False,16,0.0,0,0.14083480916780772,3.0669060003128834,0.15334530001564417,16,16,79,medium,stochastic,50000,0.5,0.8,3,2.2533569466849235,0,1,2,3,1,5,0,0.0,17.0,16,50,False,0.6872117181228842,-25.054613358619854,2,150,0.6872117181228842
62,9,False,9,0.0,0,0.25858397267983135,2.8741285727197203,0.08047560003615217,9,9,80,medium,stochastic,50000,0.5,0.8,4,2.327255754118482,0,1,2,4,1,5,0,0.0,12.0,9,28,False,0.6948090183921536,-18.93284146705095,2,84,0.6948090183921536
59,8,False,8,0.0,0,0.3442811919440844,2.214646428650927,0.062010100002225954,8,8,81,medium,stochastic,50000,0.0,0.8,4,2.7542495355526753,0,0,2,4,1,5,0,0.0,11.5,8,28,False,0.4853345219505154,-6.024714933793852,2,84,0.4853345219505154
87,16,False,16,0.0,0,0.25116807055003154,2.631074999953853,0.12629159999778494,16,16,82,medium,stochastic,50000,0.0,0.8,5,4.018689128800505,0,0,2,5,0,5,0,0.0,17.0,16,48,True,0.0,31.660946121881192,2,144,0.0
106,16,False,16,0.0,0,0.16448609805347325,2.7026599997770973,0.13513299998885486,16,16,83,medium,stochastic,50000,0.0,0.8,4,2.631777568855572,0,0,2,4,0,5,0,0.0,17.0,16,50,False,0.0,-1.764467911179497,2,150,0.0
83,11,False,11,0.0,0,0.1867780940942071,2.746045945772297,0.10160369999357499,11,11,84,medium,stochastic,50000,0.0,0.8,3,2.054559035036278,0,0,1,3,2,5,0,0.0,13.0,11,37,False,1.1711415992002616,-37.48991671676817,2,111,1.1711415992002616
106,9,False,9,0.0,0,0.3744893410316098,2.5959499992247648,0.11422179996588966,9,9,85,medium,stochastic,50000,0.0,0.8,5,3.370404069284488,0,0,3,5,0,5,0,0.0,10.5,9,44,True,0.0,39.39813585602659,2,132,0.0
80,12,False,12,0.0,0,0.20122777471148015,2.5101371423391226,0.08785479998186929,12,12,86,medium,stochastic,50000,0.5,0.8,4,2.414733296537762,0,1,2,4,1,5,0,0.0,15.0,12,35,False,0.6183328469635345,-17.238808505028956,2,105,0.6183328469635345
93,16,False,16,0.0,0,0.14720798549002284,2.6258339994819835,0.13129169997409917,16,16,87,medium,stochastic,50000,0.0,0.8,3,2.3553277678403655,0,0,4,3,1,5,0,0.0,17.0,16,50,False,0.47616499514050326,-18.26472986700327,2,150,0.47616499514050326
54,16,False,16,0.0,0,0.11653472099171727,2.7594020005199127,0.13797010002599563,16,16,88,medium,stochastic,50000,1.0,0.8,2,1.8645555358674764,0,1,1,2,2,5,0,0.0,17.0,16,50,False,1.3396241787346002,-50.42468451356427,2,150,1.3396241787346002
76,12,False,12,0.0,0,0.2865978638458181,2.48825999951805,0.0746477999855415,12,12,89,medium,stochastic,50000,0.0,0.8,5,3.439174366149817,0,0,1,5,0,5,0,0.0,15.0,12,30,True,0.0,31.953344934544432,2,90,0.0
91,16,False,16,0.0,0,0.15110774251245124,2.5126119994092733,0.12563059997046366,16,16,90,medium,stochastic,50000,0.0,0.8,3,2.41772388019922,0,0,3,3,0,5,0,0.0,17.0,16,50,False,0.0,-5.82379378306648,2,150,0.0
95,16,False,16,0.0,0,0.1577284242926718,2.653234000172233,0.13266170000861166,16,16,91,medium,stochastic,50000,0.0,0.8,3,2.523654788682749,0,0,5,3,0,5,0,0.0,17.0,16,50,False,0.0,-2.4126494089380373,2,150,0.0
67,15,False,15,0.0,0,0.2866096478641806,2.573078125351458,0.08233850001124665,15,15,92,medium,stochastic,50000,0.0,0.8,5,4.299144717962709,0,0,3,5,0,5,0,0.0,16.5,15,32,True,0.0,35.68536476198449,2,96,0.0
79,15,False,15,0.0,0,0.12315322890777541,2.6599524995617685,0.10639809998247074,15,15,93,medium,stochastic,50000,1.0,0.8,3,1.8472984336166312,0,2,2,3,2,5,0,0.0,16.5,15,40,False,1.0545855451956463,-38.19819995722001,2,120,1.0545855451956463
63,16,False,16,0.0,0,0.0837984805550252,2.52297499921244,0.09082709997164784,16,16,94,medium,stochastic,50000,0.5,0.8,2,1.3407756888804032,0,1,2,2,3,5,0,0.0,17.0,16,36,False,1.9495329981767022,-68.17688486799902,2,108,1.9495329981767022
58,16,False,16,0.0,0,0.1461279759400566,2.547664285105254,0.07133459998294711,16,16,95,medium,stochastic,50000,1.0,0.8,4,2.3380476150409057,0,1,1,4,1,5,0,0.0,17.0,16,28,False,1.0052001815916627,-31.93452454930144,2,84,1.0052001815916627
79,7,False,7,0.0,0,0.46241839561981884,2.431149999860541,0.06807219999609515,7,7,96,medium,stochastic,50000,0.0,0.8,5,3.236928769338732,0,0,3,5,0,5,0,0.0,11.0,7,28,True,0.0,39.40134511815255,2,84,0.0
57,16,False,16,0.0,0,0.14963678413185103,2.634006000153022,0.1317003000076511,16,16,97,medium,stochastic,50000,0.0,0.8,3,2.3941885461096164,0,0,2,3,0,5,0,0.0,17.0,16,50,False,0.0,-3.3068214984500868,2,150,0.0
84,13,False,13,0.0,0,0.18797446056602982,2.7363340005103964,0.13681670002551982,13,13,98,medium,stochastic,50000,0.0,0.8,3,2.4436679873583875,0,0,1,3,0,5,0,0.0,15.5,13,50,False,0.0,-3.85158370853537,2,150,0.0
85,10,False,10,0.0,0,0.292331836365952,2.6380000002973247,0.07914000000891974,10,10,99,medium,stochastic,50000,0.25,0.8,4,2.92331836365952,0,1,4,4,1,5,0,0.0,12.5,10,30,False,1.089985452267425,-26.126860406821447,2,90,1.089985452267425
57,11,False,11,0.0,0,0.350820279638531,2.874400000688514,0.06323680001514731,11,11,0,time_pressure,stochastic,50100,0.0,0.8,5,3.859023076023841,0,0,3,5,0,5,0,0.0,14.5,11,22,True,0.0,39.04415891888097,2,66,0.0
72,10,False,10,0.0,0,0.23717060328286613,3.1548548379965546,0.0978004999778932,10,10,1,time_pressure,stochastic,50100,0.3333333333333333,0.8,3,2.371706032828661,0,1,3,3,2,5,0,0.0,12.5,10,31,False,2.1237701397394915,-62.343968034749984,2,93,2.1237701397394915
69,16,False,16,0.0,0,0.1486262727047828,2.833667499908188,0.11334669999632752,16,16,2,time_pressure,stochastic,50100,1.0,0.8,4,2.3780203632765247,0,1,1,4,1,5,0,0.0,17.0,16,40,False,0.745828520463993,-25.083507892039467,2,120,0.745828520463993
54,12,False,12,0.0,0,0.24403045090746375,2.6681538452416693,0.0693719999762834,12,12,3,time_pressure,stochastic,50100,0.0,0.8,4,2.928365410889565,0,0,1,4,1,5,0,0.0,13.5,12,26,False,0.5211190488746857,-13.17926141652184,2,78,0.5211190488746857
55,9,False,9,0.0,0,0.22992115738768165,2.580403999891132,0.0645100999972783,9,9,4,time_pressure,stochastic,50100,0.0,0.8,4,2.069290416489135,0,0,1,4,1,5,0,0.0,13.5,9,25,False,0.6947896760230905,-16.85401133552028,2,75,0.6947896760230905
63,13,False,13,0.0,0,0.25168740604789,2.66734230759679,0.06935089999751654,13,13,5,time_pressure,stochastic,50100,0.0,0.8,5,3.27193627862257,0,0,2,5,0,5,0,0.0,15.5,13,26,True,0.0,35.11699781907669,2,78,0.0
58,10,False,10,0.0,0,0.30519600060660046,2.3988879995886236,0.05997219998971559,10,10,6,time_pressure,stochastic,50100,0.25,0.8,4,3.0519600060660044,0,1,4,4,1,5,0,0.0,14.0,10,25,False,1.2791761937736141,-32.169980100910905,2,75,1.2791761937736141
66,15,False,15,0.0,0,0.16897585168899956,2.5615785712683907,0.07172419999551494,15,15,7,time_pressure,stochastic,50100,0.0,0.8,4,2.5346377753349936,0,0,0,4,1,5,0,0.0,15.0,15,28,False,0.5543315979902633,-15.946959938238113,2,84,0.5543315979902633
44,16,False,16,0.0,0,0.227859411192363,2.2936239998671226,0.057340599996678066,16,16,8,time_pressure,stochastic,50100,0.0,0.8,5,3.645750579077808,0,0,2,5,0,5,0,0.0,17.0,16,25,True,0.0,34.02607254254354,2,75,0.0
62,12,False,12,0.0,0,0.13926368144174103,2.6902499996919818,0.07532699999137549,12,12,9,time_pressure,stochastic,50100,0.5,0.8,3,1.6711641773008925,0,1,2,3,2,5,0,0.0,15.0,12,28,False,1.0861510217823978,-34.224193185204,2,84,1.0861510217823978
51,10,False,10,0.0,0,0.26568361730499995,2.1813428573382443,0.04580820000410313,10,10,10,time_pressure,stochastic,50100,0.3333333333333333,0.8,3,2.6568361730499994,0,1,3,3,2,5,0,0.0,12.5,10,21,False,1.4087822568438224,-37.38909671975078,2,63,1.4087822568438224
48,16,False,16,0.0,0,0.17156769094354546,2.4966304345466397,0.05742249999457272,16,16,11,time_pressure,stochastic,50100,0.0,0.8,4,2.7450830550967273,0,0,2,4,1,5,0,0.0,17.0,16,23,False,0.556208739035356,-13.23712118396958,2,69,0.556208739035356
57,11,False,11,0.0,0,0.31062084957025243,2.5250800003414042,0.0631270000085351,11,11,12,time_pressure,stochastic,50100,0.0,0.8,5,3.416829345272777,0,0,1,5,0,5,0,0.0,14.5,11,25,True,0.0,30.977108934002644,2,75,0.0
66,15,False,15,0.0,0,0.05183423012761954,2.4882093750875356,0.07962270000280114,15,15,13,time_pressure,stochastic,50100,1.0,0.8,2,0.7775134519142931,0,2,2,2,3,5,0,0.0,16.5,15,32,False,1.9036233600482193,-67.00145643872752,2,96,1.9036233600482193
53,15,False,15,0.0,0,0.15235359943719093,2.718396550837246,0.07883349997428013,15,15,14,time_pressure,stochastic,50100,0.5,0.8,3,2.285303991557864,0,1,2,3,2,5,0,0.0,16.5,15,29,False,1.528497562549171,-47.73738603483817,2,87,1.528497562549171
73,16,False,16,0.0,0,0.06649024922564935,2.890221212345006,0.0953773000073852,16,16,15,time_pressure,stochastic,50100,1.0,0.8,2,1.0638439876103896,0,3,3,2,3,5,0,0.0,17.0,16,33,False,2.4018486069849923,-84.11336352196155,2,99,2.4018486069849923
65,14,False,14,0.0,0,0.19864975215326158,2.540461539655763,0.06605200003104983,14,14,16,time_pressure,stochastic,50100,0.0,0.8,4,2.7810965301456623,0,0,2,4,1,5,0,0.0,16.0,14,26,False,0.6683040143033804,-17.076792573531932,2,78,0.6683040143033804
47,16,False,16,0.0,0,0.13116469948575016,2.814048276220625,0.08160740001039812,16,16,17,time_pressure,stochastic,50100,0.3333333333333333,0.8,3,2.0986351917720025,0,1,3,3,2,5,0,0.0,17.0,16,29,False,1.8156725572666357,-55.713314787415285,2,87,1.8156725572666357
55,7,False,7,0.0,0,0.26038484553778707,2.7984041668484374,0.0671617000043625,7,7,18,time_pressure,stochastic,50100,0.0,0.8,3,1.8226939187645095,0,0,3,3,2,5,0,0.0,11.0,7,24,False,1.0533067104616656,-26.35887120112129,2,72,1.0533067104616656
69,14,False,14,0.0,0,0.20929601782893514,2.655107408322187,0.07168790002469905,14,14,19,time_pressure,stochastic,50100,0.0,0.8,5,2.930144249605092,0,0,3,5,0,5,0,0.0,16.0,14,27,True,0.0,36.7122813385384,2,81,0.0
57,16,False,16,0.0,0,0.24995802306817988,2.620526923307737,0.06813370000600116,16,16,20,time_pressure,stochastic,50100,0.0,0.8,5,3.999328369090878,0,0,2,5,0,5,0,0.0,17.0,16,26,True,0.0,34.80146765249104,2,78,0.0
57,14,False,14,0.0,0,0.30138362269610663,2.8245222220667294,0.07626209999580169,14,14,21,time_pressure,stochastic,50100,0.25,0.8,4,4.219370717745493,0,1,4,4,1,5,0,0.0,16.0,14,27,False,0.9929404969133157,-22.805495481684154,2,81,0.9929404969133157
62,16,False,16,0.0,0,0.16777216953180338,2.531586666494453,0.07594759999483358,16,16,22,time_pressure,stochastic,50100,0.3333333333333333,0.8,3,2.684354712508854,0,1,3,3,2,5,0,0.0,17.0,16,30,False,1.668255637888032,-51.94633667597975,2,90,1.668255637888032
60,15,False,15,0.0,0,0.23101989834001257,2.7166066679152814,0.08149820003745845,15,15,23,time_pressure,stochastic,50100,0.0,0.8,5,3.4652984751001887,0,0,2,5,0,5,0,0.0,16.5,15,30,True,0.0,32.377123754124725,2,90,0.0
66,16,False,16,0.0,0,0.15353346917579067,2.67073409105995,0.11751230000663782,16,16,24,time_pressure,stochastic,50100,0.3333333333333333,0.8,3,2.4565355068126506,0,1,3,3,2,5,0,0.0,17.0,16,44,False,1.0703503760417838,-35.70009636886849,2,132,1.0703503760417838
64,16,False,16,0.0,0,0.2261608105626457,2.8770410258752794,0.1122046000091359,16,16,25,time_pressure,stochastic,50100,0.0,0.8,4,3.618572969002331,0,0,3,4,1,5,0,0.0,17.0,16,39,False,0.661226564717972,-12.802835188980152,2,117,0.661226564717972
73,16,False,16,0.0,0,0.14042389134033545,2.5227074080181344,0.06811310001648962,16,16,26,time_pressure,stochastic,50100,0.0,0.8,3,2.246782261445367,0,0,2,3,2,5,0,0.0,17.0,16,27,False,1.001838109490985,-33.454521903155836,2,81,1.001838109490985
63,15,False,15,0.0,0,0.27724771182783897,2.1099600003799424,0.05274900000949856,15,15,27,time_pressure,stochastic,50100,0.0,0.8,5,4.158715677417584,0,0,3,5,0,5,0,0.0,16.5,15,25,True,0.0,36.43987363693775,2,75,0.0
57,11,False,11,0.0,0,0.2106031722279754,2.4058636365886987,0.052929000004951376,11,11,28,time_pressure,stochastic,50100,1.0,0.8,4,2.3166348945077293,0,1,1,4,1,5,0,0.0,14.5,11,22,False,0.5123264043815209,-14.082221035426763,2,66,0.5123264043815209
80,13,False,13,0.0,0,0.1996081319492015,2.595338888164002,0.09343219997390406,13,13,29,time_pressure,stochastic,50100,0.5,0.8,4,2.5949057153396193,0,1,2,4,1,5,0,0.0,15.5,13,36,False,0.847916656098771,-24.685202791273845,2,108,0.847916656098771
64,16,False,16,0.0,0,0.10554303409170288,2.2762655175154514,0.0660117000079481,16,16,30,time_pressure,stochastic,50100,0.5,0.8,3,1.688688545467246,0,1,2,3,2,5,0,0.0,17.0,16,29,False,1.8383072095319304,-59.65402511064997,2,87,1.8383072095319304
52,15,False,15,0.0,0,0.29456424428424055,2.8994560000137426,0.07248640000034356,15,15,31,time_pressure,stochastic,50100,0.0,0.8,5,4.418463664263609,0,0,4,5,0,5,0,0.0,15.0,15,25,True,0.0,39.194776687093984,2,75,0.0
59,16,False,16,0.0,0,0.1749837884231739,2.3719448278104114,0.06878640000650194,16,16,32,time_pressure,stochastic,50100,0.0,0.8,4,2.7997406147707826,0,0,3,4,1,5,0,0.0,17.0,16,29,False,0.6616850696684662,-13.249060033633834,2,87,0.6616850696684662
74,15,False,15,0.0,0,0.18732986184136083,2.523480000672862,0.07570440002018586,15,15,33,time_pressure,stochastic,50100,0.0,0.8,4,2.8099479276204122,0,0,3,4,1,5,0,0.0,16.5,15,30,False,0.32596143541546985,-7.393260052165065,2,90,0.32596143541546985
60,10,False,10,0.0,0,0.3211023877445403,2.466811111878121,0.06660390002070926,10,10,34,time_pressure,stochastic,50100,0.0,0.8,5,3.211023877445403,0,0,2,5,0,5,0,0.0,14.0,10,27,True,0.0,36.11515154564119,2,81,0.0
65,16,False,16,0.0,0,0.18031833719438473,2.50334358917406,0.09763039997778833,16,16,35,time_pressure,stochastic,50100,0.0,0.8,4,2.8850933951101556,0,0,3,4,1,5,0,0.0,17.0,16,39,False,0.6428840874018431,-14.107878572035185,2,117,0.6428840874018431
62,10,False,10,0.0,0,0.3796912314714347,2.633421739396315,0.06056870000611525,10,10,36,time_pressure,stochastic,50100,0.0,0.8,5,3.796912314714347,0,0,0,5,0,5,0,0.0,14.0,10,23,True,0.0,33.35629205233859,2,69,0.0
52,13,False,13,0.0,0,0.25517011786302496,2.3609652170030726,0.054302199991070665,13,13,37,time_pressure,stochastic,50100,0.0,0.8,4,3.3172115322193245,0,0,3,4,1,5,0,0.0,15.5,13,23,False,0.4136187304321468,-5.6599315859771355,2,69,0.4136187304321468
56,10,False,10,0.0,0,0.40883452589592795,2.8487666661801216,0.05982409998978255,10,10,38,time_pressure,stochastic,50100,0.0,0.8,5,4.088345258959279,0,0,2,5,0,5,0,0.0,11.0,10,21,True,0.0,39.75436890602089,2,63,0.0
66,9,False,9,0.0,0,0.3603468646145029,2.7604833336833203,0.06625160000839969,9,9,39,time_pressure,stochastic,50100,0.0,0.8,5,3.243121781530526,0,0,2,5,0,5,0,0.0,10.5,9,24,True,0.0,36.198147507210955,2,72,0.0
53,16,False,16,0.0,0,0.14477903385874574,2.16886296348767,0.05855930001416709,16,16,40,time_pressure,stochastic,50100,0.6666666666666666,0.8,3,2.316464541739932,0,2,3,3,2,5,0,0.0,17.0,16,27,False,1.2746281845828895,-42.86907780301341,2,81,1.2746281845828895
77,10,False,10,0.0,0,0.23829931435148294,2.5230321417828754,0.07064489996992052,10,10,41,time_pressure,stochastic,50100,0.0,0.8,4,2.3829931435148293,0,0,0,4,1,5,0,0.0,12.5,10,28,False,0.6291134084240779,-16.39637383956519,2,84,0.6291134084240779
41,8,False,8,0.0,0,0.4061230227409578,2.563235001071007,0.05126470002142014,8,8,42,time_pressure,stochastic,50100,0.0,0.8,5,3.2489841819276624,0,0,0,5,0,5,0,0.0,13.0,8,20,True,0.0,34.01158754079005,2,60,0.0
53,12,False,12,0.0,0,0.31355402100473057,2.36849130400831,0.05447529999219114,12,12,43,time_pressure,stochastic,50100,0.0,0.8,5,3.7626482520567666,0,0,3,5,0,5,0,0.0,15.0,12,23,True,0.0,41.364260524048795,2,69,0.0
65,14,False,14,0.0,0,0.11454538117071152,2.6623962955825307,0.07188469998072833,14,14,44,time_pressure,stochastic,50100,0.0,0.8,2,1.6036353363899611,0,0,0,2,3,5,0,0.0,16.0,14,27,False,1.6594262227083545,-58.38473635466935,2,81,1.6594262227083545
67,13,False,13,0.0,0,0.2388239384919957,2.543614815631709,0.06867760002205614,13,13,45,time_pressure,stochastic,50100,0.0,0.8,4,3.1047112003959443,0,0,2,4,1,5,0,0.0,14.0,13,27,False,0.4403133061379871,-6.901311772504775,2,81,0.4403133061379871
63,12,False,12,0.0,0,0.2563055645564159,2.475856521809676,0.05694470000162255,12,12,46,time_pressure,stochastic,50100,0.0,0.8,5,3.075666774676991,0,0,1,5,0,5,0,0.0,13.5,12,23,True,0.0,31.735275101199992,2,69,0.0
51,10,False,10,0.0,0,0.28706123353428026,2.5264650001190603,0.050529300002381206,10,10,47,time_pressure,stochastic,50100,0.0,0.8,5,2.8706123353428024,0,0,2,5,0,5,0,0.0,12.5,10,20,True,0.0,36.65077499116643,2,60,0.0
58,12,False,12,0.0,0,0.3900135505432582,2.3329999999582975,0.06299099999887403,12,12,48,time_pressure,stochastic,50100,0.0,0.8,5,4.680162606519098,0,0,4,5,0,5,0,0.0,15.0,12,27,True,0.0,39.1333745701462,2,81,0.0
54,16,False,16,0.0,0,0.17222263969465745,2.6764151517647514,0.0883217000082368,16,16,49,time_pressure,stochastic,50100,0.3333333333333333,0.8,3,2.7555622351145193,0,1,3,3,2,5,0,0.0,17.0,16,33,False,1.2332529964776688,-39.68056349813965,2,99,1.2332529964776688
62,12,False,12,0.0,0,0.26005174707679213,2.342832000576891,0.058570800014422275,12,12,50,time_pressure,stochastic,50100,0.0,0.8,5,3.1206209649215055,0,0,2,5,0,5,0,0.0,15.0,12,25,True,0.0,35.58104084945307,2,75,0.0
49,10,False,10,0.0,0,0.3290569691732076,2.558584210897894,0.048613100007059984,10,10,51,time_pressure,stochastic,50100,0.0,0.8,5,3.2905696917320757,0,0,1,5,0,5,0,0.0,14.0,10,19,True,0.0,34.012991800419286,2,57,0.0
71,9,False,9,0.0,0,0.20959918773820105,2.387835484349184,0.0740229000148247,9,9,52,time_pressure,stochastic,50100,1.0,0.8,3,1.8863926896438095,0,2,2,3,2,5,0,0.0,13.5,9,31,False,1.8629515608502052,-58.384139126405714,2,93,1.8629515608502052
50,13,False,13,0.0,0,0.26234153880726996,2.7725636361785955,0.060996399995929096,13,13,53,time_pressure,stochastic,50100,0.0,0.8,5,3.4104400044945096,0,0,1,5,0,5,0,0.0,15.5,13,22,True,0.0,34.935571185274554,2,66,0.0
65,10,False,10,0.0,0,0.31457128708623733,2.5136896556118855,0.07289700001274468,10,10,54,time_pressure,stochastic,50100,0.3333333333333333,0.8,4,3.1457128708623734,0,1,3,4,1,5,0,0.0,12.5,10,29,False,0.9241912085459845,-19.352297110953927,2,87,0.9241912085459845
56,10,False,10,0.0,0,0.23326891996305116,2.658676923042199,0.06912559999909718,10,10,55,time_pressure,stochastic,50100,1.0,0.8,4,2.3326891996305115,0,1,1,4,1,5,0,0.0,14.0,10,26,False,1.069950474886554,-30.023600048792666,2,78,1.069950474886554
59,9,False,9,0.0,0,0.3308574310591088,2.4523624997527804,0.05885669999406673,9,9,56,time_pressure,stochastic,50100,0.0,0.8,5,2.9777168795319793,0,0,2,5,0,5,0,0.0,12.0,9,24,True,0.0,35.14494754381515,2,72,0.0
66,6,False,6,0.0,0,0.4502053194680708,2.970730435070278,0.0683268000066164,6,6,57,time_pressure,stochastic,50100,0.5,0.8,4,2.7012319168084247,0,1,2,4,1,5,0,0.0,9.0,6,23,False,0.7405436525627114,-14.47688484506486,2,69,0.7405436525627114
81,16,False,16,0.0,0,0.15023323986242548,2.1872783795147,0.0809293000420439,16,16,58,time_pressure,stochastic,50100,0.5,0.8,3,2.4037318377988077,0,1,2,3,2,5,0,0.0,17.0,16,37,False,0.9469161286420547,-32.41088832726557,2,111,0.9469161286420547
43,16,False,16,0.0,0,0.20654118161430784,2.3786264706252362,0.08087330000125803,16,16,59,time_pressure,stochastic,50100,0.3333333333333333,0.8,4,3.3046589058289255,0,1,3,4,1,5,0,0.0,17.0,16,34,False,0.9303613442143928,-26.44611495508028,2,102,0.9303613442143928
45,11,False,11,0.0,0,0.3173745939752792,2.504880952377183,0.05260249999992084,11,11,60,time_pressure,stochastic,50100,0.0,0.8,5,3.491120533728071,0,0,1,5,0,5,0,0.0,14.5,11,21,True,0.0,32.88433950205919,2,63,0.0
71,9,False,9,0.0,0,0.14127347213423233,2.4710961540851994,0.06424850000621518,9,9,61,time_pressure,stochastic,50100,0.6666666666666666,0.8,2,1.271461249208091,0,2,3,2,3,5,0,0.0,10.5,9,26,False,1.9332144574021315,-59.42231411930856,2,78,1.9332144574021315
85,8,False,8,0.0,0,0.4829225474736821,2.5594250009817188,0.081901600031415,8,8,62,time_pressure,stochastic,50100,0.0,0.8,5,3.8633803797894566,0,0,2,5,0,5,0,0.0,13.0,8,32,True,0.0,36.78555183782709,2,96,0.0
65,12,False,12,0.0,0,0.16421205123213337,2.626934616273502,0.06830030002311105,12,12,63,time_pressure,stochastic,50100,1.0,0.8,3,1.9705446147856005,0,1,1,3,2,5,0,0.0,15.0,12,26,False,1.185530084211397,-38.63462355527599,2,78,1.185530084211397
78,11,False,11,0.0,0,0.3127302727156969,2.398626666642182,0.07195879999926547,11,11,64,time_pressure,stochastic,50100,0.0,0.8,4,3.440032999872666,0,0,2,4,1,5,0,0.0,14.5,11,30,False,0.32114830005691974,-2.996319018116637,2,90,0.32114830005691974
78,15,False,15,0.0,0,0.1148469309371612,2.5379153857312096,0.09897870004351716,15,15,65,time_pressure,stochastic,50100,0.0,0.8,3,1.722703964057418,0,0,0,3,2,5,0,0.0,16.5,15,39,False,1.1354096387180652,-40.204907199252766,2,117,1.1354096387180652
70,9,False,9,0.0,0,0.3026472414607535,2.6627769220795017,0.06923219997406704,9,9,66,time_pressure,stochastic,50100,0.0,0.8,4,2.7238251731467815,0,0,2,4,1,5,0,0.0,10.5,9,26,False,0.7670204158154238,-14.132553005681885,2,78,0.7670204158154238
47,9,False,9,0.0,0,0.37219489843010234,2.9086823517846985,0.049447599980339874,9,9,67,time_pressure,stochastic,50100,0.0,0.8,4,3.349754085870921,0,0,2,4,1,5,0,0.0,12.0,9,17,False,0.799442917262499,-14.331001651770507,2,51,0.799442917262499
61,12,False,12,0.0,0,0.24582685333297025,2.5697096765901324,0.0796609999742941,12,12,68,time_pressure,stochastic,50100,0.0,0.8,5,2.949922239995643,0,0,1,5,0,5,0,0.0,15.0,12,31,True,0.0,30.082694934079147,2,93,0.0
60,14,False,14,0.0,0,0.18358768553388408,2.6345218748247134,0.08430469999439083,14,14,69,time_pressure,stochastic,50100,0.3333333333333333,0.8,3,2.570227597474377,0,1,3,3,2,5,0,0.0,16.0,14,32,False,1.277730748889272,-40.462781954057505,2,96,1.277730748889272
38,16,False,16,0.0,0,0.12249563592546137,2.6742470583806552,0.09092439998494228,16,16,70,time_pressure,stochastic,50100,1.0,0.8,3,1.9599301748073819,0,1,1,3,2,5,0,0.0,17.0,16,34,False,1.3024193146961247,-43.882720316816936,2,102,1.3024193146961247
67,9,False,9,0.0,0,0.22007743021453738,2.9725346153449768,0.0772858999989694,9,9,71,time_pressure,stochastic,50100,0.0,0.8,4,1.9806968719308364,0,0,1,4,1,5,0,0.0,13.5,9,26,False,0.413622351137413,-8.69427112331718,2,78,0.413622351137413
62,13,False,13,0.0,0,0.13233140196365428,3.004944444304177,0.08113349999621278,13,13,72,time_pressure,stochastic,50100,0.5,0.8,3,1.7203082255275057,0,1,2,3,2,5,0,0.0,14.0,13,27,False,1.5169084751118347,-45.61699107560213,2,81,1.5169084751118347
51,16,False,16,0.0,0,0.14585026753265323,2.404884999668866,0.09619539998675464,16,16,73,time_pressure,stochastic,50100,0.3333333333333333,0.8,3,2.3336042805224517,0,1,3,3,2,5,0,0.0,17.0,16,40,False,1.666183150055762,-53.20650299473255,2,120,1.666183150055762
71,10,False,10,0.0,0,0.20528707326441129,2.669992308186081,0.0694198000128381,10,10,74,time_pressure,stochastic,50100,0.0,0.8,4,2.052870732644113,0,0,1,4,1,5,0,0.0,14.0,10,26,False,0.4283943412401648,-8.899009269217402,2,78,0.4283943412401648
49,9,False,9,0.0,0,0.3169255629974546,2.6541499998984364,0.08493279999674996,9,9,75,time_pressure,stochastic,50100,0.5,0.8,4,2.8523300669770917,0,1,2,4,1,5,0,0.0,13.5,9,32,False,0.7195453259823894,-18.616222396172304,2,96,0.7195453259823894
71,7,False,7,0.0,0,0.4276355135932256,2.560366665959548,0.0691298999809078,7,7,76,time_pressure,stochastic,50100,0.5,0.8,4,2.993448595152579,0,1,2,4,1,5,0,0.0,11.0,7,27,False,0.533903949145478,-9.82576606624769,2,81,0.533903949145478
43,10,False,10,0.0,0,0.3376776725308037,2.7260062493041914,0.04361609998886706,10,10,77,time_pressure,stochastic,50100,0.0,0.8,5,3.376776725308037,0,0,1,5,0,5,0,0.0,12.5,10,16,True,0.0,36.2061247452128,2,48,0.0
45,16,False,16,0.0,0,0.11607696533687352,2.6899931038095586,0.07800980001047719,16,16,78,time_pressure,stochastic,50100,0.6666666666666666,0.8,3,1.8572314453899763,0,2,3,3,2,5,0,0.0,17.0,16,29,False,2.6197867539815194,-110.04301665781779,2,87,2.6197867539815194
57,16,False,16,0.0,0,0.10801293276209639,2.41783823538058,0.08220650000293972,16,16,79,time_pressure,stochastic,50100,0.5,0.8,2,1.7282069241935423,0,1,2,2,3,5,0,0.0,17.0,16,34,False,2.1294690772876534,-72.287901400502,2,102,2.1294690772876534
67,8,False,8,0.0,0,0.3205025607981423,2.989058333393283,0.0717374000014388,8,8,80,time_pressure,stochastic,50100,1.0,0.8,4,2.5640204863851386,0,1,1,4,1,5,0,0.0,10.0,8,24,False,0.6031605721354413,-11.208231833728894,2,72,0.6031605721354413
48,7,False,7,0.0,0,0.6358746479654002,2.6029318178188987,0.05726449999201577,7,7,81,time_pressure,stochastic,50100,0.0,0.8,5,4.4511225357578015,0,0,3,5,0,5,0,0.0,12.5,7,22,True,0.0,41.569471996774375,2,66,0.0
54,16,False,16,0.0,0,0.1842524143213789,2.8960697673028335,0.12453099999402184,16,16,82,time_pressure,stochastic,50100,0.0,0.8,4,2.9480386291420624,0,0,0,4,1,5,0,0.0,17.0,16,43,False,0.46773702660114425,-14.917394573441918,2,129,0.46773702660114425
29,16,False,16,0.0,0,0.11279219878138212,3.8766961535237408,0.10079409999161726,16,16,83,time_pressure,stochastic,50100,1.0,0.8,2,1.804675180502114,0,1,1,2,3,5,0,0.0,17.0,16,26,False,2.1597353652288422,-72.32795122637457,2,78,2.1597353652288422
51,16,False,16,0.0,0,0.24762686857351388,2.753645161236261,0.08536299999832409,16,16,84,time_pressure,stochastic,50100,0.0,0.8,5,3.962029897176222,0,0,3,5,0,5,0,0.0,17.0,16,31,True,0.0,35.874330430317166,2,93,0.0
62,10,False,10,0.0,0,0.3135406004291311,2.928208000957966,0.07320520002394915,10,10,85,time_pressure,stochastic,50100,0.0,0.8,5,3.135406004291311,0,0,3,5,0,5,0,0.0,14.0,10,25,True,0.0,34.73630460779107,2,75,0.0
65,10,False,10,0.0,0,0.26555427497372597,2.5986531256876333,0.08315690002200427,10,10,86,time_pressure,stochastic,50100,0.3333333333333333,0.8,4,2.65554274973726,0,1,3,4,1,5,0,0.0,14.0,10,32,False,0.6067782692401696,-13.084951588416839,2,96,0.6067782692401696
60,9,False,9,0.0,0,0.4179554038783955,2.4045653842152275,0.06251869998959592,9,9,87,time_pressure,stochastic,50100,0.0,0.8,5,3.76159863490556,0,0,2,5,0,5,0,0.0,12.0,9,26,True,0.0,39.217227427314654,2,78,0.0
68,10,False,10,0.0,0,0.24621696653589503,2.616719230270694,0.06803469998703804,10,10,88,time_pressure,stochastic,50100,0.0,0.8,4,2.4621696653589504,0,0,3,4,1,5,0,0.0,9.5,10,26,False,0.7419876235074513,-14.093421243319959,2,78,0.7419876235074513
79,11,False,11,0.0,0,0.34627700808432,2.830226667477594,0.08490680002432782,11,11,89,time_pressure,stochastic,50100,0.0,0.8,5,3.80904708892752,0,0,2,5,0,5,0,0.0,14.5,11,30,True,0.0,34.888685331240836,2,90,0.0
81,10,False,10,0.0,0,0.2517280733652183,2.6903275858534594,0.07801949998975033,10,10,90,time_pressure,stochastic,50100,0.0,0.8,3,2.517280733652183,0,0,1,3,2,5,0,0.0,11.0,10,29,False,1.170061032178509,-33.314114609511364,2,87,1.170061032178509
57,16,False,16,0.0,0,0.15087653350965302,2.9300900006395145,0.08790270001918543,16,16,91,time_pressure,stochastic,50100,0.3333333333333333,0.8,3,2.4140245361544483,0,1,3,3,2,5,0,0.0,17.0,16,30,False,1.5050424496552055,-48.44416323987625,2,90,1.5050424496552055
64,15,False,15,0.0,0,0.2505189091214123,2.807069230934408,0.07298380000429461,15,15,92,time_pressure,stochastic,50100,0.0,0.8,5,3.757783636821184,0,0,2,5,0,5,0,0.0,16.5,15,26,True,0.0,33.38668215632329,2,78,0.0
52,10,False,10,0.0,0,0.15483173755037027,2.7953620680411153,0.08106549997319235,10,10,93,time_pressure,stochastic,50100,1.0,0.8,3,1.5483173755037027,0,1,1,3,2,5,0,0.0,14.0,10,29,False,1.2482416395639704,-40.97671069763849,2,87,1.2482416395639704
49,16,False,16,0.0,0,0.2144022794498294,2.6874625000345986,0.06449910000083037,16,16,94,time_pressure,stochastic,50100,0.0,0.8,5,3.4304364711972704,0,0,0,5,0,5,0,0.0,17.0,16,24,True,0.0,32.13549726634674,2,72,0.0
53,12,False,12,0.0,0,0.22999958694951772,2.6787291668976345,0.06428950000554323,12,12,95,time_pressure,stochastic,50100,0.0,0.8,4,2.7599950433942126,0,0,2,4,1,5,0,0.0,15.0,12,24,False,0.8191037365213376,-18.889208848132213,2,72,0.8191037365213376
61,13,False,13,0.0,0,0.3487152363379238,3.2238124999821594,0.1031619999994291,13,13,96,time_pressure,stochastic,50100,0.0,0.8,5,4.533298072393009,0,0,5,5,0,5,0,0.0,15.5,13,32,True,0.0,41.08695787395685,2,96,0.0
59,13,False,13,0.0,0,0.3150971280409246,2.5880454542692117,0.056936999993922655,13,13,97,time_pressure,stochastic,50100,0.0,0.8,5,4.09626266453202,0,0,1,5,0,5,0,0.0,15.5,13,22,True,0.0,35.47659453101778,2,66,0.0
59,12,False,12,0.0,0,0.21925664708024298,3.4317137938944207,0.0995197000229382,12,12,98,time_pressure,stochastic,50100,0.3333333333333333,0.8,3,2.631079764962916,0,1,3,3,2,5,0,0.0,15.0,12,29,False,1.2831573711853665,-35.89163341021473,2,87,1.2831573711853665
82,15,False,15,0.0,0,0.2798873118749775,2.8155625000181317,0.09009800000058021,15,15,99,time_pressure,stochastic,50100,0.0,0.8,5,4.198309678124662,0,0,3,5,0,5,0,0.0,15.0,15,32,True,0.0,36.6066146622083,2,96,0.0
72,16,False,16,0.0,0,0.07706264118315281,2.9121839997242205,0.14560919998621102,16,16,0,heterogeneity_pressure,stochastic,50200,0.0,0.8,2,1.233002258930445,0,0,2,2,2,5,0,0.0,15.399999999999999,16,50,False,1.231315578995513,-46.713382234708426,2,150,1.231315578995513
52,12,False,12,0.0,0,0.2902577221533799,2.579963415195291,0.10577850002300693,12,12,1,heterogeneity_pressure,stochastic,50200,0.5,0.8,4,3.4830926658405588,0,1,2,4,1,5,0,0.0,14.399999999999999,12,41,False,0.5220227708823061,-11.288101375863377,2,123,0.5220227708823061
64,10,False,10,0.0,0,0.33869834123880393,2.7783370374150023,0.07501510001020506,10,10,2,heterogeneity_pressure,stochastic,50200,0.0,0.8,5,3.3869834123880396,0,0,3,5,0,5,0,0.0,13.900000000000002,10,27,True,0.0,37.22897947825909,2,81,0.0
55,11,False,11,0.0,0,0.3174431243205807,2.760424242296722,0.09109399999579182,11,11,3,heterogeneity_pressure,stochastic,50200,0.0,0.8,5,3.4918743675263877,0,0,3,5,0,5,0,0.0,14.149999999999999,11,33,True,0.0,38.64401846886089,2,99,0.0
67,14,False,14,0.0,0,0.027865818931666113,3.051308824069565,0.10374450001836522,14,14,4,heterogeneity_pressure,stochastic,50200,1.0,0.8,1,0.39012146504332557,0,2,2,1,3,5,0,0.0,14.899999999999999,14,34,False,3.2280880925428708,-136.50994694092338,2,102,3.228088092542871
74,16,False,16,0.0,0,0.17662289197856568,2.5801789475065706,0.09804680000524968,16,16,5,heterogeneity_pressure,stochastic,50200,0.0,0.8,4,2.825966271657051,0,0,2,4,1,5,0,0.0,15.399999999999999,16,38,False,0.5118248056249513,-13.523713513182884,2,114,0.5118248056249513
64,16,False,16,0.0,0,0.18066111370924653,2.7382916664464574,0.13143799998942995,16,16,6,heterogeneity_pressure,stochastic,50200,0.3333333333333333,0.8,4,2.8905778193479446,0,1,3,4,1,5,0,0.0,15.399999999999999,16,48,False,0.5087765569823353,-14.562847971913046,2,144,0.5087765569823353
61,7,False,7,0.0,0,0.5650354580838758,2.6452565216459334,0.06084089999785647,7,7,7,heterogeneity_pressure,stochastic,50200,0.0,0.8,5,3.9552482065871306,0,0,3,5,0,5,0,0.0,8.1,7,23,True,0.0,43.427450572248254,2,69,0.0
58,9,False,9,0.0,0,0.3444350022322646,2.967108332995849,0.07121059999190038,9,9,8,heterogeneity_pressure,stochastic,50200,0.0,0.8,5,3.099915020090381,0,0,3,5,0,5,0,0.0,12.399999999999999,9,24,True,0.0,38.96098995303066,2,72,0.0
98,16,False,16,0.0,0,0.09973167109122166,2.7811999995901715,0.13905999997950858,16,16,9,heterogeneity_pressure,stochastic,50200,0.0,0.8,2,1.5957067374595466,0,0,0,2,2,5,0,0.0,15.399999999999999,16,50,False,1.329108592503069,-49.22787087631368,2,150,1.329108592503069
51,16,False,16,0.0,0,0.16035828084138226,3.1053479998081457,0.15526739999040728,16,16,10,heterogeneity_pressure,stochastic,50200,0.0,0.8,4,2.565732493462116,0,0,3,4,0,5,0,0.0,15.399999999999999,16,50,False,0.0,4.846384371589281,2,150,0.0
57,16,False,16,0.0,0,0.13302594574856852,2.8450399996654596,0.14225199998327298,16,16,11,heterogeneity_pressure,stochastic,50200,0.0,0.8,3,2.1284151319770963,0,0,0,3,1,5,0,0.0,15.399999999999999,16,50,False,0.5567254614056609,-22.03623861729834,2,150,0.5567254614056609
55,16,False,16,0.0,0,0.16431239229841438,2.5879219508014346,0.10610479998285882,16,16,12,heterogeneity_pressure,stochastic,50200,0.0,0.8,4,2.62899827677463,0,0,0,4,1,5,0,0.0,15.399999999999999,16,41,False,0.6290528459573359,-19.531991018675633,2,123,0.6290528459573359
61,15,False,15,0.0,0,0.29749816802315326,3.219497727596635,0.14165790001425194,15,15,13,heterogeneity_pressure,stochastic,50200,0.0,0.8,5,4.462472520347299,0,0,2,5,0,5,0,0.0,15.149999999999999,15,44,True,0.0,36.008188310218785,2,132,0.0
93,16,False,16,0.0,0,0.16449852845343982,2.7778559997386765,0.13889279998693382,16,16,14,heterogeneity_pressure,stochastic,50200,0.0,0.8,4,2.631976455255037,0,0,4,4,0,5,0,0.0,15.399999999999999,16,50,False,0.0,2.6868148924946764,2,150,0.0
55,16,False,16,0.0,0,0.08843995454775574,3.5201808514489614,0.16544850001810119,16,16,15,heterogeneity_pressure,stochastic,50200,0.6,0.8,2,1.415039272764092,0,3,5,2,3,5,0,0.0,15.399999999999999,16,47,False,2.708622747665211,-114.58294154282652,2,141,2.708622747665211
59,16,False,16,0.0,0,0.09883843161377959,2.830054000369273,0.14150270001846366,16,16,16,heterogeneity_pressure,stochastic,50200,0.0,0.8,3,1.5814149058204734,0,0,2,3,1,5,0,0.0,15.399999999999999,16,50,False,0.6366017431043071,-25.128358232169226,2,150,0.6366017431043071
93,9,False,9,0.0,0,0.34793208731269515,2.8146808504738767,0.1322899999722722,9,9,17,heterogeneity_pressure,stochastic,50200,0.0,0.8,4,3.131388785814256,0,0,1,4,1,5,0,0.0,13.649999999999999,9,47,False,0.4344752292525355,-10.762054321841234,2,141,0.4344752292525355
93,16,False,16,0.0,0,0.05339563623867492,2.7193539988365956,0.13596769994182978,16,16,18,heterogeneity_pressure,stochastic,50200,0.0,0.8,2,0.8543301798187988,0,0,1,2,2,5,0,0.0,15.400000000000002,16,50,False,0.7156502238378879,-33.03067313514151,2,150,0.7156502238378879
86,12,False,12,0.0,0,0.3023548668198118,2.6706478265228015,0.12284980002004886,12,12,19,heterogeneity_pressure,stochastic,50200,0.0,0.8,5,3.6282584018377415,0,0,1,5,0,5,0,0.0,14.399999999999999,12,46,True,0.0,31.56453462881657,2,138,0.0
82,16,False,16,0.0,0,0.04891797851853388,2.8568340007041115,0.14284170003520558,16,16,20,heterogeneity_pressure,stochastic,50200,0.0,0.8,2,0.7826876562965421,0,0,2,2,0,5,0,0.0,15.399999999999999,16,50,False,0.0,-12.457197427622349,2,150,0.0
90,16,False,16,0.0,0,0.07393675074209859,2.8085220004140865,0.14042610002070433,16,16,21,heterogeneity_pressure,stochastic,50200,0.0,0.8,2,1.1829880118735774,0,0,2,2,0,5,0,0.0,15.400000000000002,16,50,False,0.0,-7.572446430715612,2,150,0.0
81,6,False,6,0.0,0,0.40474007234208464,2.6599567560903803,0.09841839997534407,6,6,22,heterogeneity_pressure,stochastic,50200,0.0,0.8,5,2.428440434052508,0,0,1,5,0,5,0,0.0,10.35,6,37,True,0.0,34.47855401382351,2,111,0.0
89,16,False,16,0.0,0,0.0383388903210484,2.863190000061877,0.14315950000309385,16,16,23,heterogeneity_pressure,stochastic,50200,0.5,0.8,1,0.6134222451367743,0,1,2,1,2,5,0,0.0,15.399999999999999,16,50,False,2.0029286459239755,-75.56376528062941,2,150,2.0029286459239755
75,16,False,16,0.0,0,0.10047274575883199,2.7270260009390768,0.13635130004695384,16,16,24,heterogeneity_pressure,stochastic,50200,0.0,0.8,3,1.6075639321413118,0,0,2,3,1,5,0,0.0,15.399999999999999,16,50,False,1.0159331526926658,-35.322674074700615,2,150,1.0159331526926658
77,15,False,15,0.0,0,0.17745864735356603,2.4839444441669105,0.08942199999000877,15,15,25,heterogeneity_pressure,stochastic,50200,0.25,0.8,3,2.6618797103034906,0,1,4,3,2,5,0,0.0,15.149999999999999,15,36,False,1.0414801538000733,-32.18317031598157,2,108,1.0414801538000733
96,16,False,16,0.0,0,0.11907944869385964,2.8185919993848074,0.14092959996924037,16,16,26,heterogeneity_pressure,stochastic,50200,0.0,0.8,2,1.9052711791017543,0,0,3,2,2,5,0,0.0,15.399999999999999,16,50,False,0.8770802709149987,-33.12462871337385,2,150,0.8770802709149987
44,9,False,9,0.0,0,0.2937486337045664,2.650189999549184,0.1325094999774592,9,9,27,heterogeneity_pressure,stochastic,50200,0.0,0.8,4,2.6437377033410976,0,0,3,4,0,5,0,0.0,13.649999999999999,9,50,False,0.0,2.7462636640919222,2,150,0.0
99,12,False,12,0.0,0,0.08845912311662833,2.7923599992936943,0.1396179999646847,12,12,28,heterogeneity_pressure,stochastic,50200,0.25,0.8,2,1.06150947739954,0,1,4,2,1,5,0,0.0,14.399999999999999,12,50,False,0.4900626815225832,-24.761414406959556,2,150,0.4900626815225832
42,16,False,16,0.0,0,0.10650537992957133,2.866739999735728,0.1433369999867864,16,16,29,heterogeneity_pressure,stochastic,50200,0.5,0.8,2,1.7040860788731413,0,1,2,2,2,5,0,0.0,15.399999999999999,16,50,False,1.5024687256841034,-51.35287833912369,2,150,1.5024687256841034
57,16,False,16,0.0,0,0.08120474783157618,2.7136440001777373,0.13568220000888687,16,16,30,heterogeneity_pressure,stochastic,50200,0.4,0.8,2,1.2992759653052188,0,2,5,2,2,5,0,0.0,15.399999999999999,16,50,False,2.003668168546124,-68.70373263581894,2,150,2.003668168546124
66,9,False,9,0.0,0,0.4078497674850218,2.4903080007061362,0.062257700017653406,9,9,31,heterogeneity_pressure,stochastic,50200,0.0,0.8,5,3.670647907365196,0,0,1,5,0,5,0,0.0,9.85,9,25,True,0.0,37.785004123629605,2,75,0.0
73,6,False,6,0.0,0,0.21249400542478059,2.718553999438882,0.1359276999719441,6,6,32,heterogeneity_pressure,stochastic,50200,0.0,0.8,2,1.2749640325486835,0,0,3,2,1,5,0,0.0,12.899999999999999,6,50,False,0.6462544907284694,-23.78444761981405,2,150,0.6462544907284694
65,16,False,16,0.0,0,0.1261896929133575,2.5592739132306357,0.11772660000860924,16,16,33,heterogeneity_pressure,stochastic,50200,0.6666666666666666,0.8,3,2.01903508661372,0,2,3,3,2,5,0,0.0,15.399999999999999,16,46,False,0.9721403659430372,-33.3408791028795,2,138,0.9721403659430372
46,16,False,16,0.0,0,0.268392140896889,3.248034884711879,0.1396655000426108,16,16,34,heterogeneity_pressure,stochastic,50200,0.0,0.8,5,4.294274254350224,0,0,2,5,0,5,0,0.0,15.399999999999999,16,43,True,0.0,33.983770901637655,2,129,0.0
80,8,False,8,0.0,0,0.35904641473325105,2.641196666081669,0.07923589998245006,8,8,35,heterogeneity_pressure,stochastic,50200,0.0,0.8,4,2.8723713178660084,0,0,2,4,1,5,0,0.0,13.399999999999999,8,30,False,0.4688204693094662,-6.264463345445871,2,90,0.4688204693094662
86,8,False,8,0.0,0,0.4066535843468142,2.716148648736684,0.1004975000032573,8,8,36,heterogeneity_pressure,stochastic,50200,0.0,0.8,5,3.2532286747745136,0,0,2,5,0,5,0,0.0,8.3,8,37,True,0.0,40.214052271387274,2,111,0.0
56,16,False,16,0.0,0,0.20502952715908085,2.727882142997779,0.07638070000393782,16,16,37,heterogeneity_pressure,stochastic,50200,0.0,0.8,5,3.2804724345452936,0,0,2,5,0,5,0,0.0,15.399999999999999,16,28,True,0.0,32.86326121316604,2,84,0.0
74,16,False,16,0.0,0,0.13718099119532823,2.8424419998191297,0.14212209999095649,16,16,38,heterogeneity_pressure,stochastic,50200,0.6666666666666666,0.8,2,2.1948958591252516,0,2,3,2,2,5,0,0.0,15.399999999999999,16,50,False,1.625862416514301,-56.78808011487389,2,150,1.625862416514301
67,16,False,16,0.0,0,0.09402891692390167,2.718042000051355,0.13590210000256775,16,16,39,heterogeneity_pressure,stochastic,50200,0.0,0.8,3,1.5044626707824267,0,0,1,3,1,5,0,0.0,15.399999999999999,16,50,False,0.47350742463059525,-22.10638947800474,2,150,0.47350742463059525
69,16,False,16,0.0,0,0.17437699094036455,2.561813043386159,0.11784339999576332,16,16,40,heterogeneity_pressure,stochastic,50200,0.0,0.8,4,2.7900318550458327,0,0,1,4,1,5,0,0.0,15.399999999999999,16,46,False,0.9133842232913354,-26.72742099467285,2,138,0.9133842232913354
59,16,False,16,0.0,0,0.11822485084518652,2.1704790689359785,0.09333059996424709,16,16,41,heterogeneity_pressure,stochastic,50200,0.75,0.8,2,1.8915976135229844,0,3,4,2,3,5,0,0.0,15.399999999999999,16,43,False,2.2487456029452932,-75.36369310495158,2,129,2.2487456029452932
102,9,False,9,0.0,0,0.28876392458018596,2.3958380006661173,0.11979190003330586,9,9,42,heterogeneity_pressure,stochastic,50200,0.0,0.8,3,2.5988753212216738,0,0,2,3,0,5,0,0.0,13.649999999999999,9,50,False,0.0,-1.077119342917463,2,150,0.0
67,15,False,15,0.0,0,0.13598946688531552,2.355637999717146,0.11778189998585731,15,15,43,heterogeneity_pressure,stochastic,50200,0.0,0.8,3,2.0398420032797326,0,0,1,3,0,5,0,0.0,15.149999999999999,15,50,False,0.0,-4.952944929279751,2,150,0.0
91,11,False,11,0.0,0,0.22400226410611965,2.347552000283031,0.11737760001415154,11,11,44,heterogeneity_pressure,stochastic,50200,0.3333333333333333,0.8,2,2.464024905167316,0,1,3,2,1,5,0,0.0,14.149999999999999,11,50,False,0.632703933859526,-24.28751976724326,2,150,0.632703933859526
67,16,False,16,0.0,0,0.025672697033418197,2.33827400021255,0.11691370001062751,16,16,45,heterogeneity_pressure,stochastic,50200,1.0,0.8,1,0.41076315253469114,0,1,1,1,3,5,0,0.0,15.399999999999999,16,50,False,1.6024981026633354,-64.28743752810557,2,150,1.6024981026633354
78,16,False,16,0.0,0,0.10150082371341754,2.5244839998777024,0.12622419999388512,16,16,46,heterogeneity_pressure,stochastic,50200,0.0,0.8,2,1.6240131794146806,0,0,0,2,2,5,0,0.0,15.399999999999999,16,50,False,1.1679032029879228,-44.758519996240814,2,150,1.1679032029879228
66,15,False,15,0.0,0,0.24445570349688958,2.674911427935253,0.09362189997773385,15,15,47,heterogeneity_pressure,stochastic,50200,0.0,0.8,5,3.666835552453344,0,0,2,5,0,5,0,0.0,15.149999999999999,15,35,True,0.0,33.5932627215441,2,105,0.0
96,14,False,14,0.0,0,0.2536461409410128,2.3729059990728274,0.11864529995364137,14,14,48,heterogeneity_pressure,stochastic,50200,0.0,0.8,4,3.551045973174179,0,0,2,4,0,5,0,0.0,14.899999999999999,14,50,False,0.0,5.749012680025347,2,150,0.0
71,16,False,16,0.0,0,0.0867334757122782,2.4753140000393614,0.12376570000196807,16,16,49,heterogeneity_pressure,stochastic,50200,1.0,0.8,2,1.3877356113964512,0,1,1,2,2,5,0,0.0,15.399999999999999,16,50,False,1.3979861141616081,-52.76058643302893,2,150,1.3979861141616081
73,16,False,16,0.0,0,0.06765573714050113,2.4915939997299574,0.12457969998649787,16,16,50,heterogeneity_pressure,stochastic,50200,0.5,0.8,2,1.0824917942480181,0,1,2,2,2,5,0,0.0,15.399999999999999,16,50,False,1.520747829912744,-54.421619055308575,2,150,1.520747829912744
59,16,False,16,0.0,0,0.09110435604612768,2.2632157894182265,0.0860021999978926,16,16,51,heterogeneity_pressure,stochastic,50200,0.6666666666666666,0.8,2,1.457669696738043,0,2,3,2,3,5,0,0.0,15.399999999999999,16,38,False,2.3255296968138817,-77.26209720763822,2,114,2.3255296968138817
74,16,False,16,0.0,0,0.12268258569671739,2.3763900001358707,0.11881950000679353,16,16,52,heterogeneity_pressure,stochastic,50200,0.0,0.8,3,1.9629213711474782,0,0,2,3,1,5,0,0.0,15.399999999999999,16,50,False,0.43483227648373846,-15.922965013319812,2,150,0.43483227648373846
111,8,False,8,0.0,0,0.09348014055148282,2.2598640008072834,0.11299320004036417,8,8,53,heterogeneity_pressure,stochastic,50200,0.5,0.8,1,0.7478411244118626,0,1,2,1,2,5,0,0.0,13.399999999999999,8,50,False,1.5798704126620773,-60.2987053636169,2,150,1.5798704126620773
62,12,False,12,0.0,0,0.18338358214843084,2.189985000222805,0.0875994000089122,12,12,54,heterogeneity_pressure,stochastic,50200,0.4,0.8,3,2.20060298578117,0,2,5,3,2,5,0,0.0,14.399999999999999,12,40,False,1.1171591137803325,-32.30631011874176,2,120,1.1171591137803325
71,13,False,13,0.0,0,0.20851871629925994,2.1902320002845954,0.10951160001422977,13,13,55,heterogeneity_pressure,stochastic,50200,0.0,0.8,4,2.710743311890379,0,0,2,4,0,5,0,0.0,14.649999999999999,13,50,False,0.0,1.6384145168985356,2,150,0.0
56,10,False,10,0.0,0,0.2848432775005366,2.2286511115251213,0.10028930001863046,10,10,56,heterogeneity_pressure,stochastic,50200,0.0,0.8,5,2.8484327750053664,0,0,2,5,0,5,0,0.0,13.899999999999999,10,45,True,0.0,32.82448556107787,2,135,0.0
45,16,False,16,0.0,0,0.10785387305265978,2.172338637055046,0.09558290003042202,16,16,57,heterogeneity_pressure,stochastic,50200,1.0,0.8,2,1.7256619688425565,0,2,2,2,3,5,0,0.0,15.399999999999999,16,44,False,2.747912939629078,-116.46339963477725,2,132,2.747912939629078
67,16,False,16,0.0,0,0.15259262143602978,2.177672000398161,0.10888360001990804,16,16,58,heterogeneity_pressure,stochastic,50200,0.25,0.8,3,2.4414819429764765,0,1,4,3,1,5,0,0.0,15.399999999999999,16,50,False,0.7393920792605444,-22.771785855472093,2,150,0.7393920792605444
77,5,False,5,0.0,0,0.44831184188840806,2.201941935533297,0.06826020000153221,5,5,59,heterogeneity_pressure,stochastic,50200,0.5,0.8,4,2.2415592094420402,0,1,2,4,1,5,0,0.0,7.55,5,31,False,0.9602565121124119,-20.4256040232611,2,93,0.9602565121124119
63,16,False,16,0.0,0,0.11738686595356423,2.2509180003544316,0.11254590001772158,16,16,60,heterogeneity_pressure,stochastic,50200,0.0,0.8,3,1.8781898552570278,0,0,2,3,1,5,0,0.0,15.399999999999999,16,50,False,0.8002742722832701,-27.76993793036976,2,150,0.8002742722832701
100,6,False,6,0.0,0,0.6293510293007862,2.478677999897627,0.12393389999488136,6,6,61,heterogeneity_pressure,stochastic,50200,0.0,0.8,4,3.7761061758047174,0,0,3,4,0,5,0,0.0,10.399999999999999,6,50,False,0.0,9.006540301737866,2,150,0.0
86,15,False,15,0.0,0,0.24257793228157104,2.1561500004736445,0.06899680001515662,15,15,62,heterogeneity_pressure,stochastic,50200,0.0,0.8,5,3.6386689842235658,0,0,1,5,0,5,0,0.0,15.149999999999999,15,32,True,0.0,30.24651075514304,2,96,0.0
41,16,False,16,0.0,0,0.1827934767641374,2.276603571902212,0.06374490001326194,16,16,63,heterogeneity_pressure,stochastic,50200,0.0,0.8,4,2.9246956282261984,0,0,3,4,1,5,0,0.0,15.399999999999999,16,28,False,0.33046669070439577,-3.8795790414026285,2,84,0.33046669070439577
79,9,False,9,0.0,0,0.3812056455721231,2.2135071425769377,0.06197819999215426,9,9,64,heterogeneity_pressure,stochastic,50200,0.0,0.8,5,3.4308508101491078,0,0,3,5,0,5,0,0.0,11.100000000000001,9,28,True,0.0,39.97457276624435,2,84,0.0
70,13,False,13,0.0,0,0.15383880561108057,2.2692139996797778,0.11346069998398889,13,13,65,heterogeneity_pressure,stochastic,50200,0.0,0.8,3,1.9999044729440474,0,0,3,3,0,5,0,0.0,14.649999999999999,13,50,False,0.0,-3.319317073901566,2,150,0.0
39,16,False,16,0.0,0,0.12589346659990558,2.102526315291853,0.07989599998109043,16,16,66,heterogeneity_pressure,stochastic,50200,0.0,0.8,3,2.0142954655984893,0,0,2,3,2,5,0,0.0,15.399999999999999,16,38,False,1.1970911774890545,-36.86925739805562,2,114,1.1970911774890545
79,10,False,10,0.0,0,0.26112327726830703,2.3171859997091815,0.11585929998545907,10,10,67,heterogeneity_pressure,stochastic,50200,0.0,0.8,4,2.61123277268307,0,0,2,4,0,5,0,0.0,13.900000000000002,10,50,False,0.0,2.580570435352128,2,150,0.0
52,16,False,16,0.0,0,0.05308137356720856,2.214370000292547,0.11071850001462735,16,16,68,heterogeneity_pressure,stochastic,50200,0.6666666666666666,0.8,1,0.849301977075337,0,2,3,1,3,5,0,0.0,15.399999999999999,16,50,False,2.1237418275567834,-78.56502179237725,2,150,2.1237418275567834
78,12,False,12,0.0,0,0.3671327420605879,2.344584847874516,0.07737129997985903,12,12,69,heterogeneity_pressure,stochastic,50200,0.0,0.8,5,4.405592904727055,0,0,3,5,0,5,0,0.0,13.149999999999999,12,33,True,0.0,37.80570231563282,2,99,0.0
57,16,False,16,0.0,0,0.14142144366995058,2.0935820005252026,0.10467910002626013,16,16,70,heterogeneity_pressure,stochastic,50200,0.5,0.8,2,2.262743098719209,0,2,4,2,2,5,0,0.0,15.399999999999999,16,50,False,1.7824529105228168,-59.06428109995284,2,150,1.7824529105228168
100,14,False,14,0.0,0,0.18881907305555726,2.179847999505,0.10899239997525001,14,14,71,heterogeneity_pressure,stochastic,50200,0.0,0.8,4,2.6434670227778017,0,0,0,4,0,5,0,0.0,14.899999999999999,14,50,False,0.0,-1.764926338427264,2,150,0.0
78,16,False,16,0.0,0,0.19644462045233874,2.2289860001183115,0.11144930000591557,16,16,72,heterogeneity_pressure,stochastic,50200,0.0,0.8,3,3.14311392723742,0,0,4,3,1,5,0,0.0,15.399999999999999,16,50,False,0.6834456553490509,-18.93811360169756,2,150,0.6834456553490509
81,16,False,16,0.0,0,0.20044150500880442,2.3535111106159294,0.08472639998217346,16,16,73,heterogeneity_pressure,stochastic,50200,0.0,0.8,4,3.2070640801408707,0,0,1,4,1,5,0,0.0,15.399999999999999,16,36,False,0.8266511253854415,-20.99739916301399,2,108,0.8266511253854415
75,16,False,16,0.0,0,0.19985920881148678,2.3381980006524827,0.11690990003262414,16,16,74,heterogeneity_pressure,stochastic,50200,0.0,0.8,3,3.1977473409837884,0,0,3,3,1,5,0,0.0,15.399999999999999,16,50,False,0.56005170779333,-17.60543141422289,2,150,0.56005170779333
47,11,False,11,0.0,0,0.21351282382865688,2.204239394014814,0.07273990000248887,11,11,75,heterogeneity_pressure,stochastic,50200,0.0,0.8,3,2.3486410621152256,0,0,0,3,2,5,0,0.0,14.149999999999999,11,33,False,0.7993947210417827,-24.750249214420265,2,99,0.7993947210417827
54,15,False,15,0.0,0,0.20703830894848915,2.277653846809139,0.059219000017037615,15,15,76,heterogeneity_pressure,stochastic,50200,0.0,0.8,5,3.105574634227337,0,0,1,5,0,5,0,0.0,15.150000000000002,15,26,True,0.0,34.2708882651921,2,78,0.0
91,16,False,16,0.0,0,0.11630229610613811,2.350004000472836,0.11750020002364181,16,16,77,heterogeneity_pressure,stochastic,50200,0.0,0.8,3,1.8608367376982098,0,0,1,3,1,5,0,0.0,15.399999999999999,16,50,False,0.2985928855477921,-13.698814303300049,2,150,0.2985928855477921
69,16,False,16,0.0,0,0.26095984072350725,2.2178900000290014,0.11089450000145007,16,16,78,heterogeneity_pressure,stochastic,50200,0.25,0.8,4,4.175357451576116,0,1,4,4,1,5,0,0.0,15.399999999999999,16,50,False,0.5780299493391114,-9.331676564120931,2,150,0.5780299493391114
93,13,False,13,0.0,0,0.2517187103528438,2.2714108697824567,0.104484900009993,13,13,79,heterogeneity_pressure,stochastic,50200,0.0,0.8,5,3.2723432345869696,0,0,3,5,0,5,0,0.0,14.649999999999999,13,46,True,0.0,33.18321131669524,2,138,0.0
74,11,False,11,0.0,0,0.26851897033925953,2.238176000828389,0.11190880004141945,11,11,80,heterogeneity_pressure,stochastic,50200,0.0,0.8,3,2.953708673731855,0,0,3,3,1,5,0,0.0,14.149999999999999,11,50,False,0.3754399821945004,-11.58971972865962,2,150,0.3754399821945004
50,16,False,16,0.0,0,0.14213316194854464,2.2858127651604865,0.10743319996254286,16,16,81,heterogeneity_pressure,stochastic,50200,0.0,0.8,3,2.2741305911767142,0,0,2,3,2,5,0,0.0,15.399999999999999,16,47,False,0.9641643802980722,-29.398742458886886,2,141,0.9641643802980722
62,11,False,11,0.0,0,0.24585720565576208,2.419996000098763,0.12099980000493815,11,11,82,heterogeneity_pressure,stochastic,50200,0.0,0.8,4,2.7044292622133828,0,0,4,4,0,5,0,0.0,14.149999999999999,11,50,False,0.0,3.5029538629079355,2,150,0.0
72,16,False,16,0.0,0,0.1842984531171019,2.342462000233354,0.1171231000116677,16,16,83,heterogeneity_pressure,stochastic,50200,0.3333333333333333,0.8,3,2.9487752498736306,0,1,3,3,1,5,0,0.0,15.399999999999999,16,50,False,0.8891466957308067,-29.414540217213585,2,150,0.8891466957308067
78,16,False,16,0.0,0,0.1495908349627229,2.33726571459556,0.0818043000108446,16,16,84,heterogeneity_pressure,stochastic,50200,0.0,0.8,4,2.3934533594035665,0,0,2,4,1,5,0,0.0,15.399999999999999,16,35,False,0.6638433573687778,-16.50317153516407,2,105,0.6638433573687778
78,16,False,16,0.0,0,0.17203043274557783,2.437199999435138,0.0901763999791001,16,16,85,heterogeneity_pressure,stochastic,50200,0.0,0.8,5,2.7524869239292453,0,0,1,5,0,5,0,0.0,15.400000000000002,16,37,True,0.0,31.389260382238998,2,111,0.0
97,16,False,16,0.0,0,0.20013129776853705,2.4273420000099577,0.12136710000049789,16,16,86,heterogeneity_pressure,stochastic,50200,0.0,0.8,4,3.202100764296593,0,0,3,4,0,5,0,0.0,15.399999999999999,16,50,False,0.0,2.7414428267598567,2,150,0.0
90,15,False,15,0.0,0,0.2135766135718484,2.1529630430450197,0.09903629998007091,15,15,87,heterogeneity_pressure,stochastic,50200,0.0,0.8,5,3.203649203577726,0,0,2,5,0,5,0,0.0,15.149999999999999,15,46,True,0.0,31.510058684777093,2,138,0.0
103,16,False,16,0.0,0,0.10316798936771507,2.4190440005622804,0.12095220002811402,16,16,88,heterogeneity_pressure,stochastic,50200,0.0,0.8,3,1.650687829883441,0,0,1,3,1,5,0,0.0,15.399999999999999,16,50,False,0.5772560891664534,-24.409775674773545,2,150,0.5772560891664534
68,11,False,11,0.0,0,0.2458955938119423,2.484170000097947,0.12420850000489736,11,11,89,heterogeneity_pressure,stochastic,50200,0.0,0.8,4,2.7048515319313653,0,0,2,4,0,5,0,0.0,14.149999999999999,11,50,False,0.0,2.207488361374477,2,150,0.0
71,15,False,15,0.0,0,0.19694504203016816,2.3655162792216964,0.10171720000653295,15,15,90,heterogeneity_pressure,stochastic,50200,0.0,0.8,4,2.9541756304525224,0,0,2,4,1,5,0,0.0,15.149999999999999,15,43,False,0.3696610776592484,-8.447598512829924,2,129,0.3696610776592484
74,14,False,14,0.0,0,0.24014851899139994,2.439489473832318,0.09270060000562808,14,14,91,heterogeneity_pressure,stochastic,50200,0.0,0.8,4,3.3620792658795993,0,0,3,4,1,5,0,0.0,14.899999999999999,14,38,False,0.8843566641307222,-21.202524888940797,2,114,0.8843566641307222
63,11,False,11,0.0,0,0.21491411940179542,2.881377776955358,0.07779719997779466,11,11,92,heterogeneity_pressure,stochastic,50200,0.0,0.8,4,2.3640553134197497,0,0,1,4,1,5,0,0.0,14.149999999999999,11,27,False,0.4473235434827707,-11.634251488270209,2,81,0.4473235434827707
63,7,False,7,0.0,0,0.5221174038547093,2.401613793185318,0.06964680000237422,7,7,93,heterogeneity_pressure,stochastic,50200,0.0,0.8,5,3.654821826982965,0,0,1,5,0,5,0,0.0,11.899999999999999,7,29,True,0.0,37.64518695643313,2,87,0.0
71,15,False,15,0.0,0,0.18958679377659837,2.156493182238509,0.09488570001849439,15,15,94,heterogeneity_pressure,stochastic,50200,0.5,0.8,4,2.8438019066489755,0,1,2,4,1,5,0,0.0,15.149999999999999,15,44,False,1.1731858338081673,-29.541464137142448,2,132,1.1731858338081673
88,14,False,14,0.0,0,0.18364435983455216,2.0463186049519844,0.08799170001293533,14,14,95,heterogeneity_pressure,stochastic,50200,1.0,0.8,4,2.5710210376837304,0,1,1,4,1,5,0,0.0,14.899999999999999,14,43,False,0.9827156565494483,-28.367964683508134,2,129,0.9827156565494483
75,11,False,11,0.0,0,0.24701865458176825,2.3292140000557993,0.11646070000278996,11,11,96,heterogeneity_pressure,stochastic,50200,0.0,0.8,3,2.7172052003994507,0,0,2,3,0,5,0,0.0,14.149999999999999,11,50,False,0.0,-0.08022403965406455,2,150,0.0
66,16,False,16,0.0,0,0.19951134646744256,2.448337838113484,0.09058850001019891,16,16,97,heterogeneity_pressure,stochastic,50200,0.0,0.8,4,3.192181543479081,0,0,2,4,1,5,0,0.0,15.399999999999999,16,37,False,0.8277813426913229,-20.3319982737709,2,111,0.8277813426913229
53,11,False,11,0.0,0,0.3653424919354152,2.2788899998704437,0.11394449999352219,11,11,98,heterogeneity_pressure,stochastic,50200,0.0,0.8,4,4.018767411289567,0,0,4,4,0,5,0,0.0,14.150000000000002,11,50,False,0.0,8.21314338845608,2,150,0.0
56,16,False,16,0.0,0,0.19068995014130682,2.1816545451491205,0.0959927999865613,16,16,99,heterogeneity_pressure,stochastic,50200,0.0,0.8,4,3.051039202260909,0,0,1,4,1,5,0,0.0,15.399999999999999,16,44,False,0.8250974561566885,-21.552091125549207,2,132,0.8250974561566885
