context_id,scenario,policy_seed,slot,repeat,unit_index,unit_type,unit_cost,observable_target_probability,future_total_shots_n,future_total_shots_e,future_probed_shots_n,future_probed_shots_e,future_other_shots_n,future_other_shots_e,sub_shot,sub_cost,future_cost_composition_advantage,immediate_cost_difference,total_cost_difference,decomposition_residual,reuse_probe,reuse_total,option_edge,option_threat,ammo_gain_damage,ammo_gain_leaks,first_substitution_time_expected,extra_transitions,actual_extra_transitions
time_pressure_seed8_safety00_e06_t29_u2,time_pressure,8,safety,0,2,laser,0.5,0.0,0.0,0.0,0.0,0.0,0.0,0.0,0.0,0.0,0.0,0.5,0.5,0.0,0.0,0.0,0.0,0.0,0.0,0.0,,3.0,3
time_pressure_seed8_safety00_e06_t29_u2,time_pressure,8,safety,1,2,laser,0.5,0.0,0.0,0.0,0.0,0.0,0.0,0.0,0.0,0.0,0.0,0.5,0.5,0.0,0.0,0.0,0.0,0.0,0.0,0.0,,3.0,3
time_pressure_seed8_safety00_e06_t29_u2,time_pressure,8,safety,2,2,laser,0.5,0.0,0.0,0.0,0.0,0.0,0.0,0.0,0.0,0.0,0.0,0.5,0.5,0.0,0.0,0.0,0.0,0.0,0.0,0.0,,3.0,3
time_pressure_seed8_safety00_e06_t29_u2,time_pressure,8,safety,3,2,laser,0.5,0.0,0.0,0.0,0.0,0.0,0.0,0.0,0.0,0.0,0.0,0.5,0.5,0.0,0.0,0.0,0.0,0.0,0.0,0.0,,3.0,3
time_pressure_seed8_safety00_e06_t29_u2,time_pressure,8,safety,4,2,laser,0.5,0.0,0.0,0.0,0.0,0.0,0.0,0.0,0.0,0.0,0.0,0.5,0.5,0.0,0.0,0.0,0.0,0.0,0.0,0.0,,3.0,3
time_pressure_seed8_safety00_e06_t29_u2,time_pressure,8,safety,5,2,laser,0.5,0.0,0.0,0.0,0.0,0.0,0.0,0.0,0.0,0.0,0.0,0.5,0.5,0.0,0.0,0.0,0.0,0.0,0.0,0.0,,3.0,3
time_pressure_seed8_safety00_e06_t29_u2,time_pressure,8,safety,6,2,laser,0.5,0.0,0.0,0.0,0.0,0.0,0.0,0.0,0.0,0.0,0.0,0.5,0.5,0.0,0.0,0.0,0.0,0.0,0.0,0.0,,3.0,3
time_pressure_seed8_safety00_e06_t29_u2,time_pressure,8,safety,7,2,laser,0.5,0.0,0.0,0.0,0.0,0.0,0.0,0.0,0.0,0.0,0.0,0.5,0.5,0.0,0.0,0.0,0.0,0.0,0.0,0.0,,3.0,3
time_pressure_seed8_safety00_e06_t29_u2,time_pressure,8,safety,8,2,laser,0.5,0.0,0.0,0.0,0.0,0.0,0.0,0.0,0.0,0.0,0.0,0.5,0.5,0.0,0.0,0.0,0.0,0.0,0.0,0.0,,3.0,3
time_pressure_seed8_safety00_e06_t29_u2,time_pressure,8,safety,9,2,laser,0.5,0.0,0.0,0.0,0.0,0.0,0.0,0.0,0.0,0.0,0.0,0.5,0.5,0.0,0.0,0.0,0.0,0.0,0.0,0.0,,3.0,3
time_pressure_seed8_safety00_e06_t29_u2,time_pressure,8,safety,10,2,laser,0.5,0.0,0.0,0.0,0.0,0.0,0.0,0.0,0.0,0.0,0.0,0.5,0.5,0.0,0.0,0.0,0.0,0.0,0.0,0.0,,3.0,3
time_pressure_seed8_safety00_e06_t29_u2,time_pressure,8,safety,11,2,laser,0.5,0.0,0.0,0.0,0.0,0.0,0.0,0.0,0.0,0.0,0.0,0.5,0.5,0.0,0.0,0.0,0.0,0.0,0.0,0.0,,3.0,3
time_pressure_seed8_safety00_e06_t29_u2,time_pressure,8,safety,12,2,laser,0.5,0.0,0.0,0.0,0.0,0.0,0.0,0.0,0.0,0.0,0.0,0.5,0.5,0.0,0.0,0.0,0.0,0.0,0.0,0.0,,3.0,3
time_pressure_seed8_safety00_e06_t29_u2,time_pressure,8,safety,13,2,laser,0.5,0.0,0.0,0.0,0.0,0.0,0.0,0.0,0.0,0.0,0.0,0.5,0.5,0.0,0.0,0.0,0.0,0.0,0.0,0.0,,3.0,3
time_pressure_seed8_safety00_e06_t29_u2,time_pressure,8,safety,14,2,laser,0.5,0.0,0.0,0.0,0.0,0.0,0.0,0.0,0.0,0.0,0.0,0.5,0.5,0.0,0.0,0.0,0.0,0.0,0.0,0.0,,3.0,3
time_pressure_seed8_safety00_e06_t29_u2,time_pressure,8,safety,15,2,laser,0.5,0.0,0.0,0.0,0.0,0.0,0.0,0.0,0.0,0.0,0.0,0.5,0.5,0.0,0.0,0.0,0.0,0.0,0.0,0.0,,3.0,3
time_pressure_seed8_safety00_e06_t29_u2,time_pressure,8,safety,16,2,laser,0.5,0.0,0.0,0.0,0.0,0.0,0.0,0.0,0.0,0.0,0.0,0.5,0.5,0.0,0.0,0.0,0.0,0.0,0.0,0.0,,3.0,3
time_pressure_seed8_safety00_e06_t29_u2,time_pressure,8,safety,17,2,laser,0.5,0.0,0.0,0.0,0.0,0.0,0.0,0.0,0.0,0.0,0.0,0.5,0.5,0.0,0.0,0.0,0.0,0.0,0.0,0.0,,3.0,3
time_pressure_seed8_safety00_e06_t29_u2,time_pressure,8,safety,18,2,laser,0.5,0.0,0.0,0.0,0.0,0.0,0.0,0.0,0.0,0.0,0.0,0.5,0.5,0.0,0.0,0.0,0.0,0.0,0.0,0.0,,3.0,3
time_pressure_seed8_safety00_e06_t29_u2,time_pressure,8,safety,19,2,laser,0.5,0.0,0.0,0.0,0.0,0.0,0.0,0.0,0.0,0.0,0.0,0.5,0.5,0.0,0.0,0.0,0.0,0.0,0.0,0.0,,3.0,3
time_pressure_seed8_safety00_e06_t29_u2,time_pressure,8,safety,20,2,laser,0.5,0.0,0.0,0.0,0.0,0.0,0.0,0.0,0.0,0.0,0.0,0.5,0.5,0.0,0.0,0.0,0.0,0.0,0.0,0.0,,3.0,3
time_pressure_seed8_safety00_e06_t29_u2,time_pressure,8,safety,21,2,laser,0.5,0.0,0.0,0.0,0.0,0.0,0.0,0.0,0.0,0.0,0.0,0.5,0.5,0.0,0.0,0.0,0.0,0.0,0.0,0.0,,3.0,3
time_pressure_seed8_safety00_e06_t29_u2,time_pressure,8,safety,22,2,laser,0.5,0.0,0.0,0.0,0.0,0.0,0.0,0.0,0.0,0.0,0.0,0.5,0.5,0.0,0.0,0.0,0.0,0.0,0.0,0.0,,3.0,3
time_pressure_seed8_safety00_e06_t29_u2,time_pressure,8,safety,23,2,laser,0.5,0.0,0.0,0.0,0.0,0.0,0.0,0.0,0.0,0.0,0.0,0.5,0.5,0.0,0.0,0.0,0.0,0.0,0.0,0.0,,3.0,3
time_pressure_seed8_safety00_e06_t29_u2,time_pressure,8,safety,24,2,laser,0.5,0.0,0.0,0.0,0.0,0.0,0.0,0.0,0.0,0.0,0.0,0.5,0.5,0.0,0.0,0.0,0.0,0.0,0.0,0.0,,3.0,3
time_pressure_seed8_safety00_e06_t29_u2,time_pressure,8,safety,25,2,laser,0.5,0.0,0.0,0.0,0.0,0.0,0.0,0.0,0.0,0.0,0.0,0.5,0.5,0.0,0.0,0.0,0.0,0.0,0.0,0.0,,3.0,3
time_pressure_seed8_safety00_e06_t29_u2,time_pressure,8,safety,26,2,laser,0.5,0.0,0.0,0.0,0.0,0.0,0.0,0.0,0.0,0.0,0.0,0.5,0.5,0.0,0.0,0.0,0.0,0.0,0.0,0.0,,3.0,3
time_pressure_seed8_safety00_e06_t29_u2,time_pressure,8,safety,27,2,laser,0.5,0.0,0.0,0.0,0.0,0.0,0.0,0.0,0.0,0.0,0.0,0.5,0.5,0.0,0.0,0.0,0.0,0.0,0.0,0.0,,3.0,3
time_pressure_seed8_safety00_e06_t29_u2,time_pressure,8,safety,28,2,laser,0.5,0.0,0.0,0.0,0.0,0.0,0.0,0.0,0.0,0.0,0.0,0.5,0.5,0.0,0.0,0.0,0.0,0.0,0.0,0.0,,3.0,3
time_pressure_seed8_safety00_e06_t29_u2,time_pressure,8,safety,29,2,laser,0.5,0.0,0.0,0.0,0.0,0.0,0.0,0.0,0.0,0.0,0.0,0.5,0.5,0.0,0.0,0.0,0.0,0.0,0.0,0.0,,3.0,3
time_pressure_seed8_safety00_e06_t29_u2,time_pressure,8,safety,30,2,laser,0.5,0.0,0.0,0.0,0.0,0.0,0.0,0.0,0.0,0.0,0.0,0.5,0.5,0.0,0.0,0.0,0.0,0.0,0.0,0.0,,3.0,3
time_pressure_seed8_safety00_e06_t29_u2,time_pressure,8,safety,31,2,laser,0.5,0.0,0.0,0.0,0.0,0.0,0.0,0.0,0.0,0.0,0.0,0.5,0.5,0.0,0.0,0.0,0.0,0.0,0.0,0.0,,3.0,3
time_pressure_seed8_safety01_e01_t23_u2,time_pressure,8,safety,0,2,laser,0.5,0.0,0.0,0.0,0.0,0.0,0.0,0.0,0.0,0.0,0.0,0.5,0.5,0.0,0.0,0.0,0.0,0.0,0.0,0.0,,3.0,3
time_pressure_seed8_safety01_e01_t23_u2,time_pressure,8,safety,1,2,laser,0.5,0.0,0.0,0.0,0.0,0.0,0.0,0.0,0.0,0.0,0.0,0.5,0.5,0.0,0.0,0.0,0.0,0.0,0.0,0.0,,3.0,3
time_pressure_seed8_safety01_e01_t23_u2,time_pressure,8,safety,2,2,laser,0.5,0.0,0.0,0.0,0.0,0.0,0.0,0.0,0.0,0.0,0.0,0.5,0.5,0.0,0.0,0.0,0.0,0.0,0.0,0.0,,3.0,3
time_pressure_seed8_safety01_e01_t23_u2,time_pressure,8,safety,3,2,laser,0.5,0.0,0.0,0.0,0.0,0.0,0.0,0.0,0.0,0.0,0.0,0.5,0.5,0.0,0.0,0.0,0.0,0.0,0.0,0.0,,3.0,3
time_pressure_seed8_safety01_e01_t23_u2,time_pressure,8,safety,4,2,laser,0.5,0.0,0.0,0.0,0.0,0.0,0.0,0.0,0.0,0.0,0.0,0.5,0.5,0.0,0.0,0.0,0.0,0.0,0.0,0.0,,3.0,3
time_pressure_seed8_safety01_e01_t23_u2,time_pressure,8,safety,5,2,laser,0.5,0.0,0.0,0.0,0.0,0.0,0.0,0.0,0.0,0.0,0.0,0.5,0.5,0.0,0.0,0.0,0.0,0.0,0.0,0.0,,3.0,3
time_pressure_seed8_safety01_e01_t23_u2,time_pressure,8,safety,6,2,laser,0.5,0.0,0.0,0.0,0.0,0.0,0.0,0.0,0.0,0.0,0.0,0.5,0.5,0.0,0.0,0.0,0.0,0.0,0.0,0.0,,3.0,3
time_pressure_seed8_safety01_e01_t23_u2,time_pressure,8,safety,7,2,laser,0.5,0.0,0.0,0.0,0.0,0.0,0.0,0.0,0.0,0.0,0.0,0.5,0.5,0.0,0.0,0.0,0.0,0.0,0.0,0.0,,3.0,3
time_pressure_seed8_safety01_e01_t23_u2,time_pressure,8,safety,8,2,laser,0.5,0.0,0.0,0.0,0.0,0.0,0.0,0.0,0.0,0.0,0.0,0.5,0.5,0.0,0.0,0.0,0.0,0.0,0.0,0.0,,3.0,3
time_pressure_seed8_safety01_e01_t23_u2,time_pressure,8,safety,9,2,laser,0.5,0.0,0.0,0.0,0.0,0.0,0.0,0.0,0.0,0.0,0.0,0.5,0.5,0.0,0.0,0.0,0.0,0.0,0.0,0.0,,3.0,3
time_pressure_seed8_safety01_e01_t23_u2,time_pressure,8,safety,10,2,laser,0.5,0.0,0.0,0.0,0.0,0.0,0.0,0.0,0.0,0.0,0.0,0.5,0.5,0.0,0.0,0.0,0.0,0.0,0.0,0.0,,3.0,3
time_pressure_seed8_safety01_e01_t23_u2,time_pressure,8,safety,11,2,laser,0.5,0.0,0.0,0.0,0.0,0.0,0.0,0.0,0.0,0.0,0.0,0.5,0.5,0.0,0.0,0.0,0.0,0.0,0.0,0.0,,3.0,3
time_pressure_seed8_safety01_e01_t23_u2,time_pressure,8,safety,12,2,laser,0.5,0.0,0.0,0.0,0.0,0.0,0.0,0.0,0.0,0.0,0.0,0.5,0.5,0.0,0.0,0.0,0.0,0.0,0.0,0.0,,3.0,3
time_pressure_seed8_safety01_e01_t23_u2,time_pressure,8,safety,13,2,laser,0.5,0.0,0.0,0.0,0.0,0.0,0.0,0.0,0.0,0.0,0.0,0.5,0.5,0.0,0.0,0.0,0.0,0.0,0.0,0.0,,3.0,3
time_pressure_seed8_safety01_e01_t23_u2,time_pressure,8,safety,14,2,laser,0.5,0.0,0.0,0.0,0.0,0.0,0.0,0.0,0.0,0.0,0.0,0.5,0.5,0.0,0.0,0.0,0.0,0.0,0.0,0.0,,3.0,3
time_pressure_seed8_safety01_e01_t23_u2,time_pressure,8,safety,15,2,laser,0.5,0.0,0.0,0.0,0.0,0.0,0.0,0.0,0.0,0.0,0.0,0.5,0.5,0.0,0.0,0.0,0.0,0.0,0.0,0.0,,3.0,3
time_pressure_seed8_safety01_e01_t23_u2,time_pressure,8,safety,16,2,laser,0.5,0.0,0.0,0.0,0.0,0.0,0.0,0.0,0.0,0.0,0.0,0.5,0.5,0.0,0.0,0.0,0.0,0.0,0.0,0.0,,3.0,3
time_pressure_seed8_safety01_e01_t23_u2,time_pressure,8,safety,17,2,laser,0.5,0.0,0.0,0.0,0.0,0.0,0.0,0.0,0.0,0.0,0.0,0.5,0.5,0.0,0.0,0.0,0.0,0.0,0.0,0.0,,3.0,3
time_pressure_seed8_safety01_e01_t23_u2,time_pressure,8,safety,18,2,laser,0.5,0.0,0.0,0.0,0.0,0.0,0.0,0.0,0.0,0.0,0.0,0.5,0.5,0.0,0.0,0.0,0.0,0.0,0.0,0.0,,3.0,3
time_pressure_seed8_safety01_e01_t23_u2,time_pressure,8,safety,19,2,laser,0.5,0.0,0.0,0.0,0.0,0.0,0.0,0.0,0.0,0.0,0.0,0.5,0.5,0.0,0.0,0.0,0.0,0.0,0.0,0.0,,3.0,3
time_pressure_seed8_safety01_e01_t23_u2,time_pressure,8,safety,20,2,laser,0.5,0.0,0.0,0.0,0.0,0.0,0.0,0.0,0.0,0.0,0.0,0.5,0.5,0.0,0.0,0.0,0.0,0.0,0.0,0.0,,3.0,3
time_pressure_seed8_safety01_e01_t23_u2,time_pressure,8,safety,21,2,laser,0.5,0.0,0.0,0.0,0.0,0.0,0.0,0.0,0.0,0.0,0.0,0.5,0.5,0.0,0.0,0.0,0.0,0.0,0.0,0.0,,3.0,3
time_pressure_seed8_safety01_e01_t23_u2,time_pressure,8,safety,22,2,laser,0.5,0.0,0.0,0.0,0.0,0.0,0.0,0.0,0.0,0.0,0.0,0.5,0.5,0.0,0.0,0.0,0.0,0.0,0.0,0.0,,3.0,3
time_pressure_seed8_safety01_e01_t23_u2,time_pressure,8,safety,23,2,laser,0.5,0.0,0.0,0.0,0.0,0.0,0.0,0.0,0.0,0.0,0.0,0.5,0.5,0.0,0.0,0.0,0.0,0.0,0.0,0.0,,3.0,3
time_pressure_seed8_safety01_e01_t23_u2,time_pressure,8,safety,24,2,laser,0.5,0.0,0.0,0.0,0.0,0.0,0.0,0.0,0.0,0.0,0.0,0.5,0.5,0.0,0.0,0.0,0.0,0.0,0.0,0.0,,3.0,3
time_pressure_seed8_safety01_e01_t23_u2,time_pressure,8,safety,25,2,laser,0.5,0.0,0.0,0.0,0.0,0.0,0.0,0.0,0.0,0.0,0.0,0.5,0.5,0.0,0.0,0.0,0.0,0.0,0.0,0.0,,3.0,3
time_pressure_seed8_safety01_e01_t23_u2,time_pressure,8,safety,26,2,laser,0.5,0.0,0.0,0.0,0.0,0.0,0.0,0.0,0.0,0.0,0.0,0.5,0.5,0.0,0.0,0.0,0.0,0.0,0.0,0.0,,3.0,3
time_pressure_seed8_safety01_e01_t23_u2,time_pressure,8,safety,27,2,laser,0.5,0.0,0.0,0.0,0.0,0.0,0.0,0.0,0.0,0.0,0.0,0.5,0.5,0.0,0.0,0.0,0.0,0.0,0.0,0.0,,3.0,3
time_pressure_seed8_safety01_e01_t23_u2,time_pressure,8,safety,28,2,laser,0.5,0.0,0.0,0.0,0.0,0.0,0.0,0.0,0.0,0.0,0.0,0.5,0.5,0.0,0.0,0.0,0.0,0.0,0.0,0.0,,3.0,3
time_pressure_seed8_safety01_e01_t23_u2,time_pressure,8,safety,29,2,laser,0.5,0.0,0.0,0.0,0.0,0.0,0.0,0.0,0.0,0.0,0.0,0.5,0.5,0.0,0.0,0.0,0.0,0.0,0.0,0.0,,3.0,3
time_pressure_seed8_safety01_e01_t23_u2,time_pressure,8,safety,30,2,laser,0.5,0.0,0.0,0.0,0.0,0.0,0.0,0.0,0.0,0.0,0.0,0.5,0.5,0.0,0.0,0.0,0.0,0.0,0.0,0.0,,3.0,3
time_pressure_seed8_safety01_e01_t23_u2,time_pressure,8,safety,31,2,laser,0.5,0.0,0.0,0.0,0.0,0.0,0.0,0.0,0.0,0.0,0.0,0.5,0.5,0.0,0.0,0.0,0.0,0.0,0.0,0.0,,3.0,3
time_pressure_seed8_safety02_e01_t21_u2,time_pressure,8,safety,0,2,laser,0.5,1.0000000298023224,2.0,2.0000000596046448,2.0,2.0000000596046448,0.0,0.0,-5.960464477539063e-08,-2.9802322387695312e-08,-2.9802322387695312e-08,0.5000000149011612,0.5000000447034836,0.0,0.0,0.0,0.0,0.0,0.0,0.0,,9.000000178813934,15
time_pressure_seed8_safety02_e01_t21_u2,time_pressure,8,safety,1,2,laser,0.5,1.0000000298023224,0.0,0.0,0.0,0.0,0.0,0.0,0.0,0.0,0.0,0.5000000149011612,0.5000000149011612,0.0,0.0,0.0,0.0,0.0,0.0,0.0,,9.000000178813934,15
time_pressure_seed8_safety02_e01_t21_u2,time_pressure,8,safety,2,2,laser,0.5,1.0000000298023224,0.0,0.0,0.0,0.0,0.0,0.0,0.0,0.0,0.0,0.5000000149011612,0.5000000149011612,0.0,0.0,0.0,0.0,0.0,0.0,0.0,,9.000000178813934,15
time_pressure_seed8_safety02_e01_t21_u2,time_pressure,8,safety,3,2,laser,0.5,0.5002899169921875,2.0,1.000579833984375,2.0,1.000579833984375,0.0,0.0,0.999420166015625,0.4997100830078125,0.4997100830078125,0.5000000149011612,0.00028993189334869385,0.0,0.0,0.0,0.0,0.0,0.0,0.0,,7.001159727573395,11
time_pressure_seed8_safety02_e01_t21_u2,time_pressure,8,safety,4,2,laser,0.5,0.5002899169921875,1.0,0.5002899169921875,1.0,0.5002899169921875,0.0,0.0,0.4997100830078125,0.24985504150390625,0.24985504150390625,0.5000000149011612,0.25014497339725494,0.0,0.0,0.0,0.0,0.0,0.0,0.0,,5.00057989358902,8
time_pressure_seed8_safety02_e01_t21_u2,time_pressure,8,safety,5,2,laser,0.5,1.0000000298023224,1.0,1.0000000298023224,1.0,1.0000000298023224,0.0,0.0,-2.9802322387695312e-08,-1.4901161193847656e-08,-1.4901161193847656e-08,0.5000000149011612,0.5000000298023224,0.0,0.0,0.0,0.0,0.0,0.0,0.0,,9.000000178813934,15
time_pressure_seed8_safety02_e01_t21_u2,time_pressure,8,safety,6,2,laser,0.5,1.0000000298023224,2.0,2.0000000596046448,2.0,2.0000000596046448,0.0,0.0,-5.960464477539063e-08,-2.9802322387695312e-08,-2.9802322387695312e-08,0.5000000149011612,0.5000000447034836,0.0,0.0,0.0,0.0,0.0,0.0,0.0,,9.000000178813934,15
time_pressure_seed8_safety02_e01_t21_u2,time_pressure,8,safety,7,2,laser,0.5,1.0000000298023224,0.0,0.0,0.0,0.0,0.0,0.0,0.0,0.0,0.0,0.5000000149011612,0.5000000149011612,0.0,0.0,0.0,0.0,0.0,0.0,0.0,,9.000000178813934,15
time_pressure_seed8_safety02_e01_t21_u2,time_pressure,8,safety,8,2,laser,0.5,1.0000000298023224,2.0,2.0000000596046448,2.0,2.0000000596046448,0.0,0.0,-5.960464477539063e-08,-2.9802322387695312e-08,-2.9802322387695312e-08,0.5000000149011612,0.5000000447034836,0.0,0.0,0.0,0.0,0.0,0.0,0.0,,9.000000178813934,15
time_pressure_seed8_safety02_e01_t21_u2,time_pressure,8,safety,9,2,laser,0.5,1.0000000298023224,1.0,1.0000000298023224,1.0,1.0000000298023224,0.0,0.0,-2.9802322387695312e-08,-1.4901161193847656e-08,-1.4901161193847656e-08,0.5000000149011612,0.5000000298023224,0.0,0.0,0.0,0.0,0.0,0.0,0.0,,9.000000178813934,15
time_pressure_seed8_safety02_e01_t21_u2,time_pressure,8,safety,10,2,laser,0.5,1.0000000298023224,2.0,2.0000000596046448,2.0,2.0000000596046448,0.0,0.0,-5.960464477539063e-08,-2.9802322387695312e-08,-2.9802322387695312e-08,0.5000000149011612,0.5000000447034836,0.0,0.0,0.0,0.0,0.0,0.0,0.0,,9.000000178813934,15
time_pressure_seed8_safety02_e01_t21_u2,time_pressure,8,safety,11,2,laser,0.5,1.0000000298023224,1.0,1.0000000298023224,1.0,1.0000000298023224,0.0,0.0,-2.9802322387695312e-08,-1.4901161193847656e-08,-1.4901161193847656e-08,0.5000000149011612,0.5000000298023224,0.0,0.0,0.0,0.0,0.0,0.0,0.0,,9.000000178813934,15
time_pressure_seed8_safety02_e01_t21_u2,time_pressure,8,safety,12,2,laser,0.5,1.0000000298023224,0.0,0.0,0.0,0.0,0.0,0.0,0.0,0.0,0.0,0.5000000149011612,0.5000000149011612,0.0,0.0,0.0,0.0,0.0,0.0,0.0,,9.000000178813934,15
time_pressure_seed8_safety02_e01_t21_u2,time_pressure,8,safety,13,2,laser,0.5,1.0000000298023224,0.0,0.0,0.0,0.0,0.0,0.0,0.0,0.0,0.0,0.5000000149011612,0.5000000149011612,0.0,0.0,0.0,0.0,0.0,0.0,0.0,,9.000000178813934,15
time_pressure_seed8_safety02_e01_t21_u2,time_pressure,8,safety,14,2,laser,0.5,0.5002899169921875,1.0,0.5002899169921875,1.0,0.5002899169921875,0.0,0.0,0.4997100830078125,0.24985504150390625,0.24985504150390625,0.5000000149011612,0.25014497339725494,0.0,0.0,0.0,0.0,0.0,0.0,0.0,,7.001159727573395,11
time_pressure_seed8_safety02_e01_t21_u2,time_pressure,8,safety,15,2,laser,0.5,1.0000000298023224,1.0,1.0000000298023224,1.0,1.0000000298023224,0.0,0.0,-2.9802322387695312e-08,-1.4901161193847656e-08,-1.4901161193847656e-08,0.5000000149011612,0.5000000298023224,0.0,0.0,0.0,0.0,0.0,0.0,0.0,,9.000000178813934,15
time_pressure_seed8_safety02_e01_t21_u2,time_pressure,8,safety,16,2,laser,0.5,1.0000000298023224,1.0,1.0000000298023224,1.0,1.0000000298023224,0.0,0.0,-2.9802322387695312e-08,-1.4901161193847656e-08,-1.4901161193847656e-08,0.5000000149011612,0.5000000298023224,0.0,0.0,0.0,0.0,0.0,0.0,0.0,,9.000000178813934,15
time_pressure_seed8_safety02_e01_t21_u2,time_pressure,8,safety,17,2,laser,0.5,1.0000000298023224,1.0,1.0000000298023224,1.0,1.0000000298023224,0.0,0.0,-2.9802322387695312e-08,-1.4901161193847656e-08,-1.4901161193847656e-08,0.5000000149011612,0.5000000298023224,0.0,0.0,0.0,0.0,0.0,0.0,0.0,,9.000000178813934,15
time_pressure_seed8_safety02_e01_t21_u2,time_pressure,8,safety,18,2,laser,0.5,1.0000000298023224,1.0,1.0000000298023224,1.0,1.0000000298023224,0.0,0.0,-2.9802322387695312e-08,-1.4901161193847656e-08,-1.4901161193847656e-08,0.5000000149011612,0.5000000298023224,0.0,0.0,0.0,0.0,0.0,0.0,0.0,,9.000000178813934,15
time_pressure_seed8_safety02_e01_t21_u2,time_pressure,8,safety,19,2,laser,0.5,1.0000000298023224,1.0,1.0000000298023224,1.0,1.0000000298023224,0.0,0.0,-2.9802322387695312e-08,-1.4901161193847656e-08,-1.4901161193847656e-08,0.5000000149011612,0.5000000298023224,0.0,0.0,0.0,0.0,0.0,0.0,0.0,,9.000000178813934,15
time_pressure_seed8_safety02_e01_t21_u2,time_pressure,8,safety,20,2,laser,0.5,1.0000000298023224,2.0,2.0000000596046448,2.0,2.0000000596046448,0.0,0.0,-5.960464477539063e-08,-2.9802322387695312e-08,-2.9802322387695312e-08,0.5000000149011612,0.5000000447034836,0.0,0.0,0.0,0.0,0.0,0.0,0.0,,9.000000178813934,15
time_pressure_seed8_safety02_e01_t21_u2,time_pressure,8,safety,21,2,laser,0.5,1.0000000298023224,0.0,0.0,0.0,0.0,0.0,0.0,0.0,0.0,0.0,0.5000000149011612,0.5000000149011612,0.0,0.0,0.0,0.0,0.0,0.0,0.0,,9.000000178813934,15
time_pressure_seed8_safety02_e01_t21_u2,time_pressure,8,safety,22,2,laser,0.5,1.0000000298023224,0.0,0.0,0.0,0.0,0.0,0.0,0.0,0.0,0.0,0.5000000149011612,0.5000000149011612,0.0,0.0,0.0,0.0,0.0,0.0,0.0,,9.000000178813934,15
time_pressure_seed8_safety02_e01_t21_u2,time_pressure,8,safety,23,2,laser,0.5,1.0000000298023224,1.0,1.0000000298023224,1.0,1.0000000298023224,0.0,0.0,-2.9802322387695312e-08,-1.4901161193847656e-08,-1.4901161193847656e-08,0.5000000149011612,0.5000000298023224,0.0,0.0,0.0,0.0,0.0,0.0,0.0,,6.0000001192092896,10
time_pressure_seed8_safety02_e01_t21_u2,time_pressure,8,safety,24,2,laser,0.5,1.0000000298023224,2.0,2.0000000596046448,2.0,2.0000000596046448,0.0,0.0,-5.960464477539063e-08,-2.9802322387695312e-08,-2.9802322387695312e-08,0.5000000149011612,0.5000000447034836,0.0,0.0,0.0,0.0,0.0,0.0,0.0,,9.000000178813934,15
time_pressure_seed8_safety02_e01_t21_u2,time_pressure,8,safety,25,2,laser,0.5,1.0000000298023224,2.0,2.0000000596046448,2.0,2.0000000596046448,0.0,0.0,-5.960464477539063e-08,-2.9802322387695312e-08,-2.9802322387695312e-08,0.5000000149011612,0.5000000447034836,0.0,0.0,0.0,0.0,0.0,0.0,0.0,,9.000000178813934,15
time_pressure_seed8_safety02_e01_t21_u2,time_pressure,8,safety,26,2,laser,0.5,1.0000000298023224,0.0,0.0,0.0,0.0,0.0,0.0,0.0,0.0,0.0,0.5000000149011612,0.5000000149011612,0.0,0.0,0.0,0.0,0.0,0.0,0.0,,9.000000178813934,15
time_pressure_seed8_safety02_e01_t21_u2,time_pressure,8,safety,27,2,laser,0.5,1.0000000298023224,2.0,2.0000000596046448,2.0,2.0000000596046448,0.0,0.0,-5.960464477539063e-08,-2.9802322387695312e-08,-2.9802322387695312e-08,0.5000000149011612,0.5000000447034836,0.0,0.0,0.0,0.0,0.0,0.0,0.0,,9.000000178813934,15
time_pressure_seed8_safety02_e01_t21_u2,time_pressure,8,safety,28,2,laser,0.5,1.0000000298023224,2.0,2.0000000596046448,2.0,2.0000000596046448,0.0,0.0,-5.960464477539063e-08,-2.9802322387695312e-08,-2.9802322387695312e-08,0.5000000149011612,0.5000000447034836,0.0,0.0,0.0,0.0,0.0,0.0,0.0,,9.000000178813934,15
time_pressure_seed8_safety02_e01_t21_u2,time_pressure,8,safety,29,2,laser,0.5,1.0000000298023224,1.0,1.0000000298023224,1.0,1.0000000298023224,0.0,0.0,-2.9802322387695312e-08,-1.4901161193847656e-08,-1.4901161193847656e-08,0.5000000149011612,0.5000000298023224,0.0,0.0,0.0,0.0,0.0,0.0,0.0,,9.000000178813934,15
time_pressure_seed8_safety02_e01_t21_u2,time_pressure,8,safety,30,2,laser,0.5,1.0000000298023224,0.0,0.0,0.0,0.0,0.0,0.0,0.0,0.0,0.0,0.5000000149011612,0.5000000149011612,0.0,0.0,0.0,0.0,0.0,0.0,0.0,,9.000000178813934,15
time_pressure_seed8_safety02_e01_t21_u2,time_pressure,8,safety,31,2,laser,0.5,0.5002899169921875,1.0,0.5002899169921875,1.0,0.5002899169921875,0.0,0.0,0.4997100830078125,0.24985504150390625,0.24985504150390625,0.5000000149011612,0.25014497339725494,0.0,0.0,0.0,0.0,0.0,0.0,0.0,,7.001159727573395,11
time_pressure_seed8_safety03_e06_t28_u2,time_pressure,8,safety,0,2,laser,0.5,1.0,0.0,0.0,0.0,0.0,0.0,0.0,0.0,0.0,0.0,0.5,0.5,0.0,0.0,0.0,0.0,0.0,0.0,0.0,,6.0,6
time_pressure_seed8_safety03_e06_t28_u2,time_pressure,8,safety,1,2,laser,0.5,1.0,0.0,0.0,0.0,0.0,0.0,0.0,0.0,0.0,0.0,0.5,0.5,0.0,0.0,0.0,0.0,0.0,0.0,0.0,,6.0,6
time_pressure_seed8_safety03_e06_t28_u2,time_pressure,8,safety,2,2,laser,0.5,1.0,0.0,0.0,0.0,0.0,0.0,0.0,0.0,0.0,0.0,0.5,0.5,0.0,0.0,0.0,0.0,0.0,0.0,0.0,,6.0,6
time_pressure_seed8_safety03_e06_t28_u2,time_pressure,8,safety,3,2,laser,0.5,1.0,1.0,1.0,1.0,1.0,0.0,0.0,0.0,0.0,0.0,0.5,0.5,0.0,0.0,0.0,0.0,0.0,0.0,0.0,,6.0,6
time_pressure_seed8_safety03_e06_t28_u2,time_pressure,8,safety,4,2,laser,0.5,1.0,0.0,0.0,0.0,0.0,0.0,0.0,0.0,0.0,0.0,0.5,0.5,0.0,0.0,0.0,0.0,0.0,0.0,0.0,,6.0,6
time_pressure_seed8_safety03_e06_t28_u2,time_pressure,8,safety,5,2,laser,0.5,1.0,1.0,1.0,1.0,1.0,0.0,0.0,0.0,0.0,0.0,0.5,0.5,0.0,0.0,0.0,0.0,0.0,0.0,0.0,,6.0,6
time_pressure_seed8_safety03_e06_t28_u2,time_pressure,8,safety,6,2,laser,0.5,0.0,0.0,0.0,0.0,0.0,0.0,0.0,0.0,0.0,0.0,0.5,0.5,0.0,0.0,0.0,0.0,0.0,0.0,0.0,,4.0,4
time_pressure_seed8_safety03_e06_t28_u2,time_pressure,8,safety,7,2,laser,0.5,1.0,0.0,0.0,0.0,0.0,0.0,0.0,0.0,0.0,0.0,0.5,0.5,0.0,0.0,0.0,0.0,0.0,0.0,0.0,,6.0,6
time_pressure_seed8_safety03_e06_t28_u2,time_pressure,8,safety,8,2,laser,0.5,1.0,0.0,0.0,0.0,0.0,0.0,0.0,0.0,0.0,0.0,0.5,0.5,0.0,0.0,0.0,0.0,0.0,0.0,0.0,,6.0,6
time_pressure_seed8_safety03_e06_t28_u2,time_pressure,8,safety,9,2,laser,0.5,1.0,1.0,1.0,1.0,1.0,0.0,0.0,0.0,0.0,0.0,0.5,0.5,0.0,0.0,0.0,0.0,0.0,0.0,0.0,,6.0,6
time_pressure_seed8_safety03_e06_t28_u2,time_pressure,8,safety,10,2,laser,0.5,0.0,1.0,0.0,1.0,0.0,0.0,0.0,1.0,0.5,0.5,0.5,0.0,0.0,0.0,0.0,0.0,0.0,0.0,0.0,1.0,4.0,4
time_pressure_seed8_safety03_e06_t28_u2,time_pressure,8,safety,11,2,laser,0.5,0.0,1.0,0.0,1.0,0.0,0.0,0.0,1.0,0.5,0.5,0.5,0.0,0.0,0.0,0.0,0.0,0.0,0.0,0.0,1.0,4.0,4
time_pressure_seed8_safety03_e06_t28_u2,time_pressure,8,safety,12,2,laser,0.5,1.0,1.0,1.0,1.0,1.0,0.0,0.0,0.0,0.0,0.0,0.5,0.5,0.0,0.0,0.0,0.0,0.0,0.0,0.0,,6.0,6
time_pressure_seed8_safety03_e06_t28_u2,time_pressure,8,safety,13,2,laser,0.5,1.0,0.0,0.0,0.0,0.0,0.0,0.0,0.0,0.0,0.0,0.5,0.5,0.0,0.0,0.0,0.0,0.0,0.0,0.0,,6.0,6
time_pressure_seed8_safety03_e06_t28_u2,time_pressure,8,safety,14,2,laser,0.5,1.0,0.0,0.0,0.0,0.0,0.0,0.0,0.0,0.0,0.0,0.5,0.5,0.0,0.0,0.0,0.0,0.0,0.0,0.0,,6.0,6
time_pressure_seed8_safety03_e06_t28_u2,time_pressure,8,safety,15,2,laser,0.5,0.0,0.0,0.0,0.0,0.0,0.0,0.0,0.0,0.0,0.0,0.5,0.5,0.0,0.0,0.0,0.0,0.0,0.0,0.0,,4.0,4
time_pressure_seed8_safety03_e06_t28_u2,time_pressure,8,safety,16,2,laser,0.5,1.0,1.0,1.0,1.0,1.0,0.0,0.0,0.0,0.0,0.0,0.5,0.5,0.0,0.0,0.0,0.0,0.0,0.0,0.0,,6.0,6
time_pressure_seed8_safety03_e06_t28_u2,time_pressure,8,safety,17,2,laser,0.5,1.0,1.0,1.0,1.0,1.0,0.0,0.0,0.0,0.0,0.0,0.5,0.5,0.0,0.0,0.0,0.0,0.0,0.0,0.0,,6.0,6
time_pressure_seed8_safety03_e06_t28_u2,time_pressure,8,safety,18,2,laser,0.5,1.0,0.0,0.0,0.0,0.0,0.0,0.0,0.0,0.0,0.0,0.5,0.5,0.0,0.0,0.0,0.0,0.0,0.0,0.0,,6.0,6
time_pressure_seed8_safety03_e06_t28_u2,time_pressure,8,safety,19,2,laser,0.5,1.0,1.0,1.0,1.0,1.0,0.0,0.0,0.0,0.0,0.0,0.5,0.5,0.0,0.0,0.0,0.0,0.0,0.0,0.0,,6.0,6
time_pressure_seed8_safety03_e06_t28_u2,time_pressure,8,safety,20,2,laser,0.5,1.0,1.0,1.0,1.0,1.0,0.0,0.0,0.0,0.0,0.0,0.5,0.5,0.0,0.0,0.0,0.0,0.0,0.0,0.0,,6.0,6
time_pressure_seed8_safety03_e06_t28_u2,time_pressure,8,safety,21,2,laser,0.5,0.0,0.0,0.0,0.0,0.0,0.0,0.0,0.0,0.0,0.0,0.5,0.5,0.0,0.0,0.0,0.0,0.0,0.0,0.0,,4.0,4
time_pressure_seed8_safety03_e06_t28_u2,time_pressure,8,safety,22,2,laser,0.5,1.0,0.0,0.0,0.0,0.0,0.0,0.0,0.0,0.0,0.0,0.5,0.5,0.0,0.0,0.0,0.0,0.0,0.0,0.0,,6.0,6
time_pressure_seed8_safety03_e06_t28_u2,time_pressure,8,safety,23,2,laser,0.5,1.0,1.0,1.0,1.0,1.0,0.0,0.0,0.0,0.0,0.0,0.5,0.5,0.0,0.0,0.0,0.0,0.0,0.0,0.0,,6.0,6
time_pressure_seed8_safety03_e06_t28_u2,time_pressure,8,safety,24,2,laser,0.5,1.0,1.0,1.0,1.0,1.0,0.0,0.0,0.0,0.0,0.0,0.5,0.5,0.0,0.0,0.0,0.0,0.0,0.0,0.0,,6.0,6
time_pressure_seed8_safety03_e06_t28_u2,time_pressure,8,safety,25,2,laser,0.5,1.0,0.0,0.0,0.0,0.0,0.0,0.0,0.0,0.0,0.0,0.5,0.5,0.0,0.0,0.0,0.0,0.0,0.0,0.0,,6.0,6
time_pressure_seed8_safety03_e06_t28_u2,time_pressure,8,safety,26,2,laser,0.5,1.0,1.0,1.0,1.0,1.0,0.0,0.0,0.0,0.0,0.0,0.5,0.5,0.0,0.0,0.0,0.0,0.0,0.0,0.0,,6.0,6
time_pressure_seed8_safety03_e06_t28_u2,time_pressure,8,safety,27,2,laser,0.5,1.0,1.0,1.0,1.0,1.0,0.0,0.0,0.0,0.0,0.0,0.5,0.5,0.0,0.0,0.0,0.0,0.0,0.0,0.0,,6.0,6
time_pressure_seed8_safety03_e06_t28_u2,time_pressure,8,safety,28,2,laser,0.5,0.0,0.0,0.0,0.0,0.0,0.0,0.0,0.0,0.0,0.0,0.5,0.5,0.0,0.0,0.0,0.0,0.0,0.0,0.0,,4.0,4
time_pressure_seed8_safety03_e06_t28_u2,time_pressure,8,safety,29,2,laser,0.5,0.0,1.0,0.0,1.0,0.0,0.0,0.0,1.0,0.5,0.5,0.5,0.0,0.0,0.0,0.0,0.0,0.0,0.0,0.0,1.0,4.0,4
time_pressure_seed8_safety03_e06_t28_u2,time_pressure,8,safety,30,2,laser,0.5,1.0,1.0,1.0,1.0,1.0,0.0,0.0,0.0,0.0,0.0,0.5,0.5,0.0,0.0,0.0,0.0,0.0,0.0,0.0,,6.0,6
time_pressure_seed8_safety03_e06_t28_u2,time_pressure,8,safety,31,2,laser,0.5,0.0,1.0,0.0,1.0,0.0,0.0,0.0,1.0,0.5,0.5,0.5,0.0,0.0,0.0,0.0,0.0,0.0,0.0,0.0,1.0,4.0,4
time_pressure_seed8_safety04_e01_t20_u2,time_pressure,8,safety,0,2,laser,0.5,0.9999999701976776,2.0,1.9999999403953552,2.0,1.9999999403953552,0.0,0.0,5.960464477539063e-08,2.9802322387695312e-08,2.9802322387695312e-08,0.4999999850988388,0.4999999552965164,0.0,0.0,0.0,0.0,0.0,0.0,0.0,,8.999999821186066,15
time_pressure_seed8_safety04_e01_t20_u2,time_pressure,8,safety,1,2,laser,0.5,0.9999999701976776,2.0,1.9999999403953552,2.0,1.9999999403953552,0.0,0.0,5.960464477539063e-08,2.9802322387695312e-08,2.9802322387695312e-08,0.4999999850988388,0.4999999552965164,0.0,0.0,0.0,0.0,0.0,0.0,0.0,,11.999999761581421,20
time_pressure_seed8_safety04_e01_t20_u2,time_pressure,8,safety,2,2,laser,0.5,0.9999999701976776,1.0,0.9999999701976776,1.0,0.9999999701976776,0.0,0.0,2.9802322387695312e-08,1.4901161193847656e-08,1.4901161193847656e-08,0.4999999850988388,0.4999999701976776,0.0,0.0,0.0,0.0,0.0,0.0,0.0,,10.00116240978241,16
time_pressure_seed8_safety04_e01_t20_u2,time_pressure,8,safety,3,2,laser,0.5,0.9999999701976776,1.0,0.9999999701976776,1.0,0.9999999701976776,0.0,0.0,2.9802322387695312e-08,1.4901161193847656e-08,1.4901161193847656e-08,0.4999999850988388,0.4999999701976776,0.0,0.0,0.0,0.0,0.0,0.0,0.0,,11.999999761581421,20
time_pressure_seed8_safety04_e01_t20_u2,time_pressure,8,safety,4,2,laser,0.5,0.9999999701976776,2.0,1.9999999403953552,2.0,1.9999999403953552,0.0,0.0,5.960464477539063e-08,2.9802322387695312e-08,2.9802322387695312e-08,0.4999999850988388,0.4999999552965164,0.0,0.0,0.0,0.0,0.0,0.0,0.0,,11.999999761581421,20
time_pressure_seed8_safety04_e01_t20_u2,time_pressure,8,safety,5,2,laser,0.5,0.9999999701976776,2.0,1.0005812644958496,2.0,1.0005812644958496,0.0,0.0,0.9994187355041504,0.4997093677520752,0.4997093677520752,0.4999999850988388,0.00029061734676361084,0.0,0.0,0.0,0.0,0.0,0.0,0.0,,10.00116240978241,16
time_pressure_seed8_safety04_e01_t20_u2,time_pressure,8,safety,6,2,laser,0.5,0.9999999701976776,1.0,0.9999999701976776,1.0,0.9999999701976776,0.0,0.0,2.9802322387695312e-08,1.4901161193847656e-08,1.4901161193847656e-08,0.4999999850988388,0.4999999701976776,0.0,0.0,0.0,0.0,0.0,0.0,0.0,,8.999999821186066,15
time_pressure_seed8_safety04_e01_t20_u2,time_pressure,8,safety,7,2,laser,0.5,0.9999999701976776,2.0,1.9999999403953552,2.0,1.9999999403953552,0.0,0.0,5.960464477539063e-08,2.9802322387695312e-08,2.9802322387695312e-08,0.4999999850988388,0.4999999552965164,0.0,0.0,0.0,0.0,0.0,0.0,0.0,,11.999999761581421,20
time_pressure_seed8_safety04_e01_t20_u2,time_pressure,8,safety,8,2,laser,0.5,0.9999999701976776,2.0,1.9999999403953552,2.0,1.9999999403953552,0.0,0.0,5.960464477539063e-08,2.9802322387695312e-08,2.9802322387695312e-08,0.4999999850988388,0.4999999552965164,0.0,0.0,0.0,0.0,0.0,0.0,0.0,,11.999999761581421,20
time_pressure_seed8_safety04_e01_t20_u2,time_pressure,8,safety,9,2,laser,0.5,0.9999999701976776,1.0,0.9999999701976776,1.0,0.9999999701976776,0.0,0.0,2.9802322387695312e-08,1.4901161193847656e-08,1.4901161193847656e-08,0.4999999850988388,0.4999999701976776,0.0,0.0,0.0,0.0,0.0,0.0,0.0,,10.00116240978241,16
time_pressure_seed8_safety04_e01_t20_u2,time_pressure,8,safety,10,2,laser,0.5,0.9999999701976776,2.0,1.9999999403953552,2.0,1.9999999403953552,0.0,0.0,5.960464477539063e-08,2.9802322387695312e-08,2.9802322387695312e-08,0.4999999850988388,0.4999999552965164,0.0,0.0,0.0,0.0,0.0,0.0,0.0,,11.999999761581421,20
time_pressure_seed8_safety04_e01_t20_u2,time_pressure,8,safety,11,2,laser,0.5,0.9999999701976776,1.0,0.9999999701976776,1.0,0.9999999701976776,0.0,0.0,2.9802322387695312e-08,1.4901161193847656e-08,1.4901161193847656e-08,0.4999999850988388,0.4999999701976776,0.0,0.0,0.0,0.0,0.0,0.0,0.0,,8.999999821186066,15
time_pressure_seed8_safety04_e01_t20_u2,time_pressure,8,safety,12,2,laser,0.5,0.9999999701976776,1.0,0.9999999701976776,1.0,0.9999999701976776,0.0,0.0,2.9802322387695312e-08,1.4901161193847656e-08,1.4901161193847656e-08,0.4999999850988388,0.4999999701976776,0.0,0.0,0.0,0.0,0.0,0.0,0.0,,8.999999821186066,15
time_pressure_seed8_safety04_e01_t20_u2,time_pressure,8,safety,13,2,laser,0.5,0.9999999701976776,1.0,0.5002906322479248,1.0,0.5002906322479248,0.0,0.0,0.4997093677520752,0.2498546838760376,0.2498546838760376,0.4999999850988388,0.2501453012228012,0.0,0.0,0.0,0.0,0.0,0.0,0.0,,10.00116240978241,16
time_pressure_seed8_safety04_e01_t20_u2,time_pressure,8,safety,14,2,laser,0.5,0.9999999701976776,1.0,0.9999999701976776,1.0,0.9999999701976776,0.0,0.0,2.9802322387695312e-08,1.4901161193847656e-08,1.4901161193847656e-08,0.4999999850988388,0.4999999701976776,0.0,0.0,0.0,0.0,0.0,0.0,0.0,,11.999999761581421,20
time_pressure_seed8_safety04_e01_t20_u2,time_pressure,8,safety,15,2,laser,0.5,0.9999999701976776,2.0,1.9999999403953552,2.0,1.9999999403953552,0.0,0.0,5.960464477539063e-08,2.9802322387695312e-08,2.9802322387695312e-08,0.4999999850988388,0.4999999552965164,0.0,0.0,0.0,0.0,0.0,0.0,0.0,,11.999999761581421,20
time_pressure_seed8_safety04_e01_t20_u2,time_pressure,8,safety,16,2,laser,0.5,0.9999999701976776,1.0,0.9999999701976776,1.0,0.9999999701976776,0.0,0.0,2.9802322387695312e-08,1.4901161193847656e-08,1.4901161193847656e-08,0.4999999850988388,0.4999999701976776,0.0,0.0,0.0,0.0,0.0,0.0,0.0,,11.999999761581421,20
time_pressure_seed8_safety04_e01_t20_u2,time_pressure,8,safety,17,2,laser,0.5,0.9999999701976776,2.0,1.9999999403953552,2.0,1.9999999403953552,0.0,0.0,5.960464477539063e-08,2.9802322387695312e-08,2.9802322387695312e-08,0.4999999850988388,0.4999999552965164,0.0,0.0,0.0,0.0,0.0,0.0,0.0,,11.999999761581421,20
time_pressure_seed8_safety04_e01_t20_u2,time_pressure,8,safety,18,2,laser,0.5,0.9999999701976776,2.0,1.9999999403953552,2.0,1.9999999403953552,0.0,0.0,5.960464477539063e-08,2.9802322387695312e-08,2.9802322387695312e-08,0.4999999850988388,0.4999999552965164,0.0,0.0,0.0,0.0,0.0,0.0,0.0,,11.999999761581421,20
time_pressure_seed8_safety04_e01_t20_u2,time_pressure,8,safety,19,2,laser,0.5,0.9999999701976776,1.0,0.9999999701976776,1.0,0.9999999701976776,0.0,0.0,2.9802322387695312e-08,1.4901161193847656e-08,1.4901161193847656e-08,0.4999999850988388,0.4999999701976776,0.0,0.0,0.0,0.0,0.0,0.0,0.0,,11.999999761581421,20
time_pressure_seed8_safety04_e01_t20_u2,time_pressure,8,safety,20,2,laser,0.5,0.9999999701976776,2.0,1.9999999403953552,2.0,1.9999999403953552,0.0,0.0,5.960464477539063e-08,2.9802322387695312e-08,2.9802322387695312e-08,0.4999999850988388,0.4999999552965164,0.0,0.0,0.0,0.0,0.0,0.0,0.0,,11.999999761581421,20
time_pressure_seed8_safety04_e01_t20_u2,time_pressure,8,safety,21,2,laser,0.5,0.9999999701976776,3.0,2.999999910593033,3.0,2.999999910593033,0.0,0.0,8.940696716308594e-08,4.470348358154297e-08,4.470348358154297e-08,0.4999999850988388,0.4999999403953552,0.0,0.0,0.0,0.0,0.0,0.0,0.0,,11.999999761581421,20
time_pressure_seed8_safety04_e01_t20_u2,time_pressure,8,safety,22,2,laser,0.5,0.9999999701976776,2.0,1.9999999403953552,2.0,1.9999999403953552,0.0,0.0,5.960464477539063e-08,2.9802322387695312e-08,2.9802322387695312e-08,0.4999999850988388,0.4999999552965164,0.0,0.0,0.0,0.0,0.0,0.0,0.0,,11.999999761581421,20
time_pressure_seed8_safety04_e01_t20_u2,time_pressure,8,safety,23,2,laser,0.5,0.9999999701976776,1.0,0.9999999701976776,1.0,0.9999999701976776,0.0,0.0,2.9802322387695312e-08,1.4901161193847656e-08,1.4901161193847656e-08,0.4999999850988388,0.4999999701976776,0.0,0.0,0.0,0.0,0.0,0.0,0.0,,5.9999998807907104,10
time_pressure_seed8_safety04_e01_t20_u2,time_pressure,8,safety,24,2,laser,0.5,0.9999999701976776,1.0,0.9999999701976776,1.0,0.9999999701976776,0.0,0.0,2.9802322387695312e-08,1.4901161193847656e-08,1.4901161193847656e-08,0.4999999850988388,0.4999999701976776,0.0,0.0,0.0,0.0,0.0,0.0,0.0,,11.999999761581421,20
time_pressure_seed8_safety04_e01_t20_u2,time_pressure,8,safety,25,2,laser,0.5,0.9999999701976776,2.0,1.9999999403953552,2.0,1.9999999403953552,0.0,0.0,5.960464477539063e-08,2.9802322387695312e-08,2.9802322387695312e-08,0.4999999850988388,0.4999999552965164,0.0,0.0,0.0,0.0,0.0,0.0,0.0,,11.999999761581421,20
time_pressure_seed8_safety04_e01_t20_u2,time_pressure,8,safety,26,2,laser,0.5,0.9999999701976776,2.0,1.9999999403953552,2.0,1.9999999403953552,0.0,0.0,5.960464477539063e-08,2.9802322387695312e-08,2.9802322387695312e-08,0.4999999850988388,0.4999999552965164,0.0,0.0,0.0,0.0,0.0,0.0,0.0,,11.999999761581421,20
time_pressure_seed8_safety04_e01_t20_u2,time_pressure,8,safety,27,2,laser,0.5,0.9999999701976776,1.0,0.9999999701976776,1.0,0.9999999701976776,0.0,0.0,2.9802322387695312e-08,1.4901161193847656e-08,1.4901161193847656e-08,0.4999999850988388,0.4999999701976776,0.0,0.0,0.0,0.0,0.0,0.0,0.0,,11.999999761581421,20
time_pressure_seed8_safety04_e01_t20_u2,time_pressure,8,safety,28,2,laser,0.5,0.9999999701976776,3.0,2.999999910593033,3.0,2.999999910593033,0.0,0.0,8.940696716308594e-08,4.470348358154297e-08,4.470348358154297e-08,0.4999999850988388,0.4999999403953552,0.0,0.0,0.0,0.0,0.0,0.0,0.0,,11.999999761581421,20
time_pressure_seed8_safety04_e01_t20_u2,time_pressure,8,safety,29,2,laser,0.5,0.9999999701976776,1.0,0.9999999701976776,1.0,0.9999999701976776,0.0,0.0,2.9802322387695312e-08,1.4901161193847656e-08,1.4901161193847656e-08,0.4999999850988388,0.4999999701976776,0.0,0.0,0.0,0.0,0.0,0.0,0.0,,11.999999761581421,20
time_pressure_seed8_safety04_e01_t20_u2,time_pressure,8,safety,30,2,laser,0.5,0.9999999701976776,3.0,2.999999910593033,3.0,2.999999910593033,0.0,0.0,8.940696716308594e-08,4.470348358154297e-08,4.470348358154297e-08,0.4999999850988388,0.4999999403953552,0.0,0.0,0.0,0.0,0.0,0.0,0.0,,11.999999761581421,20
time_pressure_seed8_safety04_e01_t20_u2,time_pressure,8,safety,31,2,laser,0.5,0.9999999701976776,2.0,1.9999999403953552,2.0,1.9999999403953552,0.0,0.0,5.960464477539063e-08,2.9802322387695312e-08,2.9802322387695312e-08,0.4999999850988388,0.4999999552965164,0.0,0.0,0.0,0.0,0.0,0.0,0.0,,11.999999761581421,20
time_pressure_seed8_safety05_e01_t22_u2,time_pressure,8,safety,0,2,laser,0.5,1.0,1.0,1.0,1.0,1.0,0.0,0.0,0.0,0.0,0.0,0.5,0.5,0.0,0.0,0.0,0.0,0.0,0.0,0.0,,6.0,6
time_pressure_seed8_safety05_e01_t22_u2,time_pressure,8,safety,1,2,laser,0.5,1.0,0.0,0.0,0.0,0.0,0.0,0.0,0.0,0.0,0.0,0.5,0.5,0.0,0.0,0.0,0.0,0.0,0.0,0.0,,6.0,6
time_pressure_seed8_safety05_e01_t22_u2,time_pressure,8,safety,2,2,laser,0.5,1.0,0.0,0.0,0.0,0.0,0.0,0.0,0.0,0.0,0.0,0.5,0.5,0.0,0.0,0.0,0.0,0.0,0.0,0.0,,6.0,6
time_pressure_seed8_safety05_e01_t22_u2,time_pressure,8,safety,3,2,laser,0.5,0.0,0.0,0.0,0.0,0.0,0.0,0.0,0.0,0.0,0.0,0.5,0.5,0.0,0.0,0.0,0.0,0.0,0.0,0.0,,4.0,4
time_pressure_seed8_safety05_e01_t22_u2,time_pressure,8,safety,4,2,laser,0.5,1.0,0.0,0.0,0.0,0.0,0.0,0.0,0.0,0.0,0.0,0.5,0.5,0.0,0.0,0.0,0.0,0.0,0.0,0.0,,6.0,6
time_pressure_seed8_safety05_e01_t22_u2,time_pressure,8,safety,5,2,laser,0.5,1.0,0.0,0.0,0.0,0.0,0.0,0.0,0.0,0.0,0.0,0.5,0.5,0.0,0.0,0.0,0.0,0.0,0.0,0.0,,6.0,6
time_pressure_seed8_safety05_e01_t22_u2,time_pressure,8,safety,6,2,laser,0.5,1.0,0.0,0.0,0.0,0.0,0.0,0.0,0.0,0.0,0.0,0.5,0.5,0.0,0.0,0.0,0.0,0.0,0.0,0.0,,6.0,6
time_pressure_seed8_safety05_e01_t22_u2,time_pressure,8,safety,7,2,laser,0.5,1.0,0.0,0.0,0.0,0.0,0.0,0.0,0.0,0.0,0.0,0.5,0.5,0.0,0.0,0.0,0.0,0.0,0.0,0.0,,6.0,6
time_pressure_seed8_safety05_e01_t22_u2,time_pressure,8,safety,8,2,laser,0.5,1.0,0.0,0.0,0.0,0.0,0.0,0.0,0.0,0.0,0.0,0.5,0.5,0.0,0.0,0.0,0.0,0.0,0.0,0.0,,6.0,6
time_pressure_seed8_safety05_e01_t22_u2,time_pressure,8,safety,9,2,laser,0.5,0.0,1.0,0.0,1.0,0.0,0.0,0.0,1.0,0.5,0.5,0.5,0.0,0.0,0.0,0.0,0.0,0.0,0.0,0.0,1.0,4.0,4
time_pressure_seed8_safety05_e01_t22_u2,time_pressure,8,safety,10,2,laser,0.5,1.0,0.0,0.0,0.0,0.0,0.0,0.0,0.0,0.0,0.0,0.5,0.5,0.0,0.0,0.0,0.0,0.0,0.0,0.0,,6.0,6
time_pressure_seed8_safety05_e01_t22_u2,time_pressure,8,safety,11,2,laser,0.5,1.0,1.0,1.0,1.0,1.0,0.0,0.0,0.0,0.0,0.0,0.5,0.5,0.0,0.0,0.0,0.0,0.0,0.0,0.0,,6.0,6
time_pressure_seed8_safety05_e01_t22_u2,time_pressure,8,safety,12,2,laser,0.5,0.0,1.0,0.0,1.0,0.0,0.0,0.0,1.0,0.5,0.5,0.5,0.0,0.0,0.0,0.0,0.0,0.0,0.0,0.0,1.0,4.0,4
time_pressure_seed8_safety05_e01_t22_u2,time_pressure,8,safety,13,2,laser,0.5,1.0,0.0,0.0,0.0,0.0,0.0,0.0,0.0,0.0,0.0,0.5,0.5,0.0,0.0,0.0,0.0,0.0,0.0,0.0,,6.0,6
time_pressure_seed8_safety05_e01_t22_u2,time_pressure,8,safety,14,2,laser,0.5,1.0,0.0,0.0,0.0,0.0,0.0,0.0,0.0,0.0,0.0,0.5,0.5,0.0,0.0,0.0,0.0,0.0,0.0,0.0,,6.0,6
time_pressure_seed8_safety05_e01_t22_u2,time_pressure,8,safety,15,2,laser,0.5,1.0,1.0,1.0,1.0,1.0,0.0,0.0,0.0,0.0,0.0,0.5,0.5,0.0,0.0,0.0,0.0,0.0,0.0,0.0,,6.0,6
time_pressure_seed8_safety05_e01_t22_u2,time_pressure,8,safety,16,2,laser,0.5,1.0,1.0,1.0,1.0,1.0,0.0,0.0,0.0,0.0,0.0,0.5,0.5,0.0,0.0,0.0,0.0,0.0,0.0,0.0,,6.0,6
time_pressure_seed8_safety05_e01_t22_u2,time_pressure,8,safety,17,2,laser,0.5,1.0,1.0,1.0,1.0,1.0,0.0,0.0,0.0,0.0,0.0,0.5,0.5,0.0,0.0,0.0,0.0,0.0,0.0,0.0,,6.0,6
time_pressure_seed8_safety05_e01_t22_u2,time_pressure,8,safety,18,2,laser,0.5,1.0,0.0,0.0,0.0,0.0,0.0,0.0,0.0,0.0,0.0,0.5,0.5,0.0,0.0,0.0,0.0,0.0,0.0,0.0,,6.0,6
time_pressure_seed8_safety05_e01_t22_u2,time_pressure,8,safety,19,2,laser,0.5,1.0,0.0,0.0,0.0,0.0,0.0,0.0,0.0,0.0,0.0,0.5,0.5,0.0,0.0,0.0,0.0,0.0,0.0,0.0,,6.0,6
time_pressure_seed8_safety05_e01_t22_u2,time_pressure,8,safety,20,2,laser,0.5,1.0,0.0,0.0,0.0,0.0,0.0,0.0,0.0,0.0,0.0,0.5,0.5,0.0,0.0,0.0,0.0,0.0,0.0,0.0,,6.0,6
time_pressure_seed8_safety05_e01_t22_u2,time_pressure,8,safety,21,2,laser,0.5,1.0,0.0,0.0,0.0,0.0,0.0,0.0,0.0,0.0,0.0,0.5,0.5,0.0,0.0,0.0,0.0,0.0,0.0,0.0,,6.0,6
time_pressure_seed8_safety05_e01_t22_u2,time_pressure,8,safety,22,2,laser,0.5,1.0,1.0,1.0,1.0,1.0,0.0,0.0,0.0,0.0,0.0,0.5,0.5,0.0,0.0,0.0,0.0,0.0,0.0,0.0,,6.0,6
time_pressure_seed8_safety05_e01_t22_u2,time_pressure,8,safety,23,2,laser,0.5,0.0,1.0,0.0,1.0,0.0,0.0,0.0,1.0,0.5,0.5,0.5,0.0,0.0,0.0,0.0,0.0,0.0,0.0,0.0,1.0,4.0,4
time_pressure_seed8_safety05_e01_t22_u2,time_pressure,8,safety,24,2,laser,0.5,1.0,0.0,0.0,0.0,0.0,0.0,0.0,0.0,0.0,0.0,0.5,0.5,0.0,0.0,0.0,0.0,0.0,0.0,0.0,,6.0,6
time_pressure_seed8_safety05_e01_t22_u2,time_pressure,8,safety,25,2,laser,0.5,1.0,0.0,0.0,0.0,0.0,0.0,0.0,0.0,0.0,0.0,0.5,0.5,0.0,0.0,0.0,0.0,0.0,0.0,0.0,,6.0,6
time_pressure_seed8_safety05_e01_t22_u2,time_pressure,8,safety,26,2,laser,0.5,1.0,0.0,0.0,0.0,0.0,0.0,0.0,0.0,0.0,0.0,0.5,0.5,0.0,0.0,0.0,0.0,0.0,0.0,0.0,,6.0,6
time_pressure_seed8_safety05_e01_t22_u2,time_pressure,8,safety,27,2,laser,0.5,1.0,1.0,1.0,1.0,1.0,0.0,0.0,0.0,0.0,0.0,0.5,0.5,0.0,0.0,0.0,0.0,0.0,0.0,0.0,,6.0,6
time_pressure_seed8_safety05_e01_t22_u2,time_pressure,8,safety,28,2,laser,0.5,1.0,0.0,0.0,0.0,0.0,0.0,0.0,0.0,0.0,0.0,0.5,0.5,0.0,0.0,0.0,0.0,0.0,0.0,0.0,,6.0,6
time_pressure_seed8_safety05_e01_t22_u2,time_pressure,8,safety,29,2,laser,0.5,0.0,0.0,0.0,0.0,0.0,0.0,0.0,0.0,0.0,0.0,0.5,0.5,0.0,0.0,0.0,0.0,0.0,0.0,0.0,,4.0,4
time_pressure_seed8_safety05_e01_t22_u2,time_pressure,8,safety,30,2,laser,0.5,0.0,0.0,0.0,0.0,0.0,0.0,0.0,0.0,0.0,0.0,0.5,0.5,0.0,0.0,0.0,0.0,0.0,0.0,0.0,,4.0,4
time_pressure_seed8_safety05_e01_t22_u2,time_pressure,8,safety,31,2,laser,0.5,0.0,0.0,0.0,0.0,0.0,0.0,0.0,0.0,0.0,0.0,0.5,0.5,0.0,0.0,0.0,0.0,0.0,0.0,0.0,,4.0,4
time_pressure_seed8_resource00_e08_t04_u0,time_pressure,8,resource,0,0,missile,2.0,1.0000000149011612,9.0,8.012933298945427,1.0,0.0,8.0,8.012933298945427,0.9870667010545731,1.9935333505272865,1.9935333505272865,1.8717023059725761,-0.12183104455471039,0.0,1.0000000149011612,1.0000000149011612,4.012933239340782,0.25659552216529846,0.0,0.0,2.0000000298023224,75.15210458636284,219
time_pressure_seed8_resource00_e08_t04_u0,time_pressure,8,resource,1,0,missile,2.0,1.0000000149011612,10.0,9.00000013411045,1.0,0.0,9.0,9.00000013411045,0.9999998658895493,1.9999999329447746,1.9999999329447746,2.0000000596046448,1.2665987014770508e-07,0.0,1.0000000149011612,1.0000000149011612,4.242624014616013,1.0000000149011612,0.0,0.0,2.0000000298023224,81.0000008046627,243
time_pressure_seed8_resource00_e08_t04_u0,time_pressure,8,resource,2,0,missile,2.0,1.0000000149011612,10.0,9.00000013411045,1.0,0.0,9.0,9.00000013411045,0.9999998658895493,1.9999999329447746,1.9999999329447746,2.0000000596046448,1.2665987014770508e-07,0.0,1.0000000149011612,1.0000000149011612,4.756337732076645,1.0000000149011612,0.0,0.0,2.0000000298023224,81.0000008046627,243
time_pressure_seed8_resource00_e08_t04_u0,time_pressure,8,resource,3,0,missile,2.0,1.0000000149011612,10.0,9.00000013411045,1.0,0.0,9.0,9.00000013411045,0.9999998658895493,1.9999999329447746,1.9999999329447746,2.0000000596046448,1.2665987014770508e-07,0.0,1.0000000149011612,1.0000000149011612,4.7434045523405075,1.0000000149011612,0.0,0.0,1.0000000149011612,81.0000008046627,243
time_pressure_seed8_resource00_e08_t04_u0,time_pressure,8,resource,4,0,missile,2.0,1.0000000149011612,10.0,9.25659565627575,1.0,0.0,9.0,9.25659565627575,0.7434043437242508,1.8717021495103836,1.8717021495103836,1.8717022761702538,1.2665987014770508e-07,0.0,1.0000000149011612,1.0000000149011612,8.230213567614555,-4.76978662610054,0.8193688307446454,1.0000000149011612,2.0000000298023224,81.0000008046627,243
time_pressure_seed8_resource00_e08_t04_u0,time_pressure,8,resource,5,0,missile,2.0,1.0000000149011612,10.0,9.00000013411045,1.0,0.0,9.0,9.00000013411045,0.9999998658895493,1.9999999329447746,1.9999999329447746,2.0000000596046448,1.2665987014770508e-07,0.0,1.0000000149011612,1.0000000149011612,2.4868090003728867,-5.513191118836403,0.0,0.0,1.0000000149011612,87.00000086426735,261
time_pressure_seed8_resource00_e08_t04_u0,time_pressure,8,resource,6,0,missile,2.0,1.0000000149011612,9.0,8.256595641374588,1.0,0.0,8.0,8.256595641374588,0.743404358625412,1.871702179312706,1.871702179312706,1.8717023059725761,1.2665987014770508e-07,0.0,1.0000000149011612,1.0000000149011612,5.000000074505806,1.0000000149011612,0.0,0.0,2.0000000298023224,81.0000008046627,243
time_pressure_seed8_resource00_e08_t04_u0,time_pressure,8,resource,7,0,missile,2.0,1.0000000149011612,11.0,10.000000149011612,1.0,0.0,10.0,10.000000149011612,0.9999998509883881,1.9999999031424522,1.9999999031424522,2.0000000298023224,1.2665987014770508e-07,0.0,1.0000000149011612,1.0000000149011612,5.000000074505806,0.0,0.0,0.0,2.0000000298023224,81.0000008046627,243
time_pressure_seed8_resource00_e08_t04_u0,time_pressure,8,resource,8,0,missile,2.0,1.0000000149011612,10.0,9.25659565627575,1.0,0.0,9.0,9.25659565627575,0.7434043437242508,1.8717021495103836,1.8717021495103836,1.8717022761702538,1.2665987014770508e-07,0.0,1.0000000149011612,1.0000000149011612,12.743404671549797,2.0000000298023224,0.0,0.0,1.0000000149011612,81.0000008046627,243
time_pressure_seed8_resource00_e08_t04_u0,time_pressure,8,resource,9,0,missile,2.0,1.0000000149011612,11.0,10.000000149011612,1.0,0.0,10.0,10.000000149011612,0.9999998509883881,1.9999999031424522,1.9999999031424522,2.0000000298023224,1.2665987014770508e-07,0.0,1.0000000149011612,1.0000000149011612,5.000000074505806,1.0000000149011612,0.0,0.0,2.0000000298023224,81.0000008046627,243
time_pressure_seed8_resource00_e08_t04_u0,time_pressure,8,resource,10,0,missile,2.0,1.0000000149011612,10.0,8.22864554822445,1.0,0.0,9.0,8.22864554822445,1.7713544517755508,2.3856772258877754,2.3856772258877754,2.0000000596046448,-0.38567716628313065,0.0,1.0000000149011612,1.0000000149011612,3.8443276286125183,2.0000000298023224,0.0,0.0,2.485763654112816,69.04962873458862,195
time_pressure_seed8_resource00_e08_t04_u0,time_pressure,8,resource,11,0,missile,2.0,1.0000000149011612,10.0,8.771347746253014,1.0,0.0,9.0,8.771347746253014,1.2286522537469864,2.1143261045217514,2.1143261045217514,1.8717022761702538,-0.24262382835149765,0.0,1.0000000149011612,1.0000000149011612,7.514752209186554,1.0000000149011612,0.0,0.0,3.0000000447034836,75.17702588438988,219
time_pressure_seed8_resource00_e08_t04_u0,time_pressure,8,resource,12,0,missile,2.0,1.0000000149011612,11.0,10.000000149011612,1.0,0.0,10.0,10.000000149011612,0.9999998509883881,1.9999999031424522,1.9999999031424522,2.0000000298023224,1.2665987014770508e-07,0.0,1.0000000149011612,1.0000000149011612,5.000000074505806,0.0,0.0,0.0,1.0000000149011612,81.0000008046627,243
time_pressure_seed8_resource00_e08_t04_u0,time_pressure,8,resource,13,0,missile,2.0,1.0000000149011612,11.0,10.000000149011612,1.0,0.0,10.0,10.000000149011612,0.9999998509883881,1.9999999031424522,1.9999999031424522,2.0000000298023224,1.2665987014770508e-07,0.0,1.0000000149011612,1.0000000149011612,4.500257924199104,1.0000000149011612,0.0,0.0,1.7428818345069885,75.66227379441261,221
time_pressure_seed8_resource00_e08_t04_u0,time_pressure,8,resource,14,0,missile,2.0,1.0000000149011612,10.0,9.00000013411045,1.0,0.0,9.0,9.00000013411045,0.9999998658895493,1.9999999105930328,1.9999999105930328,1.8717022761702538,-0.12829763442277908,0.0,1.0000000149011612,1.0000000149011612,7.589243084192276,-2.9099835008382797,0.183412318180593,0.0,4.000000059604645,58.949299305677414,179
time_pressure_seed8_resource00_e08_t04_u0,time_pressure,8,resource,15,0,missile,2.0,1.0000000149011612,10.0,9.00000013411045,1.0,0.0,9.0,9.00000013411045,0.9999998658895493,1.9999999329447746,1.9999999329447746,2.0000000596046448,1.2665987014770508e-07,0.0,1.0000000149011612,0.5147521048784256,0.37617336213588715,-3.38120274245739,0.4491833239079033,0.4852479100227356,1.0000000149011612,75.66227379441261,221
time_pressure_seed8_resource00_e08_t04_u0,time_pressure,8,resource,16,0,missile,2.0,1.0000000149011612,10.0,9.00000013411045,1.0,0.0,9.0,9.00000013411045,0.9999998658895493,1.9999999329447746,1.9999999329447746,2.0000000596046448,1.2665987014770508e-07,0.0,1.0000000149011612,1.0000000149011612,8.999484419822693,1.4868089854717255,0.0,0.0,1.0000000149011612,81.0000008046627,243
time_pressure_seed8_resource00_e08_t04_u0,time_pressure,8,resource,17,0,missile,2.0,1.0000000149011612,9.0,8.00000011920929,1.0,0.0,8.0,8.00000011920929,0.9999998807907104,1.9999999403953552,1.9999999403953552,1.8717023059725761,-0.12829763442277908,0.0,1.0000000149011612,1.0000000149011612,5.000000074505806,2.0000000298023224,0.0,0.0,1.0000000149011612,46.00000038743019,124
time_pressure_seed8_resource00_e08_t04_u0,time_pressure,8,resource,18,0,missile,2.0,1.0000000149011612,11.0,10.000000149011612,1.0,0.0,10.0,10.000000149011612,0.9999998509883881,1.9999999031424522,1.9999999031424522,2.0000000298023224,1.2665987014770508e-07,0.0,1.0000000149011612,1.0000000149011612,5.000000074505806,1.0000000149011612,0.0,0.0,2.0000000298023224,87.00000086426735,261
time_pressure_seed8_resource00_e08_t04_u0,time_pressure,8,resource,19,0,missile,2.0,1.0000000149011612,9.0,8.256595641374588,1.0,0.0,8.0,8.256595641374588,0.743404358625412,1.871702179312706,1.871702179312706,1.8717023059725761,1.2665987014770508e-07,0.0,1.0000000149011612,1.0000000149011612,8.487324804067612,2.0000000298023224,0.0,0.0,3.0000000447034836,83.05485567450523,251
time_pressure_seed8_resource00_e08_t04_u0,time_pressure,8,resource,20,0,missile,2.0,1.0000000149011612,10.0,8.757376179099083,1.0,0.0,9.0,8.757376179099083,1.242623820900917,2.1213118880987167,2.1213118880987167,1.8717022761702538,-0.24960961192846298,0.0,1.0000000149011612,1.0000000149011612,14.272128358483315,0.0,0.0,0.0,1.0000000149011612,78.08851334452629,231
time_pressure_seed8_resource00_e08_t04_u0,time_pressure,8,resource,21,0,missile,2.0,1.0000000149011612,9.0,9.00000013411045,1.0,0.0,8.0,9.00000013411045,-1.341104507446289e-07,1.4999999329447746,1.4999999329447746,1.5000000596046448,1.2665987014770508e-07,0.0,1.0000000149011612,1.0000000149011612,4.7434045523405075,0.7434044927358627,0.0,0.0,2.0000000298023224,87.00000086426735,261
time_pressure_seed8_resource00_e08_t04_u0,time_pressure,8,resource,22,0,missile,2.0,1.0000000149011612,9.0,8.256595641374588,1.0,0.0,8.0,8.256595641374588,0.743404358625412,1.871702179312706,1.871702179312706,1.8717023059725761,1.2665987014770508e-07,0.0,1.0000000149011612,1.0000000149011612,3.742881864309311,1.0000000149011612,0.0,0.0,2.0000000298023224,74.83439084887505,219
time_pressure_seed8_resource00_e08_t04_u0,time_pressure,8,resource,23,0,missile,2.0,1.0000000149011612,10.0,9.00000013411045,1.0,0.0,9.0,9.00000013411045,0.9999998658895493,1.9999999329447746,1.9999999329447746,2.0000000596046448,1.2665987014770508e-07,0.0,1.0000000149011612,1.0000000149011612,5.000000074505806,1.0000000149011612,0.0,0.0,2.0000000298023224,81.0000008046627,243
time_pressure_seed8_resource00_e08_t04_u0,time_pressure,8,resource,24,0,missile,2.0,1.0000000149011612,10.0,9.25659565627575,1.0,0.0,9.0,9.25659565627575,0.7434043437242508,1.8717021495103836,1.8717021495103836,1.8717022761702538,1.2665987014770508e-07,0.0,1.0000000149011612,1.0000000149011612,0.6182746440172195,-2.8819832652807236,0.2503848205419259,0.2426239550113678,,65.1960768699646,198
time_pressure_seed8_resource00_e08_t04_u0,time_pressure,8,resource,25,0,missile,2.0,1.0000000149011612,10.0,9.00000013411045,1.0,0.0,9.0,9.00000013411045,0.9999998658895493,1.9999999329447746,1.9999999329447746,2.0000000596046448,1.2665987014770508e-07,0.0,1.0000000149011612,1.0000000149011612,10.000000149011612,2.0000000298023224,0.0,0.0,1.0000000149011612,87.00000086426735,261
time_pressure_seed8_resource00_e08_t04_u0,time_pressure,8,resource,26,0,missile,2.0,1.0000000149011612,10.0,9.25659565627575,1.0,0.0,9.0,9.25659565627575,0.7434043437242508,1.8717021495103836,1.8717021495103836,1.8717022761702538,1.2665987014770508e-07,0.0,1.0000000149011612,1.0000000149011612,4.499742209911346,0.0,0.0,0.0,1.0000000149011612,85.97361877560616,257
time_pressure_seed8_resource00_e08_t04_u0,time_pressure,8,resource,27,0,missile,2.0,1.0000000149011612,10.0,9.25659565627575,1.0,0.0,9.0,9.25659565627575,0.7434043437242508,1.8717021495103836,1.8717021495103836,1.8717022761702538,1.2665987014770508e-07,0.0,1.0000000149011612,1.0000000149011612,5.000000074505806,1.0000000149011612,0.0,0.0,2.0000000298023224,87.00000086426735,261
time_pressure_seed8_resource00_e08_t04_u0,time_pressure,8,resource,28,0,missile,2.0,1.0000000149011612,9.0,8.00000011920929,1.0,0.0,8.0,8.00000011920929,0.9999998807907104,1.9999999403953552,1.9999999403953552,1.8717023059725761,-0.12829763442277908,0.0,1.0000000149011612,1.0000000149011612,4.742881879210472,1.0000000149011612,0.0,0.0,2.0000000298023224,63.00000062584877,189
time_pressure_seed8_resource00_e08_t04_u0,time_pressure,8,resource,29,0,missile,2.0,1.0000000149011612,11.0,10.000000149011612,1.0,0.0,10.0,10.000000149011612,0.9999998509883881,1.9999999031424522,1.9999999031424522,2.0000000298023224,1.2665987014770508e-07,0.0,1.0000000149011612,1.0000000149011612,15.000000223517418,3.0000000447034836,0.0,0.0,4.000000059604645,81.0000008046627,243
time_pressure_seed8_resource00_e08_t04_u0,time_pressure,8,resource,30,0,missile,2.0,1.0000000149011612,11.0,10.000000149011612,1.0,0.0,10.0,10.000000149011612,0.9999998509883881,1.9999999031424522,1.9999999031424522,2.0000000298023224,1.2665987014770508e-07,0.0,1.0000000149011612,1.0000000149011612,5.000000074505806,0.0,0.0,0.0,2.0000000298023224,81.0000008046627,243
time_pressure_seed8_resource00_e08_t04_u0,time_pressure,8,resource,31,0,missile,2.0,1.0000000149011612,9.0,8.00000011920929,1.0,0.0,8.0,8.00000011920929,0.9999998807907104,1.9999999180436134,1.9999999180436134,1.8717022761702538,-0.12829764187335968,0.0,1.0000000149011612,1.0000000149011612,10.000000149011612,1.0000000149011612,0.0,0.0,1.0000000149011612,78.00000077486038,234
time_pressure_seed8_resource01_e06_t04_u1,time_pressure,8,resource,0,1,missile,2.0,1.0,9.0,8.0,1.0,0.0,8.0,8.0,1.0,2.0,2.0,2.0,0.0,0.0,1.0,1.0,6.0,2.0,0.0,0.0,1.0,81.0,81
time_pressure_seed8_resource01_e06_t04_u1,time_pressure,8,resource,1,1,missile,2.0,1.0,10.0,9.0,1.0,0.0,9.0,9.0,1.0,2.0,2.0,2.0,0.0,0.0,1.0,1.0,3.0,1.0,0.0,0.0,1.0,90.0,90
time_pressure_seed8_resource01_e06_t04_u1,time_pressure,8,resource,2,1,missile,2.0,1.0,10.0,9.0,1.0,0.0,9.0,9.0,1.0,2.0,2.0,2.0,0.0,0.0,1.0,1.0,6.0,2.0,0.0,0.0,1.0,90.0,90
time_pressure_seed8_resource01_e06_t04_u1,time_pressure,8,resource,3,1,missile,2.0,1.0,10.0,9.0,1.0,0.0,9.0,9.0,1.0,2.0,2.0,2.0,0.0,0.0,1.0,0.0,-11.0,-9.0,0.0,0.0,1.0,80.0,80
time_pressure_seed8_resource01_e06_t04_u1,time_pressure,8,resource,4,1,missile,2.0,1.0,9.0,8.0,1.0,0.0,8.0,8.0,1.0,2.0,2.0,2.0,0.0,0.0,1.0,1.0,6.0,2.0,0.0,0.0,1.0,78.0,78
time_pressure_seed8_resource01_e06_t04_u1,time_pressure,8,resource,5,1,missile,2.0,1.0,10.0,9.0,1.0,0.0,9.0,9.0,1.0,2.0,2.0,2.0,0.0,0.0,1.0,1.0,3.0,1.0,0.0,0.0,2.0,87.0,87
time_pressure_seed8_resource01_e06_t04_u1,time_pressure,8,resource,6,1,missile,2.0,1.0,7.0,6.0,1.0,0.0,6.0,6.0,1.0,2.0,2.0,2.0,0.0,0.0,1.0,1.0,3.0,1.0,0.0,0.0,1.0,87.0,87
time_pressure_seed8_resource01_e06_t04_u1,time_pressure,8,resource,7,1,missile,2.0,1.0,10.0,9.0,1.0,0.0,9.0,9.0,1.0,2.0,2.0,2.0,0.0,0.0,1.0,1.0,12.0,4.0,0.0,0.0,5.0,78.0,78
time_pressure_seed8_resource01_e06_t04_u1,time_pressure,8,resource,8,1,missile,2.0,1.0,8.0,7.0,1.0,0.0,7.0,7.0,1.0,2.0,2.0,2.0,0.0,0.0,1.0,1.0,6.0,2.0,0.0,0.0,1.0,78.0,78
time_pressure_seed8_resource01_e06_t04_u1,time_pressure,8,resource,9,1,missile,2.0,1.0,7.0,6.0,1.0,0.0,6.0,6.0,1.0,2.0,2.0,2.0,0.0,0.0,1.0,1.0,3.0,1.0,0.0,0.0,1.0,90.0,90
time_pressure_seed8_resource01_e06_t04_u1,time_pressure,8,resource,10,1,missile,2.0,1.0,8.0,7.0,1.0,0.0,7.0,7.0,1.0,2.0,2.0,2.0,0.0,0.0,1.0,1.0,3.0,1.0,0.0,0.0,2.0,90.0,90
time_pressure_seed8_resource01_e06_t04_u1,time_pressure,8,resource,11,1,missile,2.0,1.0,10.0,9.0,1.0,0.0,9.0,9.0,1.0,2.0,2.0,2.0,0.0,0.0,1.0,1.0,9.0,3.0,0.0,0.0,1.0,87.0,87
time_pressure_seed8_resource01_e06_t04_u1,time_pressure,8,resource,12,1,missile,2.0,1.0,9.0,8.0,1.0,0.0,8.0,8.0,1.0,2.0,2.0,2.0,0.0,0.0,1.0,1.0,3.0,1.0,0.0,0.0,1.0,90.0,90
time_pressure_seed8_resource01_e06_t04_u1,time_pressure,8,resource,13,1,missile,2.0,1.0,8.0,7.0,1.0,0.0,7.0,7.0,1.0,2.0,2.0,2.0,0.0,0.0,1.0,1.0,3.0,1.0,0.0,0.0,2.0,78.0,78
time_pressure_seed8_resource01_e06_t04_u1,time_pressure,8,resource,14,1,missile,2.0,1.0,7.0,6.0,1.0,0.0,6.0,6.0,1.0,2.0,2.0,2.0,0.0,0.0,1.0,1.0,-3.0,2.0,0.8027043158137577,0.0,3.0,78.0,78
time_pressure_seed8_resource01_e06_t04_u1,time_pressure,8,resource,15,1,missile,2.0,1.0,10.0,9.0,1.0,0.0,9.0,9.0,1.0,2.0,2.0,2.0,0.0,0.0,1.0,1.0,27.0,9.0,0.0,0.0,1.0,78.0,78
time_pressure_seed8_resource01_e06_t04_u1,time_pressure,8,resource,16,1,missile,2.0,1.0,10.0,9.0,1.0,0.0,9.0,9.0,1.0,2.0,2.0,2.0,0.0,0.0,1.0,1.0,6.0,2.0,0.0,0.0,3.0,78.0,78
time_pressure_seed8_resource01_e06_t04_u1,time_pressure,8,resource,17,1,missile,2.0,1.0,9.0,8.0,1.0,0.0,8.0,8.0,1.0,2.0,2.0,2.0,0.0,0.0,1.0,1.0,3.0,1.0,0.0,0.0,2.0,78.0,78
time_pressure_seed8_resource01_e06_t04_u1,time_pressure,8,resource,18,1,missile,2.0,1.0,5.0,7.0,1.0,0.0,4.0,7.0,-2.0,0.5,0.5,2.0,1.5,0.0,1.0,1.0,3.0,1.0,0.0,0.0,1.0,84.0,84
time_pressure_seed8_resource01_e06_t04_u1,time_pressure,8,resource,19,1,missile,2.0,1.0,9.0,8.0,1.0,0.0,8.0,8.0,1.0,2.0,2.0,2.0,0.0,0.0,1.0,1.0,3.0,1.0,0.0,0.0,1.0,78.0,78
time_pressure_seed8_resource01_e06_t04_u1,time_pressure,8,resource,20,1,missile,2.0,1.0,10.0,9.0,1.0,0.0,9.0,9.0,1.0,2.0,2.0,2.0,0.0,0.0,1.0,1.0,6.0,2.0,0.0,0.0,1.0,90.0,90
time_pressure_seed8_resource01_e06_t04_u1,time_pressure,8,resource,21,1,missile,2.0,1.0,9.0,8.0,1.0,0.0,8.0,8.0,1.0,2.0,2.0,2.0,0.0,0.0,1.0,-1.0,-13.0,-17.0,0.684499638252321,1.0,1.0,89.0,89
time_pressure_seed8_resource01_e06_t04_u1,time_pressure,8,resource,22,1,missile,2.0,1.0,8.0,7.0,1.0,0.0,7.0,7.0,1.0,2.0,2.0,2.0,0.0,0.0,1.0,1.0,9.0,3.0,0.0,0.0,4.0,87.0,87
time_pressure_seed8_resource01_e06_t04_u1,time_pressure,8,resource,23,1,missile,2.0,1.0,9.0,8.0,1.0,0.0,8.0,8.0,1.0,2.0,2.0,2.0,0.0,0.0,1.0,1.0,12.0,4.0,0.0,0.0,1.0,78.0,78
time_pressure_seed8_resource01_e06_t04_u1,time_pressure,8,resource,24,1,missile,2.0,1.0,10.0,9.0,1.0,0.0,9.0,9.0,1.0,2.0,2.0,2.0,0.0,0.0,1.0,1.0,6.0,2.0,0.0,0.0,3.0,90.0,90
time_pressure_seed8_resource01_e06_t04_u1,time_pressure,8,resource,25,1,missile,2.0,1.0,10.0,9.0,1.0,0.0,9.0,9.0,1.0,2.0,2.0,2.0,0.0,0.0,1.0,1.0,6.0,2.0,0.0,0.0,3.0,90.0,90
time_pressure_seed8_resource01_e06_t04_u1,time_pressure,8,resource,26,1,missile,2.0,1.0,10.0,9.0,1.0,0.0,9.0,9.0,1.0,2.0,2.0,2.0,0.0,0.0,1.0,1.0,3.0,1.0,0.0,0.0,2.0,90.0,90
time_pressure_seed8_resource01_e06_t04_u1,time_pressure,8,resource,27,1,missile,2.0,1.0,10.0,9.0,1.0,0.0,9.0,9.0,1.0,2.0,2.0,2.0,0.0,0.0,1.0,1.0,3.0,1.0,0.0,0.0,2.0,90.0,90
time_pressure_seed8_resource01_e06_t04_u1,time_pressure,8,resource,28,1,missile,2.0,1.0,9.0,8.0,1.0,0.0,8.0,8.0,1.0,2.0,2.0,2.0,0.0,0.0,1.0,1.0,3.0,1.0,0.0,0.0,2.0,90.0,90
time_pressure_seed8_resource01_e06_t04_u1,time_pressure,8,resource,29,1,missile,2.0,1.0,10.0,9.0,1.0,0.0,9.0,9.0,1.0,2.0,2.0,2.0,0.0,0.0,1.0,1.0,3.0,1.0,0.0,0.0,1.0,87.0,87
time_pressure_seed8_resource01_e06_t04_u1,time_pressure,8,resource,30,1,missile,2.0,1.0,10.0,9.0,1.0,0.0,9.0,9.0,1.0,2.0,2.0,2.0,0.0,0.0,1.0,1.0,3.0,1.0,0.0,0.0,1.0,84.0,84
time_pressure_seed8_resource01_e06_t04_u1,time_pressure,8,resource,31,1,missile,2.0,1.0,9.0,8.0,1.0,0.0,8.0,8.0,1.0,2.0,2.0,2.0,0.0,0.0,1.0,1.0,3.0,1.0,0.0,0.0,2.0,87.0,87
time_pressure_seed8_resource02_e06_t04_u0,time_pressure,8,resource,0,0,missile,2.0,1.0,10.0,9.0,1.0,0.0,9.0,9.0,1.0,2.0,2.0,2.0,0.0,0.0,1.0,1.0,1.0,0.0,0.0,0.0,1.0,87.0,145
time_pressure_seed8_resource02_e06_t04_u0,time_pressure,8,resource,1,0,missile,2.0,1.0,7.0,6.0,1.0,0.0,6.0,6.0,1.0,2.0,2.0,2.0,0.0,0.0,1.0,1.0,4.0,2.0,0.0,0.0,1.0,75.0,125
time_pressure_seed8_resource02_e06_t04_u0,time_pressure,8,resource,2,0,missile,2.0,1.0,10.0,9.0,1.0,0.0,9.0,9.0,1.0,2.0,2.0,2.0,0.0,0.0,1.0,1.0,4.0,2.0,0.0,0.0,1.0,78.0,130
time_pressure_seed8_resource02_e06_t04_u0,time_pressure,8,resource,3,0,missile,2.0,1.0,10.0,9.0,1.0,0.0,9.0,9.0,1.0,2.0,2.0,2.0,0.0,0.0,1.0,1.0,4.0,2.0,0.0,0.0,3.0,90.0,150
time_pressure_seed8_resource02_e06_t04_u0,time_pressure,8,resource,4,0,missile,2.0,1.0,11.0,10.0,1.0,0.0,10.0,10.0,1.0,2.0,2.0,2.0,0.0,0.0,1.0,1.0,2.0,0.0,0.0,0.0,2.0,90.0,150
time_pressure_seed8_resource02_e06_t04_u0,time_pressure,8,resource,5,0,missile,2.0,1.0,11.0,10.0,1.0,0.0,10.0,10.0,1.0,2.0,2.0,2.0,0.0,0.0,1.0,1.0,6.0,3.0,0.0,0.0,4.0,90.0,150
time_pressure_seed8_resource02_e06_t04_u0,time_pressure,8,resource,6,0,missile,2.0,1.0,10.0,9.0,1.0,0.0,9.0,9.0,1.0,2.0,2.0,2.0,0.0,0.0,1.0,1.0,2.0,1.0,0.0,0.0,2.0,90.0,150
time_pressure_seed8_resource02_e06_t04_u0,time_pressure,8,resource,7,0,missile,2.0,1.0,6.0,7.516797423362732,1.0,0.0,5.0,7.516797423362732,-1.516797423362732,0.741601288318634,0.741601288318634,2.0,1.258398711681366,0.0,1.0,0.5055991411209106,-1.4944008588790894,0.5055991411209106,0.0,0.0,2.0,78.0,130
time_pressure_seed8_resource02_e06_t04_u0,time_pressure,8,resource,8,0,missile,2.0,1.0,8.0,7.0,1.0,0.0,7.0,7.0,1.0,2.0,2.0,2.0,0.0,0.0,1.0,1.0,-8.0,4.0,0.47241840261978263,0.0,5.0,90.0,150
time_pressure_seed8_resource02_e06_t04_u0,time_pressure,8,resource,9,0,missile,2.0,1.0,11.0,10.0,1.0,0.0,10.0,10.0,1.0,2.0,2.0,2.0,0.0,0.0,1.0,1.0,2.0,0.0,0.0,0.0,1.0,81.0,135
time_pressure_seed8_resource02_e06_t04_u0,time_pressure,8,resource,10,0,missile,2.0,1.0,11.0,10.0,1.0,0.0,10.0,10.0,1.0,2.0,2.0,2.0,0.0,0.0,1.0,1.0,10.0,5.0,0.0,0.0,6.0,87.0,145
time_pressure_seed8_resource02_e06_t04_u0,time_pressure,8,resource,11,0,missile,2.0,1.0,10.0,9.0,1.0,0.0,9.0,9.0,1.0,2.0,2.0,2.0,0.0,0.0,1.0,1.0,1.5055991411209106,1.0,0.0,0.0,1.0,87.0,145
time_pressure_seed8_resource02_e06_t04_u0,time_pressure,8,resource,12,0,missile,2.0,1.0,9.0,8.0,1.0,0.0,8.0,8.0,1.0,2.0,2.0,2.0,0.0,0.0,1.0,1.0,3.0,0.0,0.0,0.0,4.0,72.0,120
time_pressure_seed8_resource02_e06_t04_u0,time_pressure,8,resource,13,0,missile,2.0,1.0,8.0,5.022396564483643,1.0,0.0,7.0,5.022396564483643,2.9776034355163574,2.9888017177581787,2.9888017177581787,2.0,-0.9888017177581787,0.0,1.0,0.49440085887908936,-7.595185399055481,-4.044793128967285,0.23885433861427474,0.0,1.0,82.51679742336273,136
time_pressure_seed8_resource02_e06_t04_u0,time_pressure,8,resource,14,0,missile,2.0,1.0,7.0,5.505599141120911,1.0,0.0,6.0,5.505599141120911,1.4944008588790894,2.2472004294395447,2.2472004294395447,2.0,-0.24720042943954468,0.0,1.0,-1.0,-0.49440085887908936,-1.0,0.0,0.0,1.0,84.03359484672546,139
time_pressure_seed8_resource02_e06_t04_u0,time_pressure,8,resource,15,0,missile,2.0,1.0,11.0,10.0,1.0,0.0,10.0,10.0,1.0,2.0,2.0,2.0,0.0,0.0,1.0,1.0,-2.0,3.0,0.0,0.0,1.0,78.0,130
time_pressure_seed8_resource02_e06_t04_u0,time_pressure,8,resource,16,0,missile,2.0,1.0,10.0,9.0,1.0,0.0,9.0,9.0,1.0,2.0,2.0,2.0,0.0,0.0,1.0,1.0,6.0,3.0,0.0,0.0,4.0,78.0,130
time_pressure_seed8_resource02_e06_t04_u0,time_pressure,8,resource,17,0,missile,2.0,1.0,7.0,6.0,1.0,0.0,6.0,6.0,1.0,2.0,2.0,2.0,0.0,0.0,1.0,1.0,2.0,0.0,0.0,0.0,2.0,78.0,130
time_pressure_seed8_resource02_e06_t04_u0,time_pressure,8,resource,18,0,missile,2.0,1.0,10.0,8.50559914112091,1.0,0.0,9.0,8.50559914112091,1.4944008588790894,2.2472004294395447,2.2472004294395447,2.0,-0.24720042943954468,0.0,1.0,1.0,3.0111982822418213,2.0,0.0,0.0,3.0,86.04479312896729,142
time_pressure_seed8_resource02_e06_t04_u0,time_pressure,8,resource,19,0,missile,2.0,1.0,9.0,6.0,1.0,0.0,8.0,6.0,3.0,3.0,3.0,2.0,-1.0,0.0,1.0,1.0,3.0,0.0,0.0,0.0,1.0,86.0,142
time_pressure_seed8_resource02_e06_t04_u0,time_pressure,8,resource,20,0,missile,2.0,1.0,10.0,9.0,1.0,0.0,9.0,9.0,1.0,2.0,2.0,2.0,0.0,0.0,1.0,1.0,2.0,1.0,0.0,0.0,1.0,90.0,150
time_pressure_seed8_resource02_e06_t04_u0,time_pressure,8,resource,21,0,missile,2.0,1.0,9.0,8.0,1.0,0.0,8.0,8.0,1.0,2.0,2.0,2.0,0.0,0.0,1.0,1.0,4.0,2.0,0.0,0.0,3.0,90.0,150
time_pressure_seed8_resource02_e06_t04_u0,time_pressure,8,resource,22,0,missile,2.0,1.0,10.0,9.0,1.0,0.0,9.0,9.0,1.0,2.0,2.0,2.0,0.0,0.0,1.0,1.0,2.0,1.0,0.0,0.0,1.0,84.0,140
time_pressure_seed8_resource02_e06_t04_u0,time_pressure,8,resource,23,0,missile,2.0,1.0,10.0,9.0,1.0,0.0,9.0,9.0,1.0,2.0,2.0,2.0,0.0,0.0,1.0,1.0,2.0,0.0,0.0,0.0,2.0,90.0,150
time_pressure_seed8_resource02_e06_t04_u0,time_pressure,8,resource,24,0,missile,2.0,1.0,11.0,10.0,1.0,0.0,10.0,10.0,1.0,2.0,2.0,2.0,0.0,0.0,1.0,1.0,2.0,0.0,0.0,0.0,1.0,90.0,150
time_pressure_seed8_resource02_e06_t04_u0,time_pressure,8,resource,25,0,missile,2.0,1.0,10.0,9.0,1.0,0.0,9.0,9.0,1.0,2.0,2.0,2.0,0.0,0.0,1.0,1.0,8.0,4.0,0.0,0.0,1.0,84.0,140
time_pressure_seed8_resource02_e06_t04_u0,time_pressure,8,resource,26,0,missile,2.0,1.0,11.0,10.0,1.0,0.0,10.0,10.0,1.0,2.0,2.0,2.0,0.0,0.0,1.0,1.0,2.0,0.0,0.0,0.0,2.0,87.0,145
time_pressure_seed8_resource02_e06_t04_u0,time_pressure,8,resource,27,0,missile,2.0,1.0,11.0,10.0,1.0,0.0,10.0,10.0,1.0,2.0,2.0,2.0,0.0,0.0,1.0,1.0,4.0,1.0,0.0,0.0,1.0,87.0,145
time_pressure_seed8_resource02_e06_t04_u0,time_pressure,8,resource,28,0,missile,2.0,1.0,10.0,9.0,1.0,0.0,9.0,9.0,1.0,2.0,2.0,2.0,0.0,0.0,1.0,1.0,2.0,0.0,0.0,0.0,2.0,78.0,130
time_pressure_seed8_resource02_e06_t04_u0,time_pressure,8,resource,29,0,missile,2.0,1.0,8.0,4.527995705604553,1.0,0.0,7.0,4.527995705604553,3.4720042943954468,3.2360021471977234,3.2360021471977234,2.0,-1.2360021471977234,0.0,1.0,1.0,2.4944008588790894,0.5055991411209106,0.0,0.0,1.0,80.07838797569275,131
time_pressure_seed8_resource02_e06_t04_u0,time_pressure,8,resource,30,0,missile,2.0,1.0,7.0,6.988801717758179,1.0,0.0,6.0,6.988801717758179,0.011198282241821289,1.5055991411209106,1.5055991411209106,2.0,0.49440085887908936,0.0,1.0,0.011198282241821289,-1.4496077299118042,-6.921612024307251,-0.2335640640055079,0.0,4.0,86.50559914112091,144
time_pressure_seed8_resource02_e06_t04_u0,time_pressure,8,resource,31,0,missile,2.0,1.0,11.0,10.0,1.0,0.0,10.0,10.0,1.0,2.0,2.0,2.0,0.0,0.0,1.0,1.0,-9.0,2.0,0.47241840261978263,0.0,1.0,90.0,150
time_pressure_seed8_resource03_e09_t04_u1,time_pressure,8,resource,0,1,missile,2.0,1.0,8.0,7.0,1.0,0.0,7.0,7.0,1.0,2.0,2.0,2.0,0.0,0.0,1.0,1.0,24.0,8.0,0.5156752901850916,0.0,1.0,78.0,130
time_pressure_seed8_resource03_e09_t04_u1,time_pressure,8,resource,1,1,missile,2.0,1.0,8.0,7.0,1.0,0.0,7.0,7.0,1.0,2.0,2.0,2.0,0.0,0.0,1.0,1.0,7.994828581809998,3.502585709095001,0.0,0.0,5.476728618144989,78.0,130
time_pressure_seed8_resource03_e09_t04_u1,time_pressure,8,resource,2,1,missile,2.0,1.0,8.0,7.0,1.0,0.0,7.0,7.0,1.0,2.0,2.0,2.0,0.0,0.0,1.0,1.0,7.497414290904999,3.0,0.0,0.0,4.4819000363349915,78.0,130
time_pressure_seed8_resource03_e09_t04_u1,time_pressure,8,resource,3,1,missile,2.0,1.0,8.0,7.0,1.0,0.0,7.0,7.0,1.0,2.0,2.0,2.0,0.0,0.0,1.0,1.0,3.0,1.0,0.8082545714752436,1.0,1.0,77.0,128
time_pressure_seed8_resource03_e09_t04_u1,time_pressure,8,resource,4,1,missile,2.0,1.0,8.0,7.0,1.0,0.0,7.0,7.0,1.0,2.0,2.0,2.0,0.0,0.0,1.0,1.0,6.0,2.0,0.0,0.0,1.0,78.0,130
time_pressure_seed8_resource03_e09_t04_u1,time_pressure,8,resource,5,1,missile,2.0,1.0,8.0,7.0,1.0,0.0,7.0,7.0,1.0,2.0,2.0,2.0,0.0,0.0,1.0,1.0,4.0,5.0,0.6272863414422892,0.0,17.0,78.0,130
time_pressure_seed8_resource03_e09_t04_u1,time_pressure,8,resource,6,1,missile,2.0,1.0,8.0,7.0,1.0,0.0,7.0,7.0,1.0,2.0,2.0,2.0,0.0,0.0,1.0,1.0,3.0,1.0,0.0,0.0,1.0,78.0,130
time_pressure_seed8_resource03_e09_t04_u1,time_pressure,8,resource,7,1,missile,2.0,1.0,7.0,7.0,1.0,0.0,6.0,7.0,0.0,1.5,1.5,2.0,0.5,0.0,1.0,0.0,2.0,1.0,0.0,0.0,,63.0,105
time_pressure_seed8_resource03_e09_t04_u1,time_pressure,8,resource,8,1,missile,2.0,1.0,8.0,6.497414290904999,1.0,0.0,7.0,6.497414290904999,1.5025857090950012,2.2512928545475006,2.2512928545475006,2.0,-0.2512928545475006,0.0,1.0,1.0,2.497414290904999,1.0,0.0,0.0,1.4974142909049988,75.98965716362,126
time_pressure_seed8_resource03_e09_t04_u1,time_pressure,8,resource,9,1,missile,2.0,1.0,8.0,7.0,1.0,0.0,7.0,7.0,1.0,2.0,2.0,2.0,0.0,0.0,1.0,1.0,10.010342836380005,2.010342836380005,0.0,0.0,1.0,77.00517141819,128
time_pressure_seed8_resource03_e09_t04_u1,time_pressure,8,resource,10,1,missile,2.0,1.0,7.0,7.0,1.0,0.0,6.0,7.0,0.0,1.5,1.5,2.0,0.5,0.0,1.0,1.0,9.0,3.0,0.0,0.0,1.0,66.0,110
time_pressure_seed8_resource03_e09_t04_u1,time_pressure,8,resource,11,1,missile,2.0,1.0,8.0,5.994828581809998,1.0,0.0,7.0,5.994828581809998,2.0051714181900024,2.502585709095001,2.502585709095001,2.0,-0.5025857090950012,0.0,1.0,1.0,1.4974142909049988,1.0,0.0,0.0,10.948285818099976,75.98965716362,126
time_pressure_seed8_resource03_e09_t04_u1,time_pressure,8,resource,12,1,missile,2.0,1.0,8.0,7.0,1.0,0.0,7.0,7.0,1.0,2.0,2.0,2.0,0.0,0.0,1.0,1.0,6.0,1.5077571272850037,0.0,0.0,1.0,77.00517141819,128
time_pressure_seed8_resource03_e09_t04_u1,time_pressure,8,resource,13,1,missile,2.0,1.0,8.0,7.0,1.0,0.0,7.0,7.0,1.0,2.0,2.0,2.0,0.0,0.0,1.0,1.0,2.497414290904999,1.0,0.0,0.0,1.0,78.0,130
time_pressure_seed8_resource03_e09_t04_u1,time_pressure,8,resource,14,1,missile,2.0,1.0,8.0,7.0,1.0,0.0,7.0,7.0,1.0,2.0,2.0,2.0,0.0,0.0,1.0,1.0,2.497414290904999,1.0,0.0,0.0,4.97931432723999,78.0,130
time_pressure_seed8_resource03_e09_t04_u1,time_pressure,8,resource,15,1,missile,2.0,1.0,8.0,7.0,1.0,0.0,7.0,7.0,1.0,2.0,2.0,2.0,0.0,0.0,1.0,1.0,3.0,1.0,0.8082545714752436,1.0,2.0,76.0,127
time_pressure_seed8_resource03_e09_t04_u1,time_pressure,8,resource,16,1,missile,2.0,1.0,8.0,7.0,1.0,0.0,7.0,7.0,1.0,2.0,2.0,2.0,0.0,0.0,1.0,1.0,3.0,1.0,0.0,0.0,1.0,78.0,130
time_pressure_seed8_resource03_e09_t04_u1,time_pressure,8,resource,17,1,missile,2.0,1.0,8.0,7.0,1.0,0.0,7.0,7.0,1.0,2.0,2.0,2.0,0.0,0.0,1.0,1.0,18.0,6.0,0.0,0.0,7.0,78.0,130
time_pressure_seed8_resource03_e09_t04_u1,time_pressure,8,resource,18,1,missile,2.0,1.0,8.0,7.0,1.0,0.0,7.0,7.0,1.0,2.0,2.0,2.0,0.0,0.0,1.0,1.0,3.0,1.0,0.0,0.0,1.0,78.0,130
time_pressure_seed8_resource03_e09_t04_u1,time_pressure,8,resource,19,1,missile,2.0,1.0,8.0,7.0,1.0,0.0,7.0,7.0,1.0,2.0,2.0,2.0,0.0,0.0,1.0,1.0,4.0,1.0051714181900024,0.0,0.0,3.0,75.0,125
time_pressure_seed8_resource03_e09_t04_u1,time_pressure,8,resource,20,1,missile,2.0,1.0,8.0,7.0,1.0,0.0,7.0,7.0,1.0,2.0,2.0,2.0,0.0,0.0,1.0,1.0,9.0,3.0,0.0,0.0,1.0,78.0,130
time_pressure_seed8_resource03_e09_t04_u1,time_pressure,8,resource,21,1,missile,2.0,1.0,8.0,6.497414290904999,1.0,0.0,7.0,6.497414290904999,1.5025857090950012,2.2512928545475006,2.2512928545475006,2.0,-0.2512928545475006,0.0,1.0,1.0,2.497414290904999,1.0,0.0,0.0,1.0,71.96897149085999,118
time_pressure_seed8_resource03_e09_t04_u1,time_pressure,8,resource,22,1,missile,2.0,1.0,8.0,7.0,1.0,0.0,7.0,7.0,1.0,2.0,2.0,2.0,0.0,0.0,1.0,1.0,3.0,1.0,0.0,0.0,16.0,78.0,130
time_pressure_seed8_resource03_e09_t04_u1,time_pressure,8,resource,23,1,missile,2.0,1.0,8.0,7.0,1.0,0.0,7.0,7.0,1.0,2.0,2.0,2.0,0.0,0.0,1.0,1.0,13.0,5.0,0.0,0.0,1.0,78.0,130
time_pressure_seed8_resource03_e09_t04_u1,time_pressure,8,resource,24,1,missile,2.0,1.0,8.0,7.0,1.0,0.0,7.0,7.0,1.0,2.0,2.0,2.0,0.0,0.0,1.0,1.0,3.0,1.0,0.0,0.0,1.0,78.0,130
time_pressure_seed8_resource03_e09_t04_u1,time_pressure,8,resource,25,1,missile,2.0,1.0,8.0,7.0,1.0,0.0,7.0,7.0,1.0,2.0,2.0,2.0,0.0,0.0,1.0,1.0,3.0,1.0,0.0,0.0,2.0,78.0,130
time_pressure_seed8_resource03_e09_t04_u1,time_pressure,8,resource,26,1,missile,2.0,1.0,8.0,7.0,1.0,0.0,7.0,7.0,1.0,2.0,2.0,2.0,0.0,0.0,1.0,1.0,3.0,1.0,0.0,0.0,1.0,78.0,130
time_pressure_seed8_resource03_e09_t04_u1,time_pressure,8,resource,27,1,missile,2.0,1.0,8.0,5.492242872714996,1.0,0.0,7.0,5.492242872714996,2.5077571272850037,2.753878563642502,2.753878563642502,2.0,-0.7538785636425018,0.0,1.0,1.0,4.994828581809998,2.0,0.0,0.0,1.0,69.0,115
time_pressure_seed8_resource03_e09_t04_u1,time_pressure,8,resource,28,1,missile,2.0,1.0,8.0,7.0,1.0,0.0,7.0,7.0,1.0,2.0,2.0,2.0,0.0,0.0,1.0,1.0,4.994828581809998,2.0,0.0,0.0,1.0,78.0,130
time_pressure_seed8_resource03_e09_t04_u1,time_pressure,8,resource,29,1,missile,2.0,1.0,8.0,7.0,1.0,0.0,7.0,7.0,1.0,2.0,2.0,2.0,0.0,0.0,1.0,1.0,-3.0,2.0,0.6272863414422891,0.0,3.0,78.0,130
time_pressure_seed8_resource03_e09_t04_u1,time_pressure,8,resource,30,1,missile,2.0,1.0,7.0,7.0,1.0,0.0,6.0,7.0,0.0,1.5,1.5,2.0,0.5,0.0,1.0,0.0,-5.0,-7.0,0.8082545714752436,1.0,2.0,64.0,109
time_pressure_seed8_resource03_e09_t04_u1,time_pressure,8,resource,31,1,missile,2.0,1.0,8.0,7.0,1.0,0.0,7.0,7.0,1.0,2.0,2.0,2.0,0.0,0.0,1.0,1.0,2.497414290904999,1.0,0.0,0.0,1.4974142909049988,78.0,130
time_pressure_seed8_resource04_e09_t04_u0,time_pressure,8,resource,0,0,missile,2.0,1.0,8.0,8.0,1.0,0.0,7.0,8.0,0.0,1.5,1.5,2.0,0.5,0.0,1.0,1.0,3.0,1.0,0.8082545714752436,1.0,1.0,71.0,161
time_pressure_seed8_resource04_e09_t04_u0,time_pressure,8,resource,1,0,missile,2.0,1.0,9.0,8.0,1.0,0.0,8.0,8.0,1.0,2.0,2.0,2.0,0.0,0.0,1.0,1.0,9.0,3.0,0.0,0.0,4.0,78.0,182
time_pressure_seed8_resource04_e09_t04_u0,time_pressure,8,resource,2,0,missile,2.0,1.0,8.0,7.0,1.0,0.0,7.0,7.0,1.0,2.0,2.0,2.0,0.0,0.0,1.0,1.0,5.0,3.0,0.0,0.0,1.0,78.0,182
time_pressure_seed8_resource04_e09_t04_u0,time_pressure,8,resource,3,0,missile,2.0,1.0,8.0,7.0,1.0,0.0,7.0,7.0,1.0,2.0,2.0,2.0,0.0,0.0,1.0,1.0,2.0,1.0,0.0,0.0,2.0,78.0,182
time_pressure_seed8_resource04_e09_t04_u0,time_pressure,8,resource,4,0,missile,2.0,1.0,8.0,7.0,1.0,0.0,7.0,7.0,1.0,2.0,2.0,2.0,0.0,0.0,1.0,1.0,-18.0,1.0,0.6272863414422892,0.0,22.0,78.0,182
time_pressure_seed8_resource04_e09_t04_u0,time_pressure,8,resource,5,0,missile,2.0,1.0,9.0,8.0,1.0,0.0,8.0,8.0,1.0,2.0,2.0,2.0,0.0,0.0,1.0,1.0,2.6734423637390137,1.0,0.0,0.0,1.6734423637390137,78.0,182
time_pressure_seed8_resource04_e09_t04_u0,time_pressure,8,resource,6,0,missile,2.0,1.0,9.0,8.0,1.0,0.0,8.0,8.0,1.0,2.0,2.0,2.0,0.0,0.0,1.0,1.0,-6.081308364868164,1.0,0.42244119652209333,0.0,11.775077819824219,78.0,182
time_pressure_seed8_resource04_e09_t04_u0,time_pressure,8,resource,7,0,missile,2.0,1.0,9.0,8.0,1.0,0.0,8.0,8.0,1.0,2.0,2.0,2.0,0.0,0.0,1.0,1.0,8.0,4.0,0.0,0.0,1.0,78.0,182
time_pressure_seed8_resource04_e09_t04_u0,time_pressure,8,resource,8,0,missile,2.0,1.0,8.0,6.673442363739014,1.0,0.0,7.0,6.673442363739014,1.3265576362609863,2.163278818130493,2.163278818130493,2.0,-0.16327881813049316,0.0,1.0,1.0,-8.101635456085205,1.0,0.42244119652209333,0.0,1.0,78.0,182
time_pressure_seed8_resource04_e09_t04_u0,time_pressure,8,resource,9,0,missile,2.0,1.0,9.0,8.0,1.0,0.0,8.0,8.0,1.0,2.0,2.0,2.0,0.0,0.0,1.0,1.0,3.0,1.0,0.0,0.0,1.0,78.0,182
time_pressure_seed8_resource04_e09_t04_u0,time_pressure,8,resource,10,0,missile,2.0,1.0,9.0,8.0,1.0,0.0,8.0,8.0,1.0,2.0,2.0,2.0,0.0,0.0,1.0,1.0,-1.0,3.0,0.6272863414422889,0.0,4.0,78.0,182
time_pressure_seed8_resource04_e09_t04_u0,time_pressure,8,resource,11,0,missile,2.0,1.0,9.0,8.0,1.0,0.0,8.0,8.0,1.0,2.0,2.0,2.0,0.0,0.0,1.0,1.0,2.6734423637390137,1.0,0.0,0.0,13.79540491104126,76.34688472747803,179
time_pressure_seed8_resource04_e09_t04_u0,time_pressure,8,resource,12,0,missile,2.0,1.0,8.0,6.649211078882217,1.0,0.0,7.0,6.649211078882217,1.3507889211177826,2.1753944605588913,2.1753944605588913,2.0,-0.1753944605588913,0.0,1.0,1.0,4.645306885242462,2.0,0.0,0.0,1.0,73.79053294658661,170
time_pressure_seed8_resource04_e09_t04_u0,time_pressure,8,resource,13,0,missile,2.0,1.0,8.0,6.020327091217041,1.0,0.0,7.0,6.020327091217041,1.979672908782959,2.4898364543914795,2.4898364543914795,2.0,-0.4898364543914795,0.0,1.0,0.6734423637390137,4.645306885242462,2.0,0.0,0.0,1.0,63.0,147
time_pressure_seed8_resource04_e09_t04_u0,time_pressure,8,resource,14,0,missile,2.0,1.0,9.0,8.0,1.0,0.0,8.0,8.0,1.0,2.0,2.0,2.0,0.0,0.0,1.0,1.0,6.653115272521973,2.6531152725219727,0.1683977038410418,0.0,2.6734423637390137,78.0,182
time_pressure_seed8_resource04_e09_t04_u0,time_pressure,8,resource,15,0,missile,2.0,1.0,9.0,8.0,1.0,0.0,8.0,8.0,1.0,2.0,2.0,2.0,0.0,0.0,1.0,1.0,9.0,2.0,0.0,0.0,4.0,78.0,182
time_pressure_seed8_resource04_e09_t04_u0,time_pressure,8,resource,16,0,missile,2.0,1.0,8.0,7.0,1.0,0.0,7.0,7.0,1.0,2.0,2.0,2.0,0.0,0.0,1.0,1.0,6.0,2.0,0.0,0.0,3.0,78.0,182
time_pressure_seed8_resource04_e09_t04_u0,time_pressure,8,resource,17,0,missile,2.0,1.0,9.0,8.0,1.0,0.0,8.0,8.0,1.0,2.0,2.0,2.0,0.0,0.0,1.0,1.0,5.673442363739014,1.3265576362609863,0.0,0.0,1.0,78.0,182
time_pressure_seed8_resource04_e09_t04_u0,time_pressure,8,resource,18,0,missile,2.0,1.0,9.0,8.0,1.0,0.0,8.0,8.0,1.0,2.0,2.0,2.0,0.0,0.0,1.0,1.0,-1.8428997099399567,0.0,0.33478211149396386,0.0,3.0,78.0,182
time_pressure_seed8_resource04_e09_t04_u0,time_pressure,8,resource,19,0,missile,2.0,1.0,9.0,8.0,1.0,0.0,8.0,8.0,1.0,2.0,2.0,2.0,0.0,0.0,1.0,1.0,9.326557636260986,4.306230545043945,0.0,0.0,3.020327091217041,78.0,182
time_pressure_seed8_resource04_e09_t04_u0,time_pressure,8,resource,20,0,missile,2.0,1.0,9.0,8.0,1.0,0.0,8.0,8.0,1.0,2.0,2.0,2.0,0.0,0.0,1.0,1.0,3.0,1.0,0.0,0.0,1.0,75.0,175
time_pressure_seed8_resource04_e09_t04_u0,time_pressure,8,resource,21,0,missile,2.0,1.0,9.0,8.0,1.0,0.0,8.0,8.0,1.0,2.0,2.0,2.0,0.0,0.0,1.0,1.0,8.020327091217041,2.0,0.0,0.0,3.020327091217041,78.0,182
time_pressure_seed8_resource04_e09_t04_u0,time_pressure,8,resource,22,0,missile,2.0,1.0,7.0,8.0,1.0,0.0,6.0,8.0,-1.0,1.0,1.0,2.0,1.0,0.0,1.0,1.0,9.0,8.0,0.8082545714752435,1.0,,74.0,174
time_pressure_seed8_resource04_e09_t04_u0,time_pressure,8,resource,23,0,missile,2.0,1.0,8.0,7.0,1.0,0.0,7.0,7.0,1.0,2.0,2.0,2.0,0.0,0.0,1.0,1.0,2.6492110788822174,1.0,0.0,0.0,11.19368863105774,78.0,182
time_pressure_seed8_resource04_e09_t04_u0,time_pressure,8,resource,24,0,missile,2.0,1.0,9.0,8.0,1.0,0.0,8.0,8.0,1.0,2.0,2.0,2.0,0.0,0.0,1.0,1.0,6.0,1.0,0.0,0.0,1.0,78.0,182
time_pressure_seed8_resource04_e09_t04_u0,time_pressure,8,resource,25,0,missile,2.0,1.0,8.0,7.0,1.0,0.0,7.0,7.0,1.0,2.0,2.0,2.0,0.0,0.0,1.0,1.0,-2.0,2.0,0.6272863414422889,0.0,1.0,78.0,182
time_pressure_seed8_resource04_e09_t04_u0,time_pressure,8,resource,26,0,missile,2.0,1.0,9.0,8.0,1.0,0.0,8.0,8.0,1.0,2.0,2.0,2.0,0.0,0.0,1.0,1.0,6.0,2.0,0.0,0.0,3.0,78.0,182
time_pressure_seed8_resource04_e09_t04_u0,time_pressure,8,resource,27,0,missile,2.0,1.0,9.0,8.0,1.0,0.0,8.0,8.0,1.0,2.0,2.0,2.0,0.0,0.0,1.0,1.0,-2.1624550819396973,0.0,0.2023960975756316,0.0,2.0,77.35469311475754,180
time_pressure_seed8_resource04_e09_t04_u0,time_pressure,8,resource,28,0,missile,2.0,1.0,8.0,7.0,1.0,0.0,7.0,7.0,1.0,2.0,2.0,2.0,0.0,0.0,1.0,0.2984221577644348,2.322653442621231,2.052366763353348,0.28352674911631637,0.3507889211177826,1.6734423637390137,76.24605539441109,177
time_pressure_seed8_resource04_e09_t04_u0,time_pressure,8,resource,29,0,missile,2.0,1.0,3.0,4.693769454956055,1.0,0.0,2.0,4.693769454956055,-1.6937694549560547,0.6531152725219727,0.6531152725219727,2.0,1.3468847274780273,0.0,1.0,-1.6937694549560547,-3.7140965461730957,1.0,0.0,0.0,2.0,57.0,133
time_pressure_seed8_resource04_e09_t04_u0,time_pressure,8,resource,30,0,missile,2.0,1.0,9.0,8.0,1.0,0.0,8.0,8.0,1.0,2.0,2.0,2.0,0.0,0.0,1.0,1.0,9.0,3.0,0.0,0.0,4.0,78.0,182
time_pressure_seed8_resource04_e09_t04_u0,time_pressure,8,resource,31,0,missile,2.0,1.0,8.0,7.0,1.0,0.0,7.0,7.0,1.0,2.0,2.0,2.0,0.0,0.0,1.0,1.0,-0.06098127365112305,3.0,0.42244119652209333,0.0,1.0,78.0,182
time_pressure_seed8_resource05_e07_t04_u0,time_pressure,8,resource,0,0,missile,2.0,0.9999999701976776,9.0,7.999999761581421,1.0,0.0,8.0,7.999999761581421,1.000000238418579,2.000000163912773,2.000000163912773,1.9999999403953552,-2.2351741790771484e-07,0.0,0.9999999701976776,0.9999999701976776,-0.0162714421749115,-6.353220462799072,0.41954363793692573,0.6684745848178864,2.999999910593033,107.99999785423279,252
time_pressure_seed8_resource05_e07_t04_u0,time_pressure,8,resource,1,0,missile,2.0,0.9999999701976776,8.0,6.999999791383743,1.0,0.0,7.0,6.999999791383743,1.0000002086162567,2.000000149011612,2.000000149011612,1.999999925494194,-2.2351741790771484e-07,0.0,0.9999999701976776,0.9999999701976776,11.999999642372131,0.0,0.0,0.0,0.9999999701976776,107.99999785423279,252
time_pressure_seed8_resource05_e07_t04_u0,time_pressure,8,resource,2,0,missile,2.0,0.9999999701976776,7.0,5.999999821186066,1.0,0.0,6.0,5.999999821186066,1.0000001788139343,2.000000089406967,2.000000089406967,1.9999998658895493,-2.2351741790771484e-07,0.0,0.9999999701976776,0.9999999701976776,2.999999910593033,0.9999999701976776,0.0,0.0,1.9999999403953552,107.99999785423279,252
time_pressure_seed8_resource05_e07_t04_u0,time_pressure,8,resource,3,0,missile,2.0,0.9999999701976776,8.0,6.999999791383743,1.0,0.0,7.0,6.999999791383743,1.0000002086162567,2.000000149011612,2.000000149011612,1.999999925494194,-2.2351741790771484e-07,0.0,0.9999999701976776,0.9999999701976776,3.9999998807907104,0.9999999701976776,0.0,0.0,0.9999999701976776,107.99999785423279,252
time_pressure_seed8_resource05_e07_t04_u0,time_pressure,8,resource,4,0,missile,2.0,0.9999999701976776,8.0,6.999999791383743,1.0,0.0,7.0,6.999999791383743,1.0000002086162567,2.0000001043081284,2.0000001043081284,1.9999998807907104,-2.2351741790771484e-07,0.0,0.9999999701976776,0.9999999701976776,3.9999998807907104,0.9999999701976776,0.0,0.0,0.9999999701976776,95.99999809265137,224
time_pressure_seed8_resource05_e07_t04_u0,time_pressure,8,resource,5,0,missile,2.0,0.9999999701976776,8.0,6.999999791383743,1.0,0.0,7.0,6.999999791383743,1.0000002086162567,2.000000149011612,2.000000149011612,1.999999925494194,-2.2351741790771484e-07,0.0,0.9999999701976776,0.9999999701976776,7.336948990821838,0.0,0.0,0.0,2.999999910593033,107.99999785423279,252
time_pressure_seed8_resource05_e07_t04_u0,time_pressure,8,resource,6,0,missile,2.0,0.9999999701976776,8.0,6.999999791383743,1.0,0.0,7.0,6.999999791383743,1.0000002086162567,2.000000149011612,2.000000149011612,1.999999925494194,-2.2351741790771484e-07,0.0,0.9999999701976776,0.9999999701976776,3.9999998807907104,0.33152538537979126,0.0,0.0,1.9999999403953552,107.99999785423279,252
time_pressure_seed8_resource05_e07_t04_u0,time_pressure,8,resource,7,0,missile,2.0,0.9999999701976776,8.0,6.999999791383743,1.0,0.0,7.0,6.999999791383743,1.0000002086162567,2.000000149011612,2.000000149011612,1.999999925494194,-2.2351741790771484e-07,0.0,0.9999999701976776,0.9999999701976776,12.358644098043442,2.6738983392715454,0.0,0.0,4.999999850988388,107.99999785423279,252
time_pressure_seed8_resource05_e07_t04_u0,time_pressure,8,resource,8,0,missile,2.0,0.9999999701976776,8.0,6.999999791383743,1.0,0.0,7.0,6.999999791383743,1.0000002086162567,2.0000001043081284,2.0000001043081284,1.9999998807907104,-2.2351741790771484e-07,0.0,0.9999999701976776,0.9999999701976776,7.336948990821838,1.9999999403953552,0.0,0.0,2.999999910593033,107.99999785423279,252
time_pressure_seed8_resource05_e07_t04_u0,time_pressure,8,resource,9,0,missile,2.0,0.9999999701976776,7.0,6.668135434389114,1.0,0.0,6.0,6.668135434389114,0.3318645656108856,1.6659322828054428,1.6659322828054428,1.665932059288025,-2.2351741790771484e-07,0.0,0.9999999701976776,0.9999999701976776,10.999999672174454,2.999999910593033,0.0,0.0,0.9999999701976776,107.99999785423279,252
time_pressure_seed8_resource05_e07_t04_u0,time_pressure,8,resource,10,0,missile,2.0,0.9999999701976776,8.0,6.999999791383743,1.0,0.0,7.0,6.999999791383743,1.0000002086162567,2.000000149011612,2.000000149011612,1.999999925494194,-2.2351741790771484e-07,0.0,0.9999999701976776,0.9999999701976776,-4.663728594779968,-9.999999701976776,0.6276134275887959,0.9999999701976776,2.999999910593033,107.99999785423279,252
time_pressure_seed8_resource05_e07_t04_u0,time_pressure,8,resource,11,0,missile,2.0,0.9999999701976776,7.0,6.668135434389114,1.0,0.0,6.0,6.668135434389114,0.3318645656108856,1.6659322828054428,1.6659322828054428,1.665932059288025,-2.2351741790771484e-07,0.0,0.9999999701976776,0.9999999701976776,1.9999999403953552,0.9999999701976776,0.0,0.0,1.9999999403953552,107.99999785423279,252
time_pressure_seed8_resource05_e07_t04_u0,time_pressure,8,resource,12,0,missile,2.0,0.9999999701976776,8.0,6.999999791383743,1.0,0.0,7.0,6.999999791383743,1.0000002086162567,2.000000149011612,2.000000149011612,1.999999925494194,-2.2351741790771484e-07,0.0,0.9999999701976776,0.9999999701976776,-2.999999910593033,-5.999999821186066,0.0,0.0,0.9999999701976776,107.99999785423279,252
time_pressure_seed8_resource05_e07_t04_u0,time_pressure,8,resource,13,0,missile,2.0,0.9999999701976776,7.0,5.999999821186066,1.0,0.0,6.0,5.999999821186066,1.0000001788139343,2.000000089406967,2.000000089406967,1.9999998658895493,-2.2351741790771484e-07,0.0,0.9999999701976776,0.9999999701976776,0.6389824450016022,-1.692881852388382,0.0,0.0,1.9999999403953552,107.99999785423279,252
time_pressure_seed8_resource05_e07_t04_u0,time_pressure,8,resource,14,0,missile,2.0,0.9999999701976776,7.0,5.999999821186066,1.0,0.0,6.0,5.999999821186066,1.0000001788139343,2.000000089406967,2.000000089406967,1.9999998807907104,-2.086162567138672e-07,0.0,0.9999999701976776,0.9999999701976776,3.6681355237960815,0.9999999701976776,0.0,0.0,0.9999999701976776,77.99999845027924,182
time_pressure_seed8_resource05_e07_t04_u0,time_pressure,8,resource,15,0,missile,2.0,0.9999999701976776,7.0,5.999999821186066,1.0,0.0,6.0,5.999999821186066,1.0000001788139343,2.000000089406967,2.000000089406967,1.9999998658895493,-2.2351741790771484e-07,0.0,0.9999999701976776,0.9999999701976776,6.663389563560486,1.9999999403953552,0.0,0.0,2.999999910593033,107.99999785423279,252
time_pressure_seed8_resource05_e07_t04_u0,time_pressure,8,resource,16,0,missile,2.0,0.9999999701976776,8.0,6.999999791383743,1.0,0.0,7.0,6.999999791383743,1.0000002086162567,2.000000149011612,2.000000149011612,1.999999925494194,-2.2351741790771484e-07,0.0,0.9999999701976776,0.9999999701976776,5.005423665046692,-0.33152538537979126,0.0,0.0,3.336949110031128,107.99999785423279,252
time_pressure_seed8_resource05_e07_t04_u0,time_pressure,8,resource,17,0,missile,2.0,0.9999999701976776,8.0,6.999999791383743,1.0,0.0,7.0,6.999999791383743,1.0000002086162567,2.0000001043081284,2.0000001043081284,1.9999998807907104,-2.2351741790771484e-07,0.0,0.9999999701976776,0.9999999701976776,-0.9999999701976776,-3.9999998807907104,0.0,0.0,0.9999999701976776,107.99999785423279,252
time_pressure_seed8_resource05_e07_t04_u0,time_pressure,8,resource,18,0,missile,2.0,0.9999999701976776,9.0,7.999999761581421,1.0,0.0,8.0,7.999999761581421,1.000000238418579,2.000000163912773,2.000000163912773,1.9999999403953552,-2.2351741790771484e-07,0.0,0.9999999701976776,0.9999999701976776,3.331525295972824,0.0,0.0,0.0,0.9999999701976776,107.99999785423279,252
time_pressure_seed8_resource05_e07_t04_u0,time_pressure,8,resource,19,0,missile,2.0,0.9999999701976776,8.0,6.999999791383743,1.0,0.0,7.0,6.999999791383743,1.0000002086162567,2.000000149011612,2.000000149011612,1.999999925494194,-2.2351741790771484e-07,0.0,0.9999999701976776,0.9999999701976776,-2.9735585153102875,-6.305422782897949,0.006002079103228475,0.3318643569946289,0.9999999701976776,107.99999785423279,252
time_pressure_seed8_resource05_e07_t04_u0,time_pressure,8,resource,20,0,missile,2.0,0.9999999701976776,9.0,7.999999761581421,1.0,0.0,8.0,7.999999761581421,1.000000238418579,2.000000163912773,2.000000163912773,1.9999999403953552,-2.2351741790771484e-07,0.0,0.9999999701976776,0.9999999701976776,7.336948990821838,0.9999999701976776,0.0,0.0,2.999999910593033,107.99999785423279,252
time_pressure_seed8_resource05_e07_t04_u0,time_pressure,8,resource,21,0,missile,2.0,0.9999999701976776,9.0,7.999999761581421,1.0,0.0,8.0,7.999999761581421,1.000000238418579,2.000000163912773,2.000000163912773,1.9999999403953552,-2.2351741790771484e-07,0.0,0.9999999701976776,0.9999999701976776,2.999999910593033,0.9999999701976776,0.0,0.0,1.9999999403953552,107.99999785423279,252
time_pressure_seed8_resource05_e07_t04_u0,time_pressure,8,resource,22,0,missile,2.0,0.9999999701976776,8.0,6.999999791383743,1.0,0.0,7.0,6.999999791383743,1.0000002086162567,2.0000001043081284,2.0000001043081284,1.9999998807907104,-2.2351741790771484e-07,0.0,0.9999999701976776,0.9999999701976776,3.668474495410919,0.9999999701976776,0.0,0.0,0.9999999701976776,107.99999785423279,252
time_pressure_seed8_resource05_e07_t04_u0,time_pressure,8,resource,23,0,missile,2.0,0.9999999701976776,7.0,5.999999821186066,1.0,0.0,6.0,5.999999821186066,1.0000001788139343,2.000000089406967,2.000000089406967,1.9999998658895493,-2.2351741790771484e-07,0.0,0.9999999701976776,0.9999999701976776,2.668135553598404,0.9999999701976776,0.0,0.0,0.9999999701976776,107.99999785423279,252
time_pressure_seed8_resource05_e07_t04_u0,time_pressure,8,resource,24,0,missile,2.0,0.9999999701976776,8.0,6.999999791383743,1.0,0.0,7.0,6.999999791383743,1.0000002086162567,2.000000149011612,2.000000149011612,1.999999925494194,-2.2351741790771484e-07,0.0,0.9999999701976776,0.9999999701976776,3.668474495410919,0.9999999701976776,0.0,0.0,0.9999999701976776,107.99999785423279,252
time_pressure_seed8_resource05_e07_t04_u0,time_pressure,8,resource,25,0,missile,2.0,0.9999999701976776,8.0,6.999999791383743,1.0,0.0,7.0,6.999999791383743,1.0000002086162567,2.0000001043081284,2.0000001043081284,1.9999998807907104,-2.2351741790771484e-07,0.0,0.9999999701976776,0.9999999701976776,-4.663389623165131,-7.326779305934906,1.0257257902954793,0.6633897423744202,0.9999999701976776,105.34643888473511,244
time_pressure_seed8_resource05_e07_t04_u0,time_pressure,8,resource,26,0,missile,2.0,0.9999999701976776,9.0,7.999999761581421,1.0,0.0,8.0,7.999999761581421,1.000000238418579,2.000000163912773,2.000000163912773,1.9999999403953552,-2.2351741790771484e-07,0.0,0.9999999701976776,0.9999999701976776,15.673897951841354,4.999999850988388,0.0,0.0,4.999999850988388,107.99999785423279,252
time_pressure_seed8_resource05_e07_t04_u0,time_pressure,8,resource,27,0,missile,2.0,0.9999999701976776,8.0,6.999999791383743,1.0,0.0,7.0,6.999999791383743,1.0000002086162567,2.0000001043081284,2.0000001043081284,1.9999998807907104,-2.2351741790771484e-07,0.0,0.9999999701976776,0.9999999701976776,3.668474495410919,0.9999999701976776,0.0,0.0,1.9999999403953552,107.99999785423279,252
time_pressure_seed8_resource05_e07_t04_u0,time_pressure,8,resource,28,0,missile,2.0,0.9999999701976776,8.0,6.999999791383743,1.0,0.0,7.0,6.999999791383743,1.0000002086162567,2.0000001043081284,2.0000001043081284,1.9999998807907104,-2.2351741790771484e-07,0.0,0.9999999701976776,0.9999999701976776,-4.960676997900009,-7.6240666806697845,0.4163523224471244,0.6633897423744202,0.9999999701976776,98.69287991523743,232
time_pressure_seed8_resource05_e07_t04_u0,time_pressure,8,resource,29,0,missile,2.0,0.9999999701976776,8.0,6.999999791383743,1.0,0.0,7.0,6.999999791383743,1.0000002086162567,2.000000149011612,2.000000149011612,1.999999925494194,-2.2351741790771484e-07,0.0,0.9999999701976776,0.9999999701976776,7.336948990821838,1.9999999403953552,0.0,0.0,2.999999910593033,98.6522011756897,232
time_pressure_seed8_resource05_e07_t04_u0,time_pressure,8,resource,30,0,missile,2.0,0.9999999701976776,8.0,6.999999791383743,1.0,0.0,7.0,6.999999791383743,1.0000002086162567,2.0000001043081284,2.0000001043081284,1.9999998807907104,-2.2351741790771484e-07,0.0,0.9999999701976776,0.9999999701976776,3.6681355237960815,0.9999999701976776,0.0,0.0,1.9999999403953552,107.99999785423279,252
time_pressure_seed8_resource05_e07_t04_u0,time_pressure,8,resource,31,0,missile,2.0,0.9999999701976776,7.0,5.999999821186066,1.0,0.0,6.0,5.999999821186066,1.0000001788139343,2.000000089406967,2.000000089406967,1.9999998658895493,-2.2351741790771484e-07,0.0,0.9999999701976776,0.9999999701976776,11.999999642372131,2.999999910593033,0.0,0.0,3.9999998807907104,107.99999785423279,252
time_pressure_seed9_safety00_e01_t30_u2,time_pressure,9,safety,0,2,laser,0.5,1.0,1.0,0.0,1.0,0.0,0.0,0.0,1.0,0.5,0.5,0.5,0.0,0.0,1.0,1.0,2.0,2.0,0.0,0.0,2.0,12.0,12
time_pressure_seed9_safety00_e01_t30_u2,time_pressure,9,safety,1,2,laser,0.5,1.0,1.0,0.0,1.0,0.0,0.0,0.0,1.0,0.5,0.5,0.5,0.0,0.0,1.0,1.0,2.0,2.0,0.0,0.0,2.0,12.0,12
time_pressure_seed9_safety00_e01_t30_u2,time_pressure,9,safety,2,2,laser,0.5,1.0,1.0,0.0,1.0,0.0,0.0,0.0,1.0,0.5,0.5,0.5,0.0,0.0,1.0,1.0,1.0,1.0,0.0,0.0,1.0,12.0,12
time_pressure_seed9_safety00_e01_t30_u2,time_pressure,9,safety,3,2,laser,0.5,1.0,1.0,0.0,1.0,0.0,0.0,0.0,1.0,0.5,0.5,0.5,0.0,0.0,1.0,1.0,2.0,2.0,0.0,0.0,2.0,12.0,12
time_pressure_seed9_safety00_e01_t30_u2,time_pressure,9,safety,4,2,laser,0.5,1.0,1.0,0.0,1.0,0.0,0.0,0.0,1.0,0.5,0.5,0.5,0.0,0.0,1.0,1.0,2.0,2.0,0.0,0.0,2.0,12.0,12
time_pressure_seed9_safety00_e01_t30_u2,time_pressure,9,safety,5,2,laser,0.5,1.0,1.0,0.0,1.0,0.0,0.0,0.0,1.0,0.5,0.5,0.5,0.0,0.0,1.0,1.0,1.0,1.0,0.7240628662504094,1.0,1.0,8.0,8
time_pressure_seed9_safety00_e01_t30_u2,time_pressure,9,safety,6,2,laser,0.5,1.0,1.0,0.0,1.0,0.0,0.0,0.0,1.0,0.5,0.5,0.5,0.0,0.0,1.0,1.0,1.0,1.0,0.7240628662504094,1.0,1.0,8.0,8
time_pressure_seed9_safety00_e01_t30_u2,time_pressure,9,safety,7,2,laser,0.5,1.0,1.0,0.0,1.0,0.0,0.0,0.0,1.0,0.5,0.5,0.5,0.0,0.0,1.0,1.0,1.0,1.0,0.0,0.0,1.0,12.0,12
time_pressure_seed9_safety00_e01_t30_u2,time_pressure,9,safety,8,2,laser,0.5,1.0,1.0,0.0,1.0,0.0,0.0,0.0,1.0,0.5,0.5,0.5,0.0,0.0,1.0,1.0,1.0,1.0,0.0,0.0,1.0,12.0,12
time_pressure_seed9_safety00_e01_t30_u2,time_pressure,9,safety,9,2,laser,0.5,1.0,1.0,0.0,1.0,0.0,0.0,0.0,1.0,0.5,0.5,0.5,0.0,0.0,1.0,1.0,1.0,1.0,0.0,0.0,1.0,12.0,12
time_pressure_seed9_safety00_e01_t30_u2,time_pressure,9,safety,10,2,laser,0.5,1.0,1.0,0.0,1.0,0.0,0.0,0.0,1.0,0.5,0.5,0.5,0.0,0.0,1.0,1.0,1.0,1.0,0.0,0.0,1.0,12.0,12
time_pressure_seed9_safety00_e01_t30_u2,time_pressure,9,safety,11,2,laser,0.5,1.0,1.0,0.0,1.0,0.0,0.0,0.0,1.0,0.5,0.5,0.5,0.0,0.0,1.0,1.0,1.0,1.0,0.0,0.0,1.0,12.0,12
time_pressure_seed9_safety00_e01_t30_u2,time_pressure,9,safety,12,2,laser,0.5,1.0,1.0,0.0,1.0,0.0,0.0,0.0,1.0,0.5,0.5,0.5,0.0,0.0,1.0,1.0,1.0,1.0,0.0,0.0,1.0,12.0,12
time_pressure_seed9_safety00_e01_t30_u2,time_pressure,9,safety,13,2,laser,0.5,1.0,1.0,0.0,1.0,0.0,0.0,0.0,1.0,0.5,0.5,0.5,0.0,0.0,1.0,1.0,1.0,1.0,0.0,0.0,1.0,12.0,12
time_pressure_seed9_safety00_e01_t30_u2,time_pressure,9,safety,14,2,laser,0.5,1.0,1.0,0.0,1.0,0.0,0.0,0.0,1.0,0.5,0.5,0.5,0.0,0.0,1.0,1.0,1.0,1.0,0.7240628662504094,1.0,1.0,8.0,8
time_pressure_seed9_safety00_e01_t30_u2,time_pressure,9,safety,15,2,laser,0.5,1.0,1.0,0.0,1.0,0.0,0.0,0.0,1.0,0.5,0.5,0.5,0.0,0.0,1.0,1.0,1.0,1.0,0.0,0.0,1.0,12.0,12
time_pressure_seed9_safety00_e01_t30_u2,time_pressure,9,safety,16,2,laser,0.5,0.0,1.0,0.0,1.0,0.0,0.0,0.0,1.0,0.5,0.5,0.5,0.0,0.0,0.0,0.0,0.0,0.0,0.0,0.0,2.0,5.0,5
time_pressure_seed9_safety00_e01_t30_u2,time_pressure,9,safety,17,2,laser,0.5,1.0,1.0,0.0,1.0,0.0,0.0,0.0,1.0,0.5,0.5,0.5,0.0,0.0,1.0,1.0,1.0,1.0,0.7240628662504094,1.0,1.0,8.0,8
time_pressure_seed9_safety00_e01_t30_u2,time_pressure,9,safety,18,2,laser,0.5,1.0,1.0,0.0,1.0,0.0,0.0,0.0,1.0,0.5,0.5,0.5,0.0,0.0,1.0,1.0,1.0,1.0,0.0,0.0,1.0,12.0,12
time_pressure_seed9_safety00_e01_t30_u2,time_pressure,9,safety,19,2,laser,0.5,1.0,1.0,0.0,1.0,0.0,0.0,0.0,1.0,0.5,0.5,0.5,0.0,0.0,1.0,1.0,3.0,3.0,0.0,0.0,3.0,12.0,12
time_pressure_seed9_safety00_e01_t30_u2,time_pressure,9,safety,20,2,laser,0.5,0.0,1.0,0.0,1.0,0.0,0.0,0.0,1.0,0.5,0.5,0.5,0.0,0.0,0.0,0.0,0.0,0.0,0.0,0.0,1.0,6.0,6
time_pressure_seed9_safety00_e01_t30_u2,time_pressure,9,safety,21,2,laser,0.5,1.0,1.0,0.0,1.0,0.0,0.0,0.0,1.0,0.5,0.5,0.5,0.0,0.0,1.0,1.0,1.0,1.0,0.0,0.0,1.0,12.0,12
time_pressure_seed9_safety00_e01_t30_u2,time_pressure,9,safety,22,2,laser,0.5,1.0,1.0,0.0,1.0,0.0,0.0,0.0,1.0,0.5,0.5,0.5,0.0,0.0,1.0,1.0,2.0,2.0,0.0,0.0,2.0,12.0,12
time_pressure_seed9_safety00_e01_t30_u2,time_pressure,9,safety,23,2,laser,0.5,1.0,1.0,0.0,1.0,0.0,0.0,0.0,1.0,0.5,0.5,0.5,0.0,0.0,1.0,1.0,1.0,1.0,0.0,0.0,1.0,12.0,12
time_pressure_seed9_safety00_e01_t30_u2,time_pressure,9,safety,24,2,laser,0.5,1.0,1.0,0.0,1.0,0.0,0.0,0.0,1.0,0.5,0.5,0.5,0.0,0.0,1.0,1.0,2.0,2.0,0.0,0.0,2.0,12.0,12
time_pressure_seed9_safety00_e01_t30_u2,time_pressure,9,safety,25,2,laser,0.5,1.0,1.0,0.0,1.0,0.0,0.0,0.0,1.0,0.5,0.5,0.5,0.0,0.0,1.0,1.0,1.0,1.0,0.0,0.0,1.0,12.0,12
time_pressure_seed9_safety00_e01_t30_u2,time_pressure,9,safety,26,2,laser,0.5,1.0,1.0,0.0,1.0,0.0,0.0,0.0,1.0,0.5,0.5,0.5,0.0,0.0,1.0,1.0,2.0,2.0,0.0,0.0,2.0,12.0,12
time_pressure_seed9_safety00_e01_t30_u2,time_pressure,9,safety,27,2,laser,0.5,1.0,1.0,0.0,1.0,0.0,0.0,0.0,1.0,0.5,0.5,0.5,0.0,0.0,1.0,1.0,2.0,2.0,0.7240628662504094,1.0,2.0,10.0,10
time_pressure_seed9_safety00_e01_t30_u2,time_pressure,9,safety,28,2,laser,0.5,1.0,1.0,0.0,1.0,0.0,0.0,0.0,1.0,0.5,0.5,0.5,0.0,0.0,1.0,1.0,1.0,1.0,0.7240628662504094,1.0,1.0,8.0,8
time_pressure_seed9_safety00_e01_t30_u2,time_pressure,9,safety,29,2,laser,0.5,1.0,1.0,0.0,1.0,0.0,0.0,0.0,1.0,0.5,0.5,0.5,0.0,0.0,1.0,1.0,1.0,1.0,0.7240628662504094,1.0,1.0,8.0,8
time_pressure_seed9_safety00_e01_t30_u2,time_pressure,9,safety,30,2,laser,0.5,0.0,1.0,0.0,1.0,0.0,0.0,0.0,1.0,0.5,0.5,0.5,0.0,0.0,0.0,0.0,0.0,0.0,0.0,0.0,1.0,6.0,6
time_pressure_seed9_safety00_e01_t30_u2,time_pressure,9,safety,31,2,laser,0.5,1.0,1.0,0.0,1.0,0.0,0.0,0.0,1.0,0.5,0.5,0.5,0.0,0.0,1.0,1.0,1.0,1.0,0.0,0.0,1.0,12.0,12
time_pressure_seed9_safety01_e01_t29_u2,time_pressure,9,safety,0,2,laser,0.5,1.0,1.0,1.0,1.0,1.0,0.0,0.0,0.0,0.0,0.0,0.5,0.5,0.0,0.0,0.0,2.0,2.0,0.0,0.0,,15.0,15
time_pressure_seed9_safety01_e01_t29_u2,time_pressure,9,safety,1,2,laser,0.5,1.0,2.0,1.0,2.0,1.0,0.0,0.0,1.0,0.5,0.5,0.5,0.0,0.0,1.0,1.0,2.0,2.0,0.7240628662504094,1.0,4.0,15.0,15
time_pressure_seed9_safety01_e01_t29_u2,time_pressure,9,safety,2,2,laser,0.5,1.0,1.0,1.0,1.0,1.0,0.0,0.0,0.0,0.0,0.0,0.5,0.5,0.0,0.0,0.0,3.0,3.0,0.0,0.0,,15.0,15
time_pressure_seed9_safety01_e01_t29_u2,time_pressure,9,safety,3,2,laser,0.5,1.0,2.0,1.0,2.0,1.0,0.0,0.0,1.0,0.5,0.5,0.5,0.0,0.0,1.0,1.0,2.0,2.0,0.0,0.0,3.0,15.0,15
time_pressure_seed9_safety01_e01_t29_u2,time_pressure,9,safety,4,2,laser,0.5,1.0,1.0,1.0,1.0,1.0,0.0,0.0,0.0,0.0,0.0,0.5,0.5,0.0,0.0,0.0,0.0,0.0,0.0,0.0,,6.0,6
time_pressure_seed9_safety01_e01_t29_u2,time_pressure,9,safety,5,2,laser,0.5,1.0,2.0,1.0,2.0,1.0,0.0,0.0,1.0,0.5,0.5,0.5,0.0,0.0,1.0,1.0,1.0,1.0,0.0,0.0,3.0,15.0,15
time_pressure_seed9_safety01_e01_t29_u2,time_pressure,9,safety,6,2,laser,0.5,0.0,1.0,0.0,1.0,0.0,0.0,0.0,1.0,0.5,0.5,0.5,0.0,0.0,0.0,0.0,0.0,0.0,0.0,0.0,1.0,7.0,7
time_pressure_seed9_safety01_e01_t29_u2,time_pressure,9,safety,7,2,laser,0.5,1.0,2.0,1.0,2.0,1.0,0.0,0.0,1.0,0.5,0.5,0.5,0.0,0.0,1.0,1.0,1.0,1.0,0.0,0.0,2.0,15.0,15
time_pressure_seed9_safety01_e01_t29_u2,time_pressure,9,safety,8,2,laser,0.5,1.0,2.0,1.0,2.0,1.0,0.0,0.0,1.0,0.5,0.5,0.5,0.0,0.0,1.0,1.0,3.0,3.0,0.0,0.0,4.0,15.0,15
time_pressure_seed9_safety01_e01_t29_u2,time_pressure,9,safety,9,2,laser,0.5,1.0,1.0,1.0,1.0,1.0,0.0,0.0,0.0,0.0,0.0,0.5,0.5,0.0,0.0,0.0,0.0,0.0,0.0,0.0,,15.0,15
time_pressure_seed9_safety01_e01_t29_u2,time_pressure,9,safety,10,2,laser,0.5,1.0,2.0,1.0,2.0,1.0,0.0,0.0,1.0,0.5,0.5,0.5,0.0,0.0,1.0,1.0,2.0,2.0,0.0,0.0,3.0,15.0,15
time_pressure_seed9_safety01_e01_t29_u2,time_pressure,9,safety,11,2,laser,0.5,1.0,0.0,0.0,0.0,0.0,0.0,0.0,0.0,0.0,0.0,0.5,0.5,0.0,0.0,0.0,0.0,0.0,0.0,0.0,,15.0,15
time_pressure_seed9_safety01_e01_t29_u2,time_pressure,9,safety,12,2,laser,0.5,1.0,2.0,1.0,2.0,1.0,0.0,0.0,1.0,0.5,0.5,0.5,0.0,0.0,1.0,1.0,2.0,2.0,0.0,0.0,4.0,15.0,15
time_pressure_seed9_safety01_e01_t29_u2,time_pressure,9,safety,13,2,laser,0.5,1.0,2.0,1.0,2.0,1.0,0.0,0.0,1.0,0.5,0.5,0.5,0.0,0.0,1.0,1.0,1.0,1.0,0.0,0.0,2.0,15.0,15
time_pressure_seed9_safety01_e01_t29_u2,time_pressure,9,safety,14,2,laser,0.5,1.0,1.0,1.0,1.0,1.0,0.0,0.0,0.0,0.0,0.0,0.5,0.5,0.0,0.0,0.0,0.0,0.0,0.0,0.0,,6.0,6
time_pressure_seed9_safety01_e01_t29_u2,time_pressure,9,safety,15,2,laser,0.5,1.0,1.0,1.0,1.0,1.0,0.0,0.0,0.0,0.0,0.0,0.5,0.5,0.0,0.0,0.0,0.0,0.0,0.0,0.0,,9.0,9
time_pressure_seed9_safety01_e01_t29_u2,time_pressure,9,safety,16,2,laser,0.5,1.0,2.0,1.0,2.0,1.0,0.0,0.0,1.0,0.5,0.5,0.5,0.0,0.0,1.0,1.0,1.0,1.0,0.0,0.0,2.0,15.0,15
time_pressure_seed9_safety01_e01_t29_u2,time_pressure,9,safety,17,2,laser,0.5,1.0,2.0,1.0,2.0,1.0,0.0,0.0,1.0,0.5,0.5,0.5,0.0,0.0,1.0,1.0,2.0,2.0,0.0,0.0,3.0,15.0,15
time_pressure_seed9_safety01_e01_t29_u2,time_pressure,9,safety,18,2,laser,0.5,1.0,1.0,1.0,1.0,1.0,0.0,0.0,0.0,0.0,0.0,0.5,0.5,0.0,0.0,0.0,2.0,2.0,0.0,0.0,,15.0,15
time_pressure_seed9_safety01_e01_t29_u2,time_pressure,9,safety,19,2,laser,0.5,1.0,2.0,1.0,2.0,1.0,0.0,0.0,1.0,0.5,0.5,0.5,0.0,0.0,1.0,1.0,1.0,1.0,0.0,0.0,2.0,15.0,15
time_pressure_seed9_safety01_e01_t29_u2,time_pressure,9,safety,20,2,laser,0.5,1.0,2.0,1.0,2.0,1.0,0.0,0.0,1.0,0.5,0.5,0.5,0.0,0.0,1.0,1.0,1.0,1.0,0.0,0.0,3.0,15.0,15
time_pressure_seed9_safety01_e01_t29_u2,time_pressure,9,safety,21,2,laser,0.5,1.0,2.0,1.0,2.0,1.0,0.0,0.0,1.0,0.5,0.5,0.5,0.0,0.0,1.0,1.0,2.0,2.0,0.0,0.0,3.0,15.0,15
time_pressure_seed9_safety01_e01_t29_u2,time_pressure,9,safety,22,2,laser,0.5,1.0,2.0,1.0,2.0,1.0,0.0,0.0,1.0,0.5,0.5,0.5,0.0,0.0,1.0,1.0,1.0,1.0,0.7240628662504094,1.0,3.0,13.0,13
time_pressure_seed9_safety01_e01_t29_u2,time_pressure,9,safety,23,2,laser,0.5,1.0,2.0,1.0,2.0,1.0,0.0,0.0,1.0,0.5,0.5,0.5,0.0,0.0,1.0,1.0,1.0,1.0,0.0,0.0,3.0,15.0,15
time_pressure_seed9_safety01_e01_t29_u2,time_pressure,9,safety,24,2,laser,0.5,1.0,2.0,1.0,2.0,1.0,0.0,0.0,1.0,0.5,0.5,0.5,0.0,0.0,1.0,1.0,1.0,1.0,0.0,0.0,2.0,15.0,15
time_pressure_seed9_safety01_e01_t29_u2,time_pressure,9,safety,25,2,laser,0.5,1.0,2.0,1.0,2.0,1.0,0.0,0.0,1.0,0.5,0.5,0.5,0.0,0.0,1.0,1.0,2.0,2.0,0.7240628662504094,1.0,4.0,15.0,15
time_pressure_seed9_safety01_e01_t29_u2,time_pressure,9,safety,26,2,laser,0.5,1.0,2.0,1.0,2.0,1.0,0.0,0.0,1.0,0.5,0.5,0.5,0.0,0.0,1.0,1.0,2.0,2.0,0.0,0.0,3.0,15.0,15
time_pressure_seed9_safety01_e01_t29_u2,time_pressure,9,safety,27,2,laser,0.5,1.0,2.0,1.0,2.0,1.0,0.0,0.0,1.0,0.5,0.5,0.5,0.0,0.0,1.0,1.0,2.0,2.0,0.7240628662504094,1.0,3.0,13.0,13
time_pressure_seed9_safety01_e01_t29_u2,time_pressure,9,safety,28,2,laser,0.5,1.0,2.0,1.0,2.0,1.0,0.0,0.0,1.0,0.5,0.5,0.5,0.0,0.0,1.0,1.0,2.0,2.0,0.0,0.0,4.0,15.0,15
time_pressure_seed9_safety01_e01_t29_u2,time_pressure,9,safety,29,2,laser,0.5,1.0,1.0,1.0,1.0,1.0,0.0,0.0,0.0,0.0,0.0,0.5,0.5,0.0,0.0,0.0,0.0,0.0,0.0,0.0,,15.0,15
time_pressure_seed9_safety01_e01_t29_u2,time_pressure,9,safety,30,2,laser,0.5,1.0,2.0,1.0,2.0,1.0,0.0,0.0,1.0,0.5,0.5,0.5,0.0,0.0,1.0,1.0,2.0,2.0,0.0,0.0,3.0,15.0,15
time_pressure_seed9_safety01_e01_t29_u2,time_pressure,9,safety,31,2,laser,0.5,1.0,2.0,1.0,2.0,1.0,0.0,0.0,1.0,0.5,0.5,0.5,0.0,0.0,1.0,1.0,1.0,1.0,0.7240628662504094,1.0,4.0,15.0,15
time_pressure_seed9_safety02_e07_t16_u2,time_pressure,9,safety,0,2,laser,0.5,1.0,8.0,7.0,8.0,7.0,0.0,0.0,1.0,0.5,0.5,0.5,0.0,0.0,1.0,1.0,3.0,3.0,0.0,0.0,15.0,48.0,48
time_pressure_seed9_safety02_e07_t16_u2,time_pressure,9,safety,1,2,laser,0.5,1.0,8.0,7.0,8.0,7.0,0.0,0.0,1.0,0.5,0.5,0.5,0.0,0.0,1.0,1.0,2.0,2.0,0.0,0.0,10.0,48.0,48
time_pressure_seed9_safety02_e07_t16_u2,time_pressure,9,safety,2,2,laser,0.5,1.0,8.0,7.0,8.0,7.0,0.0,0.0,1.0,0.5,0.5,0.5,0.0,0.0,1.0,1.0,2.0,2.0,0.0,0.0,12.0,48.0,48
time_pressure_seed9_safety02_e07_t16_u2,time_pressure,9,safety,3,2,laser,0.5,1.0,8.0,7.0,8.0,7.0,0.0,0.0,1.0,0.5,0.5,0.5,0.0,0.0,1.0,1.0,4.0,4.0,0.9372258494659338,1.0,10.0,48.0,48
time_pressure_seed9_safety02_e07_t16_u2,time_pressure,9,safety,4,2,laser,0.5,1.0,8.0,7.0,8.0,7.0,0.0,0.0,1.0,0.5,0.5,0.5,0.0,0.0,1.0,1.0,2.0,2.0,0.0,0.0,13.0,48.0,48
time_pressure_seed9_safety02_e07_t16_u2,time_pressure,9,safety,5,2,laser,0.5,1.0,8.0,7.0,8.0,7.0,0.0,0.0,1.0,0.5,0.5,0.5,0.0,0.0,1.0,1.0,1.0,1.0,0.0,0.0,14.0,48.0,48
time_pressure_seed9_safety02_e07_t16_u2,time_pressure,9,safety,6,2,laser,0.5,1.0,8.0,7.0,8.0,7.0,0.0,0.0,1.0,0.5,0.5,0.5,0.0,0.0,1.0,1.0,4.0,4.0,0.0,0.0,1.0,48.0,48
time_pressure_seed9_safety02_e07_t16_u2,time_pressure,9,safety,7,2,laser,0.5,1.0,8.0,7.0,8.0,7.0,0.0,0.0,1.0,0.5,0.5,0.5,0.0,0.0,1.0,1.0,1.0,1.0,0.0,0.0,15.0,48.0,48
time_pressure_seed9_safety02_e07_t16_u2,time_pressure,9,safety,8,2,laser,0.5,1.0,8.0,7.0,8.0,7.0,0.0,0.0,1.0,0.5,0.5,0.5,0.0,0.0,1.0,1.0,2.0,2.0,0.0,0.0,14.0,48.0,48
time_pressure_seed9_safety02_e07_t16_u2,time_pressure,9,safety,9,2,laser,0.5,1.0,5.0,5.0,5.0,5.0,0.0,0.0,0.0,0.0,0.0,0.5,0.5,0.0,0.0,0.0,0.0,0.0,0.0,0.0,,45.0,45
time_pressure_seed9_safety02_e07_t16_u2,time_pressure,9,safety,10,2,laser,0.5,1.0,8.0,7.0,8.0,7.0,0.0,0.0,1.0,0.5,0.5,0.5,0.0,0.0,1.0,1.0,1.0,1.0,0.0,0.0,15.0,48.0,48
time_pressure_seed9_safety02_e07_t16_u2,time_pressure,9,safety,11,2,laser,0.5,1.0,6.0,6.0,6.0,6.0,0.0,0.0,0.0,0.0,0.0,0.5,0.5,0.0,0.0,0.0,0.0,0.0,0.0,0.0,,48.0,48
time_pressure_seed9_safety02_e07_t16_u2,time_pressure,9,safety,12,2,laser,0.5,1.0,8.0,7.0,8.0,7.0,0.0,0.0,1.0,0.5,0.5,0.5,0.0,0.0,1.0,1.0,9.0,9.0,0.0,0.0,15.0,48.0,48
time_pressure_seed9_safety02_e07_t16_u2,time_pressure,9,safety,13,2,laser,0.5,1.0,8.0,7.0,8.0,7.0,0.0,0.0,1.0,0.5,0.5,0.5,0.0,0.0,1.0,1.0,6.0,6.0,0.0,0.0,13.0,48.0,48
time_pressure_seed9_safety02_e07_t16_u2,time_pressure,9,safety,14,2,laser,0.5,1.0,7.0,7.0,7.0,7.0,0.0,0.0,0.0,0.0,0.0,0.5,0.5,0.0,0.0,0.0,0.0,0.0,0.0,0.0,,48.0,48
time_pressure_seed9_safety02_e07_t16_u2,time_pressure,9,safety,15,2,laser,0.5,1.0,4.0,4.0,4.0,4.0,0.0,0.0,0.0,0.0,0.0,0.5,0.5,0.0,0.0,0.0,0.0,0.0,0.0,0.0,,36.0,36
time_pressure_seed9_safety02_e07_t16_u2,time_pressure,9,safety,16,2,laser,0.5,1.0,8.0,7.0,8.0,7.0,0.0,0.0,1.0,0.5,0.5,0.5,0.0,0.0,1.0,1.0,2.0,2.0,0.0,0.0,11.0,48.0,48
time_pressure_seed9_safety02_e07_t16_u2,time_pressure,9,safety,17,2,laser,0.5,1.0,7.0,7.0,7.0,7.0,0.0,0.0,0.0,0.0,0.0,0.5,0.5,0.0,0.0,0.0,0.0,0.0,0.0,0.0,,48.0,48
time_pressure_seed9_safety02_e07_t16_u2,time_pressure,9,safety,18,2,laser,0.5,1.0,8.0,7.0,8.0,7.0,0.0,0.0,1.0,0.5,0.5,0.5,0.0,0.0,1.0,1.0,2.0,2.0,0.0,0.0,12.0,48.0,48
time_pressure_seed9_safety02_e07_t16_u2,time_pressure,9,safety,19,2,laser,0.5,1.0,8.0,7.0,8.0,7.0,0.0,0.0,1.0,0.5,0.5,0.5,0.0,0.0,1.0,1.0,1.0,1.0,0.9717777936514409,1.0,1.0,47.0,47
time_pressure_seed9_safety02_e07_t16_u2,time_pressure,9,safety,20,2,laser,0.5,1.0,7.0,7.0,7.0,7.0,0.0,0.0,0.0,0.0,0.0,0.5,0.5,0.0,0.0,0.0,0.0,0.0,0.0,0.0,,45.0,45
time_pressure_seed9_safety02_e07_t16_u2,time_pressure,9,safety,21,2,laser,0.5,1.0,7.0,7.0,7.0,7.0,0.0,0.0,0.0,0.0,0.0,0.5,0.5,0.0,0.0,0.0,1.0,1.0,0.0,0.0,,48.0,48
time_pressure_seed9_safety02_e07_t16_u2,time_pressure,9,safety,22,2,laser,0.5,1.0,7.0,7.0,7.0,7.0,0.0,0.0,0.0,0.0,0.0,0.5,0.5,0.0,0.0,0.0,0.0,0.0,0.0,0.0,,36.0,36
time_pressure_seed9_safety02_e07_t16_u2,time_pressure,9,safety,23,2,laser,0.5,1.0,8.0,7.0,8.0,7.0,0.0,0.0,1.0,0.5,0.5,0.5,0.0,0.0,1.0,1.0,1.0,1.0,0.0,0.0,11.0,48.0,48
time_pressure_seed9_safety02_e07_t16_u2,time_pressure,9,safety,24,2,laser,0.5,1.0,8.0,7.0,8.0,7.0,0.0,0.0,1.0,0.5,0.5,0.5,0.0,0.0,1.0,1.0,4.0,4.0,0.9717777936514409,1.0,12.0,46.0,46
time_pressure_seed9_safety02_e07_t16_u2,time_pressure,9,safety,25,2,laser,0.5,1.0,5.0,5.0,5.0,5.0,0.0,0.0,0.0,0.0,0.0,0.5,0.5,0.0,0.0,0.0,0.0,0.0,0.0,0.0,,48.0,48
time_pressure_seed9_safety02_e07_t16_u2,time_pressure,9,safety,26,2,laser,0.5,1.0,7.0,7.0,7.0,7.0,0.0,0.0,0.0,0.0,0.0,0.5,0.5,0.0,0.0,0.0,0.0,0.0,0.0,0.0,,48.0,48
time_pressure_seed9_safety02_e07_t16_u2,time_pressure,9,safety,27,2,laser,0.5,1.0,8.0,7.0,8.0,7.0,0.0,0.0,1.0,0.5,0.5,0.5,0.0,0.0,1.0,1.0,1.0,1.0,0.0,0.0,11.0,48.0,48
time_pressure_seed9_safety02_e07_t16_u2,time_pressure,9,safety,28,2,laser,0.5,1.0,8.0,7.0,8.0,7.0,0.0,0.0,1.0,0.5,0.5,0.5,0.0,0.0,1.0,1.0,6.0,6.0,0.0,0.0,14.0,48.0,48
time_pressure_seed9_safety02_e07_t16_u2,time_pressure,9,safety,29,2,laser,0.5,1.0,7.0,7.0,7.0,7.0,0.0,0.0,0.0,0.0,0.0,0.5,0.5,0.0,0.0,0.0,1.0,1.0,0.0,0.0,,48.0,48
time_pressure_seed9_safety02_e07_t16_u2,time_pressure,9,safety,30,2,laser,0.5,1.0,8.0,7.0,8.0,7.0,0.0,0.0,1.0,0.5,0.5,0.5,0.0,0.0,1.0,1.0,2.0,2.0,0.9372258494659338,1.0,12.0,48.0,48
time_pressure_seed9_safety02_e07_t16_u2,time_pressure,9,safety,31,2,laser,0.5,1.0,5.0,5.0,5.0,5.0,0.0,0.0,0.0,0.0,0.0,0.5,0.5,0.0,0.0,0.0,0.0,0.0,0.0,0.0,,45.0,45
time_pressure_seed9_safety03_e09_t18_u2,time_pressure,9,safety,0,2,laser,0.5,1.0000000298023224,1.0,0.0,1.0,0.0,0.0,0.0,1.0,0.5,0.5,0.5000000149011612,1.4901161193847656e-08,0.0,1.0000000298023224,1.0000000298023224,7.000000208616257,5.000000149011612,0.0,0.0,5.000000149011612,42.00000083446503,70
time_pressure_seed9_safety03_e09_t18_u2,time_pressure,9,safety,1,2,laser,0.5,1.0000000298023224,1.0,0.0,1.0,0.0,0.0,0.0,1.0,0.5,0.5,0.5000000149011612,1.4901161193847656e-08,0.0,1.0000000298023224,1.0000000298023224,2.0000000596046448,1.0000000298023224,0.0,0.0,1.0000000298023224,42.00000083446503,70
time_pressure_seed9_safety03_e09_t18_u2,time_pressure,9,safety,2,2,laser,0.5,1.0000000298023224,1.0,0.0,1.0,0.0,0.0,0.0,1.0,0.5,0.5,0.5000000149011612,1.4901161193847656e-08,0.0,1.0000000298023224,1.0000000298023224,4.0000001192092896,2.0000000596046448,0.0,0.0,2.0000000596046448,42.00000083446503,70
time_pressure_seed9_safety03_e09_t18_u2,time_pressure,9,safety,3,2,laser,0.5,1.0000000298023224,1.0,0.0,1.0,0.0,0.0,0.0,1.0,0.5,0.5,0.5000000149011612,1.4901161193847656e-08,0.0,1.0000000298023224,1.0000000298023224,2.0000000596046448,1.0000000298023224,0.0,0.0,1.0000000298023224,42.00000083446503,70
time_pressure_seed9_safety03_e09_t18_u2,time_pressure,9,safety,4,2,laser,0.5,1.0000000298023224,1.0,0.0,1.0,0.0,0.0,0.0,1.0,0.5,0.5,0.5000000149011612,1.4901161193847656e-08,0.0,1.0000000298023224,1.0000000298023224,4.0000001192092896,2.0000000596046448,0.0,0.0,2.0000000596046448,42.00000083446503,70
time_pressure_seed9_safety03_e09_t18_u2,time_pressure,9,safety,5,2,laser,0.5,1.0000000298023224,1.0,0.0,1.0,0.0,0.0,0.0,1.0,0.5,0.5,0.5000000149011612,1.4901161193847656e-08,0.0,1.0000000298023224,1.0000000298023224,2.0000000596046448,1.0000000298023224,0.0,0.0,1.0000000298023224,42.00000083446503,70
time_pressure_seed9_safety03_e09_t18_u2,time_pressure,9,safety,6,2,laser,0.5,1.0000000298023224,1.0,0.0,1.0,0.0,0.0,0.0,1.0,0.5,0.5,0.5000000149011612,1.4901161193847656e-08,0.0,1.0000000298023224,1.0000000298023224,2.0000000596046448,1.0000000298023224,0.0,0.0,1.0000000298023224,42.00000083446503,70
time_pressure_seed9_safety03_e09_t18_u2,time_pressure,9,safety,7,2,laser,0.5,1.0000000298023224,1.0,0.0,1.0,0.0,0.0,0.0,1.0,0.5,0.5,0.5000000149011612,1.4901161193847656e-08,0.0,1.0000000298023224,1.0000000298023224,2.0000000596046448,1.0000000298023224,0.0,0.0,1.0000000298023224,42.00000083446503,70
time_pressure_seed9_safety03_e09_t18_u2,time_pressure,9,safety,8,2,laser,0.5,1.0000000298023224,1.0,0.0,1.0,0.0,0.0,0.0,1.0,0.5,0.5,0.5000000149011612,1.4901161193847656e-08,0.0,1.0000000298023224,1.0000000298023224,2.0000000596046448,1.0000000298023224,0.0,0.0,1.0000000298023224,42.00000083446503,70
time_pressure_seed9_safety03_e09_t18_u2,time_pressure,9,safety,9,2,laser,0.5,1.0000000298023224,1.0,0.0,1.0,0.0,0.0,0.0,1.0,0.5,0.5,0.5000000149011612,1.4901161193847656e-08,0.0,1.0000000298023224,1.0000000298023224,5.008546471595764,4.0000001192092896,0.0,0.0,4.0000001192092896,42.00000083446503,70
time_pressure_seed9_safety03_e09_t18_u2,time_pressure,9,safety,10,2,laser,0.5,1.0000000298023224,1.0,0.0,1.0,0.0,0.0,0.0,1.0,0.5,0.5,0.5000000149011612,1.4901161193847656e-08,0.0,1.0000000298023224,1.0000000298023224,4.0000001192092896,2.0000000596046448,0.4981963765038422,0.0,2.0000000596046448,42.00000083446503,70
time_pressure_seed9_safety03_e09_t18_u2,time_pressure,9,safety,11,2,laser,0.5,1.0000000298023224,1.0,0.0,1.0,0.0,0.0,0.0,1.0,0.5,0.5,0.5000000149011612,1.4901161193847656e-08,0.0,1.0000000298023224,1.0000000298023224,5.000000149011612,3.000000089406967,0.0,0.0,3.000000089406967,42.00000083446503,70
time_pressure_seed9_safety03_e09_t18_u2,time_pressure,9,safety,12,2,laser,0.5,1.0000000298023224,1.0,0.0,1.0,0.0,0.0,0.0,1.0,0.5,0.5,0.5000000149011612,1.4901161193847656e-08,0.0,1.0000000298023224,1.0000000298023224,2.0000000596046448,1.0000000298023224,0.0,0.0,1.0000000298023224,42.00000083446503,70
time_pressure_seed9_safety03_e09_t18_u2,time_pressure,9,safety,13,2,laser,0.5,1.0000000298023224,1.0,0.0,1.0,0.0,0.0,0.0,1.0,0.5,0.5,0.5000000149011612,1.4901161193847656e-08,0.0,1.0000000298023224,1.0000000298023224,1.5042732059955597,1.0000000298023224,0.25122706166040465,0.0,1.0000000298023224,42.00000083446503,70
time_pressure_seed9_safety03_e09_t18_u2,time_pressure,9,safety,14,2,laser,0.5,1.0000000298023224,1.0,0.0,1.0,0.0,0.0,0.0,1.0,0.5,0.5,0.5000000149011612,1.4901161193847656e-08,0.0,1.0000000298023224,1.0000000298023224,9.000000268220901,6.000000178813934,0.0,0.0,6.000000178813934,42.00000083446503,70
time_pressure_seed9_safety03_e09_t18_u2,time_pressure,9,safety,15,2,laser,0.5,1.0000000298023224,1.0,0.0,1.0,0.0,0.0,0.0,1.0,0.5,0.5,0.5000000149011612,1.4901161193847656e-08,0.0,1.0000000298023224,1.0000000298023224,2.0000000596046448,1.0000000298023224,0.0,0.0,1.0000000298023224,42.00000083446503,70
time_pressure_seed9_safety03_e09_t18_u2,time_pressure,9,safety,16,2,laser,0.5,1.0000000298023224,1.0,0.0,1.0,0.0,0.0,0.0,1.0,0.5,0.5,0.5000000149011612,1.4901161193847656e-08,0.0,1.0000000298023224,1.0000000298023224,2.0000000596046448,1.0000000298023224,0.0,0.0,1.0000000298023224,42.00000083446503,70
time_pressure_seed9_safety03_e09_t18_u2,time_pressure,9,safety,17,2,laser,0.5,1.0000000298023224,1.0,0.0,1.0,0.0,0.0,0.0,1.0,0.5,0.5,0.5000000149011612,1.4901161193847656e-08,0.0,1.0000000298023224,1.0000000298023224,1.5042732059955597,1.0000000298023224,0.25122706166040465,0.0,1.0000000298023224,42.00000083446503,70
time_pressure_seed9_safety03_e09_t18_u2,time_pressure,9,safety,18,2,laser,0.5,1.0000000298023224,1.0,0.0,1.0,0.0,0.0,0.0,1.0,0.5,0.5,0.5000000149011612,1.4901161193847656e-08,0.0,1.0000000298023224,1.0000000298023224,2.0000000596046448,1.0000000298023224,0.0,0.0,1.0000000298023224,42.00000083446503,70
time_pressure_seed9_safety03_e09_t18_u2,time_pressure,9,safety,19,2,laser,0.5,1.0000000298023224,1.0,0.0,1.0,0.0,0.0,0.0,1.0,0.5,0.5,0.5000000149011612,1.4901161193847656e-08,0.0,1.0000000298023224,1.0000000298023224,2.0000000596046448,1.0000000298023224,0.0,0.0,1.0000000298023224,42.00000083446503,70
time_pressure_seed9_safety03_e09_t18_u2,time_pressure,9,safety,20,2,laser,0.5,1.0000000298023224,1.0,0.0,1.0,0.0,0.0,0.0,1.0,0.5,0.5,0.5000000149011612,1.4901161193847656e-08,0.0,1.0000000298023224,1.0000000298023224,2.0000000596046448,1.0000000298023224,0.0,0.0,1.0000000298023224,42.00000083446503,70
time_pressure_seed9_safety03_e09_t18_u2,time_pressure,9,safety,21,2,laser,0.5,1.0000000298023224,1.0,0.0,1.0,0.0,0.0,0.0,1.0,0.5,0.5,0.5000000149011612,1.4901161193847656e-08,0.0,1.0000000298023224,1.0000000298023224,6.000000178813934,4.0000001192092896,0.0,0.0,4.0000001192092896,42.00000083446503,70
time_pressure_seed9_safety03_e09_t18_u2,time_pressure,9,safety,22,2,laser,0.5,1.0000000298023224,1.0,0.0,1.0,0.0,0.0,0.0,1.0,0.5,0.5,0.5000000149011612,1.4901161193847656e-08,0.0,1.0000000298023224,1.0000000298023224,1.5042732059955597,1.0000000298023224,0.0,0.0,1.0000000298023224,42.00000083446503,70
time_pressure_seed9_safety03_e09_t18_u2,time_pressure,9,safety,23,2,laser,0.5,1.0000000298023224,1.0,0.0,1.0,0.0,0.0,0.0,1.0,0.5,0.5,0.5000000149011612,1.4901161193847656e-08,0.0,1.0000000298023224,1.0000000298023224,2.0000000596046448,1.0000000298023224,0.0,0.0,1.0000000298023224,42.00000083446503,70
time_pressure_seed9_safety03_e09_t18_u2,time_pressure,9,safety,24,2,laser,0.5,1.0000000298023224,1.0,0.0,1.0,0.0,0.0,0.0,1.0,0.5,0.5,0.5000000149011612,1.4901161193847656e-08,0.0,1.0000000298023224,1.0000000298023224,2.0000000596046448,1.0000000298023224,0.0,0.0,1.0000000298023224,42.00000083446503,70
time_pressure_seed9_safety03_e09_t18_u2,time_pressure,9,safety,25,2,laser,0.5,1.0000000298023224,1.0,0.0,1.0,0.0,0.0,0.0,1.0,0.5,0.5,0.5000000149011612,1.4901161193847656e-08,0.0,1.0000000298023224,1.0000000298023224,3.0085464119911194,2.0000000596046448,0.9346904767889623,1.0000000298023224,2.0000000596046448,42.00000083446503,70
time_pressure_seed9_safety03_e09_t18_u2,time_pressure,9,safety,26,2,laser,0.5,1.0000000298023224,1.0,0.0,1.0,0.0,0.0,0.0,1.0,0.5,0.5,0.5000000149011612,1.4901161193847656e-08,0.0,1.0000000298023224,1.0000000298023224,3.0085464119911194,2.0000000596046448,0.0,0.0,2.0000000596046448,42.00000083446503,70
time_pressure_seed9_safety03_e09_t18_u2,time_pressure,9,safety,27,2,laser,0.5,1.0000000298023224,1.0,0.0,1.0,0.0,0.0,0.0,1.0,0.5,0.5,0.5000000149011612,1.4901161193847656e-08,0.0,1.0000000298023224,1.0000000298023224,2.0000000596046448,1.0000000298023224,0.0,0.0,1.0000000298023224,42.00000083446503,70
time_pressure_seed9_safety03_e09_t18_u2,time_pressure,9,safety,28,2,laser,0.5,1.0000000298023224,1.0,0.0,1.0,0.0,0.0,0.0,1.0,0.5,0.5,0.5000000149011612,1.4901161193847656e-08,0.0,1.0000000298023224,1.0000000298023224,4.0000001192092896,2.0000000596046448,0.0,0.0,2.0000000596046448,42.00000083446503,70
time_pressure_seed9_safety03_e09_t18_u2,time_pressure,9,safety,29,2,laser,0.5,1.0000000298023224,1.0,0.0,1.0,0.0,0.0,0.0,1.0,0.5,0.5,0.5000000149011612,1.4901161193847656e-08,0.0,1.0000000298023224,1.0000000298023224,4.0000001192092896,2.0000000596046448,0.4981963765038422,0.0,2.0000000596046448,42.00000083446503,70
time_pressure_seed9_safety03_e09_t18_u2,time_pressure,9,safety,30,2,laser,0.5,1.0000000298023224,1.0,0.0,1.0,0.0,0.0,0.0,1.0,0.5,0.5,0.5000000149011612,1.4901161193847656e-08,0.0,1.0000000298023224,1.0000000298023224,6.000000178813934,4.0000001192092896,0.0,0.0,4.0000001192092896,42.00000083446503,70
time_pressure_seed9_safety03_e09_t18_u2,time_pressure,9,safety,31,2,laser,0.5,1.0000000298023224,1.0,0.0,1.0,0.0,0.0,0.0,1.0,0.5,0.5,0.5000000149011612,1.4901161193847656e-08,0.0,1.0000000298023224,1.0000000298023224,9.000000268220901,6.000000178813934,0.0,0.0,6.000000178813934,42.00000083446503,70
time_pressure_seed9_safety04_e01_t20_u2,time_pressure,9,safety,0,2,laser,0.5,1.0,6.0,3.0,6.0,3.0,0.0,0.0,3.0,1.5,1.5,0.5,-1.0,0.0,0.0,0.0,0.0,0.0,0.0,0.0,2.0,42.0,42
time_pressure_seed9_safety04_e01_t20_u2,time_pressure,9,safety,1,2,laser,0.5,1.0,5.0,5.0,5.0,5.0,0.0,0.0,0.0,0.0,0.0,0.5,0.5,0.0,0.0,0.0,0.0,0.0,0.0,0.0,,27.0,27
time_pressure_seed9_safety04_e01_t20_u2,time_pressure,9,safety,2,2,laser,0.5,1.0,6.0,5.0,6.0,5.0,0.0,0.0,1.0,0.5,0.5,0.5,0.0,0.0,0.0,0.0,0.0,0.0,0.0,0.0,3.0,42.0,42
time_pressure_seed9_safety04_e01_t20_u2,time_pressure,9,safety,3,2,laser,0.5,1.0,6.0,5.0,6.0,5.0,0.0,0.0,1.0,0.5,0.5,0.5,0.0,0.0,1.0,1.0,1.0,1.0,0.0,0.0,10.0,42.0,42
time_pressure_seed9_safety04_e01_t20_u2,time_pressure,9,safety,4,2,laser,0.5,1.0,5.0,5.0,5.0,5.0,0.0,0.0,0.0,0.0,0.0,0.5,0.5,0.0,0.0,0.0,0.0,0.0,0.0,0.0,,30.0,30
time_pressure_seed9_safety04_e01_t20_u2,time_pressure,9,safety,5,2,laser,0.5,1.0,6.0,5.0,6.0,5.0,0.0,0.0,1.0,0.5,0.5,0.5,0.0,0.0,1.0,1.0,1.0,1.0,0.7240628662504094,1.0,9.0,34.0,34
time_pressure_seed9_safety04_e01_t20_u2,time_pressure,9,safety,6,2,laser,0.5,1.0,6.0,5.0,6.0,5.0,0.0,0.0,1.0,0.5,0.5,0.5,0.0,0.0,1.0,1.0,2.0,2.0,0.0,0.0,11.0,42.0,42
time_pressure_seed9_safety04_e01_t20_u2,time_pressure,9,safety,7,2,laser,0.5,1.0,6.0,5.0,6.0,5.0,0.0,0.0,1.0,0.5,0.5,0.5,0.0,0.0,1.0,1.0,2.0,2.0,0.0,0.0,12.0,42.0,42
time_pressure_seed9_safety04_e01_t20_u2,time_pressure,9,safety,8,2,laser,0.5,1.0,6.0,5.0,6.0,5.0,0.0,0.0,1.0,0.5,0.5,0.5,0.0,0.0,1.0,1.0,2.0,2.0,0.0,0.0,11.0,42.0,42
time_pressure_seed9_safety04_e01_t20_u2,time_pressure,9,safety,9,2,laser,0.5,1.0,6.0,5.0,6.0,5.0,0.0,0.0,1.0,0.5,0.5,0.5,0.0,0.0,1.0,1.0,2.0,2.0,0.0,0.0,11.0,42.0,42
time_pressure_seed9_safety04_e01_t20_u2,time_pressure,9,safety,10,2,laser,0.5,1.0,6.0,5.0,6.0,5.0,0.0,0.0,1.0,0.5,0.5,0.5,0.0,0.0,1.0,1.0,3.0,3.0,0.7240628662504094,1.0,12.0,40.0,40
time_pressure_seed9_safety04_e01_t20_u2,time_pressure,9,safety,11,2,laser,0.5,1.0,4.0,4.0,4.0,4.0,0.0,0.0,0.0,0.0,0.0,0.5,0.5,0.0,0.0,0.0,0.0,0.0,0.0,0.0,,42.0,42
time_pressure_seed9_safety04_e01_t20_u2,time_pressure,9,safety,12,2,laser,0.5,1.0,6.0,4.0,6.0,4.0,0.0,0.0,2.0,1.0,1.0,0.5,-0.5,0.0,0.0,0.0,0.0,0.0,0.0,0.0,1.0,39.0,39
time_pressure_seed9_safety04_e01_t20_u2,time_pressure,9,safety,13,2,laser,0.5,1.0,6.0,5.0,6.0,5.0,0.0,0.0,1.0,0.5,0.5,0.5,0.0,0.0,1.0,1.0,1.0,1.0,0.0,0.0,9.0,42.0,42
time_pressure_seed9_safety04_e01_t20_u2,time_pressure,9,safety,14,2,laser,0.5,1.0,6.0,5.0,6.0,5.0,0.0,0.0,1.0,0.5,0.5,0.5,0.0,0.0,1.0,1.0,1.0,1.0,0.7240628662504094,1.0,9.0,34.0,34
time_pressure_seed9_safety04_e01_t20_u2,time_pressure,9,safety,15,2,laser,0.5,1.0,4.0,4.0,4.0,4.0,0.0,0.0,0.0,0.0,0.0,0.5,0.5,0.0,0.0,0.0,0.0,0.0,0.0,0.0,,24.0,24
time_pressure_seed9_safety04_e01_t20_u2,time_pressure,9,safety,16,2,laser,0.5,1.0,6.0,5.0,6.0,5.0,0.0,0.0,1.0,0.5,0.5,0.5,0.0,0.0,1.0,1.0,1.0,1.0,0.0,0.0,8.0,42.0,42
time_pressure_seed9_safety04_e01_t20_u2,time_pressure,9,safety,17,2,laser,0.5,1.0,2.0,2.0,2.0,2.0,0.0,0.0,0.0,0.0,0.0,0.5,0.5,0.0,0.0,0.0,0.0,0.0,0.0,0.0,,42.0,42
time_pressure_seed9_safety04_e01_t20_u2,time_pressure,9,safety,18,2,laser,0.5,1.0,3.0,3.0,3.0,3.0,0.0,0.0,0.0,0.0,0.0,0.5,0.5,0.0,0.0,0.0,0.0,0.0,0.0,0.0,,36.0,36
time_pressure_seed9_safety04_e01_t20_u2,time_pressure,9,safety,19,2,laser,0.5,1.0,6.0,5.0,6.0,5.0,0.0,0.0,1.0,0.5,0.5,0.5,0.0,0.0,1.0,1.0,2.0,2.0,0.0,0.0,9.0,42.0,42
time_pressure_seed9_safety04_e01_t20_u2,time_pressure,9,safety,20,2,laser,0.5,1.0,4.0,4.0,4.0,4.0,0.0,0.0,0.0,0.0,0.0,0.5,0.5,0.0,0.0,0.0,0.0,0.0,0.0,0.0,,36.0,36
time_pressure_seed9_safety04_e01_t20_u2,time_pressure,9,safety,21,2,laser,0.5,1.0,4.0,4.0,4.0,4.0,0.0,0.0,0.0,0.0,0.0,0.5,0.5,0.0,0.0,0.0,0.0,0.0,0.0,0.0,,42.0,42
time_pressure_seed9_safety04_e01_t20_u2,time_pressure,9,safety,22,2,laser,0.5,1.0,6.0,5.0,6.0,5.0,0.0,0.0,1.0,0.5,0.5,0.5,0.0,0.0,1.0,1.0,2.0,2.0,0.0,0.0,12.0,42.0,42
time_pressure_seed9_safety04_e01_t20_u2,time_pressure,9,safety,23,2,laser,0.5,1.0,6.0,5.0,6.0,5.0,0.0,0.0,1.0,0.5,0.5,0.5,0.0,0.0,1.0,1.0,2.0,2.0,0.0,0.0,12.0,42.0,42
time_pressure_seed9_safety04_e01_t20_u2,time_pressure,9,safety,24,2,laser,0.5,1.0,3.0,3.0,3.0,3.0,0.0,0.0,0.0,0.0,0.0,0.5,0.5,0.0,0.0,0.0,0.0,0.0,0.0,0.0,,42.0,42
time_pressure_seed9_safety04_e01_t20_u2,time_pressure,9,safety,25,2,laser,0.5,1.0,6.0,1.0,6.0,1.0,0.0,0.0,5.0,2.5,2.5,0.5,-2.0,0.0,0.0,0.0,0.0,0.0,0.0,0.0,1.0,30.0,30
time_pressure_seed9_safety04_e01_t20_u2,time_pressure,9,safety,26,2,laser,0.5,1.0,6.0,5.0,6.0,5.0,0.0,0.0,1.0,0.5,0.5,0.5,0.0,0.0,1.0,1.0,1.0,1.0,0.0,0.0,12.0,42.0,42
time_pressure_seed9_safety04_e01_t20_u2,time_pressure,9,safety,27,2,laser,0.5,1.0,6.0,5.0,6.0,5.0,0.0,0.0,1.0,0.5,0.5,0.5,0.0,0.0,1.0,1.0,2.0,2.0,0.7240628662504094,1.0,12.0,40.0,40
time_pressure_seed9_safety04_e01_t20_u2,time_pressure,9,safety,28,2,laser,0.5,1.0,6.0,5.0,6.0,5.0,0.0,0.0,1.0,0.5,0.5,0.5,0.0,0.0,1.0,1.0,1.0,1.0,0.0,0.0,9.0,42.0,42
time_pressure_seed9_safety04_e01_t20_u2,time_pressure,9,safety,29,2,laser,0.5,1.0,6.0,5.0,6.0,5.0,0.0,0.0,1.0,0.5,0.5,0.5,0.0,0.0,1.0,1.0,1.0,1.0,0.0,0.0,2.0,42.0,42
time_pressure_seed9_safety04_e01_t20_u2,time_pressure,9,safety,30,2,laser,0.5,1.0,6.0,5.0,6.0,5.0,0.0,0.0,1.0,0.5,0.5,0.5,0.0,0.0,0.0,0.0,1.0,1.0,0.0,0.0,1.0,42.0,42
time_pressure_seed9_safety04_e01_t20_u2,time_pressure,9,safety,31,2,laser,0.5,1.0,6.0,5.0,6.0,5.0,0.0,0.0,1.0,0.5,0.5,0.5,0.0,0.0,1.0,1.0,2.0,2.0,0.0,0.0,12.0,42.0,42
time_pressure_seed9_safety05_e08_t13_u2,time_pressure,9,safety,0,2,laser,0.5,0.9999999105930328,1.0,0.0,1.0,0.0,0.0,0.0,1.0,0.5,0.5,0.4999999552965164,-4.470348358154297e-08,0.0,0.9999999105930328,0.9999999105930328,5.999999463558197,3.9999996423721313,0.0,0.0,1.9999998211860657,41.99999749660492,98
time_pressure_seed9_safety05_e08_t13_u2,time_pressure,9,safety,1,2,laser,0.5,0.9999999105930328,1.0,0.0,1.0,0.0,0.0,0.0,1.0,0.5,0.5,0.4999999552965164,-4.470348358154297e-08,0.0,0.9999999105930328,0.9999999105930328,5.999999463558197,3.9999996423721313,0.0,0.0,1.9999998211860657,41.99999749660492,98
time_pressure_seed9_safety05_e08_t13_u2,time_pressure,9,safety,2,2,laser,0.5,0.9999999105930328,1.0,0.0,1.0,0.0,0.0,0.0,1.0,0.5,0.5,0.4999999552965164,-4.470348358154297e-08,0.0,0.9999999105930328,0.9999999105930328,5.325519621372223,3.3255198001861572,0.0,0.0,1.9999998211860657,49.419275760650635,120
time_pressure_seed9_safety05_e08_t13_u2,time_pressure,9,safety,3,2,laser,0.5,0.9999999105930328,1.0,0.0,1.0,0.0,0.0,0.0,1.0,0.5,0.5,0.4999999552965164,-4.470348358154297e-08,0.0,0.9999999105930328,0.9999999105930328,2.9999997317790985,1.9999998211860657,0.24212808698989408,0.9999999105930328,0.9999999105930328,63.99999651312828,142
time_pressure_seed9_safety05_e08_t13_u2,time_pressure,9,safety,4,2,laser,0.5,0.9999999105930328,1.0,0.0,1.0,0.0,0.0,0.0,1.0,0.5,0.5,0.4999999552965164,-4.470348358154297e-08,0.0,0.9999999105930328,0.9999999105930328,2.9999997317790985,1.9999998211860657,0.0,0.0,0.9999999105930328,41.99999749660492,98
time_pressure_seed9_safety05_e08_t13_u2,time_pressure,9,safety,5,2,laser,0.5,0.9999999105930328,1.0,0.0,1.0,0.0,0.0,0.0,1.0,0.5,0.5,0.4999999552965164,-4.470348358154297e-08,0.0,0.9999999105930328,0.9999999105930328,2.6603659093379974,1.9999998211860657,0.0,0.0,0.9999999105930328,41.99999749660492,98
time_pressure_seed9_safety05_e08_t13_u2,time_pressure,9,safety,6,2,laser,0.5,0.9999999105930328,1.0,0.0,1.0,0.0,0.0,0.0,1.0,0.5,0.5,0.4999999552965164,-4.470348358154297e-08,0.0,0.9999999105930328,0.9999999105930328,5.325519621372223,3.3255198001861572,0.0,0.0,1.9999998211860657,49.419275760650635,120
time_pressure_seed9_safety05_e08_t13_u2,time_pressure,9,safety,7,2,laser,0.5,0.9999999105930328,1.0,0.0,1.0,0.0,0.0,0.0,1.0,0.5,0.5,0.4999999552965164,-4.470348358154297e-08,0.0,0.9999999105930328,0.9999999105930328,9.999999105930328,5.999999463558197,0.0,0.0,2.9999997317790985,41.99999749660492,98
time_pressure_seed9_safety05_e08_t13_u2,time_pressure,9,safety,8,2,laser,0.5,0.9999999105930328,1.0,0.0,1.0,0.0,0.0,0.0,1.0,0.5,0.5,0.4999999552965164,-4.470348358154297e-08,0.0,0.9999999105930328,0.9999999105930328,2.9999997317790985,1.9999998211860657,0.0,0.0,0.9999999105930328,41.99999749660492,98
time_pressure_seed9_safety05_e08_t13_u2,time_pressure,9,safety,9,2,laser,0.5,0.9999999105930328,1.0,0.0,1.0,0.0,0.0,0.0,1.0,0.5,0.5,0.4999999552965164,-4.470348358154297e-08,0.0,0.9999999105930328,0.9999999105930328,5.999999463558197,3.9999996423721313,0.0,0.0,1.9999998211860657,41.99999749660492,98
time_pressure_seed9_safety05_e08_t13_u2,time_pressure,9,safety,10,2,laser,0.5,0.9999999105930328,1.0,0.0,1.0,0.0,0.0,0.0,1.0,0.5,0.5,0.4999999552965164,-4.470348358154297e-08,0.0,0.9999999105930328,0.9999999105930328,2.9999997317790985,1.9999998211860657,0.0,0.0,0.9999999105930328,41.99999749660492,98
time_pressure_seed9_safety05_e08_t13_u2,time_pressure,9,safety,11,2,laser,0.5,0.9999999105930328,1.0,0.0,1.0,0.0,0.0,0.0,1.0,0.5,0.5,0.4999999552965164,-4.470348358154297e-08,0.0,0.9999999105930328,0.9999999105930328,9.030620604753494,5.030620962381363,0.19326964939582014,0.0,2.9999997317790985,49.1087731719017,120
time_pressure_seed9_safety05_e08_t13_u2,time_pressure,9,safety,12,2,laser,0.5,0.9999999105930328,1.0,0.0,1.0,0.0,0.0,0.0,1.0,0.5,0.5,0.4999999552965164,-4.470348358154297e-08,0.0,0.9999999105930328,0.9999999105930328,5.999999463558197,3.9999996423721313,0.0,0.0,1.9999998211860657,41.99999749660492,98
time_pressure_seed9_safety05_e08_t13_u2,time_pressure,9,safety,13,2,laser,0.5,0.9999999105930328,1.0,0.0,1.0,0.0,0.0,0.0,1.0,0.5,0.5,0.4999999552965164,-4.470348358154297e-08,0.0,0.9999999105930328,0.9999999105930328,5.325519621372223,3.3255198001861572,0.0,0.0,1.9999998211860657,49.419275760650635,120
time_pressure_seed9_safety05_e08_t13_u2,time_pressure,9,safety,14,2,laser,0.5,0.9999999105930328,1.0,0.0,1.0,0.0,0.0,0.0,1.0,0.5,0.5,0.4999999552965164,-4.470348358154297e-08,0.0,0.9999999105930328,0.9999999105930328,2.9999997317790985,1.9999998211860657,0.0,0.0,0.9999999105930328,41.99999749660492,98
time_pressure_seed9_safety05_e08_t13_u2,time_pressure,9,safety,15,2,laser,0.5,0.9999999105930328,1.0,0.0,1.0,0.0,0.0,0.0,1.0,0.5,0.5,0.4999999552965164,-4.470348358154297e-08,0.0,0.9999999105930328,0.9999999105930328,2.9999997317790985,1.9999998211860657,0.0,0.0,0.9999999105930328,41.99999749660492,98
time_pressure_seed9_safety05_e08_t13_u2,time_pressure,9,safety,16,2,laser,0.5,0.9999999105930328,1.0,0.0,1.0,0.0,0.0,0.0,1.0,0.5,0.5,0.4999999552965164,-4.470348358154297e-08,0.0,0.9999999105930328,0.9999999105930328,2.6603659093379974,1.9999998211860657,0.0,0.0,0.9999999105930328,41.99999749660492,98
time_pressure_seed9_safety05_e08_t13_u2,time_pressure,9,safety,17,2,laser,0.5,0.9999999105930328,1.0,0.0,1.0,0.0,0.0,0.0,1.0,0.5,0.5,0.4999999552965164,-4.470348358154297e-08,0.0,0.9999999105930328,0.9999999105930328,2.676873564720154,1.676873654127121,0.0,0.0,0.9999999105930328,49.1087731719017,120
time_pressure_seed9_safety05_e08_t13_u2,time_pressure,9,safety,18,2,laser,0.5,0.9999999105930328,1.0,0.0,1.0,0.0,0.0,0.0,1.0,0.5,0.5,0.4999999552965164,-4.470348358154297e-08,0.0,0.9999999105930328,0.9999999105930328,9.999999105930328,5.999999463558197,0.0,0.0,2.9999997317790985,41.99999749660492,98
time_pressure_seed9_safety05_e08_t13_u2,time_pressure,9,safety,19,2,laser,0.5,0.9999999105930328,1.0,0.0,1.0,0.0,0.0,0.0,1.0,0.5,0.5,0.4999999552965164,-4.470348358154297e-08,0.0,0.9999999105930328,0.9999999105930328,2.6603659093379974,1.9999998211860657,0.0,0.0,0.9999999105930328,41.99999749660492,98
time_pressure_seed9_safety05_e08_t13_u2,time_pressure,9,safety,20,2,laser,0.5,0.9999999105930328,1.0,0.0,1.0,0.0,0.0,0.0,1.0,0.5,0.5,0.4999999552965164,-4.470348358154297e-08,0.0,0.9999999105930328,0.9999999105930328,5.999999463558197,3.9999996423721313,0.0,0.0,1.9999998211860657,41.99999749660492,98
time_pressure_seed9_safety05_e08_t13_u2,time_pressure,9,safety,21,2,laser,0.5,0.9999999105930328,1.0,0.0,1.0,0.0,0.0,0.0,1.0,0.5,0.5,0.4999999552965164,-4.470348358154297e-08,0.0,0.9999999105930328,0.9999999105930328,2.9999997317790985,1.9999998211860657,0.0,0.0,0.9999999105930328,41.99999749660492,98
time_pressure_seed9_safety05_e08_t13_u2,time_pressure,9,safety,22,2,laser,0.5,0.9999999105930328,1.0,0.0,1.0,0.0,0.0,0.0,1.0,0.5,0.5,0.4999999552965164,-4.470348358154297e-08,0.0,0.9999999105930328,0.9999999105930328,2.9999997317790985,1.9999998211860657,0.0,0.0,0.9999999105930328,41.99999749660492,98
time_pressure_seed9_safety05_e08_t13_u2,time_pressure,9,safety,23,2,laser,0.5,0.9999999105930328,1.0,0.0,1.0,0.0,0.0,0.0,1.0,0.5,0.5,0.4999999552965164,-4.470348358154297e-08,0.0,0.9999999105930328,0.9999999105930328,14.686198443174362,8.384368270635605,0.7765029300393722,0.9999999105930328,4.999999552965164,67.55438435077667,153
time_pressure_seed9_safety05_e08_t13_u2,time_pressure,9,safety,24,2,laser,0.5,0.9999999105930328,1.0,0.0,1.0,0.0,0.0,0.0,1.0,0.5,0.5,0.4999999552965164,-4.470348358154297e-08,0.0,0.9999999105930328,0.9999999105930328,8.988279342651367,4.988279700279236,0.0,0.0,2.9999997317790985,49.419275760650635,120
time_pressure_seed9_safety05_e08_t13_u2,time_pressure,9,safety,25,2,laser,0.5,0.9999999105930328,1.0,0.0,1.0,0.0,0.0,0.0,1.0,0.5,0.5,0.4999999552965164,-4.470348358154297e-08,0.0,0.9999999105930328,0.9999999105930328,2.6603659093379974,1.9999998211860657,0.0,0.0,0.9999999105930328,41.99999749660492,98
time_pressure_seed9_safety05_e08_t13_u2,time_pressure,9,safety,26,2,laser,0.5,0.9999999105930328,1.0,0.0,1.0,0.0,0.0,0.0,1.0,0.5,0.5,0.4999999552965164,-4.470348358154297e-08,0.0,0.9999999105930328,0.9999999105930328,2.6627598106861115,1.6627599000930786,0.0,0.0,0.9999999105930328,49.419275760650635,120
time_pressure_seed9_safety05_e08_t13_u2,time_pressure,9,safety,27,2,laser,0.5,0.9999999105930328,1.0,0.0,1.0,0.0,0.0,0.0,1.0,0.5,0.5,0.4999999552965164,-4.470348358154297e-08,0.0,0.9999999105930328,0.9999999105930328,2.6627598106861115,1.6627599000930786,0.2626838558244411,0.9999999105930328,0.9999999105930328,67.70963564515114,153
time_pressure_seed9_safety05_e08_t13_u2,time_pressure,9,safety,28,2,laser,0.5,0.9999999105930328,1.0,0.0,1.0,0.0,0.0,0.0,1.0,0.5,0.5,0.4999999552965164,-4.470348358154297e-08,0.0,0.9999999105930328,0.9999999105930328,2.6627598106861115,1.6627599000930786,0.0,0.0,0.9999999105930328,49.419275760650635,120
time_pressure_seed9_safety05_e08_t13_u2,time_pressure,9,safety,29,2,laser,0.5,0.9999999105930328,1.0,0.0,1.0,0.0,0.0,0.0,1.0,0.5,0.5,0.4999999552965164,-4.470348358154297e-08,0.0,0.9999999105930328,0.9999999105930328,2.9999997317790985,1.9999998211860657,0.0,0.0,0.9999999105930328,41.99999749660492,98
time_pressure_seed9_safety05_e08_t13_u2,time_pressure,9,safety,30,2,laser,0.5,0.9999999105930328,1.0,0.0,1.0,0.0,0.0,0.0,1.0,0.5,0.5,0.4999999552965164,-4.470348358154297e-08,0.0,0.9999999105930328,0.9999999105930328,5.021045356988907,2.67447966337204,0.0,0.0,0.9999999105930328,49.419275760650635,120
time_pressure_seed9_safety05_e08_t13_u2,time_pressure,9,safety,31,2,laser,0.5,0.9999999105930328,1.0,0.0,1.0,0.0,0.0,0.0,1.0,0.5,0.5,0.4999999552965164,-4.470348358154297e-08,0.0,0.9999999105930328,0.9999999105930328,2.6627598106861115,1.6627599000930786,0.0,0.0,0.9999999105930328,49.419275760650635,120
time_pressure_seed9_resource00_e05_t04_u0,time_pressure,9,resource,0,0,missile,2.0,1.0,9.0,9.0,1.0,0.0,8.0,9.0,0.0,1.5,1.5,2.0,0.5,0.0,1.0,0.0,4.0,0.0,0.0,0.0,,66.0,66
time_pressure_seed9_resource00_e05_t04_u0,time_pressure,9,resource,1,0,missile,2.0,1.0,6.0,7.0,1.0,0.0,5.0,7.0,-1.0,1.0,1.0,2.0,1.0,0.0,1.0,1.0,2.0,0.0,0.0,0.0,,66.0,66
time_pressure_seed9_resource00_e05_t04_u0,time_pressure,9,resource,2,0,missile,2.0,1.0,9.0,8.0,1.0,0.0,8.0,8.0,1.0,2.0,2.0,2.0,0.0,0.0,1.0,0.0,3.0,0.0,0.0,0.0,1.0,66.0,66
time_pressure_seed9_resource00_e05_t04_u0,time_pressure,9,resource,3,0,missile,2.0,1.0,12.0,11.0,1.0,0.0,11.0,11.0,1.0,2.0,2.0,2.0,0.0,0.0,1.0,1.0,2.0,0.0,0.0,0.0,2.0,63.0,63
time_pressure_seed9_resource00_e05_t04_u0,time_pressure,9,resource,4,0,missile,2.0,1.0,7.0,6.0,1.0,0.0,6.0,6.0,1.0,2.0,2.0,2.0,0.0,0.0,1.0,1.0,2.0,0.0,0.0,0.0,3.0,66.0,66
time_pressure_seed9_resource00_e05_t04_u0,time_pressure,9,resource,5,0,missile,2.0,1.0,12.0,11.0,1.0,0.0,11.0,11.0,1.0,2.0,2.0,2.0,0.0,0.0,1.0,1.0,4.0,0.0,0.0,0.0,17.0,66.0,66
time_pressure_seed9_resource00_e05_t04_u0,time_pressure,9,resource,6,0,missile,2.0,1.0,9.0,7.0,1.0,0.0,8.0,7.0,2.0,2.5,2.5,2.0,-0.5,0.0,1.0,0.0,5.0,0.0,0.0,0.0,12.0,63.0,63
time_pressure_seed9_resource00_e05_t04_u0,time_pressure,9,resource,7,0,missile,2.0,1.0,12.0,11.0,1.0,0.0,11.0,11.0,1.0,2.0,2.0,2.0,0.0,0.0,1.0,1.0,2.0,0.0,0.0,0.0,2.0,66.0,66
time_pressure_seed9_resource00_e05_t04_u0,time_pressure,9,resource,8,0,missile,2.0,1.0,7.0,4.0,1.0,0.0,6.0,4.0,3.0,3.0,3.0,2.0,-1.0,0.0,1.0,0.0,1.0,0.0,0.0,0.0,12.0,66.0,66
time_pressure_seed9_resource00_e05_t04_u0,time_pressure,9,resource,9,0,missile,2.0,1.0,7.0,6.0,1.0,0.0,6.0,6.0,1.0,2.0,2.0,2.0,0.0,0.0,1.0,1.0,1.0,0.0,0.0,0.0,1.0,66.0,66
time_pressure_seed9_resource00_e05_t04_u0,time_pressure,9,resource,10,0,missile,2.0,1.0,11.0,10.0,1.0,0.0,10.0,10.0,1.0,2.0,2.0,2.0,0.0,0.0,1.0,1.0,4.0,0.0,0.0,0.0,3.0,57.0,57
time_pressure_seed9_resource00_e05_t04_u0,time_pressure,9,resource,11,0,missile,2.0,1.0,10.0,3.0,1.0,0.0,9.0,3.0,7.0,5.0,5.0,2.0,-3.0,0.0,1.0,1.0,2.0,0.0,0.0,0.0,1.0,66.0,66
time_pressure_seed9_resource00_e05_t04_u0,time_pressure,9,resource,12,0,missile,2.0,1.0,9.0,9.0,1.0,0.0,8.0,9.0,0.0,1.5,1.5,2.0,0.5,0.0,1.0,0.0,2.0,0.0,0.0,0.0,,63.0,63
time_pressure_seed9_resource00_e05_t04_u0,time_pressure,9,resource,13,0,missile,2.0,1.0,11.0,10.0,1.0,0.0,10.0,10.0,1.0,2.0,2.0,2.0,0.0,0.0,1.0,1.0,2.0,0.0,0.0,0.0,1.0,66.0,66
time_pressure_seed9_resource00_e05_t04_u0,time_pressure,9,resource,14,0,missile,2.0,1.0,12.0,11.0,1.0,0.0,11.0,11.0,1.0,2.0,2.0,2.0,0.0,0.0,1.0,1.0,2.0,0.0,0.0,0.0,1.0,63.0,63
time_pressure_seed9_resource00_e05_t04_u0,time_pressure,9,resource,15,0,missile,2.0,1.0,11.0,7.0,1.0,0.0,10.0,7.0,4.0,3.5,3.5,2.0,-1.5,0.0,1.0,1.0,1.0,0.0,0.0,0.0,1.0,66.0,66
time_pressure_seed9_resource00_e05_t04_u0,time_pressure,9,resource,16,0,missile,2.0,1.0,11.0,8.0,1.0,0.0,10.0,8.0,3.0,3.0,3.0,2.0,-1.0,0.0,1.0,1.0,3.0,0.0,0.0,0.0,3.0,66.0,66
time_pressure_seed9_resource00_e05_t04_u0,time_pressure,9,resource,17,0,missile,2.0,1.0,10.0,10.0,1.0,0.0,9.0,10.0,0.0,1.5,1.5,2.0,0.5,0.0,1.0,0.0,2.0,0.0,0.0,0.0,,66.0,66
time_pressure_seed9_resource00_e05_t04_u0,time_pressure,9,resource,18,0,missile,2.0,1.0,12.0,11.0,1.0,0.0,11.0,11.0,1.0,2.0,2.0,2.0,0.0,0.0,1.0,1.0,2.0,0.0,0.0,0.0,2.0,66.0,66
time_pressure_seed9_resource00_e05_t04_u0,time_pressure,9,resource,19,0,missile,2.0,1.0,5.0,4.0,1.0,0.0,4.0,4.0,1.0,2.0,2.0,2.0,0.0,0.0,1.0,1.0,1.0,0.0,0.0,0.0,2.0,60.0,60
time_pressure_seed9_resource00_e05_t04_u0,time_pressure,9,resource,20,0,missile,2.0,1.0,8.0,8.0,1.0,0.0,7.0,8.0,0.0,1.5,1.5,2.0,0.5,0.0,1.0,1.0,2.0,0.0,0.0,0.0,,66.0,66
time_pressure_seed9_resource00_e05_t04_u0,time_pressure,9,resource,21,0,missile,2.0,1.0,10.0,9.0,1.0,0.0,9.0,9.0,1.0,2.0,2.0,2.0,0.0,0.0,1.0,1.0,2.0,0.0,0.0,0.0,2.0,66.0,66
time_pressure_seed9_resource00_e05_t04_u0,time_pressure,9,resource,22,0,missile,2.0,1.0,11.0,10.0,1.0,0.0,10.0,10.0,1.0,2.0,2.0,2.0,0.0,0.0,1.0,1.0,4.0,0.0,0.0,0.0,3.0,66.0,66
time_pressure_seed9_resource00_e05_t04_u0,time_pressure,9,resource,23,0,missile,2.0,1.0,12.0,11.0,1.0,0.0,11.0,11.0,1.0,2.0,2.0,2.0,0.0,0.0,1.0,1.0,4.0,0.0,0.0,0.0,3.0,66.0,66
time_pressure_seed9_resource00_e05_t04_u0,time_pressure,9,resource,24,0,missile,2.0,1.0,12.0,11.0,1.0,0.0,11.0,11.0,1.0,2.0,2.0,2.0,0.0,0.0,1.0,1.0,4.0,0.0,0.0,0.0,20.0,66.0,66
time_pressure_seed9_resource00_e05_t04_u0,time_pressure,9,resource,25,0,missile,2.0,1.0,7.0,6.0,1.0,0.0,6.0,6.0,1.0,2.0,2.0,2.0,0.0,0.0,1.0,1.0,1.0,0.0,0.0,0.0,1.0,66.0,66
time_pressure_seed9_resource00_e05_t04_u0,time_pressure,9,resource,26,0,missile,2.0,1.0,12.0,11.0,1.0,0.0,11.0,11.0,1.0,2.0,2.0,2.0,0.0,0.0,1.0,1.0,2.0,0.0,0.0,0.0,2.0,66.0,66
time_pressure_seed9_resource00_e05_t04_u0,time_pressure,9,resource,27,0,missile,2.0,1.0,9.0,4.0,1.0,0.0,8.0,4.0,5.0,4.0,4.0,2.0,-2.0,0.0,1.0,1.0,2.0,0.0,0.0,0.0,1.0,66.0,66
time_pressure_seed9_resource00_e05_t04_u0,time_pressure,9,resource,28,0,missile,2.0,1.0,11.0,4.0,1.0,0.0,10.0,4.0,7.0,5.0,5.0,2.0,-3.0,0.0,1.0,1.0,1.0,0.0,0.0,0.0,1.0,66.0,66
time_pressure_seed9_resource00_e05_t04_u0,time_pressure,9,resource,29,0,missile,2.0,1.0,9.0,5.0,1.0,0.0,8.0,5.0,4.0,3.5,3.5,2.0,-1.5,0.0,1.0,1.0,1.0,0.0,0.0,0.0,1.0,63.0,63
time_pressure_seed9_resource00_e05_t04_u0,time_pressure,9,resource,30,0,missile,2.0,1.0,7.0,6.0,1.0,0.0,6.0,6.0,1.0,2.0,2.0,2.0,0.0,0.0,1.0,1.0,1.0,0.0,0.0,0.0,2.0,66.0,66
time_pressure_seed9_resource00_e05_t04_u0,time_pressure,9,resource,31,0,missile,2.0,1.0,11.0,10.0,1.0,0.0,10.0,10.0,1.0,2.0,2.0,2.0,0.0,0.0,1.0,1.0,2.0,0.0,0.0,0.0,1.0,66.0,66
time_pressure_seed9_resource01_e02_t04_u1,time_pressure,9,resource,0,1,missile,2.0,0.9999999701976776,6.0,4.999999850988388,1.0,0.0,5.0,4.999999850988388,1.000000149011612,2.000000074505806,2.000000074505806,1.9999998658895493,-2.086162567138672e-07,0.0,0.9999999701976776,0.9999999701976776,2.999999910593033,0.0,0.0,0.0,0.9999999701976776,107.99999785423279,252
time_pressure_seed9_resource01_e02_t04_u1,time_pressure,9,resource,1,1,missile,2.0,0.9999999701976776,6.0,4.999999850988388,1.0,0.0,5.0,4.999999850988388,1.000000149011612,2.000000074505806,2.000000074505806,1.9999998658895493,-2.086162567138672e-07,0.0,0.9999999701976776,0.9999999701976776,5.328748643398285,0.0,0.0,0.0,2.999999910593033,107.99999785423279,252
time_pressure_seed9_resource01_e02_t04_u1,time_pressure,9,resource,2,1,missile,2.0,0.9999999701976776,7.0,5.999999821186066,1.0,0.0,6.0,5.999999821186066,1.0000001788139343,2.000000089406967,2.000000089406967,1.9999998807907104,-2.086162567138672e-07,0.0,0.9999999701976776,0.9999999701976776,1.9999999403953552,0.0,0.0,0.0,0.9999999701976776,107.99999785423279,252
time_pressure_seed9_resource01_e02_t04_u1,time_pressure,9,resource,3,1,missile,2.0,0.9999999701976776,6.0,4.999999850988388,1.0,0.0,5.0,4.999999850988388,1.000000149011612,2.000000074505806,2.000000074505806,1.9999998658895493,-2.086162567138672e-07,0.0,0.9999999701976776,0.9999999701976776,-3.3287487030029297,-3.3388469219207764,0.7808386357037382,0.6712511777877808,1.9999999403953552,107.99999785423279,252
time_pressure_seed9_resource01_e02_t04_u1,time_pressure,9,resource,4,1,missile,2.0,0.9999999701976776,7.0,5.999999821186066,1.0,0.0,6.0,5.999999821186066,1.0000001788139343,2.000000089406967,2.000000089406967,1.9999998807907104,-2.086162567138672e-07,0.0,0.9999999701976776,0.9999999701976776,4.665448069572449,0.0,0.0,0.0,0.9999999701976776,107.99999785423279,252
time_pressure_seed9_resource01_e02_t04_u1,time_pressure,9,resource,5,1,missile,2.0,0.9999999701976776,7.0,5.999999821186066,1.0,0.0,6.0,5.999999821186066,1.0000001788139343,2.000000089406967,2.000000089406967,1.9999998807907104,-2.086162567138672e-07,0.0,0.9999999701976776,0.9999999701976776,13.321871608495712,0.0,0.0,0.0,0.9999999701976776,107.99999785423279,252
time_pressure_seed9_resource01_e02_t04_u1,time_pressure,9,resource,6,1,missile,2.0,0.9999999701976776,7.0,5.999999821186066,1.0,0.0,6.0,5.999999821186066,1.0000001788139343,2.000000089406967,2.000000089406967,1.9999998807907104,-2.086162567138672e-07,0.0,0.9999999701976776,0.33455178141593933,-3.332724004983902,0.0,2.0396933774412185,0.6672758758068085,0.9999999701976776,89.99999839067459,198
time_pressure_seed9_resource01_e02_t04_u1,time_pressure,9,resource,7,1,missile,2.0,0.9999999701976776,6.0,4.999999850988388,1.0,0.0,5.0,4.999999850988388,1.000000149011612,2.000000074505806,2.000000074505806,1.9999998658895493,-2.086162567138672e-07,0.0,0.9999999701976776,0.9999999701976776,2.6643743216991425,0.0,0.0,0.0,1.9999999403953552,107.99999785423279,252
time_pressure_seed9_resource01_e02_t04_u1,time_pressure,9,resource,8,1,missile,2.0,0.9999999701976776,6.0,4.999999850988388,1.0,0.0,5.0,4.999999850988388,1.000000149011612,2.000000074505806,2.000000074505806,1.9999998658895493,-2.086162567138672e-07,0.0,0.9999999701976776,0.9999999701976776,2.999999910593033,0.0,0.0,0.0,0.9999999701976776,107.99999785423279,252
time_pressure_seed9_resource01_e02_t04_u1,time_pressure,9,resource,9,1,missile,2.0,0.9999999701976776,7.0,5.999999821186066,1.0,0.0,6.0,5.999999821186066,1.0000001788139343,2.000000089406967,2.000000089406967,1.9999998807907104,-2.086162567138672e-07,0.0,0.9999999701976776,0.9999999701976776,2.999999910593033,0.0,0.0,0.0,0.9999999701976776,107.99999785423279,252
time_pressure_seed9_resource01_e02_t04_u1,time_pressure,9,resource,10,1,missile,2.0,0.9999999701976776,7.0,5.999999821186066,1.0,0.0,6.0,5.999999821186066,1.0000001788139343,2.000000089406967,2.000000089406967,1.9999998807907104,-2.086162567138672e-07,0.0,0.9999999701976776,0.9999999701976776,0.3189705014228821,-2.3493791222572327,0.0,0.0,0.9999999701976776,107.99999785423279,252
time_pressure_seed9_resource01_e02_t04_u1,time_pressure,9,resource,11,1,missile,2.0,0.9999999701976776,7.0,5.999999821186066,1.0,0.0,6.0,5.999999821186066,1.0000001788139343,2.000000089406967,2.000000089406967,1.9999998807907104,-2.086162567138672e-07,0.0,0.9999999701976776,0.9999999701976776,2.6683496236801147,0.0,0.0,0.0,1.9999999403953552,107.99999785423279,252
time_pressure_seed9_resource01_e02_t04_u1,time_pressure,9,resource,12,1,missile,2.0,0.9999999701976776,6.0,4.999999850988388,1.0,0.0,5.0,4.999999850988388,1.000000149011612,2.000000074505806,2.000000074505806,1.9999998658895493,-2.086162567138672e-07,0.0,0.9999999701976776,0.9999999701976776,2.6683496236801147,0.0,0.0,0.0,0.9999999701976776,107.99999785423279,252
time_pressure_seed9_resource01_e02_t04_u1,time_pressure,9,resource,13,1,missile,2.0,0.9999999701976776,7.0,5.999999821186066,1.0,0.0,6.0,5.999999821186066,1.0000001788139343,2.000000089406967,2.000000089406967,1.9999998807907104,-2.086162567138672e-07,0.0,0.9999999701976776,0.9999999701976776,3.9862462878227234,-1.678127944469452,0.0,0.0,0.9999999701976776,107.99999785423279,252
time_pressure_seed9_resource01_e02_t04_u1,time_pressure,9,resource,14,1,missile,2.0,0.9999999701976776,6.0,4.999999850988388,1.0,0.0,5.0,4.999999850988388,1.000000149011612,2.000000074505806,2.000000074505806,1.9999998658895493,-2.086162567138672e-07,0.0,0.9999999701976776,0.9999999701976776,2.999999910593033,0.0,0.0,0.0,1.9999999403953552,107.99999785423279,252
time_pressure_seed9_resource01_e02_t04_u1,time_pressure,9,resource,15,1,missile,2.0,0.9999999701976776,7.0,5.999999821186066,1.0,0.0,6.0,5.999999821186066,1.0000001788139343,2.000000089406967,2.000000089406967,1.9999998807907104,-2.086162567138672e-07,0.0,0.9999999701976776,0.9999999701976776,-0.004729181528091431,0.0,0.28415098755566204,0.0,1.9999999403953552,107.99999785423279,252
time_pressure_seed9_resource01_e02_t04_u1,time_pressure,9,resource,16,1,missile,2.0,0.9999999701976776,7.0,5.999999821186066,1.0,0.0,6.0,5.999999821186066,1.0000001788139343,2.000000089406967,2.000000089406967,1.9999998807907104,-2.086162567138672e-07,0.0,0.9999999701976776,0.9999999701976776,-1.0054830312728882,-9.00731047987938,0.6047470712896688,0.6672758758068085,0.9999999701976776,107.99999785423279,252
time_pressure_seed9_resource01_e02_t04_u1,time_pressure,9,resource,17,1,missile,2.0,0.9999999701976776,7.0,5.999999821186066,1.0,0.0,6.0,5.999999821186066,1.0000001788139343,2.000000089406967,2.000000089406967,1.9999998807907104,-2.086162567138672e-07,0.0,0.9999999701976776,0.6672758758068085,-4.001827567815781,-5.338207006454468,1.2203095844528011,0.6672758758068085,1.9999999403953552,102.01096415519714,234
time_pressure_seed9_resource01_e02_t04_u1,time_pressure,9,resource,18,1,missile,2.0,0.9999999701976776,7.0,5.999999821186066,1.0,0.0,6.0,5.999999821186066,1.0000001788139343,2.000000089406967,2.000000089406967,1.9999998807907104,-2.086162567138672e-07,0.0,0.9999999701976776,0.9999999701976776,-1.9999999403953552,-13.999999582767487,2.333290305500368,1.9999999403953552,0.9999999701976776,107.99999785423279,252
time_pressure_seed9_resource01_e02_t04_u1,time_pressure,9,resource,19,1,missile,2.0,0.9999999701976776,6.0,4.999999850988388,1.0,0.0,5.0,4.999999850988388,1.000000149011612,2.000000074505806,2.000000074505806,1.9999998658895493,-2.086162567138672e-07,0.0,0.9999999701976776,0.9999999701976776,10.999999672174454,-3.9999998807907104,0.9062923974819217,0.9999999701976776,0.9999999701976776,107.99999785423279,252
time_pressure_seed9_resource01_e02_t04_u1,time_pressure,9,resource,20,1,missile,2.0,0.9999999701976776,6.0,4.999999850988388,1.0,0.0,5.0,4.999999850988388,1.000000149011612,2.000000074505806,2.000000074505806,1.9999998658895493,-2.086162567138672e-07,0.0,0.9999999701976776,0.9999999701976776,7.999999761581421,0.0,0.0,0.0,2.999999910593033,107.99999785423279,252
time_pressure_seed9_resource01_e02_t04_u1,time_pressure,9,resource,21,1,missile,2.0,0.9999999701976776,6.0,4.999999850988388,1.0,0.0,5.0,4.999999850988388,1.000000149011612,2.000000074505806,2.000000074505806,1.9999998658895493,-2.086162567138672e-07,0.0,0.9999999701976776,0.9999999701976776,3.344649910926819,0.0,0.18965789080735407,0.0,0.9999999701976776,107.99999785423279,252
time_pressure_seed9_resource01_e02_t04_u1,time_pressure,9,resource,22,1,missile,2.0,0.9999999701976776,6.0,4.999999850988388,1.0,0.0,5.0,4.999999850988388,1.000000149011612,2.000000074505806,2.000000074505806,1.9999998658895493,-2.086162567138672e-07,0.0,0.9999999701976776,0.9999999701976776,1.6643743515014648,0.0,0.0,0.0,0.9999999701976776,107.99999785423279,252
time_pressure_seed9_resource01_e02_t04_u1,time_pressure,9,resource,23,1,missile,2.0,0.9999999701976776,6.0,4.999999850988388,1.0,0.0,5.0,4.999999850988388,1.000000149011612,2.000000074505806,2.000000074505806,1.9999998658895493,-2.086162567138672e-07,0.0,0.9999999701976776,0.9999999701976776,8.999999731779099,0.0,0.0,0.0,3.9999998807907104,107.99999785423279,252
time_pressure_seed9_resource01_e02_t04_u1,time_pressure,9,resource,24,1,missile,2.0,0.9999999701976776,7.0,5.999999821186066,1.0,0.0,6.0,5.999999821186066,1.0000001788139343,2.000000089406967,2.000000089406967,1.9999998807907104,-2.086162567138672e-07,0.0,0.9999999701976776,0.9999999701976776,-7.999999761581421,0.0,0.0,0.0,1.9999999403953552,107.99999785423279,252
time_pressure_seed9_resource01_e02_t04_u1,time_pressure,9,resource,25,1,missile,2.0,0.9999999701976776,6.0,4.999999850988388,1.0,0.0,5.0,4.999999850988388,1.000000149011612,2.000000074505806,2.000000074505806,1.9999998658895493,-2.086162567138672e-07,0.0,0.9999999701976776,0.9999999701976776,0.9999999701976776,-4.999999850988388,1.486659451089746,1.9999999403953552,1.9999999403953552,107.99999785423279,252
time_pressure_seed9_resource01_e02_t04_u1,time_pressure,9,resource,26,1,missile,2.0,0.9999999701976776,7.0,5.999999821186066,1.0,0.0,6.0,5.999999821186066,1.0000001788139343,2.000000089406967,2.000000089406967,1.9999998807907104,-2.086162567138672e-07,0.0,0.9999999701976776,0.9999999701976776,2.6643743216991425,0.0,0.0,0.0,1.9999999403953552,107.99999785423279,252
time_pressure_seed9_resource01_e02_t04_u1,time_pressure,9,resource,27,1,missile,2.0,0.9999999701976776,7.0,5.999999821186066,1.0,0.0,6.0,5.999999821186066,1.0000001788139343,2.000000089406967,2.000000089406967,1.9999998807907104,-2.086162567138672e-07,0.0,0.9999999701976776,0.9999999701976776,10.651374369859695,-1.678127944469452,0.0,0.0,0.9999999701976776,107.99999785423279,252
time_pressure_seed9_resource01_e02_t04_u1,time_pressure,9,resource,28,1,missile,2.0,0.9999999701976776,7.0,5.999999821186066,1.0,0.0,6.0,5.999999821186066,1.0000001788139343,2.000000089406967,2.000000089406967,1.9999998807907104,-2.086162567138672e-07,0.0,0.9999999701976776,0.9999999701976776,8.358083426952362,0.0,-0.19193121128613777,0.0,0.9999999701976776,107.99999785423279,252
time_pressure_seed9_resource01_e02_t04_u1,time_pressure,9,resource,29,1,missile,2.0,0.9999999701976776,7.0,5.999999821186066,1.0,0.0,6.0,5.999999821186066,1.0000001788139343,2.000000089406967,2.000000089406967,1.9999998807907104,-2.086162567138672e-07,0.0,0.9999999701976776,0.9999999701976776,-7.999999761581421,-5.999999821186066,0.6723558815817441,0.9999999701976776,0.9999999701976776,93.99999806284904,224
time_pressure_seed9_resource01_e02_t04_u1,time_pressure,9,resource,30,1,missile,2.0,0.9999999701976776,7.0,5.999999821186066,1.0,0.0,6.0,5.999999821186066,1.0000001788139343,2.000000089406967,2.000000089406967,1.9999998807907104,-2.086162567138672e-07,0.0,0.9999999701976776,0.9999999701976776,0.9999999701976776,-4.999999850988388,0.0,0.0,2.999999910593033,107.99999785423279,252
time_pressure_seed9_resource01_e02_t04_u1,time_pressure,9,resource,31,1,missile,2.0,0.9999999701976776,6.0,4.999999850988388,1.0,0.0,5.0,4.999999850988388,1.000000149011612,2.000000074505806,2.000000074505806,1.9999998658895493,-2.086162567138672e-07,0.0,0.9999999701976776,0.9999999701976776,0.0021476149559020996,-4.673078745603561,0.8874147475845904,0.6683496832847595,0.9999999701976776,107.99999785423279,252
time_pressure_seed9_resource02_e10_t04_u0,time_pressure,9,resource,0,0,missile,2.0,1.0,10.0,9.0,1.0,0.0,9.0,9.0,1.0,2.0,2.0,2.0,0.0,0.0,1.0,1.0,-0.7097465395927429,-4.504692226648331,0.413775182772522,0.2649818956851959,1.0,108.17039829492569,320
time_pressure_seed9_resource02_e10_t04_u0,time_pressure,9,resource,1,0,missile,2.0,1.0,9.0,8.0,1.0,0.0,8.0,8.0,1.0,2.0,2.0,2.0,0.0,0.0,1.0,1.0,4.0,0.0,0.0,0.0,2.0,114.0,342
time_pressure_seed9_resource02_e10_t04_u0,time_pressure,9,resource,2,0,missile,2.0,1.0,10.0,9.0,1.0,0.0,9.0,9.0,1.0,2.0,2.0,2.0,0.0,0.0,1.0,1.0,3.0,-14.0,0.32780597872455175,1.0,1.0,60.0,180
time_pressure_seed9_resource02_e10_t04_u0,time_pressure,9,resource,3,0,missile,2.0,1.0,8.0,7.5164653062820435,1.0,0.0,7.0,7.5164653062820435,0.48353469371795654,1.7417673468589783,1.7417673468589783,1.7417673468589783,0.0,0.0,1.0,1.0,3.4895531982183456,0.0,0.0,0.0,1.0,69.53934824466705,216
time_pressure_seed9_resource02_e10_t04_u0,time_pressure,9,resource,4,0,missile,2.0,1.0,9.0,8.0,1.0,0.0,8.0,8.0,1.0,2.0,2.0,2.0,0.0,0.0,1.0,1.0,-2.095441699028015,-6.095441699028015,0.7810357845678846,0.7619302123785019,2.0,87.42948764562607,288
time_pressure_seed9_resource02_e10_t04_u0,time_pressure,9,resource,5,0,missile,2.0,1.0,8.0,7.0,1.0,0.0,7.0,7.0,1.0,2.0,2.0,2.0,0.0,0.0,1.0,1.0,4.0,-3.0181403756141663,0.0,0.0,1.0,114.0,342
time_pressure_seed9_resource02_e10_t04_u0,time_pressure,9,resource,6,0,missile,2.0,1.0,8.0,6.735018104314804,1.0,0.0,7.0,6.735018104314804,1.264981895685196,2.132490947842598,2.132490947842598,2.0,-0.13249094784259796,0.0,1.0,1.0,3.735018104314804,0.0,0.0,0.0,2.0,59.47003620862961,178
time_pressure_seed9_resource02_e10_t04_u0,time_pressure,9,resource,7,0,missile,2.0,1.0,10.0,9.0,1.0,0.0,9.0,9.0,1.0,2.0,2.0,2.0,0.0,0.0,1.0,1.0,3.735018104314804,0.0,0.0,0.0,2.0,104.46065175533295,306
time_pressure_seed9_resource02_e10_t04_u0,time_pressure,9,resource,8,0,missile,2.0,1.0,10.0,9.0,1.0,0.0,9.0,9.0,1.0,2.0,2.0,2.0,0.0,0.0,1.0,1.0,-2.555235356092453,-11.025271564722061,1.0610176883532052,0.7350181043148041,3.0,100.03465601801872,285
time_pressure_seed9_resource02_e10_t04_u0,time_pressure,9,resource,9,0,missile,2.0,1.0,9.0,8.0,1.0,0.0,8.0,8.0,1.0,2.0,2.0,2.0,0.0,0.0,1.0,1.0,1.761930212378502,0.0,0.0,0.0,2.0,66.04665192961693,209
time_pressure_seed9_resource02_e10_t04_u0,time_pressure,9,resource,10,0,missile,2.0,1.0,9.0,8.0,1.0,0.0,8.0,8.0,1.0,2.0,2.0,2.0,0.0,0.0,1.0,1.0,3.470036208629608,0.0,0.0,0.0,1.0,87.53934824466705,234
time_pressure_seed9_resource02_e10_t04_u0,time_pressure,9,resource,11,0,missile,2.0,1.0,9.0,8.0,1.0,0.0,8.0,8.0,1.0,2.0,2.0,2.0,0.0,0.0,1.0,1.0,3.735018104314804,0.0,0.0,0.0,1.0,114.0,342
time_pressure_seed9_resource02_e10_t04_u0,time_pressure,9,resource,12,0,missile,2.0,1.0,9.0,8.0,1.0,0.0,8.0,8.0,1.0,2.0,2.0,2.0,0.0,0.0,1.0,1.0,12.470036208629608,0.0,0.0,0.0,1.0,114.0,342
time_pressure_seed9_resource02_e10_t04_u0,time_pressure,9,resource,13,0,missile,2.0,1.0,9.0,8.0,1.0,0.0,8.0,8.0,1.0,2.0,2.0,2.0,0.0,0.0,1.0,1.0,-3.0,0.0,0.0,0.0,1.0,57.0,171
time_pressure_seed9_resource02_e10_t04_u0,time_pressure,9,resource,14,0,missile,2.0,1.0,8.0,7.0,1.0,0.0,7.0,7.0,1.0,2.0,2.0,2.0,0.0,0.0,1.0,1.0,4.0,0.0,0.0,0.0,1.0,114.0,342
time_pressure_seed9_resource02_e10_t04_u0,time_pressure,9,resource,15,0,missile,2.0,1.0,8.0,7.0,1.0,0.0,7.0,7.0,1.0,2.0,2.0,2.0,0.0,0.0,1.0,1.0,-2.1451267302036285,0.0,0.0,0.0,1.0,114.0,342
time_pressure_seed9_resource02_e10_t04_u0,time_pressure,9,resource,16,0,missile,2.0,1.0,10.0,9.0,1.0,0.0,9.0,9.0,1.0,2.0,2.0,2.0,0.0,0.0,1.0,1.0,-8.0,0.0,0.1608220086565999,0.0,1.0,78.0,252
time_pressure_seed9_resource02_e10_t04_u0,time_pressure,9,resource,17,0,missile,2.0,1.0,10.0,9.0,1.0,0.0,9.0,9.0,1.0,2.0,2.0,2.0,0.0,0.0,1.0,1.0,4.0,0.0,0.0,0.0,2.0,114.0,342
time_pressure_seed9_resource02_e10_t04_u0,time_pressure,9,resource,18,0,missile,2.0,1.0,8.0,7.5164653062820435,1.0,0.0,7.0,7.5164653062820435,0.48353469371795654,1.7417673468589783,1.7417673468589783,1.7417673468589783,0.0,0.0,1.0,1.0,3.735018104314804,0.0,0.0,0.0,1.0,78.59275102615356,252
time_pressure_seed9_resource02_e10_t04_u0,time_pressure,9,resource,19,0,missile,2.0,1.0,9.0,8.0,1.0,0.0,8.0,8.0,1.0,2.0,2.0,2.0,0.0,0.0,1.0,1.0,4.0,0.0,0.0,0.0,2.0,60.0,180
time_pressure_seed9_resource02_e10_t04_u0,time_pressure,9,resource,20,0,missile,2.0,1.0,8.0,7.0,1.0,0.0,7.0,7.0,1.0,2.0,2.0,2.0,0.0,0.0,1.0,1.0,2.0,0.0,0.0,0.0,2.0,114.0,342
time_pressure_seed9_resource02_e10_t04_u0,time_pressure,9,resource,21,0,missile,2.0,1.0,8.0,7.5164653062820435,1.0,0.0,7.0,7.5164653062820435,0.48353469371795654,1.7417673468589783,1.7417673468589783,1.7417673468589783,0.0,0.0,1.0,1.0,3.0,0.0,0.0,0.0,1.0,114.0,342
time_pressure_seed9_resource02_e10_t04_u0,time_pressure,9,resource,22,0,missile,2.0,1.0,9.0,8.0,1.0,0.0,8.0,8.0,1.0,2.0,2.0,2.0,0.0,0.0,1.0,1.0,2.973087891936302,0.0,0.0,0.0,1.0,114.0,342
time_pressure_seed9_resource02_e10_t04_u0,time_pressure,9,resource,23,0,missile,2.0,1.0,9.0,8.0,1.0,0.0,8.0,8.0,1.0,2.0,2.0,2.0,0.0,0.0,1.0,1.0,31.0,0.0,0.0,0.0,9.0,114.0,342
time_pressure_seed9_resource02_e10_t04_u0,time_pressure,9,resource,24,0,missile,2.0,1.0,9.0,8.0,1.0,0.0,8.0,8.0,1.0,2.0,2.0,2.0,0.0,0.0,1.0,1.0,9.0,0.0,0.0,0.0,1.0,60.0,180
time_pressure_seed9_resource02_e10_t04_u0,time_pressure,9,resource,25,0,missile,2.0,1.0,9.0,8.0,1.0,0.0,8.0,8.0,1.0,2.0,2.0,2.0,0.0,0.0,1.0,1.0,2.735018104314804,0.0,0.0,0.0,1.0,87.53934824466705,234
time_pressure_seed9_resource02_e10_t04_u0,time_pressure,9,resource,26,0,missile,2.0,1.0,8.0,7.0,1.0,0.0,7.0,7.0,1.0,2.0,2.0,2.0,0.0,0.0,1.0,1.0,2.238069787621498,0.0,0.0,0.0,1.0,114.0,342
time_pressure_seed9_resource02_e10_t04_u0,time_pressure,9,resource,27,0,missile,2.0,1.0,10.0,9.0,1.0,0.0,9.0,9.0,1.0,2.0,2.0,2.0,0.0,0.0,1.0,1.0,12.0,0.0,0.0,0.0,1.0,60.0,180
time_pressure_seed9_resource02_e10_t04_u0,time_pressure,9,resource,28,0,missile,2.0,1.0,8.0,7.0,1.0,0.0,7.0,7.0,1.0,2.0,2.0,2.0,0.0,0.0,1.0,1.0,0.9045583009719849,-4.571581274271011,0.8982134942540947,0.7619302123785019,1.0,114.0,342
time_pressure_seed9_resource02_e10_t04_u0,time_pressure,9,resource,29,0,missile,2.0,1.0,9.0,8.0,1.0,0.0,8.0,8.0,1.0,2.0,2.0,2.0,0.0,0.0,1.0,1.0,-11.700362086296082,-6.615162938833237,1.3789932498226838,0.7350181043148041,2.0,114.0,342
time_pressure_seed9_resource02_e10_t04_u0,time_pressure,9,resource,30,0,missile,2.0,1.0,8.0,7.0,1.0,0.0,7.0,7.0,1.0,2.0,2.0,2.0,0.0,0.0,1.0,1.0,3.735018104314804,0.0,0.0,0.0,1.0,60.0,180
time_pressure_seed9_resource02_e10_t04_u0,time_pressure,9,resource,31,0,missile,2.0,1.0,9.0,8.0,1.0,0.0,8.0,8.0,1.0,2.0,2.0,2.0,0.0,0.0,1.0,1.0,7.476139575242996,0.0,0.0,0.0,1.0,87.42948764562607,288
time_pressure_seed9_resource03_e06_t04_u1,time_pressure,9,resource,0,1,missile,2.0,0.9999999701976776,11.0,9.999999701976776,1.0,0.0,10.0,9.999999701976776,1.0000002980232239,2.000000149011612,2.000000149011612,1.9999998807907104,-2.682209014892578e-07,0.0,0.9999999701976776,0.9999999701976776,3.671621650457382,0.9999999701976776,0.0,0.0,1.9999999403953552,77.99999845027924,182
time_pressure_seed9_resource03_e06_t04_u1,time_pressure,9,resource,1,1,missile,2.0,0.9999999701976776,11.0,9.999999701976776,1.0,0.0,10.0,9.999999701976776,1.0000002980232239,2.000000149011612,2.000000149011612,1.9999998807907104,-2.682209014892578e-07,0.0,0.9999999701976776,0.9999999701976776,7.999999761581421,1.9999999403953552,0.0,0.0,15.999999523162842,77.99999845027924,182
time_pressure_seed9_resource03_e06_t04_u1,time_pressure,9,resource,2,1,missile,2.0,0.9999999701976776,11.0,9.999999701976776,1.0,0.0,10.0,9.999999701976776,1.0000002980232239,2.000000149011612,2.000000149011612,1.9999998807907104,-2.682209014892578e-07,0.0,0.9999999701976776,0.9999999701976776,3.9999998807907104,0.9999999701976776,0.0,0.0,0.9999999701976776,77.99999845027924,182
time_pressure_seed9_resource03_e06_t04_u1,time_pressure,9,resource,3,1,missile,2.0,0.9999999701976776,11.0,9.328377962112427,1.0,0.0,10.0,9.328377962112427,1.6716220378875732,2.3358110189437866,2.3358110189437866,1.9999998807907104,-0.33581113815307617,0.0,0.9999999701976776,0.9999999701976776,2.999999910593033,0.6613255441188812,0.0,0.0,0.9999999701976776,67.32264989614487,150
time_pressure_seed9_resource03_e06_t04_u1,time_pressure,9,resource,4,1,missile,2.0,0.9999999701976776,11.0,9.999999701976776,1.0,0.0,10.0,9.999999701976776,1.0000002980232239,2.000000149011612,2.000000149011612,1.9999998807907104,-2.682209014892578e-07,0.0,0.9999999701976776,0.9999999701976776,3.9999998807907104,0.9999999701976776,0.0,0.0,1.9999999403953552,77.99999845027924,182
time_pressure_seed9_resource03_e06_t04_u1,time_pressure,9,resource,5,1,missile,2.0,0.9999999701976776,11.0,9.999999701976776,1.0,0.0,10.0,9.999999701976776,1.0000002980232239,2.000000149011612,2.000000149011612,1.9999998807907104,-2.682209014892578e-07,0.0,0.9999999701976776,0.9999999701976776,-0.358108788728714,0.9999999701976776,0.5234265087823813,0.0,1.9999999403953552,77.99999845027924,182
time_pressure_seed9_resource03_e06_t04_u1,time_pressure,9,resource,6,1,missile,2.0,0.9999999701976776,11.0,9.999999701976776,1.0,0.0,10.0,9.999999701976776,1.0000002980232239,2.000000149011612,2.000000149011612,1.9999998807907104,-2.682209014892578e-07,0.0,0.9999999701976776,0.9999999701976776,7.999999761581421,1.9999999403953552,0.0,0.0,2.999999910593033,68.99999862909317,161
time_pressure_seed9_resource03_e06_t04_u1,time_pressure,9,resource,7,1,missile,2.0,0.9999999701976776,11.0,9.999999701976776,1.0,0.0,10.0,9.999999701976776,1.0000002980232239,2.000000149011612,2.000000149011612,1.9999998807907104,-2.682209014892578e-07,0.0,0.9999999701976776,0.9999999701976776,3.671621650457382,0.9999999701976776,0.0,0.0,1.9999999403953552,77.99999845027924,182
time_pressure_seed9_resource03_e06_t04_u1,time_pressure,9,resource,8,1,missile,2.0,0.9999999701976776,11.0,9.999999701976776,1.0,0.0,10.0,9.999999701976776,1.0000002980232239,2.000000149011612,2.000000149011612,1.9999998807907104,-2.682209014892578e-07,0.0,0.9999999701976776,0.9999999701976776,-8.417569667100906,0.9999999701976776,0.5234265087823813,0.0,1.9999999403953552,77.99999845027924,182
time_pressure_seed9_resource03_e06_t04_u1,time_pressure,9,resource,9,1,missile,2.0,0.9999999701976776,11.0,9.999999701976776,1.0,0.0,10.0,9.999999701976776,1.0000002980232239,2.000000149011612,2.000000149011612,1.9999998807907104,-2.682209014892578e-07,0.0,0.9999999701976776,0.9999999701976776,7.999999761581421,1.9999999403953552,0.0,0.0,2.999999910593033,56.99999886751175,133
time_pressure_seed9_resource03_e06_t04_u1,time_pressure,9,resource,10,1,missile,2.0,0.9999999701976776,10.0,9.999999701976776,1.0,0.0,9.0,9.999999701976776,2.980232238769531e-07,1.500000149011612,1.500000149011612,1.9999998807907104,0.4999997317790985,0.0,0.9999999701976776,0.0,-7.999999761581421,0.9999999701976776,0.0,0.0,1.9999999403953552,54.99999889731407,129
time_pressure_seed9_resource03_e06_t04_u1,time_pressure,9,resource,11,1,missile,2.0,0.9999999701976776,11.0,9.001157760620117,1.0,0.0,10.0,9.001157760620117,1.9988422393798828,2.4994211196899414,2.4994211196899414,1.9999998807907104,-0.49942123889923096,0.0,0.9999999701976776,0.9999999701976776,3.6670525670051575,0.9999999701976776,0.0,0.0,1.6670526266098022,72.67284142971039,166
time_pressure_seed9_resource03_e06_t04_u1,time_pressure,9,resource,12,1,missile,2.0,0.9999999701976776,11.0,9.999999701976776,1.0,0.0,10.0,9.999999701976776,1.0000002980232239,2.000000149011612,2.000000149011612,1.9999998807907104,-2.682209014892578e-07,0.0,0.9999999701976776,0.9999999701976776,-4.328378111124039,5.999999821186066,0.0,0.0,1.9999999403953552,77.99999845027924,182
time_pressure_seed9_resource03_e06_t04_u1,time_pressure,9,resource,13,1,missile,2.0,0.9999999701976776,11.0,9.999999701976776,1.0,0.0,10.0,9.999999701976776,1.0000002980232239,2.000000149011612,2.000000149011612,1.9999998807907104,-2.682209014892578e-07,0.0,0.9999999701976776,0.9999999701976776,10.999999672174454,2.999999910593033,0.0,0.0,3.9999998807907104,77.99999845027924,182
time_pressure_seed9_resource03_e06_t04_u1,time_pressure,9,resource,14,1,missile,2.0,0.9999999701976776,11.0,9.999999701976776,1.0,0.0,10.0,9.999999701976776,1.0000002980232239,2.000000149011612,2.000000149011612,1.9999998807907104,-2.682209014892578e-07,0.0,0.9999999701976776,0.9999999701976776,3.661325454711914,0.6613255441188812,0.0,0.0,21.999999344348907,69.5812076330185,163
time_pressure_seed9_resource03_e06_t04_u1,time_pressure,9,resource,15,1,missile,2.0,0.9999999701976776,11.0,9.999999701976776,1.0,0.0,10.0,9.999999701976776,1.0000002980232239,2.000000149011612,2.000000149011612,1.9999998807907104,-2.682209014892578e-07,0.0,0.9999999701976776,0.9999999701976776,18.35810825228691,4.999999850988388,0.0,0.0,0.9999999701976776,69.99999845027924,174
time_pressure_seed9_resource03_e06_t04_u1,time_pressure,9,resource,16,1,missile,2.0,0.9999999701976776,9.0,9.33410507440567,1.0,0.0,8.0,9.33410507440567,-0.33410507440567017,1.332947462797165,1.332947462797165,1.9999998807907104,0.6670524179935455,0.0,0.9999999701976776,0.6670526564121246,-1.3329472839832306,0.9999999701976776,0.0,0.0,0.9999999701976776,76.33410382270813,179
time_pressure_seed9_resource03_e06_t04_u1,time_pressure,9,resource,17,1,missile,2.0,0.9999999701976776,11.0,9.999999701976776,1.0,0.0,10.0,9.999999701976776,1.0000002980232239,2.000000149011612,2.000000149011612,1.9999998807907104,-2.682209014892578e-07,0.0,0.9999999701976776,0.9999999701976776,3.9999998807907104,0.9999999701976776,0.0,0.0,1.9999999403953552,77.99999845027924,182
time_pressure_seed9_resource03_e06_t04_u1,time_pressure,9,resource,18,1,missile,2.0,0.9999999701976776,8.0,9.999999701976776,1.0,0.0,7.0,9.999999701976776,-1.9999997019767761,0.5000001490116119,0.5000001490116119,1.9999998807907104,1.4999997317790985,0.0,0.9999999701976776,0.9999999701976776,3.671621650457382,0.9999999701976776,0.0,0.0,,65.99999845027924,170
time_pressure_seed9_resource03_e06_t04_u1,time_pressure,9,resource,19,1,missile,2.0,0.9999999701976776,11.0,9.667052388191223,1.0,0.0,10.0,9.667052388191223,1.3329476118087769,2.1664738059043884,2.1664738059043884,1.9999998807907104,-0.16647392511367798,0.0,0.9999999701976776,0.9999999701976776,-4.337579309940338,1.6670526266098022,1.1372220225156755,0.6670526564121246,1.6670526266098022,71.00115659832954,167
time_pressure_seed9_resource03_e06_t04_u1,time_pressure,9,resource,20,1,missile,2.0,0.9999999701976776,11.0,9.999999701976776,1.0,0.0,10.0,9.999999701976776,1.0000002980232239,2.000000149011612,2.000000149011612,1.9999998807907104,-2.682209014892578e-07,0.0,0.9999999701976776,0.9999999701976776,13.999999582767487,3.9999998807907104,0.0,0.0,4.999999850988388,71.99999856948853,168
time_pressure_seed9_resource03_e06_t04_u1,time_pressure,9,resource,21,1,missile,2.0,0.9999999701976776,10.0,8.999999731779099,1.0,0.0,9.0,8.999999731779099,1.0000002682209015,2.0000001341104507,2.0000001341104507,1.9999998807907104,-2.5331974029541016e-07,0.0,0.9999999701976776,0.9999999701976776,5.999999821186066,3.9999998807907104,0.30080222836159587,0.0,0.9999999701976776,62.99999874830246,147
time_pressure_seed9_resource03_e06_t04_u1,time_pressure,9,resource,22,1,missile,2.0,0.9999999701976776,11.0,9.999999701976776,1.0,0.0,10.0,9.999999701976776,1.0000002980232239,2.000000149011612,2.000000149011612,1.9999998807907104,-2.682209014892578e-07,0.0,0.9999999701976776,0.3432435095310211,0.37297406792640686,2.970269352197647,0.4610573910542508,0.32837823033332825,0.9999999701976776,76.68648552894592,178
time_pressure_seed9_resource03_e06_t04_u1,time_pressure,9,resource,23,1,missile,2.0,0.9999999701976776,11.0,9.999999701976776,1.0,0.0,10.0,9.999999701976776,1.0000002980232239,2.000000149011612,2.000000149011612,1.9999998807907104,-2.682209014892578e-07,0.0,0.9999999701976776,0.9999999701976776,3.671621650457382,0.9999999701976776,0.0,0.0,14.999999552965164,77.99999845027924,182
time_pressure_seed9_resource03_e06_t04_u1,time_pressure,9,resource,24,1,missile,2.0,0.9999999701976776,11.0,9.999999701976776,1.0,0.0,10.0,9.999999701976776,1.0000002980232239,2.000000149011612,2.000000149011612,1.9999998807907104,-2.682209014892578e-07,0.0,0.9999999701976776,0.9999999701976776,3.9999998807907104,0.9999999701976776,0.0,0.0,0.9999999701976776,74.99999850988388,175
time_pressure_seed9_resource03_e06_t04_u1,time_pressure,9,resource,25,1,missile,2.0,0.9999999701976776,11.0,9.999999701976776,1.0,0.0,10.0,9.999999701976776,1.0000002980232239,2.000000149011612,2.000000149011612,1.9999998807907104,-2.682209014892578e-07,0.0,0.9999999701976776,0.9999999701976776,7.999999761581421,1.9999999403953552,0.0,0.0,0.9999999701976776,77.99999845027924,182
time_pressure_seed9_resource03_e06_t04_u1,time_pressure,9,resource,26,1,missile,2.0,0.9999999701976776,11.0,9.999999701976776,1.0,0.0,10.0,9.999999701976776,1.0000002980232239,2.000000149011612,2.000000149011612,1.9999998807907104,-2.682209014892578e-07,0.0,0.9999999701976776,0.9999999701976776,3.6635784804821014,2.999999910593033,0.20065093146315283,0.0,3.0011579394340515,77.99999845027924,182
time_pressure_seed9_resource03_e06_t04_u1,time_pressure,9,resource,27,1,missile,2.0,0.9999999701976776,11.0,9.999999701976776,1.0,0.0,10.0,9.999999701976776,1.0000002980232239,2.000000149011612,2.000000149011612,1.9999998807907104,-2.682209014892578e-07,0.0,0.9999999701976776,0.9999999701976776,7.334105134010315,1.9999999403953552,0.0,0.0,2.334105283021927,77.33410382270813,180
time_pressure_seed9_resource03_e06_t04_u1,time_pressure,9,resource,28,1,missile,2.0,0.9999999701976776,11.0,9.999999701976776,1.0,0.0,10.0,9.999999701976776,1.0000002980232239,2.000000149011612,2.000000149011612,1.9999998807907104,-2.682209014892578e-07,0.0,0.9999999701976776,0.9999999701976776,11.999999642372131,2.999999910593033,0.0,0.0,0.9999999701976776,77.99999845027924,182
time_pressure_seed9_resource03_e06_t04_u1,time_pressure,9,resource,29,1,missile,2.0,0.9999999701976776,10.0,8.667052417993546,1.0,0.0,9.0,8.667052417993546,1.3329475820064545,2.1664737910032272,2.1664737910032272,1.9999998807907104,-0.16647391021251678,0.0,0.9999999701976776,0.9999999701976776,3.6670525670051575,0.9999999701976776,0.0,0.0,0.9999999701976776,53.999998927116394,126
time_pressure_seed9_resource03_e06_t04_u1,time_pressure,9,resource,30,1,missile,2.0,0.9999999701976776,11.0,9.999999701976776,1.0,0.0,10.0,9.999999701976776,1.0000002980232239,2.000000149011612,2.000000149011612,1.9999998807907104,-2.682209014892578e-07,0.0,0.9999999701976776,0.9999999701976776,29.33642053604126,7.999999761581421,0.0,0.0,6.669368535280228,76.66820919513702,178
time_pressure_seed9_resource03_e06_t04_u1,time_pressure,9,resource,31,1,missile,2.0,0.9999999701976776,11.0,9.999999701976776,1.0,0.0,10.0,9.999999701976776,1.0000002980232239,2.000000149011612,2.000000149011612,1.9999998807907104,-2.682209014892578e-07,0.0,0.9999999701976776,0.9999999701976776,11.999999642372131,2.999999910593033,0.0,0.0,0.9999999701976776,77.99999845027924,182
time_pressure_seed9_resource04_e04_t04_u0,time_pressure,9,resource,0,0,missile,2.0,0.9999999701976776,12.0,10.999999672174454,1.0,0.0,11.0,10.999999672174454,1.0000003278255463,2.0000002086162567,2.0000002086162567,1.9999999403953552,-2.682209014892578e-07,0.0,0.9999999701976776,0.9999999701976776,8.999999731779099,2.999999910593033,0.0,0.0,3.9999998807907104,68.99999862909317,161
time_pressure_seed9_resource04_e04_t04_u0,time_pressure,9,resource,1,0,missile,2.0,0.9999999701976776,10.0,10.309486120939255,1.0,0.0,9.0,10.309486120939255,-0.30948612093925476,1.3452569842338562,1.3452569842338562,1.9999999403953552,0.654742956161499,0.0,0.9999999701976776,-0.30948641896247864,-5.856918394565582,-7.8569183349609375,0.5338011742034081,0.6547431945800781,2.999999910593033,64.9642283320427,153
time_pressure_seed9_resource04_e04_t04_u0,time_pressure,9,resource,2,0,missile,2.0,0.9999999701976776,8.0,6.999999791383743,1.0,0.0,7.0,6.999999791383743,1.0000002086162567,2.0000001043081284,2.0000001043081284,1.9999998807907104,-2.2351741790771484e-07,0.0,0.9999999701976776,0.9999999701976776,2.6547431349754333,0.6547431945800781,0.0,0.0,0.9999999701976776,83.99999833106995,196
time_pressure_seed9_resource04_e04_t04_u0,time_pressure,9,resource,3,0,missile,2.0,0.9999999701976776,12.0,10.999999672174454,1.0,0.0,11.0,10.999999672174454,1.0000003278255463,2.0000002086162567,2.0000002086162567,1.9999999403953552,-2.682209014892578e-07,0.0,0.9999999701976776,0.9999999701976776,5.999999821186066,0.9999999701976776,0.0,0.0,2.999999910593033,83.99999833106995,196
time_pressure_seed9_resource04_e04_t04_u0,time_pressure,9,resource,4,0,missile,2.0,0.9999999701976776,12.0,10.999999672174454,1.0,0.0,11.0,10.999999672174454,1.0000003278255463,2.0000002086162567,2.0000002086162567,1.9999999403953552,-2.682209014892578e-07,0.0,0.9999999701976776,0.9999999701976776,-3.9999998807907104,0.0,0.6598128754562049,0.0,1.9999999403953552,83.99999833106995,196
time_pressure_seed9_resource04_e04_t04_u0,time_pressure,9,resource,5,0,missile,2.0,0.9999999701976776,12.0,10.999999672174454,1.0,0.0,11.0,10.999999672174454,1.0000003278255463,2.0000002086162567,2.0000002086162567,1.9999999403953552,-2.682209014892578e-07,0.0,0.9999999701976776,0.9999999701976776,14.511661350727081,5.237945556640625,0.0,0.0,24.99999925494194,83.99999833106995,196
time_pressure_seed9_resource04_e04_t04_u0,time_pressure,9,resource,6,0,missile,2.0,0.9999999701976776,11.0,9.999999701976776,1.0,0.0,10.0,9.999999701976776,1.0000002980232239,2.000000149011612,2.000000149011612,1.9999998807907104,-2.682209014892578e-07,0.0,0.9999999701976776,0.9999999701976776,5.999999821186066,1.9999999403953552,0.0,0.0,2.999999910593033,83.99999833106995,196
time_pressure_seed9_resource04_e04_t04_u0,time_pressure,9,resource,7,0,missile,2.0,0.9999999701976776,8.0,5.6673853397369385,1.0,0.0,7.0,5.6673853397369385,2.3326146602630615,2.6663073301315308,2.6663073301315308,1.9999998807907104,-0.6663074493408203,0.0,0.9999999701976776,0.9999999701976776,5.002156376838684,2.999999910593033,0.0,0.0,0.9999999701976776,75.99999856948853,172
time_pressure_seed9_resource04_e04_t04_u0,time_pressure,9,resource,8,0,missile,2.0,0.9999999701976776,11.0,9.999999701976776,1.0,0.0,10.0,9.999999701976776,1.0000002980232239,2.000000149011612,2.000000149011612,1.9999998807907104,-2.682209014892578e-07,0.0,0.9999999701976776,0.9999999701976776,10.999999672174454,3.9999998807907104,0.0,0.0,19.999999403953552,83.99999833106995,196
time_pressure_seed9_resource04_e04_t04_u0,time_pressure,9,resource,9,0,missile,2.0,0.9999999701976776,11.0,9.999999701976776,1.0,0.0,10.0,9.999999701976776,1.0000002980232239,2.000000149011612,2.000000149011612,1.9999998807907104,-2.682209014892578e-07,0.0,0.9999999701976776,0.9999999701976776,20.99999937415123,6.999999791383743,0.0,0.0,16.99999949336052,83.99999833106995,196
time_pressure_seed9_resource04_e04_t04_u0,time_pressure,9,resource,10,0,missile,2.0,0.9999999701976776,11.0,9.999999701976776,1.0,0.0,10.0,9.999999701976776,1.0000002980232239,2.000000149011612,2.000000149011612,1.9999998807907104,-2.682209014892578e-07,0.0,0.9999999701976776,0.9999999701976776,5.309486269950867,1.9999999403953552,0.0,0.0,0.9999999701976776,83.99999833106995,196
time_pressure_seed9_resource04_e04_t04_u0,time_pressure,9,resource,11,0,missile,2.0,0.9999999701976776,9.0,7.999999761581421,1.0,0.0,8.0,7.999999761581421,1.000000238418579,2.000000163912773,2.000000163912773,1.9999999403953552,-2.2351741790771484e-07,0.0,0.9999999701976776,0.9999999701976776,4.999999850988388,0.9999999701976776,0.0,0.0,2.999999910593033,59.999998807907104,140
time_pressure_seed9_resource04_e04_t04_u0,time_pressure,9,resource,12,0,missile,2.0,0.9999999701976776,12.0,10.999999672174454,1.0,0.0,11.0,10.999999672174454,1.0000003278255463,2.0000002086162567,2.0000002086162567,1.9999999403953552,-2.682209014892578e-07,0.0,0.9999999701976776,0.9999999701976776,10.999999672174454,0.9999999701976776,0.0,0.0,22.999999314546585,83.99999833106995,196
time_pressure_seed9_resource04_e04_t04_u0,time_pressure,9,resource,13,0,missile,2.0,0.9999999701976776,12.0,10.999999672174454,1.0,0.0,11.0,10.999999672174454,1.0000003278255463,2.0000002086162567,2.0000002086162567,1.9999999403953552,-2.682209014892578e-07,0.0,0.9999999701976776,0.9999999701976776,2.999999910593033,0.9999999701976776,0.0,0.0,1.9999999403953552,71.99999856948853,168
time_pressure_seed9_resource04_e04_t04_u0,time_pressure,9,resource,14,0,missile,2.0,0.9999999701976776,11.0,9.309486150741577,1.0,0.0,10.0,9.309486150741577,1.6905138492584229,2.345256969332695,2.345256969332695,1.9999999403953552,-0.3452570289373398,0.0,0.9999999701976776,0.9999999701976776,-5.690513402223587,1.3094863891601562,0.659812875456205,0.0,2.999999910593033,67.61897152662277,157
time_pressure_seed9_resource04_e04_t04_u0,time_pressure,9,resource,15,0,missile,2.0,0.9999999701976776,11.0,9.999999701976776,1.0,0.0,10.0,9.999999701976776,1.0000002980232239,2.000000149011612,2.000000149011612,1.9999998807907104,-2.682209014892578e-07,0.0,0.9999999701976776,0.9999999701976776,2.6547431349754333,0.6547431945800781,0.0,0.0,0.9999999701976776,83.99999833106995,196
time_pressure_seed9_resource04_e04_t04_u0,time_pressure,9,resource,16,0,missile,2.0,0.9999999701976776,12.0,10.999999672174454,1.0,0.0,11.0,10.999999672174454,1.0000003278255463,2.0000002086162567,2.0000002086162567,1.9999999403953552,-2.682209014892578e-07,0.0,0.9999999701976776,0.9999999701976776,5.999999821186066,0.0,0.0,0.0,0.9999999701976776,83.99999833106995,196
time_pressure_seed9_resource04_e04_t04_u0,time_pressure,9,resource,17,0,missile,2.0,0.9999999701976776,11.0,9.999999701976776,1.0,0.0,10.0,9.999999701976776,1.0000002980232239,2.000000149011612,2.000000149011612,1.9999998807907104,-2.682209014892578e-07,0.0,0.9999999701976776,0.9999999701976776,5.999999821186066,1.9999999403953552,0.0,0.0,0.9999999701976776,83.99999833106995,196
time_pressure_seed9_resource04_e04_t04_u0,time_pressure,9,resource,18,0,missile,2.0,0.9999999701976776,12.0,10.999999672174454,1.0,0.0,11.0,10.999999672174454,1.0000003278255463,2.0000002086162567,2.0000002086162567,1.9999999403953552,-2.682209014892578e-07,0.0,0.9999999701976776,0.9999999701976776,5.999999821186066,0.0,0.0,0.0,2.999999910593033,83.99999833106995,196
time_pressure_seed9_resource04_e04_t04_u0,time_pressure,9,resource,19,0,missile,2.0,0.9999999701976776,11.0,9.654742926359177,1.0,0.0,10.0,9.654742926359177,1.3452570736408234,2.1726285368204117,2.1726285368204117,1.9999998807907104,-0.17262865602970123,0.0,0.9999999701976776,0.9999999701976776,1.987357646226883,0.6547431945800781,0.0,0.0,1.9999999403953552,67.16640371084213,154
time_pressure_seed9_resource04_e04_t04_u0,time_pressure,9,resource,20,0,missile,2.0,0.9999999701976776,12.0,10.999999672174454,1.0,0.0,11.0,10.999999672174454,1.0000003278255463,2.0000002086162567,2.0000002086162567,1.9999999403953552,-2.682209014892578e-07,0.0,0.9999999701976776,0.9999999701976776,11.999999642372131,2.999999910593033,0.0,0.0,4.999999850988388,71.99999856948853,168
time_pressure_seed9_resource04_e04_t04_u0,time_pressure,9,resource,21,0,missile,2.0,0.9999999701976776,12.0,10.999999672174454,1.0,0.0,11.0,10.999999672174454,1.0000003278255463,2.0000002086162567,2.0000002086162567,1.9999999403953552,-2.682209014892578e-07,0.0,0.9999999701976776,0.9999999701976776,8.999999731779099,0.0,0.0,0.0,3.9999998807907104,83.99999833106995,196
time_pressure_seed9_resource04_e04_t04_u0,time_pressure,9,resource,22,0,missile,2.0,0.9999999701976776,12.0,10.654742896556854,1.0,0.0,11.0,10.654742896556854,1.3452571034431458,2.1726285964250565,2.1726285964250565,1.9999999403953552,-0.17262865602970123,0.0,0.9999999701976776,0.9999999701976776,2.6547431349754333,0.0,0.0,0.0,1.9999999403953552,65.99999868869781,154
time_pressure_seed9_resource04_e04_t04_u0,time_pressure,9,resource,23,0,missile,2.0,0.9999999701976776,11.0,9.999999701976776,1.0,0.0,10.0,9.999999701976776,1.0000002980232239,2.000000149011612,2.000000149011612,1.9999998807907104,-2.682209014892578e-07,0.0,0.9999999701976776,0.9999999701976776,-0.5474321246147156,-1.9642295837402344,0.4320080027761044,0.0,0.9999999701976776,83.99999833106995,196
time_pressure_seed9_resource04_e04_t04_u0,time_pressure,9,resource,24,0,missile,2.0,0.9999999701976776,10.0,8.999999731779099,1.0,0.0,9.0,8.999999731779099,1.0000002682209015,2.0000001341104507,2.0000001341104507,1.9999998807907104,-2.5331974029541016e-07,0.0,0.9999999701976776,0.9999999701976776,2.3326144218444824,0.9999999701976776,0.0,0.0,1.9999999403953552,83.99999833106995,196
time_pressure_seed9_resource04_e04_t04_u0,time_pressure,9,resource,25,0,missile,2.0,0.9999999701976776,12.0,10.999999672174454,1.0,0.0,11.0,10.999999672174454,1.0000003278255463,2.0000002086162567,2.0000002086162567,1.9999999403953552,-2.682209014892578e-07,0.0,0.9999999701976776,0.9999999701976776,2.999999910593033,0.9999999701976776,0.0,0.0,1.9999999403953552,83.99999833106995,196
time_pressure_seed9_resource04_e04_t04_u0,time_pressure,9,resource,26,0,missile,2.0,0.9999999701976776,7.0,9.999999701976776,1.0,0.0,6.0,9.999999701976776,-2.999999701976776,1.9371509552001953e-07,1.9371509552001953e-07,1.9999999403953552,1.9999997466802597,0.0,0.9999999701976776,-2.999999910593033,-8.999999731779099,0.0,0.589940681209727,0.0,2.999999910593033,61.99999865889549,152
time_pressure_seed9_resource04_e04_t04_u0,time_pressure,9,resource,27,0,missile,2.0,0.9999999701976776,9.0,7.654742985963821,1.0,0.0,8.0,7.654742985963821,1.3452570140361786,2.172628551721573,2.172628551721573,1.9999999403953552,-0.17262861132621765,0.0,0.9999999701976776,0.9999999701976776,2.6547431349754333,0.0,0.0,0.0,1.9999999403953552,69.23794436454773,160
time_pressure_seed9_resource04_e04_t04_u0,time_pressure,9,resource,28,0,missile,2.0,0.9999999701976776,11.0,9.999999701976776,1.0,0.0,10.0,9.999999701976776,1.0000002980232239,2.000000149011612,2.000000149011612,1.9999998807907104,-2.682209014892578e-07,0.0,0.9999999701976776,0.9999999701976776,2.6547431349754333,0.9999999701976776,0.0,0.0,0.9999999701976776,82.30948477983475,193
time_pressure_seed9_resource04_e04_t04_u0,time_pressure,9,resource,29,0,missile,2.0,0.9999999701976776,10.0,8.999999731779099,1.0,0.0,9.0,8.999999731779099,1.0000002682209015,2.0000001341104507,2.0000001341104507,1.9999998807907104,-2.5331974029541016e-07,0.0,0.9999999701976776,-0.9999999701976776,-11.999999642372131,-9.999999701976776,0.659812875456205,0.0,0.9999999701976776,55.999998927116394,128
time_pressure_seed9_resource04_e04_t04_u0,time_pressure,9,resource,30,0,missile,2.0,0.9999999701976776,8.0,8.999999731779099,1.0,0.0,7.0,8.999999731779099,-0.9999997317790985,1.0000001788139343,1.0000001788139343,1.9999999403953552,0.9999997615814209,0.0,0.9999999701976776,-0.9999999701976776,9.999999701976776,15.999999523162842,-0.3771916933599688,-0.9999999701976776,2.999999910593033,70.99999859929085,165
time_pressure_seed9_resource04_e04_t04_u0,time_pressure,9,resource,31,0,missile,2.0,0.9999999701976776,12.0,10.999999672174454,1.0,0.0,11.0,10.999999672174454,1.0000003278255463,2.0000002086162567,2.0000002086162567,1.9999999403953552,-2.682209014892578e-07,0.0,0.9999999701976776,0.9999999701976776,2.999999910593033,0.0,0.0,0.0,0.9999999701976776,83.99999833106995,196
time_pressure_seed9_resource05_e11_t04_u0,time_pressure,9,resource,0,0,missile,2.0,0.9999999701976776,6.0,5.326271235942841,1.0,0.0,5.0,5.326271235942841,0.6737287640571594,1.8368643820285797,1.8368643820285797,1.836864173412323,-2.086162567138672e-07,0.0,0.9999999701976776,0.9999999701976776,2.999999910593033,0.9999999701976776,0.0,0.0,0.9999999701976776,77.99999845027924,182
time_pressure_seed9_resource05_e11_t04_u0,time_pressure,9,resource,1,0,missile,2.0,0.9999999701976776,6.0,5.326271235942841,1.0,0.0,5.0,5.326271235942841,0.6737287640571594,1.8368643820285797,1.8368643820285797,1.836864173412323,-2.086162567138672e-07,0.0,0.9999999701976776,0.9999999701976776,3.9999998807907104,1.6737285554409027,0.6142786286064985,0.6737285852432251,0.9999999701976776,122.99999755620956,287
time_pressure_seed9_resource05_e11_t04_u0,time_pressure,9,resource,2,0,missile,2.0,0.9999999701976776,7.0,6.326271206140518,1.0,0.0,6.0,6.326271206140518,0.6737287938594818,1.8368644416332245,1.8368644416332245,1.8368642330169678,-2.086162567138672e-07,0.0,0.9999999701976776,0.9999999701976776,2.999999910593033,0.0,0.47746296820553846,0.0,1.9999999403953552,122.99999755620956,287
time_pressure_seed9_resource05_e11_t04_u0,time_pressure,9,resource,3,0,missile,2.0,0.9999999701976776,7.0,6.326271206140518,1.0,0.0,6.0,6.326271206140518,0.6737287938594818,1.8368644416332245,1.8368644416332245,1.8368642330169678,-2.086162567138672e-07,0.0,0.9999999701976776,0.9999999701976776,2.999999910593033,0.9999999701976776,0.0,0.0,0.9999999701976776,122.99999755620956,287
time_pressure_seed9_resource05_e11_t04_u0,time_pressure,9,resource,4,0,missile,2.0,0.9999999701976776,7.0,5.673728436231613,1.0,0.0,6.0,5.673728436231613,1.3262715637683868,2.1631357818841934,2.1631357818841934,1.9999998807907104,-0.16313590109348297,0.0,0.9999999701976776,0.9999999701976776,4.978814035654068,1.9999999403953552,0.0,0.0,4.694914281368256,81.65254157781601,163
time_pressure_seed9_resource05_e11_t04_u0,time_pressure,9,resource,5,0,missile,2.0,0.9999999701976776,7.0,6.326271206140518,1.0,0.0,6.0,6.326271206140518,0.6737287938594818,1.8368644416332245,1.8368644416332245,1.8368642330169678,-2.086162567138672e-07,0.0,0.9999999701976776,0.9999999701976776,8.999999731779099,4.999999850988388,0.0,0.0,,122.99999755620956,287
time_pressure_seed9_resource05_e11_t04_u0,time_pressure,9,resource,6,0,missile,2.0,0.9999999701976776,7.0,5.999999821186066,1.0,0.0,6.0,5.999999821186066,1.0000001788139343,2.000000089406967,2.000000089406967,1.9999998807907104,-2.086162567138672e-07,0.0,0.9999999701976776,0.9999999701976776,5.347457051277161,1.9999999403953552,0.0,0.0,0.9999999701976776,122.99999755620956,287
time_pressure_seed9_resource05_e11_t04_u0,time_pressure,9,resource,7,0,missile,2.0,0.9999999701976776,7.0,5.999999821186066,1.0,0.0,6.0,5.999999821186066,1.0000001788139343,2.000000089406967,2.000000089406967,1.9999998807907104,-2.086162567138672e-07,0.0,0.9999999701976776,0.9999999701976776,2.662054270505905,0.6620543301105499,0.0,0.0,1.9999999403953552,122.99999755620956,287
time_pressure_seed9_resource05_e11_t04_u0,time_pressure,9,resource,8,0,missile,2.0,0.9999999701976776,7.0,5.999999821186066,1.0,0.0,6.0,5.999999821186066,1.0000001788139343,2.000000089406967,2.000000089406967,1.9999998807907104,-2.086162567138672e-07,0.0,0.9999999701976776,0.9999999701976776,3.9999998807907104,1.9999999403953552,0.0,0.0,2.999999910593033,122.99999755620956,287
time_pressure_seed9_resource05_e11_t04_u0,time_pressure,9,resource,9,0,missile,2.0,0.9999999701976776,7.0,5.337945491075516,1.0,0.0,6.0,5.337945491075516,1.6620545089244843,2.331027254462242,2.331027254462242,1.9999998807907104,-0.3310273736715317,0.0,0.9999999701976776,0.3379456400871277,3.0276738107204437,1.013836920261383,0.0,0.0,3.9999998807907104,95.19371569156647,203
time_pressure_seed9_resource05_e11_t04_u0,time_pressure,9,resource,10,0,missile,2.0,0.9999999701976776,7.0,5.999999821186066,1.0,0.0,6.0,5.999999821186066,1.0000001788139343,2.000000089406967,2.000000089406967,1.9999998807907104,-2.086162567138672e-07,0.0,0.9999999701976776,0.9999999701976776,5.999999821186066,1.9999999403953552,0.47746296820553846,0.0,2.999999910593033,122.99999755620956,287
time_pressure_seed9_resource05_e11_t04_u0,time_pressure,9,resource,11,0,missile,2.0,0.9999999701976776,7.0,6.326271206140518,1.0,0.0,6.0,6.326271206140518,0.6737287938594818,1.8368644416332245,1.8368644416332245,1.8368642330169678,-2.086162567138672e-07,0.0,0.9999999701976776,0.9999999701976776,2.999999910593033,0.9999999701976776,0.0,0.0,,122.99999755620956,287
time_pressure_seed9_resource05_e11_t04_u0,time_pressure,9,resource,12,0,missile,2.0,0.9999999701976776,5.0,5.32410854101181,1.0,0.0,4.0,5.32410854101181,-0.3241085410118103,1.3379457294940948,1.3379457294940948,1.9999998807907104,0.6620541512966156,0.0,0.9999999701976776,0.3284340798854828,-4.047557681798935,-4.336643606424332,0.7594170208249222,0.6620543301105499,,66.66102546453476,167
time_pressure_seed9_resource05_e11_t04_u0,time_pressure,9,resource,13,0,missile,2.0,0.9999999701976776,6.0,5.326271235942841,1.0,0.0,5.0,5.326271235942841,0.6737287640571594,1.8368643820285797,1.8368643820285797,1.836864173412323,-2.086162567138672e-07,0.0,0.9999999701976776,0.9999999701976776,8.021185576915741,2.999999910593033,0.0,0.0,3.3474571108818054,113.21185600757599,257
time_pressure_seed9_resource05_e11_t04_u0,time_pressure,9,resource,14,0,missile,2.0,0.9999999701976776,7.0,5.999999821186066,1.0,0.0,6.0,5.999999821186066,1.0000001788139343,2.000000089406967,2.000000089406967,1.9999998807907104,-2.086162567138672e-07,0.0,0.9999999701976776,0.9999999701976776,3.3379455506801605,0.9999999701976776,0.0,0.0,0.9999999701976776,122.99999755620956,287
time_pressure_seed9_resource05_e11_t04_u0,time_pressure,9,resource,15,0,missile,2.0,0.9999999701976776,7.0,5.999999821186066,1.0,0.0,6.0,5.999999821186066,1.0000001788139343,2.000000089406967,2.000000089406967,1.9999998807907104,-2.086162567138672e-07,0.0,0.9999999701976776,0.9999999701976776,9.940767645835876,5.652542620897293,0.2727974217668485,0.3262713849544525,0.9999999701976776,91.84997621178627,194
time_pressure_seed9_resource05_e11_t04_u0,time_pressure,9,resource,16,0,missile,2.0,0.9999999701976776,7.0,6.326271206140518,1.0,0.0,6.0,6.326271206140518,0.6737287938594818,1.8368644416332245,1.8368644416332245,1.8368642330169678,-2.086162567138672e-07,0.0,0.9999999701976776,0.9999999701976776,5.32410854101181,1.3241086602210999,0.0,0.0,0.9999999701976776,122.99999755620956,287
time_pressure_seed9_resource05_e11_t04_u0,time_pressure,9,resource,17,0,missile,2.0,0.9999999701976776,8.0,6.999999791383743,1.0,0.0,7.0,6.999999791383743,1.0000002086162567,2.000000149011612,2.000000149011612,1.9999999403953552,-2.086162567138672e-07,0.0,0.9999999701976776,0.9999999701976776,2.999999910593033,0.9999999701976776,0.0,0.0,0.9999999701976776,122.99999755620956,287
time_pressure_seed9_resource05_e11_t04_u0,time_pressure,9,resource,18,0,missile,2.0,0.9999999701976776,8.0,6.999999791383743,1.0,0.0,7.0,6.999999791383743,1.0000002086162567,2.000000149011612,2.000000149011612,1.9999999403953552,-2.086162567138672e-07,0.0,0.9999999701976776,0.9999999701976776,3.9999998807907104,1.9999999403953552,0.0,0.0,0.9999999701976776,122.99999755620956,287
time_pressure_seed9_resource05_e11_t04_u0,time_pressure,9,resource,19,0,missile,2.0,0.9999999701976776,7.0,6.326271206140518,1.0,0.0,6.0,6.326271206140518,0.6737287938594818,1.8368644416332245,1.8368644416332245,1.8368642330169678,-2.086162567138672e-07,0.0,0.9999999701976776,0.9999999701976776,5.999999821186066,1.9999999403953552,0.0,0.0,0.9999999701976776,122.99999755620956,287
time_pressure_seed9_resource05_e11_t04_u0,time_pressure,9,resource,20,0,missile,2.0,0.9999999701976776,7.0,5.999999821186066,1.0,0.0,6.0,5.999999821186066,1.0000001788139343,2.000000089406967,2.000000089406967,1.9999998807907104,-2.086162567138672e-07,0.0,0.9999999701976776,0.9999999701976776,2.999999910593033,0.9999999701976776,0.0,0.0,0.9999999701976776,122.99999755620956,287
time_pressure_seed9_resource05_e11_t04_u0,time_pressure,9,resource,21,0,missile,2.0,0.9999999701976776,6.0,5.999999821186066,1.0,0.0,5.0,5.999999821186066,1.7881393432617188e-07,1.5000000894069672,1.5000000894069672,1.4999998807907104,-2.086162567138672e-07,0.0,0.9999999701976776,0.9999999701976776,8.631356716156006,4.648217260837555,0.0,0.0,0.9999999701976776,122.99999755620956,287
time_pressure_seed9_resource05_e11_t04_u0,time_pressure,9,resource,22,0,missile,2.0,0.9999999701976776,7.0,6.326271206140518,1.0,0.0,6.0,6.326271206140518,0.6737287938594818,1.8368644416332245,1.8368644416332245,1.8368642330169678,-2.086162567138672e-07,0.0,0.9999999701976776,0.9999999701976776,7.999999761581421,0.0,0.0,0.0,0.9999999701976776,122.99999755620956,287
time_pressure_seed9_resource05_e11_t04_u0,time_pressure,9,resource,23,0,missile,2.0,0.9999999701976776,7.0,6.326271206140518,1.0,0.0,6.0,6.326271206140518,0.6737287938594818,1.8368644416332245,1.8368644416332245,1.8368642330169678,-2.086162567138672e-07,0.0,0.9999999701976776,0.9999999701976776,5.999999821186066,1.9999999403953552,0.0,0.0,0.9999999701976776,122.99999755620956,287
time_pressure_seed9_resource05_e11_t04_u0,time_pressure,9,resource,24,0,missile,2.0,0.9999999701976776,7.0,6.326271206140518,1.0,0.0,6.0,6.326271206140518,0.6737287938594818,1.8368644416332245,1.8368644416332245,1.8368642330169678,-2.086162567138672e-07,0.0,0.9999999701976776,0.9999999701976776,21.432199835777283,6.737285852432251,1.7478656056807618,1.9999999403953552,,92.9999980032444,227
time_pressure_seed9_resource05_e11_t04_u0,time_pressure,9,resource,25,0,missile,2.0,0.9999999701976776,6.0,5.326271235942841,1.0,0.0,5.0,5.326271235942841,0.6737287640571594,1.8368643820285797,1.8368643820285797,1.836864173412323,-2.086162567138672e-07,0.0,0.9999999701976776,0.9999999701976776,3.9999998807907104,1.9999999403953552,0.0,0.0,0.9999999701976776,95.99999755620956,260
time_pressure_seed9_resource05_e11_t04_u0,time_pressure,9,resource,26,0,missile,2.0,0.9999999701976776,6.0,4.999999850988388,1.0,0.0,5.0,4.999999850988388,1.000000149011612,2.0000001192092896,2.0000001192092896,1.8368642330169678,-0.16313588619232178,0.0,0.9999999701976776,0.0,-5.999999821186066,-5.999999821186066,0.0,0.0,0.9999999701976776,44.99999910593033,105
time_pressure_seed9_resource05_e11_t04_u0,time_pressure,9,resource,27,0,missile,2.0,0.9999999701976776,8.0,6.999999791383743,1.0,0.0,7.0,6.999999791383743,1.0000002086162567,2.000000149011612,2.000000149011612,1.9999999403953552,-2.086162567138672e-07,0.0,0.9999999701976776,0.9999999701976776,7.992650896310806,1.9999999403953552,0.0,0.0,3.9999998807907104,122.99999755620956,287
time_pressure_seed9_resource05_e11_t04_u0,time_pressure,9,resource,28,0,missile,2.0,0.9999999701976776,7.0,5.999999821186066,1.0,0.0,6.0,5.999999821186066,1.0000001788139343,2.000000089406967,2.000000089406967,1.9999998807907104,-2.086162567138672e-07,0.0,0.9999999701976776,0.9999999701976776,13.977952986955643,14.999999552965164,0.6824227936650127,0.0,0.9999999701976776,122.99999755620956,287
time_pressure_seed9_resource05_e11_t04_u0,time_pressure,9,resource,29,0,missile,2.0,0.9999999701976776,8.0,6.999999791383743,1.0,0.0,7.0,6.999999791383743,1.0000002086162567,2.000000149011612,2.000000149011612,1.9999999403953552,-2.086162567138672e-07,0.0,0.9999999701976776,-0.007348865270614624,-7.357829332351685,-8.022046357393265,1.1925098488457444,1.335782915353775,1.9999999403953552,114.60542392730713,262
time_pressure_seed9_resource05_e11_t04_u0,time_pressure,9,resource,30,0,missile,2.0,0.9999999701976776,7.0,6.326271206140518,1.0,0.0,6.0,6.326271206140518,0.6737287938594818,1.8368644416332245,1.8368644416332245,1.8368642330169678,-2.086162567138672e-07,0.0,0.9999999701976776,0.9999999701976776,12.999999612569809,2.999999910593033,0.0,0.0,4.999999850988388,122.99999755620956,287
time_pressure_seed9_resource05_e11_t04_u0,time_pressure,9,resource,31,0,missile,2.0,0.9999999701976776,8.0,6.999999791383743,1.0,0.0,7.0,6.999999791383743,1.0000002086162567,2.000000149011612,2.000000149011612,1.9999999403953552,-2.086162567138672e-07,0.0,0.9999999701976776,0.9999999701976776,10.930814921855927,5.310271590948105,0.16135653321692023,0.0,10.634380131959915,122.99999755620956,287
time_pressure_seed10_safety00_e09_t24_u2,time_pressure,10,safety,0,2,laser,0.5,1.0,1.0,1.0,1.0,1.0,0.0,0.0,0.0,0.0,0.0,0.5,0.5,0.0,0.0,0.0,0.0,0.0,0.0,0.0,,6.0,6
time_pressure_seed10_safety00_e09_t24_u2,time_pressure,10,safety,1,2,laser,0.5,0.0,1.0,0.0,1.0,0.0,0.0,0.0,1.0,0.5,0.5,0.5,0.0,0.0,0.0,0.0,0.0,0.0,0.0,0.0,1.0,4.0,4
time_pressure_seed10_safety00_e09_t24_u2,time_pressure,10,safety,2,2,laser,0.5,1.0,1.0,1.0,1.0,1.0,0.0,0.0,0.0,0.0,0.0,0.5,0.5,0.0,0.0,0.0,0.0,0.0,0.0,0.0,,6.0,6
time_pressure_seed10_safety00_e09_t24_u2,time_pressure,10,safety,3,2,laser,0.5,1.0,1.0,1.0,1.0,1.0,0.0,0.0,0.0,0.0,0.0,0.5,0.5,0.0,0.0,0.0,0.0,0.0,0.0,0.0,,6.0,6
time_pressure_seed10_safety00_e09_t24_u2,time_pressure,10,safety,4,2,laser,0.5,1.0,0.0,0.0,0.0,0.0,0.0,0.0,0.0,0.0,0.0,0.5,0.5,0.0,0.0,0.0,0.0,0.0,0.0,0.0,,6.0,6
time_pressure_seed10_safety00_e09_t24_u2,time_pressure,10,safety,5,2,laser,0.5,0.0,0.0,0.0,0.0,0.0,0.0,0.0,0.0,0.0,0.0,0.5,0.5,0.0,0.0,0.0,0.0,0.0,0.0,0.0,,4.0,4
time_pressure_seed10_safety00_e09_t24_u2,time_pressure,10,safety,6,2,laser,0.5,1.0,1.0,1.0,1.0,1.0,0.0,0.0,0.0,0.0,0.0,0.5,0.5,0.0,0.0,0.0,0.0,0.0,0.0,0.0,,6.0,6
time_pressure_seed10_safety00_e09_t24_u2,time_pressure,10,safety,7,2,laser,0.5,1.0,0.0,0.0,0.0,0.0,0.0,0.0,0.0,0.0,0.0,0.5,0.5,0.0,0.0,0.0,0.0,0.0,0.0,0.0,,6.0,6
time_pressure_seed10_safety00_e09_t24_u2,time_pressure,10,safety,8,2,laser,0.5,1.0,0.0,0.0,0.0,0.0,0.0,0.0,0.0,0.0,0.0,0.5,0.5,0.0,0.0,0.0,0.0,0.0,0.0,0.0,,6.0,6
time_pressure_seed10_safety00_e09_t24_u2,time_pressure,10,safety,9,2,laser,0.5,0.0,0.0,0.0,0.0,0.0,0.0,0.0,0.0,0.0,0.0,0.5,0.5,0.0,0.0,0.0,0.0,0.0,0.0,0.0,,4.0,4
time_pressure_seed10_safety00_e09_t24_u2,time_pressure,10,safety,10,2,laser,0.5,1.0,1.0,1.0,1.0,1.0,0.0,0.0,0.0,0.0,0.0,0.5,0.5,0.0,0.0,0.0,0.0,0.0,0.0,0.0,,6.0,6
time_pressure_seed10_safety00_e09_t24_u2,time_pressure,10,safety,11,2,laser,0.5,1.0,1.0,1.0,1.0,1.0,0.0,0.0,0.0,0.0,0.0,0.5,0.5,0.0,0.0,0.0,0.0,0.0,0.0,0.0,,6.0,6
time_pressure_seed10_safety00_e09_t24_u2,time_pressure,10,safety,12,2,laser,0.5,1.0,1.0,1.0,1.0,1.0,0.0,0.0,0.0,0.0,0.0,0.5,0.5,0.0,0.0,0.0,0.0,0.0,0.0,0.0,,6.0,6
time_pressure_seed10_safety00_e09_t24_u2,time_pressure,10,safety,13,2,laser,0.5,1.0,1.0,1.0,1.0,1.0,0.0,0.0,0.0,0.0,0.0,0.5,0.5,0.0,0.0,0.0,0.0,0.0,0.0,0.0,,6.0,6
time_pressure_seed10_safety00_e09_t24_u2,time_pressure,10,safety,14,2,laser,0.5,1.0,0.0,0.0,0.0,0.0,0.0,0.0,0.0,0.0,0.0,0.5,0.5,0.0,0.0,0.0,0.0,0.0,0.0,0.0,,6.0,6
time_pressure_seed10_safety00_e09_t24_u2,time_pressure,10,safety,15,2,laser,0.5,0.0,1.0,0.0,1.0,0.0,0.0,0.0,1.0,0.5,0.5,0.5,0.0,0.0,0.0,0.0,0.0,0.0,0.0,0.0,1.0,4.0,4
time_pressure_seed10_safety00_e09_t24_u2,time_pressure,10,safety,16,2,laser,0.5,1.0,1.0,1.0,1.0,1.0,0.0,0.0,0.0,0.0,0.0,0.5,0.5,0.0,0.0,0.0,0.0,0.0,0.0,0.0,,6.0,6
time_pressure_seed10_safety00_e09_t24_u2,time_pressure,10,safety,17,2,laser,0.5,0.0,0.0,0.0,0.0,0.0,0.0,0.0,0.0,0.0,0.0,0.5,0.5,0.0,0.0,0.0,0.0,0.0,0.0,0.0,,4.0,4
time_pressure_seed10_safety00_e09_t24_u2,time_pressure,10,safety,18,2,laser,0.5,1.0,1.0,1.0,1.0,1.0,0.0,0.0,0.0,0.0,0.0,0.5,0.5,0.0,0.0,0.0,0.0,0.0,0.0,0.0,,6.0,6
time_pressure_seed10_safety00_e09_t24_u2,time_pressure,10,safety,19,2,laser,0.5,1.0,1.0,1.0,1.0,1.0,0.0,0.0,0.0,0.0,0.0,0.5,0.5,0.0,0.0,0.0,0.0,0.0,0.0,0.0,,6.0,6
time_pressure_seed10_safety00_e09_t24_u2,time_pressure,10,safety,20,2,laser,0.5,1.0,1.0,1.0,1.0,1.0,0.0,0.0,0.0,0.0,0.0,0.5,0.5,0.0,0.0,0.0,0.0,0.0,0.0,0.0,,6.0,6
time_pressure_seed10_safety00_e09_t24_u2,time_pressure,10,safety,21,2,laser,0.5,1.0,1.0,1.0,1.0,1.0,0.0,0.0,0.0,0.0,0.0,0.5,0.5,0.0,0.0,0.0,0.0,0.0,0.0,0.0,,6.0,6
time_pressure_seed10_safety00_e09_t24_u2,time_pressure,10,safety,22,2,laser,0.5,1.0,1.0,1.0,1.0,1.0,0.0,0.0,0.0,0.0,0.0,0.5,0.5,0.0,0.0,0.0,0.0,0.0,0.0,0.0,,6.0,6
time_pressure_seed10_safety00_e09_t24_u2,time_pressure,10,safety,23,2,laser,0.5,1.0,0.0,0.0,0.0,0.0,0.0,0.0,0.0,0.0,0.0,0.5,0.5,0.0,0.0,0.0,0.0,0.0,0.0,0.0,,6.0,6
time_pressure_seed10_safety00_e09_t24_u2,time_pressure,10,safety,24,2,laser,0.5,1.0,0.0,0.0,0.0,0.0,0.0,0.0,0.0,0.0,0.0,0.5,0.5,0.0,0.0,0.0,0.0,0.0,0.0,0.0,,6.0,6
time_pressure_seed10_safety00_e09_t24_u2,time_pressure,10,safety,25,2,laser,0.5,1.0,1.0,1.0,1.0,1.0,0.0,0.0,0.0,0.0,0.0,0.5,0.5,0.0,0.0,0.0,0.0,0.0,0.0,0.0,,6.0,6
time_pressure_seed10_safety00_e09_t24_u2,time_pressure,10,safety,26,2,laser,0.5,1.0,1.0,1.0,1.0,1.0,0.0,0.0,0.0,0.0,0.0,0.5,0.5,0.0,0.0,0.0,0.0,0.0,0.0,0.0,,6.0,6
time_pressure_seed10_safety00_e09_t24_u2,time_pressure,10,safety,27,2,laser,0.5,0.0,1.0,0.0,1.0,0.0,0.0,0.0,1.0,0.5,0.5,0.5,0.0,0.0,0.0,0.0,0.0,0.0,0.0,0.0,1.0,4.0,4
time_pressure_seed10_safety00_e09_t24_u2,time_pressure,10,safety,28,2,laser,0.5,1.0,1.0,1.0,1.0,1.0,0.0,0.0,0.0,0.0,0.0,0.5,0.5,0.0,0.0,0.0,0.0,0.0,0.0,0.0,,6.0,6
time_pressure_seed10_safety00_e09_t24_u2,time_pressure,10,safety,29,2,laser,0.5,0.0,0.0,0.0,0.0,0.0,0.0,0.0,0.0,0.0,0.0,0.5,0.5,0.0,0.0,0.0,0.0,0.0,0.0,0.0,,4.0,4
time_pressure_seed10_safety00_e09_t24_u2,time_pressure,10,safety,30,2,laser,0.5,1.0,0.0,0.0,0.0,0.0,0.0,0.0,0.0,0.0,0.0,0.5,0.5,0.0,0.0,0.0,0.0,0.0,0.0,0.0,,6.0,6
time_pressure_seed10_safety00_e09_t24_u2,time_pressure,10,safety,31,2,laser,0.5,1.0,1.0,1.0,1.0,1.0,0.0,0.0,0.0,0.0,0.0,0.5,0.5,0.0,0.0,0.0,0.0,0.0,0.0,0.0,,6.0,6
time_pressure_seed10_safety01_e04_t16_u2,time_pressure,10,safety,0,2,laser,0.5,1.0000000298023224,1.0,0.0,1.0,0.0,0.0,0.0,1.0,0.5,0.5,0.5000000149011612,1.4901161193847656e-08,0.0,1.0000000298023224,1.0000000298023224,5.000000149011612,0.0,0.0,0.0,3.000000089406967,36.00000071525574,60
time_pressure_seed10_safety01_e04_t16_u2,time_pressure,10,safety,1,2,laser,0.5,1.0000000298023224,1.0,0.0,1.0,0.0,0.0,0.0,1.0,0.5,0.5,0.5000000149011612,1.4901161193847656e-08,0.0,1.0000000298023224,1.0000000298023224,5.000000149011612,0.0,0.0,0.0,3.000000089406967,36.00000071525574,60
time_pressure_seed10_safety01_e04_t16_u2,time_pressure,10,safety,2,2,laser,0.5,1.0000000298023224,1.0,0.0,1.0,0.0,0.0,0.0,1.0,0.5,0.5,0.5000000149011612,1.4901161193847656e-08,0.0,1.0000000298023224,1.0000000298023224,4.0000001192092896,0.0,0.0,0.0,2.0000000596046448,36.00000071525574,60
time_pressure_seed10_safety01_e04_t16_u2,time_pressure,10,safety,3,2,laser,0.5,1.0000000298023224,1.0,0.0,1.0,0.0,0.0,0.0,1.0,0.5,0.5,0.5000000149011612,1.4901161193847656e-08,0.0,1.0000000298023224,1.0000000298023224,2.0000000596046448,0.0,0.0,0.0,1.0000000298023224,36.00000071525574,60
time_pressure_seed10_safety01_e04_t16_u2,time_pressure,10,safety,4,2,laser,0.5,1.0000000298023224,1.0,0.0,1.0,0.0,0.0,0.0,1.0,0.5,0.5,0.5000000149011612,1.4901161193847656e-08,0.0,1.0000000298023224,1.0000000298023224,3.015873968601227,0.0,0.0,0.0,2.0000000596046448,36.00000071525574,60
time_pressure_seed10_safety01_e04_t16_u2,time_pressure,10,safety,5,2,laser,0.5,1.0000000298023224,1.0,0.0,1.0,0.0,0.0,0.0,1.0,0.5,0.5,0.5000000149011612,1.4901161193847656e-08,0.0,1.0000000298023224,1.0000000298023224,4.015873998403549,0.0,0.0,0.0,3.000000089406967,36.00000071525574,60
time_pressure_seed10_safety01_e04_t16_u2,time_pressure,10,safety,6,2,laser,0.5,1.0000000298023224,1.0,0.0,1.0,0.0,0.0,0.0,1.0,0.5,0.5,0.5000000149011612,1.4901161193847656e-08,0.0,1.0000000298023224,1.0000000298023224,4.015873998403549,0.0,0.4296541479027258,0.0,3.000000089406967,36.00000071525574,60
time_pressure_seed10_safety01_e04_t16_u2,time_pressure,10,safety,7,2,laser,0.5,1.0000000298023224,1.0,0.0,1.0,0.0,0.0,0.0,1.0,0.5,0.5,0.5000000149011612,1.4901161193847656e-08,0.0,1.0000000298023224,1.0000000298023224,1.5079369843006134,0.0,0.0,0.0,1.0000000298023224,36.00000071525574,60
time_pressure_seed10_safety01_e04_t16_u2,time_pressure,10,safety,8,2,laser,0.5,1.0000000298023224,1.0,0.0,1.0,0.0,0.0,0.0,1.0,0.5,0.5,0.5000000149011612,1.4901161193847656e-08,0.0,1.0000000298023224,1.0000000298023224,1.4920631051063538,0.0,0.0,0.0,1.0000000298023224,36.00000071525574,60
time_pressure_seed10_safety01_e04_t16_u2,time_pressure,10,safety,9,2,laser,0.5,1.0000000298023224,1.0,0.0,1.0,0.0,0.0,0.0,1.0,0.5,0.5,0.5000000149011612,1.4901161193847656e-08,0.0,1.0000000298023224,1.0000000298023224,4.0000001192092896,0.0,0.0,0.0,2.0000000596046448,36.00000071525574,60
time_pressure_seed10_safety01_e04_t16_u2,time_pressure,10,safety,10,2,laser,0.5,1.0000000298023224,1.0,0.0,1.0,0.0,0.0,0.0,1.0,0.5,0.5,0.5000000149011612,1.4901161193847656e-08,0.0,1.0000000298023224,1.0000000298023224,2.0000000596046448,0.0,0.0,0.0,1.0000000298023224,36.00000071525574,60
time_pressure_seed10_safety01_e04_t16_u2,time_pressure,10,safety,11,2,laser,0.5,1.0000000298023224,1.0,0.0,1.0,0.0,0.0,0.0,1.0,0.5,0.5,0.5000000149011612,1.4901161193847656e-08,0.0,1.0000000298023224,1.0000000298023224,4.0000001192092896,0.0,0.0,0.0,2.0000000596046448,36.00000071525574,60
time_pressure_seed10_safety01_e04_t16_u2,time_pressure,10,safety,12,2,laser,0.5,1.0000000298023224,1.0,0.0,1.0,0.0,0.0,0.0,1.0,0.5,0.5,0.5000000149011612,1.4901161193847656e-08,0.0,1.0000000298023224,1.0000000298023224,4.0000001192092896,0.0,0.0,0.0,2.0000000596046448,36.00000071525574,60
time_pressure_seed10_safety01_e04_t16_u2,time_pressure,10,safety,13,2,laser,0.5,1.0000000298023224,1.0,0.0,1.0,0.0,0.0,0.0,1.0,0.5,0.5,0.5000000149011612,1.4901161193847656e-08,0.0,1.0000000298023224,1.0000000298023224,2.0000000596046448,0.0,0.0,0.0,1.0000000298023224,36.00000071525574,60
time_pressure_seed10_safety01_e04_t16_u2,time_pressure,10,safety,14,2,laser,0.5,1.0000000298023224,1.0,0.0,1.0,0.0,0.0,0.0,1.0,0.5,0.5,0.5000000149011612,1.4901161193847656e-08,0.0,1.0000000298023224,1.0000000298023224,2.0000000596046448,0.0,0.0,0.0,1.0000000298023224,36.00000071525574,60
time_pressure_seed10_safety01_e04_t16_u2,time_pressure,10,safety,15,2,laser,0.5,1.0000000298023224,1.0,0.0,1.0,0.0,0.0,0.0,1.0,0.5,0.5,0.5000000149011612,1.4901161193847656e-08,0.0,1.0000000298023224,1.0000000298023224,4.0000001192092896,0.0,0.0,0.0,2.0000000596046448,36.00000071525574,60
time_pressure_seed10_safety01_e04_t16_u2,time_pressure,10,safety,16,2,laser,0.5,1.0000000298023224,1.0,0.0,1.0,0.0,0.0,0.0,1.0,0.5,0.5,0.5000000149011612,1.4901161193847656e-08,0.0,1.0000000298023224,1.0000000298023224,1.0000000298023224,0.0,0.4296541479027258,0.0,1.0000000298023224,36.00000071525574,60
time_pressure_seed10_safety01_e04_t16_u2,time_pressure,10,safety,17,2,laser,0.5,1.0000000298023224,1.0,0.0,1.0,0.0,0.0,0.0,1.0,0.5,0.5,0.5000000149011612,1.4901161193847656e-08,0.0,1.0000000298023224,1.0000000298023224,4.015873998403549,0.0,0.0,0.0,3.000000089406967,36.00000071525574,60
time_pressure_seed10_safety01_e04_t16_u2,time_pressure,10,safety,18,2,laser,0.5,1.0000000298023224,1.0,0.0,1.0,0.0,0.0,0.0,1.0,0.5,0.5,0.5000000149011612,1.4901161193847656e-08,0.0,1.0000000298023224,1.0000000298023224,1.4920631051063538,0.0,0.42965414790272594,0.0,1.0000000298023224,36.00000071525574,60
time_pressure_seed10_safety01_e04_t16_u2,time_pressure,10,safety,19,2,laser,0.5,1.0000000298023224,1.0,0.0,1.0,0.0,0.0,0.0,1.0,0.5,0.5,0.5000000149011612,1.4901161193847656e-08,0.0,1.0000000298023224,1.0000000298023224,4.0000001192092896,0.0,0.0,0.0,2.0000000596046448,36.00000071525574,60
time_pressure_seed10_safety01_e04_t16_u2,time_pressure,10,safety,20,2,laser,0.5,1.0000000298023224,1.0,0.0,1.0,0.0,0.0,0.0,1.0,0.5,0.5,0.5000000149011612,1.4901161193847656e-08,0.0,1.0000000298023224,1.0000000298023224,1.4920631051063538,0.0,0.0,0.0,1.0000000298023224,36.00000071525574,60
time_pressure_seed10_safety01_e04_t16_u2,time_pressure,10,safety,21,2,laser,0.5,1.0000000298023224,1.0,0.0,1.0,0.0,0.0,0.0,1.0,0.5,0.5,0.5000000149011612,1.4901161193847656e-08,0.0,1.0000000298023224,1.0000000298023224,1.0000000298023224,0.0,0.0,0.0,1.0000000298023224,36.00000071525574,60
time_pressure_seed10_safety01_e04_t16_u2,time_pressure,10,safety,22,2,laser,0.5,1.0000000298023224,1.0,0.0,1.0,0.0,0.0,0.0,1.0,0.5,0.5,0.5000000149011612,1.4901161193847656e-08,0.0,1.0000000298023224,1.0000000298023224,1.4920631051063538,0.0,0.0,0.0,1.0000000298023224,36.00000071525574,60
time_pressure_seed10_safety01_e04_t16_u2,time_pressure,10,safety,23,2,laser,0.5,1.0000000298023224,1.0,0.0,1.0,0.0,0.0,0.0,1.0,0.5,0.5,0.5000000149011612,1.4901161193847656e-08,0.0,1.0000000298023224,1.0000000298023224,10.015874177217484,0.0,0.0,0.0,7.000000208616257,36.00000071525574,60
time_pressure_seed10_safety01_e04_t16_u2,time_pressure,10,safety,24,2,laser,0.5,1.0000000298023224,1.0,0.0,1.0,0.0,0.0,0.0,1.0,0.5,0.5,0.5000000149011612,1.4901161193847656e-08,0.0,1.0000000298023224,1.0000000298023224,4.0000001192092896,0.0,0.6535854625250161,0.0,2.0000000596046448,36.00000071525574,60
time_pressure_seed10_safety01_e04_t16_u2,time_pressure,10,safety,25,2,laser,0.5,1.0000000298023224,1.0,0.0,1.0,0.0,0.0,0.0,1.0,0.5,0.5,0.5000000149011612,1.4901161193847656e-08,0.0,1.0000000298023224,1.0000000298023224,5.000000149011612,0.0,0.0,0.0,3.000000089406967,36.00000071525574,60
time_pressure_seed10_safety01_e04_t16_u2,time_pressure,10,safety,26,2,laser,0.5,1.0000000298023224,1.0,0.0,1.0,0.0,0.0,0.0,1.0,0.5,0.5,0.5000000149011612,1.4901161193847656e-08,0.0,1.0000000298023224,1.0000000298023224,2.0000000596046448,0.0,0.0,0.0,1.0000000298023224,36.00000071525574,60
time_pressure_seed10_safety01_e04_t16_u2,time_pressure,10,safety,27,2,laser,0.5,1.0000000298023224,1.0,0.0,1.0,0.0,0.0,0.0,1.0,0.5,0.5,0.5000000149011612,1.4901161193847656e-08,0.0,1.0000000298023224,1.0000000298023224,2.0000000596046448,0.0,0.0,0.0,1.0000000298023224,36.00000071525574,60
time_pressure_seed10_safety01_e04_t16_u2,time_pressure,10,safety,28,2,laser,0.5,1.0000000298023224,1.0,0.0,1.0,0.0,0.0,0.0,1.0,0.5,0.5,0.5000000149011612,1.4901161193847656e-08,0.0,1.0000000298023224,1.0000000298023224,4.492063194513321,0.0,0.0,0.0,2.0000000596046448,36.00000071525574,60
time_pressure_seed10_safety01_e04_t16_u2,time_pressure,10,safety,29,2,laser,0.5,1.0000000298023224,1.0,0.0,1.0,0.0,0.0,0.0,1.0,0.5,0.5,0.5000000149011612,1.4901161193847656e-08,0.0,1.0000000298023224,1.0000000298023224,5.000000149011612,0.0,0.0,0.0,3.000000089406967,36.00000071525574,60
time_pressure_seed10_safety01_e04_t16_u2,time_pressure,10,safety,30,2,laser,0.5,1.0000000298023224,1.0,0.0,1.0,0.0,0.0,0.0,1.0,0.5,0.5,0.5000000149011612,1.4901161193847656e-08,0.0,1.0000000298023224,1.0000000298023224,1.4920631051063538,0.0,0.0,0.0,1.0000000298023224,36.00000071525574,60
time_pressure_seed10_safety01_e04_t16_u2,time_pressure,10,safety,31,2,laser,0.5,1.0000000298023224,1.0,0.0,1.0,0.0,0.0,0.0,1.0,0.5,0.5,0.5000000149011612,1.4901161193847656e-08,0.0,1.0000000298023224,1.0000000298023224,4.0000001192092896,0.0,0.0,0.0,2.0000000596046448,36.00000071525574,60
time_pressure_seed10_safety02_e09_t23_u2,time_pressure,10,safety,0,2,laser,0.5,1.0,0.0,0.0,0.0,0.0,0.0,0.0,0.0,0.0,0.0,0.5,0.5,0.0,0.0,0.0,0.0,0.0,0.0,0.0,,9.0,9
time_pressure_seed10_safety02_e09_t23_u2,time_pressure,10,safety,1,2,laser,0.5,0.0,2.0,0.0,2.0,0.0,0.0,0.0,2.0,1.0,1.0,0.5,-0.5,0.0,0.0,0.0,0.0,0.0,0.0,0.0,1.0,5.0,5
time_pressure_seed10_safety02_e09_t23_u2,time_pressure,10,safety,2,2,laser,0.5,0.0,2.0,0.0,2.0,0.0,0.0,0.0,2.0,1.0,1.0,0.5,-0.5,0.0,0.0,0.0,0.0,0.0,0.0,0.0,1.0,5.0,5
time_pressure_seed10_safety02_e09_t23_u2,time_pressure,10,safety,3,2,laser,0.5,1.0,1.0,1.0,1.0,1.0,0.0,0.0,0.0,0.0,0.0,0.5,0.5,0.0,0.0,0.0,0.0,0.0,0.0,0.0,,9.0,9
time_pressure_seed10_safety02_e09_t23_u2,time_pressure,10,safety,4,2,laser,0.5,1.0,1.0,1.0,1.0,1.0,0.0,0.0,0.0,0.0,0.0,0.5,0.5,0.0,0.0,0.0,0.0,0.0,0.0,0.0,,9.0,9
time_pressure_seed10_safety02_e09_t23_u2,time_pressure,10,safety,5,2,laser,0.5,1.0,1.0,1.0,1.0,1.0,0.0,0.0,0.0,0.0,0.0,0.5,0.5,0.0,0.0,0.0,0.0,0.0,0.0,0.0,,6.0,6
time_pressure_seed10_safety02_e09_t23_u2,time_pressure,10,safety,6,2,laser,0.5,1.0,1.0,1.0,1.0,1.0,0.0,0.0,0.0,0.0,0.0,0.5,0.5,0.0,0.0,0.0,0.0,0.0,0.0,0.0,,6.0,6
time_pressure_seed10_safety02_e09_t23_u2,time_pressure,10,safety,7,2,laser,0.5,1.0,0.0,0.0,0.0,0.0,0.0,0.0,0.0,0.0,0.0,0.5,0.5,0.0,0.0,0.0,0.0,0.0,0.0,0.0,,9.0,9
time_pressure_seed10_safety02_e09_t23_u2,time_pressure,10,safety,8,2,laser,0.5,1.0,1.0,1.0,1.0,1.0,0.0,0.0,0.0,0.0,0.0,0.5,0.5,0.0,0.0,0.0,0.0,0.0,0.0,0.0,,9.0,9
time_pressure_seed10_safety02_e09_t23_u2,time_pressure,10,safety,9,2,laser,0.5,1.0,2.0,2.0,2.0,2.0,0.0,0.0,0.0,0.0,0.0,0.5,0.5,0.0,0.0,0.0,0.0,0.0,0.0,0.0,,9.0,9
time_pressure_seed10_safety02_e09_t23_u2,time_pressure,10,safety,10,2,laser,0.5,1.0,1.0,1.0,1.0,1.0,0.0,0.0,0.0,0.0,0.0,0.5,0.5,0.0,0.0,0.0,0.0,0.0,0.0,0.0,,9.0,9
time_pressure_seed10_safety02_e09_t23_u2,time_pressure,10,safety,11,2,laser,0.5,1.0,1.0,1.0,1.0,1.0,0.0,0.0,0.0,0.0,0.0,0.5,0.5,0.0,0.0,0.0,0.0,0.0,0.0,0.0,,9.0,9
time_pressure_seed10_safety02_e09_t23_u2,time_pressure,10,safety,12,2,laser,0.5,1.0,1.0,1.0,1.0,1.0,0.0,0.0,0.0,0.0,0.0,0.5,0.5,0.0,0.0,0.0,0.0,0.0,0.0,0.0,,9.0,9
time_pressure_seed10_safety02_e09_t23_u2,time_pressure,10,safety,13,2,laser,0.5,1.0,1.0,1.0,1.0,1.0,0.0,0.0,0.0,0.0,0.0,0.5,0.5,0.0,0.0,0.0,0.0,0.0,0.0,0.0,,9.0,9
time_pressure_seed10_safety02_e09_t23_u2,time_pressure,10,safety,14,2,laser,0.5,0.0,1.0,0.0,1.0,0.0,0.0,0.0,1.0,0.5,0.5,0.5,0.0,0.0,0.0,0.0,0.0,0.0,0.0,0.0,1.0,5.0,5
time_pressure_seed10_safety02_e09_t23_u2,time_pressure,10,safety,15,2,laser,0.5,1.0,1.0,1.0,1.0,1.0,0.0,0.0,0.0,0.0,0.0,0.5,0.5,0.0,0.0,0.0,0.0,0.0,0.0,0.0,,9.0,9
time_pressure_seed10_safety02_e09_t23_u2,time_pressure,10,safety,16,2,laser,0.5,0.0,2.0,0.0,2.0,0.0,0.0,0.0,2.0,1.0,1.0,0.5,-0.5,0.0,0.0,0.0,0.0,0.0,0.0,0.0,1.0,5.0,5
time_pressure_seed10_safety02_e09_t23_u2,time_pressure,10,safety,17,2,laser,0.5,1.0,1.0,1.0,1.0,1.0,0.0,0.0,0.0,0.0,0.0,0.5,0.5,0.0,0.0,0.0,0.0,0.0,0.0,0.0,,9.0,9
time_pressure_seed10_safety02_e09_t23_u2,time_pressure,10,safety,18,2,laser,0.5,1.0,0.0,0.0,0.0,0.0,0.0,0.0,0.0,0.0,0.0,0.5,0.5,0.0,0.0,0.0,0.0,0.0,0.0,0.0,,9.0,9
time_pressure_seed10_safety02_e09_t23_u2,time_pressure,10,safety,19,2,laser,0.5,1.0,1.0,1.0,1.0,1.0,0.0,0.0,0.0,0.0,0.0,0.5,0.5,0.0,0.0,0.0,0.0,0.0,0.0,0.0,,9.0,9
time_pressure_seed10_safety02_e09_t23_u2,time_pressure,10,safety,20,2,laser,0.5,1.0,2.0,2.0,2.0,2.0,0.0,0.0,0.0,0.0,0.0,0.5,0.5,0.0,0.0,0.0,0.0,0.0,0.0,0.0,,9.0,9
time_pressure_seed10_safety02_e09_t23_u2,time_pressure,10,safety,21,2,laser,0.5,1.0,0.0,0.0,0.0,0.0,0.0,0.0,0.0,0.0,0.0,0.5,0.5,0.0,0.0,0.0,0.0,0.0,0.0,0.0,,9.0,9
time_pressure_seed10_safety02_e09_t23_u2,time_pressure,10,safety,22,2,laser,0.5,1.0,1.0,1.0,1.0,1.0,0.0,0.0,0.0,0.0,0.0,0.5,0.5,0.0,0.0,0.0,0.0,0.0,0.0,0.0,,9.0,9
time_pressure_seed10_safety02_e09_t23_u2,time_pressure,10,safety,23,2,laser,0.5,1.0,2.0,2.0,2.0,2.0,0.0,0.0,0.0,0.0,0.0,0.5,0.5,0.0,0.0,0.0,0.0,0.0,0.0,0.0,,9.0,9
time_pressure_seed10_safety02_e09_t23_u2,time_pressure,10,safety,24,2,laser,0.5,1.0,2.0,2.0,2.0,2.0,0.0,0.0,0.0,0.0,0.0,0.5,0.5,0.0,0.0,0.0,0.0,0.0,0.0,0.0,,9.0,9
time_pressure_seed10_safety02_e09_t23_u2,time_pressure,10,safety,25,2,laser,0.5,1.0,1.0,1.0,1.0,1.0,0.0,0.0,0.0,0.0,0.0,0.5,0.5,0.0,0.0,0.0,0.0,0.0,0.0,0.0,,9.0,9
time_pressure_seed10_safety02_e09_t23_u2,time_pressure,10,safety,26,2,laser,0.5,1.0,1.0,1.0,1.0,1.0,0.0,0.0,0.0,0.0,0.0,0.5,0.5,0.0,0.0,0.0,0.0,0.0,0.0,0.0,,9.0,9
time_pressure_seed10_safety02_e09_t23_u2,time_pressure,10,safety,27,2,laser,0.5,1.0,0.0,0.0,0.0,0.0,0.0,0.0,0.0,0.0,0.0,0.5,0.5,0.0,0.0,0.0,0.0,0.0,0.0,0.0,,9.0,9
time_pressure_seed10_safety02_e09_t23_u2,time_pressure,10,safety,28,2,laser,0.5,1.0,1.0,1.0,1.0,1.0,0.0,0.0,0.0,0.0,0.0,0.5,0.5,0.0,0.0,0.0,0.0,0.0,0.0,0.0,,9.0,9
time_pressure_seed10_safety02_e09_t23_u2,time_pressure,10,safety,29,2,laser,0.5,1.0,0.0,0.0,0.0,0.0,0.0,0.0,0.0,0.0,0.0,0.5,0.5,0.0,0.0,0.0,0.0,0.0,0.0,0.0,,9.0,9
time_pressure_seed10_safety02_e09_t23_u2,time_pressure,10,safety,30,2,laser,0.5,1.0,0.0,0.0,0.0,0.0,0.0,0.0,0.0,0.0,0.0,0.5,0.5,0.0,0.0,0.0,0.0,0.0,0.0,0.0,,9.0,9
time_pressure_seed10_safety02_e09_t23_u2,time_pressure,10,safety,31,2,laser,0.5,0.0,0.0,0.0,0.0,0.0,0.0,0.0,0.0,0.0,0.0,0.5,0.5,0.0,0.0,0.0,0.0,0.0,0.0,0.0,,5.0,5
time_pressure_seed10_safety03_e09_t22_u2,time_pressure,10,safety,0,2,laser,0.5,0.0,2.0,0.0,2.0,0.0,0.0,0.0,2.0,1.0,1.0,0.5,-0.5,0.0,0.0,0.0,0.0,0.0,0.0,0.0,1.0,5.0,5
time_pressure_seed10_safety03_e09_t22_u2,time_pressure,10,safety,1,2,laser,0.5,1.0,2.0,2.0,2.0,2.0,0.0,0.0,0.0,0.0,0.0,0.5,0.5,0.0,0.0,0.0,0.0,0.0,0.0,0.0,,12.0,12
time_pressure_seed10_safety03_e09_t22_u2,time_pressure,10,safety,2,2,laser,0.5,1.0,2.0,2.0,2.0,2.0,0.0,0.0,0.0,0.0,0.0,0.5,0.5,0.0,0.0,0.0,0.0,0.0,0.0,0.0,,12.0,12
time_pressure_seed10_safety03_e09_t22_u2,time_pressure,10,safety,3,2,laser,0.5,1.0,1.0,1.0,1.0,1.0,0.0,0.0,0.0,0.0,0.0,0.5,0.5,0.0,0.0,0.0,0.0,0.0,0.0,0.0,,9.0,9
time_pressure_seed10_safety03_e09_t22_u2,time_pressure,10,safety,4,2,laser,0.5,1.0,1.0,1.0,1.0,1.0,0.0,0.0,0.0,0.0,0.0,0.5,0.5,0.0,0.0,0.0,0.0,0.0,0.0,0.0,,12.0,12
time_pressure_seed10_safety03_e09_t22_u2,time_pressure,10,safety,5,2,laser,0.5,1.0,2.0,2.0,2.0,2.0,0.0,0.0,0.0,0.0,0.0,0.5,0.5,0.0,0.0,0.0,0.0,0.0,0.0,0.0,,12.0,12
time_pressure_seed10_safety03_e09_t22_u2,time_pressure,10,safety,6,2,laser,0.5,1.0,2.0,2.0,2.0,2.0,0.0,0.0,0.0,0.0,0.0,0.5,0.5,0.0,0.0,0.0,0.0,0.0,0.0,0.0,,12.0,12
time_pressure_seed10_safety03_e09_t22_u2,time_pressure,10,safety,7,2,laser,0.5,1.0,2.0,2.0,2.0,2.0,0.0,0.0,0.0,0.0,0.0,0.5,0.5,0.0,0.0,0.0,0.0,0.0,0.0,0.0,,9.0,9
time_pressure_seed10_safety03_e09_t22_u2,time_pressure,10,safety,8,2,laser,0.5,1.0,2.0,2.0,2.0,2.0,0.0,0.0,0.0,0.0,0.0,0.5,0.5,0.0,0.0,0.0,0.0,0.0,0.0,0.0,,12.0,12
time_pressure_seed10_safety03_e09_t22_u2,time_pressure,10,safety,9,2,laser,0.5,1.0,2.0,2.0,2.0,2.0,0.0,0.0,0.0,0.0,0.0,0.5,0.5,0.0,0.0,0.0,0.0,0.0,0.0,0.0,,12.0,12
time_pressure_seed10_safety03_e09_t22_u2,time_pressure,10,safety,10,2,laser,0.5,1.0,2.0,2.0,2.0,2.0,0.0,0.0,0.0,0.0,0.0,0.5,0.5,0.0,0.0,0.0,0.0,0.0,0.0,0.0,,12.0,12
time_pressure_seed10_safety03_e09_t22_u2,time_pressure,10,safety,11,2,laser,0.5,1.0,1.0,1.0,1.0,1.0,0.0,0.0,0.0,0.0,0.0,0.5,0.5,0.0,0.0,0.0,0.0,0.0,0.0,0.0,,12.0,12
time_pressure_seed10_safety03_e09_t22_u2,time_pressure,10,safety,12,2,laser,0.5,1.0,1.0,1.0,1.0,1.0,0.0,0.0,0.0,0.0,0.0,0.5,0.5,0.0,0.0,0.0,0.0,0.0,0.0,0.0,,12.0,12
time_pressure_seed10_safety03_e09_t22_u2,time_pressure,10,safety,13,2,laser,0.5,1.0,2.0,2.0,2.0,2.0,0.0,0.0,0.0,0.0,0.0,0.5,0.5,0.0,0.0,0.0,0.0,0.0,0.0,0.0,,9.0,9
time_pressure_seed10_safety03_e09_t22_u2,time_pressure,10,safety,14,2,laser,0.5,1.0,3.0,3.0,3.0,3.0,0.0,0.0,0.0,0.0,0.0,0.5,0.5,0.0,0.0,0.0,0.0,0.0,0.0,0.0,,12.0,12
time_pressure_seed10_safety03_e09_t22_u2,time_pressure,10,safety,15,2,laser,0.5,1.0,0.0,0.0,0.0,0.0,0.0,0.0,0.0,0.0,0.0,0.5,0.5,0.0,0.0,0.0,0.0,0.0,0.0,0.0,,12.0,12
time_pressure_seed10_safety03_e09_t22_u2,time_pressure,10,safety,16,2,laser,0.5,1.0,1.0,1.0,1.0,1.0,0.0,0.0,0.0,0.0,0.0,0.5,0.5,0.0,0.0,0.0,0.0,0.0,0.0,0.0,,6.0,6
time_pressure_seed10_safety03_e09_t22_u2,time_pressure,10,safety,17,2,laser,0.5,1.0,1.0,1.0,1.0,1.0,0.0,0.0,0.0,0.0,0.0,0.5,0.5,0.0,0.0,0.0,0.0,0.0,0.0,0.0,,12.0,12
time_pressure_seed10_safety03_e09_t22_u2,time_pressure,10,safety,18,2,laser,0.5,1.0,1.0,1.0,1.0,1.0,0.0,0.0,0.0,0.0,0.0,0.5,0.5,0.0,0.0,0.0,0.0,0.0,0.0,0.0,,12.0,12
time_pressure_seed10_safety03_e09_t22_u2,time_pressure,10,safety,19,2,laser,0.5,1.0,2.0,2.0,2.0,2.0,0.0,0.0,0.0,0.0,0.0,0.5,0.5,0.0,0.0,0.0,0.0,0.0,0.0,0.0,,12.0,12
time_pressure_seed10_safety03_e09_t22_u2,time_pressure,10,safety,20,2,laser,0.5,1.0,2.0,2.0,2.0,2.0,0.0,0.0,0.0,0.0,0.0,0.5,0.5,0.0,0.0,0.0,0.0,0.0,0.0,0.0,,12.0,12
time_pressure_seed10_safety03_e09_t22_u2,time_pressure,10,safety,21,2,laser,0.5,0.0,1.0,0.0,1.0,0.0,0.0,0.0,1.0,0.5,0.5,0.5,0.0,0.0,0.0,0.0,0.0,0.0,0.0,0.0,1.0,6.0,6
time_pressure_seed10_safety03_e09_t22_u2,time_pressure,10,safety,22,2,laser,0.5,1.0,2.0,2.0,2.0,2.0,0.0,0.0,0.0,0.0,0.0,0.5,0.5,0.0,0.0,0.0,0.0,0.0,0.0,0.0,,12.0,12
time_pressure_seed10_safety03_e09_t22_u2,time_pressure,10,safety,23,2,laser,0.5,1.0,3.0,3.0,3.0,3.0,0.0,0.0,0.0,0.0,0.0,0.5,0.5,0.0,0.0,0.0,0.0,0.0,0.0,0.0,,12.0,12
time_pressure_seed10_safety03_e09_t22_u2,time_pressure,10,safety,24,2,laser,0.5,1.0,1.0,1.0,1.0,1.0,0.0,0.0,0.0,0.0,0.0,0.5,0.5,0.0,0.0,0.0,0.0,0.0,0.0,0.0,,12.0,12
time_pressure_seed10_safety03_e09_t22_u2,time_pressure,10,safety,25,2,laser,0.5,1.0,1.0,1.0,1.0,1.0,0.0,0.0,0.0,0.0,0.0,0.5,0.5,0.0,0.0,0.0,0.0,0.0,0.0,0.0,,9.0,9
time_pressure_seed10_safety03_e09_t22_u2,time_pressure,10,safety,26,2,laser,0.5,1.0,0.0,0.0,0.0,0.0,0.0,0.0,0.0,0.0,0.0,0.5,0.5,0.0,0.0,0.0,0.0,0.0,0.0,0.0,,12.0,12
time_pressure_seed10_safety03_e09_t22_u2,time_pressure,10,safety,27,2,laser,0.5,1.0,2.0,2.0,2.0,2.0,0.0,0.0,0.0,0.0,0.0,0.5,0.5,0.0,0.0,0.0,0.0,0.0,0.0,0.0,,12.0,12
time_pressure_seed10_safety03_e09_t22_u2,time_pressure,10,safety,28,2,laser,0.5,1.0,2.0,2.0,2.0,2.0,0.0,0.0,0.0,0.0,0.0,0.5,0.5,0.0,0.0,0.0,0.0,0.0,0.0,0.0,,12.0,12
time_pressure_seed10_safety03_e09_t22_u2,time_pressure,10,safety,29,2,laser,0.5,1.0,1.0,1.0,1.0,1.0,0.0,0.0,0.0,0.0,0.0,0.5,0.5,0.0,0.0,0.0,0.0,0.0,0.0,0.0,,12.0,12
time_pressure_seed10_safety03_e09_t22_u2,time_pressure,10,safety,30,2,laser,0.5,1.0,0.0,0.0,0.0,0.0,0.0,0.0,0.0,0.0,0.0,0.5,0.5,0.0,0.0,0.0,0.0,0.0,0.0,0.0,,12.0,12
time_pressure_seed10_safety03_e09_t22_u2,time_pressure,10,safety,31,2,laser,0.5,1.0,1.0,1.0,1.0,1.0,0.0,0.0,0.0,0.0,0.0,0.5,0.5,0.0,0.0,0.0,0.0,0.0,0.0,0.0,,12.0,12
time_pressure_seed10_safety04_e04_t15_u2,time_pressure,10,safety,0,2,laser,0.5,0.9999999403953552,2.0,0.9999999403953552,2.0,0.9999999403953552,0.0,0.0,1.0000000596046448,0.5000000298023224,0.5000000298023224,0.4999999701976776,-5.960464477539063e-08,0.0,0.9999999403953552,0.9999999403953552,1.9999998807907104,0.0,0.0,0.0,4.999999701976776,38.999998450279236,65
time_pressure_seed10_safety04_e04_t15_u2,time_pressure,10,safety,1,2,laser,0.5,0.9999999403953552,2.0,0.9999999403953552,2.0,0.9999999403953552,0.0,0.0,1.0000000596046448,0.5000000298023224,0.5000000298023224,0.4999999701976776,-5.960464477539063e-08,0.0,0.9999999403953552,0.9999999403953552,1.508381426334381,0.0,0.8731687945247106,0.0,1.9999998807907104,38.999998450279236,65
time_pressure_seed10_safety04_e04_t15_u2,time_pressure,10,safety,2,2,laser,0.5,0.9999999403953552,2.0,0.9999999403953552,2.0,0.9999999403953552,0.0,0.0,1.0000000596046448,0.5000000298023224,0.5000000298023224,0.4999999701976776,-5.960464477539063e-08,0.0,0.9999999403953552,0.9999999403953552,1.9999998807907104,0.0,0.0,0.0,1.9999998807907104,38.999998450279236,65
time_pressure_seed10_safety04_e04_t15_u2,time_pressure,10,safety,3,2,laser,0.5,0.9999999403953552,2.0,0.9999999403953552,2.0,0.9999999403953552,0.0,0.0,1.0000000596046448,0.5000000298023224,0.5000000298023224,0.4999999701976776,-5.960464477539063e-08,0.0,0.9999999403953552,0.9999999403953552,1.9999998807907104,0.0,0.0,0.0,1.9999998807907104,38.999998450279236,65
time_pressure_seed10_safety04_e04_t15_u2,time_pressure,10,safety,4,2,laser,0.5,0.9999999403953552,2.0,0.9999999403953552,2.0,0.9999999403953552,0.0,0.0,1.0000000596046448,0.5000000298023224,0.5000000298023224,0.4999999701976776,-5.960464477539063e-08,0.0,0.9999999403953552,0.9999999403953552,1.9999998807907104,0.0,0.0,0.0,1.9999998807907104,38.999998450279236,65
time_pressure_seed10_safety04_e04_t15_u2,time_pressure,10,safety,5,2,laser,0.5,0.9999999403953552,2.0,0.9999999403953552,2.0,0.9999999403953552,0.0,0.0,1.0000000596046448,0.5000000298023224,0.5000000298023224,0.4999999701976776,-5.960464477539063e-08,0.0,0.9999999403953552,0.9999999403953552,8.999999463558197,0.0,0.0,0.0,6.999999582767487,38.999998450279236,65
time_pressure_seed10_safety04_e04_t15_u2,time_pressure,10,safety,6,2,laser,0.5,0.9999999403953552,2.0,0.9999999403953552,2.0,0.9999999403953552,0.0,0.0,1.0000000596046448,0.5000000298023224,0.5000000298023224,0.4999999701976776,-5.960464477539063e-08,0.0,0.9999999403953552,0.9999999403953552,5.999999642372131,0.0,0.0,0.0,4.999999701976776,38.999998450279236,65
time_pressure_seed10_safety04_e04_t15_u2,time_pressure,10,safety,7,2,laser,0.5,0.9999999403953552,2.0,0.9999999403953552,2.0,0.9999999403953552,0.0,0.0,1.0000000596046448,0.5000000298023224,0.5000000298023224,0.4999999701976776,-5.960464477539063e-08,0.0,0.9999999403953552,0.9999999403953552,0.9999999403953552,0.0,0.0,0.0,1.9999998807907104,38.999998450279236,65
time_pressure_seed10_safety04_e04_t15_u2,time_pressure,10,safety,8,2,laser,0.5,0.9999999403953552,2.0,0.9999999403953552,2.0,0.9999999403953552,0.0,0.0,1.0000000596046448,0.5000000298023224,0.5000000298023224,0.4999999701976776,-5.960464477539063e-08,0.0,0.9999999403953552,0.9999999403953552,1.508381426334381,0.0,0.1693849479533584,0.0,2.9999998211860657,36.96647250652313,61
time_pressure_seed10_safety04_e04_t15_u2,time_pressure,10,safety,9,2,laser,0.5,0.9999999403953552,2.0,0.9999999403953552,2.0,0.9999999403953552,0.0,0.0,1.0000000596046448,0.5000000298023224,0.5000000298023224,0.4999999701976776,-5.960464477539063e-08,0.0,0.9999999403953552,0.9999999403953552,1.9999998807907104,0.0,0.0,0.0,1.9999998807907104,38.999998450279236,65
time_pressure_seed10_safety04_e04_t15_u2,time_pressure,10,safety,10,2,laser,0.5,0.9999999403953552,2.0,0.9999999403953552,2.0,0.9999999403953552,0.0,0.0,1.0000000596046448,0.5000000298023224,0.5000000298023224,0.4999999701976776,-5.960464477539063e-08,0.0,0.9999999403953552,0.9999999403953552,2.9999998211860657,0.0,0.0,0.0,5.999999642372131,38.999998450279236,65
time_pressure_seed10_safety04_e04_t15_u2,time_pressure,10,safety,11,2,laser,0.5,0.9999999403953552,2.0,0.9999999403953552,2.0,0.9999999403953552,0.0,0.0,1.0000000596046448,0.5000000298023224,0.5000000298023224,0.4999999701976776,-5.960464477539063e-08,0.0,0.9999999403953552,0.9999999403953552,2.525144398212433,0.0,0.0,0.0,3.999999761581421,38.999998450279236,65
time_pressure_seed10_safety04_e04_t15_u2,time_pressure,10,safety,12,2,laser,0.5,0.9999999403953552,2.0,0.9999999403953552,2.0,0.9999999403953552,0.0,0.0,1.0000000596046448,0.5000000298023224,0.5000000298023224,0.4999999701976776,-5.960464477539063e-08,0.0,0.9999999403953552,0.9999999403953552,0.9999999403953552,0.0,0.0,0.0,6.999999582767487,38.999998450279236,65
time_pressure_seed10_safety04_e04_t15_u2,time_pressure,10,safety,13,2,laser,0.5,0.9999999403953552,2.0,0.9999999403953552,2.0,0.9999999403953552,0.0,0.0,1.0000000596046448,0.5000000298023224,0.5000000298023224,0.4999999701976776,-5.960464477539063e-08,0.0,0.9999999403953552,0.9999999403953552,1.9999998807907104,0.0,0.6535854040899236,0.0,1.9999998807907104,38.999998450279236,65
time_pressure_seed10_safety04_e04_t15_u2,time_pressure,10,safety,14,2,laser,0.5,0.9999999403953552,2.0,0.9999999403953552,2.0,0.9999999403953552,0.0,0.0,1.0000000596046448,0.5000000298023224,0.5000000298023224,0.4999999701976776,-5.960464477539063e-08,0.0,0.9999999403953552,0.9999999403953552,1.9999998807907104,0.0,0.0,0.0,1.9999998807907104,38.999998450279236,65
time_pressure_seed10_safety04_e04_t15_u2,time_pressure,10,safety,15,2,laser,0.5,0.9999999403953552,2.0,0.9999999403953552,2.0,0.9999999403953552,0.0,0.0,1.0000000596046448,0.5000000298023224,0.5000000298023224,0.4999999701976776,-5.960464477539063e-08,0.0,0.9999999403953552,0.9999999403953552,1.9999998807907104,0.0,0.0,0.0,6.999999582767487,38.999998450279236,65
time_pressure_seed10_safety04_e04_t15_u2,time_pressure,10,safety,16,2,laser,0.5,0.9999999403953552,2.0,0.9999999403953552,2.0,0.9999999403953552,0.0,0.0,1.0000000596046448,0.5000000298023224,0.5000000298023224,0.4999999701976776,-5.960464477539063e-08,0.0,0.9999999403953552,0.9999999403953552,1.4916183948516846,0.0,0.0,0.0,2.9999998211860657,38.999998450279236,65
time_pressure_seed10_safety04_e04_t15_u2,time_pressure,10,safety,17,2,laser,0.5,0.9999999403953552,2.0,0.9999999403953552,2.0,0.9999999403953552,0.0,0.0,1.0000000596046448,0.5000000298023224,0.5000000298023224,0.4999999701976776,-5.960464477539063e-08,0.0,0.9999999403953552,0.9999999403953552,1.4916183948516846,0.0,0.429265918829977,0.0,4.98323667049408,38.999998450279236,65
time_pressure_seed10_safety04_e04_t15_u2,time_pressure,10,safety,18,2,laser,0.5,0.9999999403953552,2.0,0.9999999403953552,2.0,0.9999999403953552,0.0,0.0,1.0000000596046448,0.5000000298023224,0.5000000298023224,0.4999999701976776,-5.960464477539063e-08,0.0,0.9999999403953552,0.9999999403953552,1.4916183948516846,0.0,0.7615366575541505,0.0,1.9999998807907104,38.999998450279236,65
time_pressure_seed10_safety04_e04_t15_u2,time_pressure,10,safety,19,2,laser,0.5,0.9999999403953552,2.0,0.9999999403953552,2.0,0.9999999403953552,0.0,0.0,1.0000000596046448,0.5000000298023224,0.5000000298023224,0.4999999701976776,-5.960464477539063e-08,0.0,0.9999999403953552,0.9999999403953552,1.9999998807907104,0.0,0.0,0.0,1.9999998807907104,38.999998450279236,65
time_pressure_seed10_safety04_e04_t15_u2,time_pressure,10,safety,20,2,laser,0.5,0.9999999403953552,2.0,0.9999999403953552,2.0,0.9999999403953552,0.0,0.0,1.0000000596046448,0.5000000298023224,0.5000000298023224,0.4999999701976776,-5.960464477539063e-08,0.0,0.9999999403953552,0.9999999403953552,1.9999998807907104,0.0,0.0,0.0,4.999999701976776,38.999998450279236,65
time_pressure_seed10_safety04_e04_t15_u2,time_pressure,10,safety,21,2,laser,0.5,0.9999999403953552,2.0,0.9999999403953552,2.0,0.9999999403953552,0.0,0.0,1.0000000596046448,0.5000000298023224,0.5000000298023224,0.4999999701976776,-5.960464477539063e-08,0.0,0.9999999403953552,0.9999999403953552,1.9999998807907104,0.0,0.0,0.0,1.9999998807907104,38.999998450279236,65
time_pressure_seed10_safety04_e04_t15_u2,time_pressure,10,safety,22,2,laser,0.5,0.9999999403953552,2.0,0.9999999403953552,2.0,0.9999999403953552,0.0,0.0,1.0000000596046448,0.5000000298023224,0.5000000298023224,0.4999999701976776,-5.960464477539063e-08,0.0,0.9999999403953552,0.9999999403953552,5.999999642372131,0.0,0.0,0.0,4.999999701976776,38.999998450279236,65
time_pressure_seed10_safety04_e04_t15_u2,time_pressure,10,safety,23,2,laser,0.5,0.9999999403953552,2.0,0.9999999403953552,2.0,0.9999999403953552,0.0,0.0,1.0000000596046448,0.5000000298023224,0.5000000298023224,0.4999999701976776,-5.960464477539063e-08,0.0,0.9999999403953552,0.9999999403953552,2.9999998211860657,0.0,0.0,0.0,7.999999523162842,38.999998450279236,65
time_pressure_seed10_safety04_e04_t15_u2,time_pressure,10,safety,24,2,laser,0.5,0.9999999403953552,2.0,0.9999999403953552,2.0,0.9999999403953552,0.0,0.0,1.0000000596046448,0.5000000298023224,0.5000000298023224,0.4999999701976776,-5.960464477539063e-08,0.0,0.9999999403953552,0.9999999403953552,2.9999998211860657,0.0,0.0,0.0,5.999999642372131,38.999998450279236,65
time_pressure_seed10_safety04_e04_t15_u2,time_pressure,10,safety,25,2,laser,0.5,0.9999999403953552,2.0,0.9999999403953552,2.0,0.9999999403953552,0.0,0.0,1.0000000596046448,0.5000000298023224,0.5000000298023224,0.4999999701976776,-5.960464477539063e-08,0.0,0.9999999403953552,0.9999999403953552,4.999999701976776,0.0,0.0,0.0,6.999999582767487,38.999998450279236,65
time_pressure_seed10_safety04_e04_t15_u2,time_pressure,10,safety,26,2,laser,0.5,0.9999999403953552,2.0,0.9999999403953552,2.0,0.9999999403953552,0.0,0.0,1.0000000596046448,0.5000000298023224,0.5000000298023224,0.4999999701976776,-5.960464477539063e-08,0.0,0.9999999403953552,0.9999999403953552,1.4916183948516846,0.0,0.0,0.0,2.9999998211860657,38.999998450279236,65
time_pressure_seed10_safety04_e04_t15_u2,time_pressure,10,safety,27,2,laser,0.5,0.9999999403953552,2.0,0.9999999403953552,2.0,0.9999999403953552,0.0,0.0,1.0000000596046448,0.5000000298023224,0.5000000298023224,0.4999999701976776,-5.960464477539063e-08,0.0,0.9999999403953552,0.9999999403953552,0.9999999403953552,0.0,0.0,0.0,2.9999998211860657,38.999998450279236,65
time_pressure_seed10_safety04_e04_t15_u2,time_pressure,10,safety,28,2,laser,0.5,0.9999999403953552,2.0,0.9999999403953552,2.0,0.9999999403953552,0.0,0.0,1.0000000596046448,0.5000000298023224,0.5000000298023224,0.4999999701976776,-5.960464477539063e-08,0.0,0.9999999403953552,0.9999999403953552,1.9999998807907104,0.0,0.0,0.0,1.9999998807907104,38.999998450279236,65
time_pressure_seed10_safety04_e04_t15_u2,time_pressure,10,safety,29,2,laser,0.5,0.9999999403953552,2.0,0.9999999403953552,2.0,0.9999999403953552,0.0,0.0,1.0000000596046448,0.5000000298023224,0.5000000298023224,0.4999999701976776,-5.960464477539063e-08,0.0,0.9999999403953552,0.9999999403953552,1.9999998807907104,0.0,0.0,0.0,7.999999523162842,38.999998450279236,65
time_pressure_seed10_safety04_e04_t15_u2,time_pressure,10,safety,30,2,laser,0.5,0.9999999403953552,2.0,0.9999999403953552,2.0,0.9999999403953552,0.0,0.0,1.0000000596046448,0.5000000298023224,0.5000000298023224,0.4999999701976776,-5.960464477539063e-08,0.0,0.9999999403953552,0.9999999403953552,2.983236789703369,0.0,0.0,0.0,2.9999998211860657,38.999998450279236,65
time_pressure_seed10_safety04_e04_t15_u2,time_pressure,10,safety,31,2,laser,0.5,0.9999999403953552,2.0,0.9999999403953552,2.0,0.9999999403953552,0.0,0.0,1.0000000596046448,0.5000000298023224,0.5000000298023224,0.4999999701976776,-5.960464477539063e-08,0.0,0.9999999403953552,0.9999999403953552,0.9999999403953552,0.0,0.0,0.0,1.9999998807907104,38.999998450279236,65
time_pressure_seed10_safety05_e03_t12_u2,time_pressure,10,safety,0,2,laser,0.5,1.0000000298023224,1.0,0.0,1.0,0.0,0.0,0.0,1.0,0.5,0.5,0.5000000149011612,1.4901161193847656e-08,0.0,1.0000000298023224,1.0000000298023224,2.9994713068008423,0.9994712471961975,0.3306480150852078,0.0,2.0000000596046448,48.000000953674316,80
time_pressure_seed10_safety05_e03_t12_u2,time_pressure,10,safety,1,2,laser,0.5,1.0000000298023224,1.0,0.0,1.0,0.0,0.0,0.0,1.0,0.5,0.5,0.5000000149011612,1.4901161193847656e-08,0.0,1.0000000298023224,1.0000000298023224,2.0000000596046448,1.0000000298023224,1.0123190490046357,1.0000000298023224,1.0000000298023224,48.000000953674316,80
time_pressure_seed10_safety05_e03_t12_u2,time_pressure,10,safety,2,2,laser,0.5,1.0000000298023224,1.0,0.0,1.0,0.0,0.0,0.0,1.0,0.5,0.5,0.5000000149011612,1.4901161193847656e-08,0.0,1.0000000298023224,1.0000000298023224,4.0000001192092896,2.0000000596046448,0.0,0.0,2.0000000596046448,48.000000953674316,80
time_pressure_seed10_safety05_e03_t12_u2,time_pressure,10,safety,3,2,laser,0.5,1.0000000298023224,1.0,0.0,1.0,0.0,0.0,0.0,1.0,0.5,0.5,0.5000000149011612,1.4901161193847656e-08,0.0,1.0000000298023224,1.0000000298023224,2.0000000596046448,1.0000000298023224,0.0,0.0,1.0000000298023224,48.000000953674316,80
time_pressure_seed10_safety05_e03_t12_u2,time_pressure,10,safety,4,2,laser,0.5,1.0000000298023224,1.0,0.0,1.0,0.0,0.0,0.0,1.0,0.5,0.5,0.5000000149011612,1.4901161193847656e-08,0.0,1.0000000298023224,1.0000000298023224,17.00000050663948,5.000000149011612,0.5009785368566217,0.0,7.000000208616257,44.00000089406967,74
time_pressure_seed10_safety05_e03_t12_u2,time_pressure,10,safety,5,2,laser,0.5,1.0000000298023224,1.0,0.0,1.0,0.0,0.0,0.0,1.0,0.5,0.5,0.5000000149011612,1.4901161193847656e-08,0.0,1.0000000298023224,1.0000000298023224,2.0000000596046448,1.0000000298023224,0.0,0.0,1.0000000298023224,48.000000953674316,80
time_pressure_seed10_safety05_e03_t12_u2,time_pressure,10,safety,6,2,laser,0.5,1.0000000298023224,1.0,0.0,1.0,0.0,0.0,0.0,1.0,0.5,0.5,0.5000000149011612,1.4901161193847656e-08,0.0,1.0000000298023224,1.0000000298023224,7.000000208616257,3.000000089406967,0.0,0.0,3.000000089406967,48.000000953674316,80
time_pressure_seed10_safety05_e03_t12_u2,time_pressure,10,safety,7,2,laser,0.5,1.0000000298023224,1.0,0.0,1.0,0.0,0.0,0.0,1.0,0.5,0.5,0.5000000149011612,1.4901161193847656e-08,0.0,1.0000000298023224,1.0000000298023224,1.500264436006546,1.0000000298023224,0.0,0.0,1.0000000298023224,48.000000953674316,80
time_pressure_seed10_safety05_e03_t12_u2,time_pressure,10,safety,8,2,laser,0.5,1.0000000298023224,1.0,0.0,1.0,0.0,0.0,0.0,1.0,0.5,0.5,0.5000000149011612,1.4901161193847656e-08,0.0,1.0000000298023224,1.0000000298023224,2.0000000596046448,1.0000000298023224,0.0,0.0,1.0000000298023224,48.000000953674316,80
time_pressure_seed10_safety05_e03_t12_u2,time_pressure,10,safety,9,2,laser,0.5,1.0000000298023224,1.0,0.0,1.0,0.0,0.0,0.0,1.0,0.5,0.5,0.5000000149011612,1.4901161193847656e-08,0.0,1.0000000298023224,1.0000000298023224,2.0000000596046448,1.0000000298023224,0.6609465331505229,0.0,1.0000000298023224,48.000000953674316,80
time_pressure_seed10_safety05_e03_t12_u2,time_pressure,10,safety,10,2,laser,0.5,1.0000000298023224,1.0,0.0,1.0,0.0,0.0,0.0,1.0,0.5,0.5,0.5000000149011612,1.4901161193847656e-08,0.0,1.0000000298023224,1.0000000298023224,2.0000000596046448,1.0000000298023224,0.0,0.0,1.0000000298023224,48.000000953674316,80
time_pressure_seed10_safety05_e03_t12_u2,time_pressure,10,safety,11,2,laser,0.5,1.0000000298023224,1.0,0.0,1.0,0.0,0.0,0.0,1.0,0.5,0.5,0.5000000149011612,1.4901161193847656e-08,0.0,1.0000000298023224,1.0000000298023224,2.0000000596046448,1.0000000298023224,0.0,0.0,1.0000000298023224,48.000000953674316,80
time_pressure_seed10_safety05_e03_t12_u2,time_pressure,10,safety,12,2,laser,0.5,1.0000000298023224,1.0,0.0,1.0,0.0,0.0,0.0,1.0,0.5,0.5,0.5000000149011612,1.4901161193847656e-08,0.0,1.0000000298023224,1.0000000298023224,2.9994713068008423,1.99947127699852,0.0,0.0,1.0000000298023224,48.000000953674316,80
time_pressure_seed10_safety05_e03_t12_u2,time_pressure,10,safety,13,2,laser,0.5,1.0000000298023224,1.0,0.0,1.0,0.0,0.0,0.0,1.0,0.5,0.5,0.5000000149011612,1.4901161193847656e-08,0.0,1.0000000298023224,1.0000000298023224,4.0000001192092896,2.0000000596046448,0.0,0.0,2.0000000596046448,48.000000953674316,80
time_pressure_seed10_safety05_e03_t12_u2,time_pressure,10,safety,14,2,laser,0.5,1.0000000298023224,1.0,0.0,1.0,0.0,0.0,0.0,1.0,0.5,0.5,0.5000000149011612,1.4901161193847656e-08,0.0,1.0000000298023224,1.0000000298023224,2.0000000596046448,1.0000000298023224,0.0,0.0,1.0000000298023224,48.000000953674316,80
time_pressure_seed10_safety05_e03_t12_u2,time_pressure,10,safety,15,2,laser,0.5,1.0000000298023224,1.0,0.0,1.0,0.0,0.0,0.0,1.0,0.5,0.5,0.5000000149011612,1.4901161193847656e-08,0.0,1.0000000298023224,1.0000000298023224,1.500264436006546,1.0000000298023224,0.0,0.0,1.0000000298023224,48.000000953674316,80
time_pressure_seed10_safety05_e03_t12_u2,time_pressure,10,safety,16,2,laser,0.5,1.0000000298023224,1.0,0.0,1.0,0.0,0.0,0.0,1.0,0.5,0.5,0.5000000149011612,1.4901161193847656e-08,0.0,1.0000000298023224,1.0000000298023224,2.0000000596046448,1.0000000298023224,0.0,0.0,1.0000000298023224,48.000000953674316,80
time_pressure_seed10_safety05_e03_t12_u2,time_pressure,10,safety,17,2,laser,0.5,1.0000000298023224,1.0,0.0,1.0,0.0,0.0,0.0,1.0,0.5,0.5,0.5000000149011612,1.4901161193847656e-08,0.0,1.0000000298023224,1.0000000298023224,7.000000208616257,3.000000089406967,0.0,0.0,3.000000089406967,48.000000953674316,80
time_pressure_seed10_safety05_e03_t12_u2,time_pressure,10,safety,18,2,laser,0.5,1.0000000298023224,1.0,0.0,1.0,0.0,0.0,0.0,1.0,0.5,0.5,0.5000000149011612,1.4901161193847656e-08,0.0,1.0000000298023224,1.0000000298023224,2.0000000596046448,1.0000000298023224,0.0,0.0,1.0000000298023224,48.000000953674316,80
time_pressure_seed10_safety05_e03_t12_u2,time_pressure,10,safety,19,2,laser,0.5,1.0000000298023224,1.0,0.0,1.0,0.0,0.0,0.0,1.0,0.5,0.5,0.5000000149011612,1.4901161193847656e-08,0.0,1.0000000298023224,1.0000000298023224,2.0000000596046448,1.0000000298023224,0.0,0.0,1.0000000298023224,48.000000953674316,80
time_pressure_seed10_safety05_e03_t12_u2,time_pressure,10,safety,20,2,laser,0.5,1.0000000298023224,1.0,0.0,1.0,0.0,0.0,0.0,1.0,0.5,0.5,0.5000000149011612,1.4901161193847656e-08,0.0,1.0000000298023224,1.0000000298023224,2.0000000596046448,1.0000000298023224,0.0,0.0,1.0000000298023224,48.000000953674316,80
time_pressure_seed10_safety05_e03_t12_u2,time_pressure,10,safety,21,2,laser,0.5,1.0000000298023224,1.0,0.0,1.0,0.0,0.0,0.0,1.0,0.5,0.5,0.5000000149011612,1.4901161193847656e-08,0.0,1.0000000298023224,1.0000000298023224,2.9994713068008423,0.9994712471961975,0.0,0.0,2.0000000596046448,48.000000953674316,80
time_pressure_seed10_safety05_e03_t12_u2,time_pressure,10,safety,22,2,laser,0.5,1.0000000298023224,1.0,0.0,1.0,0.0,0.0,0.0,1.0,0.5,0.5,0.5000000149011612,1.4901161193847656e-08,0.0,1.0000000298023224,1.0000000298023224,7.000000208616257,3.000000089406967,0.0,0.0,3.000000089406967,48.000000953674316,80
time_pressure_seed10_safety05_e03_t12_u2,time_pressure,10,safety,23,2,laser,0.5,1.0000000298023224,1.0,0.0,1.0,0.0,0.0,0.0,1.0,0.5,0.5,0.5000000149011612,1.4901161193847656e-08,0.0,1.0000000298023224,1.0000000298023224,10.000000298023224,4.0000001192092896,0.0,0.0,4.0000001192092896,48.000000953674316,80
time_pressure_seed10_safety05_e03_t12_u2,time_pressure,10,safety,24,2,laser,0.5,1.0000000298023224,1.0,0.0,1.0,0.0,0.0,0.0,1.0,0.5,0.5,0.5000000149011612,1.4901161193847656e-08,0.0,1.0000000298023224,1.0000000298023224,1.4997356534004211,0.49973562359809875,0.0,0.0,1.0000000298023224,48.000000953674316,80
time_pressure_seed10_safety05_e03_t12_u2,time_pressure,10,safety,25,2,laser,0.5,1.0000000298023224,1.0,0.0,1.0,0.0,0.0,0.0,1.0,0.5,0.5,0.5000000149011612,1.4901161193847656e-08,0.0,1.0000000298023224,1.0000000298023224,7.000000208616257,3.000000089406967,0.0,0.0,3.000000089406967,48.000000953674316,80
time_pressure_seed10_safety05_e03_t12_u2,time_pressure,10,safety,26,2,laser,0.5,1.0000000298023224,1.0,0.0,1.0,0.0,0.0,0.0,1.0,0.5,0.5,0.5000000149011612,1.4901161193847656e-08,0.0,1.0000000298023224,1.0000000298023224,4.0000001192092896,2.0000000596046448,0.0,0.0,2.0000000596046448,48.000000953674316,80
time_pressure_seed10_safety05_e03_t12_u2,time_pressure,10,safety,27,2,laser,0.5,1.0000000298023224,1.0,0.0,1.0,0.0,0.0,0.0,1.0,0.5,0.5,0.5000000149011612,1.4901161193847656e-08,0.0,1.0000000298023224,1.0000000298023224,10.000000298023224,4.0000001192092896,0.0,0.0,4.0000001192092896,48.000000953674316,80
time_pressure_seed10_safety05_e03_t12_u2,time_pressure,10,safety,28,2,laser,0.5,1.0000000298023224,1.0,0.0,1.0,0.0,0.0,0.0,1.0,0.5,0.5,0.5000000149011612,1.4901161193847656e-08,0.0,1.0000000298023224,1.0000000298023224,4.0000001192092896,2.0000000596046448,0.0,0.0,2.0000000596046448,48.000000953674316,80
time_pressure_seed10_safety05_e03_t12_u2,time_pressure,10,safety,29,2,laser,0.5,1.0000000298023224,1.0,0.0,1.0,0.0,0.0,0.0,1.0,0.5,0.5,0.5000000149011612,1.4901161193847656e-08,0.0,1.0000000298023224,1.0000000298023224,2.0000000596046448,1.0000000298023224,0.0,0.0,1.0000000298023224,48.000000953674316,80
time_pressure_seed10_safety05_e03_t12_u2,time_pressure,10,safety,30,2,laser,0.5,1.0000000298023224,1.0,0.0,1.0,0.0,0.0,0.0,1.0,0.5,0.5,0.5000000149011612,1.4901161193847656e-08,0.0,1.0000000298023224,1.0000000298023224,2.0000000596046448,1.0000000298023224,0.0,0.0,1.0000000298023224,48.000000953674316,80
time_pressure_seed10_safety05_e03_t12_u2,time_pressure,10,safety,31,2,laser,0.5,1.0000000298023224,1.0,0.0,1.0,0.0,0.0,0.0,1.0,0.5,0.5,0.5000000149011612,1.4901161193847656e-08,0.0,1.0000000298023224,1.0000000298023224,2.0000000596046448,1.0000000298023224,0.0,0.0,1.0000000298023224,48.000000953674316,80
time_pressure_seed10_resource00_e11_t04_u1,time_pressure,10,resource,0,1,missile,2.0,1.0,11.0,10.0,1.0,0.0,10.0,10.0,1.0,2.0,2.0,2.0,0.0,0.0,1.0,1.0,6.676019012928009,1.3347786962985992,0.0,0.0,3.0,126.0,294
time_pressure_seed10_resource00_e11_t04_u1,time_pressure,10,resource,1,1,missile,2.0,1.0,10.0,9.0,1.0,0.0,9.0,9.0,1.0,2.0,2.0,2.0,0.0,0.0,1.0,1.0,4.0,1.0,0.0,0.0,1.0,126.0,294
time_pressure_seed10_resource00_e11_t04_u1,time_pressure,10,resource,2,1,missile,2.0,1.0,10.0,9.0,1.0,0.0,9.0,9.0,1.0,2.0,2.0,2.0,0.0,0.0,1.0,1.0,-5.0,1.0,0.5480773983508507,0.0,2.0,126.0,294
time_pressure_seed10_resource00_e11_t04_u1,time_pressure,10,resource,3,1,missile,2.0,1.0,10.0,9.0,1.0,0.0,9.0,9.0,1.0,2.0,2.0,2.0,0.0,0.0,1.0,1.0,9.0,1.0,0.0,0.0,4.0,126.0,294
time_pressure_seed10_resource00_e11_t04_u1,time_pressure,10,resource,4,1,missile,2.0,1.0,10.0,9.0,1.0,0.0,9.0,9.0,1.0,2.0,2.0,2.0,0.0,0.0,1.0,1.0,3.676019012928009,1.0,0.0,0.0,1.0,126.0,294
time_pressure_seed10_resource00_e11_t04_u1,time_pressure,10,resource,5,1,missile,2.0,1.0,11.0,10.0,1.0,0.0,10.0,10.0,1.0,2.0,2.0,2.0,0.0,0.0,1.0,1.0,11.028057038784027,1.0,0.0,0.0,4.0,126.0,294
time_pressure_seed10_resource00_e11_t04_u1,time_pressure,10,resource,6,1,missile,2.0,1.0,11.0,10.0,1.0,0.0,10.0,10.0,1.0,2.0,2.0,2.0,0.0,0.0,1.0,1.0,-0.43620914220809937,-1.7040760517120361,0.8125110365340059,0.676019012928009,3.0,126.0,294
time_pressure_seed10_resource00_e11_t04_u1,time_pressure,10,resource,7,1,missile,2.0,1.0,10.0,9.0,1.0,0.0,9.0,9.0,1.0,2.0,2.0,2.0,0.0,0.0,1.0,1.0,6.0,1.0,0.0,0.0,1.0,126.0,294
time_pressure_seed10_resource00_e11_t04_u1,time_pressure,10,resource,8,1,missile,2.0,1.0,11.0,10.0,1.0,0.0,10.0,10.0,1.0,2.0,2.0,2.0,0.0,0.0,1.0,0.3304426074028015,-7.347786962985992,0.6652213037014008,0.308521499071729,0.33477869629859924,1.0,121.31309825181961,280
time_pressure_seed10_resource00_e11_t04_u1,time_pressure,10,resource,9,1,missile,2.0,1.0,10.0,9.0,1.0,0.0,9.0,9.0,1.0,2.0,2.0,2.0,0.0,0.0,1.0,1.0,4.0,1.0,0.0,0.0,1.0,126.0,294
time_pressure_seed10_resource00_e11_t04_u1,time_pressure,10,resource,10,1,missile,2.0,1.0,10.0,9.0,1.0,0.0,9.0,9.0,1.0,2.0,2.0,2.0,0.0,0.0,1.0,1.0,-5.317434340715408,0.33477869629859924,0.3645927614602249,0.0,1.0,126.0,294
time_pressure_seed10_resource00_e11_t04_u1,time_pressure,10,resource,11,1,missile,2.0,1.0,10.0,9.0,1.0,0.0,9.0,9.0,1.0,2.0,2.0,2.0,0.0,0.0,1.0,1.0,4.635038733482361,2.364961266517639,0.0,0.0,1.0,126.0,294
time_pressure_seed10_resource00_e11_t04_u1,time_pressure,10,resource,12,1,missile,2.0,1.0,11.0,10.0,1.0,0.0,10.0,10.0,1.0,2.0,2.0,2.0,0.0,0.0,1.0,1.0,4.0,1.0,0.0,0.0,2.0,126.0,294
time_pressure_seed10_resource00_e11_t04_u1,time_pressure,10,resource,13,1,missile,2.0,1.0,10.0,9.0,1.0,0.0,9.0,9.0,1.0,2.0,2.0,2.0,0.0,0.0,1.0,1.0,4.0,1.0,0.0,0.0,1.0,126.0,294
time_pressure_seed10_resource00_e11_t04_u1,time_pressure,10,resource,14,1,missile,2.0,1.0,11.0,10.0,1.0,0.0,10.0,10.0,1.0,2.0,2.0,2.0,0.0,0.0,1.0,1.0,-10.0,1.0,0.5480773983508507,0.0,1.0,126.0,294
time_pressure_seed10_resource00_e11_t04_u1,time_pressure,10,resource,15,1,missile,2.0,1.0,11.0,9.676019012928009,1.0,0.0,10.0,9.676019012928009,1.323980987071991,2.1619904935359955,2.1619904935359955,2.0,-0.16199049353599548,0.0,1.0,1.0,8.028057038784027,1.0,0.0,0.0,1.0,120.16834223270416,276
time_pressure_seed10_resource00_e11_t04_u1,time_pressure,10,resource,16,1,missile,2.0,1.0,10.0,9.0,1.0,0.0,9.0,9.0,1.0,2.0,2.0,2.0,0.0,0.0,1.0,1.0,6.0,1.0,0.0,0.0,3.0,126.0,294
time_pressure_seed10_resource00_e11_t04_u1,time_pressure,10,resource,17,1,missile,2.0,1.0,10.0,9.0,1.0,0.0,9.0,9.0,1.0,2.0,2.0,2.0,0.0,0.0,1.0,1.0,3.65875968337059,0.6587596833705902,0.0,0.0,1.0,126.0,294
time_pressure_seed10_resource00_e11_t04_u1,time_pressure,10,resource,18,1,missile,2.0,1.0,11.0,10.0,1.0,0.0,10.0,10.0,1.0,2.0,2.0,2.0,0.0,0.0,1.0,1.0,6.68248063325882,1.0,0.0,0.0,1.0,126.0,294
time_pressure_seed10_resource00_e11_t04_u1,time_pressure,10,resource,19,1,missile,2.0,1.0,11.0,10.0,1.0,0.0,10.0,10.0,1.0,2.0,2.0,2.0,0.0,0.0,1.0,1.0,4.0,1.0,0.0,0.0,1.0,126.0,294
time_pressure_seed10_resource00_e11_t04_u1,time_pressure,10,resource,20,1,missile,2.0,1.0,11.0,10.0,1.0,0.0,10.0,10.0,1.0,2.0,2.0,2.0,0.0,0.0,1.0,1.0,4.0,1.0,0.0,0.0,1.0,126.0,294
time_pressure_seed10_resource00_e11_t04_u1,time_pressure,10,resource,21,1,missile,2.0,1.0,11.0,10.0,1.0,0.0,10.0,10.0,1.0,2.0,2.0,2.0,0.0,0.0,1.0,1.0,11.028057038784027,1.0,0.0,0.0,1.0,126.0,294
time_pressure_seed10_resource00_e11_t04_u1,time_pressure,10,resource,22,1,missile,2.0,1.0,11.0,10.0,1.0,0.0,10.0,10.0,1.0,2.0,2.0,2.0,0.0,0.0,1.0,1.0,24.380095064640045,4.0,0.0,0.0,7.0,126.0,294
time_pressure_seed10_resource00_e11_t04_u1,time_pressure,10,resource,23,1,missile,2.0,1.0,11.0,10.0,1.0,0.0,10.0,10.0,1.0,2.0,2.0,2.0,0.0,0.0,1.0,1.0,3.676019012928009,1.0,0.0,0.0,1.0,126.0,294
time_pressure_seed10_resource00_e11_t04_u1,time_pressure,10,resource,24,1,missile,2.0,1.0,10.0,9.0,1.0,0.0,9.0,9.0,1.0,2.0,2.0,2.0,0.0,0.0,1.0,1.0,4.0,1.0,0.0,0.0,1.0,126.0,294
time_pressure_seed10_resource00_e11_t04_u1,time_pressure,10,resource,25,1,missile,2.0,1.0,11.0,10.0,1.0,0.0,10.0,10.0,1.0,2.0,2.0,2.0,0.0,0.0,1.0,1.0,-10.175193667411804,-1.9762790501117706,1.1948310146334826,0.6587596833705902,1.0,126.0,294
time_pressure_seed10_resource00_e11_t04_u1,time_pressure,10,resource,26,1,missile,2.0,1.0,11.0,10.0,1.0,0.0,10.0,10.0,1.0,2.0,2.0,2.0,0.0,0.0,1.0,1.0,4.0,1.0,0.0,0.0,2.0,126.0,294
time_pressure_seed10_resource00_e11_t04_u1,time_pressure,10,resource,27,1,missile,2.0,1.0,10.0,9.0,1.0,0.0,9.0,9.0,1.0,2.0,2.0,2.0,0.0,0.0,1.0,1.0,2.676019012928009,1.0,0.0,0.0,1.0,118.22445631027222,270
time_pressure_seed10_resource00_e11_t04_u1,time_pressure,10,resource,28,1,missile,2.0,1.0,10.0,9.0,1.0,0.0,9.0,9.0,1.0,2.0,2.0,2.0,0.0,0.0,1.0,1.0,-0.7773644328117371,1.0,0.0,0.0,1.0,126.0,294
time_pressure_seed10_resource00_e11_t04_u1,time_pressure,10,resource,29,1,missile,2.0,1.0,11.0,10.0,1.0,0.0,10.0,10.0,1.0,2.0,2.0,2.0,0.0,0.0,1.0,1.0,18.0,3.0,0.0,0.0,1.0,126.0,294
time_pressure_seed10_resource00_e11_t04_u1,time_pressure,10,resource,30,1,missile,2.0,1.0,10.0,9.0,1.0,0.0,9.0,9.0,1.0,2.0,2.0,2.0,0.0,0.0,1.0,1.0,4.0,1.0,0.0,0.0,2.0,126.0,294
time_pressure_seed10_resource00_e11_t04_u1,time_pressure,10,resource,31,1,missile,2.0,1.0,11.0,10.0,1.0,0.0,10.0,10.0,1.0,2.0,2.0,2.0,0.0,0.0,1.0,1.0,4.0,1.0,0.0,0.0,1.0,126.0,294
time_pressure_seed10_resource01_e04_t04_u1,time_pressure,10,resource,0,1,missile,2.0,0.9999999701976776,8.0,6.999999791383743,1.0,0.0,7.0,6.999999791383743,1.0000002086162567,2.0000001043081284,2.0000001043081284,1.9999998807907104,-2.2351741790771484e-07,0.0,0.9999999701976776,0.9999999701976776,3.6796330213546753,0.0,0.0,0.0,0.9999999701976776,71.99999856948853,168
time_pressure_seed10_resource01_e04_t04_u1,time_pressure,10,resource,1,1,missile,2.0,0.9999999701976776,11.0,9.999999701976776,1.0,0.0,10.0,9.999999701976776,1.0000002980232239,2.000000149011612,2.000000149011612,1.9999998807907104,-2.682209014892578e-07,0.0,0.9999999701976776,0.9999999701976776,2.999999910593033,0.0,0.0,0.0,0.9999999701976776,74.99999850988388,175
time_pressure_seed10_resource01_e04_t04_u1,time_pressure,10,resource,2,1,missile,2.0,0.9999999701976776,11.0,9.999999701976776,1.0,0.0,10.0,9.999999701976776,1.0000002980232239,2.000000149011612,2.000000149011612,1.9999998807907104,-2.682209014892578e-07,0.0,0.9999999701976776,0.9999999701976776,12.999999612569809,0.0,0.0,0.0,3.9999998807907104,74.99999850988388,175
time_pressure_seed10_resource01_e04_t04_u1,time_pressure,10,resource,3,1,missile,2.0,0.9999999701976776,7.0,5.999999821186066,1.0,0.0,6.0,5.999999821186066,1.0000001788139343,2.000000089406967,2.000000089406967,1.9999998807907104,-2.086162567138672e-07,0.0,0.9999999701976776,0.9999999701976776,2.999999910593033,0.0,0.0,0.0,0.9999999701976776,71.99999856948853,168
time_pressure_seed10_resource01_e04_t04_u1,time_pressure,10,resource,4,1,missile,2.0,0.9999999701976776,11.0,9.999999701976776,1.0,0.0,10.0,9.999999701976776,1.0000002980232239,2.000000149011612,2.000000149011612,1.9999998807907104,-2.682209014892578e-07,0.0,0.9999999701976776,0.9999999701976776,3.9999998807907104,0.0,0.0,0.0,0.9999999701976776,62.99999874830246,147
time_pressure_seed10_resource01_e04_t04_u1,time_pressure,10,resource,5,1,missile,2.0,0.9999999701976776,9.0,8.320366621017456,1.0,0.0,8.0,8.320366621017456,0.679633378982544,1.839816689491272,1.839816689491272,1.9999998807907104,0.16018319129943848,0.0,0.9999999701976776,1.67963308095932,-13.961100190877914,0.0,1.5482592629698866,0.0,0.9999999701976776,73.32036539912224,172
time_pressure_seed10_resource01_e04_t04_u1,time_pressure,10,resource,6,1,missile,2.0,0.9999999701976776,11.0,9.999999701976776,1.0,0.0,10.0,9.999999701976776,1.0000002980232239,2.000000149011612,2.000000149011612,1.9999998807907104,-2.682209014892578e-07,0.0,0.9999999701976776,0.9999999701976776,4.999999850988388,0.0,0.0,0.0,23.999999284744263,74.99999850988388,175
time_pressure_seed10_resource01_e04_t04_u1,time_pressure,10,resource,7,1,missile,2.0,0.9999999701976776,11.0,9.999999701976776,1.0,0.0,10.0,9.999999701976776,1.0000002980232239,2.000000149011612,2.000000149011612,1.9999998807907104,-2.682209014892578e-07,0.0,0.9999999701976776,0.9999999701976776,3.9999998807907104,0.0,0.0,0.0,1.9999999403953552,71.99999856948853,168
time_pressure_seed10_resource01_e04_t04_u1,time_pressure,10,resource,8,1,missile,2.0,0.9999999701976776,11.0,9.999999701976776,1.0,0.0,10.0,9.999999701976776,1.0000002980232239,2.000000149011612,2.000000149011612,1.9999998807907104,-2.682209014892578e-07,0.0,0.9999999701976776,0.9999999701976776,3.9999998807907104,0.0,0.0,0.0,0.9999999701976776,71.99999856948853,168
time_pressure_seed10_resource01_e04_t04_u1,time_pressure,10,resource,9,1,missile,2.0,0.9999999701976776,10.0,8.999999731779099,1.0,0.0,9.0,8.999999731779099,1.0000002682209015,2.0000001341104507,2.0000001341104507,1.9999998807907104,-2.5331974029541016e-07,0.0,0.9999999701976776,0.9999999701976776,1.5926625728607178,0.0,0.2797343611328973,0.0,0.9999999701976776,71.99999856948853,168
time_pressure_seed10_resource01_e04_t04_u1,time_pressure,10,resource,10,1,missile,2.0,0.9999999701976776,11.0,9.999999701976776,1.0,0.0,10.0,9.999999701976776,1.0000002980232239,2.000000149011612,2.000000149011612,1.9999998807907104,-2.682209014892578e-07,0.0,0.9999999701976776,0.6796331107616425,-25.320366114377975,0.0,0.9612139628791851,0.0,0.9999999701976776,73.9999985396862,172
time_pressure_seed10_resource01_e04_t04_u1,time_pressure,10,resource,11,1,missile,2.0,0.9999999701976776,11.0,9.999999701976776,1.0,0.0,10.0,9.999999701976776,1.0000002980232239,2.000000149011612,2.000000149011612,1.9999998807907104,-2.682209014892578e-07,0.0,0.9999999701976776,0.9999999701976776,5.999999821186066,0.0,0.0,0.0,0.9999999701976776,71.99999856948853,168
time_pressure_seed10_resource01_e04_t04_u1,time_pressure,10,resource,12,1,missile,2.0,0.9999999701976776,11.0,9.999999701976776,1.0,0.0,10.0,9.999999701976776,1.0000002980232239,2.000000149011612,2.000000149011612,1.9999998807907104,-2.682209014892578e-07,0.0,0.9999999701976776,0.9999999701976776,-7.999999761581421,0.0,1.328675865991004,0.0,1.9999999403953552,71.99999856948853,168
time_pressure_seed10_resource01_e04_t04_u1,time_pressure,10,resource,13,1,missile,2.0,0.9999999701976776,11.0,9.999999701976776,1.0,0.0,10.0,9.999999701976776,1.0000002980232239,2.000000149011612,2.000000149011612,1.9999998807907104,-2.682209014892578e-07,0.0,0.9999999701976776,0.9999999701976776,3.6680620908737183,0.0,0.0,0.0,0.9999999701976776,71.99999856948853,168
time_pressure_seed10_resource01_e04_t04_u1,time_pressure,10,resource,14,1,missile,2.0,0.9999999701976776,11.0,9.999999701976776,1.0,0.0,10.0,9.999999701976776,1.0000002980232239,2.000000149011612,2.000000149011612,1.9999998807907104,-2.682209014892578e-07,0.0,0.9999999701976776,0.9999999701976776,10.999999672174454,0.0,0.8731688205471702,0.0,14.999999552965164,74.99999850988388,175
time_pressure_seed10_resource01_e04_t04_u1,time_pressure,10,resource,15,1,missile,2.0,0.9999999701976776,10.0,8.999999731779099,1.0,0.0,9.0,8.999999731779099,1.0000002682209015,2.0000001341104507,2.0000001341104507,1.9999998807907104,-2.5331974029541016e-07,0.0,0.9999999701976776,0.9999999701976776,12.999999612569809,0.0,0.0,0.0,0.9999999701976776,74.99999850988388,175
time_pressure_seed10_resource01_e04_t04_u1,time_pressure,10,resource,16,1,missile,2.0,0.9999999701976776,11.0,9.999999701976776,1.0,0.0,10.0,9.999999701976776,1.0000002980232239,2.000000149011612,2.000000149011612,1.9999998807907104,-2.682209014892578e-07,0.0,0.9999999701976776,0.9999999701976776,5.03889924287796,0.0,0.0,0.0,0.9999999701976776,71.99999856948853,168
time_pressure_seed10_resource01_e04_t04_u1,time_pressure,10,resource,17,1,missile,2.0,0.9999999701976776,11.0,9.999999701976776,1.0,0.0,10.0,9.999999701976776,1.0000002980232239,2.000000149011612,2.000000149011612,1.9999998807907104,-2.682209014892578e-07,0.0,0.9999999701976776,0.9999999701976776,3.9999998807907104,0.0,0.0,0.0,0.9999999701976776,71.99999856948853,168
time_pressure_seed10_resource01_e04_t04_u1,time_pressure,10,resource,18,1,missile,2.0,0.9999999701976776,11.0,9.999999701976776,1.0,0.0,10.0,9.999999701976776,1.0000002980232239,2.000000149011612,2.000000149011612,1.9999998807907104,-2.682209014892578e-07,0.0,0.9999999701976776,0.9999999701976776,7.359266042709351,0.0,0.0,0.0,2.999999910593033,71.99999856948853,168
time_pressure_seed10_resource01_e04_t04_u1,time_pressure,10,resource,19,1,missile,2.0,0.9999999701976776,11.0,9.999999701976776,1.0,0.0,10.0,9.999999701976776,1.0000002980232239,2.000000149011612,2.000000149011612,1.9999998807907104,-2.682209014892578e-07,0.0,0.9999999701976776,0.9999999701976776,3.9999998807907104,0.0,0.0,0.0,0.9999999701976776,71.99999856948853,168
time_pressure_seed10_resource01_e04_t04_u1,time_pressure,10,resource,20,1,missile,2.0,0.9999999701976776,11.0,9.999999701976776,1.0,0.0,10.0,9.999999701976776,1.0000002980232239,2.000000149011612,2.000000149011612,1.9999998807907104,-2.682209014892578e-07,0.0,0.9999999701976776,0.9999999701976776,12.999999612569809,0.0,0.0,0.0,0.9999999701976776,71.99999856948853,168
time_pressure_seed10_resource01_e04_t04_u1,time_pressure,10,resource,21,1,missile,2.0,0.9999999701976776,11.0,9.999999701976776,1.0,0.0,10.0,9.999999701976776,1.0000002980232239,2.000000149011612,2.000000149011612,1.9999998807907104,-2.682209014892578e-07,0.0,0.9999999701976776,0.9999999701976776,7.961100369691849,0.0,0.0,0.0,3.9999998807907104,74.99999850988388,175
time_pressure_seed10_resource01_e04_t04_u1,time_pressure,10,resource,22,1,missile,2.0,0.9999999701976776,11.0,9.999999701976776,1.0,0.0,10.0,9.999999701976776,1.0000002980232239,2.000000149011612,2.000000149011612,1.9999998807907104,-2.682209014892578e-07,0.0,0.9999999701976776,0.9999999701976776,7.999999761581421,0.0,0.0,0.0,2.999999910593033,71.99999856948853,168
time_pressure_seed10_resource01_e04_t04_u1,time_pressure,10,resource,23,1,missile,2.0,0.9999999701976776,10.0,8.999999731779099,1.0,0.0,9.0,8.999999731779099,1.0000002682209015,2.0000001341104507,2.0000001341104507,1.9999998807907104,-2.5331974029541016e-07,0.0,0.9999999701976776,0.9999999701976776,2.999999910593033,0.0,0.0,0.0,1.9999999403953552,71.99999856948853,168
time_pressure_seed10_resource01_e04_t04_u1,time_pressure,10,resource,24,1,missile,2.0,0.9999999701976776,11.0,9.999999701976776,1.0,0.0,10.0,9.999999701976776,1.0000002980232239,2.000000149011612,2.000000149011612,1.9999998807907104,-2.682209014892578e-07,0.0,0.9999999701976776,0.9999999701976776,4.706961452960968,0.0,0.0,0.0,18.999999433755875,71.99999856948853,168
time_pressure_seed10_resource01_e04_t04_u1,time_pressure,10,resource,25,1,missile,2.0,0.9999999701976776,11.0,9.999999701976776,1.0,0.0,10.0,9.999999701976776,1.0000002980232239,2.000000149011612,2.000000149011612,1.9999998807907104,-2.682209014892578e-07,0.0,0.9999999701976776,0.9999999701976776,-5.999999821186066,0.0,0.8731688205471704,0.0,2.999999910593033,71.99999856948853,168
time_pressure_seed10_resource01_e04_t04_u1,time_pressure,10,resource,26,1,missile,2.0,0.9999999701976776,11.0,9.999999701976776,1.0,0.0,10.0,9.999999701976776,1.0000002980232239,2.000000149011612,2.000000149011612,1.9999998807907104,-2.682209014892578e-07,0.0,0.9999999701976776,0.9999999701976776,2.999999910593033,0.0,0.0,0.0,0.9999999701976776,71.99999856948853,168
time_pressure_seed10_resource01_e04_t04_u1,time_pressure,10,resource,27,1,missile,2.0,0.9999999701976776,10.0,8.999999731779099,1.0,0.0,9.0,8.999999731779099,1.0000002682209015,2.0000001341104507,2.0000001341104507,1.9999998807907104,-2.5331974029541016e-07,0.0,0.9999999701976776,0.9999999701976776,17.999999463558197,0.0,0.0,0.0,4.999999850988388,62.99999874830246,147
time_pressure_seed10_resource01_e04_t04_u1,time_pressure,10,resource,28,1,missile,2.0,0.9999999701976776,11.0,9.999999701976776,1.0,0.0,10.0,9.999999701976776,1.0000002980232239,2.000000149011612,2.000000149011612,1.9999998807907104,-2.682209014892578e-07,0.0,0.9999999701976776,0.9999999701976776,7.999999761581421,0.0,0.0,0.0,2.999999910593033,74.99999850988388,175
time_pressure_seed10_resource01_e04_t04_u1,time_pressure,10,resource,29,1,missile,2.0,0.9999999701976776,11.0,9.336124122142792,1.0,0.0,10.0,9.336124122142792,1.6638758778572083,2.331937938928604,2.331937938928604,1.9999998807907104,-0.3319380581378937,0.0,0.9999999701976776,0.9999999701976776,11.67224845290184,0.0,0.0,0.0,0.9999999701976776,71.99999856948853,168
time_pressure_seed10_resource01_e04_t04_u1,time_pressure,10,resource,30,1,missile,2.0,0.9999999701976776,9.0,7.679632902145386,1.0,0.0,8.0,7.679632902145386,1.3203670978546143,2.160183548927307,2.160183548927307,1.9999998807907104,-0.16018366813659668,0.0,0.9999999701976776,0.9999999701976776,2.6796330511569977,0.0,0.0,0.0,1.9999999403953552,74.35926479101181,173
time_pressure_seed10_resource01_e04_t04_u1,time_pressure,10,resource,31,1,missile,2.0,0.9999999701976776,10.0,8.668061941862106,1.0,0.0,9.0,8.668061941862106,1.3319380581378937,2.165969029068947,2.165969029068947,1.9999998807907104,-0.1659691482782364,0.0,0.9999999701976776,0.33612439036369324,2.3403109312057495,0.0,0.6535854235682876,0.0,3.9999998807907104,71.99999856948853,168
time_pressure_seed10_resource02_e01_t04_u1,time_pressure,10,resource,0,1,missile,2.0,1.0,10.0,9.0,1.0,0.0,9.0,9.0,1.0,2.0,2.0,2.0,0.0,0.0,1.0,1.0,4.0,0.0,0.0,0.0,14.0,123.0,123
time_pressure_seed10_resource02_e01_t04_u1,time_pressure,10,resource,1,1,missile,2.0,1.0,10.0,9.0,1.0,0.0,9.0,9.0,1.0,2.0,2.0,2.0,0.0,0.0,1.0,-2.0,10.0,-5.0,0.9352574933510707,0.0,1.0,119.0,119
time_pressure_seed10_resource02_e01_t04_u1,time_pressure,10,resource,2,1,missile,2.0,1.0,10.0,9.0,1.0,0.0,9.0,9.0,1.0,2.0,2.0,2.0,0.0,0.0,1.0,1.0,3.0,1.0,0.0,0.0,1.0,123.0,123
time_pressure_seed10_resource02_e01_t04_u1,time_pressure,10,resource,3,1,missile,2.0,1.0,10.0,9.0,1.0,0.0,9.0,9.0,1.0,2.0,2.0,2.0,0.0,0.0,1.0,1.0,5.0,2.0,0.0,0.0,3.0,123.0,123
time_pressure_seed10_resource02_e01_t04_u1,time_pressure,10,resource,4,1,missile,2.0,1.0,10.0,9.0,1.0,0.0,9.0,9.0,1.0,2.0,2.0,2.0,0.0,0.0,1.0,1.0,6.0,2.0,0.0,0.0,3.0,123.0,123
time_pressure_seed10_resource02_e01_t04_u1,time_pressure,10,resource,5,1,missile,2.0,1.0,10.0,9.0,1.0,0.0,9.0,9.0,1.0,2.0,2.0,2.0,0.0,0.0,1.0,1.0,2.0,1.0,0.0,0.0,1.0,123.0,123
time_pressure_seed10_resource02_e01_t04_u1,time_pressure,10,resource,6,1,missile,2.0,1.0,10.0,9.0,1.0,0.0,9.0,9.0,1.0,2.0,2.0,2.0,0.0,0.0,1.0,1.0,2.0,1.0,0.0,0.0,1.0,105.0,105
time_pressure_seed10_resource02_e01_t04_u1,time_pressure,10,resource,7,1,missile,2.0,1.0,10.0,9.0,1.0,0.0,9.0,9.0,1.0,2.0,2.0,2.0,0.0,0.0,1.0,1.0,8.0,3.0,0.0,0.0,1.0,123.0,123
time_pressure_seed10_resource02_e01_t04_u1,time_pressure,10,resource,8,1,missile,2.0,1.0,10.0,9.0,1.0,0.0,9.0,9.0,1.0,2.0,2.0,2.0,0.0,0.0,1.0,1.0,5.0,0.0,0.0,0.0,4.0,117.0,117
time_pressure_seed10_resource02_e01_t04_u1,time_pressure,10,resource,9,1,missile,2.0,1.0,8.0,7.0,1.0,0.0,7.0,7.0,1.0,2.0,2.0,2.0,0.0,0.0,1.0,1.0,5.0,0.0,0.0,0.0,1.0,105.0,105
time_pressure_seed10_resource02_e01_t04_u1,time_pressure,10,resource,10,1,missile,2.0,1.0,10.0,9.0,1.0,0.0,9.0,9.0,1.0,2.0,2.0,2.0,0.0,0.0,1.0,1.0,3.0,1.0,0.0,0.0,1.0,123.0,123
time_pressure_seed10_resource02_e01_t04_u1,time_pressure,10,resource,11,1,missile,2.0,1.0,9.0,8.0,1.0,0.0,8.0,8.0,1.0,2.0,2.0,2.0,0.0,0.0,1.0,1.0,2.0,1.0,0.0,0.0,2.0,99.0,99
time_pressure_seed10_resource02_e01_t04_u1,time_pressure,10,resource,12,1,missile,2.0,1.0,10.0,9.0,1.0,0.0,9.0,9.0,1.0,2.0,2.0,2.0,0.0,0.0,1.0,1.0,5.0,2.0,0.0,0.0,3.0,123.0,123
time_pressure_seed10_resource02_e01_t04_u1,time_pressure,10,resource,13,1,missile,2.0,1.0,8.0,4.0,1.0,0.0,7.0,4.0,4.0,3.5,3.5,2.0,-1.5,0.0,1.0,1.0,5.0,0.0,0.0,0.0,1.0,102.0,102
time_pressure_seed10_resource02_e01_t04_u1,time_pressure,10,resource,14,1,missile,2.0,1.0,10.0,9.0,1.0,0.0,9.0,9.0,1.0,2.0,2.0,2.0,0.0,0.0,1.0,1.0,7.0,2.0,0.0,0.0,1.0,123.0,123
time_pressure_seed10_resource02_e01_t04_u1,time_pressure,10,resource,15,1,missile,2.0,1.0,10.0,9.0,1.0,0.0,9.0,9.0,1.0,2.0,2.0,2.0,0.0,0.0,1.0,1.0,7.0,2.0,0.0,0.0,1.0,123.0,123
time_pressure_seed10_resource02_e01_t04_u1,time_pressure,10,resource,16,1,missile,2.0,1.0,10.0,9.0,1.0,0.0,9.0,9.0,1.0,2.0,2.0,2.0,0.0,0.0,1.0,1.0,3.0,1.0,0.0,0.0,1.0,123.0,123
time_pressure_seed10_resource02_e01_t04_u1,time_pressure,10,resource,17,1,missile,2.0,1.0,10.0,9.0,1.0,0.0,9.0,9.0,1.0,2.0,2.0,2.0,0.0,0.0,1.0,1.0,2.0,1.0,0.0,0.0,1.0,123.0,123
time_pressure_seed10_resource02_e01_t04_u1,time_pressure,10,resource,18,1,missile,2.0,1.0,10.0,9.0,1.0,0.0,9.0,9.0,1.0,2.0,2.0,2.0,0.0,0.0,1.0,1.0,10.0,-7.0,0.8121627143042764,1.0,1.0,123.0,123
time_pressure_seed10_resource02_e01_t04_u1,time_pressure,10,resource,19,1,missile,2.0,1.0,7.0,9.0,1.0,0.0,6.0,9.0,-2.0,0.5,0.5,2.0,1.5,0.0,1.0,-2.0,-3.0,-6.0,0.0,0.0,3.0,105.0,105
time_pressure_seed10_resource02_e01_t04_u1,time_pressure,10,resource,20,1,missile,2.0,1.0,10.0,9.0,1.0,0.0,9.0,9.0,1.0,2.0,2.0,2.0,0.0,0.0,1.0,1.0,0.0,0.0,0.9352574933510707,0.0,2.0,122.0,122
time_pressure_seed10_resource02_e01_t04_u1,time_pressure,10,resource,21,1,missile,2.0,1.0,10.0,9.0,1.0,0.0,9.0,9.0,1.0,2.0,2.0,2.0,0.0,0.0,1.0,1.0,2.0,1.0,0.0,0.0,1.0,123.0,123
time_pressure_seed10_resource02_e01_t04_u1,time_pressure,10,resource,22,1,missile,2.0,1.0,10.0,9.0,1.0,0.0,9.0,9.0,1.0,2.0,2.0,2.0,0.0,0.0,1.0,1.0,5.0,2.0,0.0,0.0,3.0,123.0,123
time_pressure_seed10_resource02_e01_t04_u1,time_pressure,10,resource,23,1,missile,2.0,1.0,10.0,9.0,1.0,0.0,9.0,9.0,1.0,2.0,2.0,2.0,0.0,0.0,1.0,1.0,5.0,2.0,0.0,0.0,1.0,123.0,123
time_pressure_seed10_resource02_e01_t04_u1,time_pressure,10,resource,24,1,missile,2.0,1.0,10.0,8.0,1.0,0.0,9.0,8.0,2.0,2.5,2.5,2.0,-0.5,0.0,1.0,1.0,2.0,0.0,0.0,0.0,1.0,105.0,105
time_pressure_seed10_resource02_e01_t04_u1,time_pressure,10,resource,25,1,missile,2.0,1.0,5.0,4.0,1.0,0.0,4.0,4.0,1.0,2.0,2.0,2.0,0.0,0.0,1.0,1.0,1.0,0.0,0.0,0.0,2.0,102.0,102
time_pressure_seed10_resource02_e01_t04_u1,time_pressure,10,resource,26,1,missile,2.0,1.0,10.0,9.0,1.0,0.0,9.0,9.0,1.0,2.0,2.0,2.0,0.0,0.0,1.0,1.0,5.0,2.0,0.0,0.0,3.0,123.0,123
time_pressure_seed10_resource02_e01_t04_u1,time_pressure,10,resource,27,1,missile,2.0,1.0,10.0,9.0,1.0,0.0,9.0,9.0,1.0,2.0,2.0,2.0,0.0,0.0,1.0,1.0,5.0,0.0,0.0,0.0,1.0,111.0,111
time_pressure_seed10_resource02_e01_t04_u1,time_pressure,10,resource,28,1,missile,2.0,1.0,10.0,9.0,1.0,0.0,9.0,9.0,1.0,2.0,2.0,2.0,0.0,0.0,1.0,1.0,3.0,1.0,0.0,0.0,1.0,117.0,117
time_pressure_seed10_resource02_e01_t04_u1,time_pressure,10,resource,29,1,missile,2.0,1.0,10.0,9.0,1.0,0.0,9.0,9.0,1.0,2.0,2.0,2.0,0.0,0.0,1.0,1.0,5.0,0.0,0.0,0.0,3.0,123.0,123
time_pressure_seed10_resource02_e01_t04_u1,time_pressure,10,resource,30,1,missile,2.0,1.0,10.0,8.0,1.0,0.0,9.0,8.0,2.0,2.5,2.5,2.0,-0.5,0.0,1.0,1.0,1.0,0.0,0.0,0.0,1.0,123.0,123
time_pressure_seed10_resource02_e01_t04_u1,time_pressure,10,resource,31,1,missile,2.0,1.0,10.0,9.0,1.0,0.0,9.0,9.0,1.0,2.0,2.0,2.0,0.0,0.0,1.0,1.0,11.0,4.0,0.0,0.0,1.0,99.0,99
time_pressure_seed10_resource03_e04_t04_u0,time_pressure,10,resource,0,0,missile,2.0,0.9999999701976776,11.0,9.999999701976776,1.0,0.0,10.0,9.999999701976776,1.0000002980232239,2.000000149011612,2.000000149011612,1.9999998807907104,-2.682209014892578e-07,0.0,0.9999999701976776,0.9999999701976776,3.9999998807907104,0.0,0.0,0.0,0.9999999701976776,71.99999856948853,216
time_pressure_seed10_resource03_e04_t04_u0,time_pressure,10,resource,1,0,missile,2.0,0.9999999701976776,10.0,9.735312759876251,1.0,0.0,9.0,9.735312759876251,0.2646872401237488,1.6323436200618744,1.6323436200618744,1.9999998807907104,0.36765626072883606,0.0,0.9999999701976776,0.9999999701976776,8.205938905477524,0.0,0.0,0.0,0.9999999701976776,71.99999856948853,216
time_pressure_seed10_resource03_e04_t04_u0,time_pressure,10,resource,2,0,missile,2.0,0.9999999701976776,11.0,9.999999701976776,1.0,0.0,10.0,9.999999701976776,1.0000002980232239,2.000000149011612,2.000000149011612,1.9999998807907104,-2.682209014892578e-07,0.0,0.9999999701976776,0.9999999701976776,0.0,0.0,0.0,0.0,1.9999999403953552,74.99999850988388,225
time_pressure_seed10_resource03_e04_t04_u0,time_pressure,10,resource,3,0,missile,2.0,0.9999999701976776,11.0,9.999999701976776,1.0,0.0,10.0,9.999999701976776,1.0000002980232239,2.000000149011612,2.000000149011612,1.9999998807907104,-2.682209014892578e-07,0.0,0.9999999701976776,0.9999999701976776,6.999999791383743,0.0,0.6280292431555222,0.0,0.9999999701976776,73.9999985396862,221
time_pressure_seed10_resource03_e04_t04_u0,time_pressure,10,resource,4,0,missile,2.0,0.9999999701976776,11.0,9.999999701976776,1.0,0.0,10.0,9.999999701976776,1.0000002980232239,2.000000149011612,2.000000149011612,1.9999998807907104,-2.682209014892578e-07,0.0,0.9999999701976776,0.4706260859966278,-12.411877930164337,0.0,1.1920401741386515,0.0,15.970947474241257,72.47062465548515,218
time_pressure_seed10_resource03_e04_t04_u0,time_pressure,10,resource,5,0,missile,2.0,0.9999999701976776,12.0,10.999999672174454,1.0,0.0,11.0,10.999999672174454,1.0000003278255463,2.0000002086162567,2.0000002086162567,1.9999999403953552,-2.682209014892578e-07,0.0,0.9999999701976776,0.9999999701976776,3.9999998807907104,0.0,0.0,0.0,0.9999999701976776,71.99999856948853,216
time_pressure_seed10_resource03_e04_t04_u0,time_pressure,10,resource,6,0,missile,2.0,0.9999999701976776,12.0,10.999999672174454,1.0,0.0,11.0,10.999999672174454,1.0000003278255463,2.0000002086162567,2.0000002086162567,1.9999999403953552,-2.682209014892578e-07,0.0,0.9999999701976776,0.9999999701976776,11.999999642372131,0.0,0.0,0.0,3.9999998807907104,71.99999856948853,216
time_pressure_seed10_resource03_e04_t04_u0,time_pressure,10,resource,7,0,missile,2.0,0.9999999701976776,11.0,9.999999701976776,1.0,0.0,10.0,9.999999701976776,1.0000002980232239,2.000000149011612,2.000000149011612,1.9999998807907104,-2.682209014892578e-07,0.0,0.9999999701976776,0.9999999701976776,19.678772181272507,0.0,0.0,0.0,11.40934681892395,71.99999856948853,216
time_pressure_seed10_resource03_e04_t04_u0,time_pressure,10,resource,8,0,missile,2.0,0.9999999701976776,12.0,10.999999672174454,1.0,0.0,11.0,10.999999672174454,1.0000003278255463,2.0000002086162567,2.0000002086162567,1.9999999403953552,-2.682209014892578e-07,0.0,0.9999999701976776,0.9999999701976776,7.999999761581421,0.0,0.0,0.0,0.9999999701976776,74.99999850988388,225
time_pressure_seed10_resource03_e04_t04_u0,time_pressure,10,resource,9,0,missile,2.0,0.9999999701976776,11.0,9.999999701976776,1.0,0.0,10.0,9.999999701976776,1.0000002980232239,2.000000149011612,2.000000149011612,1.9999998807907104,-2.682209014892578e-07,0.0,0.9999999701976776,0.9999999701976776,19.999999403953552,0.0,0.0,0.0,0.9999999701976776,74.99999850988388,225
time_pressure_seed10_resource03_e04_t04_u0,time_pressure,10,resource,10,0,missile,2.0,0.9999999701976776,11.0,9.999999701976776,1.0,0.0,10.0,9.999999701976776,1.0000002980232239,2.000000149011612,2.000000149011612,1.9999998807907104,-2.682209014892578e-07,0.0,0.9999999701976776,0.9999999701976776,13.999999582767487,0.0,0.2451395773916476,0.0,6.999999791383743,73.9999985396862,221
time_pressure_seed10_resource03_e04_t04_u0,time_pressure,10,resource,11,0,missile,2.0,0.9999999701976776,11.0,9.999999701976776,1.0,0.0,10.0,9.999999701976776,1.0000002980232239,2.000000149011612,2.000000149011612,1.9999998807907104,-2.682209014892578e-07,0.0,0.9999999701976776,0.9999999701976776,15.999999523162842,0.0,0.0,0.0,4.999999850988388,74.99999850988388,225
time_pressure_seed10_resource03_e04_t04_u0,time_pressure,10,resource,12,0,missile,2.0,0.9999999701976776,11.0,9.999999701976776,1.0,0.0,10.0,9.999999701976776,1.0000002980232239,2.000000149011612,2.000000149011612,1.9999998807907104,-2.682209014892578e-07,0.0,0.9999999701976776,0.9999999701976776,-7.999999761581421,0.0,1.0082751621463788,0.0,0.9999999701976776,70.99999859929085,212
time_pressure_seed10_resource03_e04_t04_u0,time_pressure,10,resource,13,0,missile,2.0,0.9999999701976776,11.0,9.999999701976776,1.0,0.0,10.0,9.999999701976776,1.0000002980232239,2.000000149011612,2.000000149011612,1.9999998807907104,-2.682209014892578e-07,0.0,0.9999999701976776,0.9999999701976776,3.257091373205185,0.0,0.0,0.0,0.9999999701976776,73.51418149471283,219
time_pressure_seed10_resource03_e04_t04_u0,time_pressure,10,resource,14,0,missile,2.0,0.9999999701976776,12.0,10.999999672174454,1.0,0.0,11.0,10.999999672174454,1.0000003278255463,2.0000002086162567,2.0000002086162567,1.9999999403953552,-2.682209014892578e-07,0.0,0.9999999701976776,0.9999999701976776,11.999999642372131,0.0,0.0,0.0,0.9999999701976776,71.99999856948853,216
time_pressure_seed10_resource03_e04_t04_u0,time_pressure,10,resource,15,0,missile,2.0,0.9999999701976776,10.0,8.999999731779099,1.0,0.0,9.0,8.999999731779099,1.0000002682209015,2.0000001341104507,2.0000001341104507,1.9999998807907104,-2.5331974029541016e-07,0.0,0.9999999701976776,0.9999999701976776,7.999999761581421,0.0,0.0,0.0,0.9999999701976776,71.99999856948853,216
time_pressure_seed10_resource03_e04_t04_u0,time_pressure,10,resource,16,0,missile,2.0,0.9999999701976776,12.0,10.999999672174454,1.0,0.0,11.0,10.999999672174454,1.0000003278255463,2.0000002086162567,2.0000002086162567,1.9999999403953552,-2.682209014892578e-07,0.0,0.9999999701976776,0.9999999701976776,3.9999998807907104,0.0,0.0,0.0,0.9999999701976776,74.99999850988388,225
time_pressure_seed10_resource03_e04_t04_u0,time_pressure,10,resource,17,0,missile,2.0,0.9999999701976776,12.0,10.999999672174454,1.0,0.0,11.0,10.999999672174454,1.0000003278255463,2.0000002086162567,2.0000002086162567,1.9999999403953552,-2.682209014892578e-07,0.0,0.9999999701976776,0.9999999701976776,7.530606210231781,0.0,0.0,0.0,0.9999999701976776,71.99999856948853,216
time_pressure_seed10_resource03_e04_t04_u0,time_pressure,10,resource,18,0,missile,2.0,0.9999999701976776,11.0,9.999999701976776,1.0,0.0,10.0,9.999999701976776,1.0000002980232239,2.000000149011612,2.000000149011612,1.9999998807907104,-2.682209014892578e-07,0.0,0.9999999701976776,0.9999999701976776,11.999999642372131,0.0,0.0,0.0,0.9999999701976776,71.99999856948853,216
time_pressure_seed10_resource03_e04_t04_u0,time_pressure,10,resource,19,0,missile,2.0,0.9999999701976776,11.0,9.999999701976776,1.0,0.0,10.0,9.999999701976776,1.0000002980232239,2.000000149011612,2.000000149011612,1.9999998807907104,-2.682209014892578e-07,0.0,0.9999999701976776,0.9999999701976776,9.704090058803558,0.0,0.0,0.0,0.9999999701976776,74.53060495853424,223
time_pressure_seed10_resource03_e04_t04_u0,time_pressure,10,resource,20,0,missile,2.0,0.9999999701976776,10.0,9.999999701976776,1.0,0.0,9.0,9.999999701976776,2.980232238769531e-07,1.500000149011612,1.500000149011612,1.9999998807907104,0.4999997317790985,0.0,0.9999999701976776,0.0,-12.999999612569809,0.0,0.0,0.0,,71.99999856948853,216
time_pressure_seed10_resource03_e04_t04_u0,time_pressure,10,resource,21,0,missile,2.0,0.9999999701976776,11.0,9.999999701976776,1.0,0.0,10.0,9.999999701976776,1.0000002980232239,2.000000149011612,2.000000149011612,1.9999998807907104,-2.682209014892578e-07,0.0,0.9999999701976776,0.9999999701976776,3.7353129386901855,0.0,0.0,0.0,0.9999999701976776,74.99999850988388,225
time_pressure_seed10_resource03_e04_t04_u0,time_pressure,10,resource,22,0,missile,2.0,0.9999999701976776,11.0,9.999999701976776,1.0,0.0,10.0,9.999999701976776,1.0000002980232239,2.000000149011612,2.000000149011612,1.9999998807907104,-2.682209014892578e-07,0.0,0.9999999701976776,0.9999999701976776,7.51295018196106,0.0,0.0,0.0,0.9999999701976776,72.48704814910889,218
time_pressure_seed10_resource03_e04_t04_u0,time_pressure,10,resource,23,0,missile,2.0,0.9999999701976776,11.0,9.999999701976776,1.0,0.0,10.0,9.999999701976776,1.0000002980232239,2.000000149011612,2.000000149011612,1.9999998807907104,-2.682209014892578e-07,0.0,0.9999999701976776,0.9999999701976776,7.470625877380371,0.0,0.0,0.0,0.9999999701976776,71.99999856948853,216
time_pressure_seed10_resource03_e04_t04_u0,time_pressure,10,resource,24,0,missile,2.0,0.9999999701976776,11.0,9.999999701976776,1.0,0.0,10.0,9.999999701976776,1.0000002980232239,2.000000149011612,2.000000149011612,1.9999998807907104,-2.682209014892578e-07,0.0,0.9999999701976776,0.9999999701976776,3.7353129386901855,0.0,0.0,0.0,1.9999999403953552,71.99999856948853,216
time_pressure_seed10_resource03_e04_t04_u0,time_pressure,10,resource,25,0,missile,2.0,0.9999999701976776,12.0,10.999999672174454,1.0,0.0,11.0,10.999999672174454,1.0000003278255463,2.0000002086162567,2.0000002086162567,1.9999999403953552,-2.682209014892578e-07,0.0,0.9999999701976776,0.9999999701976776,-6.765008598566055,0.0,0.461798098280906,0.0,0.9999999701976776,72.73531159758568,219
time_pressure_seed10_resource03_e04_t04_u0,time_pressure,10,resource,26,0,missile,2.0,0.9999999701976776,12.0,10.999999672174454,1.0,0.0,11.0,10.999999672174454,1.0000003278255463,2.0000002086162567,2.0000002086162567,1.9999999403953552,-2.682209014892578e-07,0.0,0.9999999701976776,0.9999999701976776,1.9999999403953552,0.0,0.0,0.0,0.9999999701976776,74.99999850988388,225
time_pressure_seed10_resource03_e04_t04_u0,time_pressure,10,resource,27,0,missile,2.0,0.9999999701976776,12.0,10.999999672174454,1.0,0.0,11.0,10.999999672174454,1.0000003278255463,2.0000002086162567,2.0000002086162567,1.9999999403953552,-2.682209014892578e-07,0.0,0.9999999701976776,0.9999999701976776,3.9999998807907104,0.0,0.0,0.0,1.9999999403953552,71.99999856948853,216
time_pressure_seed10_resource03_e04_t04_u0,time_pressure,10,resource,28,0,missile,2.0,0.9999999701976776,11.0,9.999999701976776,1.0,0.0,10.0,9.999999701976776,1.0000002980232239,2.000000149011612,2.000000149011612,1.9999998807907104,-2.682209014892578e-07,0.0,0.9999999701976776,0.9999999701976776,3.9999998807907104,0.0,0.0,0.0,1.9999999403953552,71.99999856948853,216
time_pressure_seed10_resource03_e04_t04_u0,time_pressure,10,resource,29,0,missile,2.0,0.9999999701976776,10.0,8.470625847578049,1.0,0.0,9.0,8.470625847578049,1.5293741524219513,2.2646870762109756,2.2646870762109756,1.9999998807907104,-0.2646871954202652,0.0,0.9999999701976776,0.9999999701976776,11.205938816070557,0.0,0.0,0.0,3.9999998807907104,70.41187691688538,210
time_pressure_seed10_resource03_e04_t04_u0,time_pressure,10,resource,30,0,missile,2.0,0.9999999701976776,11.0,9.999999701976776,1.0,0.0,10.0,9.999999701976776,1.0000002980232239,2.000000149011612,2.000000149011612,1.9999998807907104,-2.682209014892578e-07,0.0,0.9999999701976776,0.9999999701976776,-2.2287255227565765,0.0,0.5015304480122843,0.0,3.9999998807907104,71.99999856948853,216
time_pressure_seed10_resource03_e04_t04_u0,time_pressure,10,resource,31,0,missile,2.0,0.9999999701976776,12.0,10.999999672174454,1.0,0.0,11.0,10.999999672174454,1.0000003278255463,2.0000002086162567,2.0000002086162567,1.9999999403953552,-2.682209014892578e-07,0.0,0.9999999701976776,0.9999999701976776,3.9999998807907104,0.0,0.0,0.0,0.9999999701976776,74.99999850988388,225
time_pressure_seed10_resource04_e01_t04_u0,time_pressure,10,resource,0,0,missile,2.0,0.9999999701976776,11.0,9.999999701976776,1.0,0.0,10.0,9.999999701976776,1.0000002980232239,2.0000001937150955,2.0000001937150955,1.9999999403953552,-2.5331974029541016e-07,0.0,0.9999999701976776,0.9999999701976776,1.9999999403953552,0.9999999701976776,0.0,0.0,0.9999999701976776,104.99999791383743,175
time_pressure_seed10_resource04_e01_t04_u0,time_pressure,10,resource,1,0,missile,2.0,0.9999999701976776,9.0,8.999999731779099,1.0,0.0,8.0,8.999999731779099,2.682209014892578e-07,1.5000001341104507,1.5000001341104507,1.4999998807907104,-2.5331974029541016e-07,0.0,0.9999999701976776,-0.0435958206653595,11.260222643613815,0.8692125082015991,0.727657087141244,0.0,,119.34741228818893,198
time_pressure_seed10_resource04_e01_t04_u0,time_pressure,10,resource,2,0,missile,2.0,0.9999999701976776,10.0,8.47820183634758,1.0,0.0,9.0,8.47820183634758,1.52179816365242,2.26089908182621,2.26089908182621,1.9999998807907104,-0.2608992010354996,0.0,0.9999999701976776,0.9999999701976776,7.434606045484543,2.999999910593033,0.0,0.0,2.434606194496155,104.99999791383743,175
time_pressure_seed10_resource04_e01_t04_u0,time_pressure,10,resource,3,0,missile,2.0,0.9999999701976776,7.0,5.478201925754547,1.0,0.0,6.0,5.478201925754547,1.5217980742454529,2.2608990371227264,2.2608990371227264,1.9999998807907104,-0.260899156332016,0.0,0.9999999701976776,0.9999999701976776,0.9999999701976776,0.0,0.0,0.0,1.4782020449638367,107.99999785423279,180
time_pressure_seed10_resource04_e01_t04_u0,time_pressure,10,resource,4,0,missile,2.0,0.9999999701976776,10.0,8.999999731779099,1.0,0.0,9.0,8.999999731779099,1.0000002682209015,2.0000001341104507,2.0000001341104507,1.9999998807907104,-2.5331974029541016e-07,0.0,0.9999999701976776,0.9999999701976776,2.999999910593033,0.9999999701976776,0.0,0.0,1.9999999403953552,104.99999791383743,175
time_pressure_seed10_resource04_e01_t04_u0,time_pressure,10,resource,5,0,missile,2.0,0.9999999701976776,10.0,8.999999731779099,1.0,0.0,9.0,8.999999731779099,1.0000002682209015,2.0000001341104507,2.0000001341104507,1.9999998807907104,-2.5331974029541016e-07,0.0,0.9999999701976776,0.9999999701976776,8.999999731779099,2.999999910593033,0.0,0.0,0.9999999701976776,122.99999755620956,205
time_pressure_seed10_resource04_e01_t04_u0,time_pressure,10,resource,6,0,missile,2.0,0.9999999701976776,6.0,7.999999761581421,1.0,0.0,5.0,7.999999761581421,-1.999999761581421,0.5000001639127731,0.5000001639127731,1.7391009777784348,1.2391008138656616,0.0,0.9999999701976776,0.9999999701976776,1.9999999403953552,0.0,0.0,0.0,0.9999999701976776,107.99999785423279,180
time_pressure_seed10_resource04_e01_t04_u0,time_pressure,10,resource,7,0,missile,2.0,0.9999999701976776,10.0,9.521797627210617,1.0,0.0,9.0,9.521797627210617,0.47820237278938293,1.739101231098175,1.739101231098175,1.7391009777784348,-2.5331974029541016e-07,0.0,0.9999999701976776,0.9999999701976776,1.9999999403953552,0.0,0.0,0.0,0.9999999701976776,122.99999755620956,205
time_pressure_seed10_resource04_e01_t04_u0,time_pressure,10,resource,8,0,missile,2.0,0.9999999701976776,10.0,9.521797627210617,1.0,0.0,9.0,9.521797627210617,0.47820237278938293,1.739101231098175,1.739101231098175,1.7391009777784348,-2.5331974029541016e-07,0.0,0.9999999701976776,0.9999999701976776,2.6089894771575928,0.0,0.0,0.0,0.9999999701976776,122.99999755620956,205
time_pressure_seed10_resource04_e01_t04_u0,time_pressure,10,resource,9,0,missile,2.0,0.9999999701976776,11.0,9.999999701976776,1.0,0.0,10.0,9.999999701976776,1.0000002980232239,2.0000001937150955,2.0000001937150955,1.9999999403953552,-2.5331974029541016e-07,0.0,0.9999999701976776,0.9999999701976776,1.4782020449638367,-3.8256165981292725,0.6079977075178993,0.47820207476615906,0.9999999701976776,122.99999755620956,205
time_pressure_seed10_resource04_e01_t04_u0,time_pressure,10,resource,10,0,missile,2.0,0.9999999701976776,11.0,8.08719140291214,1.0,0.0,10.0,8.08719140291214,2.91280859708786,2.9564043432474136,2.9564043432474136,1.9999999403953552,-0.9564044028520584,0.0,0.9999999701976776,0.9999999701976776,1.5217978656291962,0.0,0.0,0.0,1.9999999403953552,104.99999791383743,175
time_pressure_seed10_resource04_e01_t04_u0,time_pressure,10,resource,11,0,missile,2.0,0.9999999701976776,10.0,9.521797627210617,1.0,0.0,9.0,9.521797627210617,0.47820237278938293,1.739101231098175,1.739101231098175,1.7391009777784348,-2.5331974029541016e-07,0.0,0.9999999701976776,0.9999999701976776,2.999999910593033,0.9999999701976776,0.0,0.0,0.9999999701976776,122.99999755620956,205
time_pressure_seed10_resource04_e01_t04_u0,time_pressure,10,resource,12,0,missile,2.0,0.9999999701976776,10.0,8.999999731779099,1.0,0.0,9.0,8.999999731779099,1.0000002682209015,2.0000001341104507,2.0000001341104507,1.9999998807907104,-2.5331974029541016e-07,0.0,0.9999999701976776,0.9999999701976776,1.9999999403953552,0.9999999701976776,0.0,0.0,0.9999999701976776,104.99999791383743,175
time_pressure_seed10_resource04_e01_t04_u0,time_pressure,10,resource,13,0,missile,2.0,0.9999999701976776,10.0,8.999999731779099,1.0,0.0,9.0,8.999999731779099,1.0000002682209015,2.0000001341104507,2.0000001341104507,1.9999998807907104,-2.5331974029541016e-07,0.0,0.9999999701976776,-0.0435958206653595,1.4346062242984772,0.47820207476615906,0.48801539171714614,0.0,0.9999999701976776,120.39100807905197,200
time_pressure_seed10_resource04_e01_t04_u0,time_pressure,10,resource,14,0,missile,2.0,0.9999999701976776,10.0,8.999999731779099,1.0,0.0,9.0,8.999999731779099,1.0000002682209015,2.0000001788139343,2.0000001788139343,1.7391009777784348,-0.2608992010354996,0.0,0.9999999701976776,0.9999999701976776,1.9999999403953552,0.0,0.0,0.0,0.9999999701976776,113.9999977350235,190
time_pressure_seed10_resource04_e01_t04_u0,time_pressure,10,resource,15,0,missile,2.0,0.9999999701976776,10.0,8.999999731779099,1.0,0.0,9.0,8.999999731779099,1.0000002682209015,2.0000001341104507,2.0000001341104507,1.9999998807907104,-2.5331974029541016e-07,0.0,0.9999999701976776,0.9999999701976776,6.478201895952225,2.999999910593033,0.0,0.0,2.9564040899276733,122.99999755620956,205
time_pressure_seed10_resource04_e01_t04_u0,time_pressure,10,resource,16,0,missile,2.0,0.9999999701976776,9.0,8.999999731779099,1.0,0.0,8.0,8.999999731779099,2.682209014892578e-07,1.5000001341104507,1.5000001341104507,1.4999998807907104,-2.5331974029541016e-07,0.0,0.9999999701976776,0.9999999701976776,4.999999850988388,1.9999999403953552,0.9352574654782253,0.0,,116.9999977350235,193
time_pressure_seed10_resource04_e01_t04_u0,time_pressure,10,resource,17,0,missile,2.0,0.9999999701976776,10.0,9.521797627210617,1.0,0.0,9.0,9.521797627210617,0.47820237278938293,1.739101231098175,1.739101231098175,1.7391009777784348,-2.5331974029541016e-07,0.0,0.9999999701976776,0.9999999701976776,7.434606045484543,-4.999999850988388,0.9472768996311229,0.0,0.9999999701976776,122.47819966077805,204
time_pressure_seed10_resource04_e01_t04_u0,time_pressure,10,resource,18,0,missile,2.0,0.9999999701976776,10.0,8.999999731779099,1.0,0.0,9.0,8.999999731779099,1.0000002682209015,2.0000001341104507,2.0000001341104507,1.9999998807907104,-2.5331974029541016e-07,0.0,0.9999999701976776,0.9999999701976776,7.999999761581421,4.999999850988388,0.0,0.0,13.999999582767487,122.99999755620956,205
time_pressure_seed10_resource04_e01_t04_u0,time_pressure,10,resource,19,0,missile,2.0,0.9999999701976776,10.0,8.999999731779099,1.0,0.0,9.0,8.999999731779099,1.0000002682209015,2.0000001341104507,2.0000001341104507,1.9999998807907104,-2.5331974029541016e-07,0.0,0.9999999701976776,0.9999999701976776,7.999999761581421,1.9999999403953552,0.0,0.0,24.99999925494194,122.99999755620956,205
time_pressure_seed10_resource04_e01_t04_u0,time_pressure,10,resource,20,0,missile,2.0,0.9999999701976776,9.0,8.999999731779099,1.0,0.0,8.0,8.999999731779099,2.682209014892578e-07,1.5000001341104507,1.5000001341104507,1.4999998807907104,-2.5331974029541016e-07,0.0,0.9999999701976776,0.9999999701976776,3.4346061646938324,0.0,0.0,0.0,2.999999910593033,110.99999791383743,181
time_pressure_seed10_resource04_e01_t04_u0,time_pressure,10,resource,21,0,missile,2.0,0.9999999701976776,10.0,8.999999731779099,1.0,0.0,9.0,8.999999731779099,1.0000002682209015,2.0000001341104507,2.0000001341104507,1.9999998807907104,-2.5331974029541016e-07,0.0,0.9999999701976776,0.9999999701976776,2.4782020151615143,0.9999999701976776,0.0,0.0,0.9999999701976776,122.99999755620956,205
time_pressure_seed10_resource04_e01_t04_u0,time_pressure,10,resource,22,0,missile,2.0,0.9999999701976776,6.0,4.4782019555568695,1.0,0.0,5.0,4.4782019555568695,1.5217980444431305,2.2608990222215652,2.2608990222215652,1.4999998807907104,-0.7608991414308548,0.0,0.9999999701976776,0.9999999701976776,1.4782020449638367,0.0,0.0,0.0,0.9999999701976776,83.99999833106995,140
time_pressure_seed10_resource04_e01_t04_u0,time_pressure,10,resource,23,0,missile,2.0,0.9999999701976776,10.0,8.999999731779099,1.0,0.0,9.0,8.999999731779099,1.0000002682209015,2.0000001341104507,2.0000001341104507,1.9999998807907104,-2.5331974029541016e-07,0.0,0.9999999701976776,0.9999999701976776,2.4782020151615143,0.47820207476615906,0.0,0.0,15.173030883073807,122.99999755620956,205
time_pressure_seed10_resource04_e01_t04_u0,time_pressure,10,resource,24,0,missile,2.0,0.9999999701976776,11.0,9.999999701976776,1.0,0.0,10.0,9.999999701976776,1.0000002980232239,2.0000001937150955,2.0000001937150955,1.9999999403953552,-2.5331974029541016e-07,0.0,0.9999999701976776,0.9999999701976776,8.999999731779099,-0.9999999701976776,0.8121626900999415,0.9999999701976776,0.9999999701976776,122.99999755620956,205
time_pressure_seed10_resource04_e01_t04_u0,time_pressure,10,resource,25,0,missile,2.0,0.9999999701976776,9.0,8.999999731779099,1.0,0.0,8.0,8.999999731779099,2.682209014892578e-07,1.5000001341104507,1.5000001341104507,1.4999998807907104,-2.5331974029541016e-07,0.0,0.9999999701976776,0.9999999701976776,-1.3474145829677582,-3.303818702697754,0.0,0.0,0.9999999701976776,122.99999755620956,205
time_pressure_seed10_resource04_e01_t04_u0,time_pressure,10,resource,26,0,missile,2.0,0.9999999701976776,11.0,9.999999701976776,1.0,0.0,10.0,9.999999701976776,1.0000002980232239,2.0000001937150955,2.0000001937150955,1.9999999403953552,-2.5331974029541016e-07,0.0,0.9999999701976776,0.9999999701976776,7.434606045484543,2.999999910593033,0.0,0.0,0.9999999701976776,116.73842281103134,193
time_pressure_seed10_resource04_e01_t04_u0,time_pressure,10,resource,27,0,missile,2.0,0.9999999701976776,10.0,5.999999821186066,1.0,0.0,9.0,5.999999821186066,4.000000178813934,3.500000089406967,3.500000089406967,1.9999998807907104,-1.5000002086162567,0.0,0.9999999701976776,0.9999999701976776,0.9999999701976776,0.0,0.0,0.0,0.9999999701976776,108.99999797344208,177
time_pressure_seed10_resource04_e01_t04_u0,time_pressure,10,resource,28,0,missile,2.0,0.9999999701976776,11.0,8.43460601568222,1.0,0.0,10.0,8.43460601568222,2.5653939843177795,2.7826970368623734,2.7826970368623734,1.9999999403953552,-0.7826970964670181,0.0,0.9999999701976776,0.9999999701976776,2.9564040899276733,0.0,0.0,0.0,0.9999999701976776,119.99999761581421,200
time_pressure_seed10_resource04_e01_t04_u0,time_pressure,10,resource,29,0,missile,2.0,0.9999999701976776,10.0,8.999999731779099,1.0,0.0,9.0,8.999999731779099,1.0000002682209015,2.0000001341104507,2.0000001341104507,1.9999998807907104,-2.5331974029541016e-07,0.0,0.9999999701976776,0.9999999701976776,3.9999998807907104,1.9999999403953552,0.0,0.0,2.999999910593033,122.99999755620956,205
time_pressure_seed10_resource04_e01_t04_u0,time_pressure,10,resource,30,0,missile,2.0,0.9999999701976776,11.0,9.999999701976776,1.0,0.0,10.0,9.999999701976776,1.0000002980232239,2.0000001937150955,2.0000001937150955,1.9999999403953552,-2.5331974029541016e-07,0.0,0.9999999701976776,0.9999999701976776,4.956404030323029,0.0,0.0,0.0,1.9564041197299957,104.99999791383743,175
time_pressure_seed10_resource04_e01_t04_u0,time_pressure,10,resource,31,0,missile,2.0,0.9999999701976776,10.0,9.521797627210617,1.0,0.0,9.0,9.521797627210617,0.47820237278938293,1.739101231098175,1.739101231098175,1.7391009777784348,-2.5331974029541016e-07,0.0,0.9999999701976776,0.9999999701976776,1.4782020449638367,0.0,0.0,0.0,1.9999999403953552,118.82561439275742,197
time_pressure_seed10_resource05_e09_t04_u1,time_pressure,10,resource,0,1,missile,2.0,1.0,8.0,7.0,1.0,0.0,7.0,7.0,1.0,2.0,2.0,2.0,0.0,0.0,1.0,1.0,1.0,3.0,0.0,0.0,3.0,66.0,66
time_pressure_seed10_resource05_e09_t04_u1,time_pressure,10,resource,1,1,missile,2.0,1.0,5.0,4.0,1.0,0.0,4.0,4.0,1.0,2.0,2.0,2.0,0.0,0.0,1.0,1.0,-1.0,-5.0,0.8355472704377993,1.0,1.0,57.0,57
time_pressure_seed10_resource05_e09_t04_u1,time_pressure,10,resource,2,1,missile,2.0,1.0,8.0,7.0,1.0,0.0,7.0,7.0,1.0,2.0,2.0,2.0,0.0,0.0,1.0,-1.0,4.0,9.0,0.4521040235170024,0.0,1.0,66.0,66
time_pressure_seed10_resource05_e09_t04_u1,time_pressure,10,resource,3,1,missile,2.0,1.0,6.0,7.0,1.0,0.0,5.0,7.0,-1.0,1.0,1.0,2.0,1.0,0.0,1.0,-1.0,-5.0,4.0,0.8355472704377993,1.0,1.0,60.0,60
time_pressure_seed10_resource05_e09_t04_u1,time_pressure,10,resource,4,1,missile,2.0,1.0,8.0,7.0,1.0,0.0,7.0,7.0,1.0,2.0,2.0,2.0,0.0,0.0,1.0,1.0,4.0,2.0,0.0,0.0,3.0,66.0,66
time_pressure_seed10_resource05_e09_t04_u1,time_pressure,10,resource,5,1,missile,2.0,1.0,8.0,7.0,1.0,0.0,7.0,7.0,1.0,2.0,2.0,2.0,0.0,0.0,1.0,1.0,2.0,1.0,0.0,0.0,2.0,66.0,66
time_pressure_seed10_resource05_e09_t04_u1,time_pressure,10,resource,6,1,missile,2.0,1.0,6.0,5.0,1.0,0.0,5.0,5.0,1.0,2.0,2.0,2.0,0.0,0.0,1.0,1.0,2.0,1.0,0.0,0.0,2.0,60.0,60
time_pressure_seed10_resource05_e09_t04_u1,time_pressure,10,resource,7,1,missile,2.0,1.0,8.0,7.0,1.0,0.0,7.0,7.0,1.0,2.0,2.0,2.0,0.0,0.0,1.0,1.0,2.0,1.0,0.0,0.0,2.0,66.0,66
time_pressure_seed10_resource05_e09_t04_u1,time_pressure,10,resource,8,1,missile,2.0,1.0,7.0,7.0,1.0,0.0,6.0,7.0,0.0,1.5,1.5,2.0,0.5,0.0,1.0,0.0,-4.0,2.0,0.8355472704377993,1.0,2.0,58.0,58
time_pressure_seed10_resource05_e09_t04_u1,time_pressure,10,resource,9,1,missile,2.0,1.0,3.0,2.0,1.0,0.0,2.0,2.0,1.0,2.0,2.0,2.0,0.0,0.0,1.0,1.0,2.0,2.0,0.0,0.0,1.0,66.0,66
time_pressure_seed10_resource05_e09_t04_u1,time_pressure,10,resource,10,1,missile,2.0,1.0,8.0,7.0,1.0,0.0,7.0,7.0,1.0,2.0,2.0,2.0,0.0,0.0,1.0,-3.0,5.0,6.0,0.0,0.0,1.0,66.0,66
time_pressure_seed10_resource05_e09_t04_u1,time_pressure,10,resource,11,1,missile,2.0,1.0,8.0,7.0,1.0,0.0,7.0,7.0,1.0,2.0,2.0,2.0,0.0,0.0,1.0,1.0,3.0,2.0,0.0,0.0,18.0,66.0,66
time_pressure_seed10_resource05_e09_t04_u1,time_pressure,10,resource,12,1,missile,2.0,1.0,6.0,5.0,1.0,0.0,5.0,5.0,1.0,2.0,2.0,2.0,0.0,0.0,1.0,1.0,3.0,3.0,0.0,0.0,4.0,66.0,66
time_pressure_seed10_resource05_e09_t04_u1,time_pressure,10,resource,13,1,missile,2.0,1.0,8.0,7.0,1.0,0.0,7.0,7.0,1.0,2.0,2.0,2.0,0.0,0.0,1.0,1.0,2.0,1.0,0.0,0.0,1.0,66.0,66
time_pressure_seed10_resource05_e09_t04_u1,time_pressure,10,resource,14,1,missile,2.0,1.0,7.0,7.0,1.0,0.0,6.0,7.0,0.0,1.5,1.5,2.0,0.5,0.0,1.0,1.0,3.0,8.0,0.4521040235170024,0.0,,66.0,66
time_pressure_seed10_resource05_e09_t04_u1,time_pressure,10,resource,15,1,missile,2.0,1.0,8.0,7.0,1.0,0.0,7.0,7.0,1.0,2.0,2.0,2.0,0.0,0.0,1.0,1.0,3.0,1.0,0.0,0.0,1.0,66.0,66
time_pressure_seed10_resource05_e09_t04_u1,time_pressure,10,resource,16,1,missile,2.0,1.0,4.0,7.0,1.0,0.0,3.0,7.0,-3.0,0.0,0.0,2.0,2.0,0.0,1.0,-3.0,-10.0,2.0,1.4598364345462054,1.0,2.0,64.0,64
time_pressure_seed10_resource05_e09_t04_u1,time_pressure,10,resource,17,1,missile,2.0,1.0,8.0,7.0,1.0,0.0,7.0,7.0,1.0,2.0,2.0,2.0,0.0,0.0,1.0,1.0,0.0,8.0,0.8355472704377993,1.0,5.0,66.0,66
time_pressure_seed10_resource05_e09_t04_u1,time_pressure,10,resource,18,1,missile,2.0,1.0,5.0,7.0,1.0,0.0,4.0,7.0,-2.0,0.5,0.5,2.0,1.5,0.0,1.0,-2.0,-2.0,7.0,0.6242891641084061,0.0,2.0,66.0,66
time_pressure_seed10_resource05_e09_t04_u1,time_pressure,10,resource,19,1,missile,2.0,1.0,8.0,7.0,1.0,0.0,7.0,7.0,1.0,2.0,2.0,2.0,0.0,0.0,1.0,1.0,12.0,4.0,0.0,0.0,5.0,66.0,66
time_pressure_seed10_resource05_e09_t04_u1,time_pressure,10,resource,20,1,missile,2.0,1.0,8.0,4.0,1.0,0.0,7.0,4.0,4.0,3.5,3.5,2.0,-1.5,0.0,1.0,1.0,1.0,1.0,0.0,0.0,1.0,62.0,62
time_pressure_seed10_resource05_e09_t04_u1,time_pressure,10,resource,21,1,missile,2.0,1.0,7.0,6.0,1.0,0.0,6.0,6.0,1.0,2.0,2.0,2.0,0.0,0.0,1.0,1.0,2.0,1.0,0.0,0.0,1.0,60.0,60
time_pressure_seed10_resource05_e09_t04_u1,time_pressure,10,resource,22,1,missile,2.0,1.0,5.0,4.0,1.0,0.0,4.0,4.0,1.0,2.0,2.0,2.0,0.0,0.0,1.0,1.0,2.0,1.0,0.0,0.0,1.0,54.0,54
time_pressure_seed10_resource05_e09_t04_u1,time_pressure,10,resource,23,1,missile,2.0,1.0,8.0,7.0,1.0,0.0,7.0,7.0,1.0,2.0,2.0,2.0,0.0,0.0,1.0,1.0,0.0,2.0,1.0763931876254085,0.0,11.0,66.0,66
time_pressure_seed10_resource05_e09_t04_u1,time_pressure,10,resource,24,1,missile,2.0,1.0,5.0,4.0,1.0,0.0,4.0,4.0,1.0,2.0,2.0,2.0,0.0,0.0,1.0,1.0,3.0,3.0,0.0,0.0,1.0,66.0,66
time_pressure_seed10_resource05_e09_t04_u1,time_pressure,10,resource,25,1,missile,2.0,1.0,8.0,7.0,1.0,0.0,7.0,7.0,1.0,2.0,2.0,2.0,0.0,0.0,1.0,1.0,8.0,7.0,0.0,0.0,1.0,66.0,66
time_pressure_seed10_resource05_e09_t04_u1,time_pressure,10,resource,26,1,missile,2.0,1.0,8.0,7.0,1.0,0.0,7.0,7.0,1.0,2.0,2.0,2.0,0.0,0.0,1.0,1.0,12.0,4.0,0.0,0.0,5.0,66.0,66
time_pressure_seed10_resource05_e09_t04_u1,time_pressure,10,resource,27,1,missile,2.0,1.0,8.0,6.0,1.0,0.0,7.0,6.0,2.0,2.5,2.5,2.0,-0.5,0.0,1.0,1.0,2.0,1.0,0.0,0.0,2.0,66.0,66
time_pressure_seed10_resource05_e09_t04_u1,time_pressure,10,resource,28,1,missile,2.0,1.0,8.0,7.0,1.0,0.0,7.0,7.0,1.0,2.0,2.0,2.0,0.0,0.0,1.0,1.0,9.0,3.0,0.0,0.0,1.0,66.0,66
time_pressure_seed10_resource05_e09_t04_u1,time_pressure,10,resource,29,1,missile,2.0,1.0,7.0,6.0,1.0,0.0,6.0,6.0,1.0,2.0,2.0,2.0,0.0,0.0,1.0,1.0,4.0,2.0,0.0,0.0,3.0,66.0,66
time_pressure_seed10_resource05_e09_t04_u1,time_pressure,10,resource,30,1,missile,2.0,1.0,8.0,7.0,1.0,0.0,7.0,7.0,1.0,2.0,2.0,2.0,0.0,0.0,1.0,1.0,2.0,1.0,0.0,0.0,1.0,66.0,66
time_pressure_seed10_resource05_e09_t04_u1,time_pressure,10,resource,31,1,missile,2.0,1.0,8.0,7.0,1.0,0.0,7.0,7.0,1.0,2.0,2.0,2.0,0.0,0.0,1.0,1.0,6.0,2.0,0.0,0.0,1.0,66.0,66
heterogeneity_pressure_seed8_safety00_e00_t23_u2,heterogeneity_pressure,8,safety,0,2,laser,0.25,1.0,15.0,15.0,9.0,9.0,6.0,6.0,0.0,0.0,0.0,0.25,0.25,0.0,0.0,0.0,0.0,0.0,0.0,0.0,,69.0,253
heterogeneity_pressure_seed8_safety00_e00_t23_u2,heterogeneity_pressure,8,safety,1,2,laser,0.25,1.0,8.0,7.3920717388391495,3.0,2.7973572462797165,5.0,4.594714492559433,0.6079282611608505,0.92202452942729,0.92202452942729,0.25,-0.67202452942729,0.0,0.0,0.0,0.0,0.0,0.0,0.0,,22.7841434776783,82
heterogeneity_pressure_seed8_safety00_e00_t23_u2,heterogeneity_pressure,8,safety,2,2,laser,0.25,1.0,10.0,10.0,4.0,4.0,6.0,6.0,0.0,0.0,0.0,0.25,0.25,0.0,0.0,0.0,0.0,0.0,0.0,0.0,,60.0,220
heterogeneity_pressure_seed8_safety00_e00_t23_u2,heterogeneity_pressure,8,safety,3,2,laser,0.25,1.0,4.0,4.0,1.0,1.0,3.0,3.0,0.0,0.0,0.0,0.25,0.25,0.0,0.0,0.0,0.0,0.0,0.0,0.0,,21.0,77
heterogeneity_pressure_seed8_safety00_e00_t23_u2,heterogeneity_pressure,8,safety,4,2,laser,0.25,1.0,5.0,4.606186389923096,1.0,1.0,4.0,3.6061863899230957,0.3938136100769043,0.8466992616653446,0.8466992616653446,0.25,-0.5966992616653446,0.0,0.0,0.0,0.0,0.0,0.0,0.0,,16.424745559692383,58
heterogeneity_pressure_seed8_safety00_e00_t23_u2,heterogeneity_pressure,8,safety,5,2,laser,0.25,1.0,9.0,9.0,4.0,4.0,5.0,5.0,0.0,0.0,0.0,0.25,0.25,0.0,0.0,0.0,0.0,0.0,0.0,0.0,,21.0,77
heterogeneity_pressure_seed8_safety00_e00_t23_u2,heterogeneity_pressure,8,safety,6,2,laser,0.25,1.0,5.0,5.0,0.0,0.0,5.0,5.0,0.0,0.0,0.0,0.25,0.25,0.0,0.0,0.0,0.0,0.0,0.0,0.0,,21.0,77
heterogeneity_pressure_seed8_safety00_e00_t23_u2,heterogeneity_pressure,8,safety,7,2,laser,0.25,1.0,8.0,8.0,3.0,3.0,5.0,5.0,0.0,1.7763568394002505e-15,1.7763568394002505e-15,0.25,0.24999999999999822,0.0,0.0,0.0,0.0,0.0,0.0,0.0,,24.0,88
heterogeneity_pressure_seed8_safety00_e00_t23_u2,heterogeneity_pressure,8,safety,8,2,laser,0.25,1.0,9.0,9.0,3.0,3.0,6.0,6.0,0.0,0.0,0.0,0.25,0.25,0.0,0.0,0.0,0.0,0.0,0.0,0.0,,33.0,121
heterogeneity_pressure_seed8_safety00_e00_t23_u2,heterogeneity_pressure,8,safety,9,2,laser,0.25,1.0,11.0,11.0,5.0,5.0,6.0,6.0,0.0,0.0,0.0,0.25,0.25,0.0,0.0,0.0,0.0,0.0,0.0,0.0,,48.0,176
heterogeneity_pressure_seed8_safety00_e00_t23_u2,heterogeneity_pressure,8,safety,10,2,laser,0.25,1.0,12.0,11.377470776438713,6.0,5.584980517625809,6.0,5.792490258812904,0.6225292235612869,0.684782145917417,0.6847821459174206,0.25,-0.43478214591741704,0.0,0.0,0.0,0.0,0.0,0.0,0.0,,40.339922070503235,146
heterogeneity_pressure_seed8_safety00_e00_t23_u2,heterogeneity_pressure,8,safety,11,2,laser,0.25,1.0,11.0,11.0,5.0,5.0,6.0,6.0,0.0,0.0,0.0,0.25,0.25,0.0,0.0,0.0,0.0,0.0,0.0,0.0,,48.0,176
heterogeneity_pressure_seed8_safety00_e00_t23_u2,heterogeneity_pressure,8,safety,12,2,laser,0.25,1.0,13.0,11.839108556509018,7.0,6.419554278254509,6.0,5.419554278254509,1.160891443490982,1.0157800130546093,1.0157800130546093,0.25,-0.7657800130546093,0.0,0.0,0.0,0.0,0.0,0.0,0.0,,39.678217113018036,142
heterogeneity_pressure_seed8_safety00_e00_t23_u2,heterogeneity_pressure,8,safety,13,2,laser,0.25,1.0,8.0,8.0,2.0,2.0,6.0,6.0,0.0,0.0,0.0,0.25,0.25,0.0,0.0,0.0,0.0,0.0,0.0,0.0,,33.0,121
heterogeneity_pressure_seed8_safety00_e00_t23_u2,heterogeneity_pressure,8,safety,14,2,laser,0.25,1.0,9.0,8.377470776438713,4.0,3.5849805176258087,5.0,4.792490258812904,0.6225292235612869,0.4150194823741913,0.4150194823741913,0.25,-0.16501948237419128,0.0,0.0,0.0,0.0,0.0,0.0,0.0,,34.339922070503235,124
heterogeneity_pressure_seed8_safety00_e00_t23_u2,heterogeneity_pressure,8,safety,15,2,laser,0.25,1.0,8.0,8.0,4.0,4.0,4.0,4.0,0.0,0.0,0.0,0.25,0.25,0.0,0.0,0.0,0.0,0.0,0.0,0.0,,30.0,110
heterogeneity_pressure_seed8_safety00_e00_t23_u2,heterogeneity_pressure,8,safety,16,2,laser,0.25,1.0,8.0,8.0,2.0,2.0,6.0,6.0,0.0,0.0,0.0,0.25,0.25,0.0,0.0,0.0,0.0,0.0,0.0,0.0,,36.0,132
heterogeneity_pressure_seed8_safety00_e00_t23_u2,heterogeneity_pressure,8,safety,17,2,laser,0.25,1.0,13.0,13.0,7.0,7.0,6.0,6.0,0.0,0.0,0.0,0.25,0.25,0.0,0.0,0.0,0.0,0.0,0.0,0.0,,48.0,176
heterogeneity_pressure_seed8_safety00_e00_t23_u2,heterogeneity_pressure,8,safety,18,2,laser,0.25,1.0,7.0,7.0,3.0,3.0,4.0,4.0,0.0,0.0,0.0,0.25,0.25,0.0,0.0,0.0,0.0,0.0,0.0,0.0,,27.0,99
heterogeneity_pressure_seed8_safety00_e00_t23_u2,heterogeneity_pressure,8,safety,19,2,laser,0.25,1.0,5.0,5.0,0.0,0.0,5.0,5.0,0.0,0.0,0.0,0.25,0.25,0.0,0.0,0.0,0.0,0.0,0.0,0.0,,30.0,110
heterogeneity_pressure_seed8_safety00_e00_t23_u2,heterogeneity_pressure,8,safety,20,2,laser,0.25,1.0,5.0,5.0,1.0,1.0,4.0,4.0,0.0,0.0,0.0,0.25,0.25,0.0,0.0,0.0,0.0,0.0,0.0,0.0,,21.0,77
heterogeneity_pressure_seed8_safety00_e00_t23_u2,heterogeneity_pressure,8,safety,21,2,laser,0.25,1.0,15.0,15.0,9.0,9.0,6.0,6.0,0.0,0.0,0.0,0.25,0.25,0.0,0.0,0.0,0.0,0.0,0.0,0.0,,60.0,220
heterogeneity_pressure_seed8_safety00_e00_t23_u2,heterogeneity_pressure,8,safety,22,2,laser,0.25,1.0,8.0,8.0,3.0,3.0,5.0,5.0,0.0,1.7763568394002505e-15,1.7763568394002505e-15,0.25,0.24999999999999822,0.0,0.0,0.0,0.0,0.0,0.0,0.0,,24.0,88
heterogeneity_pressure_seed8_safety00_e00_t23_u2,heterogeneity_pressure,8,safety,23,2,laser,0.25,1.0,5.0,4.179695010185242,2.0,1.1796950101852417,3.0,3.0,0.8203049898147583,0.20507624745369046,0.20507624745369046,0.25,0.04492375254630954,0.0,0.0,0.0,0.0,0.0,0.0,0.0,,20.17969501018524,73
heterogeneity_pressure_seed8_safety00_e00_t23_u2,heterogeneity_pressure,8,safety,24,2,laser,0.25,1.0,16.0,12.717392846941948,10.0,7.5474318116903305,6.0,5.169961035251617,3.282607153058052,2.397725821286439,2.397725821286439,0.25,-2.147725821286439,0.0,0.7924902588129044,0.7924902588129044,0.7924902588129044,0.0,0.0,0.0,12.717392846941948,71.4545519053936,251
heterogeneity_pressure_seed8_safety00_e00_t23_u2,heterogeneity_pressure,8,safety,25,2,laser,0.25,1.0,10.0,8.54743181169033,4.0,3.377470776438713,6.0,5.169961035251617,1.4525681883096695,1.6704534165561196,1.6704534165561196,0.25,-1.4204534165561196,0.0,0.0,0.0,0.0,0.0,0.0,0.0,,37.84980517625809,134
heterogeneity_pressure_seed8_safety00_e00_t23_u2,heterogeneity_pressure,8,safety,26,2,laser,0.25,1.0,16.0,15.0,10.0,9.0,6.0,6.0,1.0,0.25,0.25,0.25,0.0,0.0,1.0,1.0,1.0,0.0,0.0,0.0,16.0,81.0,297
heterogeneity_pressure_seed8_safety00_e00_t23_u2,heterogeneity_pressure,8,safety,27,2,laser,0.25,1.0,9.0,9.0,3.0,3.0,6.0,6.0,0.0,0.0,0.0,0.25,0.25,0.0,0.0,0.0,0.0,0.0,0.0,0.0,,33.0,121
heterogeneity_pressure_seed8_safety00_e00_t23_u2,heterogeneity_pressure,8,safety,28,2,laser,0.25,1.0,11.0,10.806518092751503,7.0,6.806518092751503,4.0,4.0,0.193481907248497,0.04837047681212425,0.04837047681212425,0.25,0.20162952318787397,-1.7763568394002505e-15,0.0,0.0,0.0,0.0,0.0,0.0,,27.0,99
heterogeneity_pressure_seed8_safety00_e00_t23_u2,heterogeneity_pressure,8,safety,29,2,laser,0.25,1.0,6.0,6.0,2.0,2.0,4.0,4.0,0.0,8.881784197001252e-16,8.881784197001252e-16,0.25,0.2500000000000009,1.7763568394002505e-15,0.0,0.0,0.0,0.0,0.0,0.0,,24.0,88
heterogeneity_pressure_seed8_safety00_e00_t23_u2,heterogeneity_pressure,8,safety,30,2,laser,0.25,1.0,9.0,9.0,3.0,3.0,6.0,6.0,0.0,0.0,0.0,0.25,0.25,0.0,0.0,0.0,0.0,0.0,0.0,0.0,,36.0,132
heterogeneity_pressure_seed8_safety00_e00_t23_u2,heterogeneity_pressure,8,safety,31,2,laser,0.25,1.0,5.0,5.0,1.0,1.0,4.0,4.0,0.0,0.0,0.0,0.25,0.25,0.0,0.0,0.0,0.0,0.0,0.0,0.0,,18.0,66
heterogeneity_pressure_seed8_safety01_e00_t23_u1,heterogeneity_pressure,8,safety,0,1,missile,1.5,0.9999999701976776,6.0,6.4040515422821045,3.0,1.9999999403953552,3.0,4.404051601886749,-0.4040515422821045,-1.9161786034703256,-1.9161786034703256,1.4999999552965164,3.4161785587668403,-1.7763568394002505e-15,0.9999999701976776,0.0,0.2020258605480194,0.0,0.0,0.0,6.999999791383743,26.010128796100616,98
heterogeneity_pressure_seed8_safety01_e00_t23_u1,heterogeneity_pressure,8,safety,1,1,missile,1.5,0.9999999701976776,7.0,5.999999821186066,2.0,0.9999999701976776,5.0,4.999999850988388,1.0000001788139343,1.5000002339482297,1.5000002339482297,1.4999999552965164,-2.7865171325913707e-07,0.0,0.0,0.0,0.0,0.0,0.0,0.0,0.9999999701976776,20.999999582767487,77
heterogeneity_pressure_seed8_safety01_e00_t23_u1,heterogeneity_pressure,8,safety,2,1,missile,1.5,0.9999999701976776,11.0,8.999999731779099,3.0,1.9999999403953552,8.0,6.999999791383743,2.0000002682209015,4.300000293552873,4.300000293552873,1.4999999552965164,-2.8000003382563587,-1.7763568394002505e-15,0.0,0.0,0.9999999701976776,0.0,0.0,0.0,0.9999999701976776,27.999999463558197,100
heterogeneity_pressure_seed8_safety01_e00_t23_u1,heterogeneity_pressure,8,safety,3,1,missile,1.5,0.9999999701976776,13.0,11.999999642372131,3.0,1.9999999403953552,10.0,9.999999701976776,1.0000003576278687,1.5000003919005405,1.5000003919005405,1.4999999552965164,-4.3660402404555043e-07,0.0,0.9999999701976776,0.9999999701976776,1.9999999403953552,0.0,0.0,0.0,10.999999672174454,68.99999862909317,253
heterogeneity_pressure_seed8_safety01_e00_t23_u1,heterogeneity_pressure,8,safety,4,1,missile,1.5,0.9999999701976776,5.0,4.999999850988388,0.0,0.0,5.0,4.999999850988388,1.4901161193847656e-07,2.6524066853994555e-07,2.6524066853994555e-07,1.4999999478459358,1.4999996826052655,-1.7763568394002505e-15,0.0,0.0,0.0,0.0,0.0,0.0,,20.999999582767487,77
heterogeneity_pressure_seed8_safety01_e00_t23_u1,heterogeneity_pressure,8,safety,5,1,missile,1.5,0.9999999701976776,10.0,8.999999731779099,3.0,1.9999999403953552,7.0,6.999999791383743,1.0000002682209015,1.5000003695487987,1.5000003695487987,1.4999999478459358,-4.217028628517028e-07,0.0,0.9999999701976776,0.9999999701976776,3.6107656061649323,0.0,0.0,0.0,9.999999701976776,59.999998807907104,220
heterogeneity_pressure_seed8_safety01_e00_t23_u1,heterogeneity_pressure,8,safety,6,1,missile,1.5,0.9999999701976776,9.0,8.59594801068306,2.0,1.9999999403953552,7.0,6.5959480702877045,0.4040519893169403,0.6161792442202572,0.6161792442202572,1.4999999552965164,0.8838207110762593,0.0,0.0,0.0,0.0,0.0,0.0,0.0,,32.59594762325287,119
heterogeneity_pressure_seed8_safety01_e00_t23_u1,heterogeneity_pressure,8,safety,7,1,missile,1.5,0.9999999701976776,3.0,3.5862058252096176,1.0,0.9999999701976776,2.0,2.58620585501194,-0.5862058252096176,-1.1451027251780035,-1.1451027251780035,1.4999999478459358,2.6451026730239393,0.0,0.0,0.0,0.0,0.0,0.0,0.0,,12.783177316188812,48
heterogeneity_pressure_seed8_safety01_e00_t23_u1,heterogeneity_pressure,8,safety,8,1,missile,1.5,0.9999999701976776,7.0,4.793367311358452,2.0,0.9999999701976776,5.0,3.7933673411607742,2.206632688641548,2.3285713374614705,2.3285713374614705,1.4999999478459358,-0.8285713896155347,0.0,0.0,0.0,0.0,0.0,0.0,0.0,0.9999999701976776,14.586734622716904,53
heterogeneity_pressure_seed8_safety01_e00_t23_u1,heterogeneity_pressure,8,safety,9,1,missile,1.5,0.9999999701976776,6.0,5.586734741926193,1.0,0.9999999701976776,5.0,4.586734771728516,0.41326525807380676,0.10331650376319779,0.10331650376319779,1.4999999552965164,1.3966834515333186,0.0,0.0,0.0,0.0,0.0,0.0,0.0,,20.586734503507614,75
heterogeneity_pressure_seed8_safety01_e00_t23_u1,heterogeneity_pressure,8,safety,10,1,missile,1.5,0.9999999701976776,15.0,13.999999582767487,3.0,1.9999999403953552,12.0,11.999999642372131,1.0000004172325134,1.5000004068017017,1.5000004068017017,1.4999999552965164,-4.515051852393981e-07,0.0,0.9999999701976776,0.9999999701976776,1.9999999403953552,0.0,0.0,0.0,0.9999999701976776,68.99999862909317,253
heterogeneity_pressure_seed8_safety01_e00_t23_u1,heterogeneity_pressure,8,safety,11,1,missile,1.5,0.9999999701976776,5.0,3.9999998807907104,2.0,0.9999999701976776,3.0,2.999999910593033,1.0000001192092896,1.5000002190470685,1.5000002190470685,1.4999999478459358,-2.7120113266221324e-07,0.0,0.0,0.0,0.0,0.0,0.0,0.0,0.9999999701976776,11.999999761581421,44
heterogeneity_pressure_seed8_safety01_e00_t23_u1,heterogeneity_pressure,8,safety,12,1,missile,1.5,0.9999999701976776,7.0,6.999999791383743,2.0,1.9999999403953552,5.0,4.999999850988388,2.086162567138672e-07,2.026557925915995e-07,2.026557925915995e-07,1.4999999478459358,1.499999745190146,2.6645352591003757e-15,0.0,0.0,0.0,0.0,0.0,0.0,,29.999999403953552,110
heterogeneity_pressure_seed8_safety01_e00_t23_u1,heterogeneity_pressure,8,safety,13,1,missile,1.5,0.9999999701976776,15.0,13.21211302280426,3.0,1.9999999403953552,12.0,11.212113082408905,1.7878869771957397,1.6969720467925082,1.6969720467925082,1.4999999478459358,-0.19697209894657242,0.0,0.9999999701976776,0.6060566902160645,-2.6060566306114197,-4.409084931015968,0.0,0.0,6.999999791383743,73.90901935100555,261
heterogeneity_pressure_seed8_safety01_e00_t23_u1,heterogeneity_pressure,8,safety,14,1,missile,1.5,0.9999999701976776,10.0,8.999999731779099,3.0,1.9999999403953552,7.0,6.999999791383743,1.0000002682209015,1.5000002935528745,1.5000002935528745,1.4999999552965164,-3.3825635981088453e-07,-1.7763568394002505e-15,0.0,0.0,0.0,0.0,0.0,0.0,0.9999999701976776,29.999999403953552,110
heterogeneity_pressure_seed8_safety01_e00_t23_u1,heterogeneity_pressure,8,safety,15,1,missile,1.5,0.9999999701976776,9.0,8.21446767449379,3.0,1.9999999403953552,6.0,6.2144677340984344,0.7855323255062103,1.9486610658466805,1.9486610658466805,1.4999999552965164,-0.4486611105501641,0.0,0.803028330206871,0.803028330206871,0.803028330206871,0.0,0.0,0.0,0.9999999701976776,25.424226343631744,91
heterogeneity_pressure_seed8_safety01_e00_t23_u1,heterogeneity_pressure,8,safety,16,1,missile,1.5,0.9999999701976776,6.0,6.606077402830124,1.0,1.202025830745697,5.0,5.404051572084427,-0.6060774028301239,-0.4040514111518849,-0.4040514111518849,1.4999999552965164,1.9040513664484013,0.0,0.0,0.0,0.0,0.0,0.0,0.0,,31.616206288337708,118
heterogeneity_pressure_seed8_safety01_e00_t23_u1,heterogeneity_pressure,8,safety,17,1,missile,1.5,0.9999999701976776,11.0,8.387673705816269,3.0,1.9999999403953552,8.0,6.387673765420914,2.612326294183731,2.926268552243709,2.926268552243709,1.4999999478459358,-1.426268604397773,0.0,0.5987502932548523,0.0,3.585174471139908,0.0,0.0,0.0,,44.13759285211563,145
heterogeneity_pressure_seed8_safety01_e00_t23_u1,heterogeneity_pressure,8,safety,18,1,missile,1.5,0.9999999701976776,7.0,5.999999821186066,3.0,1.9999999403953552,4.0,3.9999998807907104,1.0000001788139343,1.5000001952052129,1.5000001952052129,1.4999999552965164,-2.399086937998618e-07,2.6645352591003757e-15,0.9999999701976776,0.9999999701976776,2.999999910593033,0.0,0.0,0.0,0.9999999701976776,44.99999910593033,165
heterogeneity_pressure_seed8_safety01_e00_t23_u1,heterogeneity_pressure,8,safety,19,1,missile,1.5,0.9999999701976776,5.0,5.1747662127017975,2.0,0.9999999701976776,3.0,4.17476624250412,-0.17476621270179749,0.20775725394487488,0.20775725394487488,1.4999999478459358,1.292242693901061,0.0,0.0,0.0,0.0,0.0,0.0,0.0,0.9999999701976776,13.566354870796204,52
heterogeneity_pressure_seed8_safety01_e00_t23_u1,heterogeneity_pressure,8,safety,20,1,missile,1.5,0.9999999701976776,7.0,7.194616928696632,2.0,1.9999999403953552,5.0,5.194616988301277,-0.19461692869663239,-0.048653929680584795,-0.048653929680584795,1.4999999552965164,1.5486538849771012,0.0,0.0,0.0,1.9999999403953552,0.0,0.0,0.0,,29.999999403953552,110
heterogeneity_pressure_seed8_safety01_e00_t23_u1,heterogeneity_pressure,8,safety,21,1,missile,1.5,0.9999999701976776,6.0,5.603356823325157,1.0,0.9999999701976776,5.0,4.6033568531274796,0.39664317667484283,0.0991609834134568,0.0991609834134568,1.4999999552965164,1.4008389718830596,0.0,0.0,0.0,0.0,0.0,0.0,0.0,,26.999999463558197,99
heterogeneity_pressure_seed8_safety01_e00_t23_u1,heterogeneity_pressure,8,safety,22,1,missile,1.5,0.9999999701976776,7.0,6.999999791383743,2.0,1.9999999403953552,5.0,4.999999850988388,2.086162567138672e-07,3.546476374793883e-07,3.546476374793883e-07,1.4999999552965164,1.499999600648879,0.0,0.0,0.0,0.9999999701976776,0.0,0.0,0.0,,26.999999463558197,99
heterogeneity_pressure_seed8_safety01_e00_t23_u1,heterogeneity_pressure,8,safety,23,1,missile,1.5,0.9999999701976776,10.0,10.999999672174454,3.0,1.9999999403953552,7.0,8.999999731779099,-0.9999996721744537,1.0000003844499599,1.0000003844499599,1.4999999552965164,0.49999957084655655,0.0,0.9999999701976776,-0.9999999701976776,1.9999999403953552,-2.999999910593033,0.0,0.0,8.999999731779099,36.99999925494194,137
heterogeneity_pressure_seed8_safety01_e00_t23_u1,heterogeneity_pressure,8,safety,24,1,missile,1.5,0.9999999701976776,7.0,5.7933672815561295,3.0,1.9999999403953552,4.0,3.7933673411607742,1.2066327184438705,2.0785714581608783,2.0785714581608783,1.4999999552965164,-0.5785715028643619,0.0,0.0,0.0,0.0,0.0,0.0,0.0,0.9999999701976776,23.58673444390297,86
heterogeneity_pressure_seed8_safety01_e00_t23_u1,heterogeneity_pressure,8,safety,25,1,missile,1.5,0.9999999701976776,6.0,5.999999821186066,2.0,1.9999999403953552,4.0,3.9999998807907104,1.7881393432617188e-07,3.471970568824645e-07,3.471970568824645e-07,1.4999999478459358,1.499999600648879,0.0,0.0,0.0,0.9999999701976776,0.0,0.0,0.0,,20.999999582767487,77
heterogeneity_pressure_seed8_safety01_e00_t23_u1,heterogeneity_pressure,8,safety,26,1,missile,1.5,0.9999999701976776,11.0,10.763895109295845,3.0,1.9999999403953552,8.0,8.76389516890049,0.23610489070415497,1.8241924695670608,1.8241924695670608,1.4999999552965164,-0.3241925142705444,0.0,0.7979741096496582,-1.182683140039444,6.4077422469854355,0.0,0.0,0.0,10.191896229982376,38.710473239421844,146
heterogeneity_pressure_seed8_safety01_e00_t23_u1,heterogeneity_pressure,8,safety,27,1,missile,1.5,0.9999999701976776,7.0,6.805382654070854,2.0,1.8053828030824661,5.0,4.999999850988388,0.1946173459291458,0.2919259846210469,0.2919259846210469,1.4999999552965164,1.2080739706754677,-1.7763568394002505e-15,0.0,0.0,0.0,0.0,0.0,0.0,,29.610765129327774,108
heterogeneity_pressure_seed8_safety01_e00_t23_u1,heterogeneity_pressure,8,safety,28,1,missile,1.5,0.9999999701976776,12.0,10.221531122922897,3.0,1.9999999403953552,9.0,8.221531182527542,1.7784688770771027,2.1908912219107197,2.1908912219107197,1.4999999478459358,-0.6908912740647839,0.0,0.8053828328847885,0.8053828328847885,3.6107656061649323,0.0,0.0,0.0,0.9999999701976776,45.664593398571014,164
heterogeneity_pressure_seed8_safety01_e00_t23_u1,heterogeneity_pressure,8,safety,29,1,missile,1.5,0.9999999701976776,4.0,3.598750203847885,1.0,0.9999999701976776,3.0,2.5987502336502075,0.40124979615211487,1.1234993144869794,1.1234993144869794,1.4999999478459358,0.37650063335895645,0.0,0.0,0.0,0.0,0.0,0.0,0.0,,14.197500348091125,51
heterogeneity_pressure_seed8_safety01_e00_t23_u1,heterogeneity_pressure,8,safety,30,1,missile,1.5,0.9999999701976776,8.0,7.598750084638596,2.0,1.9999999403953552,6.0,5.59875014424324,0.4012499153614044,0.1003127813339244,0.1003127813339244,1.4999999552965164,1.399687173962592,0.0,0.0,0.0,0.9999999701976776,0.0,0.0,0.0,,23.999999523162842,88
heterogeneity_pressure_seed8_safety01_e00_t23_u1,heterogeneity_pressure,8,safety,31,1,missile,1.5,0.9999999701976776,5.0,4.999999850988388,1.0,0.9999999701976776,4.0,3.9999998807907104,1.4901161193847656e-07,2.2649764908067027e-07,2.2649764908067027e-07,1.4999999552965164,1.4999997287988673,0.0,0.0,0.0,0.0,0.0,0.0,0.0,,17.99999964237213,66
heterogeneity_pressure_seed8_safety02_e00_t23_u0,heterogeneity_pressure,8,safety,0,0,missile,2.8,1.0000000149011612,8.0,7.000000104308128,2.0,2.0000000298023224,6.0,5.000000074505806,0.9999998956918716,0.249999842047691,0.249999842047691,2.800000041723251,2.5500001996755604,4.440892098500626e-16,0.0,0.0,2.0000000298023224,0.0,0.0,0.0,1.0000000149011612,24.00000023841858,88
heterogeneity_pressure_seed8_safety02_e00_t23_u0,heterogeneity_pressure,8,safety,1,0,missile,2.8,1.0000000149011612,7.0,5.005729258060455,3.0,2.0000000298023224,4.0,3.005729228258133,1.9942707419395447,3.290262302011251,3.290262302011251,2.800000064074993,-0.4902622379362569,8.881784197001252e-16,0.5995424836874008,0.5995424836874008,4.818102672696114,0.0,0.0,0.0,8.59954260289669,32.05040901899338,112
heterogeneity_pressure_seed8_safety02_e00_t23_u0,heterogeneity_pressure,8,safety,2,0,missile,2.8,1.0000000149011612,7.0,7.793550625443459,3.0,2.0000000298023224,4.0,5.793550595641136,-0.7935506254434586,1.6082499042153344,1.6082499042153344,2.800000041723251,1.191750137507917,4.440892098500626e-16,0.5994303375482559,0.21271879971027374,0.23664066195487976,0.0,0.0,0.0,1.0000000149011612,31.421270072460175,129
heterogeneity_pressure_seed8_safety02_e00_t23_u0,heterogeneity_pressure,8,safety,3,0,missile,2.8,1.0000000149011612,7.0,7.159557551145554,3.0,2.0000000298023224,4.0,5.159557521343231,-0.1595575511455536,1.52928907945752,1.52928907945752,2.800000041723251,1.2707109622657313,4.440892098500626e-16,0.39232857525348663,-1.17698572576046,-2.35397145152092,0.0,0.0,0.0,1.0000000149011612,23.138628780841827,84
heterogeneity_pressure_seed8_safety02_e00_t23_u0,heterogeneity_pressure,8,safety,4,0,missile,2.8,1.0000000149011612,9.0,7.594689965248108,3.0,2.0000000298023224,6.0,5.5946899354457855,1.405310034751892,3.1546462230384336,3.1546462230384336,2.800000045448541,-0.3546461775898919,4.440892098500626e-16,0.0,0.0,2.594689890742302,0.0,0.0,0.0,1.0000000149011612,29.594690144062042,108
heterogeneity_pressure_seed8_safety02_e00_t23_u0,heterogeneity_pressure,8,safety,5,0,missile,2.8,1.0000000149011612,6.0,5.599430412054062,3.0,2.0000000298023224,3.0,3.5994303822517395,0.4005695879459381,1.9008543804287896,1.9008543804287896,2.800000045448541,0.899145665019752,4.440892098500626e-16,0.5994303375482559,0.0,0.5994303375482559,0.0,0.0,0.0,,19.397721499204636,69
heterogeneity_pressure_seed8_safety02_e00_t23_u0,heterogeneity_pressure,8,safety,6,0,missile,2.8,1.0000000149011612,3.0,3.5753268748521805,2.0,1.1933557838201523,1.0,2.381971091032028,-0.5753268748521805,1.6714163027703766,1.6714163027703766,2.8000000678002834,1.1285837650299069,0.0,0.0,0.0,0.0,0.0,0.0,0.0,1.0000000149011612,16.94267550110817,65
heterogeneity_pressure_seed8_safety02_e00_t23_u0,heterogeneity_pressure,8,safety,7,0,missile,2.8,1.0000000149011612,7.0,6.401515826582909,2.0,2.0000000298023224,5.0,4.401515796780586,0.5984841734170914,0.650333026796579,0.650333026796579,2.800000041723251,2.1496670149266723,4.440892098500626e-16,0.0,0.0,0.5994303375482559,0.0,0.0,0.0,,19.397721499204636,69
heterogeneity_pressure_seed8_safety02_e00_t23_u0,heterogeneity_pressure,8,safety,8,0,missile,2.8,1.0000000149011612,12.0,9.826189056038857,3.0,2.0000000298023224,9.0,7.826189026236534,2.1738109439611435,3.58254056572914,3.58254056572914,2.800000045448541,-0.7825405202805982,4.440892098500626e-16,0.6087296456098557,-0.01257564127445221,0.38905224204063416,0.0,0.0,0.0,1.0000000149011612,49.46599155664444,175
heterogeneity_pressure_seed8_safety02_e00_t23_u0,heterogeneity_pressure,8,safety,9,0,missile,2.8,1.0000000149011612,9.0,6.5693143755197525,2.0,1.3923285901546478,7.0,5.176985785365105,2.4306856244802475,2.91682274490595,2.91682274490595,2.800000041723251,-0.11682270318269872,4.440892098500626e-16,0.0,0.0,0.0,0.0,0.0,0.0,,26.353971660137177,92
heterogeneity_pressure_seed8_safety02_e00_t23_u0,heterogeneity_pressure,8,safety,10,0,missile,2.8,1.0000000149011612,8.0,4.613288536667824,3.0,2.0000000298023224,5.0,2.6132885068655014,3.386711463332176,5.130067174881695,5.130067174881695,2.800000045448541,-2.3300671294331536,4.440892098500626e-16,0.8066442459821701,0.0,0.8066442459821701,0.0,0.0,0.0,1.0000000149011612,27.226577132940292,80
heterogeneity_pressure_seed8_safety02_e00_t23_u0,heterogeneity_pressure,8,safety,11,0,missile,2.8,1.0000000149011612,11.0,8.793368995189667,3.0,1.7973449528217316,8.0,6.996024042367935,2.2066310048103333,4.125065758079289,4.125065758079289,2.800000045448541,-1.325065712630746,2.220446049250313e-15,0.0,0.0,0.0,0.0,0.0,0.0,1.0000000149011612,25.378759652376175,91
heterogeneity_pressure_seed8_safety02_e00_t23_u0,heterogeneity_pressure,8,safety,12,0,missile,2.8,1.0000000149011612,9.0,7.128201648592949,3.0,2.0000000298023224,6.0,5.1282016187906265,1.871798351407051,2.037128055095671,2.037128055095671,2.800000041723251,0.7628719866275802,4.440892098500626e-16,0.5902431756258011,-0.5867425501346588,-1.9546416252851486,0.0,0.0,0.0,1.0000000149011612,36.19369161128998,126
heterogeneity_pressure_seed8_safety02_e00_t23_u0,heterogeneity_pressure,8,safety,13,0,missile,2.8,1.0000000149011612,6.0,6.21407088637352,2.0,1.6087296605110168,4.0,4.605341225862503,-0.2140708863735199,1.1916148573160177,1.1916148573160177,2.8000000678002834,1.6083852104842666,8.881784197001252e-16,0.40162788331508636,0.0,0.40162788331508636,0.0,0.0,0.0,,27.245335698127747,104
heterogeneity_pressure_seed8_safety02_e00_t23_u0,heterogeneity_pressure,8,safety,14,0,missile,2.8,1.0000000149011612,11.0,8.60067030787468,3.0,2.0000000298023224,8.0,6.600670278072357,2.3993296921253204,3.1498323097825036,3.1498323097825036,2.800000064074993,-0.3498322457075105,0.0,1.0000000149011612,0.5994303375482559,1.9917589277029037,0.0,0.0,0.0,8.208341732621193,39.59716993570328,142
heterogeneity_pressure_seed8_safety02_e00_t23_u0,heterogeneity_pressure,8,safety,15,0,missile,2.8,1.0000000149011612,8.0,7.981695294380188,3.0,2.0000000298023224,5.0,5.981695264577866,0.01830470561981201,1.5691518053412423,1.5691518053412423,2.800000045448541,1.2308482401072993,4.440892098500626e-16,0.5949836522340775,0.1933557689189911,0.9816951900720596,0.0,0.0,0.0,1.0000000149011612,30.92678102850914,119
heterogeneity_pressure_seed8_safety02_e00_t23_u0,heterogeneity_pressure,8,safety,16,0,missile,2.8,1.0000000149011612,11.0,9.797345072031021,3.0,2.0000000298023224,8.0,7.797345042228699,1.2026549279689789,2.8506636001169667,2.8506636001169667,2.800000041723251,-0.05066355839371539,4.440892098500626e-16,1.0000000149011612,0.5946898609399796,-1.0248402804136276,-0.8011393547058105,0.25598746119439375,0.4005696773529053,1.0000000149011612,51.16282945871353,184
heterogeneity_pressure_seed8_safety02_e00_t23_u0,heterogeneity_pressure,8,safety,17,0,missile,2.8,1.0000000149011612,13.0,11.18179103732109,3.0,2.0000000298023224,10.0,9.181791007518768,1.8182089626789093,3.5111898012459264,3.5111898012459264,2.800000041723251,-0.711189759522675,4.440892098500626e-16,0.7973449379205704,-0.7916584014892578,-0.3844561278820038,0.0,0.0,0.0,1.0000000149011612,40.96869897842407,141
heterogeneity_pressure_seed8_safety02_e00_t23_u0,heterogeneity_pressure,8,safety,18,0,missile,2.8,1.0000000149011612,9.0,9.030121803283691,3.0,1.8066442608833313,6.0,7.22347754240036,-0.030121803283691406,3.5305402040481546,3.5305402040481546,2.800000064074993,-0.7305401399731632,-1.7763568394002505e-15,0.6039891690015793,-1.8119675070047379,-6.643880859017372,0.0,0.0,0.0,,31.89040383696556,123
heterogeneity_pressure_seed8_safety02_e00_t23_u0,heterogeneity_pressure,8,safety,19,0,missile,2.8,1.0000000149011612,10.0,12.37875959277153,3.0,2.0000000298023224,7.0,10.378759562969208,-2.37875959277153,1.955309988558291,1.955309988558291,2.800000064074993,0.8446900755167022,0.0,0.7973449379205704,-3.1893797516822815,-9.568139255046844,0.0,0.0,0.0,7.784069672226906,49.52831353247166,192
heterogeneity_pressure_seed8_safety02_e00_t23_u0,heterogeneity_pressure,8,safety,20,0,missile,2.8,1.0000000149011612,7.0,5.604170888662338,2.0,0.8020854145288467,5.0,4.8020854741334915,1.3958291113376617,3.403639414906502,3.403639414906502,2.800000041723251,-0.6036393731832508,4.440892098500626e-16,0.0,0.0,0.0,0.0,0.0,0.0,1.0000000149011612,25.812512665987015,93
heterogeneity_pressure_seed8_safety02_e00_t23_u0,heterogeneity_pressure,8,safety,21,0,missile,2.8,1.0000000149011612,9.0,9.004628464579582,3.0,2.0000000298023224,6.0,7.00462843477726,-0.004628464579582214,2.048270875215529,2.048270875215529,2.800000045448541,0.7517291702330127,4.440892098500626e-16,0.8020854145288467,-0.4004575312137604,-1.6018301248550415,0.0,0.5125795099697485,0.8020854145288467,8.00000011920929,28.20717154443264,105
heterogeneity_pressure_seed8_safety02_e00_t23_u0,heterogeneity_pressure,8,safety,22,0,missile,2.8,1.0000000149011612,9.0,8.00000011920929,3.0,2.0000000298023224,6.0,6.000000089406967,0.9999998807907104,2.7999998383223996,2.7999998383223996,2.800000041723251,2.0340085171710598e-07,4.440892098500626e-16,0.0,0.0,0.0,0.0,0.0,0.0,1.0000000149011612,24.00000023841858,88
heterogeneity_pressure_seed8_safety02_e00_t23_u0,heterogeneity_pressure,8,safety,23,0,missile,2.8,1.0000000149011612,11.0,7.601322561502457,3.0,1.5994303524494171,8.0,6.0018922090530396,3.3986774384975433,5.16922725215554,5.16922725215554,2.800000045448541,-2.3692272067069986,4.440892098500626e-16,0.5994303375482559,0.0,1.7982910126447678,0.0,0.0,0.0,1.0000000149011612,30.195056319236755,99
heterogeneity_pressure_seed8_safety02_e00_t23_u0,heterogeneity_pressure,8,safety,24,0,missile,2.8,1.0000000149011612,12.0,7.823970898985863,3.0,1.6087296605110168,9.0,6.215241238474846,4.176029101014137,5.828799711167811,5.828799711167811,2.800000041723251,-3.0287996694445596,4.440892098500626e-16,0.40162788331508636,0.40162788331508636,0.8032557666301727,0.0,0.0,0.0,6.204883724451065,26.647941797971725,89
heterogeneity_pressure_seed8_safety02_e00_t23_u0,heterogeneity_pressure,8,safety,25,0,missile,2.8,1.0000000149011612,11.0,10.17698585987091,3.0,2.0000000298023224,8.0,8.176985830068588,0.8230141401290894,2.7557534031569944,2.7557534031569944,2.800000045448541,0.04424664229154729,4.440892098500626e-16,0.39232857525348663,-0.39232857525348663,-1.9616428762674332,0.0,0.0,0.0,10.569314435124397,39.846571773290634,144
heterogeneity_pressure_seed8_safety02_e00_t23_u0,heterogeneity_pressure,8,safety,26,0,missile,2.8,1.0000000149011612,12.0,14.000000208616257,3.0,2.0000000298023224,9.0,12.000000178813934,-2.0000002086162567,2.0499998159706614,2.0499998159706614,2.800000045448541,0.7500002294778838,3.9968028886505635e-15,1.0000000149011612,-2.0000000298023224,-7.000000104308128,0.0,0.0,0.0,12.000000178813934,53.00000059604645,213
heterogeneity_pressure_seed8_safety02_e00_t23_u0,heterogeneity_pressure,8,safety,27,0,missile,2.8,1.0000000149011612,10.0,13.024103701114655,3.0,2.0000000298023224,7.0,11.024103671312332,-3.0241037011146545,1.7939739428460584,1.7939739428460584,2.800000045448541,1.0060261026024833,4.440892098500626e-16,1.0000000149011612,-1.1738111078739166,4.0436482429504395,0.0,0.0,0.0,1.0000000149011612,44.65237830579281,175
heterogeneity_pressure_seed8_safety02_e00_t23_u0,heterogeneity_pressure,8,safety,28,0,missile,2.8,1.0000000149011612,15.0,12.416683405637741,3.0,1.802085429430008,12.0,10.614597976207733,2.583316594362259,3.9479044981300806,3.9479044981300824,2.800000045448541,-1.1479044526815372,2.220446049250313e-15,0.8020854145288467,-3.208341658115387,-4.010427072644234,0.0,0.0,0.0,1.0000000149011612,50.04170849919319,170
heterogeneity_pressure_seed8_safety02_e00_t23_u0,heterogeneity_pressure,8,safety,29,0,missile,2.8,1.0000000149011612,15.0,11.030372977256775,3.0,1.406074583530426,12.0,9.624298393726349,3.969627022743225,5.056916511803868,5.056916511803868,2.800000041723251,-2.256916470080615,2.220446049250313e-15,0.40607456862926483,0.40607456862926483,0.8121491372585297,0.0,0.0,0.0,10.030372962355614,45.1214916408062,149
heterogeneity_pressure_seed8_safety02_e00_t23_u0,heterogeneity_pressure,8,safety,30,0,missile,2.8,1.0000000149011612,11.0,6.202665597200394,3.0,1.4016278982162476,8.0,4.801037698984146,4.797334402799606,6.282024771720169,6.282024771720169,2.800000045448541,-3.4820247262716286,-4.440892098500626e-16,0.7883394211530685,0.16352307796478271,2.409210577607155,1.5468461513519287,0.0,0.0,1.0000000149011612,35.54611326754093,106
heterogeneity_pressure_seed8_safety02_e00_t23_u0,heterogeneity_pressure,8,safety,31,0,missile,2.8,1.0000000149011612,5.0,4.797344997525215,2.0,2.0000000298023224,3.0,2.7973449677228928,0.20265500247478485,0.050663655996323165,0.050663655996323165,2.800000041723251,2.749336385726929,1.3322676295501878e-15,0.0,0.0,0.0,0.0,0.0,0.0,,21.000000208616257,77
heterogeneity_pressure_seed8_safety03_e07_t40_u2,heterogeneity_pressure,8,safety,0,2,laser,0.25,1.0,4.0,4.0,0.0,0.0,4.0,4.0,0.0,0.0,0.0,0.25,0.25,0.0,0.0,0.0,0.0,0.0,0.0,0.0,,15.0,25
heterogeneity_pressure_seed8_safety03_e07_t40_u2,heterogeneity_pressure,8,safety,1,2,laser,0.25,1.0,8.0,8.0,2.0,2.0,6.0,6.0,0.0,0.0,0.0,0.25,0.25,0.0,0.0,0.0,0.0,0.0,0.0,0.0,,27.0,45
heterogeneity_pressure_seed8_safety03_e07_t40_u2,heterogeneity_pressure,8,safety,2,2,laser,0.25,1.0,3.0,3.0,1.0,1.0,2.0,2.0,0.0,0.0,0.0,0.25,0.25,0.0,0.0,0.0,0.0,0.0,0.0,0.0,,15.0,25
heterogeneity_pressure_seed8_safety03_e07_t40_u2,heterogeneity_pressure,8,safety,3,2,laser,0.25,1.0,2.0,2.0,0.0,0.0,2.0,2.0,0.0,0.0,0.0,0.25,0.25,0.0,0.0,0.0,0.0,0.0,0.0,0.0,,9.0,15
heterogeneity_pressure_seed8_safety03_e07_t40_u2,heterogeneity_pressure,8,safety,4,2,laser,0.25,1.0,7.0,7.0,2.0,2.0,5.0,5.0,0.0,0.0,0.0,0.25,0.25,0.0,0.0,0.0,0.0,0.0,0.0,0.0,,30.0,50
heterogeneity_pressure_seed8_safety03_e07_t40_u2,heterogeneity_pressure,8,safety,5,2,laser,0.25,1.0,5.0,5.0,2.0,2.0,3.0,3.0,0.0,0.0,0.0,0.25,0.25,0.0,0.0,0.0,0.0,0.0,0.0,0.0,,30.0,50
heterogeneity_pressure_seed8_safety03_e07_t40_u2,heterogeneity_pressure,8,safety,6,2,laser,0.25,1.0,6.0,6.0,3.0,3.0,3.0,3.0,0.0,0.0,0.0,0.25,0.25,0.0,0.0,0.0,0.0,0.0,0.0,0.0,,21.0,35
heterogeneity_pressure_seed8_safety03_e07_t40_u2,heterogeneity_pressure,8,safety,7,2,laser,0.25,1.0,7.0,7.0,1.0,1.0,6.0,6.0,0.0,0.0,0.0,0.25,0.25,0.0,0.0,0.0,0.0,0.0,0.0,0.0,,30.0,50
heterogeneity_pressure_seed8_safety03_e07_t40_u2,heterogeneity_pressure,8,safety,8,2,laser,0.25,1.0,5.0,5.0,3.0,3.0,2.0,2.0,0.0,0.0,0.0,0.25,0.25,0.0,0.0,0.0,0.0,0.0,0.0,0.0,,30.0,50
heterogeneity_pressure_seed8_safety03_e07_t40_u2,heterogeneity_pressure,8,safety,9,2,laser,0.25,1.0,4.0,4.0,2.0,2.0,2.0,2.0,0.0,0.0,0.0,0.25,0.25,0.0,0.0,0.0,0.0,0.0,0.0,0.0,,30.0,50
heterogeneity_pressure_seed8_safety03_e07_t40_u2,heterogeneity_pressure,8,safety,10,2,laser,0.25,1.0,4.0,3.49443781375885,0.0,0.0,4.0,3.49443781375885,0.5055621862411499,0.7583432793617249,0.7583432793617249,0.25,-0.5083432793617249,0.0,0.0,0.0,0.0,0.0,0.0,0.0,,15.0,25
heterogeneity_pressure_seed8_safety03_e07_t40_u2,heterogeneity_pressure,8,safety,11,2,laser,0.25,1.0,6.0,6.0,1.0,1.0,5.0,5.0,0.0,0.0,0.0,0.25,0.25,0.0,0.0,0.0,0.0,0.0,0.0,0.0,,18.0,30
heterogeneity_pressure_seed8_safety03_e07_t40_u2,heterogeneity_pressure,8,safety,12,2,laser,0.25,1.0,4.0,4.0,0.0,0.0,4.0,4.0,0.0,0.0,0.0,0.25,0.25,0.0,0.0,0.0,0.0,0.0,0.0,0.0,,21.0,35
heterogeneity_pressure_seed8_safety03_e07_t40_u2,heterogeneity_pressure,8,safety,13,2,laser,0.25,1.0,3.0,1.9888756275177002,1.0,0.4944378137588501,2.0,1.49443781375885,1.0111243724822998,1.541964668035507,1.541964668035507,0.25,-1.291964668035507,0.0,0.0,0.0,0.0,0.0,0.0,0.0,,14.9666268825531,24
heterogeneity_pressure_seed8_safety03_e07_t40_u2,heterogeneity_pressure,8,safety,14,2,laser,0.25,1.0,5.0,5.0,1.0,1.0,4.0,4.0,0.0,0.0,0.0,0.25,0.25,0.0,0.0,0.0,0.0,0.0,0.0,0.0,,21.0,35
heterogeneity_pressure_seed8_safety03_e07_t40_u2,heterogeneity_pressure,8,safety,15,2,laser,0.25,1.0,7.0,7.0,1.0,1.0,6.0,6.0,0.0,0.0,0.0,0.25,0.25,0.0,0.0,0.0,0.0,0.0,0.0,0.0,,21.0,35
heterogeneity_pressure_seed8_safety03_e07_t40_u2,heterogeneity_pressure,8,safety,16,2,laser,0.25,1.0,6.0,6.0,2.0,2.0,4.0,4.0,0.0,0.0,0.0,0.25,0.25,0.0,0.0,0.0,0.0,0.0,0.0,0.0,,30.0,50
heterogeneity_pressure_seed8_safety03_e07_t40_u2,heterogeneity_pressure,8,safety,17,2,laser,0.25,1.0,6.0,6.0,1.0,1.0,5.0,5.0,0.0,0.0,0.0,0.25,0.25,0.0,0.0,0.0,0.0,0.0,0.0,0.0,,27.0,45
heterogeneity_pressure_seed8_safety03_e07_t40_u2,heterogeneity_pressure,8,safety,18,2,laser,0.25,1.0,8.0,8.0,3.0,3.0,5.0,5.0,0.0,0.0,0.0,0.25,0.25,0.0,0.0,0.0,0.0,0.0,0.0,0.0,,27.0,45
heterogeneity_pressure_seed8_safety03_e07_t40_u2,heterogeneity_pressure,8,safety,19,2,laser,0.25,1.0,2.0,2.0,0.0,0.0,2.0,2.0,0.0,0.0,0.0,0.25,0.25,0.0,0.0,0.0,0.0,0.0,0.0,0.0,,12.0,20
heterogeneity_pressure_seed8_safety03_e07_t40_u2,heterogeneity_pressure,8,safety,20,2,laser,0.25,1.0,4.0,4.0,1.0,1.0,3.0,3.0,0.0,0.0,0.0,0.25,0.25,0.0,0.0,0.0,0.0,0.0,0.0,0.0,,18.0,30
heterogeneity_pressure_seed8_safety03_e07_t40_u2,heterogeneity_pressure,8,safety,21,2,laser,0.25,1.0,5.0,5.0,3.0,3.0,2.0,2.0,0.0,0.0,0.0,0.25,0.25,0.0,0.0,0.0,0.0,0.0,0.0,0.0,,15.0,25
heterogeneity_pressure_seed8_safety03_e07_t40_u2,heterogeneity_pressure,8,safety,22,2,laser,0.25,1.0,7.0,7.0,1.0,1.0,6.0,6.0,0.0,0.0,0.0,0.25,0.25,0.0,0.0,0.0,0.0,0.0,0.0,0.0,,30.0,50
heterogeneity_pressure_seed8_safety03_e07_t40_u2,heterogeneity_pressure,8,safety,23,2,laser,0.25,1.0,6.0,6.0,3.0,3.0,3.0,3.0,0.0,0.0,0.0,0.25,0.25,0.0,0.0,0.0,0.0,0.0,0.0,0.0,,21.0,35
heterogeneity_pressure_seed8_safety03_e07_t40_u2,heterogeneity_pressure,8,safety,24,2,laser,0.25,1.0,8.0,8.0,3.0,3.0,5.0,5.0,0.0,0.0,0.0,0.25,0.25,0.0,0.0,0.0,0.0,0.0,0.0,0.0,,27.0,45
heterogeneity_pressure_seed8_safety03_e07_t40_u2,heterogeneity_pressure,8,safety,25,2,laser,0.25,1.0,10.0,10.0,4.0,4.0,6.0,6.0,0.0,0.0,0.0,0.25,0.25,0.0,0.0,0.0,0.0,0.0,0.0,0.0,,30.0,50
heterogeneity_pressure_seed8_safety03_e07_t40_u2,heterogeneity_pressure,8,safety,26,2,laser,0.25,1.0,6.0,6.0,0.0,0.0,6.0,6.0,0.0,0.0,0.0,0.25,0.25,0.0,0.0,0.0,0.0,0.0,0.0,0.0,,21.0,35
heterogeneity_pressure_seed8_safety03_e07_t40_u2,heterogeneity_pressure,8,safety,27,2,laser,0.25,1.0,9.0,9.0,4.0,4.0,5.0,5.0,0.0,0.0,0.0,0.25,0.25,0.0,0.0,0.0,0.0,0.0,0.0,0.0,,30.0,50
heterogeneity_pressure_seed8_safety03_e07_t40_u2,heterogeneity_pressure,8,safety,28,2,laser,0.25,1.0,3.0,3.0,1.0,1.0,2.0,2.0,0.0,0.0,0.0,0.25,0.25,0.0,0.0,0.0,0.0,0.0,0.0,0.0,,18.0,30
heterogeneity_pressure_seed8_safety03_e07_t40_u2,heterogeneity_pressure,8,safety,29,2,laser,0.25,1.0,2.0,2.0,0.0,0.0,2.0,2.0,0.0,0.0,0.0,0.25,0.25,0.0,0.0,0.0,0.0,0.0,0.0,0.0,,9.0,15
heterogeneity_pressure_seed8_safety03_e07_t40_u2,heterogeneity_pressure,8,safety,30,2,laser,0.25,1.0,4.0,4.0,1.0,1.0,3.0,3.0,0.0,0.0,0.0,0.25,0.25,0.0,0.0,0.0,0.0,0.0,0.0,0.0,,15.0,25
heterogeneity_pressure_seed8_safety03_e07_t40_u2,heterogeneity_pressure,8,safety,31,2,laser,0.25,1.0,8.0,8.0,4.0,4.0,4.0,4.0,0.0,0.0,0.0,0.25,0.25,0.0,0.0,0.0,0.0,0.0,0.0,0.0,,30.0,50
heterogeneity_pressure_seed8_safety04_e07_t40_u1,heterogeneity_pressure,8,safety,0,1,missile,1.5,0.9999999701976776,6.0,4.359914988279343,1.0,0.671983003616333,5.0,3.6879319846630096,1.6400850117206573,1.65648591518402,1.65648591518402,1.4999999552965164,-0.1564859598875037,0.0,0.0,0.0,0.0,0.0,0.0,0.0,,13.031897902488708,29
heterogeneity_pressure_seed8_safety04_e07_t40_u1,heterogeneity_pressure,8,safety,1,1,missile,1.5,0.9999999701976776,3.0,2.6719829440116882,1.0,0.671983003616333,2.0,1.9999999403953552,0.32801705598831177,0.4920256614685048,0.4920256614685048,1.4999999552965164,1.0079742938280116,0.0,0.0,0.0,0.0,0.0,0.0,0.0,0.9999999701976776,11.999999761581421,28
heterogeneity_pressure_seed8_safety04_e07_t40_u1,heterogeneity_pressure,8,safety,2,1,missile,1.5,0.9999999701976776,5.0,3.9810188114643097,2.0,1.320679247379303,3.0,2.6603395640850067,1.0189811885356903,1.1038963899016387,1.1038963899016387,1.4999999478459358,0.39610355794429886,1.7763568394002505e-15,0.0,0.0,0.0,0.0,0.0,0.0,,19.641358196735382,45
heterogeneity_pressure_seed8_safety04_e07_t40_u1,heterogeneity_pressure,8,safety,3,1,missile,1.5,0.9999999701976776,5.0,4.999999850988388,2.0,1.9999999403953552,3.0,2.999999910593033,1.4901161193847656e-07,2.637505520652894e-07,2.637505520652894e-07,1.4999999552965164,1.4999996915459644,0.0,0.0,0.0,0.0,0.0,0.0,0.0,,17.99999964237213,42
heterogeneity_pressure_seed8_safety04_e07_t40_u1,heterogeneity_pressure,8,safety,4,1,missile,1.5,0.9999999701976776,4.0,2.999999910593033,2.0,0.9999999701976776,2.0,1.9999999403953552,1.0000000894069672,1.5000002115964879,1.5000002115964879,1.4999999478459358,-2.637505520652894e-07,0.0,0.0,0.0,0.0,0.0,0.0,0.0,0.9999999701976776,17.99999964237213,42
heterogeneity_pressure_seed8_safety04_e07_t40_u1,heterogeneity_pressure,8,safety,5,1,missile,1.5,0.9999999701976776,5.0,4.359914988279343,3.0,1.343966007232666,2.0,3.0159489810466766,0.6400850117206573,1.3529505014419563,1.3529505014419563,1.4999999552965164,0.14704945385455837,-1.7763568394002505e-15,0.671983003616333,-0.671983003616333,-2.015949010848999,-2.015949010848999,0.0,0.0,0.9999999701976776,19.73577892780304,45
heterogeneity_pressure_seed8_safety04_e07_t40_u1,heterogeneity_pressure,8,safety,6,1,missile,1.5,0.9999999701976776,3.0,2.3206792175769806,1.0,0.6603396236896515,2.0,1.660339593887329,0.6793207824230194,0.5944057419896129,0.5944057419896129,1.4999999478459358,0.9055942058563229,0.0,0.0,0.0,0.0,0.0,0.0,0.0,,14.320679008960724,33
heterogeneity_pressure_seed8_safety04_e07_t40_u1,heterogeneity_pressure,8,safety,7,1,missile,1.5,0.9999999701976776,2.0,1.9999999403953552,1.0,0.0,1.0,1.9999999403953552,5.960464477539063e-08,-1.2999998331069937,-1.2999998331069937,1.4999999552965164,2.799999788403512,1.7763568394002505e-15,0.0,0.0,0.0,0.0,0.0,0.0,0.9999999701976776,11.999999701976776,32
heterogeneity_pressure_seed8_safety04_e07_t40_u1,heterogeneity_pressure,8,safety,8,1,missile,1.5,0.9999999701976776,2.0,2.661613255739212,1.0,0.3323226571083069,1.0,2.329290598630905,-0.661613255739212,-1.0256521105766296,-1.0256521105766296,1.4999999552965164,2.525652065873146,0.0,0.0,0.0,0.0,0.0,0.0,0.0,,8.658581137657166,22
heterogeneity_pressure_seed8_safety04_e07_t40_u1,heterogeneity_pressure,8,safety,9,1,missile,1.5,0.9999999701976776,8.0,5.622377336025238,2.0,1.320679247379303,6.0,4.301698088645935,2.377622663974762,2.3096906423568733,2.3096906423568733,1.4999999552965164,-0.8096906870603551,1.7763568394002505e-15,0.0,0.0,0.0,0.0,0.0,0.0,,25.92407524585724,58
heterogeneity_pressure_seed8_safety04_e07_t40_u1,heterogeneity_pressure,8,safety,10,1,missile,1.5,0.9999999701976776,2.0,1.660339593887329,1.0,0.9999999701976776,1.0,0.6603396236896515,0.3396604061126709,0.9510490983724593,0.9510490983724593,1.4999999478459358,0.548950849473476,-4.440892098500626e-16,0.0,0.0,0.0,0.0,0.0,0.0,,13.641358315944672,31
heterogeneity_pressure_seed8_safety04_e07_t40_u1,heterogeneity_pressure,8,safety,11,1,missile,1.5,0.9999999701976776,5.0,4.999999850988388,2.0,1.9999999403953552,3.0,2.999999910593033,1.4901161193847656e-07,2.637505520652894e-07,2.637505520652894e-07,1.4999999552965164,1.4999996915459644,0.0,0.0,0.0,0.0,0.0,0.0,0.0,,23.999999523162842,56
heterogeneity_pressure_seed8_safety04_e07_t40_u1,heterogeneity_pressure,8,safety,12,1,missile,1.5,0.9999999701976776,4.0,7.999999761581421,1.0,1.9999999403953552,3.0,5.999999821186066,-3.999999761581421,-2.249999713897706,-2.249999713897706,1.4999999478459358,3.749999661743642,0.0,0.0,0.0,0.0,0.0,0.0,0.0,0.9999999701976776,28.999999403953552,69
heterogeneity_pressure_seed8_safety04_e07_t40_u1,heterogeneity_pressure,8,safety,13,1,missile,1.5,0.9999999701976776,5.0,4.317647159099579,1.0,1.3323226273059845,4.0,2.9853245317935944,0.6823528409004211,0.6213189616799344,0.6213189616799344,1.4999999552965164,0.878680993616582,0.0,0.0,0.0,0.9969679713249207,0.0,0.0,0.0,0.9999999701976776,19.299939513206482,46
heterogeneity_pressure_seed8_safety04_e07_t40_u1,heterogeneity_pressure,8,safety,14,1,missile,1.5,0.9999999701976776,3.0,2.999999910593033,1.0,0.9999999701976776,2.0,1.9999999403953552,8.940696716308594e-08,2.1159648788682262e-07,2.1159648788682262e-07,1.4999999552965164,1.4999997437000285,0.0,0.0,0.0,0.0,0.0,0.0,0.0,,14.999999701976776,35
heterogeneity_pressure_seed8_safety04_e07_t40_u1,heterogeneity_pressure,8,safety,15,1,missile,1.5,0.9999999701976776,8.0,4.9620377123355865,3.0,1.320679247379303,5.0,3.6413584649562836,3.0379622876644135,3.724775548279288,3.724775548279288,1.4999999478459358,-2.2247756004333503,1.7763568394002505e-15,0.0,0.0,1.9810188710689545,0.0,0.0,0.0,0.9999999701976776,24.565433859825134,54
heterogeneity_pressure_seed8_safety04_e07_t40_u1,heterogeneity_pressure,8,safety,16,1,missile,1.5,0.9999999701976776,3.0,2.999999910593033,1.0,0.9999999701976776,2.0,1.9999999403953552,8.940696716308594e-08,1.3560056633110662e-07,1.3560056633110662e-07,1.4999999552965164,1.4999998196959492,-8.881784197001252e-16,0.0,0.0,0.0,0.0,0.0,0.0,,11.999999761581421,28
heterogeneity_pressure_seed8_safety04_e07_t40_u1,heterogeneity_pressure,8,safety,17,1,missile,1.5,0.9999999701976776,2.0,1.660339593887329,1.0,0.6603396236896515,1.0,0.9999999701976776,0.3396604061126709,0.5094906479120258,0.5094906479120258,1.4999999552965164,0.9905093073844915,8.881784197001252e-16,0.0,0.0,0.0,0.0,0.0,0.0,0.9999999701976776,8.641358375549316,22
heterogeneity_pressure_seed8_safety04_e07_t40_u1,heterogeneity_pressure,8,safety,18,1,missile,1.5,0.9999999701976776,9.0,5.673256546258926,2.0,1.6719829738140106,7.0,4.001273572444916,3.3267434537410736,2.078150562942027,2.078150562942027,1.4999999552965164,-0.5781506076455116,-8.881784197001252e-16,0.0,0.0,2.00861132144928,0.0,0.0,0.0,,26.719829738140106,60
heterogeneity_pressure_seed8_safety04_e07_t40_u1,heterogeneity_pressure,8,safety,19,1,missile,1.5,0.9999999701976776,6.0,5.999999821186066,1.0,0.9999999701976776,5.0,4.999999850988388,1.7881393432617188e-07,3.099441521214885e-07,3.099441521214885e-07,1.4999999552965164,1.4999996453523643,0.0,0.0,0.0,0.0,0.0,0.0,0.0,,29.999999403953552,70
heterogeneity_pressure_seed8_safety04_e07_t40_u1,heterogeneity_pressure,8,safety,20,1,missile,1.5,0.9999999701976776,5.0,4.660339504480362,2.0,1.9999999403953552,3.0,2.6603395640850067,0.33966049551963806,0.0849153503775586,0.0849153503775586,1.4999999552965164,1.4150846049189578,0.0,0.0,0.0,0.0,0.0,0.0,0.0,,23.999999523162842,56
heterogeneity_pressure_seed8_safety04_e07_t40_u1,heterogeneity_pressure,8,safety,21,1,missile,1.5,0.9999999701976776,7.0,5.031897991895676,3.0,1.343966007232666,4.0,3.6879319846630096,1.9681020081043243,4.234954750537872,4.234954750537872,1.4999999552965164,-2.7349547952413573,-1.7763568394002505e-15,0.0,0.0,0.671983003616333,0.0,0.0,0.0,0.9999999701976776,24.75172793865204,54
heterogeneity_pressure_seed8_safety04_e07_t40_u1,heterogeneity_pressure,8,safety,22,1,missile,1.5,0.9999999701976776,6.0,3.9810188114643097,3.0,1.660339593887329,3.0,2.3206792175769806,2.0189811885356903,3.91158879995346,3.91158879995346,1.4999999478459358,-2.411588852107524,0.0,0.6603396236896515,0.6603396236896515,3.962037742137909,0.0,0.0,0.0,6.962037652730942,25.244754552841187,56
heterogeneity_pressure_seed8_safety04_e07_t40_u1,heterogeneity_pressure,8,safety,23,1,missile,1.5,0.9999999701976776,2.0,1.6719829738140106,1.0,0.671983003616333,1.0,0.9999999701976776,0.3280170261859894,0.49202557802200264,0.49202557802200264,1.4999999478459358,1.0079743698239323,-8.881784197001252e-16,0.0,0.0,0.0,0.0,0.0,0.0,0.9999999701976776,8.687931895256042,22
heterogeneity_pressure_seed8_safety04_e07_t40_u1,heterogeneity_pressure,8,safety,24,1,missile,1.5,0.9999999701976776,3.0,2.981018841266632,2.0,1.660339593887329,1.0,1.320679247379303,0.01898115873336792,-0.388411283493042,-0.388411283493042,1.4999999552965164,1.8884112387895593,8.881784197001252e-16,0.6603396236896515,0.6603396236896515,0.6603396236896515,0.0,0.0,0.0,0.9999999701976776,21.244754552841187,52
heterogeneity_pressure_seed8_safety04_e07_t40_u1,heterogeneity_pressure,8,safety,25,1,missile,1.5,0.9999999701976776,5.0,4.660339504480362,1.0,0.6603396236896515,4.0,3.9999998807907104,0.33966049551963806,0.5094908222556107,0.5094908222556107,1.4999999552965164,0.9905091330409057,0.0,0.0,0.0,0.0,0.0,0.0,0.0,,23.999999523162842,56
heterogeneity_pressure_seed8_safety04_e07_t40_u1,heterogeneity_pressure,8,safety,26,1,missile,1.5,0.9999999701976776,7.0,4.641358435153961,1.0,0.0,6.0,4.641358435153961,2.358641564846039,2.705794502794742,2.705794502794742,1.4999999552965164,-1.2057945474982255,0.0,0.0,0.0,0.0,0.0,0.0,0.0,0.9999999701976776,25.641358077526093,59
heterogeneity_pressure_seed8_safety04_e07_t40_u1,heterogeneity_pressure,8,safety,27,1,missile,1.5,0.9999999701976776,4.0,3.9999998807907104,2.0,1.9999999403953552,2.0,1.9999999403953552,1.1920928955078125e-07,2.562999714683656e-07,2.562999714683656e-07,1.4999999478459358,1.4999996915459644,0.0,0.0,0.0,0.0,0.0,0.0,0.0,,20.999999582767487,49
heterogeneity_pressure_seed8_safety04_e07_t40_u1,heterogeneity_pressure,8,safety,28,1,missile,1.5,0.9999999701976776,3.0,2.0043056309223175,1.0,0.0,2.0,2.0043056309223175,0.9956943690776825,2.3353670090436935,2.3353670090436935,1.4999999478459358,-0.8353670611977568,8.881784197001252e-16,0.0,0.0,0.0,0.0,0.0,0.0,,10.687931895256042,24
heterogeneity_pressure_seed8_safety04_e07_t40_u1,heterogeneity_pressure,8,safety,29,1,missile,1.5,0.9999999701976776,7.0,3.9840508103370667,2.0,1.3280169367790222,5.0,2.6560338735580444,3.0159491896629333,3.3075230136513696,3.3075230136513696,1.4999999478459358,-1.8075230658054338,0.0,0.0,0.0,0.0,0.0,0.0,0.0,1.3280169367790222,18.312067568302155,41
heterogeneity_pressure_seed8_safety04_e07_t40_u1,heterogeneity_pressure,8,safety,30,1,missile,1.5,0.9999999701976776,2.0,1.6719829738140106,1.0,0.671983003616333,1.0,0.9999999701976776,0.3280170261859894,0.49202557802200264,0.49202557802200264,1.4999999552965164,1.0079743772745138,0.0,0.0,0.0,0.0,0.0,0.0,0.0,,8.999999821186066,21
heterogeneity_pressure_seed8_safety04_e07_t40_u1,heterogeneity_pressure,8,safety,31,1,missile,1.5,0.9999999701976776,7.0,4.359914988279343,2.0,0.671983003616333,5.0,3.6879319846630096,2.6400850117206573,3.992929179966449,3.992929179966449,1.4999999478459358,-2.492929232120513,0.0,0.0,0.0,0.0,0.0,0.0,0.0,0.9999999701976776,26.063795804977417,58
heterogeneity_pressure_seed8_safety05_e07_t40_u0,heterogeneity_pressure,8,safety,0,0,missile,2.8,0.6724644303321838,3.0,2.0173932909965515,2.0,1.3449288606643677,1.0,0.6724644303321838,0.9826067090034485,2.3255025446414948,2.3255025446414948,2.800000090897083,0.4744975462555878,-4.440892098500626e-16,0.0,0.0,0.0,0.0,0.0,0.0,,14.724644362926483,32
heterogeneity_pressure_seed8_safety05_e07_t40_u0,heterogeneity_pressure,8,safety,1,0,missile,2.8,1.0000000298023224,2.0,1.331328123807907,1.0,0.0,1.0,1.331328123807907,0.6686718761920929,2.71716793179512,2.71716793179512,2.8000000834465024,0.08283215165138191,-4.440892098500626e-16,0.0,0.0,0.0,0.0,0.0,0.0,,6.0000001192092896,14
heterogeneity_pressure_seed8_safety05_e07_t40_u0,heterogeneity_pressure,8,safety,2,0,missile,2.8,1.0000000298023224,2.0,2.976591110229492,1.0,1.6588637232780457,1.0,1.3177273869514465,-0.9765911102294922,-1.4978298887610437,-1.4978298887610437,2.8000000834465024,4.297829972207546,-8.881784197001252e-16,0.0,0.0,0.0,0.0,0.0,0.0,1.0000000298023224,11.635454952716827,29
heterogeneity_pressure_seed8_safety05_e07_t40_u0,heterogeneity_pressure,8,safety,3,0,missile,2.8,1.0000000298023224,5.0,2.321519911289215,3.0,0.6626561880111694,2.0,1.6588637232780457,2.678480088710785,6.62984670549631,6.62984670549631,2.8000000834465024,-3.829846622049807,4.440892098500626e-16,0.0,0.0,0.0,0.0,0.0,0.0,1.0000000298023224,15.650624930858612,33
heterogeneity_pressure_seed8_safety05_e07_t40_u0,heterogeneity_pressure,8,safety,4,0,missile,2.8,1.0000000298023224,5.0,7.000000208616257,3.0,2.0000000596046448,2.0,5.000000149011612,-2.0000002086162567,0.7999997213482857,0.7999997213482857,2.63188402801752,1.8318843066692345,0.0,1.0000000298023224,1.0000000298023224,2.0000000596046448,0.0,0.0,0.0,1.0000000298023224,27.000000596046448,67
heterogeneity_pressure_seed8_safety05_e07_t40_u0,heterogeneity_pressure,8,safety,5,0,missile,2.8,1.0000000298023224,3.0,2.0000000596046448,2.0,1.0000000298023224,1.0,1.0000000298023224,0.9999999403953552,2.799999871850014,2.799999871850014,2.800000090897083,2.1904706937192486e-07,4.440892098500626e-16,0.0,0.0,0.0,0.0,0.0,0.0,1.0000000298023224,15.000000298023224,35
heterogeneity_pressure_seed8_safety05_e07_t40_u0,heterogeneity_pressure,8,safety,6,0,missile,2.8,1.0000000298023224,1.0,2.0000000596046448,1.0,0.0,0.0,2.0000000596046448,-1.0000000596046448,-0.20000008940696734,-0.20000008940696734,2.8000001281499856,3.000000217556953,0.0,0.0,0.0,0.0,0.0,0.0,0.0,1.0000000298023224,14.000000357627869,38
heterogeneity_pressure_seed8_safety05_e07_t40_u0,heterogeneity_pressure,8,safety,7,0,missile,2.8,1.0000000298023224,4.0,3.3177274465560913,2.0,2.0000000596046448,2.0,1.3177273869514465,0.6822725534439087,0.5969883695244791,0.5969883695244791,2.8000000834465024,2.2030117139220238,4.440892098500626e-16,0.0,0.0,0.0,0.0,0.0,0.0,,15.000000298023224,35
heterogeneity_pressure_seed8_safety05_e07_t40_u0,heterogeneity_pressure,8,safety,8,0,missile,2.8,1.0000000298023224,4.0,4.294318497180939,2.0,1.6588637232780457,2.0,2.635454773902893,-0.2943184971809387,-0.027261735498905537,-0.027261735498905537,2.800000090897083,2.827261826395988,-4.440892098500626e-16,0.6588636934757233,0.0,0.6588636934757233,0.0,0.0,0.0,1.0000000298023224,23.270909905433655,58
heterogeneity_pressure_seed8_safety05_e07_t40_u0,heterogeneity_pressure,8,safety,9,0,missile,2.8,1.0000000298023224,3.0,1.6626562178134918,1.0,0.3313280940055847,2.0,1.331328123807907,1.3373437821865082,2.039449268579483,2.039449268579483,2.8000000834465024,0.7605508148670195,0.0,0.0,0.0,0.0,0.0,0.0,0.0,,7.662656307220459,17
heterogeneity_pressure_seed8_safety05_e07_t40_u0,heterogeneity_pressure,8,safety,10,0,missile,2.8,1.0000000298023224,9.0,5.342705726623535,2.0,1.6724644601345062,7.0,3.670241266489029,3.657294273376465,2.9947985395789143,2.9947985395789143,2.8000001281499856,-0.19479841142892873,0.0,0.0,0.0,1.3449288606643677,0.0,0.0,0.0,1.0000000298023224,25.414502203464508,56
heterogeneity_pressure_seed8_safety05_e07_t40_u0,heterogeneity_pressure,8,safety,11,0,missile,2.8,1.0000000298023224,6.0,5.000000149011612,3.0,2.0000000596046448,3.0,3.000000089406967,0.9999998509883881,2.799999736249447,2.799999736249447,2.800000090897083,3.546476357030315e-07,-4.440892098500626e-16,1.0000000298023224,1.0000000298023224,3.3449289202690125,0.0,0.0,0.0,1.0000000298023224,30.000000596046448,70
heterogeneity_pressure_seed8_safety05_e07_t40_u0,heterogeneity_pressure,8,safety,12,0,missile,2.8,1.0000000298023224,6.0,6.000000178813934,2.0,2.0000000596046448,4.0,4.0000001192092896,-1.7881393432617188e-07,-3.084540356468324e-07,-3.084540356468324e-07,2.8000000834465024,2.8000003919005376,-4.440892098500626e-16,0.0,0.0,0.0,0.0,0.0,0.0,,30.000000596046448,70
heterogeneity_pressure_seed8_safety05_e07_t40_u0,heterogeneity_pressure,8,safety,13,0,missile,2.8,1.0000000298023224,3.0,3.000000089406967,1.0,1.0000000298023224,2.0,2.0000000596046448,-8.940696716308594e-08,-1.3560056633110662e-07,-1.3560056633110662e-07,2.63188402801752,2.6318841636180865,0.0,0.0,0.0,0.0,0.0,0.0,0.0,,9.000000178813934,21
heterogeneity_pressure_seed8_safety05_e07_t40_u0,heterogeneity_pressure,8,safety,14,0,missile,2.8,1.0000000298023224,5.0,3.9765911400318146,2.0,1.6588637232780457,3.0,2.317727416753769,1.0234088599681854,1.5521700665354734,1.5521700665354734,2.800000090897083,1.24783002436161,4.440892098500626e-16,0.0,0.0,0.0,0.0,0.0,0.0,,18.95318239927292,43
heterogeneity_pressure_seed8_safety05_e07_t40_u0,heterogeneity_pressure,8,safety,15,0,missile,2.8,1.0000000298023224,3.0,2.317727416753769,1.0,0.6588636934757233,2.0,1.6588637232780457,0.6822725832462311,1.4668860733509064,1.4668860733509064,2.63188402801752,1.1649979546666147,8.881784197001252e-16,0.0,0.0,0.0,0.0,0.0,0.0,,15.953182339668274,36
heterogeneity_pressure_seed8_safety05_e07_t40_u0,heterogeneity_pressure,8,safety,16,0,missile,2.8,0.6724644303321838,4.0,2.6898577213287354,2.0,1.3449288606643677,2.0,1.3449288606643677,1.3101422786712646,2.407386437058449,2.407386437058449,2.8000001281499856,0.39261369109153677,0.0,0.0,0.0,0.6724644303321838,0.0,0.0,0.0,,17.06957322359085,37
heterogeneity_pressure_seed8_safety05_e07_t40_u0,heterogeneity_pressure,8,safety,17,0,missile,2.8,1.0000000298023224,6.0,4.294318497180939,1.0,0.6588636934757233,5.0,3.6354548037052155,1.7056815028190613,1.722738303244114,1.722738303244114,2.63188402801752,0.9091457247734063,0.0,0.0,0.0,0.0,0.0,0.0,0.0,,15.953182339668274,36
heterogeneity_pressure_seed8_safety05_e07_t40_u0,heterogeneity_pressure,8,safety,18,0,missile,2.8,1.0000000298023224,3.0,2.658863753080368,1.0,1.0000000298023224,2.0,1.6588637232780457,0.34113624691963196,0.5117043316364294,0.5117043316364294,2.8000000834465024,2.2882957518100726,-4.440892098500626e-16,0.0,0.0,0.0,0.0,0.0,0.0,,18.00000035762787,42
heterogeneity_pressure_seed8_safety05_e07_t40_u0,heterogeneity_pressure,8,safety,19,0,missile,2.8,1.0000000298023224,2.0,3.672464519739151,1.0,1.0000000298023224,1.0,2.6724644899368286,-1.672464519739151,-1.6681162804365153,-1.6681162804365153,2.800000090897083,4.468116371333598,-8.881784197001252e-16,0.0,0.0,0.0,0.0,0.0,0.0,1.0000000298023224,12.000000298023224,32
heterogeneity_pressure_seed8_safety05_e07_t40_u0,heterogeneity_pressure,8,safety,20,0,missile,2.8,1.0000000298023224,2.0,4.953182190656662,2.0,1.6588637232780457,0.0,3.2943184673786163,-2.953182190656662,-2.3391368925571436,-2.3391368925571436,2.800000090897083,5.139136983454227,0.0,0.6588636934757233,-1.3177273869514465,-2.635454773902893,-1.9765910804271698,0.0,0.0,1.0000000298023224,17.24750080704689,44
heterogeneity_pressure_seed8_safety05_e07_t40_u0,heterogeneity_pressure,8,safety,21,0,missile,2.8,1.0000000298023224,2.0,2.658863753080368,2.0,1.6588637232780457,0.0,1.0000000298023224,-0.658863753080368,-0.5448184698820118,-0.5448184698820118,2.8000000834465024,3.3448185533285137,-4.440892098500626e-16,0.0,0.0,0.0,0.0,0.0,0.0,1.0000000298023224,15.31772768497467,38
heterogeneity_pressure_seed8_safety05_e07_t40_u0,heterogeneity_pressure,8,safety,22,0,missile,2.8,1.0000000298023224,7.0,4.625646591186523,2.0,1.6588637232780457,5.0,2.966782867908478,2.3743534088134766,2.316326624155045,2.316326624155045,2.800000090897083,0.48367346674203837,4.440892098500626e-16,0.0,0.0,0.6588636934757233,0.0,0.0,0.0,,26.588637232780457,60
heterogeneity_pressure_seed8_safety05_e07_t40_u0,heterogeneity_pressure,8,safety,23,0,missile,2.8,1.0000000298023224,2.0,1.6724644601345062,1.0,1.0000000298023224,1.0,0.6724644303321838,0.3275355398654938,0.49130327105522165,0.49130327105522165,2.800000090897083,2.3086968198418614,0.0,0.0,0.0,0.0,0.0,0.0,0.0,,9.000000178813934,21
heterogeneity_pressure_seed8_safety05_e07_t40_u0,heterogeneity_pressure,8,safety,24,0,missile,2.8,1.0000000298023224,5.0,3.6354548037052155,2.0,1.6588637232780457,3.0,1.9765910804271698,1.3645451962947845,1.6374541878700253,1.6374541878700253,2.8000001281499856,1.1625459402799603,0.0,0.0,0.0,0.0,0.0,0.0,0.0,,16.635455012321472,38
heterogeneity_pressure_seed8_safety05_e07_t40_u0,heterogeneity_pressure,8,safety,25,0,missile,2.8,1.0000000298023224,4.0,4.0000001192092896,1.0,1.0000000298023224,3.0,3.000000089406967,-1.1920928955078125e-07,-1.803040499126496e-07,-1.803040499126496e-07,2.63188402801752,2.63188420832157,0.0,0.0,0.0,0.0,0.0,0.0,0.0,,27.000000536441803,63
heterogeneity_pressure_seed8_safety05_e07_t40_u0,heterogeneity_pressure,8,safety,26,0,missile,2.8,1.0000000298023224,6.0,4.635454833507538,2.0,1.6588637232780457,4.0,2.976591110229492,1.3645451664924622,2.0638745263218876,2.0638745263218876,2.8000000834465024,0.7361255571246144,-4.440892098500626e-16,0.0,0.0,0.6588636934757233,0.0,0.0,0.0,,21.270909786224365,48
heterogeneity_pressure_seed8_safety05_e07_t40_u0,heterogeneity_pressure,8,safety,27,0,missile,2.8,1.0000000298023224,8.0,7.000000208616257,3.0,2.0000000596046448,5.0,5.000000149011612,0.9999997913837433,2.7999997586011887,2.7999997586011887,2.8000000834465024,3.24845315091693e-07,1.3322676295501878e-15,0.0,0.0,0.0,0.0,0.0,0.0,1.0000000298023224,30.000000596046448,70
heterogeneity_pressure_seed8_safety05_e07_t40_u0,heterogeneity_pressure,8,safety,28,0,missile,2.8,1.0000000298023224,4.0,3.3177274465560913,1.0,1.0000000298023224,3.0,2.317727416753769,0.6822725534439087,0.5969884082674985,0.5969884082674985,2.800000090897083,2.203011682629584,-4.440892098500626e-16,0.0,0.0,0.0,0.0,0.0,0.0,,11.31772756576538,26
heterogeneity_pressure_seed8_safety05_e07_t40_u0,heterogeneity_pressure,8,safety,29,0,missile,2.8,1.0000000298023224,2.0,2.0000000596046448,1.0,1.0000000298023224,1.0,1.0000000298023224,-5.960464477539063e-08,-1.281499857341828e-07,-1.281499857341828e-07,2.800000090897083,2.800000219047069,4.440892098500626e-16,0.0,0.0,0.0,0.0,0.0,0.0,,12.000000238418579,28
heterogeneity_pressure_seed8_safety05_e07_t40_u0,heterogeneity_pressure,8,safety,30,0,missile,2.8,1.0000000298023224,6.0,5.344928979873657,2.0,2.0000000596046448,4.0,3.3449289202690125,0.6550710201263428,0.1637675285339366,0.1637675285339366,2.800000090897083,2.636232562363146,-4.440892098500626e-16,0.0,0.0,0.0,0.0,0.0,0.0,,20.344929218292236,47
heterogeneity_pressure_seed8_safety05_e07_t40_u0,heterogeneity_pressure,8,safety,31,0,missile,2.8,1.0000000298023224,6.0,4.294318497180939,2.0,1.6588637232780457,4.0,2.635454773902893,1.7056815028190613,1.7227382645010945,1.7227382645010945,2.800000090897083,1.077261826395988,-4.440892098500626e-16,0.0,0.0,1.3177273869514465,0.0,0.0,0.0,,25.22409188747406,56
heterogeneity_pressure_seed8_resource00_e10_t49_u0,heterogeneity_pressure,8,resource,0,0,missile,2.8,0.0,0.0,0.0,0.0,0.0,0.0,0.0,0.0,0.0,0.0,2.8,2.8,0.0,0.0,0.0,0.0,0.0,0.0,0.0,,3.0,5
heterogeneity_pressure_seed8_resource00_e10_t49_u0,heterogeneity_pressure,8,resource,1,0,missile,2.8,0.0,0.0,0.0,0.0,0.0,0.0,0.0,0.0,0.0,0.0,2.8,2.8,0.0,0.0,0.0,0.0,0.0,0.0,0.0,,3.0,5
heterogeneity_pressure_seed8_resource00_e10_t49_u0,heterogeneity_pressure,8,resource,2,0,missile,2.8,0.0,0.0,0.0,0.0,0.0,0.0,0.0,0.0,0.0,0.0,2.8,2.8,0.0,0.0,0.0,0.0,0.0,0.0,0.0,,3.0,5
heterogeneity_pressure_seed8_resource00_e10_t49_u0,heterogeneity_pressure,8,resource,3,0,missile,2.8,0.0,0.0,0.0,0.0,0.0,0.0,0.0,0.0,0.0,0.0,2.8,2.8,0.0,0.0,0.0,0.0,0.0,0.0,0.0,,3.0,5
heterogeneity_pressure_seed8_resource00_e10_t49_u0,heterogeneity_pressure,8,resource,4,0,missile,2.8,0.0,0.0,0.0,0.0,0.0,0.0,0.0,0.0,0.0,0.0,2.8,2.8,0.0,0.0,0.0,0.0,0.0,0.0,0.0,,3.0,5
heterogeneity_pressure_seed8_resource00_e10_t49_u0,heterogeneity_pressure,8,resource,5,0,missile,2.8,0.0,0.0,0.0,0.0,0.0,0.0,0.0,0.0,0.0,0.0,2.8,2.8,0.0,0.0,0.0,0.0,0.0,0.0,0.0,,3.0,5
heterogeneity_pressure_seed8_resource00_e10_t49_u0,heterogeneity_pressure,8,resource,6,0,missile,2.8,0.0,0.0,0.0,0.0,0.0,0.0,0.0,0.0,0.0,0.0,2.8,2.8,0.0,0.0,0.0,0.0,0.0,0.0,0.0,,3.0,5
heterogeneity_pressure_seed8_resource00_e10_t49_u0,heterogeneity_pressure,8,resource,7,0,missile,2.8,0.0,0.0,0.0,0.0,0.0,0.0,0.0,0.0,0.0,0.0,2.8,2.8,0.0,0.0,0.0,0.0,0.0,0.0,0.0,,3.0,5
heterogeneity_pressure_seed8_resource00_e10_t49_u0,heterogeneity_pressure,8,resource,8,0,missile,2.8,0.0,0.0,0.0,0.0,0.0,0.0,0.0,0.0,0.0,0.0,2.8,2.8,0.0,0.0,0.0,0.0,0.0,0.0,0.0,,3.0,5
heterogeneity_pressure_seed8_resource00_e10_t49_u0,heterogeneity_pressure,8,resource,9,0,missile,2.8,0.0,0.0,0.0,0.0,0.0,0.0,0.0,0.0,0.0,0.0,2.55,2.55,0.0,0.0,0.0,0.0,0.0,0.0,0.0,,3.0,5
heterogeneity_pressure_seed8_resource00_e10_t49_u0,heterogeneity_pressure,8,resource,10,0,missile,2.8,0.0,0.0,0.0,0.0,0.0,0.0,0.0,0.0,0.0,0.0,2.8,2.8,0.0,0.0,0.0,0.0,0.0,0.0,0.0,,3.0,5
heterogeneity_pressure_seed8_resource00_e10_t49_u0,heterogeneity_pressure,8,resource,11,0,missile,2.8,0.0,0.0,0.0,0.0,0.0,0.0,0.0,0.0,0.0,0.0,2.8,2.8,0.0,0.0,0.0,0.0,0.0,0.0,0.0,,3.0,5
heterogeneity_pressure_seed8_resource00_e10_t49_u0,heterogeneity_pressure,8,resource,12,0,missile,2.8,0.0,0.0,0.0,0.0,0.0,0.0,0.0,0.0,0.0,0.0,2.8,2.8,0.0,0.0,0.0,0.0,0.0,0.0,0.0,,3.0,5
heterogeneity_pressure_seed8_resource00_e10_t49_u0,heterogeneity_pressure,8,resource,13,0,missile,2.8,0.0,0.0,0.0,0.0,0.0,0.0,0.0,0.0,0.0,0.0,2.8,2.8,0.0,0.0,0.0,0.0,0.0,0.0,0.0,,3.0,5
heterogeneity_pressure_seed8_resource00_e10_t49_u0,heterogeneity_pressure,8,resource,14,0,missile,2.8,0.0,0.0,0.0,0.0,0.0,0.0,0.0,0.0,0.0,0.0,2.8,2.8,0.0,0.0,0.0,0.0,0.0,0.0,0.0,,3.0,5
heterogeneity_pressure_seed8_resource00_e10_t49_u0,heterogeneity_pressure,8,resource,15,0,missile,2.8,0.0,0.0,0.0,0.0,0.0,0.0,0.0,0.0,0.0,0.0,2.8,2.8,0.0,0.0,0.0,0.0,0.0,0.0,0.0,,3.0,5
heterogeneity_pressure_seed8_resource00_e10_t49_u0,heterogeneity_pressure,8,resource,16,0,missile,2.8,0.0,0.0,0.0,0.0,0.0,0.0,0.0,0.0,0.0,0.0,2.8,2.8,0.0,0.0,0.0,0.0,0.0,0.0,0.0,,3.0,5
heterogeneity_pressure_seed8_resource00_e10_t49_u0,heterogeneity_pressure,8,resource,17,0,missile,2.8,0.0,0.0,0.0,0.0,0.0,0.0,0.0,0.0,0.0,0.0,2.8,2.8,0.0,0.0,0.0,0.0,0.0,0.0,0.0,,3.0,5
heterogeneity_pressure_seed8_resource00_e10_t49_u0,heterogeneity_pressure,8,resource,18,0,missile,2.8,0.0,0.0,0.0,0.0,0.0,0.0,0.0,0.0,0.0,0.0,2.8,2.8,0.0,0.0,0.0,0.0,0.0,0.0,0.0,,3.0,5
heterogeneity_pressure_seed8_resource00_e10_t49_u0,heterogeneity_pressure,8,resource,19,0,missile,2.8,0.0,0.0,0.0,0.0,0.0,0.0,0.0,0.0,0.0,0.0,2.8,2.8,0.0,0.0,0.0,0.0,0.0,0.0,0.0,,3.0,5
heterogeneity_pressure_seed8_resource00_e10_t49_u0,heterogeneity_pressure,8,resource,20,0,missile,2.8,0.0,0.0,0.0,0.0,0.0,0.0,0.0,0.0,0.0,0.0,2.8,2.8,0.0,0.0,0.0,0.0,0.0,0.0,0.0,,3.0,5
heterogeneity_pressure_seed8_resource00_e10_t49_u0,heterogeneity_pressure,8,resource,21,0,missile,2.8,0.0,0.0,0.0,0.0,0.0,0.0,0.0,0.0,0.0,0.0,2.8,2.8,0.0,0.0,0.0,0.0,0.0,0.0,0.0,,3.0,5
heterogeneity_pressure_seed8_resource00_e10_t49_u0,heterogeneity_pressure,8,resource,22,0,missile,2.8,0.0,0.0,0.0,0.0,0.0,0.0,0.0,0.0,0.0,0.0,2.8,2.8,0.0,0.0,0.0,0.0,0.0,0.0,0.0,,3.0,5
heterogeneity_pressure_seed8_resource00_e10_t49_u0,heterogeneity_pressure,8,resource,23,0,missile,2.8,0.0,0.0,0.0,0.0,0.0,0.0,0.0,0.0,0.0,0.0,2.8,2.8,0.0,0.0,0.0,0.0,0.0,0.0,0.0,,3.0,5
heterogeneity_pressure_seed8_resource00_e10_t49_u0,heterogeneity_pressure,8,resource,24,0,missile,2.8,0.0,0.0,0.0,0.0,0.0,0.0,0.0,0.0,0.0,0.0,2.8,2.8,0.0,0.0,0.0,0.0,0.0,0.0,0.0,,3.0,5
heterogeneity_pressure_seed8_resource00_e10_t49_u0,heterogeneity_pressure,8,resource,25,0,missile,2.8,0.0,0.0,0.0,0.0,0.0,0.0,0.0,0.0,0.0,0.0,2.8,2.8,0.0,0.0,0.0,0.0,0.0,0.0,0.0,,3.0,5
heterogeneity_pressure_seed8_resource00_e10_t49_u0,heterogeneity_pressure,8,resource,26,0,missile,2.8,0.0,0.0,0.0,0.0,0.0,0.0,0.0,0.0,0.0,0.0,2.8,2.8,0.0,0.0,0.0,0.0,0.0,0.0,0.0,,3.0,5
heterogeneity_pressure_seed8_resource00_e10_t49_u0,heterogeneity_pressure,8,resource,27,0,missile,2.8,0.0,0.0,0.0,0.0,0.0,0.0,0.0,0.0,0.0,0.0,2.8,2.8,0.0,0.0,0.0,0.0,0.0,0.0,0.0,,3.0,5
heterogeneity_pressure_seed8_resource00_e10_t49_u0,heterogeneity_pressure,8,resource,28,0,missile,2.8,0.0,0.0,0.0,0.0,0.0,0.0,0.0,0.0,0.0,0.0,2.8,2.8,0.0,0.0,0.0,0.0,0.0,0.0,0.0,,3.0,5
heterogeneity_pressure_seed8_resource00_e10_t49_u0,heterogeneity_pressure,8,resource,29,0,missile,2.8,0.0,0.0,0.0,0.0,0.0,0.0,0.0,0.0,0.0,0.0,2.8,2.8,0.0,0.0,0.0,0.0,0.0,0.0,0.0,,3.0,5
heterogeneity_pressure_seed8_resource00_e10_t49_u0,heterogeneity_pressure,8,resource,30,0,missile,2.8,0.0,0.0,0.0,0.0,0.0,0.0,0.0,0.0,0.0,0.0,2.8,2.8,0.0,0.0,0.0,0.0,0.0,0.0,0.0,,3.0,5
heterogeneity_pressure_seed8_resource00_e10_t49_u0,heterogeneity_pressure,8,resource,31,0,missile,2.8,0.0,0.0,0.0,0.0,0.0,0.0,0.0,0.0,0.0,0.0,2.8,2.8,0.0,0.0,0.0,0.0,0.0,0.0,0.0,,3.0,5
heterogeneity_pressure_seed8_resource01_e04_t45_u0,heterogeneity_pressure,8,resource,0,0,missile,2.8,1.0,0.0,3.0,0.0,1.0,0.0,2.0,-3.0,-3.3,-3.3,2.8,6.1,0.0,0.0,0.0,0.0,0.0,0.0,0.0,,11.0,21
heterogeneity_pressure_seed8_resource01_e04_t45_u0,heterogeneity_pressure,8,resource,1,0,missile,2.8,0.0,0.0,0.0,0.0,0.0,0.0,0.0,0.0,0.0,0.0,2.8,2.8,0.0,0.0,0.0,0.0,0.0,0.0,0.0,,3.0,5
heterogeneity_pressure_seed8_resource01_e04_t45_u0,heterogeneity_pressure,8,resource,2,0,missile,2.8,0.0,0.0,0.0,0.0,0.0,0.0,0.0,0.0,0.0,0.0,2.55,2.55,0.0,0.0,0.0,0.0,0.0,0.0,0.0,,3.0,5
heterogeneity_pressure_seed8_resource01_e04_t45_u0,heterogeneity_pressure,8,resource,3,0,missile,2.8,1.0,2.0,2.0,1.0,1.0,1.0,1.0,0.0,1.25,1.25,2.8,1.5499999999999998,0.0,0.0,0.0,0.0,0.0,0.0,0.0,,9.0,15
heterogeneity_pressure_seed8_resource01_e04_t45_u0,heterogeneity_pressure,8,resource,4,0,missile,2.8,0.0,0.0,0.0,0.0,0.0,0.0,0.0,0.0,0.0,0.0,2.8,2.8,0.0,0.0,0.0,0.0,0.0,0.0,0.0,,3.0,5
heterogeneity_pressure_seed8_resource01_e04_t45_u0,heterogeneity_pressure,8,resource,5,0,missile,2.8,1.0,0.0,2.0,0.0,0.0,0.0,2.0,-2.0,-1.75,-1.75,2.8,4.55,0.0,0.0,0.0,0.0,0.0,0.0,0.0,,9.0,17
heterogeneity_pressure_seed8_resource01_e04_t45_u0,heterogeneity_pressure,8,resource,6,0,missile,2.8,0.0,3.0,0.0,2.0,0.0,1.0,0.0,3.0,5.85,5.85,2.8,-3.05,0.0,0.0,0.0,0.0,0.0,0.0,0.0,2.0,7.0,9
heterogeneity_pressure_seed8_resource01_e04_t45_u0,heterogeneity_pressure,8,resource,7,0,missile,2.8,0.5186417698860168,0.0,1.5559253096580505,0.0,0.5186417698860168,0.0,1.0372835397720337,-1.5559253096580505,-2.3598200529813766,-2.3598200529813766,2.8,5.1598200529813765,0.0,0.0,0.0,0.0,0.0,0.0,0.0,,7.149134159088135,13
heterogeneity_pressure_seed8_resource01_e04_t45_u0,heterogeneity_pressure,8,resource,8,0,missile,2.8,0.0,0.0,0.0,0.0,0.0,0.0,0.0,0.0,0.0,0.0,2.8,2.8,0.0,0.0,0.0,0.0,0.0,0.0,0.0,,3.0,5
heterogeneity_pressure_seed8_resource01_e04_t45_u0,heterogeneity_pressure,8,resource,9,0,missile,2.8,0.5186417698860168,0.0,0.5186417698860168,0.0,0.5186417698860168,0.0,0.0,-0.5186417698860168,-1.4521969556808472,-1.4521969556808472,2.8,4.252196955680847,0.0,0.0,0.0,0.0,0.0,0.0,0.0,,5.074567079544067,9
heterogeneity_pressure_seed8_resource01_e04_t45_u0,heterogeneity_pressure,8,resource,10,0,missile,2.8,0.5186417698860168,0.0,1.0372835397720337,0.0,0.5186417698860168,0.0,0.5186417698860168,-1.0372835397720337,-2.2301596105098724,-2.2301596105098724,2.8,5.030159610509872,0.0,0.0,0.0,0.0,0.0,0.0,0.0,,6.111850619316101,11
heterogeneity_pressure_seed8_resource01_e04_t45_u0,heterogeneity_pressure,8,resource,11,0,missile,2.8,0.0,0.0,0.0,0.0,0.0,0.0,0.0,0.0,0.0,0.0,2.8,2.8,0.0,0.0,0.0,0.0,0.0,0.0,0.0,,3.0,5
heterogeneity_pressure_seed8_resource01_e04_t45_u0,heterogeneity_pressure,8,resource,12,0,missile,2.8,0.48135823011398315,2.0,0.9627164602279663,1.0,0.48135823011398315,1.0,0.48135823011398315,1.0372835397720337,1.5818573981523514,1.5818573981523514,2.8,1.2181426018476484,0.0,0.0,0.0,0.0,0.0,0.0,0.0,,6.925432920455933,11
heterogeneity_pressure_seed8_resource01_e04_t45_u0,heterogeneity_pressure,8,resource,13,0,missile,2.8,0.5186417698860168,0.0,0.5186417698860168,0.0,0.0,0.0,0.5186417698860168,-0.5186417698860168,-0.7779626548290253,-0.7779626548290253,2.6703395575284956,3.448302212357521,0.0,0.0,0.0,0.0,0.0,0.0,0.0,,4.037283539772034,7
heterogeneity_pressure_seed8_resource01_e04_t45_u0,heterogeneity_pressure,8,resource,14,0,missile,2.8,0.5186417698860168,0.0,1.0372835397720337,0.0,0.5186417698860168,0.0,0.5186417698860168,-1.0372835397720337,-2.2301596105098724,-2.2301596105098724,2.8,5.030159610509872,0.0,0.0,0.0,0.0,0.0,0.0,0.0,,5.074567079544067,9
heterogeneity_pressure_seed8_resource01_e04_t45_u0,heterogeneity_pressure,8,resource,15,0,missile,2.8,0.5186417698860168,0.0,0.5186417698860168,0.0,0.0,0.0,0.5186417698860168,-0.5186417698860168,-0.7779626548290253,-0.7779626548290253,2.8,3.577962654829025,0.0,0.0,0.0,0.0,0.0,0.0,0.0,,4.037283539772034,7
heterogeneity_pressure_seed8_resource01_e04_t45_u0,heterogeneity_pressure,8,resource,16,0,missile,2.8,0.0,1.0,0.0,1.0,0.0,0.0,0.0,1.0,2.8,2.8,2.8,0.0,0.0,0.0,0.0,0.0,0.0,0.0,0.0,2.0,5.0,7
heterogeneity_pressure_seed8_resource01_e04_t45_u0,heterogeneity_pressure,8,resource,17,0,missile,2.8,0.5186417698860168,0.0,1.5559253096580505,0.0,0.0,0.0,1.5559253096580505,-1.5559253096580505,-1.0372835397720337,-1.0372835397720337,2.8,3.8372835397720335,0.0,0.0,0.0,0.0,0.0,0.0,0.0,,7.149134159088135,13
heterogeneity_pressure_seed8_resource01_e04_t45_u0,heterogeneity_pressure,8,resource,18,0,missile,2.8,0.5186417698860168,0.0,2.0745670795440674,0.0,0.0,0.0,2.0745670795440674,-2.0745670795440674,-1.815246194601059,-1.815246194601059,2.6703395575284956,4.485585752129555,0.0,0.0,0.0,0.0,0.0,0.0,0.0,,7.149134159088135,13
heterogeneity_pressure_seed8_resource01_e04_t45_u0,heterogeneity_pressure,8,resource,19,0,missile,2.8,0.5186417698860168,0.0,1.0372835397720337,0.0,0.5186417698860168,0.0,0.5186417698860168,-1.0372835397720337,-1.5818573981523514,-1.5818573981523514,2.8,4.381857398152351,0.0,0.0,0.0,0.0,0.0,0.0,0.0,,7.149134159088135,13
heterogeneity_pressure_seed8_resource01_e04_t45_u0,heterogeneity_pressure,8,resource,20,0,missile,2.8,0.5186417698860168,0.0,0.5186417698860168,0.0,0.5186417698860168,0.0,0.0,-0.5186417698860168,-1.4521969556808472,-1.4521969556808472,2.8,4.252196955680847,0.0,0.0,0.0,0.0,0.0,0.0,0.0,,5.074567079544067,9
heterogeneity_pressure_seed8_resource01_e04_t45_u0,heterogeneity_pressure,8,resource,21,0,missile,2.8,0.5186417698860168,0.0,1.0372835397720337,0.0,0.0,0.0,1.0372835397720337,-1.0372835397720337,-0.9076230973005295,-0.9076230973005295,2.8,3.7076230973005293,0.0,0.0,0.0,0.0,0.0,0.0,0.0,,5.074567079544067,9
heterogeneity_pressure_seed8_resource01_e04_t45_u0,heterogeneity_pressure,8,resource,22,0,missile,2.8,0.0,0.0,0.0,0.0,0.0,0.0,0.0,0.0,0.0,0.0,2.8,2.8,0.0,0.0,0.0,0.0,0.0,0.0,0.0,,3.0,5
heterogeneity_pressure_seed8_resource01_e04_t45_u0,heterogeneity_pressure,8,resource,23,0,missile,2.8,1.0,2.0,2.0,1.0,1.0,1.0,1.0,0.0,0.0,0.0,2.6703395575284956,2.6703395575284956,0.0,0.0,0.0,0.0,0.0,0.0,0.0,,9.0,15
heterogeneity_pressure_seed8_resource01_e04_t45_u0,heterogeneity_pressure,8,resource,24,0,missile,2.8,0.5186417698860168,0.0,2.0745670795440674,0.0,0.5186417698860168,0.0,1.5559253096580505,-2.0745670795440674,-1.8411782830953598,-1.8411782830953598,2.6703395575284956,4.511517840623855,0.0,0.0,0.0,0.0,0.0,0.0,0.0,,7.149134159088135,13
heterogeneity_pressure_seed8_resource01_e04_t45_u0,heterogeneity_pressure,8,resource,25,0,missile,2.8,1.0,2.0,2.0,1.0,1.0,1.0,1.0,0.0,0.0,0.0,2.8,2.8,0.0,0.0,0.0,0.0,0.0,0.0,0.0,,12.0,20
heterogeneity_pressure_seed8_resource01_e04_t45_u0,heterogeneity_pressure,8,resource,26,0,missile,2.8,0.5186417698860168,0.0,1.5559253096580505,0.0,0.5186417698860168,0.0,1.0372835397720337,-1.5559253096580505,-2.3598200529813766,-2.3598200529813766,2.8,5.1598200529813765,0.0,0.0,0.0,0.0,0.0,0.0,0.0,,7.149134159088135,13
heterogeneity_pressure_seed8_resource01_e04_t45_u0,heterogeneity_pressure,8,resource,27,0,missile,2.8,0.0,0.0,0.0,0.0,0.0,0.0,0.0,0.0,0.0,0.0,2.8,2.8,0.0,0.0,0.0,0.0,0.0,0.0,0.0,,3.0,5
heterogeneity_pressure_seed8_resource01_e04_t45_u0,heterogeneity_pressure,8,resource,28,0,missile,2.8,0.48135823011398315,0.0,0.9627164602279663,0.0,0.48135823011398315,0.0,0.48135823011398315,-0.9627164602279663,-2.0698403894901274,-2.0698403894901274,2.8,4.869840389490127,0.0,0.0,0.0,0.0,0.0,0.0,0.0,,6.850865840911865,13
heterogeneity_pressure_seed8_resource01_e04_t45_u0,heterogeneity_pressure,8,resource,29,0,missile,2.8,0.0,0.0,0.0,0.0,0.0,0.0,0.0,0.0,0.0,0.0,2.8,2.8,0.0,0.0,0.0,0.0,0.0,0.0,0.0,,3.0,5
heterogeneity_pressure_seed8_resource01_e04_t45_u0,heterogeneity_pressure,8,resource,30,0,missile,2.8,0.48135823011398315,1.0,0.9627164602279663,1.0,0.48135823011398315,0.0,0.48135823011398315,0.03728353977203369,1.3318573981523514,1.3318573981523514,2.8,1.4681426018476484,0.0,0.0,0.0,0.0,0.0,0.0,0.0,1.0,7.850865840911865,14
heterogeneity_pressure_seed8_resource01_e04_t45_u0,heterogeneity_pressure,8,resource,31,0,missile,2.8,0.5186417698860168,0.0,2.0745670795440674,0.0,0.5186417698860168,0.0,1.5559253096580505,-2.0745670795440674,-2.489480495452881,-2.489480495452881,2.8,5.289480495452881,0.0,0.0,0.0,0.0,0.0,0.0,0.0,,7.149134159088135,13
heterogeneity_pressure_seed8_resource02_e10_t48_u0,heterogeneity_pressure,8,resource,0,0,missile,2.8,0.0,1.0,0.0,1.0,0.0,0.0,0.0,1.0,2.8,2.8,2.800000256299972,2.56299972356544e-07,0.0,0.0,0.0,0.0,0.0,0.0,0.0,1.0000000596046448,4.0000001192092896,6
heterogeneity_pressure_seed8_resource02_e10_t48_u0,heterogeneity_pressure,8,resource,1,0,missile,2.8,1.0000000596046448,1.0,1.0000000596046448,0.0,0.0,1.0,1.0000000596046448,-5.960464477539063e-08,-8.940696716308594e-08,-8.940696716308594e-08,2.800000181794166,2.8000002712011334,0.0,0.0,0.0,0.0,0.0,0.0,0.0,,6.000000238418579,10
heterogeneity_pressure_seed8_resource02_e10_t48_u0,heterogeneity_pressure,8,resource,2,0,missile,2.8,0.0,1.0,0.0,1.0,0.0,0.0,0.0,1.0,2.8,2.8,2.800000181794166,1.8179416638730572e-07,0.0,0.0,0.0,0.0,0.0,0.0,0.0,1.0000000596046448,4.0000001192092896,6
heterogeneity_pressure_seed8_resource02_e10_t48_u0,heterogeneity_pressure,8,resource,3,0,missile,2.8,0.0,0.0,0.0,0.0,0.0,0.0,0.0,0.0,0.0,0.0,2.550000256299972,2.550000256299972,0.0,0.0,0.0,0.0,0.0,0.0,0.0,,3.0000001192092896,5
heterogeneity_pressure_seed8_resource02_e10_t48_u0,heterogeneity_pressure,8,resource,4,0,missile,2.8,1.0000000596046448,0.0,0.0,0.0,0.0,0.0,0.0,0.0,0.0,0.0,2.800000166893005,2.800000166893005,0.0,0.0,0.0,0.0,0.0,0.0,0.0,,6.000000238418579,10
heterogeneity_pressure_seed8_resource02_e10_t48_u0,heterogeneity_pressure,8,resource,5,0,missile,2.8,1.0000000596046448,1.0,1.0000000596046448,0.0,0.0,1.0,1.0000000596046448,-5.960464477539063e-08,-1.4901161193847656e-08,-1.4901161193847656e-08,2.800000166893005,2.800000181794166,0.0,0.0,0.0,0.0,0.0,0.0,0.0,,6.000000238418579,10
heterogeneity_pressure_seed8_resource02_e10_t48_u0,heterogeneity_pressure,8,resource,6,0,missile,2.8,1.0000000596046448,1.0,0.0,1.0,0.0,0.0,0.0,1.0,2.8,2.8,2.800000181794166,1.8179416638730572e-07,0.0,0.0,0.0,0.0,0.0,0.0,0.0,1.0000000596046448,6.000000238418579,10
heterogeneity_pressure_seed8_resource02_e10_t48_u0,heterogeneity_pressure,8,resource,7,0,missile,2.8,0.0,1.0,0.0,0.0,0.0,1.0,0.0,1.0,0.25,0.25,2.550000256299972,2.300000256299972,0.0,0.0,0.0,0.0,0.0,0.0,0.0,1.0000000596046448,4.0000001192092896,6
heterogeneity_pressure_seed8_resource02_e10_t48_u0,heterogeneity_pressure,8,resource,8,0,missile,2.8,1.0000000596046448,2.0,1.0000000596046448,1.0,0.0,1.0,1.0000000596046448,0.9999999403953552,2.7999999850988386,2.7999999850988386,2.800000181794166,1.9669532758115338e-07,0.0,0.0,0.0,0.0,0.0,0.0,0.0,1.0000000596046448,6.000000238418579,10
heterogeneity_pressure_seed8_resource02_e10_t48_u0,heterogeneity_pressure,8,resource,9,0,missile,2.8,1.0000000596046448,1.0,1.0000000596046448,0.0,0.0,1.0,1.0000000596046448,-5.960464477539063e-08,-8.940696716308594e-08,-8.940696716308594e-08,2.800000166893005,2.800000256299972,0.0,0.0,0.0,0.0,0.0,0.0,0.0,,6.000000238418579,10
heterogeneity_pressure_seed8_resource02_e10_t48_u0,heterogeneity_pressure,8,resource,10,0,missile,2.8,1.0000000596046448,1.0,1.0000000596046448,1.0,0.0,0.0,1.0000000596046448,-5.960464477539063e-08,2.5499999850988386,2.5499999850988386,2.800000256299972,0.25000027120113355,0.0,0.0,0.0,0.0,0.0,0.0,0.0,,6.000000238418579,10
heterogeneity_pressure_seed8_resource02_e10_t48_u0,heterogeneity_pressure,8,resource,11,0,missile,2.8,1.0000000596046448,2.0,1.0000000596046448,1.0,0.0,1.0,1.0000000596046448,0.9999999403953552,2.7999999105930327,2.7999999105930327,2.800000166893005,2.56299972356544e-07,0.0,0.0,0.0,0.0,0.0,0.0,0.0,1.0000000596046448,6.000000238418579,10
heterogeneity_pressure_seed8_resource02_e10_t48_u0,heterogeneity_pressure,8,resource,12,0,missile,2.8,0.5094792246818542,1.0,0.5094792246818542,0.0,0.0,1.0,0.5094792246818542,0.49052077531814575,0.7357811629772186,0.7357811629772186,2.800000181794166,2.0642190188169476,0.0,0.0,0.0,0.0,0.0,0.0,0.0,,5.018958568572998,8
heterogeneity_pressure_seed8_resource02_e10_t48_u0,heterogeneity_pressure,8,resource,13,0,missile,2.8,1.0000000596046448,1.0,1.0000000596046448,0.0,0.0,1.0,1.0000000596046448,-5.960464477539063e-08,-1.4901161193847656e-08,-1.4901161193847656e-08,2.800000166893005,2.800000181794166,0.0,0.0,0.0,0.0,0.0,0.0,0.0,,6.000000238418579,10
heterogeneity_pressure_seed8_resource02_e10_t48_u0,heterogeneity_pressure,8,resource,14,0,missile,2.8,1.0000000596046448,0.0,0.0,0.0,0.0,0.0,0.0,0.0,0.0,0.0,2.800000181794166,2.800000181794166,0.0,0.0,0.0,0.0,0.0,0.0,0.0,,6.000000238418579,10
heterogeneity_pressure_seed8_resource02_e10_t48_u0,heterogeneity_pressure,8,resource,15,0,missile,2.8,1.0000000596046448,2.0,1.4905208945274353,1.0,0.0,1.0,1.4905208945274353,0.5094791054725647,2.677369701862335,2.677369701862335,2.800000166893005,0.12263046503066999,0.0,0.0,0.0,0.0,0.0,0.0,0.0,,6.000000238418579,10
heterogeneity_pressure_seed8_resource02_e10_t48_u0,heterogeneity_pressure,8,resource,16,0,missile,2.8,0.5094792246818542,1.0,0.5094792246818542,1.0,0.0,0.0,0.5094792246818542,0.49052077531814575,2.6726301938295363,2.6726301938295363,2.550000256299972,-0.12262993752956408,0.0,0.0,0.0,0.0,0.0,0.0,0.0,,5.018958568572998,8
heterogeneity_pressure_seed8_resource02_e10_t48_u0,heterogeneity_pressure,8,resource,17,0,missile,2.8,1.0000000596046448,1.0,0.0,1.0,0.0,0.0,0.0,1.0,2.8,2.8,2.800000166893005,1.6689300519345807e-07,0.0,0.0,0.0,0.0,0.0,0.0,0.0,1.0000000596046448,6.000000238418579,10
heterogeneity_pressure_seed8_resource02_e10_t48_u0,heterogeneity_pressure,8,resource,18,0,missile,2.8,1.0000000596046448,1.0,1.0000000596046448,0.0,0.0,1.0,1.0000000596046448,-5.960464477539063e-08,-1.4901161193847656e-08,-1.4901161193847656e-08,2.800000256299972,2.8000002712011334,0.0,0.0,0.0,0.0,0.0,0.0,0.0,,6.000000238418579,10
heterogeneity_pressure_seed8_resource02_e10_t48_u0,heterogeneity_pressure,8,resource,19,0,missile,2.8,1.0000000596046448,1.0,1.0000000596046448,0.0,0.0,1.0,1.0000000596046448,-5.960464477539063e-08,-1.4901161193847656e-08,-1.4901161193847656e-08,2.800000256299972,2.8000002712011334,0.0,0.0,0.0,0.0,0.0,0.0,0.0,,6.000000238418579,10
heterogeneity_pressure_seed8_resource02_e10_t48_u0,heterogeneity_pressure,8,resource,20,0,missile,2.8,1.0000000596046448,0.0,1.0000000596046448,0.0,0.0,0.0,1.0000000596046448,-1.0000000596046448,-0.2500000149011612,-0.2500000149011612,2.800000256299972,3.0500002712011334,0.0,0.0,0.0,0.0,0.0,0.0,0.0,,6.000000238418579,10
heterogeneity_pressure_seed8_resource02_e10_t48_u0,heterogeneity_pressure,8,resource,21,0,missile,2.8,1.0000000596046448,1.0,0.0,1.0,0.0,0.0,0.0,1.0,2.8,2.8,2.800000256299972,2.56299972356544e-07,0.0,0.0,0.0,0.0,0.0,0.0,0.0,1.0000000596046448,6.000000238418579,10
heterogeneity_pressure_seed8_resource02_e10_t48_u0,heterogeneity_pressure,8,resource,22,0,missile,2.8,0.5094792246818542,0.0,0.0,0.0,0.0,0.0,0.0,0.0,0.0,0.0,2.800000181794166,2.800000181794166,0.0,0.0,0.0,0.0,0.0,0.0,0.0,,5.018958568572998,8
heterogeneity_pressure_seed8_resource02_e10_t48_u0,heterogeneity_pressure,8,resource,23,0,missile,2.8,1.0000000596046448,1.0,1.0000000596046448,1.0,0.0,0.0,1.0000000596046448,-5.960464477539063e-08,2.5499999850988386,2.5499999850988386,2.800000256299972,0.25000027120113355,0.0,0.0,0.0,0.0,0.0,0.0,0.0,,6.000000238418579,10
heterogeneity_pressure_seed8_resource02_e10_t48_u0,heterogeneity_pressure,8,resource,24,0,missile,2.8,1.0000000596046448,0.0,0.0,0.0,0.0,0.0,0.0,0.0,0.0,0.0,2.800000256299972,2.800000256299972,0.0,0.0,0.0,0.0,0.0,0.0,0.0,,6.000000238418579,10
heterogeneity_pressure_seed8_resource02_e10_t48_u0,heterogeneity_pressure,8,resource,25,0,missile,2.8,0.0,1.0,0.0,1.0,0.0,0.0,0.0,1.0,2.8,2.8,2.800000181794166,1.8179416638730572e-07,0.0,0.0,0.0,0.0,0.0,0.0,0.0,1.0000000596046448,4.0000001192092896,6
heterogeneity_pressure_seed8_resource02_e10_t48_u0,heterogeneity_pressure,8,resource,26,0,missile,2.8,1.0000000596046448,0.0,0.0,0.0,0.0,0.0,0.0,0.0,0.0,0.0,2.800000256299972,2.800000256299972,0.0,0.0,0.0,0.0,0.0,0.0,0.0,,6.000000238418579,10
heterogeneity_pressure_seed8_resource02_e10_t48_u0,heterogeneity_pressure,8,resource,27,0,missile,2.8,1.0000000596046448,1.0,1.0000000596046448,0.0,0.0,1.0,1.0000000596046448,-5.960464477539063e-08,-1.4901161193847656e-08,-1.4901161193847656e-08,2.800000166893005,2.800000181794166,0.0,0.0,0.0,0.0,0.0,0.0,0.0,,6.000000238418579,10
heterogeneity_pressure_seed8_resource02_e10_t48_u0,heterogeneity_pressure,8,resource,28,0,missile,2.8,1.0000000596046448,1.0,1.0000000596046448,0.0,0.0,1.0,1.0000000596046448,-5.960464477539063e-08,-8.940696716308594e-08,-8.940696716308594e-08,2.800000166893005,2.800000256299972,0.0,0.0,0.0,0.0,0.0,0.0,0.0,,6.000000238418579,10
heterogeneity_pressure_seed8_resource02_e10_t48_u0,heterogeneity_pressure,8,resource,29,0,missile,2.8,1.0000000596046448,1.0,1.0000000596046448,0.0,0.0,1.0,1.0000000596046448,-5.960464477539063e-08,-8.940696716308594e-08,-8.940696716308594e-08,2.800000166893005,2.800000256299972,0.0,0.0,0.0,0.0,0.0,0.0,0.0,,6.000000238418579,10
heterogeneity_pressure_seed8_resource02_e10_t48_u0,heterogeneity_pressure,8,resource,30,0,missile,2.8,0.0,1.0,0.0,1.0,0.0,0.0,0.0,1.0,2.8,2.8,2.800000256299972,2.56299972356544e-07,0.0,0.0,0.0,0.0,0.0,0.0,0.0,1.0000000596046448,4.0000001192092896,6
heterogeneity_pressure_seed8_resource02_e10_t48_u0,heterogeneity_pressure,8,resource,31,0,missile,2.8,1.0000000596046448,2.0,1.0000000596046448,1.0,0.0,1.0,1.0000000596046448,0.9999999403953552,2.7999999850988386,2.7999999850988386,2.800000166893005,1.8179416638730572e-07,0.0,0.0,0.0,0.0,0.0,0.0,0.0,1.0000000596046448,6.000000238418579,10
heterogeneity_pressure_seed8_resource03_e04_t44_u0,heterogeneity_pressure,8,resource,0,0,missile,2.8,0.9999999701976776,4.0,2.444331705570221,1.0,0.4814439117908478,3.0,1.9628877937793732,1.555668294429779,3.0076253563165665,3.0076253563165665,2.799999916553497,-0.20762543976306969,0.0,0.0,0.0,0.0,0.0,0.0,0.0,,13.851551175117493,22
heterogeneity_pressure_seed8_resource03_e04_t44_u0,heterogeneity_pressure,8,resource,1,0,missile,2.8,0.9999999701976776,0.0,1.9999999403953552,0.0,0.9999999701976776,0.0,0.9999999701976776,-1.9999999403953552,-4.299999871850014,-4.299999871850014,2.799999871850014,7.099999743700028,0.0,0.0,0.0,0.0,0.0,0.0,0.0,,13.999999642372131,26
heterogeneity_pressure_seed8_resource03_e04_t44_u0,heterogeneity_pressure,8,resource,2,0,missile,2.8,0.9999999701976776,1.0,0.9999999701976776,0.0,0.0,1.0,0.9999999701976776,2.9802322387695312e-08,7.450580596923828e-09,7.450580596923828e-09,2.799999871850014,2.7999998643994335,0.0,0.0,0.0,0.0,0.0,0.0,0.0,,5.9999998807907104,10
heterogeneity_pressure_seed8_resource03_e04_t44_u0,heterogeneity_pressure,8,resource,3,0,missile,2.8,0.9999999701976776,2.0,0.0,1.0,0.0,1.0,0.0,2.0,4.3,4.3,2.799999916553497,-1.500000083446503,0.0,0.0,0.0,0.0,0.0,0.0,0.0,0.9999999701976776,6.9999998807907104,11
heterogeneity_pressure_seed8_resource03_e04_t44_u0,heterogeneity_pressure,8,resource,4,0,missile,2.8,0.9999999701976776,2.0,3.9999998807907104,1.0,0.0,1.0,3.9999998807907104,-1.9999998807907104,-0.4499998956918718,-0.4499998956918718,2.799999871850014,3.249999767541885,-8.881784197001252e-16,0.0,0.0,0.0,0.0,0.0,0.0,0.9999999701976776,13.999999642372131,26
heterogeneity_pressure_seed8_resource03_e04_t44_u0,heterogeneity_pressure,8,resource,5,0,missile,2.8,0.9999999701976776,2.0,1.9999999403953552,0.0,0.0,2.0,1.9999999403953552,5.960464477539063e-08,5.21540641784668e-08,5.21540641784668e-08,2.799999871850014,2.79999981969595,0.0,0.0,0.0,0.0,0.0,0.0,0.0,,17.99999964237213,30
heterogeneity_pressure_seed8_resource03_e04_t44_u0,heterogeneity_pressure,8,resource,6,0,missile,2.8,0.9999999701976776,1.0,0.5185560584068298,1.0,0.5185560584068298,0.0,0.0,0.48144394159317017,1.3480430364608764,1.3480430364608764,2.799999916553497,1.451956880092621,6.661338147750939e-16,0.0,0.0,0.0,0.0,0.0,0.0,0.9999999701976776,7.03711199760437,12
heterogeneity_pressure_seed8_resource03_e04_t44_u0,heterogeneity_pressure,8,resource,7,0,missile,2.8,0.4814439117908478,3.0,1.4443317353725433,1.0,0.4814439117908478,2.0,0.9628878235816956,1.5556682646274567,2.3594302013516426,2.3594302013516426,2.799999871850014,0.4405696704983706,-8.881784197001252e-16,0.0,0.0,0.0,0.0,0.0,0.0,,10.851551234722137,17
heterogeneity_pressure_seed8_resource03_e04_t44_u0,heterogeneity_pressure,8,resource,8,0,missile,2.8,0.9999999701976776,0.0,1.0371121168136597,0.0,0.5185560584068298,0.0,0.5185560584068298,-1.0371121168136597,-2.2297910511493684,-2.2297910511493684,2.799999871850014,5.029790922999382,0.0,0.0,0.0,0.0,0.0,0.0,0.0,,10.14844834804535,18
heterogeneity_pressure_seed8_resource03_e04_t44_u0,heterogeneity_pressure,8,resource,9,0,missile,2.8,0.9999999701976776,4.0,3.9999998807907104,1.0,0.9999999701976776,3.0,2.999999910593033,1.1920928955078125e-07,1.803040499126496e-07,1.803040499126496e-07,2.799999916553497,2.7999997362494478,8.881784197001252e-16,0.0,0.0,0.0,0.0,0.0,0.0,,14.999999701976776,25
heterogeneity_pressure_seed8_resource03_e04_t44_u0,heterogeneity_pressure,8,resource,10,0,missile,2.8,0.9999999701976776,1.0,1.9999999403953552,1.0,0.9999999701976776,0.0,0.9999999701976776,-0.9999999403953552,-0.24999990910291636,-0.24999990910291636,2.799999871850014,3.0499997809529296,-8.881784197001252e-16,0.0,0.0,0.0,0.0,0.0,0.0,0.9999999701976776,9.999999761581421,18
heterogeneity_pressure_seed8_resource03_e04_t44_u0,heterogeneity_pressure,8,resource,11,0,missile,2.8,0.9999999701976776,1.0,0.9999999701976776,1.0,0.9999999701976776,0.0,0.0,2.9802322387695312e-08,8.344650304081824e-08,8.344650304081824e-08,2.549999871850014,2.54999978840351,-8.881784197001252e-16,0.0,0.0,0.0,0.0,0.0,0.0,,8.999999821186066,15
heterogeneity_pressure_seed8_resource03_e04_t44_u0,heterogeneity_pressure,8,resource,12,0,missile,2.8,0.9999999701976776,5.0,4.999999850988388,1.0,0.9999999701976776,4.0,3.9999998807907104,1.4901161193847656e-07,2.2500753349419256e-07,2.2500753349419256e-07,2.6703608945012087,2.670360669493676,8.881784197001252e-16,0.0,0.0,0.0,0.0,0.0,0.0,,17.99999964237213,30
heterogeneity_pressure_seed8_resource03_e04_t44_u0,heterogeneity_pressure,8,resource,13,0,missile,2.8,0.9999999701976776,1.0,2.999999910593033,1.0,1.9999999403953552,0.0,0.9999999701976776,-1.9999999105930328,-4.29999978840351,-4.29999978840351,2.549999871850014,6.849999660253524,0.0,0.0,0.0,0.0,0.0,0.0,0.0,0.9999999701976776,13.999999642372131,26
heterogeneity_pressure_seed8_resource03_e04_t44_u0,heterogeneity_pressure,8,resource,14,0,missile,2.8,0.9999999701976776,0.0,0.5185560584068298,0.0,0.0,0.0,0.5185560584068298,-0.5185560584068298,-0.7778340876102448,-0.7778340876102448,2.799999871850014,3.577833959460259,0.0,0.0,0.0,0.0,0.0,0.0,0.0,,7.03711199760437,12
heterogeneity_pressure_seed8_resource03_e04_t44_u0,heterogeneity_pressure,8,resource,15,0,missile,2.8,0.9999999701976776,1.0,0.9999999701976776,1.0,0.0,0.0,0.9999999701976776,2.9802322387695312e-08,1.3000000447034834,1.3000000447034834,2.6703608945012087,1.3703608497977262,8.881784197001252e-16,0.0,0.0,0.0,0.0,0.0,0.0,,5.9999998807907104,10
heterogeneity_pressure_seed8_resource03_e04_t44_u0,heterogeneity_pressure,8,resource,16,0,missile,2.8,0.9999999701976776,4.0,0.9999999701976776,2.0,0.0,2.0,0.9999999701976776,3.0000000298023224,8.35000000745058,8.35000000745058,2.799999916553497,-5.5500000908970835,0.0,0.0,0.0,0.0,0.0,0.0,0.0,1.9999999403953552,9.99999988079071,14
heterogeneity_pressure_seed8_resource03_e04_t44_u0,heterogeneity_pressure,8,resource,17,0,missile,2.8,0.9999999701976776,1.0,0.5185560584068298,1.0,0.0,0.0,0.5185560584068298,0.48144394159317017,2.6703609853982924,2.6703609853982924,2.799999916553497,0.12963893115520442,0.0,0.0,0.0,0.0,0.0,0.0,0.0,0.9999999701976776,7.03711199760437,12
heterogeneity_pressure_seed8_resource03_e04_t44_u0,heterogeneity_pressure,8,resource,18,0,missile,2.8,0.9999999701976776,1.0,0.9999999701976776,1.0,0.0,0.0,0.9999999701976776,2.9802322387695312e-08,1.3000000447034834,1.3000000447034834,2.6703608945012087,1.3703608497977262,8.881784197001252e-16,0.0,0.0,0.0,0.0,0.0,0.0,,5.9999998807907104,10
heterogeneity_pressure_seed8_resource03_e04_t44_u0,heterogeneity_pressure,8,resource,19,0,missile,2.8,0.5185560584068298,1.0,0.5185560584068298,1.0,0.0,0.0,0.5185560584068298,0.48144394159317017,2.022165912389755,2.022165912389755,2.6703608945012087,0.6481949821114541,4.440892098500626e-16,0.0,0.0,0.0,0.0,0.0,0.0,,5.037112057209015,8
heterogeneity_pressure_seed8_resource03_e04_t44_u0,heterogeneity_pressure,8,resource,20,0,missile,2.8,0.0,3.0,0.0,2.0,0.0,1.0,0.0,3.0,5.85,5.85,2.799999871850014,-3.0500001281499856,0.0,0.0,0.0,0.0,0.0,0.0,0.0,1.9999999403953552,6.999999940395355,9
heterogeneity_pressure_seed8_resource03_e04_t44_u0,heterogeneity_pressure,8,resource,21,0,missile,2.8,0.9999999701976776,2.0,1.5185560286045074,1.0,0.5185560584068298,1.0,0.9999999701976776,0.48144397139549255,0.6998479709029195,0.6998479709029195,2.799999916553497,2.1001519456505777,4.440892098500626e-16,0.0,0.0,0.0,0.0,0.0,0.0,0.9999999701976776,10.14844834804535,18
heterogeneity_pressure_seed8_resource03_e04_t44_u0,heterogeneity_pressure,8,resource,22,0,missile,2.8,0.0,2.0,0.0,1.0,0.0,1.0,0.0,2.0,4.3,4.3,2.799999871850014,-1.5000001281499857,0.0,0.0,0.0,0.0,0.0,0.0,0.0,1.9999999403953552,7.999999940395355,10
heterogeneity_pressure_seed8_resource03_e04_t44_u0,heterogeneity_pressure,8,resource,23,0,missile,2.8,0.9999999701976776,2.0,1.4814438819885254,0.0,0.0,2.0,1.4814438819885254,0.5185561180114746,0.12963906675577164,0.12963906675577164,2.799999916553497,2.670360849797726,8.881784197001252e-16,0.0,0.0,0.0,0.0,0.0,0.0,,5.9999998807907104,10
heterogeneity_pressure_seed8_resource03_e04_t44_u0,heterogeneity_pressure,8,resource,24,0,missile,2.8,0.9999999701976776,3.0,2.481443852186203,1.0,0.9999999701976776,2.0,1.4814438819885254,0.518556147813797,1.3796391129493717,1.3796391129493717,2.799999916553497,1.420360803604125,0.0,0.0,0.0,0.0,0.0,0.0,0.0,,17.99999964237213,30
heterogeneity_pressure_seed8_resource03_e04_t44_u0,heterogeneity_pressure,8,resource,25,0,missile,2.8,0.9999999701976776,5.0,3.9999998807907104,2.0,0.9999999701976776,3.0,2.999999910593033,1.0000001192092896,2.8000001430511468,2.8000001430511468,2.6703608945012087,-0.1296392485499389,-8.881784197001252e-16,0.0,0.0,0.0,0.0,0.0,0.0,1.9999999403953552,17.99999964237213,30
heterogeneity_pressure_seed8_resource03_e04_t44_u0,heterogeneity_pressure,8,resource,26,0,missile,2.8,0.9999999701976776,4.0,1.5556681752204895,2.0,1.0371121168136597,2.0,0.5185560584068298,2.4443318247795105,3.668251985311508,3.668251985311508,2.799999916553497,-0.8682520687580118,-4.440892098500626e-16,0.0,0.0,0.0,0.0,0.0,0.0,0.9999999701976776,14.14844834804535,22
heterogeneity_pressure_seed8_resource03_e04_t44_u0,heterogeneity_pressure,8,resource,27,0,missile,2.8,0.0,2.0,0.0,1.0,0.0,1.0,0.0,2.0,4.3,4.3,2.799999871850014,-1.5000001281499857,0.0,0.0,0.0,0.0,0.0,0.0,0.0,1.9999999403953552,5.999999940395355,8
heterogeneity_pressure_seed8_resource03_e04_t44_u0,heterogeneity_pressure,8,resource,28,0,missile,2.8,0.9999999701976776,1.0,0.9999999701976776,0.0,0.5185560584068298,1.0,0.4814439117908478,2.9802322387695312e-08,-1.3223179414868353,-1.3223179414868353,2.799999916553497,4.122317858040333,8.881784197001252e-16,0.0,0.0,0.0,0.0,0.0,0.0,,7.03711199760437,12
heterogeneity_pressure_seed8_resource03_e04_t44_u0,heterogeneity_pressure,8,resource,29,0,missile,2.8,0.4814439117908478,4.0,0.0,2.0,0.0,2.0,0.0,4.0,7.35,7.35,2.799999871850014,-4.550000128149986,0.0,0.0,0.0,0.0,0.0,0.0,0.0,0.9999999701976776,7.962887763977051,11
heterogeneity_pressure_seed8_resource03_e04_t44_u0,heterogeneity_pressure,8,resource,30,0,missile,2.8,0.9999999701976776,1.0,0.9999999701976776,0.0,0.0,1.0,0.9999999701976776,2.9802322387695312e-08,4.470348358154297e-08,4.470348358154297e-08,2.6703608945012087,2.670360849797726,8.881784197001252e-16,0.0,0.0,0.0,0.0,0.0,0.0,,5.9999998807907104,10
heterogeneity_pressure_seed8_resource03_e04_t44_u0,heterogeneity_pressure,8,resource,31,0,missile,2.8,0.9999999701976776,2.0,1.5185560286045074,1.0,0.5185560584068298,1.0,0.9999999701976776,0.48144397139549255,1.348043043911457,1.348043043911457,2.799999916553497,1.4519568726420404,6.661338147750939e-16,0.0,0.0,0.0,0.0,0.0,0.0,,8.03711199760437,13
heterogeneity_pressure_seed8_resource04_e10_t47_u0,heterogeneity_pressure,8,resource,0,0,missile,2.8,0.0,1.0,0.0,1.0,0.0,0.0,0.0,1.0,2.8,2.8,2.8000001281499856,1.281499857341828e-07,0.0,0.0,0.0,0.0,0.0,0.0,0.0,1.0000000298023224,4.000000059604645,6
heterogeneity_pressure_seed8_resource04_e10_t47_u0,heterogeneity_pressure,8,resource,1,0,missile,2.8,1.0000000298023224,1.0,1.0000000298023224,0.0,0.0,1.0,1.0000000298023224,-2.9802322387695312e-08,-4.470348358154297e-08,-4.470348358154297e-08,2.8000001281499856,2.800000172853469,0.0,0.0,0.0,0.0,0.0,0.0,0.0,,9.000000178813934,15
heterogeneity_pressure_seed8_resource04_e10_t47_u0,heterogeneity_pressure,8,resource,2,0,missile,2.8,0.49071183800697327,3.0,0.9814236760139465,1.0,0.0,2.0,0.9814236760139465,2.0185763239860535,3.6912542834877966,3.6912542834877966,2.800000090897083,-0.8912541925907136,0.0,0.0,0.0,0.0,0.0,0.0,0.0,1.0000000298023224,6.962847411632538,11
heterogeneity_pressure_seed8_resource04_e10_t47_u0,heterogeneity_pressure,8,resource,3,0,missile,2.8,1.0000000298023224,1.0,1.0000000298023224,1.0,1.0000000298023224,0.0,0.0,-2.9802322387695312e-08,-8.344650259672903e-08,-8.344650259672903e-08,2.5500001281499856,2.5500002115964886,4.440892098500626e-16,0.0,0.0,0.0,0.0,0.0,0.0,,9.000000178813934,15
heterogeneity_pressure_seed8_resource04_e10_t47_u0,heterogeneity_pressure,8,resource,4,0,missile,2.8,1.0000000298023224,1.0,1.0000000298023224,1.0,1.0000000298023224,0.0,0.0,-2.9802322387695312e-08,-8.344650259672903e-08,-8.344650259672903e-08,2.8000000834465024,2.800000166893005,0.0,0.0,0.0,0.0,0.0,0.0,0.0,,9.000000178813934,15
heterogeneity_pressure_seed8_resource04_e10_t47_u0,heterogeneity_pressure,8,resource,5,0,missile,2.8,1.0000000298023224,2.0,1.0000000298023224,1.0,1.0000000298023224,1.0,0.0,0.9999999701976776,1.4999999165534974,1.4999999165534974,2.8000001281499856,1.3000002115964886,4.440892098500626e-16,0.0,0.0,0.0,0.0,0.0,0.0,2.0000000596046448,9.000000178813934,15
heterogeneity_pressure_seed8_resource04_e10_t47_u0,heterogeneity_pressure,8,resource,6,0,missile,2.8,0.0,1.0,0.0,1.0,0.0,0.0,0.0,1.0,2.8,2.8,2.8000001281499856,1.281499857341828e-07,0.0,0.0,0.0,0.0,0.0,0.0,0.0,1.0000000298023224,4.000000059604645,6
heterogeneity_pressure_seed8_resource04_e10_t47_u0,heterogeneity_pressure,8,resource,7,0,missile,2.8,1.0000000298023224,2.0,2.0000000596046448,1.0,1.0000000298023224,1.0,1.0000000298023224,-5.960464477539063e-08,-9.089708319365286e-08,-9.089708319365286e-08,2.5500001281499856,2.550000219047069,4.440892098500626e-16,0.0,0.0,0.0,0.0,0.0,0.0,,9.000000178813934,15
heterogeneity_pressure_seed8_resource04_e10_t47_u0,heterogeneity_pressure,8,resource,8,0,missile,2.8,1.0000000298023224,2.0,1.0000000298023224,1.0,0.0,1.0,1.0000000298023224,0.9999999701976776,2.7999999552965162,2.7999999552965162,2.8000000834465024,1.281499857341828e-07,-4.440892098500626e-16,0.0,0.0,0.0,0.0,0.0,0.0,1.0000000298023224,6.0000001192092896,10
heterogeneity_pressure_seed8_resource04_e10_t47_u0,heterogeneity_pressure,8,resource,9,0,missile,2.8,1.0000000298023224,2.0,1.5092882215976715,1.0,1.0000000298023224,1.0,0.5092881917953491,0.4907117784023285,0.7360676288604737,0.7360676288604737,2.8000000834465024,2.0639324545860287,0.0,0.0,0.0,0.0,0.0,0.0,0.0,,9.000000178813934,15
heterogeneity_pressure_seed8_resource04_e10_t47_u0,heterogeneity_pressure,8,resource,10,0,missile,2.8,1.0000000298023224,2.0,1.0000000298023224,1.0,1.0000000298023224,1.0,0.0,0.9999999701976776,0.2499999165534974,0.2499999165534974,2.8000001281499856,2.5500002115964886,4.440892098500626e-16,0.0,0.0,0.0,0.0,0.0,0.0,2.0000000596046448,9.000000178813934,15
heterogeneity_pressure_seed8_resource04_e10_t47_u0,heterogeneity_pressure,8,resource,11,0,missile,2.8,1.0000000298023224,2.0,1.0000000298023224,1.0,0.0,1.0,1.0000000298023224,0.9999999701976776,2.7999999552965162,2.7999999552965162,2.8000000834465024,1.281499857341828e-07,-4.440892098500626e-16,0.0,0.0,0.0,0.0,0.0,0.0,1.0000000298023224,8.018576502799988,13
heterogeneity_pressure_seed8_resource04_e10_t47_u0,heterogeneity_pressure,8,resource,12,0,missile,2.8,1.0000000298023224,3.0,2.509288251399994,1.0,1.0000000298023224,2.0,1.5092882215976715,0.4907117486000061,0.7360676214098931,0.7360676214098931,2.800000090897083,2.06393246948719,0.0,0.0,0.0,0.0,0.0,0.0,0.0,,9.000000178813934,15
heterogeneity_pressure_seed8_resource04_e10_t47_u0,heterogeneity_pressure,8,resource,13,0,missile,2.8,1.0000000298023224,1.0,1.0000000298023224,1.0,1.0000000298023224,0.0,0.0,-2.9802322387695312e-08,-8.344650259672903e-08,-8.344650259672903e-08,2.8000001281499856,2.8000002115964886,4.440892098500626e-16,0.0,0.0,0.0,0.0,0.0,0.0,,9.000000178813934,15
heterogeneity_pressure_seed8_resource04_e10_t47_u0,heterogeneity_pressure,8,resource,14,0,missile,2.8,1.0000000298023224,2.0,1.4907118678092957,1.0,1.0000000298023224,1.0,0.49071183800697327,0.5092881321907043,0.1273219570517541,0.1273219570517541,2.8000000834465024,2.6726781263947483,0.0,0.0,0.0,0.0,0.0,0.0,0.0,,9.000000178813934,15
heterogeneity_pressure_seed8_resource04_e10_t47_u0,heterogeneity_pressure,8,resource,15,0,missile,2.8,1.0000000298023224,0.0,0.0,0.0,0.0,0.0,0.0,0.0,0.0,0.0,2.8000000834465024,2.8000000834465024,0.0,0.0,0.0,0.0,0.0,0.0,0.0,,9.000000178813934,15
heterogeneity_pressure_seed8_resource04_e10_t47_u0,heterogeneity_pressure,8,resource,16,0,missile,2.8,1.0000000298023224,2.0,2.0185764133930206,1.0,0.5092881917953491,1.0,1.5092882215976715,-0.01857641339302063,1.2466709703207015,1.2466709703207015,2.8000000834465024,1.553329113125801,0.0,0.0,0.0,0.0,0.0,0.0,0.0,,7.018576502799988,12
heterogeneity_pressure_seed8_resource04_e10_t47_u0,heterogeneity_pressure,8,resource,17,0,missile,2.8,1.0000000298023224,2.0,2.490711897611618,1.0,1.0000000298023224,1.0,1.4907118678092957,-0.49071189761161804,-0.12267808765172905,-0.12267808765172905,2.8000000834465024,2.922678171098232,4.440892098500626e-16,0.0,0.0,0.0,0.0,0.0,0.0,,9.000000178813934,15
heterogeneity_pressure_seed8_resource04_e10_t47_u0,heterogeneity_pressure,8,resource,18,0,missile,2.8,1.0000000298023224,2.0,1.4907118678092957,1.0,0.49071183800697327,1.0,1.0000000298023224,0.5092881321907043,1.4260068461298943,1.4260068461298943,2.8000000834465024,1.3739932373166086,4.440892098500626e-16,0.0,0.0,0.0,0.0,0.0,0.0,,7.981423795223236,13
heterogeneity_pressure_seed8_resource04_e10_t47_u0,heterogeneity_pressure,8,resource,19,0,missile,2.8,0.0,2.0,0.0,1.0,0.0,1.0,0.0,2.0,4.3,4.3,2.8000001281499856,-1.4999998718500143,0.0,0.0,0.0,0.0,0.0,0.0,0.0,1.0000000298023224,5.000000059604645,7
heterogeneity_pressure_seed8_resource04_e10_t47_u0,heterogeneity_pressure,8,resource,20,0,missile,2.8,1.0000000298023224,2.0,2.0000000596046448,1.0,1.0000000298023224,1.0,1.0000000298023224,-5.960464477539063e-08,-9.089708319365286e-08,-9.089708319365286e-08,2.8000001281499856,2.800000219047069,4.440892098500626e-16,0.0,0.0,0.0,0.0,0.0,0.0,1.0000000298023224,8.000000178813934,14
heterogeneity_pressure_seed8_resource04_e10_t47_u0,heterogeneity_pressure,8,resource,21,0,missile,2.8,1.0000000298023224,2.0,1.0000000298023224,1.0,0.0,1.0,1.0000000298023224,0.9999999701976776,2.7999999925494192,2.7999999925494192,2.800000090897083,9.834766379057669e-08,0.0,0.0,0.0,0.0,0.0,0.0,0.0,1.0000000298023224,9.000000178813934,15
heterogeneity_pressure_seed8_resource04_e10_t47_u0,heterogeneity_pressure,8,resource,22,0,missile,2.8,1.0000000298023224,0.0,0.0,0.0,0.0,0.0,0.0,0.0,0.0,0.0,2.8000000834465024,2.8000000834465024,0.0,0.0,0.0,0.0,0.0,0.0,0.0,,9.000000178813934,15
heterogeneity_pressure_seed8_resource04_e10_t47_u0,heterogeneity_pressure,8,resource,23,0,missile,2.8,0.5092881917953491,3.0,0.5092881917953491,1.0,0.0,2.0,0.5092881917953491,2.490711808204651,3.1726779520511625,3.1726779520511625,2.800000090897083,-0.3726778611540795,0.0,0.0,0.0,0.0,0.0,0.0,0.0,1.0000000298023224,6.018576443195343,9
heterogeneity_pressure_seed8_resource04_e10_t47_u0,heterogeneity_pressure,8,resource,24,0,missile,2.8,1.0000000298023224,1.0,1.0000000298023224,0.0,0.0,1.0,1.0000000298023224,-2.9802322387695312e-08,-7.450580596923828e-09,-7.450580596923828e-09,2.5500001281499856,2.550000135600566,0.0,0.0,0.0,0.0,0.0,0.0,0.0,,9.000000178813934,15
heterogeneity_pressure_seed8_resource04_e10_t47_u0,heterogeneity_pressure,8,resource,25,0,missile,2.8,0.5092881917953491,1.0,0.5092881917953491,0.0,0.0,1.0,0.5092881917953491,0.4907118082046509,0.12267795205116272,0.12267795205116272,2.5500001281499856,2.427322176098823,0.0,0.0,0.0,0.0,0.0,0.0,0.0,,7.037152826786041,11
heterogeneity_pressure_seed8_resource04_e10_t47_u0,heterogeneity_pressure,8,resource,26,0,missile,2.8,1.0000000298023224,1.0,1.0000000298023224,1.0,0.0,0.0,1.0000000298023224,-2.9802322387695312e-08,2.5499999925494192,2.5499999925494192,2.8000001281499856,0.25000013560056633,0.0,0.0,0.0,0.0,0.0,0.0,0.0,1.0000000298023224,8.000000178813934,14
heterogeneity_pressure_seed8_resource04_e10_t47_u0,heterogeneity_pressure,8,resource,27,0,missile,2.8,1.0000000298023224,2.0,1.4907118678092957,1.0,0.49071183800697327,1.0,1.0000000298023224,0.5092881321907043,1.4260068088769913,1.4260068088769913,2.8000000834465024,1.3739932745695116,4.440892098500626e-16,0.0,0.0,0.0,0.0,0.0,0.0,,7.981423795223236,13
heterogeneity_pressure_seed8_resource04_e10_t47_u0,heterogeneity_pressure,8,resource,28,0,missile,2.8,1.0000000298023224,2.0,1.5092882215976715,1.0,0.5092881917953491,1.0,1.0000000298023224,0.4907117784023285,1.3739930555224418,1.3739930555224418,2.8000000834465024,1.4260070279240606,0.0,0.0,0.0,0.0,0.0,0.0,0.0,,8.018576502799988,13
heterogeneity_pressure_seed8_resource04_e10_t47_u0,heterogeneity_pressure,8,resource,29,0,missile,2.8,0.0,1.0,0.0,1.0,0.0,0.0,0.0,1.0,2.8,2.8,2.8000001281499856,1.281499857341828e-07,0.0,0.0,0.0,0.0,0.0,0.0,0.0,1.0000000298023224,4.000000059604645,6
heterogeneity_pressure_seed8_resource04_e10_t47_u0,heterogeneity_pressure,8,resource,30,0,missile,2.8,1.0000000298023224,3.0,2.0000000596046448,0.0,0.0,3.0,2.0000000596046448,0.9999999403953552,0.24999994784593582,0.24999994784593582,2.8000000834465024,2.550000135600566,-4.440892098500626e-16,0.0,0.0,0.0,0.0,0.0,0.0,2.0000000596046448,9.000000178813934,15
heterogeneity_pressure_seed8_resource04_e10_t47_u0,heterogeneity_pressure,8,resource,31,0,missile,2.8,1.0000000298023224,2.0,1.0000000298023224,1.0,0.0,1.0,1.0000000298023224,0.9999999701976776,2.7999999925494192,2.7999999925494192,2.800000090897083,9.834766379057669e-08,0.0,0.0,0.0,0.0,0.0,0.0,0.0,1.0000000298023224,6.0000001192092896,10
heterogeneity_pressure_seed8_resource05_e09_t49_u0,heterogeneity_pressure,8,resource,0,0,missile,2.8,0.0,0.0,0.0,0.0,0.0,0.0,0.0,0.0,0.0,0.0,2.8000000908970835,2.8000000908970835,0.0,0.0,0.0,0.0,0.0,0.0,0.0,,3.0000000596046448,5
heterogeneity_pressure_seed8_resource05_e09_t49_u0,heterogeneity_pressure,8,resource,1,0,missile,2.8,0.0,0.0,0.0,0.0,0.0,0.0,0.0,0.0,0.0,0.0,2.8000000908970835,2.8000000908970835,0.0,0.0,0.0,0.0,0.0,0.0,0.0,,3.0000000596046448,5
heterogeneity_pressure_seed8_resource05_e09_t49_u0,heterogeneity_pressure,8,resource,2,0,missile,2.8,0.0,0.0,0.0,0.0,0.0,0.0,0.0,0.0,0.0,0.0,2.800000083446503,2.800000083446503,0.0,0.0,0.0,0.0,0.0,0.0,0.0,,3.0000000596046448,5
heterogeneity_pressure_seed8_resource05_e09_t49_u0,heterogeneity_pressure,8,resource,3,0,missile,2.8,0.0,0.0,0.0,0.0,0.0,0.0,0.0,0.0,0.0,0.0,2.8000001281499856,2.8000001281499856,0.0,0.0,0.0,0.0,0.0,0.0,0.0,,3.0000000596046448,5
heterogeneity_pressure_seed8_resource05_e09_t49_u0,heterogeneity_pressure,8,resource,4,0,missile,2.8,0.0,0.0,0.0,0.0,0.0,0.0,0.0,0.0,0.0,0.0,2.8000001281499856,2.8000001281499856,0.0,0.0,0.0,0.0,0.0,0.0,0.0,,3.0000000596046448,5
heterogeneity_pressure_seed8_resource05_e09_t49_u0,heterogeneity_pressure,8,resource,5,0,missile,2.8,0.0,0.0,0.0,0.0,0.0,0.0,0.0,0.0,0.0,0.0,2.8000001281499856,2.8000001281499856,0.0,0.0,0.0,0.0,0.0,0.0,0.0,,3.0000000596046448,5
heterogeneity_pressure_seed8_resource05_e09_t49_u0,heterogeneity_pressure,8,resource,6,0,missile,2.8,0.0,0.0,0.0,0.0,0.0,0.0,0.0,0.0,0.0,0.0,2.5500001281499856,2.5500001281499856,0.0,0.0,0.0,0.0,0.0,0.0,0.0,,3.0000000596046448,5
heterogeneity_pressure_seed8_resource05_e09_t49_u0,heterogeneity_pressure,8,resource,7,0,missile,2.8,0.0,0.0,0.0,0.0,0.0,0.0,0.0,0.0,0.0,0.0,2.5500001281499856,2.5500001281499856,0.0,0.0,0.0,0.0,0.0,0.0,0.0,,3.0000000596046448,5
heterogeneity_pressure_seed8_resource05_e09_t49_u0,heterogeneity_pressure,8,resource,8,0,missile,2.8,0.0,0.0,0.0,0.0,0.0,0.0,0.0,0.0,0.0,0.0,2.800000083446503,2.800000083446503,0.0,0.0,0.0,0.0,0.0,0.0,0.0,,3.0000000596046448,5
heterogeneity_pressure_seed8_resource05_e09_t49_u0,heterogeneity_pressure,8,resource,9,0,missile,2.8,0.0,0.0,0.0,0.0,0.0,0.0,0.0,0.0,0.0,0.0,2.800000083446503,2.800000083446503,0.0,0.0,0.0,0.0,0.0,0.0,0.0,,3.0000000596046448,5
heterogeneity_pressure_seed8_resource05_e09_t49_u0,heterogeneity_pressure,8,resource,10,0,missile,2.8,0.0,0.0,0.0,0.0,0.0,0.0,0.0,0.0,0.0,0.0,2.800000083446503,2.800000083446503,0.0,0.0,0.0,0.0,0.0,0.0,0.0,,3.0000000596046448,5
heterogeneity_pressure_seed8_resource05_e09_t49_u0,heterogeneity_pressure,8,resource,11,0,missile,2.8,0.0,0.0,0.0,0.0,0.0,0.0,0.0,0.0,0.0,0.0,2.5500001281499856,2.5500001281499856,0.0,0.0,0.0,0.0,0.0,0.0,0.0,,3.0000000596046448,5
heterogeneity_pressure_seed8_resource05_e09_t49_u0,heterogeneity_pressure,8,resource,12,0,missile,2.8,0.0,0.0,0.0,0.0,0.0,0.0,0.0,0.0,0.0,0.0,2.8000000908970835,2.8000000908970835,0.0,0.0,0.0,0.0,0.0,0.0,0.0,,3.0000000596046448,5
heterogeneity_pressure_seed8_resource05_e09_t49_u0,heterogeneity_pressure,8,resource,13,0,missile,2.8,0.0,0.0,0.0,0.0,0.0,0.0,0.0,0.0,0.0,0.0,2.8000001281499856,2.8000001281499856,0.0,0.0,0.0,0.0,0.0,0.0,0.0,,3.0000000596046448,5
heterogeneity_pressure_seed8_resource05_e09_t49_u0,heterogeneity_pressure,8,resource,14,0,missile,2.8,0.0,0.0,0.0,0.0,0.0,0.0,0.0,0.0,0.0,0.0,2.5500001281499856,2.5500001281499856,0.0,0.0,0.0,0.0,0.0,0.0,0.0,,3.0000000596046448,5
heterogeneity_pressure_seed8_resource05_e09_t49_u0,heterogeneity_pressure,8,resource,15,0,missile,2.8,0.0,0.0,0.0,0.0,0.0,0.0,0.0,0.0,0.0,0.0,2.8000000908970835,2.8000000908970835,0.0,0.0,0.0,0.0,0.0,0.0,0.0,,3.0000000596046448,5
heterogeneity_pressure_seed8_resource05_e09_t49_u0,heterogeneity_pressure,8,resource,16,0,missile,2.8,0.0,0.0,0.0,0.0,0.0,0.0,0.0,0.0,0.0,0.0,2.5500001281499856,2.5500001281499856,0.0,0.0,0.0,0.0,0.0,0.0,0.0,,3.0000000596046448,5
heterogeneity_pressure_seed8_resource05_e09_t49_u0,heterogeneity_pressure,8,resource,17,0,missile,2.8,0.0,0.0,0.0,0.0,0.0,0.0,0.0,0.0,0.0,0.0,2.8000000908970835,2.8000000908970835,0.0,0.0,0.0,0.0,0.0,0.0,0.0,,3.0000000596046448,5
heterogeneity_pressure_seed8_resource05_e09_t49_u0,heterogeneity_pressure,8,resource,18,0,missile,2.8,0.0,0.0,0.0,0.0,0.0,0.0,0.0,0.0,0.0,0.0,2.8000001281499856,2.8000001281499856,0.0,0.0,0.0,0.0,0.0,0.0,0.0,,3.0000000596046448,5
heterogeneity_pressure_seed8_resource05_e09_t49_u0,heterogeneity_pressure,8,resource,19,0,missile,2.8,0.0,0.0,0.0,0.0,0.0,0.0,0.0,0.0,0.0,0.0,2.8000000908970835,2.8000000908970835,0.0,0.0,0.0,0.0,0.0,0.0,0.0,,3.0000000596046448,5
heterogeneity_pressure_seed8_resource05_e09_t49_u0,heterogeneity_pressure,8,resource,20,0,missile,2.8,0.0,0.0,0.0,0.0,0.0,0.0,0.0,0.0,0.0,0.0,2.8000000908970835,2.8000000908970835,0.0,0.0,0.0,0.0,0.0,0.0,0.0,,3.0000000596046448,5
heterogeneity_pressure_seed8_resource05_e09_t49_u0,heterogeneity_pressure,8,resource,21,0,missile,2.8,0.0,0.0,0.0,0.0,0.0,0.0,0.0,0.0,0.0,0.0,2.800000083446503,2.800000083446503,0.0,0.0,0.0,0.0,0.0,0.0,0.0,,3.0000000596046448,5
heterogeneity_pressure_seed8_resource05_e09_t49_u0,heterogeneity_pressure,8,resource,22,0,missile,2.8,0.0,0.0,0.0,0.0,0.0,0.0,0.0,0.0,0.0,0.0,2.800000083446503,2.800000083446503,0.0,0.0,0.0,0.0,0.0,0.0,0.0,,3.0000000596046448,5
heterogeneity_pressure_seed8_resource05_e09_t49_u0,heterogeneity_pressure,8,resource,23,0,missile,2.8,0.0,0.0,0.0,0.0,0.0,0.0,0.0,0.0,0.0,0.0,2.800000083446503,2.800000083446503,0.0,0.0,0.0,0.0,0.0,0.0,0.0,,3.0000000596046448,5
heterogeneity_pressure_seed8_resource05_e09_t49_u0,heterogeneity_pressure,8,resource,24,0,missile,2.8,0.0,0.0,0.0,0.0,0.0,0.0,0.0,0.0,0.0,0.0,2.8000001281499856,2.8000001281499856,0.0,0.0,0.0,0.0,0.0,0.0,0.0,,3.0000000596046448,5
heterogeneity_pressure_seed8_resource05_e09_t49_u0,heterogeneity_pressure,8,resource,25,0,missile,2.8,0.0,0.0,0.0,0.0,0.0,0.0,0.0,0.0,0.0,0.0,2.800000083446503,2.800000083446503,0.0,0.0,0.0,0.0,0.0,0.0,0.0,,3.0000000596046448,5
heterogeneity_pressure_seed8_resource05_e09_t49_u0,heterogeneity_pressure,8,resource,26,0,missile,2.8,0.0,0.0,0.0,0.0,0.0,0.0,0.0,0.0,0.0,0.0,2.8000001281499856,2.8000001281499856,0.0,0.0,0.0,0.0,0.0,0.0,0.0,,3.0000000596046448,5
heterogeneity_pressure_seed8_resource05_e09_t49_u0,heterogeneity_pressure,8,resource,27,0,missile,2.8,0.0,0.0,0.0,0.0,0.0,0.0,0.0,0.0,0.0,0.0,2.8000001281499856,2.8000001281499856,0.0,0.0,0.0,0.0,0.0,0.0,0.0,,3.0000000596046448,5
heterogeneity_pressure_seed8_resource05_e09_t49_u0,heterogeneity_pressure,8,resource,28,0,missile,2.8,0.0,0.0,0.0,0.0,0.0,0.0,0.0,0.0,0.0,0.0,2.8000000908970835,2.8000000908970835,0.0,0.0,0.0,0.0,0.0,0.0,0.0,,3.0000000596046448,5
heterogeneity_pressure_seed8_resource05_e09_t49_u0,heterogeneity_pressure,8,resource,29,0,missile,2.8,0.0,0.0,0.0,0.0,0.0,0.0,0.0,0.0,0.0,0.0,2.8000001281499856,2.8000001281499856,0.0,0.0,0.0,0.0,0.0,0.0,0.0,,3.0000000596046448,5
heterogeneity_pressure_seed8_resource05_e09_t49_u0,heterogeneity_pressure,8,resource,30,0,missile,2.8,0.0,0.0,0.0,0.0,0.0,0.0,0.0,0.0,0.0,0.0,2.8000000908970835,2.8000000908970835,0.0,0.0,0.0,0.0,0.0,0.0,0.0,,3.0000000596046448,5
heterogeneity_pressure_seed8_resource05_e09_t49_u0,heterogeneity_pressure,8,resource,31,0,missile,2.8,0.0,0.0,0.0,0.0,0.0,0.0,0.0,0.0,0.0,0.0,2.800000083446503,2.800000083446503,0.0,0.0,0.0,0.0,0.0,0.0,0.0,,3.0000000596046448,5
heterogeneity_pressure_seed9_safety00_e02_t45_u2,heterogeneity_pressure,9,safety,0,2,laser,0.25,0.0,0.0,0.0,0.0,0.0,0.0,0.0,0.0,0.0,0.0,0.25,0.25,0.0,0.0,0.0,0.0,0.0,0.0,0.0,,3.0,3
heterogeneity_pressure_seed9_safety00_e02_t45_u2,heterogeneity_pressure,9,safety,1,2,laser,0.25,0.0,0.0,0.0,0.0,0.0,0.0,0.0,0.0,0.0,0.0,0.25,0.25,0.0,0.0,0.0,0.0,0.0,0.0,0.0,,3.0,3
heterogeneity_pressure_seed9_safety00_e02_t45_u2,heterogeneity_pressure,9,safety,2,2,laser,0.25,0.0,0.0,0.0,0.0,0.0,0.0,0.0,0.0,0.0,0.0,0.25,0.25,0.0,0.0,0.0,0.0,0.0,0.0,0.0,,3.0,3
heterogeneity_pressure_seed9_safety00_e02_t45_u2,heterogeneity_pressure,9,safety,3,2,laser,0.25,0.0,0.0,0.0,0.0,0.0,0.0,0.0,0.0,0.0,0.0,0.25,0.25,0.0,0.0,0.0,0.0,0.0,0.0,0.0,,3.0,3
heterogeneity_pressure_seed9_safety00_e02_t45_u2,heterogeneity_pressure,9,safety,4,2,laser,0.25,0.0,0.0,0.0,0.0,0.0,0.0,0.0,0.0,0.0,0.0,0.25,0.25,0.0,0.0,0.0,0.0,0.0,0.0,0.0,,3.0,3
heterogeneity_pressure_seed9_safety00_e02_t45_u2,heterogeneity_pressure,9,safety,5,2,laser,0.25,0.0,0.0,0.0,0.0,0.0,0.0,0.0,0.0,0.0,0.0,0.25,0.25,0.0,0.0,0.0,0.0,0.0,0.0,0.0,,3.0,3
heterogeneity_pressure_seed9_safety00_e02_t45_u2,heterogeneity_pressure,9,safety,6,2,laser,0.25,0.0,0.0,0.0,0.0,0.0,0.0,0.0,0.0,0.0,0.0,0.25,0.25,0.0,0.0,0.0,0.0,0.0,0.0,0.0,,3.0,3
heterogeneity_pressure_seed9_safety00_e02_t45_u2,heterogeneity_pressure,9,safety,7,2,laser,0.25,0.0,0.0,0.0,0.0,0.0,0.0,0.0,0.0,0.0,0.0,0.25,0.25,0.0,0.0,0.0,0.0,0.0,0.0,0.0,,3.0,3
heterogeneity_pressure_seed9_safety00_e02_t45_u2,heterogeneity_pressure,9,safety,8,2,laser,0.25,0.0,0.0,0.0,0.0,0.0,0.0,0.0,0.0,0.0,0.0,0.25,0.25,0.0,0.0,0.0,0.0,0.0,0.0,0.0,,3.0,3
heterogeneity_pressure_seed9_safety00_e02_t45_u2,heterogeneity_pressure,9,safety,9,2,laser,0.25,0.0,0.0,0.0,0.0,0.0,0.0,0.0,0.0,0.0,0.0,0.25,0.25,0.0,0.0,0.0,0.0,0.0,0.0,0.0,,3.0,3
heterogeneity_pressure_seed9_safety00_e02_t45_u2,heterogeneity_pressure,9,safety,10,2,laser,0.25,0.0,0.0,0.0,0.0,0.0,0.0,0.0,0.0,0.0,0.0,0.25,0.25,0.0,0.0,0.0,0.0,0.0,0.0,0.0,,3.0,3
heterogeneity_pressure_seed9_safety00_e02_t45_u2,heterogeneity_pressure,9,safety,11,2,laser,0.25,0.0,0.0,0.0,0.0,0.0,0.0,0.0,0.0,0.0,0.0,0.25,0.25,0.0,0.0,0.0,0.0,0.0,0.0,0.0,,3.0,3
heterogeneity_pressure_seed9_safety00_e02_t45_u2,heterogeneity_pressure,9,safety,12,2,laser,0.25,0.0,0.0,0.0,0.0,0.0,0.0,0.0,0.0,0.0,0.0,0.25,0.25,0.0,0.0,0.0,0.0,0.0,0.0,0.0,,3.0,3
heterogeneity_pressure_seed9_safety00_e02_t45_u2,heterogeneity_pressure,9,safety,13,2,laser,0.25,0.0,0.0,0.0,0.0,0.0,0.0,0.0,0.0,0.0,0.0,0.25,0.25,0.0,0.0,0.0,0.0,0.0,0.0,0.0,,3.0,3
heterogeneity_pressure_seed9_safety00_e02_t45_u2,heterogeneity_pressure,9,safety,14,2,laser,0.25,0.0,0.0,0.0,0.0,0.0,0.0,0.0,0.0,0.0,0.0,0.25,0.25,0.0,0.0,0.0,0.0,0.0,0.0,0.0,,3.0,3
heterogeneity_pressure_seed9_safety00_e02_t45_u2,heterogeneity_pressure,9,safety,15,2,laser,0.25,0.0,0.0,0.0,0.0,0.0,0.0,0.0,0.0,0.0,0.0,0.25,0.25,0.0,0.0,0.0,0.0,0.0,0.0,0.0,,3.0,3
heterogeneity_pressure_seed9_safety00_e02_t45_u2,heterogeneity_pressure,9,safety,16,2,laser,0.25,0.0,0.0,0.0,0.0,0.0,0.0,0.0,0.0,0.0,0.0,0.25,0.25,0.0,0.0,0.0,0.0,0.0,0.0,0.0,,3.0,3
heterogeneity_pressure_seed9_safety00_e02_t45_u2,heterogeneity_pressure,9,safety,17,2,laser,0.25,0.0,0.0,0.0,0.0,0.0,0.0,0.0,0.0,0.0,0.0,0.25,0.25,0.0,0.0,0.0,0.0,0.0,0.0,0.0,,3.0,3
heterogeneity_pressure_seed9_safety00_e02_t45_u2,heterogeneity_pressure,9,safety,18,2,laser,0.25,0.0,0.0,0.0,0.0,0.0,0.0,0.0,0.0,0.0,0.0,0.25,0.25,0.0,0.0,0.0,0.0,0.0,0.0,0.0,,3.0,3
heterogeneity_pressure_seed9_safety00_e02_t45_u2,heterogeneity_pressure,9,safety,19,2,laser,0.25,0.0,0.0,0.0,0.0,0.0,0.0,0.0,0.0,0.0,0.0,0.25,0.25,0.0,0.0,0.0,0.0,0.0,0.0,0.0,,3.0,3
heterogeneity_pressure_seed9_safety00_e02_t45_u2,heterogeneity_pressure,9,safety,20,2,laser,0.25,0.0,0.0,0.0,0.0,0.0,0.0,0.0,0.0,0.0,0.0,0.25,0.25,0.0,0.0,0.0,0.0,0.0,0.0,0.0,,3.0,3
heterogeneity_pressure_seed9_safety00_e02_t45_u2,heterogeneity_pressure,9,safety,21,2,laser,0.25,0.0,0.0,0.0,0.0,0.0,0.0,0.0,0.0,0.0,0.0,0.25,0.25,0.0,0.0,0.0,0.0,0.0,0.0,0.0,,3.0,3
heterogeneity_pressure_seed9_safety00_e02_t45_u2,heterogeneity_pressure,9,safety,22,2,laser,0.25,0.0,0.0,0.0,0.0,0.0,0.0,0.0,0.0,0.0,0.0,0.25,0.25,0.0,0.0,0.0,0.0,0.0,0.0,0.0,,3.0,3
heterogeneity_pressure_seed9_safety00_e02_t45_u2,heterogeneity_pressure,9,safety,23,2,laser,0.25,0.0,0.0,0.0,0.0,0.0,0.0,0.0,0.0,0.0,0.0,0.25,0.25,0.0,0.0,0.0,0.0,0.0,0.0,0.0,,3.0,3
heterogeneity_pressure_seed9_safety00_e02_t45_u2,heterogeneity_pressure,9,safety,24,2,laser,0.25,0.0,0.0,0.0,0.0,0.0,0.0,0.0,0.0,0.0,0.0,0.25,0.25,0.0,0.0,0.0,0.0,0.0,0.0,0.0,,3.0,3
heterogeneity_pressure_seed9_safety00_e02_t45_u2,heterogeneity_pressure,9,safety,25,2,laser,0.25,0.0,0.0,0.0,0.0,0.0,0.0,0.0,0.0,0.0,0.0,0.25,0.25,0.0,0.0,0.0,0.0,0.0,0.0,0.0,,3.0,3
heterogeneity_pressure_seed9_safety00_e02_t45_u2,heterogeneity_pressure,9,safety,26,2,laser,0.25,0.0,0.0,0.0,0.0,0.0,0.0,0.0,0.0,0.0,0.0,0.25,0.25,0.0,0.0,0.0,0.0,0.0,0.0,0.0,,3.0,3
heterogeneity_pressure_seed9_safety00_e02_t45_u2,heterogeneity_pressure,9,safety,27,2,laser,0.25,0.0,0.0,0.0,0.0,0.0,0.0,0.0,0.0,0.0,0.0,0.25,0.25,0.0,0.0,0.0,0.0,0.0,0.0,0.0,,3.0,3
heterogeneity_pressure_seed9_safety00_e02_t45_u2,heterogeneity_pressure,9,safety,28,2,laser,0.25,0.0,0.0,0.0,0.0,0.0,0.0,0.0,0.0,0.0,0.0,0.25,0.25,0.0,0.0,0.0,0.0,0.0,0.0,0.0,,3.0,3
heterogeneity_pressure_seed9_safety00_e02_t45_u2,heterogeneity_pressure,9,safety,29,2,laser,0.25,0.0,0.0,0.0,0.0,0.0,0.0,0.0,0.0,0.0,0.0,0.25,0.25,0.0,0.0,0.0,0.0,0.0,0.0,0.0,,3.0,3
heterogeneity_pressure_seed9_safety00_e02_t45_u2,heterogeneity_pressure,9,safety,30,2,laser,0.25,0.0,0.0,0.0,0.0,0.0,0.0,0.0,0.0,0.0,0.0,0.25,0.25,0.0,0.0,0.0,0.0,0.0,0.0,0.0,,3.0,3
heterogeneity_pressure_seed9_safety00_e02_t45_u2,heterogeneity_pressure,9,safety,31,2,laser,0.25,0.0,0.0,0.0,0.0,0.0,0.0,0.0,0.0,0.0,0.0,0.25,0.25,0.0,0.0,0.0,0.0,0.0,0.0,0.0,,3.0,3
heterogeneity_pressure_seed9_safety01_e00_t26_u2,heterogeneity_pressure,9,safety,0,2,laser,0.25,1.0,1.0,0.0,1.0,0.0,0.0,0.0,1.0,0.25,0.25,0.25,0.0,0.0,1.0,1.0,1.0,0.0,0.44909439107175964,0.0,1.0,20.0,38
heterogeneity_pressure_seed9_safety01_e00_t26_u2,heterogeneity_pressure,9,safety,1,2,laser,0.25,1.0,1.0,0.0,1.0,0.0,0.0,0.0,1.0,0.25,0.25,0.25,0.0,0.0,1.0,1.0,1.0,0.0,0.0,0.0,1.0,48.0,80
heterogeneity_pressure_seed9_safety01_e00_t26_u2,heterogeneity_pressure,9,safety,2,2,laser,0.25,0.5003175735473633,1.0,0.0,1.0,0.0,0.0,0.0,1.0,0.25,0.25,0.25,0.0,0.0,0.5003175735473633,0.5003175735473633,0.5003175735473633,0.0,0.0,0.0,1.0,33.0095272064209,50
heterogeneity_pressure_seed9_safety01_e00_t26_u2,heterogeneity_pressure,9,safety,3,2,laser,0.25,1.0,1.0,0.0,1.0,0.0,0.0,0.0,1.0,0.25,0.25,0.25,0.0,0.0,1.0,1.0,1.0,0.0,0.44909439107175964,0.0,1.0,20.0,38
heterogeneity_pressure_seed9_safety01_e00_t26_u2,heterogeneity_pressure,9,safety,4,2,laser,0.25,1.0,1.0,0.0,1.0,0.0,0.0,0.0,1.0,0.25,0.25,0.25,0.0,0.0,1.0,1.0,2.0,0.0,0.0,0.0,2.0,48.0,80
heterogeneity_pressure_seed9_safety01_e00_t26_u2,heterogeneity_pressure,9,safety,5,2,laser,0.25,0.5003175735473633,1.0,0.0,1.0,0.0,0.0,0.0,1.0,0.25,0.25,0.25,0.0,0.0,0.5003175735473633,0.5003175735473633,0.5003175735473633,0.0,0.22468981603475335,0.0,1.0,12.005081176757812,22
heterogeneity_pressure_seed9_safety01_e00_t26_u2,heterogeneity_pressure,9,safety,6,2,laser,0.25,1.0,1.0,0.0,1.0,0.0,0.0,0.0,1.0,0.25,0.25,0.25,0.0,0.0,1.0,1.0,1.0,0.0,0.0,0.0,1.0,48.0,80
heterogeneity_pressure_seed9_safety01_e00_t26_u2,heterogeneity_pressure,9,safety,7,2,laser,0.25,1.0,1.0,0.0,1.0,0.0,0.0,0.0,1.0,0.25,0.25,0.25,0.0,0.0,1.0,1.0,1.0,0.0,0.0,0.0,1.0,48.0,80
heterogeneity_pressure_seed9_safety01_e00_t26_u2,heterogeneity_pressure,9,safety,8,2,laser,0.25,1.0,1.0,0.0,1.0,0.0,0.0,0.0,1.0,0.25,0.25,0.25,0.0,0.0,1.0,1.0,2.0,0.0,0.0,0.0,2.0,48.0,80
heterogeneity_pressure_seed9_safety01_e00_t26_u2,heterogeneity_pressure,9,safety,9,2,laser,0.25,0.5003175735473633,1.0,0.0,1.0,0.0,0.0,0.0,1.0,0.25,0.25,0.25,0.0,0.0,0.5003175735473633,0.5003175735473633,0.5003175735473633,0.0,0.0,0.0,1.0,33.0095272064209,50
heterogeneity_pressure_seed9_safety01_e00_t26_u2,heterogeneity_pressure,9,safety,10,2,laser,0.25,1.0,1.0,0.0,1.0,0.0,0.0,0.0,1.0,0.25,0.25,0.25,0.0,0.0,1.0,1.0,1.0,0.0,0.0,0.0,1.0,48.0,80
heterogeneity_pressure_seed9_safety01_e00_t26_u2,heterogeneity_pressure,9,safety,11,2,laser,0.25,0.5003175735473633,1.0,0.0,1.0,0.0,0.0,0.0,1.0,0.25,0.25,0.25,0.0,0.0,0.5003175735473633,0.5003175735473633,0.5003175735473633,0.0,0.0,0.0,1.0,33.0095272064209,50
heterogeneity_pressure_seed9_safety01_e00_t26_u2,heterogeneity_pressure,9,safety,12,2,laser,0.25,1.0,1.0,0.0,1.0,0.0,0.0,0.0,1.0,0.25,0.25,0.25,0.0,0.0,1.0,1.0,2.0,0.0,0.0,0.0,2.0,48.0,80
heterogeneity_pressure_seed9_safety01_e00_t26_u2,heterogeneity_pressure,9,safety,13,2,laser,0.25,1.0,1.0,0.0,1.0,0.0,0.0,0.0,1.0,0.25,0.25,0.25,0.0,0.0,1.0,1.0,1.0,0.0,0.44909439107175964,0.0,1.0,20.0,38
heterogeneity_pressure_seed9_safety01_e00_t26_u2,heterogeneity_pressure,9,safety,14,2,laser,0.25,1.0,1.0,0.0,1.0,0.0,0.0,0.0,1.0,0.25,0.25,0.25,0.0,0.0,1.0,1.0,1.0,0.0,0.4490943910717596,0.0,1.0,20.0,38
heterogeneity_pressure_seed9_safety01_e00_t26_u2,heterogeneity_pressure,9,safety,15,2,laser,0.25,0.5003175735473633,1.0,0.0,1.0,0.0,0.0,0.0,1.0,0.25,0.25,0.25,0.0,0.0,0.5003175735473633,0.5003175735473633,0.5003175735473633,0.0,0.0,0.0,1.0,33.0095272064209,50
heterogeneity_pressure_seed9_safety01_e00_t26_u2,heterogeneity_pressure,9,safety,16,2,laser,0.25,0.5003175735473633,1.0,0.0,1.0,0.0,0.0,0.0,1.0,0.25,0.25,0.25,0.0,0.0,0.5003175735473633,0.5003175735473633,1.5009527206420898,0.0,0.0,0.0,3.0,33.0095272064209,50
heterogeneity_pressure_seed9_safety01_e00_t26_u2,heterogeneity_pressure,9,safety,17,2,laser,0.25,1.0,1.0,0.0,1.0,0.0,0.0,0.0,1.0,0.25,0.25,0.25,0.0,0.0,1.0,1.0,2.0,0.0,0.0,0.0,2.0,48.0,80
heterogeneity_pressure_seed9_safety01_e00_t26_u2,heterogeneity_pressure,9,safety,18,2,laser,0.25,1.0,1.0,0.0,1.0,0.0,0.0,0.0,1.0,0.25,0.25,0.25,0.0,0.0,1.0,1.0,2.0,0.0,0.0,0.0,2.0,48.0,80
heterogeneity_pressure_seed9_safety01_e00_t26_u2,heterogeneity_pressure,9,safety,19,2,laser,0.25,1.0,1.0,0.0,1.0,0.0,0.0,0.0,1.0,0.25,0.25,0.25,0.0,0.0,1.0,1.0,1.0,0.0,0.0,0.0,1.0,48.0,80
heterogeneity_pressure_seed9_safety01_e00_t26_u2,heterogeneity_pressure,9,safety,20,2,laser,0.25,1.0,1.0,0.0,1.0,0.0,0.0,0.0,1.0,0.25,0.25,0.25,0.0,0.0,1.0,1.0,1.0,0.0,0.44909439107175964,0.0,1.0,20.0,38
heterogeneity_pressure_seed9_safety01_e00_t26_u2,heterogeneity_pressure,9,safety,21,2,laser,0.25,1.0,1.0,0.0,1.0,0.0,0.0,0.0,1.0,0.25,0.25,0.25,0.0,0.0,1.0,1.0,2.0,0.0,0.0,0.0,2.0,48.0,80
heterogeneity_pressure_seed9_safety01_e00_t26_u2,heterogeneity_pressure,9,safety,22,2,laser,0.25,1.0,1.0,0.0,1.0,0.0,0.0,0.0,1.0,0.25,0.25,0.25,0.0,0.0,1.0,1.0,1.0,0.0,0.44909439107175964,0.0,1.0,20.0,38
heterogeneity_pressure_seed9_safety01_e00_t26_u2,heterogeneity_pressure,9,safety,23,2,laser,0.25,1.0,1.0,0.0,1.0,0.0,0.0,0.0,1.0,0.25,0.25,0.25,0.0,0.0,1.0,1.0,2.0,0.0,0.0,0.0,2.0,48.0,80
heterogeneity_pressure_seed9_safety01_e00_t26_u2,heterogeneity_pressure,9,safety,24,2,laser,0.25,1.0,1.0,0.0,1.0,0.0,0.0,0.0,1.0,0.25,0.25,0.25,0.0,0.0,1.0,1.0,1.0,0.0,0.0,0.0,1.0,48.0,80
heterogeneity_pressure_seed9_safety01_e00_t26_u2,heterogeneity_pressure,9,safety,25,2,laser,0.25,1.0,1.0,0.0,1.0,0.0,0.0,0.0,1.0,0.25,0.25,0.25,0.0,0.0,1.0,1.0,4.0,0.0,0.0,0.0,4.0,48.0,80
heterogeneity_pressure_seed9_safety01_e00_t26_u2,heterogeneity_pressure,9,safety,26,2,laser,0.25,1.0,1.0,0.0,1.0,0.0,0.0,0.0,1.0,0.25,0.25,0.25,0.0,0.0,1.0,1.0,4.0,0.0,0.0,0.0,4.0,48.0,80
heterogeneity_pressure_seed9_safety01_e00_t26_u2,heterogeneity_pressure,9,safety,27,2,laser,0.25,1.0,1.0,0.0,1.0,0.0,0.0,0.0,1.0,0.25,0.25,0.25,0.0,0.0,1.0,1.0,2.0,0.0,0.0,0.0,2.0,48.0,80
heterogeneity_pressure_seed9_safety01_e00_t26_u2,heterogeneity_pressure,9,safety,28,2,laser,0.25,1.0,1.0,0.0,1.0,0.0,0.0,0.0,1.0,0.25,0.25,0.25,0.0,0.0,1.0,1.0,1.0,0.0,0.0,0.0,1.0,48.0,80
heterogeneity_pressure_seed9_safety01_e00_t26_u2,heterogeneity_pressure,9,safety,29,2,laser,0.25,1.0,1.0,0.0,1.0,0.0,0.0,0.0,1.0,0.25,0.25,0.25,0.0,0.0,1.0,1.0,1.0,0.0,0.0,0.0,1.0,48.0,80
heterogeneity_pressure_seed9_safety01_e00_t26_u2,heterogeneity_pressure,9,safety,30,2,laser,0.25,0.5003175735473633,1.0,0.0,1.0,0.0,0.0,0.0,1.0,0.25,0.25,0.25,0.0,0.0,0.5003175735473633,0.5003175735473633,1.0006351470947266,0.0,0.0,0.0,2.0,33.0095272064209,50
heterogeneity_pressure_seed9_safety01_e00_t26_u2,heterogeneity_pressure,9,safety,31,2,laser,0.25,0.5003175735473633,1.0,0.0,1.0,0.0,0.0,0.0,1.0,0.25,0.25,0.25,0.0,0.0,0.5003175735473633,0.5003175735473633,0.5003175735473633,0.0,0.0,0.0,1.0,33.0095272064209,50
heterogeneity_pressure_seed9_safety02_e00_t25_u2,heterogeneity_pressure,9,safety,0,2,laser,0.25,1.0000000298023224,2.0,1.0000000298023224,2.0,1.0000000298023224,0.0,0.0,0.9999999701976776,0.2499999925494194,0.2499999925494194,0.2500000074505806,1.4901161193847656e-08,0.0,1.0000000298023224,1.0000000298023224,4.9958361983299255,0.0,0.0,0.0,4.0000001192092896,51.00000101327896,119
heterogeneity_pressure_seed9_safety02_e00_t25_u2,heterogeneity_pressure,9,safety,1,2,laser,0.25,1.0000000298023224,2.0,1.0000000298023224,2.0,1.0000000298023224,0.0,0.0,0.9999999701976776,0.2499999925494194,0.2499999925494194,0.2500000074505806,1.4901161193847656e-08,0.0,1.0000000298023224,1.0000000298023224,2.0000000596046448,0.0,0.6212362057675651,0.0,2.0000000596046448,51.00000101327896,119
heterogeneity_pressure_seed9_safety02_e00_t25_u2,heterogeneity_pressure,9,safety,2,2,laser,0.25,1.0000000298023224,2.0,1.0000000298023224,2.0,1.0000000298023224,0.0,0.0,0.9999999701976776,0.2499999925494194,0.2499999925494194,0.2500000074505806,1.4901161193847656e-08,0.0,1.0000000298023224,1.0000000298023224,1.6675631999969482,0.0,0.0,0.0,3.000000089406967,43.68639010190964,97
heterogeneity_pressure_seed9_safety02_e00_t25_u2,heterogeneity_pressure,9,safety,3,2,laser,0.25,1.0000000298023224,2.0,1.0000000298023224,2.0,1.0000000298023224,0.0,0.0,0.9999999701976776,0.2499999925494194,0.2499999925494194,0.2500000074505806,1.4901161193847656e-08,0.0,1.0000000298023224,1.0000000298023224,2.0000000596046448,0.0,0.6212362057675651,0.0,2.0000000596046448,51.00000101327896,119
heterogeneity_pressure_seed9_safety02_e00_t25_u2,heterogeneity_pressure,9,safety,4,2,laser,0.25,1.0000000298023224,2.0,1.0000000298023224,2.0,1.0000000298023224,0.0,0.0,0.9999999701976776,0.2499999925494194,0.2499999925494194,0.2500000074505806,1.4901161193847656e-08,0.0,1.0000000298023224,1.0000000298023224,2.0000000596046448,0.0,0.0,0.0,5.000000149011612,51.00000101327896,119
heterogeneity_pressure_seed9_safety02_e00_t25_u2,heterogeneity_pressure,9,safety,5,2,laser,0.25,1.0000000298023224,2.0,1.0000000298023224,2.0,1.0000000298023224,0.0,0.0,0.9999999701976776,0.2499999925494194,0.2499999925494194,0.2500000074505806,1.4901161193847656e-08,0.0,1.0000000298023224,1.0000000298023224,4.0000001192092896,0.0,0.0,0.0,3.000000089406967,51.00000101327896,119
heterogeneity_pressure_seed9_safety02_e00_t25_u2,heterogeneity_pressure,9,safety,6,2,laser,0.25,1.0000000298023224,2.0,1.0000000298023224,2.0,1.0000000298023224,0.0,0.0,0.9999999701976776,0.2499999925494194,0.2499999925494194,0.2500000074505806,1.4901161193847656e-08,0.0,1.0000000298023224,1.0000000298023224,2.0000000596046448,0.0,0.0,0.0,2.0000000596046448,51.00000101327896,119
heterogeneity_pressure_seed9_safety02_e00_t25_u2,heterogeneity_pressure,9,safety,7,2,laser,0.25,1.0000000298023224,2.0,1.0000000298023224,2.0,1.0000000298023224,0.0,0.0,0.9999999701976776,0.2499999925494194,0.2499999925494194,0.2500000074505806,1.4901161193847656e-08,0.0,1.0000000298023224,1.0000000298023224,4.0000001192092896,0.0,0.6212362057675651,0.0,3.000000089406967,51.00000101327896,119
heterogeneity_pressure_seed9_safety02_e00_t25_u2,heterogeneity_pressure,9,safety,8,2,laser,0.25,1.0000000298023224,2.0,1.0000000298023224,2.0,1.0000000298023224,0.0,0.0,0.9999999701976776,0.2499999925494194,0.2499999925494194,0.2500000074505806,1.4901161193847656e-08,0.0,1.0000000298023224,1.0000000298023224,5.331367492675781,0.0,0.0,0.0,4.0000001192092896,32.68639010190964,86
heterogeneity_pressure_seed9_safety02_e00_t25_u2,heterogeneity_pressure,9,safety,9,2,laser,0.25,1.0000000298023224,2.0,1.0000000298023224,2.0,1.0000000298023224,0.0,0.0,0.9999999701976776,0.2499999925494194,0.2499999925494194,0.2500000074505806,1.4901161193847656e-08,0.0,1.0000000298023224,1.0000000298023224,4.0000001192092896,0.0,0.0,0.0,5.000000149011612,51.00000101327896,119
heterogeneity_pressure_seed9_safety02_e00_t25_u2,heterogeneity_pressure,9,safety,10,2,laser,0.25,1.0000000298023224,2.0,1.0000000298023224,2.0,1.0000000298023224,0.0,0.0,0.9999999701976776,0.2499999925494194,0.2499999925494194,0.2500000074505806,1.4901161193847656e-08,0.0,1.0000000298023224,1.0000000298023224,3.3305574655532837,0.0,0.0,0.0,3.000000089406967,51.00000101327896,119
heterogeneity_pressure_seed9_safety02_e00_t25_u2,heterogeneity_pressure,9,safety,11,2,laser,0.25,1.0000000298023224,2.0,1.0000000298023224,2.0,1.0000000298023224,0.0,0.0,0.9999999701976776,0.2499999925494194,0.2499999925494194,0.2500000074505806,1.4901161193847656e-08,0.0,1.0000000298023224,1.0000000298023224,5.000000149011612,0.0,0.4490944044558155,0.0,8.000000238418579,35.00000077486038,87
heterogeneity_pressure_seed9_safety02_e00_t25_u2,heterogeneity_pressure,9,safety,12,2,laser,0.25,1.0000000298023224,2.0,1.0000000298023224,2.0,1.0000000298023224,0.0,0.0,0.9999999701976776,0.2499999925494194,0.2499999925494194,0.2500000074505806,1.4901161193847656e-08,0.0,1.0000000298023224,1.0000000298023224,2.0000000596046448,0.0,0.0,0.0,2.0000000596046448,51.00000101327896,119
heterogeneity_pressure_seed9_safety02_e00_t25_u2,heterogeneity_pressure,9,safety,13,2,laser,0.25,1.0000000298023224,2.0,1.0000000298023224,2.0,1.0000000298023224,0.0,0.0,0.9999999701976776,0.2499999925494194,0.2499999925494194,0.2500000074505806,1.4901161193847656e-08,0.0,1.0000000298023224,1.0000000298023224,2.0000000596046448,0.0,0.0,0.0,2.0000000596046448,51.00000101327896,119
heterogeneity_pressure_seed9_safety02_e00_t25_u2,heterogeneity_pressure,9,safety,14,2,laser,0.25,1.0000000298023224,2.0,1.0000000298023224,2.0,1.0000000298023224,0.0,0.0,0.9999999701976776,0.2499999925494194,0.2499999925494194,0.2500000074505806,1.4901161193847656e-08,0.0,1.0000000298023224,1.0000000298023224,1.0000000298023224,0.0,0.0,0.0,2.0000000596046448,18.00000035762787,42
heterogeneity_pressure_seed9_safety02_e00_t25_u2,heterogeneity_pressure,9,safety,15,2,laser,0.25,1.0000000298023224,2.0,1.0000000298023224,2.0,1.0000000298023224,0.0,0.0,0.9999999701976776,0.2499999925494194,0.2499999925494194,0.2500000074505806,1.4901161193847656e-08,0.0,1.0000000298023224,1.0000000298023224,1.6652787327766418,0.0,0.0,0.0,2.0000000596046448,51.00000101327896,119
heterogeneity_pressure_seed9_safety02_e00_t25_u2,heterogeneity_pressure,9,safety,16,2,laser,0.25,1.0000000298023224,2.0,1.0000000298023224,2.0,1.0000000298023224,0.0,0.0,0.9999999701976776,0.2499999925494194,0.2499999925494194,0.2500000074505806,1.4901161193847656e-08,0.0,1.0000000298023224,1.0000000298023224,1.0000000298023224,0.0,0.4490944044558155,0.0,2.0000000596046448,23.000000596046448,63
heterogeneity_pressure_seed9_safety02_e00_t25_u2,heterogeneity_pressure,9,safety,17,2,laser,0.25,1.0000000298023224,2.0,1.0000000298023224,2.0,1.0000000298023224,0.0,0.0,0.9999999701976776,0.2499999925494194,0.2499999925494194,0.2500000074505806,1.4901161193847656e-08,0.0,1.0000000298023224,1.0000000298023224,1.6652787327766418,0.0,0.0,0.0,2.0000000596046448,51.00000101327896,119
heterogeneity_pressure_seed9_safety02_e00_t25_u2,heterogeneity_pressure,9,safety,18,2,laser,0.25,1.0000000298023224,2.0,1.0000000298023224,2.0,1.0000000298023224,0.0,0.0,0.9999999701976776,0.2499999925494194,0.2499999925494194,0.2500000074505806,1.4901161193847656e-08,0.0,1.0000000298023224,1.0000000298023224,1.6675631999969482,0.0,0.0,0.0,2.0000000596046448,43.68639010190964,97
heterogeneity_pressure_seed9_safety02_e00_t25_u2,heterogeneity_pressure,9,safety,19,2,laser,0.25,1.0000000298023224,2.0,1.0000000298023224,2.0,1.0000000298023224,0.0,0.0,0.9999999701976776,0.2499999925494194,0.2499999925494194,0.2500000074505806,1.4901161193847656e-08,0.0,1.0000000298023224,1.0000000298023224,4.0000001192092896,0.0,0.0,0.0,3.000000089406967,51.00000101327896,119
heterogeneity_pressure_seed9_safety02_e00_t25_u2,heterogeneity_pressure,9,safety,20,2,laser,0.25,1.0000000298023224,2.0,1.0000000298023224,2.0,1.0000000298023224,0.0,0.0,0.9999999701976776,0.2499999925494194,0.2499999925494194,0.2500000074505806,1.4901161193847656e-08,0.0,1.0000000298023224,1.0000000298023224,1.0000000298023224,0.0,0.0,0.0,2.0000000596046448,18.00000035762787,42
heterogeneity_pressure_seed9_safety02_e00_t25_u2,heterogeneity_pressure,9,safety,21,2,laser,0.25,1.0000000298023224,2.0,1.0000000298023224,2.0,1.0000000298023224,0.0,0.0,0.9999999701976776,0.2499999925494194,0.2499999925494194,0.2500000074505806,1.4901161193847656e-08,0.0,1.0000000298023224,1.0000000298023224,4.0000001192092896,0.0,0.0,0.0,3.000000089406967,51.00000101327896,119
heterogeneity_pressure_seed9_safety02_e00_t25_u2,heterogeneity_pressure,9,safety,22,2,laser,0.25,1.0000000298023224,2.0,1.0000000298023224,2.0,1.0000000298023224,0.0,0.0,0.9999999701976776,0.2499999925494194,0.2499999925494194,0.2500000074505806,1.4901161193847656e-08,0.0,1.0000000298023224,1.0000000298023224,4.0000001192092896,0.0,0.6212362057675651,0.0,4.0000001192092896,51.00000101327896,119
heterogeneity_pressure_seed9_safety02_e00_t25_u2,heterogeneity_pressure,9,safety,23,2,laser,0.25,1.0000000298023224,2.0,1.0000000298023224,2.0,1.0000000298023224,0.0,0.0,0.9999999701976776,0.2499999925494194,0.2499999925494194,0.2500000074505806,1.4901161193847656e-08,0.0,1.0000000298023224,1.0000000298023224,2.0000000596046448,0.0,0.0,0.0,2.0000000596046448,51.00000101327896,119
heterogeneity_pressure_seed9_safety02_e00_t25_u2,heterogeneity_pressure,9,safety,24,2,laser,0.25,1.0000000298023224,2.0,1.0000000298023224,2.0,1.0000000298023224,0.0,0.0,0.9999999701976776,0.2499999925494194,0.2499999925494194,0.2500000074505806,1.4901161193847656e-08,0.0,1.0000000298023224,1.0000000298023224,6.000000178813934,0.0,0.6212362057675651,0.0,4.0000001192092896,51.00000101327896,119
heterogeneity_pressure_seed9_safety02_e00_t25_u2,heterogeneity_pressure,9,safety,25,2,laser,0.25,1.0000000298023224,2.0,1.0000000298023224,2.0,1.0000000298023224,0.0,0.0,0.9999999701976776,0.2499999925494194,0.2499999925494194,0.2500000074505806,1.4901161193847656e-08,0.0,1.0000000298023224,1.0000000298023224,2.0000000596046448,0.0,0.621236205767565,0.0,4.0000001192092896,16.000000327825546,38
heterogeneity_pressure_seed9_safety02_e00_t25_u2,heterogeneity_pressure,9,safety,26,2,laser,0.25,1.0000000298023224,2.0,1.0000000298023224,2.0,1.0000000298023224,0.0,0.0,0.9999999701976776,0.2499999925494194,0.2499999925494194,0.2500000074505806,1.4901161193847656e-08,0.0,1.0000000298023224,1.0000000298023224,6.000000178813934,0.0,0.0,0.0,4.0000001192092896,51.00000101327896,119
heterogeneity_pressure_seed9_safety02_e00_t25_u2,heterogeneity_pressure,9,safety,27,2,laser,0.25,1.0000000298023224,2.0,1.0000000298023224,2.0,1.0000000298023224,0.0,0.0,0.9999999701976776,0.2499999925494194,0.2499999925494194,0.2500000074505806,1.4901161193847656e-08,0.0,1.0000000298023224,1.0000000298023224,2.0000000596046448,0.0,0.6212362057675651,0.0,2.0000000596046448,51.00000101327896,119
heterogeneity_pressure_seed9_safety02_e00_t25_u2,heterogeneity_pressure,9,safety,28,2,laser,0.25,1.0000000298023224,2.0,1.0000000298023224,2.0,1.0000000298023224,0.0,0.0,0.9999999701976776,0.2499999925494194,0.2499999925494194,0.2500000074505806,1.4901161193847656e-08,0.0,1.0000000298023224,1.0000000298023224,3.3343164324760437,0.0,0.4490944044558154,0.0,3.000000089406967,28.33431699872017,73
heterogeneity_pressure_seed9_safety02_e00_t25_u2,heterogeneity_pressure,9,safety,29,2,laser,0.25,1.0000000298023224,2.0,1.0000000298023224,2.0,1.0000000298023224,0.0,0.0,0.9999999701976776,0.2499999925494194,0.2499999925494194,0.2500000074505806,1.4901161193847656e-08,0.0,1.0000000298023224,1.0000000298023224,2.0000000596046448,0.0,0.0,0.0,2.0000000596046448,51.00000101327896,119
heterogeneity_pressure_seed9_safety02_e00_t25_u2,heterogeneity_pressure,9,safety,30,2,laser,0.25,1.0000000298023224,2.0,1.0000000298023224,2.0,1.0000000298023224,0.0,0.0,0.9999999701976776,0.2499999925494194,0.2499999925494194,0.2500000074505806,1.4901161193847656e-08,0.0,1.0000000298023224,1.0000000298023224,2.0000000596046448,0.0,0.0,0.0,2.0000000596046448,51.00000101327896,119
heterogeneity_pressure_seed9_safety02_e00_t25_u2,heterogeneity_pressure,9,safety,31,2,laser,0.25,1.0000000298023224,2.0,1.0000000298023224,2.0,1.0000000298023224,0.0,0.0,0.9999999701976776,0.2499999925494194,0.2499999925494194,0.2500000074505806,1.4901161193847656e-08,0.0,1.0000000298023224,1.0000000298023224,2.0000000596046448,0.0,0.0,0.0,2.0000000596046448,51.00000101327896,119
heterogeneity_pressure_seed9_safety03_e02_t44_u2,heterogeneity_pressure,9,safety,0,2,laser,0.25,1.0,1.0,1.0,1.0,1.0,0.0,0.0,0.0,0.0,0.0,0.25,0.25,0.0,0.0,0.0,0.0,0.0,0.0,0.0,,6.0,6
heterogeneity_pressure_seed9_safety03_e02_t44_u2,heterogeneity_pressure,9,safety,1,2,laser,0.25,1.0,1.0,1.0,1.0,1.0,0.0,0.0,0.0,0.0,0.0,0.25,0.25,0.0,0.0,0.0,0.0,0.0,0.0,0.0,,6.0,6
heterogeneity_pressure_seed9_safety03_e02_t44_u2,heterogeneity_pressure,9,safety,2,2,laser,0.25,1.0,0.0,0.0,0.0,0.0,0.0,0.0,0.0,0.0,0.0,0.25,0.25,0.0,0.0,0.0,0.0,0.0,0.0,0.0,,6.0,6
heterogeneity_pressure_seed9_safety03_e02_t44_u2,heterogeneity_pressure,9,safety,3,2,laser,0.25,1.0,1.0,1.0,1.0,1.0,0.0,0.0,0.0,0.0,0.0,0.25,0.25,0.0,0.0,0.0,0.0,0.0,0.0,0.0,,6.0,6
heterogeneity_pressure_seed9_safety03_e02_t44_u2,heterogeneity_pressure,9,safety,4,2,laser,0.25,1.0,1.0,1.0,1.0,1.0,0.0,0.0,0.0,0.0,0.0,0.25,0.25,0.0,0.0,0.0,0.0,0.0,0.0,0.0,,6.0,6
heterogeneity_pressure_seed9_safety03_e02_t44_u2,heterogeneity_pressure,9,safety,5,2,laser,0.25,1.0,0.0,0.0,0.0,0.0,0.0,0.0,0.0,0.0,0.0,0.25,0.25,0.0,0.0,0.0,0.0,0.0,0.0,0.0,,6.0,6
heterogeneity_pressure_seed9_safety03_e02_t44_u2,heterogeneity_pressure,9,safety,6,2,laser,0.25,0.0,0.0,0.0,0.0,0.0,0.0,0.0,0.0,0.0,0.0,0.25,0.25,0.0,0.0,0.0,0.0,0.0,0.0,0.0,,4.0,4
heterogeneity_pressure_seed9_safety03_e02_t44_u2,heterogeneity_pressure,9,safety,7,2,laser,0.25,1.0,0.0,0.0,0.0,0.0,0.0,0.0,0.0,0.0,0.0,0.25,0.25,0.0,0.0,0.0,0.0,0.0,0.0,0.0,,6.0,6
heterogeneity_pressure_seed9_safety03_e02_t44_u2,heterogeneity_pressure,9,safety,8,2,laser,0.25,0.0,1.0,0.0,1.0,0.0,0.0,0.0,1.0,0.25,0.25,0.25,0.0,0.0,0.0,0.0,0.0,0.0,0.0,0.0,1.0,4.0,4
heterogeneity_pressure_seed9_safety03_e02_t44_u2,heterogeneity_pressure,9,safety,9,2,laser,0.25,1.0,1.0,1.0,1.0,1.0,0.0,0.0,0.0,0.0,0.0,0.25,0.25,0.0,0.0,0.0,0.0,0.0,0.0,0.0,,6.0,6
heterogeneity_pressure_seed9_safety03_e02_t44_u2,heterogeneity_pressure,9,safety,10,2,laser,0.25,1.0,1.0,1.0,1.0,1.0,0.0,0.0,0.0,0.0,0.0,0.25,0.25,0.0,0.0,0.0,0.0,0.0,0.0,0.0,,6.0,6
heterogeneity_pressure_seed9_safety03_e02_t44_u2,heterogeneity_pressure,9,safety,11,2,laser,0.25,1.0,1.0,1.0,1.0,1.0,0.0,0.0,0.0,0.0,0.0,0.25,0.25,0.0,0.0,0.0,0.0,0.0,0.0,0.0,,6.0,6
heterogeneity_pressure_seed9_safety03_e02_t44_u2,heterogeneity_pressure,9,safety,12,2,laser,0.25,1.0,1.0,1.0,1.0,1.0,0.0,0.0,0.0,0.0,0.0,0.25,0.25,0.0,0.0,0.0,0.0,0.0,0.0,0.0,,6.0,6
heterogeneity_pressure_seed9_safety03_e02_t44_u2,heterogeneity_pressure,9,safety,13,2,laser,0.25,1.0,0.0,0.0,0.0,0.0,0.0,0.0,0.0,0.0,0.0,0.25,0.25,0.0,0.0,0.0,0.0,0.0,0.0,0.0,,6.0,6
heterogeneity_pressure_seed9_safety03_e02_t44_u2,heterogeneity_pressure,9,safety,14,2,laser,0.25,1.0,0.0,0.0,0.0,0.0,0.0,0.0,0.0,0.0,0.0,0.25,0.25,0.0,0.0,0.0,0.0,0.0,0.0,0.0,,6.0,6
heterogeneity_pressure_seed9_safety03_e02_t44_u2,heterogeneity_pressure,9,safety,15,2,laser,0.25,1.0,0.0,0.0,0.0,0.0,0.0,0.0,0.0,0.0,0.0,0.25,0.25,0.0,0.0,0.0,0.0,0.0,0.0,0.0,,6.0,6
heterogeneity_pressure_seed9_safety03_e02_t44_u2,heterogeneity_pressure,9,safety,16,2,laser,0.25,1.0,1.0,1.0,1.0,1.0,0.0,0.0,0.0,0.0,0.0,0.25,0.25,0.0,0.0,0.0,0.0,0.0,0.0,0.0,,6.0,6
heterogeneity_pressure_seed9_safety03_e02_t44_u2,heterogeneity_pressure,9,safety,17,2,laser,0.25,1.0,0.0,0.0,0.0,0.0,0.0,0.0,0.0,0.0,0.0,0.25,0.25,0.0,0.0,0.0,0.0,0.0,0.0,0.0,,6.0,6
heterogeneity_pressure_seed9_safety03_e02_t44_u2,heterogeneity_pressure,9,safety,18,2,laser,0.25,1.0,1.0,1.0,1.0,1.0,0.0,0.0,0.0,0.0,0.0,0.25,0.25,0.0,0.0,0.0,0.0,0.0,0.0,0.0,,6.0,6
heterogeneity_pressure_seed9_safety03_e02_t44_u2,heterogeneity_pressure,9,safety,19,2,laser,0.25,1.0,1.0,1.0,1.0,1.0,0.0,0.0,0.0,0.0,0.0,0.25,0.25,0.0,0.0,0.0,0.0,0.0,0.0,0.0,,6.0,6
heterogeneity_pressure_seed9_safety03_e02_t44_u2,heterogeneity_pressure,9,safety,20,2,laser,0.25,1.0,0.0,0.0,0.0,0.0,0.0,0.0,0.0,0.0,0.0,0.25,0.25,0.0,0.0,0.0,0.0,0.0,0.0,0.0,,6.0,6
heterogeneity_pressure_seed9_safety03_e02_t44_u2,heterogeneity_pressure,9,safety,21,2,laser,0.25,1.0,1.0,1.0,1.0,1.0,0.0,0.0,0.0,0.0,0.0,0.25,0.25,0.0,0.0,0.0,0.0,0.0,0.0,0.0,,6.0,6
heterogeneity_pressure_seed9_safety03_e02_t44_u2,heterogeneity_pressure,9,safety,22,2,laser,0.25,1.0,0.0,0.0,0.0,0.0,0.0,0.0,0.0,0.0,0.0,0.25,0.25,0.0,0.0,0.0,0.0,0.0,0.0,0.0,,6.0,6
heterogeneity_pressure_seed9_safety03_e02_t44_u2,heterogeneity_pressure,9,safety,23,2,laser,0.25,1.0,1.0,1.0,1.0,1.0,0.0,0.0,0.0,0.0,0.0,0.25,0.25,0.0,0.0,0.0,0.0,0.0,0.0,0.0,,6.0,6
heterogeneity_pressure_seed9_safety03_e02_t44_u2,heterogeneity_pressure,9,safety,24,2,laser,0.25,1.0,0.0,0.0,0.0,0.0,0.0,0.0,0.0,0.0,0.0,0.25,0.25,0.0,0.0,0.0,0.0,0.0,0.0,0.0,,6.0,6
heterogeneity_pressure_seed9_safety03_e02_t44_u2,heterogeneity_pressure,9,safety,25,2,laser,0.25,1.0,0.0,0.0,0.0,0.0,0.0,0.0,0.0,0.0,0.0,0.25,0.25,0.0,0.0,0.0,0.0,0.0,0.0,0.0,,6.0,6
heterogeneity_pressure_seed9_safety03_e02_t44_u2,heterogeneity_pressure,9,safety,26,2,laser,0.25,1.0,1.0,1.0,1.0,1.0,0.0,0.0,0.0,0.0,0.0,0.25,0.25,0.0,0.0,0.0,0.0,0.0,0.0,0.0,,6.0,6
heterogeneity_pressure_seed9_safety03_e02_t44_u2,heterogeneity_pressure,9,safety,27,2,laser,0.25,1.0,1.0,1.0,1.0,1.0,0.0,0.0,0.0,0.0,0.0,0.25,0.25,0.0,0.0,0.0,0.0,0.0,0.0,0.0,,6.0,6
heterogeneity_pressure_seed9_safety03_e02_t44_u2,heterogeneity_pressure,9,safety,28,2,laser,0.25,1.0,1.0,1.0,1.0,1.0,0.0,0.0,0.0,0.0,0.0,0.25,0.25,0.0,0.0,0.0,0.0,0.0,0.0,0.0,,6.0,6
heterogeneity_pressure_seed9_safety03_e02_t44_u2,heterogeneity_pressure,9,safety,29,2,laser,0.25,1.0,1.0,1.0,1.0,1.0,0.0,0.0,0.0,0.0,0.0,0.25,0.25,0.0,0.0,0.0,0.0,0.0,0.0,0.0,,6.0,6
heterogeneity_pressure_seed9_safety03_e02_t44_u2,heterogeneity_pressure,9,safety,30,2,laser,0.25,1.0,1.0,1.0,1.0,1.0,0.0,0.0,0.0,0.0,0.0,0.25,0.25,0.0,0.0,0.0,0.0,0.0,0.0,0.0,,6.0,6
heterogeneity_pressure_seed9_safety03_e02_t44_u2,heterogeneity_pressure,9,safety,31,2,laser,0.25,1.0,1.0,1.0,1.0,1.0,0.0,0.0,0.0,0.0,0.0,0.25,0.25,0.0,0.0,0.0,0.0,0.0,0.0,0.0,,6.0,6
heterogeneity_pressure_seed9_safety04_e00_t24_u2,heterogeneity_pressure,9,safety,0,2,laser,0.25,1.0000000298023224,3.0,2.0000000596046448,3.0,2.0000000596046448,0.0,0.0,0.9999999403953552,0.2499999850988388,0.2499999850988388,0.2500000074505806,2.2351741790771484e-08,0.0,1.0000000298023224,1.0000000298023224,2.0000000596046448,0.0,0.0,0.0,3.000000089406967,54.000001072883606,126
heterogeneity_pressure_seed9_safety04_e00_t24_u2,heterogeneity_pressure,9,safety,1,2,laser,0.25,1.0000000298023224,3.0,2.0000000596046448,3.0,2.0000000596046448,0.0,0.0,0.9999999403953552,0.2499999850988388,0.2499999850988388,0.2500000074505806,2.2351741790771484e-08,0.0,1.0000000298023224,1.0000000298023224,1.0000000298023224,0.0,0.0,0.0,7.000000208616257,54.000001072883606,126
heterogeneity_pressure_seed9_safety04_e00_t24_u2,heterogeneity_pressure,9,safety,2,2,laser,0.25,1.0000000298023224,3.0,2.0000000596046448,3.0,2.0000000596046448,0.0,0.0,0.9999999403953552,0.2499999850988388,0.2499999850988388,0.2500000074505806,2.2351741790771484e-08,0.0,0.6673864424228668,0.6673864424228668,2.334772914648056,0.0,0.0,0.0,7.000000208616257,46.68250215053558,104
heterogeneity_pressure_seed9_safety04_e00_t24_u2,heterogeneity_pressure,9,safety,3,2,laser,0.25,1.0000000298023224,3.0,2.0000000596046448,3.0,2.0000000596046448,0.0,0.0,0.9999999403953552,0.2499999850988388,0.2499999850988388,0.2500000074505806,2.2351741790771484e-08,0.0,1.0000000298023224,1.0000000298023224,3.000000089406967,0.0,0.0,0.0,5.000000149011612,54.000001072883606,126
heterogeneity_pressure_seed9_safety04_e00_t24_u2,heterogeneity_pressure,9,safety,4,2,laser,0.25,1.0000000298023224,3.0,2.0000000596046448,3.0,2.0000000596046448,0.0,0.0,0.9999999403953552,0.2499999850988388,0.2499999850988388,0.2500000074505806,2.2351741790771484e-08,0.0,1.0000000298023224,1.0000000298023224,2.0000000596046448,0.0,0.0,0.0,4.0000001192092896,54.000001072883606,126
heterogeneity_pressure_seed9_safety04_e00_t24_u2,heterogeneity_pressure,9,safety,5,2,laser,0.25,1.0000000298023224,3.0,2.0000000596046448,3.0,2.0000000596046448,0.0,0.0,0.9999999403953552,0.2499999850988388,0.2499999850988388,0.2500000074505806,2.2351741790771484e-08,0.0,1.0000000298023224,1.0000000298023224,6.661784052848816,0.0,0.413399125556567,0.0,6.000000178813934,54.000001072883606,126
heterogeneity_pressure_seed9_safety04_e00_t24_u2,heterogeneity_pressure,9,safety,6,2,laser,0.25,1.0000000298023224,3.0,2.0000000596046448,3.0,2.0000000596046448,0.0,0.0,0.9999999403953552,0.2499999850988388,0.2499999850988388,0.2500000074505806,2.2351741790771484e-08,0.0,1.0000000298023224,1.0000000298023224,2.0000000596046448,0.0,0.0,0.0,4.0000001192092896,54.000001072883606,126
heterogeneity_pressure_seed9_safety04_e00_t24_u2,heterogeneity_pressure,9,safety,7,2,laser,0.25,1.0000000298023224,2.0,2.0000000596046448,2.0,2.0000000596046448,0.0,0.0,-5.960464477539063e-08,-1.4901161193847656e-08,-1.4901161193847656e-08,0.2500000074505806,0.2500000223517418,0.0,0.0,0.0,0.0,0.0,0.0,0.0,,12.000000238418579,28
heterogeneity_pressure_seed9_safety04_e00_t24_u2,heterogeneity_pressure,9,safety,8,2,laser,0.25,1.0000000298023224,3.0,2.0000000596046448,3.0,2.0000000596046448,0.0,0.0,0.9999999403953552,0.2499999850988388,0.2499999850988388,0.2500000074505806,2.2351741790771484e-08,0.0,1.0000000298023224,1.0000000298023224,2.0000000596046448,0.0,0.0,0.0,4.0000001192092896,54.000001072883606,126
heterogeneity_pressure_seed9_safety04_e00_t24_u2,heterogeneity_pressure,9,safety,9,2,laser,0.25,1.0000000298023224,3.0,2.0000000596046448,3.0,2.0000000596046448,0.0,0.0,0.9999999403953552,0.2499999850988388,0.2499999850988388,0.2500000074505806,2.2351741790771484e-08,0.0,1.0000000298023224,1.0000000298023224,4.0000001192092896,0.0,0.6212362057675649,0.0,5.000000149011612,54.000001072883606,126
heterogeneity_pressure_seed9_safety04_e00_t24_u2,heterogeneity_pressure,9,safety,10,2,laser,0.25,1.0000000298023224,3.0,2.0000000596046448,3.0,2.0000000596046448,0.0,0.0,0.9999999403953552,0.2499999850988388,0.2499999850988388,0.2500000074505806,2.2351741790771484e-08,0.0,1.0000000298023224,1.0000000298023224,2.0000000596046448,0.0,0.0,0.0,3.000000089406967,54.000001072883606,126
heterogeneity_pressure_seed9_safety04_e00_t24_u2,heterogeneity_pressure,9,safety,11,2,laser,0.25,1.0000000298023224,3.0,2.0000000596046448,3.0,2.0000000596046448,0.0,0.0,0.9999999403953552,0.2499999850988388,0.2499999850988388,0.2500000074505806,2.2351741790771484e-08,0.0,1.0000000298023224,1.0000000298023224,2.0000000596046448,0.0,0.0,0.0,4.0000001192092896,54.000001072883606,126
heterogeneity_pressure_seed9_safety04_e00_t24_u2,heterogeneity_pressure,9,safety,12,2,laser,0.25,1.0000000298023224,3.0,2.0000000596046448,3.0,2.0000000596046448,0.0,0.0,0.9999999403953552,0.2499999850988388,0.2499999850988388,0.2500000074505806,2.2351741790771484e-08,0.0,0.6654459834098816,0.6654459834098816,1.3308919668197632,0.0,0.0,0.0,4.0000001192092896,44.632487773895264,98
heterogeneity_pressure_seed9_safety04_e00_t24_u2,heterogeneity_pressure,9,safety,13,2,laser,0.25,1.0000000298023224,3.0,2.0000000596046448,3.0,2.0000000596046448,0.0,0.0,0.9999999403953552,0.2499999850988388,0.2499999850988388,0.2500000074505806,2.2351741790771484e-08,0.0,1.0000000298023224,1.0000000298023224,5.002159416675568,0.0,0.0,0.0,5.000000149011612,46.68250215053558,104
heterogeneity_pressure_seed9_safety04_e00_t24_u2,heterogeneity_pressure,9,safety,14,2,laser,0.25,1.0000000298023224,3.0,2.0000000596046448,3.0,2.0000000596046448,0.0,0.0,0.9999999403953552,0.2499999850988388,0.2499999850988388,0.2500000074505806,2.2351741790771484e-08,0.0,1.0000000298023224,1.0000000298023224,1.665446013212204,0.0,0.0,0.0,3.000000089406967,54.000001072883606,126
heterogeneity_pressure_seed9_safety04_e00_t24_u2,heterogeneity_pressure,9,safety,15,2,laser,0.25,1.0000000298023224,3.0,2.0000000596046448,3.0,2.0000000596046448,0.0,0.0,0.9999999403953552,0.2499999850988388,0.2499999850988388,0.2500000074505806,2.2351741790771484e-08,0.0,1.0000000298023224,1.0000000298023224,1.6671676635742188,0.0,0.0,0.0,3.000000089406967,46.67768836021423,104
heterogeneity_pressure_seed9_safety04_e00_t24_u2,heterogeneity_pressure,9,safety,16,2,laser,0.25,1.0000000298023224,3.0,2.0000000596046448,3.0,2.0000000596046448,0.0,0.0,0.9999999403953552,0.2499999850988388,0.2499999850988388,0.2500000074505806,2.2351741790771484e-08,0.0,1.0000000298023224,1.0000000298023224,2.0000000596046448,0.0,0.44909440445581517,0.0,5.000000149011612,32.00000074505806,82
heterogeneity_pressure_seed9_safety04_e00_t24_u2,heterogeneity_pressure,9,safety,17,2,laser,0.25,1.0000000298023224,3.0,2.0000000596046448,3.0,2.0000000596046448,0.0,0.0,0.9999999403953552,0.2499999850988388,0.2499999850988388,0.2500000074505806,2.2351741790771484e-08,0.0,1.0000000298023224,1.0000000298023224,3.3347729444503784,0.0,0.6212362057675651,0.0,4.0000001192092896,46.01727497577667,102
heterogeneity_pressure_seed9_safety04_e00_t24_u2,heterogeneity_pressure,9,safety,18,2,laser,0.25,1.0000000298023224,3.0,2.0000000596046448,3.0,2.0000000596046448,0.0,0.0,0.9999999403953552,0.2499999850988388,0.2499999850988388,0.2500000074505806,2.2351741790771484e-08,0.0,1.0000000298023224,1.0000000298023224,2.0000000596046448,0.0,0.0,0.0,5.000000149011612,21.000000417232513,49
heterogeneity_pressure_seed9_safety04_e00_t24_u2,heterogeneity_pressure,9,safety,19,2,laser,0.25,1.0000000298023224,3.0,2.0000000596046448,3.0,2.0000000596046448,0.0,0.0,0.9999999403953552,0.2499999850988388,0.2499999850988388,0.2500000074505806,2.2351741790771484e-08,0.0,1.0000000298023224,1.0000000298023224,1.0000000298023224,0.0,0.4490944044558156,0.0,4.0000001192092896,28.000000685453415,74
heterogeneity_pressure_seed9_safety04_e00_t24_u2,heterogeneity_pressure,9,safety,20,2,laser,0.25,1.0000000298023224,3.0,2.0000000596046448,3.0,2.0000000596046448,0.0,0.0,0.9999999403953552,0.2499999850988388,0.2499999850988388,0.2500000074505806,2.2351741790771484e-08,0.0,1.0000000298023224,1.0000000298023224,4.0000001192092896,0.0,0.44909440445581517,0.0,4.0000001192092896,32.00000074505806,82
heterogeneity_pressure_seed9_safety04_e00_t24_u2,heterogeneity_pressure,9,safety,21,2,laser,0.25,1.0000000298023224,3.0,2.0000000596046448,3.0,2.0000000596046448,0.0,0.0,0.9999999403953552,0.2499999850988388,0.2499999850988388,0.2500000074505806,2.2351741790771484e-08,0.0,1.0000000298023224,1.0000000298023224,2.0000000596046448,0.0,0.0,0.0,3.000000089406967,54.000001072883606,126
heterogeneity_pressure_seed9_safety04_e00_t24_u2,heterogeneity_pressure,9,safety,22,2,laser,0.25,1.0000000298023224,3.0,2.0000000596046448,3.0,2.0000000596046448,0.0,0.0,0.9999999403953552,0.2499999850988388,0.2499999850988388,0.2500000074505806,2.2351741790771484e-08,0.0,1.0000000298023224,1.0000000298023224,1.0000000298023224,0.0,0.0,0.0,3.000000089406967,21.000000417232513,49
heterogeneity_pressure_seed9_safety04_e00_t24_u2,heterogeneity_pressure,9,safety,23,2,laser,0.25,1.0000000298023224,3.0,2.0000000596046448,3.0,2.0000000596046448,0.0,0.0,0.9999999403953552,0.2499999850988388,0.2499999850988388,0.2500000074505806,2.2351741790771484e-08,0.0,1.0000000298023224,1.0000000298023224,2.0000000596046448,0.0,0.0,0.0,3.000000089406967,54.000001072883606,126
heterogeneity_pressure_seed9_safety04_e00_t24_u2,heterogeneity_pressure,9,safety,24,2,laser,0.25,1.0000000298023224,3.0,2.0000000596046448,3.0,2.0000000596046448,0.0,0.0,0.9999999403953552,0.2499999850988388,0.2499999850988388,0.2500000074505806,2.2351741790771484e-08,0.0,1.0000000298023224,1.0000000298023224,2.0000000596046448,0.0,0.44909440445581517,0.0,4.0000001192092896,32.00000074505806,82
heterogeneity_pressure_seed9_safety04_e00_t24_u2,heterogeneity_pressure,9,safety,25,2,laser,0.25,1.0000000298023224,3.0,2.0000000596046448,3.0,2.0000000596046448,0.0,0.0,0.9999999403953552,0.2499999850988388,0.2499999850988388,0.2500000074505806,2.2351741790771484e-08,0.0,1.0000000298023224,1.0000000298023224,2.0000000596046448,0.0,0.0,0.0,3.000000089406967,54.000001072883606,126
heterogeneity_pressure_seed9_safety04_e00_t24_u2,heterogeneity_pressure,9,safety,26,2,laser,0.25,1.0000000298023224,3.0,2.0000000596046448,3.0,2.0000000596046448,0.0,0.0,0.9999999403953552,0.2499999850988388,0.2499999850988388,0.2500000074505806,2.2351741790771484e-08,0.0,1.0000000298023224,1.0000000298023224,1.0000000298023224,0.0,0.0,0.0,4.0000001192092896,54.000001072883606,126
heterogeneity_pressure_seed9_safety04_e00_t24_u2,heterogeneity_pressure,9,safety,27,2,laser,0.25,1.0000000298023224,3.0,2.0000000596046448,3.0,2.0000000596046448,0.0,0.0,0.9999999403953552,0.2499999850988388,0.2499999850988388,0.2500000074505806,2.2351741790771484e-08,0.0,1.0000000298023224,1.0000000298023224,1.0000000298023224,0.0,0.0,0.0,5.000000149011612,54.000001072883606,126
heterogeneity_pressure_seed9_safety04_e00_t24_u2,heterogeneity_pressure,9,safety,28,2,laser,0.25,1.0000000298023224,3.0,2.0000000596046448,3.0,2.0000000596046448,0.0,0.0,0.9999999403953552,0.2499999850988388,0.2499999850988388,0.2500000074505806,2.2351741790771484e-08,0.0,1.0000000298023224,1.0000000298023224,5.002159416675568,0.0,0.0,0.0,5.000000149011612,46.68250215053558,104
heterogeneity_pressure_seed9_safety04_e00_t24_u2,heterogeneity_pressure,9,safety,29,2,laser,0.25,1.0000000298023224,3.0,2.0000000596046448,3.0,2.0000000596046448,0.0,0.0,0.9999999403953552,0.2499999850988388,0.2499999850988388,0.2500000074505806,2.2351741790771484e-08,0.0,0.6673864424228668,0.6673864424228668,2.0021593272686005,0.0,0.0,0.0,6.000000178813934,44.68682062625885,98
heterogeneity_pressure_seed9_safety04_e00_t24_u2,heterogeneity_pressure,9,safety,30,2,laser,0.25,1.0000000298023224,3.0,2.0000000596046448,3.0,2.0000000596046448,0.0,0.0,0.9999999403953552,0.2499999850988388,0.2499999850988388,0.2500000074505806,2.2351741790771484e-08,0.0,1.0000000298023224,1.0000000298023224,3.330892026424408,0.0,0.15024634574520634,0.0,4.0000001192092896,49.650798469781876,113
heterogeneity_pressure_seed9_safety04_e00_t24_u2,heterogeneity_pressure,9,safety,31,2,laser,0.25,1.0000000298023224,3.0,2.0000000596046448,3.0,2.0000000596046448,0.0,0.0,0.9999999403953552,0.2499999850988388,0.2499999850988388,0.2500000074505806,2.2351741790771484e-08,0.0,1.0000000298023224,1.0000000298023224,1.665446013212204,0.0,0.0,0.0,4.0000001192092896,54.000001072883606,126
heterogeneity_pressure_seed9_safety05_e00_t23_u2,heterogeneity_pressure,9,safety,0,2,laser,0.25,0.9999999701976776,4.0,2.999999910593033,4.0,2.999999910593033,0.0,0.0,1.0000000894069672,0.2500000223517418,0.2500000223517418,0.2499999925494194,-2.9802322387695312e-08,0.0,0.9999999701976776,0.9999999701976776,1.9999999403953552,0.0,0.0,0.0,4.999999850988388,56.99999886751175,133
heterogeneity_pressure_seed9_safety05_e00_t23_u2,heterogeneity_pressure,9,safety,1,2,laser,0.25,0.9999999701976776,4.0,2.999999910593033,4.0,2.999999910593033,0.0,0.0,1.0000000894069672,0.2500000223517418,0.2500000223517418,0.2499999925494194,-2.9802322387695312e-08,0.0,0.9999999701976776,0.9999999701976776,0.9999999701976776,0.0,0.0,0.0,6.999999791383743,56.99999886751175,133
heterogeneity_pressure_seed9_safety05_e00_t23_u2,heterogeneity_pressure,9,safety,2,2,laser,0.25,0.9999999701976776,4.0,2.999999910593033,4.0,2.999999910593033,0.0,0.0,1.0000000894069672,0.2500000223517418,0.2500000223517418,0.2499999925494194,-2.9802322387695312e-08,0.0,0.9999999701976776,0.9999999701976776,0.9999999701976776,0.0,0.0,0.0,4.999999850988388,23.999999523162842,56
heterogeneity_pressure_seed9_safety05_e00_t23_u2,heterogeneity_pressure,9,safety,3,2,laser,0.25,0.9999999701976776,4.0,2.999999910593033,4.0,2.999999910593033,0.0,0.0,1.0000000894069672,0.2500000223517418,0.2500000223517418,0.2499999925494194,-2.9802322387695312e-08,0.0,0.9999999701976776,0.9999999701976776,0.9999999701976776,0.0,0.0,0.0,3.9999998807907104,56.99999886751175,133
heterogeneity_pressure_seed9_safety05_e00_t23_u2,heterogeneity_pressure,9,safety,4,2,laser,0.25,0.9999999701976776,4.0,2.999999910593033,4.0,2.999999910593033,0.0,0.0,1.0000000894069672,0.2500000223517418,0.2500000223517418,0.2499999925494194,-2.9802322387695312e-08,0.0,0.9999999701976776,0.9999999701976776,7.999999761581421,0.0,0.4490943776877041,0.0,8.999999731779099,38.99999913573265,97
heterogeneity_pressure_seed9_safety05_e00_t23_u2,heterogeneity_pressure,9,safety,5,2,laser,0.25,0.9999999701976776,4.0,2.999999910593033,4.0,2.999999910593033,0.0,0.0,1.0000000894069672,0.2500000223517418,0.2500000223517418,0.2499999925494194,-2.9802322387695312e-08,0.0,0.6672087609767914,0.6672087609767914,1.3344175219535828,0.0,0.0,0.0,5.999999821186066,48.34742742776871,107
heterogeneity_pressure_seed9_safety05_e00_t23_u2,heterogeneity_pressure,9,safety,6,2,laser,0.25,0.9999999701976776,3.0,2.999999910593033,3.0,2.999999910593033,0.0,0.0,8.940696716308594e-08,2.2351741790771484e-08,2.2351741790771484e-08,0.2499999925494194,0.2499999701976776,0.0,0.0,0.0,0.0,0.0,0.0,0.0,,23.999999523162842,56
heterogeneity_pressure_seed9_safety05_e00_t23_u2,heterogeneity_pressure,9,safety,7,2,laser,0.25,0.9999999701976776,4.0,2.999999910593033,4.0,2.999999910593033,0.0,0.0,1.0000000894069672,0.2500000223517418,0.2500000223517418,0.2499999925494194,-2.9802322387695312e-08,0.0,0.9999999701976776,0.9999999701976776,1.9999999403953552,0.0,0.0,0.0,6.999999791383743,56.99999886751175,133
heterogeneity_pressure_seed9_safety05_e00_t23_u2,heterogeneity_pressure,9,safety,8,2,laser,0.25,0.9999999701976776,3.0,2.999999910593033,3.0,2.999999910593033,0.0,0.0,8.940696716308594e-08,2.2351741790771484e-08,2.2351741790771484e-08,0.2499999925494194,0.2499999701976776,0.0,0.0,0.0,1.9999999403953552,0.0,0.0,0.0,,23.999999523162842,56
heterogeneity_pressure_seed9_safety05_e00_t23_u2,heterogeneity_pressure,9,safety,9,2,laser,0.25,0.9999999701976776,4.0,2.999999910593033,4.0,2.999999910593033,0.0,0.0,1.0000000894069672,0.2500000223517418,0.2500000223517418,0.2499999925494194,-2.9802322387695312e-08,0.0,0.9999999701976776,0.9999999701976776,8.999999731779099,0.0,0.0,0.0,7.999999761581421,56.99999886751175,133
heterogeneity_pressure_seed9_safety05_e00_t23_u2,heterogeneity_pressure,9,safety,10,2,laser,0.25,0.9999999701976776,4.0,2.999999910593033,4.0,2.999999910593033,0.0,0.0,1.0000000894069672,0.2500000223517418,0.2500000223517418,0.2499999925494194,-2.9802322387695312e-08,0.0,0.9999999701976776,0.9999999701976776,0.9999999701976776,0.0,0.0,0.0,3.9999998807907104,56.99999886751175,133
heterogeneity_pressure_seed9_safety05_e00_t23_u2,heterogeneity_pressure,9,safety,11,2,laser,0.25,0.9999999701976776,4.0,2.999999910593033,4.0,2.999999910593033,0.0,0.0,1.0000000894069672,0.2500000223517418,0.2500000223517418,0.2499999925494194,-2.9802322387695312e-08,0.0,0.9999999701976776,0.9999999701976776,0.9999999701976776,0.0,0.4490943776877041,0.0,7.999999761581421,36.99999916553497,93
heterogeneity_pressure_seed9_safety05_e00_t23_u2,heterogeneity_pressure,9,safety,12,2,laser,0.25,0.9999999701976776,4.0,2.999999910593033,4.0,2.999999910593033,0.0,0.0,1.0000000894069672,0.2500000223517418,0.2500000223517418,0.2499999925494194,-2.9802322387695312e-08,0.0,0.9999999701976776,0.9999999701976776,0.9999999701976776,0.0,0.0,0.0,5.999999821186066,23.999999523162842,56
heterogeneity_pressure_seed9_safety05_e00_t23_u2,heterogeneity_pressure,9,safety,13,2,laser,0.25,0.9999999701976776,4.0,2.999999910593033,4.0,2.999999910593033,0.0,0.0,1.0000000894069672,0.2500000223517418,0.2500000223517418,0.2499999925494194,-2.9802322387695312e-08,0.0,0.9999999701976776,0.9999999701976776,1.9999999403953552,0.0,0.4490943776877041,0.0,9.999999701976776,40.99999910593033,101
heterogeneity_pressure_seed9_safety05_e00_t23_u2,heterogeneity_pressure,9,safety,14,2,laser,0.25,0.9999999701976776,4.0,2.999999910593033,4.0,2.999999910593033,0.0,0.0,1.0000000894069672,0.2500000223517418,0.2500000223517418,0.2499999925494194,-2.9802322387695312e-08,0.0,0.9999999701976776,0.9999999701976776,1.9999999403953552,0.0,0.0,0.0,5.999999821186066,56.99999886751175,133
heterogeneity_pressure_seed9_safety05_e00_t23_u2,heterogeneity_pressure,9,safety,15,2,laser,0.25,0.9999999701976776,4.0,2.999999910593033,4.0,2.999999910593033,0.0,0.0,1.0000000894069672,0.2500000223517418,0.2500000223517418,0.2499999925494194,-2.9802322387695312e-08,0.0,0.9999999701976776,0.9999999701976776,0.9999999701976776,0.0,0.0,0.0,3.9999998807907104,23.999999523162842,56
heterogeneity_pressure_seed9_safety05_e00_t23_u2,heterogeneity_pressure,9,safety,16,2,laser,0.25,0.9999999701976776,4.0,2.999999910593033,4.0,2.999999910593033,0.0,0.0,1.0000000894069672,0.2500000223517418,0.2500000223517418,0.2499999925494194,-2.9802322387695312e-08,0.0,0.9999999701976776,0.9999999701976776,3.9999998807907104,0.0,0.4490943776877041,0.0,4.999999850988388,34.999999195337296,89
heterogeneity_pressure_seed9_safety05_e00_t23_u2,heterogeneity_pressure,9,safety,17,2,laser,0.25,0.9999999701976776,4.0,2.999999910593033,4.0,2.999999910593033,0.0,0.0,1.0000000894069672,0.2500000223517418,0.2500000223517418,0.2499999925494194,-2.9802322387695312e-08,0.0,0.6672087609767914,0.6672087609767914,0.6672087609767914,0.0,0.0,0.0,5.999999821186066,48.34742742776871,107
heterogeneity_pressure_seed9_safety05_e00_t23_u2,heterogeneity_pressure,9,safety,18,2,laser,0.25,0.9999999701976776,4.0,2.999999910593033,4.0,2.999999910593033,0.0,0.0,1.0000000894069672,0.2500000223517418,0.2500000223517418,0.2499999925494194,-2.9802322387695312e-08,0.0,0.9999999701976776,0.9999999701976776,1.9999999403953552,0.0,0.0,0.0,4.999999850988388,56.99999886751175,133
heterogeneity_pressure_seed9_safety05_e00_t23_u2,heterogeneity_pressure,9,safety,19,2,laser,0.25,0.9999999701976776,4.0,2.999999910593033,4.0,2.999999910593033,0.0,0.0,1.0000000894069672,0.2500000223517418,0.2500000223517418,0.2499999925494194,-2.9802322387695312e-08,0.0,0.9999999701976776,0.9999999701976776,3.9999998807907104,0.0,0.0,0.0,6.999999791383743,56.99999886751175,133
heterogeneity_pressure_seed9_safety05_e00_t23_u2,heterogeneity_pressure,9,safety,20,2,laser,0.25,0.9999999701976776,4.0,2.999999910593033,4.0,2.999999910593033,0.0,0.0,1.0000000894069672,0.2500000223517418,0.2500000223517418,0.2499999925494194,-2.9802322387695312e-08,0.0,0.9999999701976776,0.9999999701976776,1.9999999403953552,0.0,0.4490943776877041,0.0,6.999999791383743,34.999999195337296,89
heterogeneity_pressure_seed9_safety05_e00_t23_u2,heterogeneity_pressure,9,safety,21,2,laser,0.25,0.9999999701976776,4.0,2.999999910593033,4.0,2.999999910593033,0.0,0.0,1.0000000894069672,0.2500000223517418,0.2500000223517418,0.2499999925494194,-2.9802322387695312e-08,0.0,0.9999999701976776,0.9999999701976776,0.9999999701976776,0.0,0.0,0.0,4.999999850988388,23.999999523162842,56
heterogeneity_pressure_seed9_safety05_e00_t23_u2,heterogeneity_pressure,9,safety,22,2,laser,0.25,0.9999999701976776,4.0,2.999999910593033,4.0,2.999999910593033,0.0,0.0,1.0000000894069672,0.2500000223517418,0.2500000223517418,0.2499999925494194,-2.9802322387695312e-08,0.0,0.9999999701976776,0.9999999701976776,1.9999999403953552,0.0,0.0,0.0,3.9999998807907104,56.99999886751175,133
heterogeneity_pressure_seed9_safety05_e00_t23_u2,heterogeneity_pressure,9,safety,23,2,laser,0.25,0.9999999701976776,4.0,2.999999910593033,4.0,2.999999910593033,0.0,0.0,1.0000000894069672,0.2500000223517418,0.2500000223517418,0.2499999925494194,-2.9802322387695312e-08,0.0,0.9999999701976776,0.9999999701976776,1.9999999403953552,0.0,0.6212361687390031,0.0,3.9999998807907104,56.99999886751175,133
heterogeneity_pressure_seed9_safety05_e00_t23_u2,heterogeneity_pressure,9,safety,24,2,laser,0.25,0.9999999701976776,4.0,2.999999910593033,4.0,2.999999910593033,0.0,0.0,1.0000000894069672,0.2500000223517418,0.2500000223517418,0.2499999925494194,-2.9802322387695312e-08,0.0,0.9999999701976776,0.9999999701976776,5.001626193523407,0.0,0.0,0.0,5.999999821186066,49.67859226465225,111
heterogeneity_pressure_seed9_safety05_e00_t23_u2,heterogeneity_pressure,9,safety,25,2,laser,0.25,0.9999999701976776,3.0,2.999999910593033,3.0,2.999999910593033,0.0,0.0,8.940696716308594e-08,2.2351741790771484e-08,2.2351741790771484e-08,0.2499999925494194,0.2499999701976776,0.0,0.0,0.0,0.9999999701976776,0.0,0.0,0.0,,23.999999523162842,56
heterogeneity_pressure_seed9_safety05_e00_t23_u2,heterogeneity_pressure,9,safety,26,2,laser,0.25,0.9999999701976776,4.0,2.999999910593033,4.0,2.999999910593033,0.0,0.0,1.0000000894069672,0.2500000223517418,0.2500000223517418,0.2499999925494194,-2.9802322387695312e-08,0.0,0.9999999701976776,0.9999999701976776,1.9999999403953552,0.0,0.0,0.0,5.999999821186066,56.99999886751175,133
heterogeneity_pressure_seed9_safety05_e00_t23_u2,heterogeneity_pressure,9,safety,27,2,laser,0.25,0.9999999701976776,4.0,2.999999910593033,4.0,2.999999910593033,0.0,0.0,1.0000000894069672,0.2500000223517418,0.2500000223517418,0.2499999925494194,-2.9802322387695312e-08,0.0,0.9999999701976776,0.9999999701976776,0.9999999701976776,0.0,0.0,0.0,4.999999850988388,23.999999523162842,56
heterogeneity_pressure_seed9_safety05_e00_t23_u2,heterogeneity_pressure,9,safety,28,2,laser,0.25,0.9999999701976776,4.0,2.999999910593033,4.0,2.999999910593033,0.0,0.0,1.0000000894069672,0.2500000223517418,0.2500000223517418,0.2499999925494194,-2.9802322387695312e-08,0.0,0.9999999701976776,0.9999999701976776,1.665608435869217,0.0,0.15017334910473568,0.0,3.9999998807907104,52.31851780414581,119
heterogeneity_pressure_seed9_safety05_e00_t23_u2,heterogeneity_pressure,9,safety,29,2,laser,0.25,0.9999999701976776,4.0,2.999999910593033,4.0,2.999999910593033,0.0,0.0,1.0000000894069672,0.2500000223517418,0.2500000223517418,0.2499999925494194,-2.9802322387695312e-08,0.0,0.9999999701976776,0.9999999701976776,1.667208731174469,0.0,0.6212361687390029,0.0,5.999999821186066,49.345801055431366,110
heterogeneity_pressure_seed9_safety05_e00_t23_u2,heterogeneity_pressure,9,safety,30,2,laser,0.25,0.9999999701976776,4.0,2.6672087013721466,4.0,2.6672087013721466,0.0,0.0,1.3327912986278534,0.33319782465696335,0.33319782465696335,0.2499999925494194,-0.08319783210754395,0.0,0.6672087609767914,0.6672087609767914,0.6672087609767914,0.0,0.0,0.0,6.667208582162857,48.34742742776871,107
heterogeneity_pressure_seed9_safety05_e00_t23_u2,heterogeneity_pressure,9,safety,31,2,laser,0.25,0.9999999701976776,4.0,2.999999910593033,4.0,2.999999910593033,0.0,0.0,1.0000000894069672,0.2500000223517418,0.2500000223517418,0.2499999925494194,-2.9802322387695312e-08,0.0,0.9999999701976776,0.9999999701976776,1.9999999403953552,0.0,0.0,0.0,4.999999850988388,56.99999886751175,133
heterogeneity_pressure_seed9_resource00_e02_t04_u0,heterogeneity_pressure,9,resource,0,0,missile,2.8,1.0,9.0,9.0,1.0,0.0,8.0,9.0,0.0,2.55,2.55,2.55,0.0,0.0,1.0,1.0,3.0,0.0,0.0,0.0,,126.0,126
heterogeneity_pressure_seed9_resource00_e02_t04_u0,heterogeneity_pressure,9,resource,1,0,missile,2.8,1.0,6.0,5.0,1.0,0.0,5.0,5.0,1.0,2.8,2.8,2.55,-0.25,0.0,1.0,1.0,5.0,0.0,0.0,0.0,1.0,126.0,126
heterogeneity_pressure_seed9_resource00_e02_t04_u0,heterogeneity_pressure,9,resource,2,0,missile,2.8,1.0,7.0,7.0,1.0,0.0,6.0,7.0,0.0,2.55,2.55,2.55,0.0,0.0,1.0,0.0,0.0,0.0,0.0,0.0,,126.0,126
heterogeneity_pressure_seed9_resource00_e02_t04_u0,heterogeneity_pressure,9,resource,3,0,missile,2.8,1.0,8.0,7.0,1.0,0.0,7.0,7.0,1.0,2.8,2.8,2.55,-0.25,0.0,1.0,1.0,1.0,0.0,0.0,0.0,7.0,126.0,126
heterogeneity_pressure_seed9_resource00_e02_t04_u0,heterogeneity_pressure,9,resource,4,0,missile,2.8,1.0,8.0,8.0,1.0,0.0,7.0,8.0,0.0,2.55,2.55,2.55,0.0,0.0,1.0,-3.0,-3.0,0.0,0.0,0.0,,126.0,126
heterogeneity_pressure_seed9_resource00_e02_t04_u0,heterogeneity_pressure,9,resource,5,0,missile,2.8,1.0,7.0,5.0,1.0,0.0,6.0,5.0,2.0,3.05,3.05,2.55,-0.5,0.0,1.0,1.0,2.0,0.0,0.0,0.0,1.0,126.0,126
heterogeneity_pressure_seed9_resource00_e02_t04_u0,heterogeneity_pressure,9,resource,6,0,missile,2.8,1.0,9.0,6.0,1.0,0.0,8.0,6.0,3.0,3.3,3.3,2.8,-0.5,0.0,1.0,1.0,1.0,0.0,0.0,0.0,1.0,126.0,126
heterogeneity_pressure_seed9_resource00_e02_t04_u0,heterogeneity_pressure,9,resource,7,0,missile,2.8,1.0,6.0,5.0,1.0,0.0,5.0,5.0,1.0,2.8,2.8,2.55,-0.25,0.0,1.0,1.0,3.0,0.0,0.0,0.0,1.0,126.0,126
heterogeneity_pressure_seed9_resource00_e02_t04_u0,heterogeneity_pressure,9,resource,8,0,missile,2.8,1.0,6.0,9.0,1.0,0.0,5.0,9.0,-3.0,1.7999999999999998,1.7999999999999998,2.55,0.75,0.0,1.0,-3.0,-4.0,0.0,0.0,0.0,,126.0,126
heterogeneity_pressure_seed9_resource00_e02_t04_u0,heterogeneity_pressure,9,resource,9,0,missile,2.8,1.0,6.0,5.0,1.0,0.0,5.0,5.0,1.0,2.8,2.8,2.8,0.0,0.0,1.0,1.0,1.0,0.0,0.0,0.0,1.0,126.0,126
heterogeneity_pressure_seed9_resource00_e02_t04_u0,heterogeneity_pressure,9,resource,10,0,missile,2.8,1.0,5.0,4.0,1.0,0.0,4.0,4.0,1.0,2.8,2.8,2.55,-0.25,0.0,1.0,1.0,2.0,0.0,0.0,0.0,8.0,126.0,126
heterogeneity_pressure_seed9_resource00_e02_t04_u0,heterogeneity_pressure,9,resource,11,0,missile,2.8,1.0,6.0,5.0,1.0,0.0,5.0,5.0,1.0,2.8,2.8,2.55,-0.25,0.0,1.0,1.0,2.0,0.0,0.0,0.0,1.0,120.0,120
heterogeneity_pressure_seed9_resource00_e02_t04_u0,heterogeneity_pressure,9,resource,12,0,missile,2.8,1.0,7.0,6.0,1.0,0.0,6.0,6.0,1.0,2.8,2.8,2.55,-0.25,0.0,1.0,1.0,2.0,0.0,0.0,0.0,8.0,126.0,126
heterogeneity_pressure_seed9_resource00_e02_t04_u0,heterogeneity_pressure,9,resource,13,0,missile,2.8,1.0,7.0,5.0,1.0,0.0,6.0,5.0,2.0,3.05,3.05,2.55,-0.5,0.0,1.0,1.0,2.0,0.0,0.0,0.0,1.0,126.0,126
heterogeneity_pressure_seed9_resource00_e02_t04_u0,heterogeneity_pressure,9,resource,14,0,missile,2.8,1.0,7.0,6.0,1.0,0.0,6.0,6.0,1.0,2.8,2.8,2.8,0.0,0.0,1.0,1.0,2.0,0.0,0.0,0.0,8.0,126.0,126
heterogeneity_pressure_seed9_resource00_e02_t04_u0,heterogeneity_pressure,9,resource,15,0,missile,2.8,1.0,9.0,9.0,1.0,0.0,8.0,9.0,0.0,2.55,2.55,2.55,0.0,0.0,1.0,1.0,3.0,0.0,0.541757788798226,0.0,,126.0,126
heterogeneity_pressure_seed9_resource00_e02_t04_u0,heterogeneity_pressure,9,resource,16,0,missile,2.8,1.0,5.0,4.0,1.0,0.0,4.0,4.0,1.0,2.8,2.8,2.8,0.0,0.0,1.0,1.0,1.0,0.0,0.0,0.0,1.0,123.0,123
heterogeneity_pressure_seed9_resource00_e02_t04_u0,heterogeneity_pressure,9,resource,17,0,missile,2.8,1.0,6.0,4.0,1.0,0.0,5.0,4.0,2.0,3.05,3.05,2.8,-0.25,0.0,1.0,1.0,1.0,0.0,0.0,0.0,1.0,126.0,126
heterogeneity_pressure_seed9_resource00_e02_t04_u0,heterogeneity_pressure,9,resource,18,0,missile,2.8,1.0,5.0,4.0,1.0,0.0,4.0,4.0,1.0,2.8,2.8,2.55,-0.25,0.0,1.0,1.0,1.0,0.0,0.0,0.0,1.0,126.0,126
heterogeneity_pressure_seed9_resource00_e02_t04_u0,heterogeneity_pressure,9,resource,19,0,missile,2.8,1.0,6.0,5.0,1.0,0.0,5.0,5.0,1.0,2.8,2.8,2.55,-0.25,0.0,1.0,1.0,1.0,0.0,0.0,0.0,7.0,126.0,126
heterogeneity_pressure_seed9_resource00_e02_t04_u0,heterogeneity_pressure,9,resource,20,0,missile,2.8,1.0,7.0,9.0,1.0,0.0,6.0,9.0,-2.0,2.05,2.05,2.55,0.5,0.0,1.0,-2.0,2.0,0.0,0.0,0.0,6.0,126.0,126
heterogeneity_pressure_seed9_resource00_e02_t04_u0,heterogeneity_pressure,9,resource,21,0,missile,2.8,1.0,7.0,6.0,1.0,0.0,6.0,6.0,1.0,2.8,2.8,2.8,0.0,0.0,1.0,1.0,1.0,0.0,0.0,0.0,1.0,126.0,126
heterogeneity_pressure_seed9_resource00_e02_t04_u0,heterogeneity_pressure,9,resource,22,0,missile,2.8,1.0,7.0,6.0,1.0,0.0,6.0,6.0,1.0,2.8,2.8,2.55,-0.25,0.0,1.0,1.0,2.0,0.0,0.0,0.0,8.0,126.0,126
heterogeneity_pressure_seed9_resource00_e02_t04_u0,heterogeneity_pressure,9,resource,23,0,missile,2.8,1.0,8.0,5.0,1.0,0.0,7.0,5.0,3.0,3.3,3.3,2.55,-0.75,0.0,1.0,1.0,1.0,0.0,0.0,0.0,1.0,126.0,126
heterogeneity_pressure_seed9_resource00_e02_t04_u0,heterogeneity_pressure,9,resource,24,0,missile,2.8,1.0,7.0,6.0,1.0,0.0,6.0,6.0,1.0,2.8,2.8,2.55,-0.25,0.0,1.0,1.0,1.0,0.0,0.0,0.0,1.0,126.0,126
heterogeneity_pressure_seed9_resource00_e02_t04_u0,heterogeneity_pressure,9,resource,25,0,missile,2.8,1.0,9.0,9.0,1.0,0.0,8.0,9.0,0.0,2.55,2.55,2.55,0.0,0.0,1.0,-4.0,-5.0,0.0,0.0,0.0,2.0,126.0,126
heterogeneity_pressure_seed9_resource00_e02_t04_u0,heterogeneity_pressure,9,resource,26,0,missile,2.8,1.0,6.0,4.0,1.0,0.0,5.0,4.0,2.0,3.05,3.05,2.8,-0.25,0.0,1.0,1.0,1.0,0.0,0.0,0.0,1.0,120.0,120
heterogeneity_pressure_seed9_resource00_e02_t04_u0,heterogeneity_pressure,9,resource,27,0,missile,2.8,1.0,6.0,5.0,1.0,0.0,5.0,5.0,1.0,2.8,2.8,2.55,-0.25,0.0,1.0,1.0,1.0,0.0,0.0,0.0,10.0,126.0,126
heterogeneity_pressure_seed9_resource00_e02_t04_u0,heterogeneity_pressure,9,resource,28,0,missile,2.8,1.0,6.0,5.0,1.0,0.0,5.0,5.0,1.0,2.8,2.8,2.55,-0.25,0.0,1.0,1.0,1.0,0.0,0.0,0.0,1.0,126.0,126
heterogeneity_pressure_seed9_resource00_e02_t04_u0,heterogeneity_pressure,9,resource,29,0,missile,2.8,1.0,6.0,5.0,1.0,0.0,5.0,5.0,1.0,2.8,2.8,2.55,-0.25,0.0,1.0,1.0,1.0,0.0,0.0,0.0,1.0,126.0,126
heterogeneity_pressure_seed9_resource00_e02_t04_u0,heterogeneity_pressure,9,resource,30,0,missile,2.8,1.0,4.0,3.0,1.0,0.0,3.0,3.0,1.0,2.8,2.8,2.55,-0.25,0.0,1.0,1.0,1.0,0.0,0.0,0.0,1.0,126.0,126
heterogeneity_pressure_seed9_resource00_e02_t04_u0,heterogeneity_pressure,9,resource,31,0,missile,2.8,1.0,5.0,4.0,1.0,0.0,4.0,4.0,1.0,2.8,2.8,2.8,0.0,0.0,1.0,1.0,1.0,0.0,0.0,0.0,7.0,126.0,126
heterogeneity_pressure_seed9_resource01_e10_t04_u0,heterogeneity_pressure,9,resource,0,0,missile,2.8,0.9999999552965164,7.0,6.247945070266724,1.0,0.0,6.0,6.247945070266724,0.7520549297332764,2.738013732433319,2.738013732433319,2.7380134619772436,-2.704560753130636e-07,0.0,0.9999999552965164,0.9999999552965164,3.9999998211860657,0.0,0.0,0.0,0.9999999552965164,89.99999731779099,270
heterogeneity_pressure_seed9_resource01_e10_t04_u0,heterogeneity_pressure,9,resource,1,0,missile,2.8,0.9999999552965164,8.0,6.999999687075615,1.0,0.0,7.0,6.999999687075615,1.000000312924385,2.800000078231096,2.800000078231096,2.7999998077750208,-2.704560753130636e-07,0.0,0.9999999552965164,0.9999999552965164,3.7393136024475098,0.0,0.0,0.0,1.9999999105930328,116.99999651312828,351
heterogeneity_pressure_seed9_resource01_e10_t04_u0,heterogeneity_pressure,9,resource,2,0,missile,2.8,0.9999999552965164,8.0,6.999999687075615,1.0,0.0,7.0,6.999999687075615,1.000000312924385,2.800000078231096,2.800000078231096,2.7999998077750208,-2.704560753130636e-07,0.0,0.9999999552965164,0.9999999552965164,2.0127407908439636,0.0,0.5187955310922694,0.0,1.9999999105930328,116.99999651312828,351
heterogeneity_pressure_seed9_resource01_e10_t04_u0,heterogeneity_pressure,9,resource,3,0,missile,2.8,0.9999999552965164,8.0,6.999999687075615,1.0,0.0,7.0,6.999999687075615,1.000000312924385,2.8000001341104506,2.8000001341104506,2.7999998636543753,-2.704560753130636e-07,0.0,0.9999999552965164,0.9999999552965164,3.2434229254722595,0.0,0.0,0.0,0.9999999552965164,111.04930838942528,327
heterogeneity_pressure_seed9_resource01_e10_t04_u0,heterogeneity_pressure,9,resource,4,0,missile,2.8,0.9999999552965164,8.0,6.999999687075615,1.0,0.0,7.0,6.999999687075615,1.000000312924385,2.8000001341104506,2.8000001341104506,2.7999998636543753,-2.704560753130636e-07,0.0,0.9999999552965164,0.9999999552965164,8.504921361804008,0.0,0.0,0.0,2.9999998658895493,116.99999651312828,351
heterogeneity_pressure_seed9_resource01_e10_t04_u0,heterogeneity_pressure,9,resource,5,0,missile,2.8,0.9999999552965164,9.0,7.999999642372131,1.0,0.0,8.0,7.999999642372131,1.0000003576278687,2.8000001452863215,2.8000001452863215,2.799999874830246,-2.704560753130636e-07,0.0,0.9999999552965164,0.9999999552965164,3.4913682639598846,0.0,0.0,0.0,0.9999999552965164,116.99999651312828,351
heterogeneity_pressure_seed9_resource01_e10_t04_u0,heterogeneity_pressure,9,resource,6,0,missile,2.8,0.9999999552965164,8.0,6.999999687075615,1.0,0.0,7.0,6.999999687075615,1.000000312924385,2.8000001341104506,2.8000001341104506,2.7999998636543753,-2.704560753130636e-07,0.0,0.9999999552965164,0.9999999552965164,3.7393136024475098,0.0,0.0,0.0,0.9999999552965164,116.99999651312828,351
heterogeneity_pressure_seed9_resource01_e10_t04_u0,heterogeneity_pressure,9,resource,7,0,missile,2.8,0.9999999552965164,8.0,6.999999687075615,1.0,0.0,7.0,6.999999687075615,1.000000312924385,2.800000078231096,2.800000078231096,2.7999998077750208,-2.704560753130636e-07,0.0,0.9999999552965164,0.9999999552965164,3.243829146027565,0.0,0.0,0.0,0.9999999552965164,116.99999651312828,351
heterogeneity_pressure_seed9_resource01_e10_t04_u0,heterogeneity_pressure,9,resource,8,0,missile,2.8,0.9999999552965164,8.0,6.999999687075615,1.0,0.0,7.0,6.999999687075615,1.000000312924385,2.8000001341104506,2.8000001341104506,2.7999998636543753,-2.704560753130636e-07,0.0,0.9999999552965164,0.9999999552965164,4.23520427942276,0.0,0.17398964364089764,0.0,0.9999999552965164,116.99999651312828,351
heterogeneity_pressure_seed9_resource01_e10_t04_u0,heterogeneity_pressure,9,resource,9,0,missile,2.8,0.9999999552965164,8.0,6.999999687075615,1.0,0.0,7.0,6.999999687075615,1.000000312924385,2.800000078231096,2.800000078231096,2.7999998077750208,-2.704560753130636e-07,0.0,0.9999999552965164,0.9999999552965164,7.264382228255272,0.0,0.5277361356144288,0.0,0.9999999552965164,116.99999651312828,351
heterogeneity_pressure_seed9_resource01_e10_t04_u0,heterogeneity_pressure,9,resource,10,0,missile,2.8,0.9999999552965164,7.0,6.247945070266724,1.0,0.0,6.0,6.247945070266724,0.7520549297332764,2.738013732433319,2.738013732433319,2.7380134619772436,-2.704560753130636e-07,0.0,0.9999999552965164,0.9999999552965164,2.0164371132850647,0.0,0.8222121926615319,0.0,0.9999999552965164,116.99999651312828,351
heterogeneity_pressure_seed9_resource01_e10_t04_u0,heterogeneity_pressure,9,resource,11,0,missile,2.8,0.9999999552965164,7.0,5.9999997317790985,1.0,0.0,6.0,5.9999997317790985,1.0000002682209015,2.800000067055225,2.800000067055225,2.79999979659915,-2.704560753130636e-07,0.0,0.9999999552965164,0.9999999552965164,2.0127407908439636,0.0,0.0,0.0,0.9999999552965164,116.99999651312828,351
heterogeneity_pressure_seed9_resource01_e10_t04_u0,heterogeneity_pressure,9,resource,12,0,missile,2.8,0.9999999552965164,8.0,6.999999687075615,1.0,0.0,7.0,6.999999687075615,1.000000312924385,2.800000078231096,2.800000078231096,2.7999998077750208,-2.704560753130636e-07,0.0,0.9999999552965164,0.9999999552965164,3.260686084628105,0.0,0.0,0.0,0.9999999552965164,116.99999651312828,351
heterogeneity_pressure_seed9_resource01_e10_t04_u0,heterogeneity_pressure,9,resource,13,0,missile,2.8,0.9999999552965164,7.0,6.247945070266724,1.0,0.0,6.0,6.247945070266724,0.7520549297332764,2.738013732433319,2.738013732433319,2.7380134619772436,-2.704560753130636e-07,0.0,0.9999999552965164,0.5041092783212662,-4.405418306589127,0.0,0.17110129925893847,0.0,1.9999999105930328,111.2972537279129,328
heterogeneity_pressure_seed9_resource01_e10_t04_u0,heterogeneity_pressure,9,resource,14,0,missile,2.8,0.9999999552965164,9.0,7.999999642372131,1.0,0.0,8.0,7.999999642372131,1.0000003576278687,2.8000001452863215,2.8000001452863215,2.799999874830246,-2.704560753130636e-07,0.0,0.9999999552965164,0.9999999552965164,2.504109188914299,0.0,0.0,0.0,0.9999999552965164,116.99999651312828,351
heterogeneity_pressure_seed9_resource01_e10_t04_u0,heterogeneity_pressure,9,resource,15,0,missile,2.8,0.9999999552965164,7.0,5.9999997317790985,1.0,0.0,6.0,5.9999997317790985,1.0000002682209015,2.800000067055225,2.800000067055225,2.79999979659915,-2.704560753130636e-07,0.0,0.9999999552965164,0.9999999552965164,1.9999999105930328,0.0,0.0,0.0,23.999998927116394,116.99999651312828,351
heterogeneity_pressure_seed9_resource01_e10_t04_u0,heterogeneity_pressure,9,resource,16,0,missile,2.8,0.9999999552965164,7.0,6.247945070266724,1.0,0.0,6.0,6.247945070266724,0.7520549297332764,2.738013732433319,2.738013732433319,2.7380134619772436,-2.704560753130636e-07,0.0,0.9999999552965164,0.9999999552965164,2.752054527401924,0.0,0.0,0.0,0.9999999552965164,116.99999651312828,351
heterogeneity_pressure_seed9_resource01_e10_t04_u0,heterogeneity_pressure,9,resource,17,0,missile,2.8,0.9999999552965164,8.0,6.999999687075615,1.0,0.0,7.0,6.999999687075615,1.000000312924385,2.8000001341104506,2.8000001341104506,2.7999998636543753,-2.704560753130636e-07,0.0,0.9999999552965164,0.9999999552965164,7.983548924326897,0.0,0.0,0.0,0.9999999552965164,116.99999651312828,351
heterogeneity_pressure_seed9_resource01_e10_t04_u0,heterogeneity_pressure,9,resource,18,0,missile,2.8,0.9999999552965164,7.0,6.260685950517654,1.0,0.0,6.0,6.260685950517654,0.7393140494823456,2.734828512370586,2.734828512370586,2.734828241914511,-2.704560753130636e-07,0.0,0.9999999552965164,0.9999999552965164,3.7853621393442154,0.0,0.3450909428998359,0.0,0.9999999552965164,116.99999651312828,351
heterogeneity_pressure_seed9_resource01_e10_t04_u0,heterogeneity_pressure,9,resource,19,0,missile,2.8,0.9999999552965164,7.0,6.260685950517654,1.0,0.0,6.0,6.260685950517654,0.7393140494823456,2.734828512370586,2.734828512370586,2.734828241914511,-2.704560753130636e-07,0.0,0.9999999552965164,0.9999999552965164,3.243829146027565,0.0,0.0,0.0,0.9999999552965164,103.611069470644,324
heterogeneity_pressure_seed9_resource01_e10_t04_u0,heterogeneity_pressure,9,resource,20,0,missile,2.8,0.9999999552965164,7.0,6.260685950517654,1.0,0.0,6.0,6.260685950517654,0.7393140494823456,2.734828512370586,2.734828512370586,2.734828241914511,-2.704560753130636e-07,0.0,0.9999999552965164,0.9999999552965164,13.257382020354271,0.0,0.0,0.0,3.9999998211860657,94.45570144057274,288
heterogeneity_pressure_seed9_resource01_e10_t04_u0,heterogeneity_pressure,9,resource,21,0,missile,2.8,0.9999999552965164,7.0,6.260685950517654,1.0,0.0,6.0,6.260685950517654,0.7393140494823456,2.734828512370586,2.734828512370586,2.734828241914511,-2.704560753130636e-07,0.0,0.9999999552965164,0.9999999552965164,12.393137142062187,0.0,0.2177102037947536,0.0,0.9999999552965164,116.99999651312828,351
heterogeneity_pressure_seed9_resource01_e10_t04_u0,heterogeneity_pressure,9,resource,22,0,missile,2.8,0.9999999552965164,8.0,6.999999687075615,1.0,0.0,7.0,6.999999687075615,1.000000312924385,2.800000078231096,2.800000078231096,2.7999998077750208,-2.704560753130636e-07,0.0,0.9999999552965164,0.9999999552965164,13.99999937415123,0.0,0.7017257792553262,0.0,0.9999999552965164,116.99999651312828,351
heterogeneity_pressure_seed9_resource01_e10_t04_u0,heterogeneity_pressure,9,resource,23,0,missile,2.8,0.9999999552965164,8.0,6.999999687075615,1.0,0.0,7.0,6.999999687075615,1.000000312924385,2.8000001341104506,2.8000001341104506,2.7999998636543753,-2.704560753130636e-07,0.0,0.9999999552965164,0.9999999552965164,2.4917745292186737,0.0,0.0,0.0,1.9999999105930328,116.99999651312828,351
heterogeneity_pressure_seed9_resource01_e10_t04_u0,heterogeneity_pressure,9,resource,24,0,missile,2.8,0.9999999552965164,8.0,6.999999687075615,1.0,0.0,7.0,6.999999687075615,1.000000312924385,2.800000078231096,2.800000078231096,2.7999998077750208,-2.704560753130636e-07,0.0,0.9999999552965164,0.9999999552965164,2.2438291907310486,0.0,0.0,0.0,0.9999999552965164,116.99999651312828,351
heterogeneity_pressure_seed9_resource01_e10_t04_u0,heterogeneity_pressure,9,resource,25,0,missile,2.8,0.9999999552965164,7.0,5.9999997317790985,1.0,0.0,6.0,5.9999997317790985,1.0000002682209015,2.800000067055225,2.800000067055225,2.79999979659915,-2.704560753130636e-07,0.0,0.9999999552965164,0.9999999552965164,4.2134188413619995,0.0,0.48950212234110124,0.0,0.9999999552965164,108.13666507601738,317
heterogeneity_pressure_seed9_resource01_e10_t04_u0,heterogeneity_pressure,9,resource,26,0,missile,2.8,0.9999999552965164,7.0,6.247945070266724,1.0,0.0,6.0,6.247945070266724,0.7520549297332764,2.738013732433319,2.738013732433319,2.7380134619772436,-2.704560753130636e-07,0.0,0.9999999552965164,0.9999999552965164,3.49177448451519,0.0,0.0,0.0,0.9999999552965164,99.14805337786674,306
heterogeneity_pressure_seed9_resource01_e10_t04_u0,heterogeneity_pressure,9,resource,27,0,missile,2.8,0.9999999552965164,9.0,7.999999642372131,1.0,0.0,8.0,7.999999642372131,1.0000003576278687,2.8000001452863215,2.8000001452863215,2.799999874830246,-2.704560753130636e-07,0.0,0.9999999552965164,0.9999999552965164,8.504108920693398,0.0,0.0,0.0,0.9999999552965164,116.99999651312828,351
heterogeneity_pressure_seed9_resource01_e10_t04_u0,heterogeneity_pressure,9,resource,28,0,missile,2.8,0.9999999552965164,8.0,6.999999687075615,1.0,0.0,7.0,6.999999687075615,1.000000312924385,2.800000078231096,2.800000078231096,2.7999998077750208,-2.704560753130636e-07,0.0,0.9999999552965164,0.9999999552965164,3.217941164970398,0.0,0.1829302481630568,0.0,1.9999999105930328,116.99999651312828,351
heterogeneity_pressure_seed9_resource01_e10_t04_u0,heterogeneity_pressure,9,resource,29,0,missile,2.8,0.9999999552965164,8.0,6.999999687075615,1.0,0.0,7.0,6.999999687075615,1.000000312924385,2.8000001341104506,2.8000001341104506,2.7999998636543753,-2.704560753130636e-07,0.0,0.9999999552965164,0.9999999552965164,3.016450583934784,0.0,0.0,0.0,1.9999999105930328,116.99999651312828,351
heterogeneity_pressure_seed9_resource01_e10_t04_u0,heterogeneity_pressure,9,resource,30,0,missile,2.8,0.9999999552965164,8.0,6.999999687075615,1.0,0.0,7.0,6.999999687075615,1.000000312924385,2.8000001341104506,2.8000001341104506,2.7999998636543753,-2.704560753130636e-07,0.0,0.9999999552965164,0.9999999552965164,3.9999998211860657,0.0,0.0,0.0,0.9999999552965164,116.99999651312828,351
heterogeneity_pressure_seed9_resource01_e10_t04_u0,heterogeneity_pressure,9,resource,31,0,missile,2.8,0.9999999552965164,9.0,7.999999642372131,1.0,0.0,8.0,7.999999642372131,1.0000003576278687,2.8000001452863215,2.8000001452863215,2.799999874830246,-2.704560753130636e-07,0.0,0.9999999552965164,0.9999999552965164,12.760272681713104,0.0,0.0,0.0,8.52054612338543,94.46301341056824,288
heterogeneity_pressure_seed9_resource02_e07_t04_u0,heterogeneity_pressure,9,resource,0,0,missile,2.8,0.9999999850988388,7.0,5.999999910593033,1.0,0.0,6.0,5.999999910593033,1.0000000894069672,2.8000000223517416,2.8000000223517416,2.7999999359250065,-8.642673510195209e-08,0.0,0.9999999850988388,0.9999999850988388,4.999999925494194,0.0,0.0,0.0,0.9999999850988388,107.9999989271164,396
heterogeneity_pressure_seed9_resource02_e07_t04_u0,heterogeneity_pressure,9,resource,1,0,missile,2.8,0.9999999850988388,6.0,5.59068700671196,1.0,0.0,5.0,5.59068700671196,0.40931299328804016,2.65232824832201,2.65232824832201,2.6523281618952748,-8.642673510195209e-08,0.0,0.9999999850988388,0.9999999850988388,4.803767502307892,0.0,0.0,0.0,1.8037675470113754,107.9999989271164,396
heterogeneity_pressure_seed9_resource02_e07_t04_u0,heterogeneity_pressure,9,resource,2,0,missile,2.8,0.9999999850988388,7.0,6.196232333779335,1.0,0.0,6.0,6.196232333779335,0.803767666220665,2.7509419351816176,2.7509419351816176,2.7509418487548825,-8.642673510195209e-08,0.0,0.9999999850988388,0.9999999850988388,8.026939705014229,1.4082352966070175,0.0,0.0,0.9999999850988388,107.9999989271164,396
heterogeneity_pressure_seed9_resource02_e07_t04_u0,heterogeneity_pressure,9,resource,3,0,missile,2.8,0.9999999850988388,6.0,5.196232348680496,1.0,0.0,5.0,5.196232348680496,0.8037676513195038,2.7509419128298758,2.7509419128298758,2.7509418264031407,-8.642673510195209e-08,0.0,0.9999999850988388,0.9999999850988388,2.9999999552965164,0.0,0.0,0.0,1.9999999701976776,107.9999989271164,396
heterogeneity_pressure_seed9_resource02_e07_t04_u0,heterogeneity_pressure,9,resource,4,0,missile,2.8,0.9999999850988388,8.0,6.999999895691872,1.0,0.0,7.0,6.999999895691872,1.0000001043081284,2.8000000447034834,2.8000000447034834,2.7999999582767483,-8.642673510195209e-08,0.0,0.9999999850988388,0.9999999850988388,4.606001377105713,0.0,0.0,0.0,1.9999999701976776,107.9999989271164,396
heterogeneity_pressure_seed9_resource02_e07_t04_u0,heterogeneity_pressure,9,resource,5,0,missile,2.8,0.9999999850988388,7.0,5.999999910593033,1.0,0.0,6.0,5.999999910593033,1.0000000894069672,2.8000000223517416,2.8000000223517416,2.7999999359250065,-8.642673510195209e-08,0.0,0.9999999850988388,0.9999999850988388,4.194698661565781,0.0,0.21212734695569235,0.0,0.9999999850988388,103.7301327586174,375
heterogeneity_pressure_seed9_resource02_e07_t04_u0,heterogeneity_pressure,9,resource,6,0,missile,2.8,0.9999999850988388,7.0,5.999999910593033,1.0,0.0,6.0,5.999999910593033,1.0000000894069672,2.8000000223517416,2.8000000223517416,2.7999999359250065,-8.642673510195209e-08,0.0,0.9999999850988388,0.9999999850988388,1.9995438605546951,0.0,0.0,0.0,0.9999999850988388,107.9999989271164,396
heterogeneity_pressure_seed9_resource02_e07_t04_u0,heterogeneity_pressure,9,resource,7,0,missile,2.8,0.9999999850988388,6.0,5.399437874555588,1.0,0.0,5.0,5.399437874555588,0.6005621254444122,2.700140531361103,2.700140531361103,2.700140444934368,-8.642673510195209e-08,0.0,0.9999999850988388,0.9999999850988388,4.802233800292015,0.0,0.0,0.0,0.9999999850988388,107.9999989271164,396
heterogeneity_pressure_seed9_resource02_e07_t04_u0,heterogeneity_pressure,9,resource,8,0,missile,2.8,0.9999999850988388,8.0,6.999999895691872,1.0,0.0,7.0,6.999999895691872,1.0000001043081284,2.8000000447034834,2.8000000447034834,2.7999999582767483,-8.642673510195209e-08,0.0,0.9999999850988388,0.9999999850988388,4.606001377105713,0.0,0.0,0.0,0.9999999850988388,107.9999989271164,396
heterogeneity_pressure_seed9_resource02_e07_t04_u0,heterogeneity_pressure,9,resource,9,0,missile,2.8,0.9999999850988388,7.0,5.999999910593033,1.0,0.0,6.0,5.999999910593033,1.0000000894069672,2.8000000223517416,2.8000000223517416,2.7999999359250065,-8.642673510195209e-08,0.0,0.9999999850988388,0.9999999850988388,3.9999999403953552,0.0,0.0,0.0,0.9999999850988388,107.9999989271164,396
heterogeneity_pressure_seed9_resource02_e07_t04_u0,heterogeneity_pressure,9,resource,10,0,missile,2.8,0.9999999850988388,7.0,5.796794384717941,1.0,0.0,6.0,5.796794384717941,1.2032056152820587,2.8508014038205145,2.8508014038205145,2.8508013173937794,-8.642673510195209e-08,0.0,0.9999999850988388,0.9999999850988388,4.010331004858017,0.0,0.3091298809894618,0.0,6.219961866736412,102.36085617542267,368
heterogeneity_pressure_seed9_resource02_e07_t04_u0,heterogeneity_pressure,9,resource,11,0,missile,2.8,0.9999999850988388,7.0,5.999999910593033,1.0,0.0,6.0,5.999999910593033,1.0000000894069672,2.8000000223517416,2.8000000223517416,2.7999999359250065,-8.642673510195209e-08,0.0,0.9999999850988388,0.9999999850988388,9.212002754211426,0.0,0.0,0.0,0.9999999850988388,92.51597881317139,347
heterogeneity_pressure_seed9_resource02_e07_t04_u0,heterogeneity_pressure,9,resource,12,0,missile,2.8,0.9999999850988388,6.0,5.196232348680496,1.0,0.0,5.0,5.196232348680496,0.8037676513195038,2.7509419128298758,2.7509419128298758,2.7509418264031407,-8.642673510195209e-08,0.0,0.9999999850988388,0.9999999850988388,3.7931792736053467,0.0,0.0886924512385936,0.0,4.623305544257164,102.36085617542267,368
heterogeneity_pressure_seed9_resource02_e07_t04_u0,heterogeneity_pressure,9,resource,13,0,missile,2.8,0.9999999850988388,7.0,6.196232333779335,1.0,0.0,6.0,6.196232333779335,0.803767666220665,2.7509419351816176,2.7509419351816176,2.7509418487548825,-8.642673510195209e-08,0.0,0.9999999850988388,0.9999999850988388,3.803767517209053,0.0,0.0,0.0,1.6005620211362839,107.9999989271164,396
heterogeneity_pressure_seed9_resource02_e07_t04_u0,heterogeneity_pressure,9,resource,14,0,missile,2.8,0.9999999850988388,7.0,5.999999910593033,1.0,0.0,6.0,5.999999910593033,1.0000000894069672,2.8000000223517416,2.8000000223517416,2.7999999359250065,-8.642673510195209e-08,0.0,0.9999999850988388,0.9999999850988388,4.999999925494194,0.0,0.0,0.0,8.99999986588955,93.99999913573265,326
heterogeneity_pressure_seed9_resource02_e07_t04_u0,heterogeneity_pressure,9,resource,15,0,missile,2.8,0.9999999850988388,6.0,5.59068700671196,1.0,0.0,5.0,5.59068700671196,0.40931299328804016,2.65232824832201,2.65232824832201,2.6523281618952748,-8.642673510195209e-08,0.0,0.9999999850988388,0.9999999850988388,9.789821222424507,0.19623242318630219,0.0,0.0,2.607535108923912,92.59213042259216,347
heterogeneity_pressure_seed9_resource02_e07_t04_u0,heterogeneity_pressure,9,resource,16,0,missile,2.8,0.9999999850988388,7.0,6.196232333779335,1.0,0.0,6.0,6.196232333779335,0.803767666220665,2.7509419351816176,2.7509419351816176,2.7509418487548825,-8.642673510195209e-08,0.0,0.9999999850988388,0.9999999850988388,11.308341935276985,-2.20910082757473,0.6015182434973205,0.6055453270673752,0.9999999850988388,107.9999989271164,396
heterogeneity_pressure_seed9_resource02_e07_t04_u0,heterogeneity_pressure,9,resource,17,0,missile,2.8,0.9999999850988388,7.0,5.999999910593033,1.0,0.0,6.0,5.999999910593033,1.0000000894069672,2.8000000223517416,2.8000000223517416,2.7999999359250065,-8.642673510195209e-08,0.0,0.9999999850988388,0.9999999850988388,4.803767502307892,0.0,0.0,0.0,0.9999999850988388,89.74725306034088,333
heterogeneity_pressure_seed9_resource02_e07_t04_u0,heterogeneity_pressure,9,resource,18,0,missile,2.8,0.9999999850988388,6.0,5.196232348680496,1.0,0.0,5.0,5.196232348680496,0.8037676513195038,2.7509419128298758,2.7509419128298758,2.7509418264031407,-8.642673510195209e-08,0.0,0.9999999850988388,0.9999999850988388,11.999999821186066,-2.19623239338398,0.1044458436586373,0.9999999850988388,,100.99999903142452,361
heterogeneity_pressure_seed9_resource02_e07_t04_u0,heterogeneity_pressure,9,resource,19,0,missile,2.8,0.9999999850988388,7.0,5.999999910593033,1.0,0.0,6.0,5.999999910593033,1.0000000894069672,2.8000000223517416,2.8000000223517416,2.7999999359250065,-8.642673510195209e-08,0.0,0.9999999850988388,0.9999999850988388,3.803767517209053,0.0,0.0,0.0,3.219233125448227,107.9999989271164,396
heterogeneity_pressure_seed9_resource02_e07_t04_u0,heterogeneity_pressure,9,resource,20,0,missile,2.8,0.9999999850988388,6.0,5.399437874555588,1.0,0.0,5.0,5.399437874555588,0.6005621254444122,2.700140531361103,2.700140531361103,2.700140444934368,-8.642673510195209e-08,0.0,0.9999999850988388,0.9999999850988388,12.60056185722351,-5.399437874555588,1.3355510069616678,0.9999999850988388,0.9999999850988388,100.9999989271164,389
heterogeneity_pressure_seed9_resource02_e07_t04_u0,heterogeneity_pressure,9,resource,21,0,missile,2.8,0.9999999850988388,7.0,5.796794384717941,1.0,0.0,6.0,5.796794384717941,1.2032056152820587,2.8508014038205145,2.8508014038205145,2.8508013173937794,-8.642673510195209e-08,0.0,0.9999999850988388,0.9999999850988388,11.999999821186066,0.0,0.0,0.0,3.9999999403953552,107.9999989271164,396
heterogeneity_pressure_seed9_resource02_e07_t04_u0,heterogeneity_pressure,9,resource,22,0,missile,2.8,0.9999999850988388,6.0,5.399437874555588,1.0,0.0,5.0,5.399437874555588,0.6005621254444122,2.700140531361103,2.700140531361103,2.700140444934368,-8.642673510195209e-08,0.0,0.9999999850988388,0.9999999850988388,16.816617876291275,-1.597751796245575,0.4414890748060434,0.5961264818906784,3.402248129248619,95.34576988220215,361
heterogeneity_pressure_seed9_resource02_e07_t04_u0,heterogeneity_pressure,9,resource,23,0,missile,2.8,0.9999999850988388,7.0,6.196232333779335,1.0,0.0,6.0,6.196232333779335,0.803767666220665,2.7509419351816176,2.7509419351816176,2.7509418487548825,-8.642673510195209e-08,0.0,0.9999999850988388,0.9999999850988388,11.569859236478806,-2.392464816570282,1.0092123635261772,0.9999999850988388,0.9999999850988388,107.9999989271164,396
heterogeneity_pressure_seed9_resource02_e07_t04_u0,heterogeneity_pressure,9,resource,24,0,missile,2.8,0.9999999850988388,7.0,6.196232333779335,1.0,0.0,6.0,6.196232333779335,0.803767666220665,2.7509419351816176,2.7509419351816176,2.7509418487548825,-8.642673510195209e-08,0.0,0.9999999850988388,0.9999999850988388,3.6055452823638916,0.0,0.42309884980042733,0.0,1.9999999701976776,105.23881632089615,382
heterogeneity_pressure_seed9_resource02_e07_t04_u0,heterogeneity_pressure,9,resource,25,0,missile,2.8,0.9999999850988388,7.0,5.999999910593033,1.0,0.0,6.0,5.999999910593033,1.0000000894069672,2.8000000223517416,2.8000000223517416,2.7999999359250065,-8.642673510195209e-08,0.0,0.9999999850988388,0.9999999850988388,4.999999925494194,0.0,1.0726171814201648,0.0,0.9999999850988388,100.99999903142452,361
heterogeneity_pressure_seed9_resource02_e07_t04_u0,heterogeneity_pressure,9,resource,26,0,missile,2.8,0.9999999850988388,7.0,6.196232333779335,1.0,0.0,6.0,6.196232333779335,0.803767666220665,2.7509419351816176,2.7509419351816176,2.7509418487548825,-8.642673510195209e-08,0.0,0.9999999850988388,0.9999999850988388,18.4022479057312,0.0,0.0,0.0,0.9999999850988388,107.9999989271164,396
heterogeneity_pressure_seed9_resource02_e07_t04_u0,heterogeneity_pressure,9,resource,27,0,missile,2.8,0.9999999850988388,8.0,6.999999895691872,1.0,0.0,7.0,6.999999895691872,1.0000001043081284,2.8000000447034834,2.8000000447034834,2.7999999582767483,-8.642673510195209e-08,0.0,0.9999999850988388,0.9999999850988388,19.999999701976776,0.0,0.0,0.0,0.9999999850988388,93.99999913573265,326
heterogeneity_pressure_seed9_resource02_e07_t04_u0,heterogeneity_pressure,9,resource,28,0,missile,2.8,0.9999999850988388,6.0,5.59068700671196,1.0,0.0,5.0,5.59068700671196,0.40931299328804016,2.65232824832201,2.65232824832201,2.6523281618952748,-8.642673510195209e-08,0.0,0.9999999850988388,0.9999999850988388,0.014858245849609375,0.0,0.9457725034042057,0.0,0.9999999850988388,107.9999989271164,396
heterogeneity_pressure_seed9_resource02_e07_t04_u0,heterogeneity_pressure,9,resource,29,0,missile,2.8,0.9999999850988388,6.0,5.399437874555588,1.0,0.0,5.0,5.399437874555588,0.6005621254444122,2.700140531361103,2.700140531361103,2.700140444934368,-8.642673510195209e-08,0.0,0.9999999850988388,0.9999999850988388,-3.6055452823638916,0.0,0.01336787291798558,0.0,,102.35331302881241,368
heterogeneity_pressure_seed9_resource02_e07_t04_u0,heterogeneity_pressure,9,resource,30,0,missile,2.8,0.9999999850988388,7.0,5.999999910593033,1.0,0.0,6.0,5.999999910593033,1.0000000894069672,2.8000000223517416,2.8000000223517416,2.7999999359250065,-8.642673510195209e-08,0.0,0.9999999850988388,0.9999999850988388,5.196232348680496,0.0,0.1518666560560864,0.0,0.9999999850988388,107.9999989271164,396
heterogeneity_pressure_seed9_resource02_e07_t04_u0,heterogeneity_pressure,9,resource,31,0,missile,2.8,0.9999999850988388,7.0,5.999999910593033,1.0,0.0,6.0,5.999999910593033,1.0000000894069672,2.8000000223517416,2.8000000223517416,2.7999999359250065,-8.642673510195209e-08,0.0,0.9999999850988388,0.9999999850988388,4.392920896410942,0.0,0.0,0.0,0.9999999850988388,107.9999989271164,396
heterogeneity_pressure_seed9_resource03_e02_t02_u0,heterogeneity_pressure,9,resource,0,0,missile,2.8,1.0,9.0,6.0,2.0,1.0,7.0,5.0,3.0,2.05,2.05,1.2999999999999998,-0.75,0.0,1.0,1.0,6.0,0.0,0.0,0.0,1.0,132.0,132
heterogeneity_pressure_seed9_resource03_e02_t02_u0,heterogeneity_pressure,9,resource,1,0,missile,2.8,1.0,7.0,7.0,2.0,1.0,5.0,6.0,0.0,1.2999999999999998,1.2999999999999998,1.2999999999999998,0.0,0.0,1.0,1.0,3.0,0.0,0.0,0.0,,132.0,132
heterogeneity_pressure_seed9_resource03_e02_t02_u0,heterogeneity_pressure,9,resource,2,0,missile,2.8,1.0,6.0,6.0,2.0,1.0,4.0,5.0,0.0,1.2999999999999998,1.2999999999999998,1.2999999999999998,0.0,0.0,1.0,1.0,1.0,0.0,0.0,0.0,,123.0,123
heterogeneity_pressure_seed9_resource03_e02_t02_u0,heterogeneity_pressure,9,resource,3,0,missile,2.8,1.0,7.0,7.0,2.0,1.0,5.0,6.0,0.0,1.2999999999999998,1.2999999999999998,1.2999999999999998,0.0,0.0,1.0,1.0,1.0,0.0,0.0,0.0,1.0,132.0,132
heterogeneity_pressure_seed9_resource03_e02_t02_u0,heterogeneity_pressure,9,resource,4,0,missile,2.8,1.0,7.0,6.0,2.0,1.0,5.0,5.0,1.0,2.8,2.8,2.55,-0.25,0.0,1.0,1.0,1.0,0.0,0.0,0.0,9.0,132.0,132
heterogeneity_pressure_seed9_resource03_e02_t02_u0,heterogeneity_pressure,9,resource,5,0,missile,2.8,1.0,8.0,8.0,2.0,1.0,6.0,7.0,0.0,1.2999999999999998,1.2999999999999998,1.2999999999999998,0.0,0.0,1.0,1.0,1.0,0.0,0.0,0.0,,132.0,132
heterogeneity_pressure_seed9_resource03_e02_t02_u0,heterogeneity_pressure,9,resource,6,0,missile,2.8,1.0,5.0,5.0,2.0,1.0,3.0,4.0,0.0,1.2999999999999998,1.2999999999999998,1.2999999999999998,0.0,0.0,1.0,1.0,1.0,0.0,0.0,0.0,11.0,126.0,126
heterogeneity_pressure_seed9_resource03_e02_t02_u0,heterogeneity_pressure,9,resource,7,0,missile,2.8,1.0,9.0,10.0,2.0,1.0,7.0,9.0,-1.0,1.0499999999999998,1.0499999999999998,1.2999999999999998,0.25,0.0,1.0,1.0,1.0,0.0,0.0,0.0,,132.0,132
heterogeneity_pressure_seed9_resource03_e02_t02_u0,heterogeneity_pressure,9,resource,8,0,missile,2.8,1.0,9.0,9.0,2.0,1.0,7.0,8.0,0.0,2.55,2.55,2.8,0.25,0.0,1.0,-2.0,-2.0,0.0,0.0,0.0,,132.0,132
heterogeneity_pressure_seed9_resource03_e02_t02_u0,heterogeneity_pressure,9,resource,9,0,missile,2.8,1.0,6.0,4.0,2.0,1.0,4.0,3.0,2.0,3.05,3.05,2.55,-0.5,0.0,1.0,1.0,3.0,0.0,0.0,0.0,1.0,132.0,132
heterogeneity_pressure_seed9_resource03_e02_t02_u0,heterogeneity_pressure,9,resource,10,0,missile,2.8,1.0,8.0,11.0,2.0,1.0,6.0,10.0,-3.0,1.7999999999999998,1.7999999999999998,2.55,0.75,0.0,1.0,-3.0,-3.0,0.0,0.0,0.0,,132.0,132
heterogeneity_pressure_seed9_resource03_e02_t02_u0,heterogeneity_pressure,9,resource,11,0,missile,2.8,1.0,9.0,3.0,2.0,1.0,7.0,2.0,6.0,2.8,2.8,1.2999999999999998,-1.5,0.0,1.0,7.0,11.0,0.0,-0.4117320819224364,0.0,18.0,108.0,108
heterogeneity_pressure_seed9_resource03_e02_t02_u0,heterogeneity_pressure,9,resource,12,0,missile,2.8,1.0,6.0,6.0,2.0,1.0,4.0,5.0,0.0,1.2999999999999998,1.2999999999999998,1.2999999999999998,0.0,0.0,1.0,1.0,2.0,0.0,0.0,0.0,12.0,132.0,132
heterogeneity_pressure_seed9_resource03_e02_t02_u0,heterogeneity_pressure,9,resource,13,0,missile,2.8,1.0,9.0,9.0,2.0,1.0,7.0,8.0,0.0,1.2999999999999998,1.2999999999999998,1.2999999999999998,0.0,0.0,1.0,1.0,1.0,0.0,0.0,0.0,9.0,132.0,132
heterogeneity_pressure_seed9_resource03_e02_t02_u0,heterogeneity_pressure,9,resource,14,0,missile,2.8,1.0,9.0,6.0,2.0,1.0,7.0,5.0,3.0,2.05,2.05,1.2999999999999998,-0.75,0.0,1.0,1.0,1.0,0.0,0.0,0.0,1.0,132.0,132
heterogeneity_pressure_seed9_resource03_e02_t02_u0,heterogeneity_pressure,9,resource,15,0,missile,2.8,1.0,8.0,8.0,2.0,1.0,6.0,7.0,0.0,1.2999999999999998,1.2999999999999998,1.2999999999999998,0.0,0.0,1.0,1.0,1.0,0.0,0.0,0.0,9.0,132.0,132
heterogeneity_pressure_seed9_resource03_e02_t02_u0,heterogeneity_pressure,9,resource,16,0,missile,2.8,1.0,7.0,7.0,2.0,1.0,5.0,6.0,0.0,1.2999999999999998,1.2999999999999998,1.2999999999999998,0.0,0.0,1.0,1.0,1.0,0.0,0.0,0.0,1.0,132.0,132
heterogeneity_pressure_seed9_resource03_e02_t02_u0,heterogeneity_pressure,9,resource,17,0,missile,2.8,1.0,8.0,8.0,2.0,1.0,6.0,7.0,0.0,1.2999999999999998,1.2999999999999998,1.2999999999999998,0.0,0.0,1.0,1.0,4.0,0.0,0.0,0.0,1.0,132.0,132
heterogeneity_pressure_seed9_resource03_e02_t02_u0,heterogeneity_pressure,9,resource,18,0,missile,2.8,1.0,7.0,7.0,2.0,1.0,5.0,6.0,0.0,1.2999999999999998,1.2999999999999998,1.2999999999999998,0.0,0.0,1.0,1.0,1.0,0.0,0.0,0.0,11.0,132.0,132
heterogeneity_pressure_seed9_resource03_e02_t02_u0,heterogeneity_pressure,9,resource,19,0,missile,2.8,1.0,10.0,7.0,2.0,1.0,8.0,6.0,3.0,2.05,2.05,1.2999999999999998,-0.75,0.0,1.0,1.0,3.0,0.0,0.0,0.0,1.0,129.0,129
heterogeneity_pressure_seed9_resource03_e02_t02_u0,heterogeneity_pressure,9,resource,20,0,missile,2.8,1.0,6.0,6.0,2.0,1.0,4.0,5.0,0.0,1.2999999999999998,1.2999999999999998,1.2999999999999998,0.0,0.0,1.0,1.0,1.0,0.0,0.0,0.0,12.0,132.0,132
heterogeneity_pressure_seed9_resource03_e02_t02_u0,heterogeneity_pressure,9,resource,21,0,missile,2.8,1.0,7.0,6.0,2.0,1.0,5.0,5.0,1.0,2.8,2.8,2.55,-0.25,0.0,1.0,1.0,1.0,0.0,0.0,0.0,9.0,132.0,132
heterogeneity_pressure_seed9_resource03_e02_t02_u0,heterogeneity_pressure,9,resource,22,0,missile,2.8,1.0,10.0,8.0,2.0,1.0,8.0,7.0,2.0,3.05,3.05,2.8,-0.25,0.0,1.0,1.0,1.0,0.0,0.0,0.0,1.0,132.0,132
heterogeneity_pressure_seed9_resource03_e02_t02_u0,heterogeneity_pressure,9,resource,23,0,missile,2.8,1.0,7.0,6.0,2.0,1.0,5.0,5.0,1.0,1.5499999999999998,1.5499999999999998,1.2999999999999998,-0.25,0.0,1.0,-4.0,-7.0,0.0,0.4117320819224364,0.0,1.0,100.0,100
heterogeneity_pressure_seed9_resource03_e02_t02_u0,heterogeneity_pressure,9,resource,24,0,missile,2.8,1.0,8.0,7.0,2.0,1.0,6.0,6.0,1.0,2.8,2.8,2.55,-0.25,0.0,1.0,1.0,3.0,0.0,0.0,0.0,1.0,132.0,132
heterogeneity_pressure_seed9_resource03_e02_t02_u0,heterogeneity_pressure,9,resource,25,0,missile,2.8,1.0,8.0,7.0,2.0,1.0,6.0,6.0,1.0,2.8,2.8,2.8,0.0,0.0,1.0,1.0,1.0,0.0,0.0,0.0,1.0,132.0,132
heterogeneity_pressure_seed9_resource03_e02_t02_u0,heterogeneity_pressure,9,resource,26,0,missile,2.8,1.0,7.0,4.0,2.0,1.0,5.0,3.0,3.0,2.05,2.05,1.2999999999999998,-0.75,0.0,1.0,1.0,1.0,0.0,0.0,0.0,11.0,84.0,84
heterogeneity_pressure_seed9_resource03_e02_t02_u0,heterogeneity_pressure,9,resource,27,0,missile,2.8,1.0,11.0,11.0,2.0,1.0,9.0,10.0,0.0,1.2999999999999998,1.2999999999999998,1.2999999999999998,0.0,0.0,1.0,1.0,2.0,0.0,0.0,0.0,,132.0,132
heterogeneity_pressure_seed9_resource03_e02_t02_u0,heterogeneity_pressure,9,resource,28,0,missile,2.8,1.0,7.0,7.0,2.0,1.0,5.0,6.0,0.0,1.2999999999999998,1.2999999999999998,1.2999999999999998,0.0,0.0,1.0,1.0,1.0,0.0,0.0,0.0,9.0,132.0,132
heterogeneity_pressure_seed9_resource03_e02_t02_u0,heterogeneity_pressure,9,resource,29,0,missile,2.8,1.0,10.0,9.0,2.0,1.0,8.0,8.0,1.0,1.5499999999999998,1.5499999999999998,1.2999999999999998,-0.25,0.0,1.0,-1.0,1.0,0.0,0.0,0.0,2.0,132.0,132
heterogeneity_pressure_seed9_resource03_e02_t02_u0,heterogeneity_pressure,9,resource,30,0,missile,2.8,1.0,7.0,6.0,2.0,1.0,5.0,5.0,1.0,2.8,2.8,2.55,-0.25,0.0,1.0,1.0,1.0,0.0,0.0,0.0,9.0,132.0,132
heterogeneity_pressure_seed9_resource03_e02_t02_u0,heterogeneity_pressure,9,resource,31,0,missile,2.8,1.0,8.0,7.0,2.0,1.0,6.0,6.0,1.0,2.8,2.8,2.55,-0.25,0.0,1.0,1.0,1.0,0.0,0.0,0.0,14.0,132.0,132
heterogeneity_pressure_seed9_resource04_e08_t04_u0,heterogeneity_pressure,9,resource,0,0,missile,2.8,1.0000000596046448,8.0,7.3301593363285065,1.0,0.0,7.0,7.3301593363285065,0.6698406636714935,2.7174600914120672,2.7174600914120672,2.717460452020168,3.606081007134776e-07,0.0,1.0000000596046448,1.0000000596046448,3.669841319322586,0.0,0.0,0.0,1.6698412001132965,116.29207065701485,283
heterogeneity_pressure_seed9_resource04_e08_t04_u0,heterogeneity_pressure,9,resource,1,0,missile,2.8,1.0000000596046448,8.0,7.3301593363285065,1.0,0.0,7.0,7.3301593363285065,0.6698406636714935,2.7174600914120672,2.7174600914120672,2.717460452020168,3.606081007134776e-07,0.0,1.0000000596046448,1.0000000596046448,3.0000001788139343,0.0,0.0,0.0,1.0000000596046448,138.00000548362732,322
heterogeneity_pressure_seed9_resource04_e08_t04_u0,heterogeneity_pressure,9,resource,2,0,missile,2.8,1.0000000596046448,7.0,6.330159276723862,1.0,0.0,6.0,6.330159276723862,0.6698407232761383,2.7174601808190344,2.7174601808190344,2.717460541427135,3.606081007134776e-07,0.0,1.0000000596046448,1.0000000596046448,2.002474933862686,3.0000001788139343,0.0,0.0,,138.00000548362732,322
heterogeneity_pressure_seed9_resource04_e08_t04_u0,heterogeneity_pressure,9,resource,3,0,missile,2.8,1.0000000596046448,7.0,6.662667691707611,1.0,0.0,6.0,6.662667691707611,0.3373323082923889,2.634333077073097,2.634333077073097,2.6343334376811978,3.606081007134776e-07,0.0,1.0000000596046448,1.0000000596046448,7.339682638645172,2.0000001192092896,0.0,0.0,,125.00000470876694,283
heterogeneity_pressure_seed9_resource04_e08_t04_u0,heterogeneity_pressure,9,resource,4,0,missile,2.8,1.0000000596046448,7.0,6.662667691707611,1.0,0.0,6.0,6.662667691707611,0.3373323082923889,2.634333077073097,2.634333077073097,2.6343334376811978,3.606081007134776e-07,0.0,1.0000000596046448,1.0000000596046448,7.339682638645172,2.0000001192092896,0.0,0.0,1.0000000596046448,138.00000548362732,322
heterogeneity_pressure_seed9_resource04_e08_t04_u0,heterogeneity_pressure,9,resource,5,0,missile,2.8,1.0000000596046448,7.0,6.662667691707611,1.0,0.0,6.0,6.662667691707611,0.3373323082923889,2.634333077073097,2.634333077073097,2.6343334376811978,3.606081007134776e-07,0.0,1.0000000596046448,1.0000000596046448,7.662667751312256,2.0000001192092896,0.0,0.0,1.0000000596046448,129.00000512599945,301
heterogeneity_pressure_seed9_resource04_e08_t04_u0,heterogeneity_pressure,9,resource,6,0,missile,2.8,1.0000000596046448,8.0,7.000000417232513,1.0,0.0,7.0,7.000000417232513,0.9999995827674866,2.7999998956918715,2.7999998956918715,2.800000256299972,3.606081007134776e-07,0.0,1.0000000596046448,1.0000000596046448,4.988002181053162,1.0000000596046448,0.0,0.0,12.000000715255737,129.00000512599945,301
heterogeneity_pressure_seed9_resource04_e08_t04_u0,heterogeneity_pressure,9,resource,7,0,missile,2.8,1.0000000596046448,9.0,8.000000476837158,1.0,0.0,8.0,8.000000476837158,0.9999995231628418,2.7999998062849043,2.7999998062849043,2.800000166893005,3.606081007134776e-07,0.0,1.0000000596046448,1.0000000596046448,7.033519953489304,4.997525483369827,0.5899398594774197,0.0,1.0000000596046448,138.00000548362732,322
heterogeneity_pressure_seed9_resource04_e08_t04_u0,heterogeneity_pressure,9,resource,8,0,missile,2.8,1.0000000596046448,8.0,7.000000417232513,1.0,0.0,7.0,7.000000417232513,0.9999995827674866,2.7999998956918715,2.7999998956918715,2.800000256299972,3.606081007134776e-07,0.0,1.0000000596046448,1.0000000596046448,3.669841319322586,1.0000000596046448,0.0,0.0,1.0000000596046448,126.00000476837158,286
heterogeneity_pressure_seed9_resource04_e08_t04_u0,heterogeneity_pressure,9,resource,9,0,missile,2.8,1.0000000596046448,7.0,6.330159276723862,1.0,0.0,6.0,6.330159276723862,0.6698407232761383,2.7174601808190344,2.7174601808190344,2.717460541427135,3.606081007134776e-07,0.0,1.0000000596046448,1.0000000596046448,3.0000001788139343,1.0000000596046448,0.0,0.0,1.0000000596046448,138.00000548362732,322
heterogeneity_pressure_seed9_resource04_e08_t04_u0,heterogeneity_pressure,9,resource,10,0,missile,2.8,1.0000000596046448,7.0,6.330159276723862,1.0,0.0,6.0,6.330159276723862,0.6698407232761383,2.7174601808190344,2.7174601808190344,2.717460541427135,3.606081007134776e-07,0.0,1.0000000596046448,1.0000000596046448,3.669841319322586,1.0000000596046448,0.0,0.0,1.6698412001132965,138.00000548362732,322
heterogeneity_pressure_seed9_resource04_e08_t04_u0,heterogeneity_pressure,9,resource,11,0,missile,2.8,1.0000000596046448,8.0,7.3301593363285065,1.0,0.0,7.0,7.3301593363285065,0.6698406636714935,2.7174600914120672,2.7174600914120672,2.717460452020168,3.606081007134776e-07,0.0,1.0000000596046448,1.0000000596046448,4.665017068386078,2.0000001192092896,0.0,0.0,2.6698412597179413,135.9760091304779,316
heterogeneity_pressure_seed9_resource04_e08_t04_u0,heterogeneity_pressure,9,resource,12,0,missile,2.8,1.0000000596046448,7.0,6.330159276723862,1.0,0.0,6.0,6.330159276723862,0.6698407232761383,2.7174601808190344,2.7174601808190344,2.717460541427135,3.606081007134776e-07,0.0,1.0000000596046448,1.0000000596046448,2.662667453289032,0.0,0.0,0.0,,135.9760091304779,316
heterogeneity_pressure_seed9_resource04_e08_t04_u0,heterogeneity_pressure,9,resource,13,0,missile,2.8,1.0000000596046448,9.0,8.000000476837158,1.0,0.0,8.0,8.000000476837158,0.9999995231628418,2.7999998062849043,2.7999998062849043,2.800000166893005,3.606081007134776e-07,0.0,1.0000000596046448,1.0000000596046448,2.6721907556056976,0.9904767572879791,0.2917997669428951,0.0,16.406346291303635,133.9809586405754,310
heterogeneity_pressure_seed9_resource04_e08_t04_u0,heterogeneity_pressure,9,resource,14,0,missile,2.8,1.0000000596046448,8.0,6.667492002248764,1.0,0.0,7.0,6.667492002248764,1.332507997751236,2.883126999437809,2.883126999437809,2.8831273600459095,3.606081007134776e-07,0.0,1.0000000596046448,1.0000000596046448,3.0000001788139343,1.0000000596046448,0.0,0.0,8.98020201921463,138.00000548362732,322
heterogeneity_pressure_seed9_resource04_e08_t04_u0,heterogeneity_pressure,9,resource,15,0,missile,2.8,1.0000000596046448,8.0,7.3301593363285065,1.0,0.0,7.0,7.3301593363285065,0.6698406636714935,2.7174600914120672,2.7174600914120672,2.717460452020168,3.606081007134776e-07,0.0,1.0000000596046448,1.0000000596046448,10.01199871301651,3.0000001788139343,0.0,0.0,3.0095234811306,132.9760091304779,313
heterogeneity_pressure_seed9_resource04_e08_t04_u0,heterogeneity_pressure,9,resource,16,0,missile,2.8,1.0000000596046448,9.0,8.000000476837158,1.0,0.0,8.0,8.000000476837158,0.9999995231628418,2.7999998062849043,2.7999998062849043,2.800000166893005,3.606081007134776e-07,0.0,1.0000000596046448,1.0000000596046448,5.325334906578064,2.0000001192092896,0.0,0.0,1.0000000596046448,129.90402007102966,298
heterogeneity_pressure_seed9_resource04_e08_t04_u0,heterogeneity_pressure,9,resource,17,0,missile,2.8,1.0000000596046448,8.0,7.000000417232513,1.0,0.0,7.0,7.000000417232513,0.9999995827674866,2.7999998956918715,2.7999998956918715,2.800000256299972,3.606081007134776e-07,0.0,1.0000000596046448,1.0000000596046448,2.662667453289032,1.0000000596046448,0.0,0.0,1.0000000596046448,129.90402007102966,298
heterogeneity_pressure_seed9_resource04_e08_t04_u0,heterogeneity_pressure,9,resource,18,0,missile,2.8,1.0000000596046448,8.0,7.3301593363285065,1.0,0.0,7.0,7.3301593363285065,0.6698406636714935,2.7174600914120672,2.7174600914120672,2.717460452020168,3.606081007134776e-07,0.0,1.0000000596046448,1.0000000596046448,-2.3111124336719513,-5.980953752994537,0.9778367739164671,1.0000000596046448,2.0000001192092896,138.00000548362732,322
heterogeneity_pressure_seed9_resource04_e08_t04_u0,heterogeneity_pressure,9,resource,19,0,missile,2.8,1.0000000596046448,8.0,7.000000417232513,1.0,0.0,7.0,7.000000417232513,0.9999995827674866,2.7999998956918715,2.7999998956918715,2.800000256299972,3.606081007134776e-07,0.0,1.0000000596046448,1.0000000596046448,3.669841319322586,1.0000000596046448,0.0,0.0,1.0000000596046448,130.9809586405754,307
heterogeneity_pressure_seed9_resource04_e08_t04_u0,heterogeneity_pressure,9,resource,20,0,missile,2.8,1.0000000596046448,9.0,8.000000476837158,1.0,0.0,8.0,8.000000476837158,0.9999995231628418,2.7999998062849043,2.7999998062849043,2.800000166893005,3.606081007134776e-07,0.0,1.0000000596046448,1.0000000596046448,4.6674918830394745,1.0000000596046448,0.0,0.0,2.3396823406219482,138.00000548362732,322
heterogeneity_pressure_seed9_resource04_e08_t04_u0,heterogeneity_pressure,9,resource,21,0,missile,2.8,1.0000000596046448,8.0,7.000000417232513,1.0,0.0,7.0,7.000000417232513,0.9999995827674866,2.7999998956918715,2.7999998956918715,2.800000256299972,3.606081007134776e-07,0.0,1.0000000596046448,1.0000000596046448,7.339682638645172,2.0000001192092896,0.0,0.0,2.3396823406219482,138.00000548362732,322
heterogeneity_pressure_seed9_resource04_e08_t04_u0,heterogeneity_pressure,9,resource,22,0,missile,2.8,1.0000000596046448,8.0,6.667492002248764,1.0,0.0,7.0,6.667492002248764,1.332507997751236,2.883126999437809,2.883126999437809,2.8831273600459095,3.606081007134776e-07,0.0,1.0000000596046448,1.0000000596046448,3.3373329043388367,1.0000000596046448,0.0,0.0,1.0000000596046448,138.00000548362732,322
heterogeneity_pressure_seed9_resource04_e08_t04_u0,heterogeneity_pressure,9,resource,23,0,missile,2.8,1.0000000596046448,8.0,7.000000417232513,1.0,0.0,7.0,7.000000417232513,0.9999995827674866,2.7999998956918715,2.7999998956918715,2.800000256299972,3.606081007134776e-07,0.0,1.0000000596046448,1.0000000596046448,4.000000238418579,1.0000000596046448,0.0,0.0,24.000001430511475,138.00000548362732,322
heterogeneity_pressure_seed9_resource04_e08_t04_u0,heterogeneity_pressure,9,resource,24,0,missile,2.8,1.0000000596046448,8.0,7.3301593363285065,1.0,0.0,7.0,7.3301593363285065,0.6698406636714935,2.7174600914120672,2.7174600914120672,2.717460452020168,3.606081007134776e-07,0.0,1.0000000596046448,1.0000000596046448,3.0000001788139343,1.0000000596046448,0.0,0.0,1.6698412001132965,132.9760091304779,313
heterogeneity_pressure_seed9_resource04_e08_t04_u0,heterogeneity_pressure,9,resource,25,0,missile,2.8,1.0000000596046448,7.0,6.330159276723862,1.0,0.0,6.0,6.330159276723862,0.6698407232761383,2.7174601808190344,2.7174601808190344,2.717460541427135,3.606081007134776e-07,0.0,1.0000000596046448,1.0000000596046448,3.669841319322586,1.0000000596046448,0.0,0.0,1.0000000596046448,138.00000548362732,322
heterogeneity_pressure_seed9_resource04_e08_t04_u0,heterogeneity_pressure,9,resource,26,0,missile,2.8,1.0000000596046448,8.0,7.000000417232513,1.0,0.0,7.0,7.000000417232513,0.9999995827674866,2.7999998956918715,2.7999998956918715,2.800000256299972,3.606081007134776e-07,0.0,1.0000000596046448,1.0000000596046448,3.6793646216392517,1.990476816892624,0.2917997669428951,0.0,1.0000000596046448,130.9809586405754,307
heterogeneity_pressure_seed9_resource04_e08_t04_u0,heterogeneity_pressure,9,resource,27,0,missile,2.8,1.0000000596046448,8.0,7.3301593363285065,1.0,0.0,7.0,7.3301593363285065,0.6698406636714935,2.7174600914120672,2.7174600914120672,2.717460452020168,3.606081007134776e-07,0.0,1.0000000596046448,1.0000000596046448,3.0000001788139343,1.0000000596046448,0.0,0.0,1.0000000596046448,138.00000548362732,322
heterogeneity_pressure_seed9_resource04_e08_t04_u0,heterogeneity_pressure,9,resource,28,0,missile,2.8,1.0000000596046448,8.0,7.000000417232513,1.0,0.0,7.0,7.000000417232513,0.9999995827674866,2.7999998956918715,2.7999998956918715,2.800000256299972,3.606081007134776e-07,0.0,1.0000000596046448,1.0000000596046448,4.007174044847488,1.0000000596046448,0.0,0.0,18.41586971282959,135.9760091304779,316
heterogeneity_pressure_seed9_resource04_e08_t04_u0,heterogeneity_pressure,9,resource,29,0,missile,2.8,1.0000000596046448,8.0,7.000000417232513,1.0,0.0,7.0,7.000000417232513,0.9999995827674866,2.7999998956918715,2.7999998956918715,2.800000256299972,3.606081007134776e-07,0.0,1.0000000596046448,1.0000000596046448,4.000000238418579,1.0000000596046448,0.0,0.0,2.0000001192092896,138.00000548362732,322
heterogeneity_pressure_seed9_resource04_e08_t04_u0,heterogeneity_pressure,9,resource,30,0,missile,2.8,1.0000000596046448,8.0,7.3301593363285065,1.0,0.0,7.0,7.3301593363285065,0.6698406636714935,2.7174600914120672,2.7174600914120672,2.717460452020168,3.606081007134776e-07,0.0,1.0000000596046448,1.0000000596046448,3.0000001788139343,3.0000001788139343,0.0,0.0,1.0000000596046448,138.00000548362732,322
heterogeneity_pressure_seed9_resource04_e08_t04_u0,heterogeneity_pressure,9,resource,31,0,missile,2.8,1.0000000596046448,8.0,7.000000417232513,1.0,0.0,7.0,7.000000417232513,0.9999995827674866,2.7999998956918715,2.7999998956918715,2.800000256299972,3.606081007134776e-07,0.0,1.0000000596046448,1.0000000596046448,7.987626403570175,4.9901010394096375,0.12941503365576024,0.0,1.0000000596046448,132.9760091304779,313
heterogeneity_pressure_seed9_resource05_e10_t02_u0,heterogeneity_pressure,9,resource,0,0,missile,2.8,0.9999999850988388,11.0,10.248232424259186,2.0,0.9999999850988388,9.0,9.248232439160347,0.7517675757408142,2.737941950559616,2.737941950559616,2.737941788882017,-1.6167759930851844e-07,0.0,0.9999999850988388,0.9999999850988388,3.7517673671245575,0.0,0.0,0.0,0.9999999850988388,122.99999877810478,369
heterogeneity_pressure_seed9_resource05_e10_t02_u0,heterogeneity_pressure,9,resource,1,0,missile,2.8,0.9999999850988388,12.0,10.999999836087227,2.0,0.9999999850988388,10.0,9.999999850988388,1.0000001639127731,2.800000097602606,2.800000097602606,2.7999999359250065,-1.6167759930851844e-07,0.0,0.9999999850988388,0.9999999850988388,1.7517673969268799,0.0,0.0,0.0,0.9999999850988388,122.99999877810478,369
heterogeneity_pressure_seed9_resource05_e10_t02_u0,heterogeneity_pressure,9,resource,2,0,missile,2.8,0.9999999850988388,12.0,10.999999836087227,2.0,0.9999999850988388,10.0,9.999999850988388,1.0000001639127731,2.800000097602606,2.800000097602606,2.7999999359250065,-1.6167759930851844e-07,0.0,0.9999999850988388,0.9999999850988388,14.999999776482582,-6.999999895691872,0.294476065823174,0.0,23.99999964237213,122.99999877810478,369
heterogeneity_pressure_seed9_resource05_e10_t02_u0,heterogeneity_pressure,9,resource,3,0,missile,2.8,0.9999999850988388,11.0,10.999999836087227,2.0,0.9999999850988388,9.0,9.999999850988388,1.6391277313232422e-07,2.550000097602606,2.550000097602606,2.5499999359250065,-1.6167759930851844e-07,0.0,0.9999999850988388,0.9999999850988388,3.9999999403953552,0.0,0.0,0.0,4.999999925494194,122.99999877810478,369
heterogeneity_pressure_seed9_resource05_e10_t02_u0,heterogeneity_pressure,9,resource,4,0,missile,2.8,0.9999999850988388,13.0,11.999999821186066,2.0,0.9999999850988388,11.0,10.999999836087227,1.0000001788139343,2.800000119954346,2.800000119954346,2.7999999582767483,-1.616775975321616e-07,0.0,0.9999999850988388,0.9999999850988388,2.752675563097,0.0,0.0,0.0,3.9999999403953552,122.99999877810478,369
heterogeneity_pressure_seed9_resource05_e10_t02_u0,heterogeneity_pressure,9,resource,5,0,missile,2.8,0.9999999850988388,12.0,10.999999836087227,2.0,0.9999999850988388,10.0,9.999999850988388,1.0000001639127731,2.800000097602606,2.800000097602606,2.7999999359250065,-1.6167759930851844e-07,0.0,0.9999999850988388,0.9999999850988388,6.999999895691872,0.0,0.0,0.0,4.999999925494194,122.99999877810478,369
heterogeneity_pressure_seed9_resource05_e10_t02_u0,heterogeneity_pressure,9,resource,6,0,missile,2.8,0.9999999850988388,12.0,11.248232409358025,2.0,0.9999999850988388,10.0,10.248232424259186,0.7517675906419754,2.737941972911358,2.737941972911358,2.7379418112337586,-1.6167759930851844e-07,0.0,0.9999999850988388,0.9999999850988388,5.992930218577385,0.0,0.0,0.0,0.9999999850988388,122.99999877810478,369
heterogeneity_pressure_seed9_resource05_e10_t02_u0,heterogeneity_pressure,9,resource,7,0,missile,2.8,0.9999999850988388,13.0,11.999999821186066,2.0,0.9999999850988388,11.0,10.999999836087227,1.0000001788139343,2.800000119954346,2.800000119954346,2.7999999582767483,-1.616775975321616e-07,0.0,0.9999999850988388,0.9999999850988388,1.9999999701976776,0.0,0.0,0.0,0.9999999850988388,122.99999877810478,369
heterogeneity_pressure_seed9_resource05_e10_t02_u0,heterogeneity_pressure,9,resource,8,0,missile,2.8,0.9999999850988388,12.0,10.999999836087227,2.0,0.9999999850988388,10.0,9.999999850988388,1.0000001639127731,2.8000001162290573,2.8000001162290573,2.7379418112337586,-0.06205830499529874,0.0,0.9999999850988388,0.5035348385572433,2.4315815418958664,0.0,0.3018028269496218,0.0,20.545952692627907,108.25792373716831,310
heterogeneity_pressure_seed9_resource05_e10_t02_u0,heterogeneity_pressure,9,resource,9,0,missile,2.8,0.9999999850988388,12.0,11.248232409358025,2.0,0.9999999850988388,10.0,10.248232424259186,0.7517675906419754,2.737941972911358,2.737941972911358,2.7379418112337586,-1.6167759930851844e-07,0.0,0.9999999850988388,0.9999999850988388,4.007069632411003,-0.9999999850988388,0.294476065823174,0.0,,122.99999877810478,369
heterogeneity_pressure_seed9_resource05_e10_t02_u0,heterogeneity_pressure,9,resource,10,0,missile,2.8,0.9999999850988388,11.0,10.999999836087227,2.0,0.9999999850988388,9.0,9.999999850988388,1.6391277313232422e-07,2.550000097602606,2.550000097602606,2.5499999359250065,-1.6167759930851844e-07,0.0,0.9999999850988388,0.9999999850988388,5.957369223237038,-2.9573692679405212,0.495510393223471,0.0,0.9999999850988388,122.99999877810478,369
heterogeneity_pressure_seed9_resource05_e10_t02_u0,heterogeneity_pressure,9,resource,11,0,missile,2.8,0.9999999850988388,12.0,10.999999836087227,2.0,0.9999999850988388,10.0,9.999999850988388,1.0000001639127731,2.800000097602606,2.800000097602606,2.7999999359250065,-1.6167759930851844e-07,0.0,0.9999999850988388,0.9999999850988388,3.9929302483797073,0.0,0.0,0.0,21.545952677726746,122.99999877810478,369
heterogeneity_pressure_seed9_resource05_e10_t02_u0,heterogeneity_pressure,9,resource,12,0,missile,2.8,0.9999999850988388,12.0,11.248232409358025,2.0,0.9999999850988388,10.0,10.248232424259186,0.7517675906419754,2.737941972911358,2.737941972911358,2.7379418112337586,-1.6167759930851844e-07,0.0,0.9999999850988388,0.9999999850988388,3.491109699010849,-0.9929302930831909,0.0,0.0,0.9999999850988388,122.99999877810478,369
heterogeneity_pressure_seed9_resource05_e10_t02_u0,heterogeneity_pressure,9,resource,13,0,missile,2.8,0.9999999850988388,11.0,10.248232424259186,2.0,0.9999999850988388,9.0,9.248232439160347,0.7517675757408142,2.737941950559616,2.737941950559616,2.737941788882017,-1.6167759930851844e-07,0.0,0.9999999850988388,0.9999999850988388,1.9081507623195648,0.0,0.503837745100955,0.0,3.5035347938537598,122.99999877810478,369
heterogeneity_pressure_seed9_resource05_e10_t02_u0,heterogeneity_pressure,9,resource,14,0,missile,2.8,0.9999999850988388,11.0,10.999999836087227,2.0,0.9999999850988388,9.0,9.999999850988388,1.6391277313232422e-07,2.550000097602606,2.550000097602606,2.5499999359250065,-1.6167759930851844e-07,0.0,0.9999999850988388,0.9999999850988388,2.274797022342682,0.0,0.0730985526752006,0.0,0.9999999850988388,122.99999877810478,369
heterogeneity_pressure_seed9_resource05_e10_t02_u0,heterogeneity_pressure,9,resource,15,0,missile,2.8,0.9999999850988388,11.0,10.248232424259186,2.0,0.9999999850988388,9.0,9.248232439160347,0.7517675757408142,2.737941950559616,2.737941950559616,2.737941788882017,-1.6167759930851844e-07,0.0,0.9999999850988388,0.9999999850988388,3.5053511559963226,0.0,0.0,0.0,3.9999999403953552,122.99999877810478,369
heterogeneity_pressure_seed9_resource05_e10_t02_u0,heterogeneity_pressure,9,resource,16,0,missile,2.8,0.9999999850988388,12.0,10.999999836087227,2.0,0.9999999850988388,10.0,9.999999850988388,1.0000001639127731,2.800000097602606,2.800000097602606,2.7999999359250065,-1.6167759930851844e-07,0.0,0.9999999850988388,0.9999999850988388,5.999999910593033,0.0,0.22137751314797338,0.0,0.9999999850988388,122.99999877810478,369
heterogeneity_pressure_seed9_resource05_e10_t02_u0,heterogeneity_pressure,9,resource,17,0,missile,2.8,0.9999999850988388,11.0,10.248232424259186,2.0,0.9999999850988388,9.0,9.248232439160347,0.7517675757408142,2.737941950559616,2.737941950559616,2.737941788882017,-1.6167759930851844e-07,0.0,0.9999999850988388,0.9999999850988388,2.9999999552965164,0.0,0.0,0.0,0.9999999850988388,122.99999877810478,369
heterogeneity_pressure_seed9_resource05_e10_t02_u0,heterogeneity_pressure,9,resource,18,0,missile,2.8,0.9999999850988388,11.0,10.248232424259186,2.0,0.9999999850988388,9.0,9.248232439160347,0.7517675757408142,2.737941950559616,2.737941950559616,2.737941788882017,-1.6167759930851844e-07,0.0,0.9999999850988388,0.9999999850988388,5.999999910593033,0.0,0.0,0.0,,122.99999877810478,369
heterogeneity_pressure_seed9_resource05_e10_t02_u0,heterogeneity_pressure,9,resource,19,0,missile,2.8,0.9999999850988388,12.0,11.248232409358025,2.0,0.9999999850988388,10.0,10.248232424259186,0.7517675906419754,2.737941972911358,2.737941972911358,2.7379418112337586,-1.6167759930851844e-07,0.0,0.9999999850988388,0.9999999850988388,0.5621464401483536,-0.7313560545444489,0.4383604940550567,0.24378535151481628,3.9999999403953552,122.99999877810478,369
heterogeneity_pressure_seed9_resource05_e10_t02_u0,heterogeneity_pressure,9,resource,20,0,missile,2.8,0.9999999850988388,13.0,11.999999821186066,2.0,0.9999999850988388,11.0,10.999999836087227,1.0000001788139343,2.800000119954346,2.800000119954346,2.7999999582767483,-1.616775975321616e-07,0.0,0.9999999850988388,0.9999999850988388,5.216312617063522,0.0,0.0,0.0,0.9999999850988388,122.99999877810478,369
heterogeneity_pressure_seed9_resource05_e10_t02_u0,heterogeneity_pressure,9,resource,21,0,missile,2.8,0.9999999850988388,11.0,10.248232424259186,2.0,0.9999999850988388,9.0,9.248232439160347,0.7517675757408142,2.737941950559616,2.737941950559616,2.737941788882017,-1.6167759930851844e-07,0.0,0.9999999850988388,0.9999999850988388,9.002724409103394,0.0,0.0,0.0,5.999999910593033,122.99999877810478,369
heterogeneity_pressure_seed9_resource05_e10_t02_u0,heterogeneity_pressure,9,resource,22,0,missile,2.8,0.9999999850988388,12.0,10.999999836087227,2.0,0.9999999850988388,10.0,9.999999850988388,1.0000001639127731,2.800000097602606,2.800000097602606,2.7999999359250065,-1.6167759930851844e-07,0.0,0.9999999850988388,0.9999999850988388,4.505351141095161,0.0,0.0,0.0,0.9999999850988388,122.99999877810478,369
heterogeneity_pressure_seed9_resource05_e10_t02_u0,heterogeneity_pressure,9,resource,23,0,missile,2.8,0.9999999850988388,12.0,11.248232409358025,2.0,0.9999999850988388,10.0,10.248232424259186,0.7517675906419754,2.737941972911358,2.737941972911358,2.7379418112337586,-1.6167759930851844e-07,0.0,0.9999999850988388,0.9999999850988388,6.758837014436722,0.7517674118280411,0.847946240342498,0.7517674118280411,0.9999999850988388,119.52474275231361,355
heterogeneity_pressure_seed9_resource05_e10_t02_u0,heterogeneity_pressure,9,resource,24,0,missile,2.8,0.9999999850988388,12.0,11.248232409358025,2.0,0.9999999850988388,10.0,10.248232424259186,0.7517675906419754,2.737941972911358,2.737941972911358,2.7379418112337586,-1.6167759930851844e-07,0.0,0.9999999850988388,0.9999999850988388,3.9999999403953552,0.0,0.0,0.0,5.999999910593033,122.99999877810478,369
heterogeneity_pressure_seed9_resource05_e10_t02_u0,heterogeneity_pressure,9,resource,25,0,missile,2.8,0.9999999850988388,12.0,11.248232409358025,2.0,0.9999999850988388,10.0,10.248232424259186,0.7517675906419754,2.737941972911358,2.737941972911358,2.7379418112337586,-1.6167759930851844e-07,0.0,0.9999999850988388,0.9999999850988388,11.023933455348015,0.0,0.19894516673692575,0.0,0.9999999850988388,116.8059908002615,344
heterogeneity_pressure_seed9_resource05_e10_t02_u0,heterogeneity_pressure,9,resource,26,0,missile,2.8,0.9999999850988388,13.0,11.999999821186066,2.0,0.9999999850988388,11.0,10.999999836087227,1.0000001788139343,2.800000119954346,2.800000119954346,2.7999999582767483,-1.616775975321616e-07,0.0,0.9999999850988388,0.9999999850988388,3.7810731679201126,-0.7313560545444489,0.2749745054323358,0.24378535151481628,0.9999999850988388,122.99999877810478,369
heterogeneity_pressure_seed9_resource05_e10_t02_u0,heterogeneity_pressure,9,resource,27,0,missile,2.8,0.9999999850988388,13.0,11.999999821186066,2.0,0.9999999850988388,11.0,10.999999836087227,1.0000001788139343,2.800000119954346,2.800000119954346,2.7999999582767483,-1.616775975321616e-07,0.0,0.9999999850988388,0.9999999850988388,5.999999910593033,0.0,0.0,0.0,16.99999974668026,122.99999877810478,369
heterogeneity_pressure_seed9_resource05_e10_t02_u0,heterogeneity_pressure,9,resource,28,0,missile,2.8,0.9999999850988388,11.0,10.248232424259186,2.0,0.9999999850988388,9.0,9.248232439160347,0.7517675757408142,2.737941950559616,2.737941950559616,2.737941788882017,-1.6167759930851844e-07,0.0,0.9999999850988388,0.9999999850988388,3.2304520308971405,0.0,0.0,0.0,2.9822194576263428,116.74421474337578,345
heterogeneity_pressure_seed9_resource05_e10_t02_u0,heterogeneity_pressure,9,resource,29,0,missile,2.8,0.9999999850988388,11.0,10.999999836087227,2.0,0.9999999850988388,9.0,9.999999850988388,1.6391277313232422e-07,2.550000097602606,2.550000097602606,2.5499999359250065,-1.6167759930851844e-07,0.0,0.9999999850988388,0.9999999850988388,-5.999999910593033,0.0,0.0,0.0,3.9999999403953552,122.99999877810478,369
heterogeneity_pressure_seed9_resource05_e10_t02_u0,heterogeneity_pressure,9,resource,30,0,missile,2.8,0.9999999850988388,12.0,11.248232409358025,2.0,0.9999999850988388,10.0,10.248232424259186,0.7517675906419754,2.737941972911358,2.737941972911358,2.7379418112337586,-1.6167759930851844e-07,0.0,0.9999999850988388,0.9999999850988388,1.7517673969268799,0.0,0.0730985526752006,0.0,0.9999999850988388,122.99999877810478,369
heterogeneity_pressure_seed9_resource05_e10_t02_u0,heterogeneity_pressure,9,resource,31,0,missile,2.8,0.9999999850988388,12.0,10.999999836087227,2.0,0.9999999850988388,10.0,9.999999850988388,1.0000001639127731,2.800000097602606,2.800000097602606,2.7999999359250065,-1.6167759930851844e-07,0.0,0.9999999850988388,0.9999999850988388,4.248232513666153,0.0,0.0,0.0,0.9999999850988388,122.99999877810478,369
heterogeneity_pressure_seed10_safety00_e10_t40_u2,heterogeneity_pressure,10,safety,0,2,laser,0.25,0.9999999552965164,8.0,6.798363819718361,2.0,1.7596727460622787,6.0,5.038691073656082,1.201636180281639,2.1268960051238537,2.1268960051238537,0.2499999888241291,-1.8768960162997246,0.0,0.0,0.0,0.0,0.0,0.0,0.0,,21.596727639436722,62
heterogeneity_pressure_seed10_safety00_e10_t40_u2,heterogeneity_pressure,10,safety,1,2,laser,0.25,0.9999999552965164,3.0,3.9951913207769394,1.0,1.4975956827402115,2.0,2.497595638036728,-0.9951913207769394,-1.1942295424640177,-1.1942295424640177,0.2499999888241291,1.4442295312881468,0.0,0.0,0.0,0.0,0.0,0.0,0.0,,16.49278673529625,51
heterogeneity_pressure_seed10_safety00_e10_t40_u2,heterogeneity_pressure,10,safety,2,2,laser,0.25,0.9999999552965164,3.0,2.9999998658895493,1.0,0.9999999552965164,2.0,1.9999999105930328,1.341104507446289e-07,2.0340085082892756e-07,2.0340085082892756e-07,0.2499999888241291,0.24999978542327828,0.0,0.0,0.0,0.0,0.0,0.0,0.0,,14.999999552965164,45
heterogeneity_pressure_seed10_safety00_e10_t40_u2,heterogeneity_pressure,10,safety,3,2,laser,0.25,0.9999999552965164,5.0,4.999999776482582,2.0,1.9999999105930328,3.0,2.9999998658895493,2.2351741790771484e-07,3.3974647539736225e-07,3.3974647539736225e-07,0.2499999888241291,0.2499996490776537,0.0,0.0,0.0,0.0,0.0,0.0,0.0,,14.999999552965164,45
heterogeneity_pressure_seed10_safety00_e10_t40_u2,heterogeneity_pressure,10,safety,4,2,laser,0.25,0.9999999552965164,5.0,4.999999776482582,3.0,2.9999998658895493,2.0,1.9999999105930328,2.2351741790771484e-07,2.2575259261969904e-07,2.2575259261969904e-07,0.2499999888241291,0.24999976307153648,0.0,0.0,0.0,0.0,0.0,0.0,0.0,,14.999999552965164,45
heterogeneity_pressure_seed10_safety00_e10_t40_u2,heterogeneity_pressure,10,safety,5,2,laser,0.25,0.9999999552965164,3.0,2.9999998658895493,2.0,1.9999999105930328,1.0,0.9999999552965164,1.341104507446289e-07,1.4752149590790964e-07,1.4752149590790964e-07,0.2499999888241291,0.2499998413026332,0.0,0.0,0.0,0.0,0.0,0.0,0.0,,14.999999552965164,45
heterogeneity_pressure_seed10_safety00_e10_t40_u2,heterogeneity_pressure,10,safety,6,2,laser,0.25,0.9999999552965164,4.0,3.9999998211860657,1.0,0.9999999552965164,3.0,2.9999998658895493,1.7881393432617188e-07,3.285706045019765e-07,3.285706045019765e-07,0.2499999888241291,0.2499996602535246,0.0,0.0,0.0,0.0,0.0,0.0,0.0,,14.999999552965164,45
heterogeneity_pressure_seed10_safety00_e10_t40_u2,heterogeneity_pressure,10,safety,7,2,laser,0.25,0.9999999552965164,6.0,5.9999997317790985,2.0,1.9999999105930328,4.0,3.9999998211860657,2.682209014892578e-07,4.068017016578551e-07,4.068017016578551e-07,0.2499999888241291,0.24999958202242745,0.0,0.0,0.0,0.0,0.0,0.0,0.0,,17.999999463558197,54
heterogeneity_pressure_seed10_safety00_e10_t40_u2,heterogeneity_pressure,10,safety,8,2,laser,0.25,0.9999999552965164,6.0,5.038691073656082,1.0,0.7596727907657623,5.0,4.27901828289032,0.9613089263439178,1.7664051800966263,1.7664051800966263,0.2499999888241291,-1.5164051912724972,0.0,0.0,0.0,0.0,0.0,0.0,0.0,,19.077382057905197,55
heterogeneity_pressure_seed10_safety00_e10_t40_u2,heterogeneity_pressure,10,safety,9,2,laser,0.25,0.9999999552965164,7.0,6.999999687075615,3.0,2.9999998658895493,4.0,3.9999998211860657,3.129243850708008e-07,4.7609210085397535e-07,4.7609210085397535e-07,0.2499999888241291,0.24999951273202825,0.0,0.0,0.0,0.0,0.0,0.0,0.0,,17.999999463558197,54
heterogeneity_pressure_seed10_safety00_e10_t40_u2,heterogeneity_pressure,10,safety,10,2,laser,0.25,0.9999999552965164,4.0,3.9999998211860657,2.0,1.9999999105930328,2.0,1.9999999105930328,1.7881393432617188e-07,2.145767217243133e-07,2.145767217243133e-07,0.2499999888241291,0.24999977424740738,0.0,0.0,0.0,0.0,0.0,0.0,0.0,,8.999999731779099,27
heterogeneity_pressure_seed10_safety00_e10_t40_u2,heterogeneity_pressure,10,safety,11,2,laser,0.25,0.9999999552965164,6.0,5.9999997317790985,2.0,1.9999999105930328,4.0,3.9999998211860657,2.682209014892578e-07,4.068017016578551e-07,4.068017016578551e-07,0.2499999888241291,0.24999958202242745,0.0,0.0,0.0,0.0,0.0,0.0,0.0,,20.99999937415123,63
heterogeneity_pressure_seed10_safety00_e10_t40_u2,heterogeneity_pressure,10,safety,12,2,laser,0.25,0.9999999552965164,3.0,3.248797729611397,1.0,0.9999999552965164,2.0,2.2487977743148804,-0.2487977296113968,-0.6966338731348514,-0.6966338731348514,0.2499999888241291,0.9466338619589809,4.440892098500626e-16,0.0,0.0,0.0,0.0,0.0,0.0,,15.49759528040886,47
heterogeneity_pressure_seed10_safety00_e10_t40_u2,heterogeneity_pressure,10,safety,13,2,laser,0.25,0.9999999552965164,9.0,8.51934526860714,4.0,3.5193454921245575,5.0,4.999999776482582,0.4806547313928604,0.12016413658857417,0.12016413658857417,0.2499999888241291,0.12983585223555494,0.0,0.0,0.0,0.0,0.0,0.0,0.0,,28.558036118745804,84
heterogeneity_pressure_seed10_safety00_e10_t40_u2,heterogeneity_pressure,10,safety,14,2,laser,0.25,0.9999999552965164,5.0,4.999999776482582,1.0,0.9999999552965164,4.0,3.9999998211860657,2.2351741790771484e-07,3.956258307624694e-07,3.956258307624694e-07,0.2499999888241291,0.24999959319829834,0.0,0.0,0.0,0.0,0.0,0.0,0.0,,14.999999552965164,45
heterogeneity_pressure_seed10_safety00_e10_t40_u2,heterogeneity_pressure,10,safety,15,2,laser,0.25,0.9999999552965164,4.0,3.9999998211860657,2.0,1.9999999105930328,2.0,1.9999999105930328,1.7881393432617188e-07,2.145767217243133e-07,2.145767217243133e-07,0.2499999888241291,0.24999977424740738,0.0,0.0,0.0,0.0,0.0,0.0,0.0,,14.999999552965164,45
heterogeneity_pressure_seed10_safety00_e10_t40_u2,heterogeneity_pressure,10,safety,16,2,laser,0.25,0.9999999552965164,3.0,2.9999998658895493,0.0,0.0,3.0,2.9999998658895493,1.341104507446289e-07,3.1739473360659076e-07,3.1739473360659076e-07,0.2499999888241291,0.2499996714293955,0.0,0.0,0.0,0.0,0.0,0.0,0.0,,11.999999642372131,36
heterogeneity_pressure_seed10_safety00_e10_t40_u2,heterogeneity_pressure,10,safety,17,2,laser,0.25,0.9999999552965164,7.0,6.999999687075615,4.0,3.9999998211860657,3.0,2.9999998658895493,3.129243850708008e-07,3.6209821807631215e-07,3.6209821807631215e-07,0.2499999888241291,0.24999962672591103,0.0,0.0,0.0,0.0,0.0,0.0,0.0,,20.99999937415123,63
heterogeneity_pressure_seed10_safety00_e10_t40_u2,heterogeneity_pressure,10,safety,18,2,laser,0.25,0.9999999552965164,5.0,4.999999776482582,2.0,1.9999999105930328,3.0,2.9999998658895493,2.2351741790771484e-07,3.3974647539736225e-07,3.3974647539736225e-07,0.2499999888241291,0.2499996490776537,0.0,0.0,0.0,0.0,0.0,0.0,0.0,,14.999999552965164,45
heterogeneity_pressure_seed10_safety00_e10_t40_u2,heterogeneity_pressure,10,safety,19,2,laser,0.25,0.9999999552965164,4.0,3.9999998211860657,2.0,1.9999999105930328,2.0,1.9999999105930328,1.7881393432617188e-07,2.145767217243133e-07,2.145767217243133e-07,0.2499999888241291,0.24999977424740738,0.0,0.0,0.0,0.0,0.0,0.0,0.0,,14.999999552965164,45
heterogeneity_pressure_seed10_safety00_e10_t40_u2,heterogeneity_pressure,10,safety,20,2,laser,0.25,0.9999999552965164,10.0,9.999999552965164,4.0,3.9999998211860657,6.0,5.9999997317790985,4.470348358154297e-07,6.2137842249399e-07,6.2137842249399e-07,0.2499999888241291,0.2499993674457066,0.0,0.0,0.0,0.0,0.0,0.0,0.0,,29.99999910593033,90
heterogeneity_pressure_seed10_safety00_e10_t40_u2,heterogeneity_pressure,10,safety,21,2,laser,0.25,0.9999999552965164,5.0,4.231335446238518,1.0,0.7437785118818283,4.0,3.4875569343566895,0.7686645537614822,1.1658079631626617,1.1658079631626617,0.2499999888241291,-0.9158079743385326,0.0,0.0,0.0,0.0,0.0,0.0,0.0,,16.46267080307007,48
heterogeneity_pressure_seed10_safety00_e10_t40_u2,heterogeneity_pressure,10,safety,22,2,laser,0.25,0.9999999552965164,5.0,4.487556889653206,2.0,1.7437784671783447,3.0,2.743778422474861,0.5124431103467941,0.4483878076076513,0.4483878076076513,0.2499999888241291,-0.19838781878352219,0.0,0.0,0.0,0.0,0.0,0.0,0.0,,14.999999552965164,45
heterogeneity_pressure_seed10_safety00_e10_t40_u2,heterogeneity_pressure,10,safety,23,2,laser,0.25,0.9999999552965164,3.0,5.013805255293846,0.0,1.5103540420532227,3.0,3.5034512132406235,-2.013805255293846,-1.1327652722597126,-1.1327652722597126,0.2499999888241291,1.3827652610838417,0.0,0.0,0.0,0.0,0.0,0.0,0.0,,20.034513026475906,65
heterogeneity_pressure_seed10_safety00_e10_t40_u2,heterogeneity_pressure,10,safety,24,2,laser,0.25,0.9999999552965164,5.0,4.999999776482582,3.0,2.9999998658895493,2.0,1.9999999105930328,2.2351741790771484e-07,2.2575259261969904e-07,2.2575259261969904e-07,0.2499999888241291,0.24999976307153648,0.0,0.0,0.0,0.0,0.0,0.0,0.0,,14.999999552965164,45
heterogeneity_pressure_seed10_safety00_e10_t40_u2,heterogeneity_pressure,10,safety,25,2,laser,0.25,0.9999999552965164,3.0,2.9999998658895493,1.0,0.9999999552965164,2.0,1.9999999105930328,1.341104507446289e-07,1.4528632164001465e-07,1.4528632164001465e-07,0.2499999888241291,0.24999984353780746,0.0,0.0,0.0,0.0,0.0,0.0,0.0,,14.999999552965164,45
heterogeneity_pressure_seed10_safety00_e10_t40_u2,heterogeneity_pressure,10,safety,26,2,laser,0.25,0.9999999552965164,6.0,7.003661885857582,3.0,3.2572684288024902,3.0,3.746393457055092,-1.003661885857582,-1.8307816803455355,-1.8307816803455355,0.2499999888241291,2.0807816691696646,0.0,0.0,0.0,0.0,0.0,0.0,0.0,,17.48797819018364,55
heterogeneity_pressure_seed10_safety00_e10_t40_u2,heterogeneity_pressure,10,safety,27,2,laser,0.25,0.9999999552965164,5.0,4.999999776482582,2.0,1.9999999105930328,3.0,2.9999998658895493,2.2351741790771484e-07,3.3974647539736225e-07,3.3974647539736225e-07,0.2499999888241291,0.2499996490776537,0.0,0.0,0.0,0.0,0.0,0.0,0.0,,14.999999552965164,45
heterogeneity_pressure_seed10_safety00_e10_t40_u2,heterogeneity_pressure,10,safety,28,2,laser,0.25,0.9999999552965164,5.0,4.999999776482582,2.0,1.9999999105930328,3.0,2.9999998658895493,2.2351741790771484e-07,2.8163194709662775e-07,2.8163194709662775e-07,0.2499999888241291,0.249999707192182,0.0,0.0,0.0,0.0,0.0,0.0,0.0,,14.999999552965164,45
heterogeneity_pressure_seed10_safety00_e10_t40_u2,heterogeneity_pressure,10,safety,29,2,laser,0.25,0.9999999552965164,5.0,4.999999776482582,1.0,0.9999999552965164,4.0,3.9999998211860657,2.2351741790771484e-07,3.956258307624694e-07,3.956258307624694e-07,0.2499999888241291,0.24999959319829834,0.0,0.0,0.0,0.0,0.0,0.0,0.0,,23.999999284744263,72
heterogeneity_pressure_seed10_safety00_e10_t40_u2,heterogeneity_pressure,10,safety,30,2,laser,0.25,0.9999999552965164,5.0,5.497595503926277,3.0,3.248797729611397,2.0,2.2487977743148804,-0.49759550392627716,-0.43539609387516975,-0.43539609387516975,0.2499999888241291,0.6853960826992989,0.0,0.0,0.0,0.0,0.0,0.0,0.0,,15.995191007852554,49
heterogeneity_pressure_seed10_safety00_e10_t40_u2,heterogeneity_pressure,10,safety,31,2,laser,0.25,0.9999999552965164,3.0,2.759672701358795,1.0,0.7596727907657623,2.0,1.9999999105930328,0.24032729864120483,0.06008199453353935,0.06008199453353935,0.2499999888241291,0.18991799429058975,0.0,0.0,0.0,0.0,0.0,0.0,0.0,,8.999999731779099,27
heterogeneity_pressure_seed10_safety01_e10_t40_u1,heterogeneity_pressure,10,safety,0,1,missile,1.5,0.9999999552965164,4.0,4.802379846572876,1.0,1.8023799806833267,3.0,2.9999998658895493,-0.802379846572876,-1.20356970950961,-1.20356970950961,1.4999999329447746,2.7035696424543847,0.0,0.0,0.0,0.0,0.0,0.0,0.0,0.9999999552965164,18.209519654512405,71
heterogeneity_pressure_seed10_safety01_e10_t40_u1,heterogeneity_pressure,10,safety,1,1,missile,1.5,0.9999999552965164,3.0,3.205933377146721,1.0,1.205933466553688,2.0,1.9999999105930328,-0.2059333771467209,-0.3089000634849066,-0.3089000634849066,1.4999999329447746,1.8088999964296812,0.0,0.0,0.0,0.0,0.0,0.0,0.0,,15.82373359799385,59
heterogeneity_pressure_seed10_safety01_e10_t40_u1,heterogeneity_pressure,10,safety,2,1,missile,1.5,0.9999999552965164,3.0,2.7940663546323776,1.0,0.7940664440393448,2.0,1.9999999105930328,0.20593364536762238,0.3089004702866083,0.3089004702866083,1.4999999217689037,1.1910994514822955,0.0,0.0,0.0,0.0,0.0,0.0,0.0,,14.588132530450821,53
heterogeneity_pressure_seed10_safety01_e10_t40_u1,heterogeneity_pressure,10,safety,3,1,missile,1.5,0.9999999552965164,4.0,4.613774806261063,1.0,1.204591616988182,3.0,3.4091831892728806,-0.6137748062610626,-0.9308918461203577,-0.9308918461203577,1.4999999329447746,2.4308917790651323,0.0,0.0,0.0,0.20459166169166565,0.0,0.0,0.0,0.9999999552965164,16.227549523115158,61
heterogeneity_pressure_seed10_safety01_e10_t40_u1,heterogeneity_pressure,10,safety,4,1,missile,1.5,0.9999999552965164,5.0,4.999999776482582,2.0,1.9999999105930328,3.0,2.9999998658895493,2.2351741790771484e-07,3.956258307624694e-07,3.956258307624694e-07,1.4999999329447746,1.4999995373189439,0.0,0.0,0.0,0.0,0.0,0.0,0.0,,20.99999937415123,77
heterogeneity_pressure_seed10_safety01_e10_t40_u1,heterogeneity_pressure,10,safety,5,1,missile,1.5,0.9999999552965164,9.0,7.421004951000214,3.0,1.9999999105930328,6.0,5.421005040407181,1.5789950489997864,2.1368947036564343,2.1368947036564343,1.4999999329447746,-0.6368947707116597,0.0,0.8070017248392105,0.8070017248392105,3.421005129814148,0.0,0.0,0.0,0.9999999552965164,27.035007998347282,99
heterogeneity_pressure_seed10_safety01_e10_t40_u1,heterogeneity_pressure,10,safety,6,1,missile,1.5,0.9999999552965164,4.0,4.613774806261063,1.0,0.9999999552965164,3.0,3.613774850964546,-0.6137748062610626,-1.1968610063195237,-1.1968610063195237,1.4999999329447746,2.6968609392642984,0.0,0.0,0.0,0.0,0.0,0.0,0.0,,17.04591616988182,65
heterogeneity_pressure_seed10_safety01_e10_t40_u1,heterogeneity_pressure,10,safety,7,1,missile,1.5,0.9999999552965164,3.0,2.7940663546323776,1.0,0.7940664440393448,2.0,1.9999999105930328,0.20593364536762238,0.3089004702866083,0.3089004702866083,1.4999999329447746,1.1910994626581664,0.0,0.0,0.0,0.0,0.0,0.0,0.0,,14.588132530450821,53
heterogeneity_pressure_seed10_safety01_e10_t40_u1,heterogeneity_pressure,10,safety,8,1,missile,1.5,0.9999999552965164,6.0,5.176265686750412,1.0,0.0,5.0,5.176265686750412,0.823734313249588,1.9810643739998337,1.9810643739998337,1.4999999329447746,-0.4810644410550591,0.0,0.0,0.0,0.0,0.0,0.0,0.0,,19.7643983066082,71
heterogeneity_pressure_seed10_safety01_e10_t40_u1,heterogeneity_pressure,10,safety,9,1,missile,1.5,0.9999999552965164,5.0,5.416278183460236,1.0,1.4034482389688492,4.0,4.012829944491386,-0.4162781834602356,-1.6371728539466863,-1.6371728539466863,1.4999999329447746,3.137172786891461,0.0,0.0,0.0,0.0,0.0,0.0,0.0,,15.80689612030983,59
heterogeneity_pressure_seed10_safety01_e10_t40_u1,heterogeneity_pressure,10,safety,10,1,missile,1.5,0.9999999552965164,5.0,6.610206186771393,2.0,0.9999999552965164,3.0,5.610206231474876,-1.6102061867713928,-0.6852752074599255,-0.6852752074599255,1.4999999217689037,2.1852751292288293,0.0,0.0,0.0,0.0,0.0,0.0,0.0,,17.40427240729332,67
heterogeneity_pressure_seed10_safety01_e10_t40_u1,heterogeneity_pressure,10,safety,11,1,missile,1.5,0.9999999552965164,3.0,2.802379935979843,0.0,0.0,3.0,2.802379935979843,0.19762006402015686,0.04940512999892244,0.04940512999892244,1.4999999217689037,1.4505947917699809,-4.440892098500626e-16,0.0,0.0,0.0,0.0,0.0,0.0,,14.999999552965164,55
heterogeneity_pressure_seed10_safety01_e10_t40_u1,heterogeneity_pressure,10,safety,12,1,missile,1.5,0.9999999552965164,4.0,2.9999998658895493,2.0,0.9999999552965164,2.0,1.9999999105930328,1.0000001341104507,1.5000002034008508,1.5000002034008508,1.4999999217689037,-2.8163194709662775e-07,0.0,0.0,0.0,0.0,0.0,0.0,0.0,0.9999999552965164,14.999999552965164,55
heterogeneity_pressure_seed10_safety01_e10_t40_u1,heterogeneity_pressure,10,safety,13,1,missile,1.5,0.9999999552965164,4.0,4.60938161611557,1.0,0.9999999552965164,3.0,3.6093816608190536,-0.6093816161155701,-1.7062689252197742,-1.7062689252197742,1.4999999217689037,3.206268846988678,0.0,0.0,0.0,0.0,0.0,0.0,0.0,,16.218763142824173,61
heterogeneity_pressure_seed10_safety01_e10_t40_u1,heterogeneity_pressure,10,safety,14,1,missile,1.5,0.9999999552965164,3.0,2.9999998658895493,1.0,0.9999999552965164,2.0,1.9999999105930328,1.341104507446289e-07,2.0340085082892756e-07,2.0340085082892756e-07,1.4999999217689037,1.499999718368053,0.0,0.0,0.0,0.0,0.0,0.0,0.0,0.9999999552965164,14.999999552965164,55
heterogeneity_pressure_seed10_safety01_e10_t40_u1,heterogeneity_pressure,10,safety,15,1,missile,1.5,0.9999999552965164,7.0,6.810816690325737,2.0,1.4047900885343552,5.0,5.406026601791382,0.189183309674263,-0.24090639501809896,-0.24090639501809896,1.4999999329447746,1.7409063279628736,0.0,0.19885662198066711,0.0,0.19885662198066711,0.0,0.0,0.0,0.9999999552965164,18.238320618867874,71
heterogeneity_pressure_seed10_safety01_e10_t40_u1,heterogeneity_pressure,10,safety,16,1,missile,1.5,0.9999999552965164,5.0,4.408069804310799,2.0,0.9999999552965164,3.0,3.4080698490142822,0.5919301956892014,-0.13474122583866066,-0.13474122583866066,1.4999999217689037,1.6347411476075644,0.0,0.0,0.0,0.0,0.0,0.0,0.0,0.9999999552965164,15.430143058300018,57
heterogeneity_pressure_seed10_safety01_e10_t40_u1,heterogeneity_pressure,10,safety,17,1,missile,1.5,0.9999999552965164,5.0,4.421005085110664,2.0,1.614003449678421,3.0,2.8070016354322433,0.5789949148893356,0.6272445306181913,0.6272445306181913,1.4999999217689037,0.8727553911507124,0.0,0.0,0.0,0.0,0.0,0.0,0.0,,16.84201008081436,60
heterogeneity_pressure_seed10_safety01_e10_t40_u1,heterogeneity_pressure,10,safety,18,1,missile,1.5,0.9999999552965164,5.0,4.403448104858398,1.0,0.0,4.0,4.403448104858398,0.5965518951416016,0.3703449644148362,0.3703449644148362,1.4999999329447746,1.1296549685299402,1.7763568394002505e-15,0.0,0.0,0.0,0.0,0.0,0.0,0.9999999552965164,15.613792687654495,62
heterogeneity_pressure_seed10_safety01_e10_t40_u1,heterogeneity_pressure,10,safety,19,1,missile,1.5,0.9999999552965164,6.0,6.2095199674367905,1.0,0.8023800253868103,5.0,5.40713994204998,-0.20951996743679047,0.6985761396586891,0.6985761396586891,1.4999999217689037,0.8014237821102146,0.0,0.0,0.0,0.0,0.0,0.0,0.0,,22.419039845466614,80
heterogeneity_pressure_seed10_safety01_e10_t40_u1,heterogeneity_pressure,10,safety,20,1,missile,1.5,0.9999999552965164,8.0,7.999999642372131,2.0,1.9999999105930328,6.0,5.9999997317790985,3.5762786865234375e-07,4.291534434486266e-07,4.291534434486266e-07,1.4999999329447746,1.4999995037913312,0.0,0.0,0.0,0.9999999552965164,0.0,0.0,0.0,,29.99999910593033,110
heterogeneity_pressure_seed10_safety01_e10_t40_u1,heterogeneity_pressure,10,safety,21,1,missile,1.5,0.9999999552965164,4.0,2.9999998658895493,1.0,0.0,3.0,2.9999998658895493,1.0000001341104507,1.500000147521496,1.500000147521496,1.4999999217689037,-2.2575259261969904e-07,-4.440892098500626e-16,0.0,0.0,0.0,0.0,0.0,0.0,0.9999999552965164,14.999999552965164,55
heterogeneity_pressure_seed10_safety01_e10_t40_u1,heterogeneity_pressure,10,safety,22,1,missile,1.5,0.9999999552965164,5.0,4.999999776482582,1.0,0.9999999552965164,4.0,3.9999998211860657,2.2351741790771484e-07,2.2575259261969904e-07,2.2575259261969904e-07,1.4999999217689037,1.4999996960163111,0.0,0.0,0.0,0.0,0.0,0.0,0.0,,14.999999552965164,55
heterogeneity_pressure_seed10_safety01_e10_t40_u1,heterogeneity_pressure,10,safety,23,1,missile,1.5,0.9999999552965164,6.0,5.794066220521927,2.0,1.9999999105930328,4.0,3.794066309928894,0.20593377947807312,0.051483784615994566,0.051483784615994566,1.4999999217689037,1.4485161371529092,0.0,0.0,0.0,0.0,0.0,0.0,0.0,,17.999999463558197,66
heterogeneity_pressure_seed10_safety01_e10_t40_u1,heterogeneity_pressure,10,safety,24,1,missile,1.5,0.9999999552965164,4.0,3.794066309928894,1.0,0.7940664440393448,3.0,2.9999998658895493,0.20593369007110596,0.30890059545636195,0.30890059545636195,1.4999999217689037,1.191099326312541,-8.881784197001252e-16,0.0,0.0,0.0,0.0,0.0,0.0,,14.588132530450821,53
heterogeneity_pressure_seed10_safety01_e10_t40_u1,heterogeneity_pressure,10,safety,25,1,missile,1.5,0.9999999552965164,6.0,4.798582807183266,2.0,0.7940664440393448,4.0,4.004516363143921,1.2014171928167343,1.807771471142769,1.807771471142769,1.4999999217689037,-0.3077715493738662,-8.881784197001252e-16,0.0,0.0,0.0,0.0,0.0,0.0,,14.588132530450821,53
heterogeneity_pressure_seed10_safety01_e10_t40_u1,heterogeneity_pressure,10,safety,26,1,missile,1.5,0.9999999552965164,5.0,7.4375269562006,1.0,1.6093817502260208,4.0,5.828145205974579,-2.4375269562005997,-2.925032275915145,-2.925032275915145,1.4999999217689037,4.4250321976840485,0.0,0.6093817949295044,0.6093817949295044,0.6093817949295044,0.0,0.0,0.0,,20.484435707330704,82
heterogeneity_pressure_seed10_safety01_e10_t40_u1,heterogeneity_pressure,10,safety,27,1,missile,1.5,0.9999999552965164,2.0,3.210344761610031,1.0,1.4034482389688492,1.0,1.806896522641182,-1.2103447616100311,-2.864482735842466,-2.864482735842466,1.4999999329447746,4.364482668787241,8.881784197001252e-16,0.0,0.0,0.0,0.0,0.0,0.0,,18.227585822343826,71
heterogeneity_pressure_seed10_safety01_e10_t40_u1,heterogeneity_pressure,10,safety,28,1,missile,1.5,0.9999999552965164,4.0,4.004411205649376,2.0,0.8068965673446655,2.0,3.1975146383047104,-0.0044112056493759155,1.4902767173945906,1.4902767173945906,1.4999999217689037,0.009723204374312289,-8.881784197001252e-16,0.0,0.0,0.0,0.0,0.0,0.0,,16.613792687654495,63
heterogeneity_pressure_seed10_safety01_e10_t40_u1,heterogeneity_pressure,10,safety,29,1,missile,1.5,0.9999999552965164,6.0,5.9999997317790985,2.0,0.9999999552965164,4.0,4.999999776482582,2.682209014892578e-07,1.2500003509223463,1.2500003509223463,1.4999999217689037,0.24999957084655655,-8.881784197001252e-16,0.0,0.0,0.0,0.0,0.0,0.0,0.9999999552965164,17.999999463558197,66
heterogeneity_pressure_seed10_safety01_e10_t40_u1,heterogeneity_pressure,10,safety,30,1,missile,1.5,0.9999999552965164,3.0,2.9999998658895493,1.0,0.9999999552965164,2.0,1.9999999105930328,1.341104507446289e-07,2.0340085082892756e-07,2.0340085082892756e-07,1.4999999217689037,1.499999718368053,0.0,0.0,0.0,0.0,0.0,0.0,0.0,,14.999999552965164,55
heterogeneity_pressure_seed10_safety01_e10_t40_u1,heterogeneity_pressure,10,safety,31,1,missile,1.5,0.9999999552965164,4.0,6.842010259628296,1.0,1.807001680135727,3.0,5.035008579492569,-2.842010259628296,-3.284963461756706,-3.284963461756706,1.4999999329447746,4.784963394701481,0.0,0.0,0.0,0.8070017248392105,0.0,0.0,0.0,0.9999999552965164,16.456013530492783,66
heterogeneity_pressure_seed10_safety02_e10_t40_u0,heterogeneity_pressure,10,safety,0,0,missile,2.8,1.0,3.0,2.5963872969150543,1.0,1.0,2.0,1.5963872969150543,0.4036127030849457,0.6054190546274185,0.6054190546274185,2.8,2.1945809453725813,0.0,0.0,0.0,0.0,0.0,0.0,0.0,1.0,9.0,33
heterogeneity_pressure_seed10_safety02_e10_t40_u0,heterogeneity_pressure,10,safety,1,0,missile,2.8,1.0,6.0,5.807644262909889,2.0,2.0,4.0,3.807644262909889,0.19235573709011078,0.28853360563516617,0.28853360563516617,2.8,2.5114663943648345,8.881784197001252e-16,0.0,0.0,0.0,0.0,0.0,0.0,,21.0,77
heterogeneity_pressure_seed10_safety02_e10_t40_u0,heterogeneity_pressure,10,safety,2,0,missile,2.8,1.0,4.0,4.0,1.0,1.0,3.0,3.0,0.0,0.0,0.0,2.8,2.8,0.0,0.0,0.0,0.0,0.0,0.0,0.0,,15.0,55
heterogeneity_pressure_seed10_safety02_e10_t40_u0,heterogeneity_pressure,10,safety,3,0,missile,2.8,1.0,5.0,5.199893534183502,1.0,1.0,4.0,4.199893534183502,-0.1998935341835022,-0.04997338354587555,-0.04997338354587555,2.8,2.8499733835458754,0.0,0.0,0.0,0.0,0.0,0.0,0.0,,15.810574859380722,59
heterogeneity_pressure_seed10_safety02_e10_t40_u0,heterogeneity_pressure,10,safety,4,0,missile,2.8,1.0,8.0,6.199949681758881,3.0,1.8017811924219131,5.0,4.3981684893369675,1.8000503182411194,4.009986417740581,4.009986417740581,2.8,-1.2099864177405841,-2.6645352591003757e-15,0.0,0.0,0.0,0.0,0.0,0.0,1.0,19.81068715453148,71
heterogeneity_pressure_seed10_safety02_e10_t40_u0,heterogeneity_pressure,10,safety,5,0,missile,2.8,1.0,5.0,4.813563480973244,2.0,2.0,3.0,2.8135634809732437,0.1864365190267563,-0.46530577167868614,-0.46530577167868614,2.8,3.265305771678685,-8.881784197001252e-16,0.0,0.0,0.0,0.0,0.0,0.0,1.0,15.8190638422966,59
heterogeneity_pressure_seed10_safety02_e10_t40_u0,heterogeneity_pressure,10,safety,6,0,missile,2.8,1.0,4.0,4.0,1.0,1.0,3.0,3.0,0.0,0.0,0.0,2.8,2.8,0.0,0.0,0.0,0.0,0.0,0.0,0.0,,15.0,55
heterogeneity_pressure_seed10_safety02_e10_t40_u0,heterogeneity_pressure,10,safety,7,0,missile,2.8,1.0,9.0,7.981936484575272,3.0,2.0,6.0,5.981936484575272,1.0180635154247284,3.309031757712363,3.309031757712363,2.8,-0.5090317577123642,-8.881784197001252e-16,0.5963872969150543,-0.5963872969150543,-0.5963872969150543,0.0,0.0,0.0,,23.578323781490326,86
heterogeneity_pressure_seed10_safety02_e10_t40_u0,heterogeneity_pressure,10,safety,8,0,missile,2.8,1.0,8.0,6.385549187660217,3.0,2.0,5.0,4.385549187660217,1.6144508123397827,2.2081285819411267,2.2081285819411267,2.8,0.5918714180588722,-8.881784197001252e-16,0.5963872969150543,0.0,1.1927745938301086,0.0,0.0,0.0,,24.578323781490326,87
heterogeneity_pressure_seed10_safety02_e10_t40_u0,heterogeneity_pressure,10,safety,9,0,missile,2.8,1.0,3.0,2.192355737090111,2.0,1.1923557370901108,1.0,1.0,0.8076442629098892,2.2614039361476896,2.2614039361476896,2.8,0.5385960638523102,0.0,0.0,0.0,0.0,0.0,0.0,0.0,1.0,15.769422948360443,59
heterogeneity_pressure_seed10_safety02_e10_t40_u0,heterogeneity_pressure,10,safety,10,0,missile,2.8,1.0,7.0,5.010524541139603,2.0,1.2070686221122742,5.0,3.8034559190273285,1.9894754588603973,2.5193438783288,2.5193438783288,2.8,0.2806561216711998,0.0,0.0,0.0,0.0,0.0,0.0,0.0,1.0,17.431836873292923,59
heterogeneity_pressure_seed10_safety02_e10_t40_u0,heterogeneity_pressure,10,safety,11,0,missile,2.8,1.0,4.0,4.0,1.0,1.0,3.0,3.0,0.0,0.0,0.0,2.8,2.8,0.0,0.0,0.0,0.0,0.0,0.0,0.0,,15.0,55
heterogeneity_pressure_seed10_safety02_e10_t40_u0,heterogeneity_pressure,10,safety,12,0,missile,2.8,1.0,6.0,5.014769032597542,2.0,1.8017811924219131,4.0,3.2129878401756287,0.9852309674024582,0.9995392106473453,0.9995392106473453,2.8,1.8004607893526536,-8.881784197001252e-16,0.0,0.0,0.0,0.0,0.0,0.0,,22.01781192421913,78
heterogeneity_pressure_seed10_safety02_e10_t40_u0,heterogeneity_pressure,10,safety,13,0,missile,2.8,1.0,5.0,5.199000373482704,2.0,1.0,3.0,4.199000373482704,-0.19900037348270416,2.7569922760128973,2.7569922760128973,2.8,0.04300772398710251,0.0,0.0,0.0,0.0,0.0,0.0,0.0,,14.988999277353287,55
heterogeneity_pressure_seed10_safety02_e10_t40_u0,heterogeneity_pressure,10,safety,14,0,missile,2.8,1.0,2.0,1.4040315598249435,1.0,1.0,1.0,0.40403155982494354,0.5959684401750565,0.8939526602625847,0.8939526602625847,2.8,1.9060473397374151,0.0,0.0,0.0,0.0,0.0,0.0,0.0,,9.0,33
heterogeneity_pressure_seed10_safety02_e10_t40_u0,heterogeneity_pressure,10,safety,15,0,missile,2.8,1.0,4.0,4.232363373041153,2.0,1.2053938955068588,2.0,3.026969477534294,-0.23236337304115295,1.9681547231972214,1.9681547231972214,2.8,0.8318452768027775,-8.881784197001252e-16,0.0,0.0,0.0,0.0,0.0,0.0,1.0,17.05393895506859,65
heterogeneity_pressure_seed10_safety02_e10_t40_u0,heterogeneity_pressure,10,safety,16,0,missile,2.8,1.0,0.0,0.0,0.0,0.0,0.0,0.0,0.0,0.0,0.0,2.8,2.8,0.0,0.0,0.0,0.0,0.0,0.0,0.0,,15.0,55
heterogeneity_pressure_seed10_safety02_e10_t40_u0,heterogeneity_pressure,10,safety,17,0,missile,2.8,1.0,6.0,3.3909934014081955,3.0,1.7946061044931412,3.0,1.5963872969150543,2.6090065985918045,4.976006083190439,4.976006083190439,2.8,-2.1760060831904404,-8.881784197001252e-16,0.0,0.0,0.0,0.0,0.0,0.0,1.0,17.589212208986282,56
heterogeneity_pressure_seed10_safety02_e10_t40_u0,heterogeneity_pressure,10,safety,18,0,missile,2.8,1.0,7.0,6.807644262909889,2.0,2.0,5.0,4.807644262909889,0.19235573709011078,0.048088934272527695,0.048088934272527695,2.8,2.7519110657274712,-8.881784197001252e-16,0.0,0.0,0.0,0.0,0.0,0.0,,18.0,66
heterogeneity_pressure_seed10_safety02_e10_t40_u0,heterogeneity_pressure,10,safety,19,0,missile,2.8,1.0,8.0,6.60225036740303,3.0,2.0,5.0,4.60225036740303,1.3977496325969696,2.8994374081492413,2.8994374081492413,2.8,-0.0994374081492424,-8.881784197001252e-16,0.0,0.0,0.0,0.0,0.0,0.0,1.0,24.0,88
heterogeneity_pressure_seed10_safety02_e10_t40_u0,heterogeneity_pressure,10,safety,20,0,missile,2.8,1.0,3.0,4.789161890745163,2.0,2.0,1.0,2.789161890745163,-1.789161890745163,-1.1927745938301086,-1.1927745938301086,2.8,3.9927745938301076,-8.881784197001252e-16,0.5963872969150543,0.0,1.789161890745163,0.0,0.0,0.0,1.0,21.771098375320435,89
heterogeneity_pressure_seed10_safety02_e10_t40_u0,heterogeneity_pressure,10,safety,21,0,missile,2.8,1.0,5.0,5.212094679474831,2.0,1.4040315598249435,3.0,3.808063119649887,-0.21209467947483063,0.9616564027965069,0.9616564027965069,2.8,1.838343597203492,-8.881784197001252e-16,0.40403155982494354,0.0,0.8080631196498871,0.0,0.0,0.0,1.0,19.040315598249435,75
heterogeneity_pressure_seed10_safety02_e10_t40_u0,heterogeneity_pressure,10,safety,22,0,missile,2.8,1.0,4.0,4.204138025641441,1.0,1.4095319211483002,3.0,2.794606104493141,-0.20413802564144135,-1.0953409053385252,-1.0953409053385252,2.8,3.895340905338526,8.881784197001252e-16,0.0,0.0,0.0,0.0,0.0,0.0,,15.8190638422966,59
heterogeneity_pressure_seed10_safety02_e10_t40_u0,heterogeneity_pressure,10,safety,23,0,missile,2.8,1.0,4.0,4.0,1.0,1.0,3.0,3.0,0.0,0.0,0.0,2.8,2.8,0.0,0.0,0.0,0.0,0.0,0.0,0.0,,15.0,55
heterogeneity_pressure_seed10_safety02_e10_t40_u0,heterogeneity_pressure,10,safety,24,0,missile,2.8,1.0,2.0,2.0,1.0,1.0,1.0,1.0,0.0,0.0,0.0,2.8,2.8,0.0,0.0,0.0,0.0,0.0,0.0,0.0,1.0,12.616126239299774,43
heterogeneity_pressure_seed10_safety02_e10_t40_u0,heterogeneity_pressure,10,safety,25,0,missile,2.8,1.0,5.0,4.603562384843826,2.0,1.8017811924219131,3.0,2.801781192421913,0.3964376151561737,0.8523408725857742,0.8523408725857742,2.8,1.9476591274142248,-8.881784197001252e-16,0.0,0.0,0.0,0.0,0.0,0.0,,22.414249539375305,80
heterogeneity_pressure_seed10_safety02_e10_t40_u0,heterogeneity_pressure,10,safety,26,0,missile,2.8,1.0,6.0,6.207431331276894,2.0,2.0,4.0,4.207431331276894,-0.20743133127689362,-0.30172475054860115,-0.30172475054860115,2.8,3.1017247505486,-8.881784197001252e-16,0.1998935341835022,0.1998935341835022,0.5996806025505066,0.0,0.0,0.0,1.0,15.999467670917511,60
heterogeneity_pressure_seed10_safety02_e10_t40_u0,heterogeneity_pressure,10,safety,27,0,missile,2.8,1.0,4.0,6.385549187660217,2.0,2.0,2.0,4.385549187660217,-2.3855491876602173,-1.3418714180588722,-1.3418714180588722,2.8,4.141871418058871,-8.881784197001252e-16,0.5963872969150543,0.0,0.5963872969150543,0.0,0.0,0.0,,20.963872969150543,85
heterogeneity_pressure_seed10_safety02_e10_t40_u0,heterogeneity_pressure,10,safety,28,0,missile,2.8,1.0,9.0,8.60225036740303,3.0,2.0,6.0,6.60225036740303,0.3977496325969696,1.8966244488954533,1.8966244488954533,2.8,0.9033755511045474,8.881784197001252e-16,1.0,0.0,1.0,0.0,0.0,0.0,,30.0,110
heterogeneity_pressure_seed10_safety02_e10_t40_u0,heterogeneity_pressure,10,safety,29,0,missile,2.8,1.0,3.0,2.2116758227348328,1.0,1.0,2.0,1.2116758227348328,0.7883241772651672,0.9420415945351124,0.9420415945351124,2.8,1.8579584054648874,0.0,0.0,0.0,0.0,0.0,0.0,0.0,,9.0,33
heterogeneity_pressure_seed10_safety02_e10_t40_u0,heterogeneity_pressure,10,safety,30,0,missile,2.8,1.0,6.0,4.808063119649887,3.0,2.0,3.0,2.808063119649887,1.191936880350113,2.3429447703063477,2.3429447703063477,2.8,0.4570552296936512,-8.881784197001252e-16,0.40403155982494354,0.0,-1.2120946794748306,0.0,0.0,0.0,1.0,20.616126239299774,75
heterogeneity_pressure_seed10_safety02_e10_t40_u0,heterogeneity_pressure,10,safety,31,0,missile,2.8,1.0,1.0,1.8165521025657654,0.0,0.20413802564144135,1.0,1.612414076924324,-0.8165521025657654,-1.2350350551307203,-1.2350350551307203,2.8,4.03503505513072,0.0,0.0,0.0,0.0,0.0,0.0,0.0,,16.63310420513153,63
heterogeneity_pressure_seed10_safety03_e03_t33_u2,heterogeneity_pressure,10,safety,0,2,laser,0.25,0.9999999701976776,5.0,4.999999850988388,2.0,1.9999999403953552,3.0,2.999999910593033,1.4901161193847656e-07,2.264976508570271e-07,2.264976508570271e-07,0.2499999925494194,0.24999976605176855,0.0,0.0,0.0,0.0,0.0,0.0,0.0,,11.999999761581421,28
heterogeneity_pressure_seed10_safety03_e03_t33_u2,heterogeneity_pressure,10,safety,1,2,laser,0.25,0.9999999701976776,6.0,5.999999821186066,2.0,1.9999999403953552,4.0,3.9999998807907104,1.7881393432617188e-07,3.099441521214885e-07,3.099441521214885e-07,0.2499999925494194,0.24999968260526728,0.0,0.0,0.0,0.0,0.0,0.0,0.0,,29.999999403953552,70
heterogeneity_pressure_seed10_safety03_e03_t33_u2,heterogeneity_pressure,10,safety,2,2,laser,0.25,0.9999999701976776,8.0,7.999999761581421,2.0,1.9999999403953552,6.0,5.999999821186066,2.384185791015625e-07,3.9935111928457445e-07,3.9935111928457445e-07,0.2499999925494194,0.24999959319830012,0.0,0.0,0.0,0.0,0.0,0.0,0.0,,50.99999898672104,119
heterogeneity_pressure_seed10_safety03_e03_t33_u2,heterogeneity_pressure,10,safety,3,2,laser,0.25,0.9999999701976776,8.0,7.999999761581421,3.0,2.999999910593033,5.0,4.999999850988388,2.384185791015625e-07,3.620982162999553e-07,3.620982162999553e-07,0.2499999925494194,0.2499996304512031,0.0,0.0,0.0,0.0,0.0,0.0,0.0,,20.999999582767487,49
heterogeneity_pressure_seed10_safety03_e03_t33_u2,heterogeneity_pressure,10,safety,4,2,laser,0.25,0.9999999701976776,4.0,3.9999998807907104,1.0,0.9999999701976776,3.0,2.999999910593033,1.1920928955078125e-07,2.1904707026010328e-07,2.1904707026010328e-07,0.2499999925494194,0.24999977350234914,0.0,0.0,0.0,0.0,0.0,0.0,0.0,,14.999999701976776,35
heterogeneity_pressure_seed10_safety03_e03_t33_u2,heterogeneity_pressure,10,safety,5,2,laser,0.25,0.9999999701976776,10.0,8.018792450428009,6.0,4.018792569637299,4.0,3.9999998807907104,1.981207549571991,0.4953021526336663,0.4953021526336663,0.2499999925494194,-0.24530216008424688,0.0,0.0,0.0,0.0,0.0,0.0,0.0,,28.018792152404785,64
heterogeneity_pressure_seed10_safety03_e03_t33_u2,heterogeneity_pressure,10,safety,6,2,laser,0.25,0.9999999701976776,3.0,2.6661640107631683,0.0,0.0,3.0,2.6661640107631683,0.33383598923683167,0.9347407311201099,0.9347407311201099,0.2499999925494194,-0.6847407385706905,0.0,0.0,0.0,0.0,0.0,0.0,0.0,,10.664656162261963,24
heterogeneity_pressure_seed10_safety03_e03_t33_u2,heterogeneity_pressure,10,safety,7,2,laser,0.25,0.9999999701976776,4.0,3.9999998807907104,3.0,2.999999910593033,1.0,0.9999999701976776,1.1920928955078125e-07,1.0579824483158973e-07,1.0579824483158973e-07,0.2499999925494194,0.24999988675117457,0.0,0.0,0.0,0.0,0.0,0.0,0.0,,17.99999964237213,42
heterogeneity_pressure_seed10_safety03_e03_t33_u2,heterogeneity_pressure,10,safety,8,2,laser,0.25,0.9999999701976776,7.0,6.999999791383743,2.0,1.9999999403953552,5.0,4.999999850988388,2.086162567138672e-07,3.546476357030315e-07,3.546476357030315e-07,0.2499999925494194,0.2499996379017837,0.0,0.0,0.0,0.0,0.0,0.0,0.0,,23.999999523162842,56
heterogeneity_pressure_seed10_safety03_e03_t33_u2,heterogeneity_pressure,10,safety,9,2,laser,0.25,0.9999999701976776,7.0,6.00939616560936,3.0,2.3395974934101105,4.0,3.6697986721992493,0.9906038343906403,0.6604026570916179,0.6604026570916179,0.2499999925494194,-0.41040266454219854,0.0,0.0,0.0,0.0,0.0,0.0,0.0,,19.679194748401642,45
heterogeneity_pressure_seed10_safety03_e03_t33_u2,heterogeneity_pressure,10,safety,10,2,laser,0.25,0.9999999701976776,6.0,5.999999821186066,1.0,0.9999999701976776,5.0,4.999999850988388,1.7881393432617188e-07,3.084540374231892e-07,3.084540374231892e-07,0.2499999925494194,0.24999968409538198,0.0,0.0,0.0,0.0,0.0,0.0,0.0,,20.999999582767487,49
heterogeneity_pressure_seed10_safety03_e03_t33_u2,heterogeneity_pressure,10,safety,11,2,laser,0.25,0.9999999701976776,8.0,7.999999761581421,4.0,3.9999998807907104,4.0,3.9999998807907104,2.384185791015625e-07,2.4735927617314246e-07,2.4735927617314246e-07,0.2499999925494194,0.24999974519014323,0.0,0.0,0.0,0.0,0.0,0.0,0.0,,23.999999523162842,56
heterogeneity_pressure_seed10_safety03_e03_t33_u2,heterogeneity_pressure,10,safety,12,2,laser,0.25,0.9999999701976776,9.0,8.999999731779099,3.0,2.999999910593033,6.0,5.999999821186066,2.682209014892578e-07,4.068016998814983e-07,4.068016998814983e-07,0.2499999925494194,0.24999958574771952,0.0,0.0,0.0,0.0,0.0,0.0,0.0,,20.999999582767487,49
heterogeneity_pressure_seed10_safety03_e03_t33_u2,heterogeneity_pressure,10,safety,13,2,laser,0.25,0.9999999701976776,7.0,6.999999791383743,3.0,2.999999910593033,4.0,3.9999998807907104,2.086162567138672e-07,2.786517150354939e-07,2.786517150354939e-07,0.2499999925494194,0.24999971389770437,0.0,0.0,0.0,0.0,0.0,0.0,0.0,,23.999999523162842,56
heterogeneity_pressure_seed10_safety03_e03_t33_u2,heterogeneity_pressure,10,safety,14,2,laser,0.25,0.9999999701976776,3.0,2.999999910593033,1.0,0.9999999701976776,2.0,1.9999999403953552,8.940696716308594e-08,1.3560056721928504e-07,1.3560056721928504e-07,0.2499999925494194,0.24999985694885218,0.0,0.0,0.0,0.0,0.0,0.0,0.0,,8.999999821186066,21
heterogeneity_pressure_seed10_safety03_e03_t33_u2,heterogeneity_pressure,10,safety,15,2,laser,0.25,0.9999999701976776,6.0,5.339597404003143,2.0,1.669798731803894,4.0,3.6697986721992493,0.6604025959968567,0.5778523474931712,0.5778523474931712,0.2499999925494194,-0.32785235494375176,0.0,0.0,0.0,0.0,0.0,0.0,0.0,,20.339597165584564,47
heterogeneity_pressure_seed10_safety03_e03_t33_u2,heterogeneity_pressure,10,safety,16,2,laser,0.25,0.9999999701976776,4.0,4.990603506565094,1.0,1.3302011787891388,3.0,3.660402327775955,-0.990603506565094,-1.502415318787098,-1.502415318787098,0.2499999925494194,1.7524153113365175,0.0,0.0,0.0,0.0,0.0,0.0,0.0,,16.32080453634262,39
heterogeneity_pressure_seed10_safety03_e03_t33_u2,heterogeneity_pressure,10,safety,17,2,laser,0.25,0.9999999701976776,3.0,2.999999910593033,1.0,0.9999999701976776,2.0,1.9999999403953552,8.940696716308594e-08,1.3560056721928504e-07,1.3560056721928504e-07,0.2499999925494194,0.24999985694885218,0.0,0.0,0.0,0.0,0.0,0.0,0.0,,8.999999821186066,21
heterogeneity_pressure_seed10_safety03_e03_t33_u2,heterogeneity_pressure,10,safety,18,2,laser,0.25,0.9999999701976776,6.0,5.999999821186066,2.0,1.9999999403953552,4.0,3.9999998807907104,1.7881393432617188e-07,2.712011344385701e-07,2.712011344385701e-07,0.2499999925494194,0.24999972134828496,0.0,0.0,0.0,0.0,0.0,0.0,0.0,,20.999999582767487,49
heterogeneity_pressure_seed10_safety03_e03_t33_u2,heterogeneity_pressure,10,safety,19,2,laser,0.25,0.9999999701976776,8.0,6.018792510032654,4.0,3.009396255016327,4.0,3.009396255016327,1.9812074899673462,2.592079812288283,2.592079812288283,0.2499999925494194,-2.3420798197388635,0.0,0.0,0.0,0.0,0.0,0.0,0.0,,20.69798743724823,46
heterogeneity_pressure_seed10_safety03_e03_t33_u2,heterogeneity_pressure,10,safety,20,2,laser,0.25,0.9999999701976776,4.0,3.9999998807907104,3.0,2.999999910593033,1.0,0.9999999701976776,1.1920928955078125e-07,1.0579824483158973e-07,1.0579824483158973e-07,0.2499999925494194,0.24999988675117457,0.0,0.0,0.0,0.0,0.0,0.0,0.0,,14.999999701976776,35
heterogeneity_pressure_seed10_safety03_e03_t33_u2,heterogeneity_pressure,10,safety,21,2,laser,0.25,0.9999999701976776,9.0,8.999999731779099,5.0,4.999999850988388,4.0,3.9999998807907104,2.682209014892578e-07,2.9355287622934156e-07,2.9355287622934156e-07,0.2499999925494194,0.24999969899654317,0.0,0.0,0.0,0.0,0.0,0.0,0.0,,26.999999463558197,63
heterogeneity_pressure_seed10_safety03_e03_t33_u2,heterogeneity_pressure,10,safety,22,2,laser,0.25,0.9999999701976776,11.0,10.999999672174454,6.0,5.999999821186066,5.0,4.999999850988388,3.2782554626464844e-07,3.4570694040780836e-07,3.4570694040780836e-07,0.2499999925494194,0.249999646842479,0.0,0.0,0.0,0.0,0.0,0.0,0.0,,29.999999403953552,70
heterogeneity_pressure_seed10_safety03_e03_t33_u2,heterogeneity_pressure,10,safety,23,2,laser,0.25,0.9999999701976776,9.0,8.999999731779099,3.0,2.999999910593033,6.0,5.999999821186066,2.682209014892578e-07,4.068016998814983e-07,4.068016998814983e-07,0.2499999925494194,0.24999958574771952,0.0,0.0,0.0,0.0,0.0,0.0,0.0,,32.99999934434891,77
heterogeneity_pressure_seed10_safety03_e03_t33_u2,heterogeneity_pressure,10,safety,24,2,laser,0.25,0.9999999701976776,5.0,4.999999850988388,1.0,0.9999999701976776,4.0,3.9999998807907104,1.4901161193847656e-07,2.6375055384164625e-07,2.6375055384164625e-07,0.2499999925494194,0.24999972879886556,0.0,0.0,0.0,0.0,0.0,0.0,0.0,,11.999999761581421,28
heterogeneity_pressure_seed10_safety03_e03_t33_u2,heterogeneity_pressure,10,safety,25,2,laser,0.25,0.9999999701976776,8.0,7.999999761581421,2.0,1.9999999403953552,6.0,5.999999821186066,2.384185791015625e-07,3.9935111928457445e-07,3.9935111928457445e-07,0.2499999925494194,0.24999959319830012,0.0,0.0,0.0,0.0,0.0,0.0,0.0,,32.99999934434891,77
heterogeneity_pressure_seed10_safety03_e03_t33_u2,heterogeneity_pressure,10,safety,26,2,laser,0.25,0.9999999701976776,9.0,8.666163831949234,5.0,4.999999850988388,4.0,3.666163980960846,0.333836168050766,0.9347408130764965,0.9347408130764965,0.2499999925494194,-0.6847408205270771,0.0,0.0,0.0,0.0,0.0,0.0,0.0,,29.332327604293823,68
heterogeneity_pressure_seed10_safety03_e03_t33_u2,heterogeneity_pressure,10,safety,27,2,laser,0.25,0.9999999701976776,7.0,5.679194957017899,2.0,1.669798731803894,5.0,4.0093962252140045,1.3208050429821014,1.9977176666259773,1.9977176666259773,0.2499999925494194,-1.747717674076556,1.7763568394002505e-15,0.0,0.0,0.0,0.0,0.0,0.0,,19.01879233121872,43
heterogeneity_pressure_seed10_safety03_e03_t33_u2,heterogeneity_pressure,10,safety,28,2,laser,0.25,0.9999999701976776,3.0,2.999999910593033,1.0,0.9999999701976776,2.0,1.9999999403953552,8.940696716308594e-08,1.3560056721928504e-07,1.3560056721928504e-07,0.2499999925494194,0.24999985694885218,0.0,0.0,0.0,0.0,0.0,0.0,0.0,,8.999999821186066,21
heterogeneity_pressure_seed10_safety03_e03_t33_u2,heterogeneity_pressure,10,safety,29,2,laser,0.25,0.9999999701976776,7.0,5.679194957017899,1.0,0.6697987616062164,6.0,5.009396195411682,1.3208050429821014,1.9977177038788785,1.9977177038788785,0.2499999925494194,-1.747717711329459,0.0,0.0,0.0,0.0,0.0,0.0,0.0,,19.01879233121872,43
heterogeneity_pressure_seed10_safety03_e03_t33_u2,heterogeneity_pressure,10,safety,30,2,laser,0.25,0.9999999701976776,11.0,10.669798463582993,5.0,4.669798642396927,6.0,5.999999821186066,0.33020153641700745,0.08255072385072637,0.08255072385072637,0.2499999925494194,0.16744926869869303,0.0,0.0,0.0,0.0,0.0,0.0,0.0,,50.99999898672104,119
heterogeneity_pressure_seed10_safety03_e03_t33_u2,heterogeneity_pressure,10,safety,31,2,laser,0.25,0.9999999701976776,12.0,11.999999642372131,6.0,5.999999821186066,6.0,5.999999821186066,3.5762786865234375e-07,4.2915344167226976e-07,4.2915344167226976e-07,0.2499999925494194,0.24999956339597773,0.0,0.0,0.0,0.0,0.0,0.0,0.0,,50.99999898672104,119
heterogeneity_pressure_seed10_safety04_e03_t33_u1,heterogeneity_pressure,10,safety,0,1,missile,1.5,1.0000000149011612,4.0,5.240238726139069,2.0,1.7467462420463562,2.0,3.4934924840927124,-1.2402387261390686,-1.8976954393088814,-1.8976954393088814,1.5000000223517418,3.397695461660623,0.0,0.746746227145195,0.746746227145195,2.240238681435585,0.0,0.0,0.0,1.0000000149011612,22.467462420463562,75
heterogeneity_pressure_seed10_safety04_e03_t33_u1,heterogeneity_pressure,10,safety,1,1,missile,1.5,1.0000000149011612,7.0,6.03232704102993,2.0,1.7580817639827728,5.0,4.274245277047157,0.9676729589700699,1.7780990764498714,1.7780990764498714,1.500000026077032,-0.27809905037283933,0.0,0.0,0.0,0.0,0.0,0.0,0.0,,24.580817610025406,71
heterogeneity_pressure_seed10_safety04_e03_t33_u1,heterogeneity_pressure,10,safety,2,1,missile,1.5,1.0000000149011612,11.0,9.49349257349968,3.0,2.0000000298023224,8.0,7.493492543697357,1.5065074265003204,1.6266267053782961,1.6266267053782961,1.500000026077032,-0.12662667930126403,0.0,1.0000000149011612,1.0000000149011612,2.0000000298023224,0.0,0.0,0.0,1.0000000149011612,51.00000050663948,153
heterogeneity_pressure_seed10_safety04_e03_t33_u1,heterogeneity_pressure,10,safety,3,1,missile,1.5,1.0000000149011612,7.0,7.000000104308128,2.0,2.0000000298023224,5.0,5.000000074505806,-1.043081283569336e-07,-1.773238160751589e-07,-1.773238160751589e-07,1.500000026077032,1.5000002034008482,0.0,0.0,0.0,0.0,0.0,0.0,0.0,,18.000000178813934,54
heterogeneity_pressure_seed10_safety04_e03_t33_u1,heterogeneity_pressure,10,safety,4,1,missile,1.5,1.0000000149011612,7.0,4.52413983643055,3.0,1.5048279762268066,4.0,3.019311860203743,2.4758601635694504,2.487930032610894,2.487930032610894,1.500000026077032,-0.9879300065338619,0.0,0.5048279613256454,0.0,0.5048279613256454,0.0,0.0,0.0,,19.04827970266342,52
heterogeneity_pressure_seed10_safety04_e03_t33_u1,heterogeneity_pressure,10,safety,5,1,missile,1.5,1.0000000149011612,5.0,7.000000104308128,2.0,2.0000000298023224,3.0,5.000000074505806,-2.0000001043081284,-3.0500001393258573,-3.0500001393258573,1.500000026077032,4.550000165402889,0.0,0.0,0.0,0.0,0.0,0.0,0.0,1.0000000149011612,24.0000002682209,78
heterogeneity_pressure_seed10_safety04_e03_t33_u1,heterogeneity_pressure,10,safety,6,1,missile,1.5,1.0000000149011612,6.0,5.493492513895035,2.0,1.7467462420463562,4.0,3.7467462718486786,0.5065074861049652,1.088991151750088,1.088991151750088,1.5000000223517418,0.4110088706016537,0.0,0.0,0.0,0.746746227145195,0.0,0.0,0.0,,27.973969995975494,82
heterogeneity_pressure_seed10_safety04_e03_t33_u1,heterogeneity_pressure,10,safety,7,1,missile,1.5,1.0000000149011612,8.0,6.002093240618706,3.0,1.7505233138799667,5.0,4.251569926738739,1.9979067593812943,2.69748805910349,2.69748805910349,1.5000000223517418,-1.1974880367517482,0.0,0.7505232989788055,0.7505232989788055,0.7505232989788055,0.0,0.0,0.0,10.00209330022335,36.505233228206635,107
heterogeneity_pressure_seed10_safety04_e03_t33_u1,heterogeneity_pressure,10,safety,8,1,missile,1.5,1.0000000149011612,11.0,9.004186436533928,1.0,1.0000000149011612,10.0,8.004186421632767,1.995813563466072,1.1351189218461517,1.1351189218461517,1.5000000223517418,0.3648811005055901,0.0,0.0,0.0,0.0,0.0,0.0,0.0,,35.0083729326725,101
heterogeneity_pressure_seed10_safety04_e03_t33_u1,heterogeneity_pressure,10,safety,9,1,missile,1.5,1.0000000149011612,11.0,9.726177081465721,3.0,2.0000000298023224,8.0,7.726177051663399,1.2738229185342789,2.860049895942211,2.860049895942211,1.5000000223517418,-1.3600498735904694,0.0,0.746746227145195,0.0,1.9907619655132294,0.0,0.0,0.0,,41.43933913111687,121
heterogeneity_pressure_seed10_safety04_e03_t33_u1,heterogeneity_pressure,10,safety,10,1,missile,1.5,1.0000000149011612,3.0,3.0000000447034836,2.0,1.0000000149011612,1.0,2.0000000298023224,-4.470348358154297e-08,1.2499999321997164,1.2499999321997164,1.500000026077032,0.2500000938773157,0.0,0.0,0.0,0.0,0.0,0.0,0.0,,11.000000089406967,29
heterogeneity_pressure_seed10_safety04_e03_t33_u1,heterogeneity_pressure,10,safety,11,1,missile,1.5,1.0000000149011612,5.0,4.0096559673547745,1.0,1.0000000149011612,4.0,3.0096559524536133,0.9903440326452255,1.5102746501564983,1.5102746501564983,1.500000026077032,-0.010274624079465333,8.881784197001252e-16,0.0,0.0,0.0,0.0,0.0,0.0,,16.01931196451187,46
heterogeneity_pressure_seed10_safety04_e03_t33_u1,heterogeneity_pressure,10,safety,12,1,missile,1.5,1.0000000149011612,9.0,12.00627963244915,2.0,1.7505233138799667,7.0,10.255756318569183,-3.00627963244915,0.8326070867478848,0.8326070867478848,1.5000000223517418,0.667392935603857,0.0,0.7505232989788055,0.49726951122283936,1.247792810201645,0.0,0.0,0.0,1.0000000149011612,33.01087537407875,111
heterogeneity_pressure_seed10_safety04_e03_t33_u1,heterogeneity_pressure,10,safety,13,1,missile,1.5,1.0000000149011612,7.0,6.24023874104023,1.0,1.0000000149011612,6.0,5.240238726139069,0.7597612589597702,0.835737340897321,0.835737340897321,1.500000026077032,0.6642626851797111,0.0,0.0,0.0,0.0,0.0,0.0,0.0,,22.986985087394714,68
heterogeneity_pressure_seed10_safety04_e03_t33_u1,heterogeneity_pressure,10,safety,14,1,missile,1.5,1.0000000149011612,8.0,8.00000011920929,3.0,2.0000000298023224,5.0,6.000000089406967,-1.1920928955078125e-07,1.2499998569488522,1.2499998569488522,1.5000000223517418,0.2500001654028896,0.0,1.0000000149011612,0.0,1.0000000149011612,0.0,0.0,0.0,7.000000104308128,30.000000298023224,90
heterogeneity_pressure_seed10_safety04_e03_t33_u1,heterogeneity_pressure,10,safety,15,1,missile,1.5,1.0000000149011612,6.0,5.244015797972679,2.0,1.4972695261240005,4.0,3.7467462718486786,0.7559842020273209,0.8174090668559071,0.8174090668559071,1.500000026077032,0.682590959221125,0.0,0.0,0.0,0.0,0.0,0.0,0.0,,22.994539231061935,68
heterogeneity_pressure_seed10_safety04_e03_t33_u1,heterogeneity_pressure,10,safety,16,1,missile,1.5,1.0000000149011612,3.0,2.493492469191551,0.0,0.0,3.0,2.493492469191551,0.5065075308084488,0.7724239654839042,0.7724239654839042,1.500000026077032,0.7275760605931278,0.0,0.0,0.0,0.0,0.0,0.0,0.0,,10.986984968185425,32
heterogeneity_pressure_seed10_safety04_e03_t33_u1,heterogeneity_pressure,10,safety,17,1,missile,1.5,1.0000000149011612,10.0,10.480886682868004,3.0,2.0000000298023224,7.0,8.480886653065681,-0.48088668286800385,2.4117409624159336,2.4117409624159336,1.500000026077032,-0.9117409363389015,0.0,0.49726951122283936,-1.9890780448913574,-5.967234134674072,-3.978156089782715,0.0,0.0,5.48634760081768,32.475425869226456,100
heterogeneity_pressure_seed10_safety04_e03_t33_u1,heterogeneity_pressure,10,safety,18,1,missile,1.5,1.0000000149011612,5.0,4.493492498993874,1.0,0.746746227145195,4.0,3.7467462718486786,0.5065075010061264,0.4431940153241163,0.4431940153241163,1.500000026077032,1.0568060107529167,8.881784197001252e-16,0.0,0.0,0.0,0.0,0.0,0.0,,26.49349269270897,79
heterogeneity_pressure_seed10_safety04_e03_t33_u1,heterogeneity_pressure,10,safety,19,1,missile,1.5,1.0000000149011612,3.0,2.7467462569475174,1.0,1.0000000149011612,2.0,1.7467462420463562,0.2532537430524826,0.06331337913870794,0.06331337913870794,1.500000026077032,1.4366866469383242,0.0,0.0,0.0,0.0,0.0,0.0,0.0,,11.493492543697357,34
heterogeneity_pressure_seed10_safety04_e03_t33_u1,heterogeneity_pressure,10,safety,20,1,missile,1.5,1.0000000149011612,11.0,8.227223634719849,3.0,2.0000000298023224,8.0,6.227223604917526,2.7727763652801514,3.2347882576286793,3.2347882576286793,1.5000000223517418,-1.7347882352769375,0.0,0.746746227145195,0.746746227145195,0.746746227145195,0.0,0.0,0.0,1.0000000149011612,44.92190960049629,129
heterogeneity_pressure_seed10_safety04_e03_t33_u1,heterogeneity_pressure,10,safety,21,1,missile,1.5,1.0000000149011612,4.0,3.7467462718486786,2.0,1.7467462420463562,2.0,2.0000000298023224,0.2532537281513214,0.37988055348396266,0.37988055348396266,1.500000026077032,1.1201194725930694,0.0,0.0,0.0,0.0,0.0,0.0,0.0,,14.49349257349968,43
heterogeneity_pressure_seed10_safety04_e03_t33_u1,heterogeneity_pressure,10,safety,22,1,missile,1.5,1.0000000149011612,6.0,6.516163572669029,2.0,1.0000000149011612,4.0,5.516163557767868,-0.5161635726690292,-0.8121494479477391,-0.8121494479477391,1.500000026077032,2.3121494740247712,0.0,0.0,0.0,0.0,0.0,0.0,0.0,1.0000000149011612,21.03232717514038,66
heterogeneity_pressure_seed10_safety04_e03_t33_u1,heterogeneity_pressure,10,safety,23,1,missile,1.5,1.0000000149011612,13.0,12.497269690036774,3.0,2.0000000298023224,10.0,10.497269660234451,0.5027303099632263,1.3756824262440226,1.3756824262440226,1.500000026077032,0.1243175998330095,0.0,1.0000000149011612,0.0,1.0000000149011612,0.0,0.0,0.0,,39.00000038743019,117
heterogeneity_pressure_seed10_safety04_e03_t33_u1,heterogeneity_pressure,10,safety,24,1,missile,1.5,1.0000000149011612,5.0,4.000000059604645,1.0,1.0000000149011612,4.0,3.0000000447034836,0.9999999403953552,2.799999928474426,2.799999928474426,1.5000000223517418,-1.2999999061226841,0.0,0.0,0.0,0.0,0.0,0.0,0.0,1.0000000149011612,15.00000011920929,39
heterogeneity_pressure_seed10_safety04_e03_t33_u1,heterogeneity_pressure,10,safety,25,1,missile,1.5,1.0000000149011612,9.0,8.480477422475815,3.0,1.7467462420463562,6.0,6.733731180429459,0.5195225775241852,1.6964477658271786,1.6964477658271786,1.5000000223517418,-0.1964477434754368,0.0,0.2532537877559662,1.0130151510238647,3.7857916802167892,0.0,0.0,0.0,1.0000000149011612,23.480477541685104,73
heterogeneity_pressure_seed10_safety04_e03_t33_u1,heterogeneity_pressure,10,safety,26,1,missile,1.5,1.0000000149011612,6.0,9.986985012888908,2.0,2.0000000298023224,4.0,7.986984983086586,-3.9869850128889084,-3.54674640446901,-3.54674640446901,1.5000000223517418,5.046746426820752,0.0,0.746746227145195,0.746746227145195,3.240238696336746,0.0,0.0,0.0,1.0000000149011612,35.44143232703209,124
heterogeneity_pressure_seed10_safety04_e03_t33_u1,heterogeneity_pressure,10,safety,27,1,missile,1.5,1.0000000149011612,4.0,4.000000059604645,1.0,0.0,3.0,4.000000059604645,-5.960464477539063e-08,1.2499999091029173,1.2499999091029173,1.500000026077032,0.25000011697411484,0.0,0.0,0.0,0.0,0.0,0.0,0.0,,12.00000011920929,36
heterogeneity_pressure_seed10_safety04_e03_t33_u1,heterogeneity_pressure,10,safety,28,1,missile,1.5,1.0000000149011612,11.0,10.501046732068062,2.0,2.0000000298023224,9.0,8.50104670226574,0.49895326793193817,0.12473816573620056,0.12473816573620056,1.5000000223517418,1.3752618566155412,0.0,0.0,0.0,0.0,0.0,0.0,0.0,,35.50104692578316,106
heterogeneity_pressure_seed10_safety04_e03_t33_u1,heterogeneity_pressure,10,safety,29,1,missile,1.5,1.0000000149011612,9.0,9.005874663591385,2.0,2.0000000298023224,7.0,7.0058746337890625,-0.005874663591384888,-0.0014687791466716504,-0.0014687791466716504,1.5000000223517418,1.5014688014984134,0.0,0.0,0.0,0.0,0.0,0.0,0.0,,27.0000002682209,81
heterogeneity_pressure_seed10_safety04_e03_t33_u1,heterogeneity_pressure,10,safety,30,1,missile,1.5,1.0000000149011612,12.0,10.00209330022335,3.0,2.0000000298023224,9.0,8.002093270421028,1.9979066997766495,2.3856421492993842,2.3856421492993842,1.500000026077032,-0.8856421232223521,0.0,0.7505232989788055,0.7505232989788055,1.7505233138799667,0.0,0.0,0.0,5.0020932257175446,28.50314000248909,84
heterogeneity_pressure_seed10_safety04_e03_t33_u1,heterogeneity_pressure,10,safety,31,1,missile,1.5,1.0000000149011612,5.0,4.497269570827484,0.0,0.0,5.0,4.497269570827484,0.5027304291725159,0.1256824932992462,0.1256824932992462,1.500000026077032,1.374317532777786,0.0,0.0,0.0,0.0,0.0,0.0,0.0,,18.000000178813934,54
heterogeneity_pressure_seed10_safety05_e03_t33_u0,heterogeneity_pressure,10,safety,0,0,missile,2.8,1.0000000149011612,10.0,8.025731220841408,2.0,1.0000000149011612,8.0,7.025731205940247,1.9742687791585922,3.3480261549353596,3.3480261549353596,2.8000000417232513,-0.5480261132121083,0.0,0.0,0.0,0.0,0.0,0.0,0.0,1.0000000149011612,23.025731325149536,68
heterogeneity_pressure_seed10_safety05_e03_t33_u0,heterogeneity_pressure,10,safety,1,0,missile,2.8,1.0000000149011612,16.0,12.32076071202755,3.0,2.0000000298023224,13.0,10.320760682225227,3.6792392879724503,4.383186796307562,4.383186796307562,2.8000000417232513,-1.5831867545843128,-1.7763568394002505e-15,0.7564327865839005,0.7564327865839005,1.512865573167801,0.0,0.0,0.0,5.512865632772446,45.15438702702522,129
heterogeneity_pressure_seed10_safety05_e03_t33_u0,heterogeneity_pressure,10,safety,2,0,missile,2.8,1.0000000149011612,8.0,5.782163962721825,3.0,1.512865573167801,5.0,4.269298389554024,2.2178360372781754,4.346651779115199,4.346651779115199,2.8000000678002834,-1.5466517113149152,0.0,0.0,0.0,0.0,0.0,0.0,0.0,1.0000000149011612,29.590059131383896,85
heterogeneity_pressure_seed10_safety05_e03_t33_u0,heterogeneity_pressure,10,safety,3,0,missile,2.8,1.0000000149011612,10.0,7.529755666851997,3.0,1.7564328014850616,7.0,5.773322865366936,2.4702443331480026,4.0931164190173135,4.0931164190173135,2.8000000417232513,-1.293116377294064,-1.7763568394002505e-15,0.7564327865839005,0.5040244609117508,-0.000792190432548523,-2.520122304558754,0.0,0.0,8.02414683997631,44.86661431193352,128
heterogeneity_pressure_seed10_safety05_e03_t33_u0,heterogeneity_pressure,10,safety,4,0,missile,2.8,1.0000000149011612,11.0,3.515242174267769,3.0,1.2524083405733109,8.0,2.262833833694458,7.484757825732231,8.19652737379074,8.19652737379074,2.8000000678002834,-5.396527305990457,0.0,0.25240832567214966,0.25240832567214966,0.757224977016449,0.0,0.0,0.0,3.0104255229234695,30.067433208227158,69
heterogeneity_pressure_seed10_safety05_e03_t33_u0,heterogeneity_pressure,10,safety,5,0,missile,2.8,1.0000000149011612,8.0,7.242775142192841,1.0,0.7475916892290115,7.0,6.495183452963829,0.7572248578071594,0.8329473696649075,0.8329473696649075,2.8000000678002834,1.967052698135376,0.0,0.0,0.0,0.0,0.0,0.0,0.0,,22.99036693572998,68
heterogeneity_pressure_seed10_safety05_e03_t33_u0,heterogeneity_pressure,10,safety,6,0,missile,2.8,1.0000000149011612,6.0,4.521660670638084,2.0,1.5072202235460281,4.0,3.0144404470920563,1.4783393293619156,2.2421479642391198,2.2421479642391198,2.8000000417232513,0.5578520774841298,-1.7763568394002505e-15,0.0,0.0,0.0,0.0,0.0,0.0,,21.043321400880814,60
heterogeneity_pressure_seed10_safety05_e03_t33_u0,heterogeneity_pressure,10,safety,7,0,missile,2.8,1.0000000149011612,5.0,4.7507874965667725,2.0,2.0000000298023224,3.0,2.75078746676445,0.24921250343322754,0.06230303123593295,0.06230303123593295,2.800000064074993,2.7376970328390584,-1.7763568394002505e-15,0.0,0.0,0.0,0.0,0.0,0.0,,21.000000208616257,63
heterogeneity_pressure_seed10_safety05_e03_t33_u0,heterogeneity_pressure,10,safety,8,0,missile,2.8,0.7564327865839005,11.0,0.7564327865839005,3.0,0.7564327865839005,8.0,0.0,10.2435672134161,10.781988197565077,10.781988197565077,2.8000000678002834,-7.981988129764794,0.0,0.0,0.0,0.0,0.0,0.0,0.0,1.0000000149011612,16.025731176137924,31
heterogeneity_pressure_seed10_safety05_e03_t33_u0,heterogeneity_pressure,10,safety,9,0,missile,2.8,1.0000000149011612,3.0,4.5144499987363815,0.0,0.5048166513442993,3.0,4.009633347392082,-1.5144499987363815,-1.9814053863286971,-1.9814053863286971,2.8000000678002834,4.781405454128979,-1.7763568394002505e-15,0.0,0.0,0.5048166513442993,0.0,0.0,0.0,,13.038533300161362,43
heterogeneity_pressure_seed10_safety05_e03_t33_u0,heterogeneity_pressure,10,safety,10,0,missile,2.8,1.0000000149011612,8.0,11.05146236717701,3.0,2.0000000298023224,5.0,9.051462337374687,-3.0514623671770096,2.0915933117270455,2.0915933117270455,2.8000000454485416,0.7084067337214943,-1.7763568394002505e-15,0.7564327865839005,-1.512865573167801,-3.5385967046022415,0.0,0.0,0.0,1.0000000149011612,31.590059220790863,105
heterogeneity_pressure_seed10_safety05_e03_t33_u0,heterogeneity_pressure,10,safety,11,0,missile,2.8,1.0000000149011612,6.0,6.000000089406967,1.0,1.0000000149011612,5.0,5.000000074505806,-8.940696716308594e-08,-7.897615450502826e-08,-7.897615450502826e-08,2.800000064074993,2.8000001430511476,0.0,0.0,0.0,0.0,0.0,0.0,0.0,,27.0000002682209,81
heterogeneity_pressure_seed10_safety05_e03_t33_u0,heterogeneity_pressure,10,safety,12,0,missile,2.8,1.0000000149011612,13.0,9.003149837255478,3.0,2.0000000298023224,10.0,7.0031498074531555,3.996850162744522,4.172243853658436,4.172243853658436,2.8000000417232513,-1.3722438119351867,-1.7763568394002505e-15,0.7507874369621277,0.7507874369621277,3.0031497478485107,0.0,0.32262842735502795,0.0,8.507874384522438,34.009449392557144,91
heterogeneity_pressure_seed10_safety05_e03_t33_u0,heterogeneity_pressure,10,safety,13,0,missile,2.8,1.0000000149011612,10.0,9.255512118339539,3.0,1.7507874518632889,7.0,7.50472466647625,0.7444878816604614,3.683129653334616,3.683129653334616,2.800000064074993,-0.8831295892596245,-1.7763568394002505e-15,0.7507874369621277,-0.7507874369621277,-3.0031497478485107,0.0,0.0,0.0,9.255512118339539,36.26496145129204,109
heterogeneity_pressure_seed10_safety05_e03_t33_u0,heterogeneity_pressure,10,safety,14,0,missile,2.8,1.0000000149011612,11.0,11.000000163912773,3.0,2.0000000298023224,8.0,9.00000013411045,-1.6391277313232422e-07,2.5499998271465287,2.5499998271465287,2.8000000417232513,0.25000021457672084,-1.7763568394002505e-15,1.0000000149011612,0.0,1.0000000149011612,0.0,0.0,0.0,,51.00000050663948,153
heterogeneity_pressure_seed10_safety05_e03_t33_u0,heterogeneity_pressure,10,safety,15,0,missile,2.8,1.0000000149011612,5.0,4.269298389554024,2.0,1.7564328014850616,3.0,2.512865588068962,0.7307016104459763,1.1082307569682595,1.1082307569682595,2.8000000454485416,1.6917692884802822,0.0,0.0,0.0,0.0,0.0,0.0,0.0,,16.53859680891037,48
heterogeneity_pressure_seed10_safety05_e03_t33_u0,heterogeneity_pressure,10,safety,16,0,missile,2.8,1.0000000149011612,12.0,6.947045609354973,3.0,1.2403714954853058,9.0,5.706674113869667,5.052954390645027,6.06580165401101,6.06580165401101,2.8000000678002834,-3.265801586210726,8.881784197001252e-16,0.49277980625629425,0.0,-0.49277980625629425,-0.9855596125125885,0.0,0.0,1.0000000149011612,38.86521053314209,105
heterogeneity_pressure_seed10_safety05_e03_t33_u0,heterogeneity_pressure,10,safety,17,0,missile,2.8,1.0000000149011612,10.0,9.00000013411045,3.0,2.0000000298023224,7.0,7.000000104308128,0.9999998658895493,2.799999853223561,2.799999853223561,2.800000064074993,2.1085143053767297e-07,-1.7763568394002505e-15,1.0000000149011612,0.0,1.0000000149011612,0.0,0.0,0.0,1.0000000149011612,51.00000050663948,153
heterogeneity_pressure_seed10_safety05_e03_t33_u0,heterogeneity_pressure,10,safety,18,0,missile,2.8,1.0000000149011612,9.0,8.025731220841408,3.0,2.0000000298023224,6.0,6.025731191039085,0.9742687791585922,2.7935670815408216,2.7935670815408216,2.8000000678002834,0.006432986259460094,-1.7763568394002505e-15,1.0000000149011612,0.0,3.2692983746528625,-1.0000000149011612,0.0,0.0,9.26929846405983,48.32076099514961,142
heterogeneity_pressure_seed10_safety05_e03_t33_u0,heterogeneity_pressure,10,safety,19,0,missile,2.8,1.0000000149011612,8.0,7.000000104308128,3.0,2.0000000298023224,5.0,5.000000074505806,0.9999998956918716,2.79999984204769,2.79999984204769,2.8000000454485416,2.0340084994074914e-07,-1.7763568394002505e-15,1.0000000149011612,-0.24356722831726074,1.2692983448505402,-0.4871344566345215,0.0,0.0,1.0000000149011612,32.512865871191025,97
heterogeneity_pressure_seed10_safety05_e03_t33_u0,heterogeneity_pressure,10,safety,20,0,missile,2.8,1.0000000149011612,5.0,3.0055993497371674,3.0,1.7507874518632889,2.0,1.2548118978738785,1.9944006502628326,3.6840921416878682,3.6840921416878682,2.8000000417232513,-0.8840920999646187,-1.7763568394002505e-15,0.0,0.0,0.0,0.0,0.0,0.0,1.0000000149011612,16.003149837255478,43
heterogeneity_pressure_seed10_safety05_e03_t33_u0,heterogeneity_pressure,10,safety,21,0,missile,2.8,1.0000000149011612,7.0,5.782163962721825,2.0,1.512865573167801,5.0,4.269298389554024,1.2178360372781754,1.8511107958853241,1.8511107958853241,2.8000000678002834,0.9488892719149575,-1.7763568394002505e-15,0.0,0.0,0.0,0.0,0.0,0.0,1.0000000149011612,20.56432795524597,61
heterogeneity_pressure_seed10_safety05_e03_t33_u0,heterogeneity_pressure,10,safety,22,0,missile,2.8,1.0000000149011612,3.0,2.75078746676445,2.0,1.0000000149011612,1.0,1.7507874518632889,0.24921253323554993,2.6123030766844746,2.6123030766844746,2.800000064074993,0.18769698739051854,0.0,0.0,0.0,0.0,0.0,0.0,0.0,,12.00000011920929,36
heterogeneity_pressure_seed10_safety05_e03_t33_u0,heterogeneity_pressure,10,safety,23,0,missile,2.8,1.0000000149011612,12.0,10.289384230971336,3.0,2.0000000298023224,9.0,8.289384201169014,1.7106157690286636,2.9776538290083394,2.9776538290083394,2.800000064074993,-0.17765376493334806,-1.7763568394002505e-15,1.0000000149011612,0.0,-1.2692983448505402,-6.295029520988464,0.0,0.0,5.043321281671524,45.59005929529667,134
heterogeneity_pressure_seed10_safety05_e03_t33_u0,heterogeneity_pressure,10,safety,24,0,missile,2.8,1.0000000149011612,6.0,5.252362355589867,1.0,0.7507874369621277,5.0,4.501574918627739,0.7476376444101334,1.1339171133935446,1.1339171133935446,2.8000000454485416,1.6660829320549961,-8.881784197001252e-16,0.0,0.0,0.0,0.0,0.0,0.0,,20.003149896860123,59
heterogeneity_pressure_seed10_safety05_e03_t33_u0,heterogeneity_pressure,10,safety,25,0,missile,2.8,1.0000000149011612,6.0,3.7556406408548355,2.0,1.0000000149011612,4.0,2.7556406259536743,2.2443593591451645,3.1110897831618782,3.1110897831618782,2.800000064074993,-0.3110897190868851,0.0,0.0,0.0,0.0,0.0,0.0,0.0,1.0000000149011612,21.000000208616257,63
heterogeneity_pressure_seed10_safety05_e03_t33_u0,heterogeneity_pressure,10,safety,26,0,missile,2.8,1.0000000149011612,3.0,2.512865588068962,1.0,1.0000000149011612,2.0,1.512865573167801,0.4871344119310379,0.7307015985250471,0.7307015985250471,2.800000064074993,2.069298465549946,0.0,0.0,0.0,0.0,0.0,0.0,0.0,,14.025731235742569,41
heterogeneity_pressure_seed10_safety05_e03_t33_u0,heterogeneity_pressure,10,safety,27,0,missile,2.8,1.0000000149011612,14.0,13.000000193715096,3.0,2.0000000298023224,11.0,11.000000163912773,0.9999998062849045,2.7999998383223996,2.7999998383223996,2.8000000678002834,2.2947788202998254e-07,-1.7763568394002505e-15,1.0000000149011612,1.0000000149011612,4.000000059604645,0.0,0.0,0.0,1.0000000149011612,51.00000050663948,153
heterogeneity_pressure_seed10_safety05_e03_t33_u0,heterogeneity_pressure,10,safety,28,0,missile,2.8,1.0000000149011612,10.0,7.538596764206886,3.0,1.7564328014850616,7.0,5.782163962721825,2.4614032357931137,4.395365198701619,4.395365198701619,2.800000064074993,-1.5953651346266273,-1.7763568394002505e-15,0.7564327865839005,0.7564327865839005,1.512865573167801,0.0,0.0,0.0,8.782164007425308,45.15438702702522,129
heterogeneity_pressure_seed10_safety05_e03_t33_u0,heterogeneity_pressure,10,safety,29,0,missile,2.8,1.0000000149011612,10.0,8.782164007425308,3.0,2.0000000298023224,7.0,6.782163977622986,1.2178359925746918,1.9089179202914224,1.9089179202914224,2.8000000678002834,0.8910821475088593,-1.7763568394002505e-15,0.7564327865839005,0.0,1.512865573167801,0.0,0.0,0.0,,28.53859692811966,84
heterogeneity_pressure_seed10_safety05_e03_t33_u0,heterogeneity_pressure,10,safety,30,0,missile,2.8,1.0000000149011612,2.0,3.009633332490921,2.0,1.2524083405733109,0.0,1.7572249919176102,-1.009633332490921,0.08843997269868797,0.08843997269868797,2.8000000678002834,2.7115600951015946,-8.881784197001252e-16,0.0,0.0,0.0,0.0,0.0,0.0,1.0000000149011612,14.019266724586487,44
heterogeneity_pressure_seed10_safety05_e03_t33_u0,heterogeneity_pressure,10,safety,31,0,missile,2.8,1.0000000149011612,8.0,8.00000011920929,2.0,1.0000000149011612,6.0,7.000000104308128,-1.1920928955078125e-07,2.5499998949468132,2.5499998949468132,2.8000000417232513,0.2500001467764381,0.0,0.0,0.0,0.0,0.0,0.0,0.0,,27.0000002682209,81
heterogeneity_pressure_seed10_resource00_e08_t49_u0,heterogeneity_pressure,10,resource,0,0,missile,2.8,0.0,0.0,0.0,0.0,0.0,0.0,0.0,0.0,0.0,0.0,1.2999999999999998,1.2999999999999998,0.0,0.0,0.0,0.0,0.0,0.0,0.0,,3.0,3
heterogeneity_pressure_seed10_resource00_e08_t49_u0,heterogeneity_pressure,10,resource,1,0,missile,2.8,0.0,0.0,0.0,0.0,0.0,0.0,0.0,0.0,0.0,0.0,1.2999999999999998,1.2999999999999998,0.0,0.0,0.0,0.0,0.0,0.0,0.0,,3.0,3
heterogeneity_pressure_seed10_resource00_e08_t49_u0,heterogeneity_pressure,10,resource,2,0,missile,2.8,0.0,0.0,0.0,0.0,0.0,0.0,0.0,0.0,0.0,0.0,2.8,2.8,0.0,0.0,0.0,0.0,0.0,0.0,0.0,,3.0,3
heterogeneity_pressure_seed10_resource00_e08_t49_u0,heterogeneity_pressure,10,resource,3,0,missile,2.8,0.0,0.0,0.0,0.0,0.0,0.0,0.0,0.0,0.0,0.0,2.55,2.55,0.0,0.0,0.0,0.0,0.0,0.0,0.0,,3.0,3
heterogeneity_pressure_seed10_resource00_e08_t49_u0,heterogeneity_pressure,10,resource,4,0,missile,2.8,0.0,0.0,0.0,0.0,0.0,0.0,0.0,0.0,0.0,0.0,1.2999999999999998,1.2999999999999998,0.0,0.0,0.0,0.0,0.0,0.0,0.0,,3.0,3
heterogeneity_pressure_seed10_resource00_e08_t49_u0,heterogeneity_pressure,10,resource,5,0,missile,2.8,0.0,0.0,0.0,0.0,0.0,0.0,0.0,0.0,0.0,0.0,2.55,2.55,0.0,0.0,0.0,0.0,0.0,0.0,0.0,,3.0,3
heterogeneity_pressure_seed10_resource00_e08_t49_u0,heterogeneity_pressure,10,resource,6,0,missile,2.8,0.0,0.0,0.0,0.0,0.0,0.0,0.0,0.0,0.0,0.0,2.55,2.55,0.0,0.0,0.0,0.0,0.0,0.0,0.0,,3.0,3
heterogeneity_pressure_seed10_resource00_e08_t49_u0,heterogeneity_pressure,10,resource,7,0,missile,2.8,0.0,0.0,0.0,0.0,0.0,0.0,0.0,0.0,0.0,0.0,1.2999999999999998,1.2999999999999998,0.0,0.0,0.0,0.0,0.0,0.0,0.0,,3.0,3
heterogeneity_pressure_seed10_resource00_e08_t49_u0,heterogeneity_pressure,10,resource,8,0,missile,2.8,0.0,0.0,0.0,0.0,0.0,0.0,0.0,0.0,0.0,0.0,1.2999999999999998,1.2999999999999998,0.0,0.0,0.0,0.0,0.0,0.0,0.0,,3.0,3
heterogeneity_pressure_seed10_resource00_e08_t49_u0,heterogeneity_pressure,10,resource,9,0,missile,2.8,0.0,0.0,0.0,0.0,0.0,0.0,0.0,0.0,0.0,0.0,2.55,2.55,0.0,0.0,0.0,0.0,0.0,0.0,0.0,,3.0,3
heterogeneity_pressure_seed10_resource00_e08_t49_u0,heterogeneity_pressure,10,resource,10,0,missile,2.8,0.0,0.0,0.0,0.0,0.0,0.0,0.0,0.0,0.0,0.0,1.2999999999999998,1.2999999999999998,0.0,0.0,0.0,0.0,0.0,0.0,0.0,,3.0,3
heterogeneity_pressure_seed10_resource00_e08_t49_u0,heterogeneity_pressure,10,resource,11,0,missile,2.8,0.0,0.0,0.0,0.0,0.0,0.0,0.0,0.0,0.0,0.0,2.8,2.8,0.0,0.0,0.0,0.0,0.0,0.0,0.0,,3.0,3
heterogeneity_pressure_seed10_resource00_e08_t49_u0,heterogeneity_pressure,10,resource,12,0,missile,2.8,0.0,0.0,0.0,0.0,0.0,0.0,0.0,0.0,0.0,0.0,2.8,2.8,0.0,0.0,0.0,0.0,0.0,0.0,0.0,,3.0,3
heterogeneity_pressure_seed10_resource00_e08_t49_u0,heterogeneity_pressure,10,resource,13,0,missile,2.8,0.0,0.0,0.0,0.0,0.0,0.0,0.0,0.0,0.0,0.0,2.8,2.8,0.0,0.0,0.0,0.0,0.0,0.0,0.0,,3.0,3
heterogeneity_pressure_seed10_resource00_e08_t49_u0,heterogeneity_pressure,10,resource,14,0,missile,2.8,0.0,0.0,0.0,0.0,0.0,0.0,0.0,0.0,0.0,0.0,2.55,2.55,0.0,0.0,0.0,0.0,0.0,0.0,0.0,,3.0,3
heterogeneity_pressure_seed10_resource00_e08_t49_u0,heterogeneity_pressure,10,resource,15,0,missile,2.8,0.0,0.0,0.0,0.0,0.0,0.0,0.0,0.0,0.0,0.0,2.8,2.8,0.0,0.0,0.0,0.0,0.0,0.0,0.0,,3.0,3
heterogeneity_pressure_seed10_resource00_e08_t49_u0,heterogeneity_pressure,10,resource,16,0,missile,2.8,0.0,0.0,0.0,0.0,0.0,0.0,0.0,0.0,0.0,0.0,2.8,2.8,0.0,0.0,0.0,0.0,0.0,0.0,0.0,,3.0,3
heterogeneity_pressure_seed10_resource00_e08_t49_u0,heterogeneity_pressure,10,resource,17,0,missile,2.8,0.0,0.0,0.0,0.0,0.0,0.0,0.0,0.0,0.0,0.0,1.2999999999999998,1.2999999999999998,0.0,0.0,0.0,0.0,0.0,0.0,0.0,,3.0,3
heterogeneity_pressure_seed10_resource00_e08_t49_u0,heterogeneity_pressure,10,resource,18,0,missile,2.8,0.0,0.0,0.0,0.0,0.0,0.0,0.0,0.0,0.0,0.0,2.55,2.55,0.0,0.0,0.0,0.0,0.0,0.0,0.0,,3.0,3
heterogeneity_pressure_seed10_resource00_e08_t49_u0,heterogeneity_pressure,10,resource,19,0,missile,2.8,0.0,0.0,0.0,0.0,0.0,0.0,0.0,0.0,0.0,0.0,2.55,2.55,0.0,0.0,0.0,0.0,0.0,0.0,0.0,,3.0,3
heterogeneity_pressure_seed10_resource00_e08_t49_u0,heterogeneity_pressure,10,resource,20,0,missile,2.8,0.0,0.0,0.0,0.0,0.0,0.0,0.0,0.0,0.0,0.0,2.55,2.55,0.0,0.0,0.0,0.0,0.0,0.0,0.0,,3.0,3
heterogeneity_pressure_seed10_resource00_e08_t49_u0,heterogeneity_pressure,10,resource,21,0,missile,2.8,0.0,0.0,0.0,0.0,0.0,0.0,0.0,0.0,0.0,0.0,1.2999999999999998,1.2999999999999998,0.0,0.0,0.0,0.0,0.0,0.0,0.0,,3.0,3
heterogeneity_pressure_seed10_resource00_e08_t49_u0,heterogeneity_pressure,10,resource,22,0,missile,2.8,0.0,0.0,0.0,0.0,0.0,0.0,0.0,0.0,0.0,0.0,1.2999999999999998,1.2999999999999998,0.0,0.0,0.0,0.0,0.0,0.0,0.0,,3.0,3
heterogeneity_pressure_seed10_resource00_e08_t49_u0,heterogeneity_pressure,10,resource,23,0,missile,2.8,0.0,0.0,0.0,0.0,0.0,0.0,0.0,0.0,0.0,0.0,2.8,2.8,0.0,0.0,0.0,0.0,0.0,0.0,0.0,,3.0,3
heterogeneity_pressure_seed10_resource00_e08_t49_u0,heterogeneity_pressure,10,resource,24,0,missile,2.8,0.0,0.0,0.0,0.0,0.0,0.0,0.0,0.0,0.0,0.0,2.55,2.55,0.0,0.0,0.0,0.0,0.0,0.0,0.0,,3.0,3
heterogeneity_pressure_seed10_resource00_e08_t49_u0,heterogeneity_pressure,10,resource,25,0,missile,2.8,0.0,0.0,0.0,0.0,0.0,0.0,0.0,0.0,0.0,0.0,2.8,2.8,0.0,0.0,0.0,0.0,0.0,0.0,0.0,,3.0,3
heterogeneity_pressure_seed10_resource00_e08_t49_u0,heterogeneity_pressure,10,resource,26,0,missile,2.8,0.0,0.0,0.0,0.0,0.0,0.0,0.0,0.0,0.0,0.0,1.2999999999999998,1.2999999999999998,0.0,0.0,0.0,0.0,0.0,0.0,0.0,,3.0,3
heterogeneity_pressure_seed10_resource00_e08_t49_u0,heterogeneity_pressure,10,resource,27,0,missile,2.8,0.0,0.0,0.0,0.0,0.0,0.0,0.0,0.0,0.0,0.0,1.2999999999999998,1.2999999999999998,0.0,0.0,0.0,0.0,0.0,0.0,0.0,,3.0,3
heterogeneity_pressure_seed10_resource00_e08_t49_u0,heterogeneity_pressure,10,resource,28,0,missile,2.8,0.0,0.0,0.0,0.0,0.0,0.0,0.0,0.0,0.0,0.0,1.2999999999999998,1.2999999999999998,0.0,0.0,0.0,0.0,0.0,0.0,0.0,,3.0,3
heterogeneity_pressure_seed10_resource00_e08_t49_u0,heterogeneity_pressure,10,resource,29,0,missile,2.8,0.0,0.0,0.0,0.0,0.0,0.0,0.0,0.0,0.0,0.0,2.8,2.8,0.0,0.0,0.0,0.0,0.0,0.0,0.0,,3.0,3
heterogeneity_pressure_seed10_resource00_e08_t49_u0,heterogeneity_pressure,10,resource,30,0,missile,2.8,0.0,0.0,0.0,0.0,0.0,0.0,0.0,0.0,0.0,0.0,1.2999999999999998,1.2999999999999998,0.0,0.0,0.0,0.0,0.0,0.0,0.0,,3.0,3
heterogeneity_pressure_seed10_resource00_e08_t49_u0,heterogeneity_pressure,10,resource,31,0,missile,2.8,0.0,0.0,0.0,0.0,0.0,0.0,0.0,0.0,0.0,0.0,1.2999999999999998,1.2999999999999998,0.0,0.0,0.0,0.0,0.0,0.0,0.0,,3.0,3
heterogeneity_pressure_seed10_resource01_e08_t48_u0,heterogeneity_pressure,10,resource,0,0,missile,2.8,0.0,1.0,0.0,0.0,0.0,1.0,0.0,1.0,0.25,0.25,2.8,2.55,0.0,0.0,0.0,0.0,0.0,0.0,0.0,1.0,4.0,4
heterogeneity_pressure_seed10_resource01_e08_t48_u0,heterogeneity_pressure,10,resource,1,0,missile,2.8,1.0,1.0,0.0,1.0,0.0,0.0,0.0,1.0,2.8,2.8,1.2999999999999998,-1.5,0.0,0.0,0.0,0.0,0.0,0.0,0.0,1.0,6.0,6
heterogeneity_pressure_seed10_resource01_e08_t48_u0,heterogeneity_pressure,10,resource,2,0,missile,2.8,0.0,0.0,0.0,0.0,0.0,0.0,0.0,0.0,0.0,0.0,1.2999999999999998,1.2999999999999998,0.0,0.0,0.0,0.0,0.0,0.0,0.0,,3.0,3
heterogeneity_pressure_seed10_resource01_e08_t48_u0,heterogeneity_pressure,10,resource,3,0,missile,2.8,0.0,0.0,0.0,0.0,0.0,0.0,0.0,0.0,0.0,0.0,1.2999999999999998,1.2999999999999998,0.0,0.0,0.0,0.0,0.0,0.0,0.0,,3.0,3
heterogeneity_pressure_seed10_resource01_e08_t48_u0,heterogeneity_pressure,10,resource,4,0,missile,2.8,0.0,1.0,0.0,0.0,0.0,1.0,0.0,1.0,0.25,0.25,1.2999999999999998,1.0499999999999998,0.0,0.0,0.0,0.0,0.0,0.0,0.0,1.0,4.0,4
heterogeneity_pressure_seed10_resource01_e08_t48_u0,heterogeneity_pressure,10,resource,5,0,missile,2.8,0.0,0.0,0.0,0.0,0.0,0.0,0.0,0.0,0.0,0.0,2.55,2.55,0.0,0.0,0.0,0.0,0.0,0.0,0.0,,3.0,3
heterogeneity_pressure_seed10_resource01_e08_t48_u0,heterogeneity_pressure,10,resource,6,0,missile,2.8,0.0,1.0,0.0,0.0,0.0,1.0,0.0,1.0,1.5,1.5,2.8,1.2999999999999998,0.0,0.0,0.0,0.0,0.0,0.0,0.0,1.0,4.0,4
heterogeneity_pressure_seed10_resource01_e08_t48_u0,heterogeneity_pressure,10,resource,7,0,missile,2.8,0.0,0.0,0.0,0.0,0.0,0.0,0.0,0.0,0.0,0.0,2.55,2.55,0.0,0.0,0.0,0.0,0.0,0.0,0.0,,4.0,4
heterogeneity_pressure_seed10_resource01_e08_t48_u0,heterogeneity_pressure,10,resource,8,0,missile,2.8,0.0,0.0,0.0,0.0,0.0,0.0,0.0,0.0,0.0,0.0,1.2999999999999998,1.2999999999999998,0.0,0.0,0.0,0.0,0.0,0.0,0.0,,3.0,3
heterogeneity_pressure_seed10_resource01_e08_t48_u0,heterogeneity_pressure,10,resource,9,0,missile,2.8,0.0,0.0,0.0,0.0,0.0,0.0,0.0,0.0,0.0,0.0,2.55,2.55,0.0,0.0,0.0,0.0,0.0,0.0,0.0,,3.0,3
heterogeneity_pressure_seed10_resource01_e08_t48_u0,heterogeneity_pressure,10,resource,10,0,missile,2.8,0.0,1.0,0.0,1.0,0.0,0.0,0.0,1.0,2.8,2.8,2.8,0.0,0.0,0.0,0.0,0.0,0.0,0.0,0.0,1.0,4.0,4
heterogeneity_pressure_seed10_resource01_e08_t48_u0,heterogeneity_pressure,10,resource,11,0,missile,2.8,0.0,0.0,0.0,0.0,0.0,0.0,0.0,0.0,0.0,0.0,2.8,2.8,0.0,0.0,0.0,0.0,0.0,0.0,0.0,,4.0,4
heterogeneity_pressure_seed10_resource01_e08_t48_u0,heterogeneity_pressure,10,resource,12,0,missile,2.8,0.0,1.0,0.0,1.0,0.0,0.0,0.0,1.0,2.8,2.8,2.8,0.0,0.0,0.0,0.0,0.0,0.0,0.0,0.0,1.0,4.0,4
heterogeneity_pressure_seed10_resource01_e08_t48_u0,heterogeneity_pressure,10,resource,13,0,missile,2.8,0.0,0.0,0.0,0.0,0.0,0.0,0.0,0.0,0.0,0.0,1.2999999999999998,1.2999999999999998,0.0,0.0,0.0,0.0,0.0,0.0,0.0,,4.0,4
heterogeneity_pressure_seed10_resource01_e08_t48_u0,heterogeneity_pressure,10,resource,14,0,missile,2.8,0.0,1.0,0.0,1.0,0.0,0.0,0.0,1.0,2.8,2.8,2.55,-0.25,0.0,0.0,0.0,0.0,0.0,0.0,0.0,1.0,4.0,4
heterogeneity_pressure_seed10_resource01_e08_t48_u0,heterogeneity_pressure,10,resource,15,0,missile,2.8,0.0,1.0,0.0,1.0,0.0,0.0,0.0,1.0,2.8,2.8,2.8,0.0,0.0,0.0,0.0,0.0,0.0,0.0,0.0,1.0,4.0,4
heterogeneity_pressure_seed10_resource01_e08_t48_u0,heterogeneity_pressure,10,resource,16,0,missile,2.8,1.0,1.0,1.0,1.0,0.0,0.0,1.0,0.0,1.2999999999999998,1.2999999999999998,1.2999999999999998,0.0,0.0,0.0,0.0,0.0,0.0,0.0,0.0,,6.0,6
heterogeneity_pressure_seed10_resource01_e08_t48_u0,heterogeneity_pressure,10,resource,17,0,missile,2.8,0.0,0.0,0.0,0.0,0.0,0.0,0.0,0.0,0.0,0.0,2.55,2.55,0.0,0.0,0.0,0.0,0.0,0.0,0.0,,3.0,3
heterogeneity_pressure_seed10_resource01_e08_t48_u0,heterogeneity_pressure,10,resource,18,0,missile,2.8,0.0,1.0,0.0,1.0,0.0,0.0,0.0,1.0,2.8,2.8,2.55,-0.25,0.0,0.0,0.0,0.0,0.0,0.0,0.0,1.0,4.0,4
heterogeneity_pressure_seed10_resource01_e08_t48_u0,heterogeneity_pressure,10,resource,19,0,missile,2.8,1.0,1.0,1.0,0.0,0.0,1.0,1.0,0.0,0.0,0.0,2.8,2.8,0.0,0.0,0.0,0.0,0.0,0.0,0.0,,6.0,6
heterogeneity_pressure_seed10_resource01_e08_t48_u0,heterogeneity_pressure,10,resource,20,0,missile,2.8,0.0,1.0,0.0,0.0,0.0,1.0,0.0,1.0,1.5,1.5,2.55,1.0499999999999998,0.0,0.0,0.0,0.0,0.0,0.0,0.0,1.0,4.0,4
heterogeneity_pressure_seed10_resource01_e08_t48_u0,heterogeneity_pressure,10,resource,21,0,missile,2.8,1.0,1.0,1.0,1.0,0.0,0.0,1.0,0.0,1.2999999999999998,1.2999999999999998,2.55,1.25,0.0,0.0,0.0,0.0,0.0,0.0,0.0,,6.0,6
heterogeneity_pressure_seed10_resource01_e08_t48_u0,heterogeneity_pressure,10,resource,22,0,missile,2.8,0.0,0.0,0.0,0.0,0.0,0.0,0.0,0.0,0.0,0.0,1.2999999999999998,1.2999999999999998,0.0,0.0,0.0,0.0,0.0,0.0,0.0,,3.0,3
heterogeneity_pressure_seed10_resource01_e08_t48_u0,heterogeneity_pressure,10,resource,23,0,missile,2.8,1.0,1.0,1.0,1.0,0.0,0.0,1.0,0.0,1.2999999999999998,1.2999999999999998,1.2999999999999998,0.0,0.0,0.0,0.0,0.0,0.0,0.0,0.0,,6.0,6
heterogeneity_pressure_seed10_resource01_e08_t48_u0,heterogeneity_pressure,10,resource,24,0,missile,2.8,0.0,1.0,0.0,0.0,0.0,1.0,0.0,1.0,0.25,0.25,1.2999999999999998,1.0499999999999998,0.0,0.0,0.0,0.0,0.0,0.0,0.0,1.0,4.0,4
heterogeneity_pressure_seed10_resource01_e08_t48_u0,heterogeneity_pressure,10,resource,25,0,missile,2.8,0.0,1.0,0.0,1.0,0.0,0.0,0.0,1.0,2.8,2.8,1.2999999999999998,-1.5,0.0,0.0,0.0,0.0,0.0,0.0,0.0,1.0,4.0,4
heterogeneity_pressure_seed10_resource01_e08_t48_u0,heterogeneity_pressure,10,resource,26,0,missile,2.8,1.0,1.0,0.0,1.0,0.0,0.0,0.0,1.0,2.8,2.8,1.2999999999999998,-1.5,0.0,0.0,0.0,0.0,0.0,0.0,0.0,1.0,6.0,6
heterogeneity_pressure_seed10_resource01_e08_t48_u0,heterogeneity_pressure,10,resource,27,0,missile,2.8,1.0,1.0,1.0,1.0,0.0,0.0,1.0,0.0,2.55,2.55,2.8,0.25,0.0,0.0,0.0,0.0,0.0,0.0,0.0,,6.0,6
heterogeneity_pressure_seed10_resource01_e08_t48_u0,heterogeneity_pressure,10,resource,28,0,missile,2.8,0.0,1.0,0.0,1.0,0.0,0.0,0.0,1.0,2.8,2.8,2.8,0.0,0.0,0.0,0.0,0.0,0.0,0.0,0.0,1.0,4.0,4
heterogeneity_pressure_seed10_resource01_e08_t48_u0,heterogeneity_pressure,10,resource,29,0,missile,2.8,0.0,0.0,0.0,0.0,0.0,0.0,0.0,0.0,0.0,0.0,1.2999999999999998,1.2999999999999998,0.0,0.0,0.0,0.0,0.0,0.0,0.0,,3.0,3
heterogeneity_pressure_seed10_resource01_e08_t48_u0,heterogeneity_pressure,10,resource,30,0,missile,2.8,1.0,1.0,1.0,1.0,0.0,0.0,1.0,0.0,1.2999999999999998,1.2999999999999998,1.2999999999999998,0.0,0.0,0.0,0.0,0.0,0.0,0.0,0.0,,6.0,6
heterogeneity_pressure_seed10_resource01_e08_t48_u0,heterogeneity_pressure,10,resource,31,0,missile,2.8,0.0,0.0,0.0,0.0,0.0,0.0,0.0,0.0,0.0,0.0,1.2999999999999998,1.2999999999999998,0.0,0.0,0.0,0.0,0.0,0.0,0.0,,4.0,4
heterogeneity_pressure_seed10_resource02_e08_t47_u0,heterogeneity_pressure,10,resource,0,0,missile,2.8,0.0,1.0,0.0,0.0,0.0,1.0,0.0,1.0,1.5,1.5,2.8,1.2999999999999998,0.0,0.0,0.0,0.0,0.0,0.0,0.0,1.0,4.0,4
heterogeneity_pressure_seed10_resource02_e08_t47_u0,heterogeneity_pressure,10,resource,1,0,missile,2.8,0.0,0.0,0.0,0.0,0.0,0.0,0.0,0.0,0.0,0.0,2.55,2.55,0.0,0.0,0.0,0.0,0.0,0.0,0.0,,3.0,3
heterogeneity_pressure_seed10_resource02_e08_t47_u0,heterogeneity_pressure,10,resource,2,0,missile,2.8,0.0,1.0,0.0,1.0,0.0,0.0,0.0,1.0,2.8,2.8,2.55,-0.25,0.0,0.0,0.0,0.0,0.0,0.0,0.0,2.0,5.0,5
heterogeneity_pressure_seed10_resource02_e08_t47_u0,heterogeneity_pressure,10,resource,3,0,missile,2.8,0.0,1.0,0.0,0.0,0.0,1.0,0.0,1.0,1.5,1.5,2.8,1.2999999999999998,0.0,0.0,0.0,0.0,0.0,0.0,0.0,1.0,4.0,4
heterogeneity_pressure_seed10_resource02_e08_t47_u0,heterogeneity_pressure,10,resource,4,0,missile,2.8,1.0,1.0,1.0,1.0,0.0,0.0,1.0,0.0,1.2999999999999998,1.2999999999999998,2.8,1.5,0.0,0.0,0.0,0.0,0.0,0.0,0.0,,6.0,6
heterogeneity_pressure_seed10_resource02_e08_t47_u0,heterogeneity_pressure,10,resource,5,0,missile,2.8,0.0,1.0,0.0,0.0,0.0,1.0,0.0,1.0,0.25,0.25,1.2999999999999998,1.0499999999999998,0.0,0.0,0.0,0.0,0.0,0.0,0.0,2.0,5.0,5
heterogeneity_pressure_seed10_resource02_e08_t47_u0,heterogeneity_pressure,10,resource,6,0,missile,2.8,0.0,0.0,0.0,0.0,0.0,0.0,0.0,0.0,0.0,0.0,1.2999999999999998,1.2999999999999998,0.0,0.0,0.0,0.0,0.0,0.0,0.0,,3.0,3
heterogeneity_pressure_seed10_resource02_e08_t47_u0,heterogeneity_pressure,10,resource,7,0,missile,2.8,0.0,0.0,0.0,0.0,0.0,0.0,0.0,0.0,0.0,0.0,2.55,2.55,0.0,0.0,0.0,0.0,0.0,0.0,0.0,,3.0,3
heterogeneity_pressure_seed10_resource02_e08_t47_u0,heterogeneity_pressure,10,resource,8,0,missile,2.8,0.0,1.0,0.0,0.0,0.0,1.0,0.0,1.0,0.25,0.25,2.55,2.3,0.0,0.0,0.0,0.0,0.0,0.0,0.0,1.0,4.0,4
heterogeneity_pressure_seed10_resource02_e08_t47_u0,heterogeneity_pressure,10,resource,9,0,missile,2.8,0.0,0.0,0.0,0.0,0.0,0.0,0.0,0.0,0.0,0.0,1.2999999999999998,1.2999999999999998,0.0,0.0,0.0,0.0,0.0,0.0,0.0,,3.0,3
heterogeneity_pressure_seed10_resource02_e08_t47_u0,heterogeneity_pressure,10,resource,10,0,missile,2.8,0.0,1.0,0.0,1.0,0.0,0.0,0.0,1.0,2.8,2.8,2.8,0.0,0.0,0.0,0.0,0.0,0.0,0.0,0.0,1.0,4.0,4
heterogeneity_pressure_seed10_resource02_e08_t47_u0,heterogeneity_pressure,10,resource,11,0,missile,2.8,0.0,1.0,0.0,1.0,0.0,0.0,0.0,1.0,2.8,2.8,1.2999999999999998,-1.5,0.0,0.0,0.0,0.0,0.0,0.0,0.0,1.0,4.0,4
heterogeneity_pressure_seed10_resource02_e08_t47_u0,heterogeneity_pressure,10,resource,12,0,missile,2.8,0.0,0.0,0.0,0.0,0.0,0.0,0.0,0.0,0.0,0.0,2.55,2.55,0.0,0.0,0.0,0.0,0.0,0.0,0.0,,3.0,3
heterogeneity_pressure_seed10_resource02_e08_t47_u0,heterogeneity_pressure,10,resource,13,0,missile,2.8,0.0,1.0,0.0,1.0,0.0,0.0,0.0,1.0,2.8,2.8,2.55,-0.25,0.0,0.0,0.0,0.0,0.0,0.0,0.0,1.0,4.0,4
heterogeneity_pressure_seed10_resource02_e08_t47_u0,heterogeneity_pressure,10,resource,14,0,missile,2.8,0.0,2.0,0.0,1.0,0.0,1.0,0.0,2.0,4.3,4.3,2.8,-1.5,0.0,0.0,0.0,0.0,0.0,0.0,0.0,1.0,5.0,5
heterogeneity_pressure_seed10_resource02_e08_t47_u0,heterogeneity_pressure,10,resource,15,0,missile,2.8,0.0,0.0,0.0,0.0,0.0,0.0,0.0,0.0,0.0,0.0,2.55,2.55,0.0,0.0,0.0,0.0,0.0,0.0,0.0,,3.0,3
heterogeneity_pressure_seed10_resource02_e08_t47_u0,heterogeneity_pressure,10,resource,16,0,missile,2.8,0.0,0.0,0.0,0.0,0.0,0.0,0.0,0.0,0.0,0.0,1.2999999999999998,1.2999999999999998,0.0,0.0,0.0,0.0,0.0,0.0,0.0,,3.0,3
heterogeneity_pressure_seed10_resource02_e08_t47_u0,heterogeneity_pressure,10,resource,17,0,missile,2.8,0.0,1.0,0.0,1.0,0.0,0.0,0.0,1.0,2.8,2.8,1.2999999999999998,-1.5,0.0,0.0,0.0,0.0,0.0,0.0,0.0,1.0,5.0,5
heterogeneity_pressure_seed10_resource02_e08_t47_u0,heterogeneity_pressure,10,resource,18,0,missile,2.8,0.0,0.0,0.0,0.0,0.0,0.0,0.0,0.0,0.0,0.0,1.2999999999999998,1.2999999999999998,0.0,0.0,0.0,0.0,0.0,0.0,0.0,,3.0,3
heterogeneity_pressure_seed10_resource02_e08_t47_u0,heterogeneity_pressure,10,resource,19,0,missile,2.8,0.0,1.0,0.0,1.0,0.0,0.0,0.0,1.0,2.8,2.8,2.8,0.0,0.0,0.0,0.0,0.0,0.0,0.0,0.0,1.0,5.0,5
heterogeneity_pressure_seed10_resource02_e08_t47_u0,heterogeneity_pressure,10,resource,20,0,missile,2.8,0.0,0.0,0.0,0.0,0.0,0.0,0.0,0.0,0.0,0.0,1.2999999999999998,1.2999999999999998,0.0,0.0,0.0,0.0,0.0,0.0,0.0,,3.0,3
heterogeneity_pressure_seed10_resource02_e08_t47_u0,heterogeneity_pressure,10,resource,21,0,missile,2.8,0.0,0.0,0.0,0.0,0.0,0.0,0.0,0.0,0.0,0.0,1.2999999999999998,1.2999999999999998,0.0,0.0,0.0,0.0,0.0,0.0,0.0,,3.0,3
heterogeneity_pressure_seed10_resource02_e08_t47_u0,heterogeneity_pressure,10,resource,22,0,missile,2.8,0.0,0.0,0.0,0.0,0.0,0.0,0.0,0.0,0.0,0.0,1.2999999999999998,1.2999999999999998,0.0,0.0,0.0,0.0,0.0,0.0,0.0,,3.0,3
heterogeneity_pressure_seed10_resource02_e08_t47_u0,heterogeneity_pressure,10,resource,23,0,missile,2.8,0.0,0.0,0.0,0.0,0.0,0.0,0.0,0.0,0.0,0.0,1.2999999999999998,1.2999999999999998,0.0,0.0,0.0,0.0,0.0,0.0,0.0,,3.0,3
heterogeneity_pressure_seed10_resource02_e08_t47_u0,heterogeneity_pressure,10,resource,24,0,missile,2.8,0.0,1.0,0.0,0.0,0.0,1.0,0.0,1.0,0.25,0.25,2.8,2.55,0.0,0.0,0.0,0.0,0.0,0.0,0.0,1.0,5.0,5
heterogeneity_pressure_seed10_resource02_e08_t47_u0,heterogeneity_pressure,10,resource,25,0,missile,2.8,0.0,0.0,0.0,0.0,0.0,0.0,0.0,0.0,0.0,0.0,1.2999999999999998,1.2999999999999998,0.0,0.0,0.0,0.0,0.0,0.0,0.0,,3.0,3
heterogeneity_pressure_seed10_resource02_e08_t47_u0,heterogeneity_pressure,10,resource,26,0,missile,2.8,1.0,1.0,2.0,1.0,1.0,0.0,1.0,-1.0,-1.5,-1.5,2.8,4.3,0.0,0.0,0.0,0.0,0.0,0.0,0.0,,8.0,8
heterogeneity_pressure_seed10_resource02_e08_t47_u0,heterogeneity_pressure,10,resource,27,0,missile,2.8,0.0,0.0,0.0,0.0,0.0,0.0,0.0,0.0,0.0,0.0,1.2999999999999998,1.2999999999999998,0.0,0.0,0.0,0.0,0.0,0.0,0.0,,3.0,3
heterogeneity_pressure_seed10_resource02_e08_t47_u0,heterogeneity_pressure,10,resource,28,0,missile,2.8,0.0,1.0,0.0,0.0,0.0,1.0,0.0,1.0,0.25,0.25,2.8,2.55,0.0,0.0,0.0,0.0,0.0,0.0,0.0,1.0,5.0,5
heterogeneity_pressure_seed10_resource02_e08_t47_u0,heterogeneity_pressure,10,resource,29,0,missile,2.8,0.0,0.0,0.0,0.0,0.0,0.0,0.0,0.0,0.0,0.0,1.2999999999999998,1.2999999999999998,0.0,0.0,0.0,0.0,0.0,0.0,0.0,,3.0,3
heterogeneity_pressure_seed10_resource02_e08_t47_u0,heterogeneity_pressure,10,resource,30,0,missile,2.8,0.0,1.0,0.0,0.0,0.0,1.0,0.0,1.0,1.5,1.5,2.8,1.2999999999999998,0.0,0.0,0.0,0.0,0.0,0.0,0.0,1.0,4.0,4
heterogeneity_pressure_seed10_resource02_e08_t47_u0,heterogeneity_pressure,10,resource,31,0,missile,2.8,0.0,1.0,0.0,0.0,0.0,1.0,0.0,1.0,1.5,1.5,2.8,1.2999999999999998,0.0,0.0,0.0,0.0,0.0,0.0,0.0,2.0,5.0,5
heterogeneity_pressure_seed10_resource03_e08_t46_u0,heterogeneity_pressure,10,resource,0,0,missile,2.8,0.0,0.0,0.0,0.0,0.0,0.0,0.0,0.0,0.0,0.0,1.2999999999999998,1.2999999999999998,0.0,0.0,0.0,0.0,0.0,0.0,0.0,,3.0,3
heterogeneity_pressure_seed10_resource03_e08_t46_u0,heterogeneity_pressure,10,resource,1,0,missile,2.8,0.0,1.0,0.0,1.0,0.0,0.0,0.0,1.0,2.8,2.8,2.8,0.0,0.0,0.0,0.0,0.0,0.0,0.0,0.0,1.0,4.0,4
heterogeneity_pressure_seed10_resource03_e08_t46_u0,heterogeneity_pressure,10,resource,2,0,missile,2.8,0.0,0.0,0.0,0.0,0.0,0.0,0.0,0.0,0.0,0.0,2.55,2.55,0.0,0.0,0.0,0.0,0.0,0.0,0.0,,3.0,3
heterogeneity_pressure_seed10_resource03_e08_t46_u0,heterogeneity_pressure,10,resource,3,0,missile,2.8,0.0,2.0,0.0,1.0,0.0,1.0,0.0,2.0,3.05,3.05,2.55,-0.5,0.0,0.0,0.0,0.0,0.0,0.0,0.0,1.0,5.0,5
heterogeneity_pressure_seed10_resource03_e08_t46_u0,heterogeneity_pressure,10,resource,4,0,missile,2.8,0.0,1.0,0.0,1.0,0.0,0.0,0.0,1.0,2.8,2.8,2.8,0.0,0.0,0.0,0.0,0.0,0.0,0.0,0.0,1.0,4.0,4
heterogeneity_pressure_seed10_resource03_e08_t46_u0,heterogeneity_pressure,10,resource,5,0,missile,2.8,0.0,2.0,0.0,0.0,0.0,2.0,0.0,2.0,3.0,3.0,2.8,-0.20000000000000018,0.0,0.0,0.0,0.0,0.0,0.0,0.0,1.0,6.0,6
heterogeneity_pressure_seed10_resource03_e08_t46_u0,heterogeneity_pressure,10,resource,6,0,missile,2.8,1.0,2.0,2.0,1.0,1.0,1.0,1.0,0.0,-1.25,-1.25,1.2999999999999998,2.55,0.0,0.0,0.0,0.0,0.0,0.0,0.0,,12.0,12
heterogeneity_pressure_seed10_resource03_e08_t46_u0,heterogeneity_pressure,10,resource,7,0,missile,2.8,0.0,2.0,0.0,1.0,0.0,1.0,0.0,2.0,4.3,4.3,2.55,-1.75,0.0,0.0,0.0,0.0,0.0,0.0,0.0,1.0,5.0,5
heterogeneity_pressure_seed10_resource03_e08_t46_u0,heterogeneity_pressure,10,resource,8,0,missile,2.8,1.0,1.0,1.0,1.0,0.0,0.0,1.0,0.0,1.2999999999999998,1.2999999999999998,2.8,1.5,0.0,0.0,0.0,0.0,0.0,0.0,0.0,,6.0,6
heterogeneity_pressure_seed10_resource03_e08_t46_u0,heterogeneity_pressure,10,resource,9,0,missile,2.8,0.0,1.0,0.0,1.0,0.0,0.0,0.0,1.0,2.8,2.8,2.8,0.0,0.0,0.0,0.0,0.0,0.0,0.0,0.0,1.0,4.0,4
heterogeneity_pressure_seed10_resource03_e08_t46_u0,heterogeneity_pressure,10,resource,10,0,missile,2.8,0.0,1.0,0.0,1.0,0.0,0.0,0.0,1.0,2.8,2.8,2.8,0.0,0.0,0.0,0.0,0.0,0.0,0.0,0.0,2.0,5.0,5
heterogeneity_pressure_seed10_resource03_e08_t46_u0,heterogeneity_pressure,10,resource,11,0,missile,2.8,0.0,0.0,0.0,0.0,0.0,0.0,0.0,0.0,0.0,0.0,1.2999999999999998,1.2999999999999998,0.0,0.0,0.0,0.0,0.0,0.0,0.0,,3.0,3
heterogeneity_pressure_seed10_resource03_e08_t46_u0,heterogeneity_pressure,10,resource,12,0,missile,2.8,0.0,2.0,0.0,1.0,0.0,1.0,0.0,2.0,3.05,3.05,1.2999999999999998,-1.75,0.0,0.0,0.0,0.0,0.0,0.0,0.0,1.0,5.0,5
heterogeneity_pressure_seed10_resource03_e08_t46_u0,heterogeneity_pressure,10,resource,13,0,missile,2.8,0.0,1.0,0.0,0.0,0.0,1.0,0.0,1.0,0.25,0.25,2.8,2.55,0.0,0.0,0.0,0.0,0.0,0.0,0.0,1.0,4.0,4
heterogeneity_pressure_seed10_resource03_e08_t46_u0,heterogeneity_pressure,10,resource,14,0,missile,2.8,0.0,2.0,0.0,1.0,0.0,1.0,0.0,2.0,3.05,3.05,2.8,-0.25,0.0,0.0,0.0,0.0,0.0,0.0,0.0,1.0,5.0,5
heterogeneity_pressure_seed10_resource03_e08_t46_u0,heterogeneity_pressure,10,resource,15,0,missile,2.8,1.0,1.0,2.0,0.0,0.0,1.0,2.0,-1.0,-0.25,-0.25,1.2999999999999998,1.5499999999999998,0.0,0.0,0.0,0.0,0.0,0.0,0.0,,9.0,9
heterogeneity_pressure_seed10_resource03_e08_t46_u0,heterogeneity_pressure,10,resource,16,0,missile,2.8,1.0,1.0,1.0,1.0,1.0,0.0,0.0,0.0,0.0,0.0,1.2999999999999998,1.2999999999999998,0.0,0.0,0.0,0.0,0.0,0.0,0.0,,9.0,9
heterogeneity_pressure_seed10_resource03_e08_t46_u0,heterogeneity_pressure,10,resource,17,0,missile,2.8,0.0,0.0,0.0,0.0,0.0,0.0,0.0,0.0,0.0,0.0,1.2999999999999998,1.2999999999999998,0.0,0.0,0.0,0.0,0.0,0.0,0.0,,3.0,3
heterogeneity_pressure_seed10_resource03_e08_t46_u0,heterogeneity_pressure,10,resource,18,0,missile,2.8,1.0,1.0,3.0,1.0,1.0,0.0,2.0,-2.0,-0.5,-0.5,1.2999999999999998,1.7999999999999998,0.0,0.0,0.0,0.0,0.0,0.0,0.0,,10.0,10
heterogeneity_pressure_seed10_resource03_e08_t46_u0,heterogeneity_pressure,10,resource,19,0,missile,2.8,0.0,2.0,0.0,1.0,0.0,1.0,0.0,2.0,4.3,4.3,2.8,-1.5,0.0,0.0,0.0,0.0,0.0,0.0,0.0,1.0,6.0,6
heterogeneity_pressure_seed10_resource03_e08_t46_u0,heterogeneity_pressure,10,resource,20,0,missile,2.8,0.0,0.0,0.0,0.0,0.0,0.0,0.0,0.0,0.0,0.0,1.2999999999999998,1.2999999999999998,0.0,0.0,0.0,0.0,0.0,0.0,0.0,,3.0,3
heterogeneity_pressure_seed10_resource03_e08_t46_u0,heterogeneity_pressure,10,resource,21,0,missile,2.8,0.0,1.0,0.0,1.0,0.0,0.0,0.0,1.0,2.8,2.8,2.55,-0.25,0.0,0.0,0.0,0.0,0.0,0.0,0.0,1.0,4.0,4
heterogeneity_pressure_seed10_resource03_e08_t46_u0,heterogeneity_pressure,10,resource,22,0,missile,2.8,0.0,0.0,0.0,0.0,0.0,0.0,0.0,0.0,0.0,0.0,1.2999999999999998,1.2999999999999998,0.0,0.0,0.0,0.0,0.0,0.0,0.0,,3.0,3
heterogeneity_pressure_seed10_resource03_e08_t46_u0,heterogeneity_pressure,10,resource,23,0,missile,2.8,1.0,1.0,1.0,1.0,0.0,0.0,1.0,0.0,1.2999999999999998,1.2999999999999998,1.2999999999999998,0.0,0.0,0.0,0.0,0.0,0.0,0.0,0.0,,6.0,6
heterogeneity_pressure_seed10_resource03_e08_t46_u0,heterogeneity_pressure,10,resource,24,0,missile,2.8,0.0,1.0,0.0,1.0,0.0,0.0,0.0,1.0,2.8,2.8,1.2999999999999998,-1.5,0.0,0.0,0.0,0.0,0.0,0.0,0.0,2.0,5.0,5
heterogeneity_pressure_seed10_resource03_e08_t46_u0,heterogeneity_pressure,10,resource,25,0,missile,2.8,0.0,1.0,0.0,1.0,0.0,0.0,0.0,1.0,2.8,2.8,1.2999999999999998,-1.5,0.0,0.0,0.0,0.0,0.0,0.0,0.0,1.0,4.0,4
heterogeneity_pressure_seed10_resource03_e08_t46_u0,heterogeneity_pressure,10,resource,26,0,missile,2.8,1.0,1.0,1.0,0.0,0.0,1.0,1.0,0.0,0.0,0.0,1.2999999999999998,1.2999999999999998,0.0,0.0,0.0,0.0,0.0,0.0,0.0,,6.0,6
heterogeneity_pressure_seed10_resource03_e08_t46_u0,heterogeneity_pressure,10,resource,27,0,missile,2.8,0.0,0.0,0.0,0.0,0.0,0.0,0.0,0.0,0.0,0.0,1.2999999999999998,1.2999999999999998,0.0,0.0,0.0,0.0,0.0,0.0,0.0,,3.0,3
heterogeneity_pressure_seed10_resource03_e08_t46_u0,heterogeneity_pressure,10,resource,28,0,missile,2.8,0.0,1.0,0.0,0.0,0.0,1.0,0.0,1.0,0.25,0.25,2.55,2.3,0.0,0.0,0.0,0.0,0.0,0.0,0.0,1.0,4.0,4
heterogeneity_pressure_seed10_resource03_e08_t46_u0,heterogeneity_pressure,10,resource,29,0,missile,2.8,0.0,1.0,0.0,0.0,0.0,1.0,0.0,1.0,1.5,1.5,2.8,1.2999999999999998,0.0,0.0,0.0,0.0,0.0,0.0,0.0,1.0,4.0,4
heterogeneity_pressure_seed10_resource03_e08_t46_u0,heterogeneity_pressure,10,resource,30,0,missile,2.8,0.0,2.0,0.0,1.0,0.0,1.0,0.0,2.0,4.3,4.3,2.8,-1.5,0.0,0.0,0.0,0.0,0.0,0.0,0.0,2.0,6.0,6
heterogeneity_pressure_seed10_resource03_e08_t46_u0,heterogeneity_pressure,10,resource,31,0,missile,2.8,0.0,2.0,0.0,1.0,0.0,1.0,0.0,2.0,3.05,3.05,2.8,-0.25,0.0,0.0,0.0,0.0,0.0,0.0,0.0,1.0,5.0,5
heterogeneity_pressure_seed10_resource04_e08_t45_u0,heterogeneity_pressure,10,resource,0,0,missile,2.8,0.0,0.0,0.0,0.0,0.0,0.0,0.0,0.0,0.0,0.0,1.2999999999999998,1.2999999999999998,0.0,0.0,0.0,0.0,0.0,0.0,0.0,,3.0,3
heterogeneity_pressure_seed10_resource04_e08_t45_u0,heterogeneity_pressure,10,resource,1,0,missile,2.8,0.0,1.0,0.0,1.0,0.0,0.0,0.0,1.0,2.8,2.8,2.55,-0.25,0.0,0.0,0.0,0.0,0.0,0.0,0.0,2.0,5.0,5
heterogeneity_pressure_seed10_resource04_e08_t45_u0,heterogeneity_pressure,10,resource,2,0,missile,2.8,0.0,1.0,0.0,1.0,0.0,0.0,0.0,1.0,2.8,2.8,1.2999999999999998,-1.5,0.0,0.0,0.0,0.0,0.0,0.0,0.0,1.0,4.0,4
heterogeneity_pressure_seed10_resource04_e08_t45_u0,heterogeneity_pressure,10,resource,3,0,missile,2.8,0.0,0.0,0.0,0.0,0.0,0.0,0.0,0.0,0.0,0.0,1.2999999999999998,1.2999999999999998,0.0,0.0,0.0,0.0,0.0,0.0,0.0,,3.0,3
heterogeneity_pressure_seed10_resource04_e08_t45_u0,heterogeneity_pressure,10,resource,4,0,missile,2.8,1.0,1.0,1.0,0.0,0.0,1.0,1.0,0.0,0.0,0.0,2.55,2.55,0.0,0.0,0.0,0.0,0.0,0.0,0.0,,6.0,6
heterogeneity_pressure_seed10_resource04_e08_t45_u0,heterogeneity_pressure,10,resource,5,0,missile,2.8,0.0,1.0,0.0,1.0,0.0,0.0,0.0,1.0,2.8,2.8,2.8,0.0,0.0,0.0,0.0,0.0,0.0,0.0,0.0,1.0,4.0,4
heterogeneity_pressure_seed10_resource04_e08_t45_u0,heterogeneity_pressure,10,resource,6,0,missile,2.8,0.0,0.0,0.0,0.0,0.0,0.0,0.0,0.0,0.0,0.0,2.55,2.55,0.0,0.0,0.0,0.0,0.0,0.0,0.0,,3.0,3
heterogeneity_pressure_seed10_resource04_e08_t45_u0,heterogeneity_pressure,10,resource,7,0,missile,2.8,0.0,1.0,0.0,1.0,0.0,0.0,0.0,1.0,2.8,2.8,2.8,0.0,0.0,0.0,0.0,0.0,0.0,0.0,0.0,1.0,4.0,4
heterogeneity_pressure_seed10_resource04_e08_t45_u0,heterogeneity_pressure,10,resource,8,0,missile,2.8,0.0,1.0,0.0,1.0,0.0,0.0,0.0,1.0,2.8,2.8,2.8,0.0,0.0,0.0,0.0,0.0,0.0,0.0,0.0,1.0,4.0,4
heterogeneity_pressure_seed10_resource04_e08_t45_u0,heterogeneity_pressure,10,resource,9,0,missile,2.8,0.0,0.0,0.0,0.0,0.0,0.0,0.0,0.0,0.0,0.0,2.55,2.55,0.0,0.0,0.0,0.0,0.0,0.0,0.0,,3.0,3
heterogeneity_pressure_seed10_resource04_e08_t45_u0,heterogeneity_pressure,10,resource,10,0,missile,2.8,0.0,0.0,0.0,0.0,0.0,0.0,0.0,0.0,0.0,0.0,1.2999999999999998,1.2999999999999998,0.0,0.0,0.0,0.0,0.0,0.0,0.0,,3.0,3
heterogeneity_pressure_seed10_resource04_e08_t45_u0,heterogeneity_pressure,10,resource,11,0,missile,2.8,0.0,1.0,0.0,1.0,0.0,0.0,0.0,1.0,2.8,2.8,1.2999999999999998,-1.5,0.0,0.0,0.0,0.0,0.0,0.0,0.0,1.0,4.0,4
heterogeneity_pressure_seed10_resource04_e08_t45_u0,heterogeneity_pressure,10,resource,12,0,missile,2.8,1.0,2.0,2.0,1.0,1.0,1.0,1.0,0.0,0.0,0.0,2.55,2.55,0.0,0.0,0.0,0.0,0.0,0.0,0.0,,9.0,9
heterogeneity_pressure_seed10_resource04_e08_t45_u0,heterogeneity_pressure,10,resource,13,0,missile,2.8,1.0,3.0,4.0,1.0,1.0,2.0,3.0,-1.0,-1.5,-1.5,1.2999999999999998,2.8,0.0,0.0,0.0,0.0,0.0,0.0,0.0,,15.0,15
heterogeneity_pressure_seed10_resource04_e08_t45_u0,heterogeneity_pressure,10,resource,14,0,missile,2.8,0.0,3.0,0.0,1.0,0.0,2.0,0.0,3.0,4.55,4.55,2.55,-2.0,0.0,0.0,0.0,0.0,0.0,0.0,0.0,1.0,6.0,6
heterogeneity_pressure_seed10_resource04_e08_t45_u0,heterogeneity_pressure,10,resource,15,0,missile,2.8,1.0,1.0,1.0,1.0,0.0,0.0,1.0,0.0,1.2999999999999998,1.2999999999999998,1.2999999999999998,0.0,0.0,0.0,0.0,0.0,0.0,0.0,0.0,,6.0,6
heterogeneity_pressure_seed10_resource04_e08_t45_u0,heterogeneity_pressure,10,resource,16,0,missile,2.8,0.0,2.0,0.0,0.0,0.0,2.0,0.0,2.0,1.75,1.75,1.2999999999999998,-0.4500000000000002,0.0,0.0,0.0,0.0,0.0,0.0,0.0,1.0,5.0,5
heterogeneity_pressure_seed10_resource04_e08_t45_u0,heterogeneity_pressure,10,resource,17,0,missile,2.8,0.0,0.0,0.0,0.0,0.0,0.0,0.0,0.0,0.0,0.0,1.2999999999999998,1.2999999999999998,0.0,0.0,0.0,0.0,0.0,0.0,0.0,,3.0,3
heterogeneity_pressure_seed10_resource04_e08_t45_u0,heterogeneity_pressure,10,resource,18,0,missile,2.8,1.0,2.0,2.0,0.0,0.0,2.0,2.0,0.0,0.0,0.0,2.8,2.8,0.0,0.0,0.0,0.0,0.0,0.0,0.0,,15.0,15
heterogeneity_pressure_seed10_resource04_e08_t45_u0,heterogeneity_pressure,10,resource,19,0,missile,2.8,0.0,0.0,0.0,0.0,0.0,0.0,0.0,0.0,0.0,0.0,1.2999999999999998,1.2999999999999998,0.0,0.0,0.0,0.0,0.0,0.0,0.0,,3.0,3
heterogeneity_pressure_seed10_resource04_e08_t45_u0,heterogeneity_pressure,10,resource,20,0,missile,2.8,0.0,1.0,0.0,1.0,0.0,0.0,0.0,1.0,2.8,2.8,2.55,-0.25,0.0,0.0,0.0,0.0,0.0,0.0,0.0,1.0,4.0,4
heterogeneity_pressure_seed10_resource04_e08_t45_u0,heterogeneity_pressure,10,resource,21,0,missile,2.8,0.0,3.0,0.0,1.0,0.0,2.0,0.0,3.0,4.55,4.55,1.2999999999999998,-3.25,0.0,0.0,0.0,0.0,0.0,0.0,0.0,1.0,7.0,7
heterogeneity_pressure_seed10_resource04_e08_t45_u0,heterogeneity_pressure,10,resource,22,0,missile,2.8,0.0,1.0,0.0,0.0,0.0,1.0,0.0,1.0,1.5,1.5,2.8,1.2999999999999998,0.0,0.0,0.0,0.0,0.0,0.0,0.0,1.0,4.0,4
heterogeneity_pressure_seed10_resource04_e08_t45_u0,heterogeneity_pressure,10,resource,23,0,missile,2.8,1.0,1.0,1.0,0.0,0.0,1.0,1.0,0.0,0.0,0.0,2.55,2.55,0.0,0.0,0.0,0.0,0.0,0.0,0.0,,6.0,6
heterogeneity_pressure_seed10_resource04_e08_t45_u0,heterogeneity_pressure,10,resource,24,0,missile,2.8,0.0,1.0,0.0,1.0,0.0,0.0,0.0,1.0,2.8,2.8,1.2999999999999998,-1.5,0.0,0.0,0.0,0.0,0.0,0.0,0.0,1.0,4.0,4
heterogeneity_pressure_seed10_resource04_e08_t45_u0,heterogeneity_pressure,10,resource,25,0,missile,2.8,0.0,0.0,0.0,0.0,0.0,0.0,0.0,0.0,0.0,0.0,1.2999999999999998,1.2999999999999998,0.0,0.0,0.0,0.0,0.0,0.0,0.0,,3.0,3
heterogeneity_pressure_seed10_resource04_e08_t45_u0,heterogeneity_pressure,10,resource,26,0,missile,2.8,1.0,1.0,2.0,1.0,1.0,0.0,1.0,-1.0,-1.5,-1.5,1.2999999999999998,2.8,0.0,0.0,0.0,0.0,0.0,0.0,0.0,,10.0,10
heterogeneity_pressure_seed10_resource04_e08_t45_u0,heterogeneity_pressure,10,resource,27,0,missile,2.8,0.0,1.0,0.0,1.0,0.0,0.0,0.0,1.0,2.8,2.8,2.8,0.0,0.0,0.0,0.0,0.0,0.0,0.0,0.0,1.0,4.0,4
heterogeneity_pressure_seed10_resource04_e08_t45_u0,heterogeneity_pressure,10,resource,28,0,missile,2.8,0.0,0.0,0.0,0.0,0.0,0.0,0.0,0.0,0.0,0.0,2.55,2.55,0.0,0.0,0.0,0.0,0.0,0.0,0.0,,3.0,3
heterogeneity_pressure_seed10_resource04_e08_t45_u0,heterogeneity_pressure,10,resource,29,0,missile,2.8,1.0,1.0,1.0,1.0,1.0,0.0,0.0,0.0,0.0,0.0,1.2999999999999998,1.2999999999999998,0.0,0.0,0.0,0.0,0.0,0.0,0.0,,9.0,9
heterogeneity_pressure_seed10_resource04_e08_t45_u0,heterogeneity_pressure,10,resource,30,0,missile,2.8,0.0,1.0,0.0,1.0,0.0,0.0,0.0,1.0,2.8,2.8,2.8,0.0,0.0,0.0,0.0,0.0,0.0,0.0,0.0,1.0,4.0,4
heterogeneity_pressure_seed10_resource04_e08_t45_u0,heterogeneity_pressure,10,resource,31,0,missile,2.8,0.0,1.0,0.0,1.0,0.0,0.0,0.0,1.0,2.8,2.8,2.8,0.0,0.0,0.0,0.0,0.0,0.0,0.0,0.0,2.0,5.0,5
heterogeneity_pressure_seed10_resource05_e08_t44_u0,heterogeneity_pressure,10,resource,0,0,missile,2.8,0.0,1.0,0.0,0.0,0.0,1.0,0.0,1.0,1.5,1.5,2.55,1.0499999999999998,0.0,0.0,0.0,0.0,0.0,0.0,0.0,2.0,5.0,5
heterogeneity_pressure_seed10_resource05_e08_t44_u0,heterogeneity_pressure,10,resource,1,0,missile,2.8,1.0,1.0,2.0,1.0,1.0,0.0,1.0,-1.0,-1.5,-1.5,1.2999999999999998,2.8,0.0,0.0,0.0,0.0,0.0,0.0,0.0,,9.0,9
heterogeneity_pressure_seed10_resource05_e08_t44_u0,heterogeneity_pressure,10,resource,2,0,missile,2.8,0.0,0.0,0.0,0.0,0.0,0.0,0.0,0.0,0.0,0.0,1.2999999999999998,1.2999999999999998,0.0,0.0,0.0,0.0,0.0,0.0,0.0,,3.0,3
heterogeneity_pressure_seed10_resource05_e08_t44_u0,heterogeneity_pressure,10,resource,3,0,missile,2.8,0.0,1.0,0.0,0.0,0.0,1.0,0.0,1.0,1.5,1.5,2.55,1.0499999999999998,0.0,0.0,0.0,0.0,0.0,0.0,0.0,1.0,4.0,4
heterogeneity_pressure_seed10_resource05_e08_t44_u0,heterogeneity_pressure,10,resource,4,0,missile,2.8,1.0,4.0,1.0,2.0,1.0,2.0,0.0,3.0,4.55,4.55,2.8,-1.75,0.0,0.0,0.0,0.0,0.0,0.0,0.0,1.0,12.0,12
heterogeneity_pressure_seed10_resource05_e08_t44_u0,heterogeneity_pressure,10,resource,5,0,missile,2.8,1.0,2.0,3.0,1.0,1.0,1.0,2.0,-1.0,-1.5,-1.5,1.2999999999999998,2.8,0.0,0.0,0.0,0.0,0.0,0.0,0.0,,15.0,15
heterogeneity_pressure_seed10_resource05_e08_t44_u0,heterogeneity_pressure,10,resource,6,0,missile,2.8,0.0,1.0,0.0,1.0,0.0,0.0,0.0,1.0,2.8,2.8,1.2999999999999998,-1.5,0.0,0.0,0.0,0.0,0.0,0.0,0.0,1.0,4.0,4
heterogeneity_pressure_seed10_resource05_e08_t44_u0,heterogeneity_pressure,10,resource,7,0,missile,2.8,0.0,1.0,0.0,1.0,0.0,0.0,0.0,1.0,2.8,2.8,2.55,-0.25,0.0,0.0,0.0,0.0,0.0,0.0,0.0,3.0,6.0,6
heterogeneity_pressure_seed10_resource05_e08_t44_u0,heterogeneity_pressure,10,resource,8,0,missile,2.8,0.0,0.0,0.0,0.0,0.0,0.0,0.0,0.0,0.0,0.0,2.55,2.55,0.0,0.0,0.0,0.0,0.0,0.0,0.0,,3.0,3
heterogeneity_pressure_seed10_resource05_e08_t44_u0,heterogeneity_pressure,10,resource,9,0,missile,2.8,0.0,0.0,0.0,0.0,0.0,0.0,0.0,0.0,0.0,0.0,1.2999999999999998,1.2999999999999998,0.0,0.0,0.0,0.0,0.0,0.0,0.0,,3.0,3
heterogeneity_pressure_seed10_resource05_e08_t44_u0,heterogeneity_pressure,10,resource,10,0,missile,2.8,1.0,2.0,2.0,1.0,1.0,1.0,1.0,0.0,-1.25,-1.25,1.2999999999999998,2.55,0.0,0.0,0.0,0.0,0.0,0.0,0.0,,9.0,9
heterogeneity_pressure_seed10_resource05_e08_t44_u0,heterogeneity_pressure,10,resource,11,0,missile,2.8,0.0,0.0,0.0,0.0,0.0,0.0,0.0,0.0,0.0,0.0,1.2999999999999998,1.2999999999999998,0.0,0.0,0.0,0.0,0.0,0.0,0.0,,3.0,3
heterogeneity_pressure_seed10_resource05_e08_t44_u0,heterogeneity_pressure,10,resource,12,0,missile,2.8,0.0,1.0,0.0,1.0,0.0,0.0,0.0,1.0,2.8,2.8,2.8,0.0,0.0,0.0,0.0,0.0,0.0,0.0,0.0,2.0,5.0,5
heterogeneity_pressure_seed10_resource05_e08_t44_u0,heterogeneity_pressure,10,resource,13,0,missile,2.8,0.0,0.0,0.0,0.0,0.0,0.0,0.0,0.0,0.0,0.0,1.2999999999999998,1.2999999999999998,0.0,0.0,0.0,0.0,0.0,0.0,0.0,,3.0,3
heterogeneity_pressure_seed10_resource05_e08_t44_u0,heterogeneity_pressure,10,resource,14,0,missile,2.8,0.0,1.0,0.0,1.0,0.0,0.0,0.0,1.0,2.8,2.8,2.8,0.0,0.0,0.0,0.0,0.0,0.0,0.0,0.0,1.0,4.0,4
heterogeneity_pressure_seed10_resource05_e08_t44_u0,heterogeneity_pressure,10,resource,15,0,missile,2.8,0.0,0.0,0.0,0.0,0.0,0.0,0.0,0.0,0.0,0.0,2.55,2.55,0.0,0.0,0.0,0.0,0.0,0.0,0.0,,3.0,3
heterogeneity_pressure_seed10_resource05_e08_t44_u0,heterogeneity_pressure,10,resource,16,0,missile,2.8,0.0,0.0,0.0,0.0,0.0,0.0,0.0,0.0,0.0,0.0,1.2999999999999998,1.2999999999999998,0.0,0.0,0.0,0.0,0.0,0.0,0.0,,3.0,3
heterogeneity_pressure_seed10_resource05_e08_t44_u0,heterogeneity_pressure,10,resource,17,0,missile,2.8,0.0,1.0,0.0,1.0,0.0,0.0,0.0,1.0,2.8,2.8,2.8,0.0,0.0,0.0,0.0,0.0,0.0,0.0,0.0,2.0,5.0,5
heterogeneity_pressure_seed10_resource05_e08_t44_u0,heterogeneity_pressure,10,resource,18,0,missile,2.8,0.0,1.0,0.0,0.0,0.0,1.0,0.0,1.0,0.25,0.25,1.2999999999999998,1.0499999999999998,0.0,0.0,0.0,0.0,0.0,0.0,0.0,1.0,4.0,4
heterogeneity_pressure_seed10_resource05_e08_t44_u0,heterogeneity_pressure,10,resource,19,0,missile,2.8,0.0,0.0,0.0,0.0,0.0,0.0,0.0,0.0,0.0,0.0,1.2999999999999998,1.2999999999999998,0.0,0.0,0.0,0.0,0.0,0.0,0.0,,3.0,3
heterogeneity_pressure_seed10_resource05_e08_t44_u0,heterogeneity_pressure,10,resource,20,0,missile,2.8,0.0,0.0,0.0,0.0,0.0,0.0,0.0,0.0,0.0,0.0,1.2999999999999998,1.2999999999999998,0.0,0.0,0.0,0.0,0.0,0.0,0.0,,3.0,3
heterogeneity_pressure_seed10_resource05_e08_t44_u0,heterogeneity_pressure,10,resource,21,0,missile,2.8,0.0,3.0,0.0,1.0,0.0,2.0,0.0,3.0,4.55,4.55,1.2999999999999998,-3.25,0.0,0.0,0.0,0.0,0.0,0.0,0.0,1.0,6.0,6
heterogeneity_pressure_seed10_resource05_e08_t44_u0,heterogeneity_pressure,10,resource,22,0,missile,2.8,1.0,1.0,1.0,0.0,0.0,1.0,1.0,0.0,0.0,0.0,1.2999999999999998,1.2999999999999998,0.0,0.0,0.0,0.0,0.0,0.0,0.0,,18.0,18
heterogeneity_pressure_seed10_resource05_e08_t44_u0,heterogeneity_pressure,10,resource,23,0,missile,2.8,0.0,3.0,0.0,1.0,0.0,2.0,0.0,3.0,4.55,4.55,1.2999999999999998,-3.25,0.0,0.0,0.0,0.0,0.0,0.0,0.0,1.0,6.0,6
heterogeneity_pressure_seed10_resource05_e08_t44_u0,heterogeneity_pressure,10,resource,24,0,missile,2.8,0.0,0.0,0.0,0.0,0.0,0.0,0.0,0.0,0.0,0.0,1.2999999999999998,1.2999999999999998,0.0,0.0,0.0,0.0,0.0,0.0,0.0,,3.0,3
heterogeneity_pressure_seed10_resource05_e08_t44_u0,heterogeneity_pressure,10,resource,25,0,missile,2.8,1.0,1.0,1.0,1.0,1.0,0.0,0.0,0.0,0.0,0.0,1.2999999999999998,1.2999999999999998,0.0,0.0,0.0,0.0,0.0,0.0,0.0,,9.0,9
heterogeneity_pressure_seed10_resource05_e08_t44_u0,heterogeneity_pressure,10,resource,26,0,missile,2.8,0.0,2.0,0.0,0.0,0.0,2.0,0.0,2.0,0.5,0.5,1.2999999999999998,0.7999999999999998,0.0,0.0,0.0,0.0,0.0,0.0,0.0,1.0,5.0,5
heterogeneity_pressure_seed10_resource05_e08_t44_u0,heterogeneity_pressure,10,resource,27,0,missile,2.8,1.0,2.0,2.0,1.0,1.0,1.0,1.0,0.0,0.0,0.0,1.2999999999999998,1.2999999999999998,0.0,0.0,0.0,0.0,0.0,0.0,0.0,,9.0,9
heterogeneity_pressure_seed10_resource05_e08_t44_u0,heterogeneity_pressure,10,resource,28,0,missile,2.8,0.0,2.0,0.0,1.0,0.0,1.0,0.0,2.0,4.3,4.3,2.55,-1.75,0.0,0.0,0.0,0.0,0.0,0.0,0.0,1.0,5.0,5
heterogeneity_pressure_seed10_resource05_e08_t44_u0,heterogeneity_pressure,10,resource,29,0,missile,2.8,1.0,1.0,1.0,1.0,1.0,0.0,0.0,0.0,0.0,0.0,1.2999999999999998,1.2999999999999998,0.0,0.0,0.0,0.0,0.0,0.0,0.0,,9.0,9
heterogeneity_pressure_seed10_resource05_e08_t44_u0,heterogeneity_pressure,10,resource,30,0,missile,2.8,0.0,1.0,0.0,0.0,0.0,1.0,0.0,1.0,0.25,0.25,1.2999999999999998,1.0499999999999998,0.0,0.0,0.0,0.0,0.0,0.0,0.0,1.0,4.0,4
heterogeneity_pressure_seed10_resource05_e08_t44_u0,heterogeneity_pressure,10,resource,31,0,missile,2.8,0.0,1.0,0.0,1.0,0.0,0.0,0.0,1.0,2.8,2.8,2.55,-0.25,0.0,0.0,0.0,0.0,0.0,0.0,0.0,1.0,4.0,4
