budget_multiplier,cost_prediction,fold,group_id,mode,model_seed,oracle_label,safety_prediction,scenario,score
0.0,0.23359689116477966,2,task14u/seed8/medium/episode25/step23/unit0,safety_only,20,0,-3.356956720352173,medium,-0.6402584910392761
0.0,0.2736036777496338,2,task14u/seed8/medium/episode25/step23/unit2,safety_only,20,1,0.9726179242134094,medium,0.18550339341163635
0.0,0.2744870185852051,1,task14u/seed8/medium/episode0/step26/unit2,safety_only,20,0,4.247076034545898,medium,0.758075475692749
0.0,0.16705460846424103,0,task14u/seed8/medium/episode18/step31/unit2,safety_only,20,0,1.2093515396118164,medium,0.23245938122272491
0.0,0.3489314913749695,2,task14u/seed8/medium/episode5/step12/unit2,safety_only,20,0,-4.016712188720703,medium,-0.7660909295082092
0.0,-0.022997017949819565,2,task14u/seed8/medium/episode21/step37/unit2,safety_only,20,0,-10.74349594116211,medium,-2.049062490463257
0.0,0.3187493085861206,2,task14u/seed8/medium/episode30/step17/unit2,safety_only,20,1,-4.282022953033447,medium,-0.8166925311088562
0.0,0.22329843044281006,0,task14u/seed8/medium/episode20/step26/unit2,safety_only,20,1,2.1673057079315186,medium,0.41659560799598694
0.0,0.27976441383361816,1,task14u/seed8/medium/episode1/step27/unit2,safety_only,20,0,1.2671793699264526,medium,0.22618329524993896
0.0,0.2527073621749878,1,task14u/seed8/medium/episode20/step18/unit1,safety_only,20,-1,3.3503756523132324,medium,0.5980203151702881
0.0,0.27577638626098633,1,task14u/seed8/medium/episode20/step18/unit2,safety_only,20,0,3.771883964538574,medium,0.6732568144798279
0.0,0.23006680607795715,0,task14u/seed8/medium/episode35/step38/unit2,safety_only,20,0,3.93082332611084,medium,0.7555758357048035
0.0,0.14523665606975555,0,task14u/seed8/medium/episode24/step30/unit2,safety_only,20,0,4.4327392578125,medium,0.8520532250404358
0.0,0.2523120641708374,1,task14u/seed8/time_pressure/episode6/step1/unit0,safety_only,20,-1,-4.186893463134766,time_pressure,-0.747333288192749
0.0,0.22676056623458862,1,task14u/seed8/time_pressure/episode6/step1/unit1,safety_only,20,0,-3.4020612239837646,time_pressure,-0.6072458624839783
0.0,0.27976498007774353,1,task14u/seed8/time_pressure/episode12/step0/unit0,safety_only,20,0,-2.7732646465301514,time_pressure,-0.49500975012779236
0.0,0.266987681388855,1,task14u/seed8/time_pressure/episode12/step0/unit1,safety_only,20,0,-2.7969155311584473,time_pressure,-0.4992312490940094
0.0,0.3162982165813446,1,task14u/seed8/time_pressure/episode35/step22/unit2,safety_only,20,0,1.276208519935608,time_pressure,0.22779494524002075
0.0,0.3657507002353668,2,task14u/seed8/time_pressure/episode19/step23/unit2,safety_only,20,1,2.003608226776123,time_pressure,0.3821398913860321
0.0,0.10690921545028687,0,task14u/seed8/time_pressure/episode4/step5/unit0,safety_only,20,-1,-2.1343281269073486,time_pressure,-0.4102567434310913
0.0,0.08050668239593506,0,task14u/seed8/time_pressure/episode4/step5/unit1,safety_only,20,0,-0.9109405279159546,time_pressure,-0.17509935796260834
0.0,0.29462724924087524,1,task14u/seed8/time_pressure/episode33/step18/unit0,safety_only,20,-1,3.3594372272491455,time_pressure,0.5996377468109131
0.0,0.28690218925476074,1,task14u/seed8/time_pressure/episode27/step7/unit0,safety_only,20,0,-0.13203075528144836,time_pressure,-0.023566633462905884
0.0,0.27630046010017395,1,task14u/seed8/time_pressure/episode27/step7/unit2,safety_only,20,1,1.3356733322143555,time_pressure,0.23840901255607605
0.0,0.2578730285167694,0,task14u/seed8/time_pressure/episode2/step25/unit2,safety_only,20,0,6.942720890045166,time_pressure,1.3345173597335815
0.0,0.3551211655139923,2,task14u/seed8/time_pressure/episode15/step15/unit2,safety_only,20,1,-1.625967025756836,time_pressure,-0.31011396646499634
0.0,0.2099219113588333,0,task14u/seed8/time_pressure/episode27/step12/unit0,safety_only,20,0,-1.2362309694290161,time_pressure,-0.2376261055469513
0.0,0.2067713737487793,0,task14u/seed8/time_pressure/episode27/step12/unit2,safety_only,20,1,-0.5058635473251343,time_pressure,-0.09723618626594543
0.0,0.2830343544483185,2,task14u/seed8/time_pressure/episode22/step8/unit0,safety_only,20,0,-4.832891941070557,time_pressure,-0.9217575192451477
0.0,0.474440336227417,2,task14u/seed8/time_pressure/episode22/step8/unit1,safety_only,20,-1,1.455875277519226,time_pressure,0.27767306566238403
0.0,0.4243585467338562,2,task14u/seed8/time_pressure/episode22/step8/unit2,safety_only,20,0,-0.1261112242937088,time_pressure,-0.02405267208814621
0.0,0.2562240958213806,0,task14u/seed8/heterogeneity_pressure/episode20/step29/unit0,safety_only,20,1,5.490118503570557,heterogeneity_pressure,1.0553007125854492
0.0,0.29133743047714233,0,task14u/seed8/heterogeneity_pressure/episode20/step29/unit2,safety_only,20,-1,7.327446460723877,heterogeneity_pressure,1.4084686040878296
0.0,0.15433603525161743,2,task14u/seed8/heterogeneity_pressure/episode35/step28/unit2,safety_only,20,0,-1.761236548423767,heterogeneity_pressure,-0.33591336011886597
0.0,0.2156265825033188,0,task14u/seed8/heterogeneity_pressure/episode16/step48/unit2,safety_only,20,0,6.950808048248291,heterogeneity_pressure,1.3360718488693237
0.0,0.3175039291381836,0,task14u/seed8/heterogeneity_pressure/episode12/step25/unit2,safety_only,20,1,6.986191272735596,heterogeneity_pressure,1.342873215675354
0.0,0.25833189487457275,1,task14u/seed8/heterogeneity_pressure/episode21/step21/unit2,safety_only,20,0,-0.4143735468387604,heterogeneity_pressure,-0.0739629864692688
0.0,0.24278850853443146,2,task14u/seed8/heterogeneity_pressure/episode4/step5/unit0,safety_only,20,0,-2.3310470581054688,heterogeneity_pressure,-0.4445909857749939
0.0,0.30497974157333374,2,task14u/seed8/heterogeneity_pressure/episode4/step5/unit2,safety_only,20,0,0.42056265473365784,heterogeneity_pressure,0.08021217584609985
0.0,0.25191429257392883,0,task14u/seed8/heterogeneity_pressure/episode6/step38/unit2,safety_only,20,0,4.423156261444092,heterogeneity_pressure,0.8502111434936523
0.0,0.2759746015071869,1,task14u/seed8/heterogeneity_pressure/episode25/step17/unit2,safety_only,20,0,1.6834073066711426,heterogeneity_pressure,0.3004772663116455
0.0,0.3074944019317627,1,task14u/seed8/heterogeneity_pressure/episode11/step49/unit2,safety_only,20,0,3.0011417865753174,heterogeneity_pressure,0.53568434715271
0.0,0.23090502619743347,0,task14u/seed8/heterogeneity_pressure/episode19/step11/unit0,safety_only,20,0,3.7241148948669434,heterogeneity_pressure,0.7158427238464355
0.0,0.019602766260504723,2,task14u/seed8/heterogeneity_pressure/episode30/step25/unit2,safety_only,20,0,-9.488505363464355,heterogeneity_pressure,-1.8097033500671387
0.0,0.14168107509613037,0,task14u/seed10/medium/episode30/step5/unit0,safety_only,20,0,-4.407947540283203,medium,-0.8472878336906433
0.0,0.144099622964859,0,task14u/seed10/medium/episode30/step5/unit1,safety_only,20,0,-1.9555187225341797,medium,-0.37588632106781006
0.0,0.23041391372680664,1,task14u/seed10/medium/episode33/step12/unit2,safety_only,20,-1,-0.2888970971107483,medium,-0.05156625807285309
0.0,0.14018017053604126,0,task14u/seed10/medium/episode32/step36/unit2,safety_only,20,0,-0.34634479880332947,medium,-0.06657377630472183
0.0,0.14163367450237274,2,task14u/seed10/medium/episode21/step6/unit1,safety_only,20,-1,-0.12988659739494324,medium,-0.024772733449935913
0.0,0.22701092064380646,2,task14u/seed10/medium/episode21/step6/unit2,safety_only,20,0,3.701106548309326,medium,0.7058967351913452
0.0,0.009359202347695827,2,task14u/seed10/medium/episode35/step28/unit2,safety_only,20,0,-6.407719612121582,medium,-1.2221179008483887
0.0,0.09996386617422104,0,task14u/seed10/medium/episode8/step13/unit2,safety_only,20,0,-2.5908944606781006,medium,-0.4980171024799347
0.0,0.218070387840271,0,task14u/seed10/medium/episode13/step19/unit2,safety_only,20,0,3.9418790340423584,medium,0.7577009201049805
0.0,-0.004234948195517063,2,task14u/seed10/medium/episode19/step7/unit0,safety_only,20,-1,-6.147127628326416,medium,-1.1724162101745605
0.0,0.1558971107006073,2,task14u/seed10/medium/episode19/step7/unit2,safety_only,20,-1,-0.19458220899105072,medium,-0.037111859768629074
0.0,0.23510821163654327,0,task14u/seed10/medium/episode9/step0/unit0,safety_only,20,0,-3.5494117736816406,medium,-0.68226158618927
0.0,0.22411473095417023,0,task14u/seed10/medium/episode9/step0/unit1,safety_only,20,0,-2.3916382789611816,medium,-0.45971643924713135
0.0,0.3198840320110321,2,task14u/seed10/medium/episode28/step24/unit2,safety_only,20,0,5.950300693511963,medium,1.1348762512207031
0.0,0.12234875559806824,2,task14u/seed10/medium/episode17/step30/unit2,safety_only,20,0,-2.395190954208374,medium,-0.4568248689174652
0.0,0.20497079193592072,1,task14u/seed10/time_pressure/episode32/step15/unit2,safety_only,20,0,3.117784261703491,time_pressure,0.5565042495727539
0.0,0.3192913234233856,1,task14u/seed10/time_pressure/episode28/step12/unit0,safety_only,20,-1,0.8959611654281616,time_pressure,0.159923255443573
0.0,0.30129462480545044,1,task14u/seed10/time_pressure/episode28/step12/unit1,safety_only,20,-1,1.1204915046691895,time_pressure,0.20000046491622925
0.0,0.2966611683368683,1,task14u/seed10/time_pressure/episode28/step12/unit2,safety_only,20,0,1.1603829860687256,time_pressure,0.2071208357810974
0.0,0.25786009430885315,2,task14u/seed10/time_pressure/episode20/step18/unit2,safety_only,20,0,3.3725712299346924,time_pressure,0.6432365775108337
0.0,0.2852451503276825,1,task14u/seed10/time_pressure/episode27/step14/unit2,safety_only,20,0,-0.8585264682769775,time_pressure,-0.15324139595031738
0.0,0.23768895864486694,2,task14u/seed10/time_pressure/episode1/step27/unit2,safety_only,20,0,11.912301063537598,time_pressure,2.2719838619232178
0.0,0.3099251985549927,1,task14u/seed10/time_pressure/episode18/step12/unit2,safety_only,20,0,2.704632043838501,time_pressure,0.4827592670917511
0.0,0.1283932477235794,2,task14u/seed10/time_pressure/episode30/step14/unit2,safety_only,20,0,-15.173720359802246,time_pressure,-2.8940210342407227
0.0,0.12466780841350555,0,task14u/seed10/time_pressure/episode0/step17/unit2,safety_only,20,0,-0.21013988554477692,time_pressure,-0.040392711758613586
0.0,0.06103042513132095,0,task14u/seed10/time_pressure/episode27/step15/unit2,safety_only,20,0,-4.943904399871826,time_pressure,-0.9503085017204285
0.0,0.2921808063983917,1,task14u/seed10/time_pressure/episode8/step25/unit2,safety_only,20,0,2.8967883586883545,time_pressure,0.5170578956604004
0.0,0.10838443040847778,0,task14u/seed10/time_pressure/episode6/step3/unit0,safety_only,20,0,-1.9217098951339722,time_pressure,-0.3693876266479492
0.0,0.09564858675003052,0,task14u/seed10/time_pressure/episode6/step3/unit1,safety_only,20,0,-0.22651956975460052,time_pressure,-0.043541185557842255
0.0,0.2388807237148285,1,task14u/seed10/heterogeneity_pressure/episode12/step30/unit2,safety_only,20,0,1.8065177202224731,heterogeneity_pressure,0.3224516808986664
0.0,0.08974242955446243,2,task14u/seed10/heterogeneity_pressure/episode28/step27/unit2,safety_only,20,0,-0.37996867299079895,heterogeneity_pressure,-0.07246985286474228
0.0,0.02737993746995926,2,task14u/seed10/heterogeneity_pressure/episode9/step4/unit1,safety_only,20,0,-3.815450668334961,heterogeneity_pressure,-0.7277051210403442
0.0,0.05328524857759476,2,task14u/seed10/heterogeneity_pressure/episode9/step4/unit2,safety_only,20,0,-3.594419240951538,heterogeneity_pressure,-0.685548722743988
0.0,0.11362887173891068,0,task14u/seed10/heterogeneity_pressure/episode16/step10/unit2,safety_only,20,0,-1.3060425519943237,heterogeneity_pressure,-0.2510451674461365
0.0,0.0778672993183136,2,task14u/seed10/heterogeneity_pressure/episode19/step13/unit2,safety_only,20,0,-0.820554792881012,heterogeneity_pressure,-0.15650102496147156
0.0,0.27674058079719543,1,task14u/seed10/heterogeneity_pressure/episode31/step34/unit2,safety_only,20,0,4.706665515899658,heterogeneity_pressure,0.8401092290878296
0.0,0.14772248268127441,0,task14u/seed10/heterogeneity_pressure/episode12/step24/unit2,safety_only,20,0,1.2400939464569092,heterogeneity_pressure,0.23836864531040192
0.0,0.11846385896205902,0,task14u/seed10/heterogeneity_pressure/episode16/step29/unit2,safety_only,20,0,0.4699549973011017,heterogeneity_pressure,0.09033390879631042
0.0,0.15286162495613098,0,task14u/seed10/heterogeneity_pressure/episode16/step7/unit0,safety_only,20,0,-1.2287009954452515,heterogeneity_pressure,-0.2361786961555481
0.0,0.17052717506885529,0,task14u/seed10/heterogeneity_pressure/episode16/step7/unit2,safety_only,20,0,0.480293333530426,heterogeneity_pressure,0.09232112765312195
0.0,-0.14297932386398315,2,task14u/seed10/heterogeneity_pressure/episode10/step24/unit2,safety_only,20,0,-17.74247932434082,heterogeneity_pressure,-3.3839497566223145
0.0,0.13708728551864624,0,task14u/seed10/heterogeneity_pressure/episode9/step1/unit0,safety_only,20,0,-3.7685258388519287,heterogeneity_pressure,-0.724379301071167
0.0,0.13487164676189423,0,task14u/seed10/heterogeneity_pressure/episode9/step1/unit1,safety_only,20,0,-3.192199230194092,heterogeneity_pressure,-0.6135988235473633
0.0,0.15872035920619965,2,task14b/seed8/medium/episode26/step38/unit2,safety_only,20,1,10.121379852294922,medium,1.9304089546203613
0.0,0.24861282110214233,1,task14b/seed8/medium/episode15/step27/unit2,safety_only,20,1,5.035706520080566,medium,0.8988409042358398
0.0,0.25872334837913513,1,task14b/seed8/medium/episode40/step32/unit2,safety_only,20,1,1.3076589107513428,medium,0.2334086298942566
0.0,0.24181802570819855,1,task14b/seed8/medium/episode28/step33/unit2,safety_only,20,1,5.790465354919434,medium,1.0335605144500732
0.0,0.2680429220199585,2,task14b/seed8/medium/episode46/step31/unit0,safety_only,20,-1,0.8537326455116272,medium,0.16282889246940613
0.0,0.2947898507118225,2,task14b/seed8/medium/episode46/step31/unit2,safety_only,20,1,7.610000133514404,medium,1.4514238834381104
0.0,0.2129921317100525,0,task14b/seed8/medium/episode42/step20/unit2,safety_only,20,1,0.3319054841995239,medium,0.06379827857017517
0.0,0.11185696721076965,0,task14b/seed8/medium/episode32/step24/unit2,safety_only,20,1,-2.640763282775879,medium,-0.5076028108596802
0.0,0.2996135354042053,1,task14b/seed8/medium/episode30/step38/unit2,safety_only,20,1,4.687093257904053,medium,0.8366156816482544
0.0,0.1842574179172516,2,task14b/seed8/medium/episode26/step35/unit2,safety_only,20,1,10.42767333984375,medium,1.9888269901275635
0.0,0.16961228847503662,0,task14b/seed8/medium/episode39/step28/unit2,safety_only,20,1,2.759420156478882,medium,0.5304108262062073
0.0,0.1794133186340332,0,task14b/seed8/medium/episode28/step30/unit2,safety_only,20,1,4.180626392364502,medium,0.8035925626754761
0.0,0.12108971923589706,0,task14b/seed8/medium/episode15/step24/unit2,safety_only,20,1,4.456698894500732,medium,0.8566586971282959
0.0,0.2721804976463318,1,task14b/seed8/medium/episode46/step27/unit0,safety_only,20,0,1.1869492530822754,medium,0.2118627429008484
0.0,0.26467129588127136,1,task14b/seed8/medium/episode46/step27/unit2,safety_only,20,1,0.8603682518005371,medium,0.15357014536857605
0.0,0.021428311243653297,2,task14b/seed8/medium/episode8/step25/unit2,safety_only,20,0,-5.769443511962891,medium,-1.1003820896148682
0.0,0.25953638553619385,0,task14b/seed8/time_pressure/episode15/step17/unit1,safety_only,20,-1,6.03435754776001,time_pressure,1.159913420677185
0.0,0.27483856678009033,0,task14b/seed8/time_pressure/episode15/step17/unit2,safety_only,20,1,4.999533176422119,time_pressure,0.9610013365745544
0.0,0.23412801325321198,0,task14b/seed8/time_pressure/episode36/step32/unit2,safety_only,20,1,1.6370609998703003,time_pressure,0.31467294692993164
0.0,0.33045369386672974,2,task14b/seed8/time_pressure/episode17/step37/unit2,safety_only,20,1,9.384347915649414,time_pressure,1.7898378372192383
0.0,0.23509377241134644,2,task14b/seed8/time_pressure/episode15/step24/unit0,safety_only,20,1,1.3858007192611694,time_pressure,0.26430803537368774
0.0,0.322795569896698,2,task14b/seed8/time_pressure/episode15/step24/unit2,safety_only,20,1,6.795604228973389,time_pressure,1.2960975170135498
0.0,0.2874440550804138,1,task14b/seed8/time_pressure/episode34/step27/unit2,safety_only,20,1,5.334746837615967,time_pressure,0.952217698097229
0.0,0.1830631047487259,0,task14b/seed8/time_pressure/episode38/step24/unit0,safety_only,20,0,4.4611711502075195,time_pressure,0.8575183153152466
0.0,0.16438426077365875,0,task14b/seed8/time_pressure/episode38/step24/unit2,safety_only,20,1,3.4959805011749268,time_pressure,0.6719911098480225
0.0,0.18398649990558624,0,task14b/seed8/time_pressure/episode28/step19/unit0,safety_only,20,0,0.6164995431900024,time_pressure,0.11850243806838989
0.0,0.16974765062332153,0,task14b/seed8/time_pressure/episode28/step19/unit1,safety_only,20,0,1.7589691877365112,time_pressure,0.3381059169769287
0.0,0.20429079234600067,0,task14b/seed8/time_pressure/episode28/step19/unit2,safety_only,20,0,3.177711248397827,time_pressure,0.6108139753341675
0.0,0.23501160740852356,1,task14b/seed8/time_pressure/episode46/step29/unit2,safety_only,20,1,3.860687494277954,time_pressure,0.6891076564788818
0.0,0.3536304235458374,2,task14b/seed8/time_pressure/episode39/step15/unit2,safety_only,20,1,17.559795379638672,time_pressure,3.349107027053833
0.0,0.4101001024246216,2,task14b/seed8/time_pressure/episode21/step23/unit2,safety_only,20,1,6.408360004425049,time_pressure,1.2222399711608887
0.0,0.21254588663578033,0,task14b/seed8/time_pressure/episode47/step21/unit2,safety_only,20,1,3.633486032485962,time_pressure,0.6984221935272217
0.0,0.2404136061668396,1,task14b/seed8/time_pressure/episode3/step0/unit0,safety_only,20,0,-3.7460503578186035,time_pressure,-0.6686456799507141
0.0,0.2147311121225357,1,task14b/seed8/time_pressure/episode3/step0/unit1,safety_only,20,0,-4.270720958709717,time_pressure,-0.7622959613800049
0.0,0.10557351261377335,0,task14b/seed8/time_pressure/episode14/step20/unit2,safety_only,20,0,-0.5407075881958008,time_pressure,-0.10393384099006653
0.0,0.466368168592453,2,task14b/seed8/time_pressure/episode44/step45/unit2,safety_only,20,1,9.012897491455078,time_pressure,1.7189927101135254
0.0,0.2775628864765167,1,task14b/seed8/heterogeneity_pressure/episode21/step26/unit0,safety_only,20,0,1.9169050455093384,heterogeneity_pressure,0.3421550989151001
0.0,0.2740464508533478,1,task14b/seed8/heterogeneity_pressure/episode21/step26/unit2,safety_only,20,0,2.038811683654785,heterogeneity_pressure,0.3639146387577057
0.0,0.2870735824108124,1,task14b/seed8/heterogeneity_pressure/episode14/step39/unit2,safety_only,20,0,3.746469497680664,heterogeneity_pressure,0.6687204837799072
0.0,0.17819184064865112,2,task14b/seed8/heterogeneity_pressure/episode42/step28/unit2,safety_only,20,1,2.1287522315979004,heterogeneity_pressure,0.40600812435150146
0.0,0.20432764291763306,0,task14b/seed8/heterogeneity_pressure/episode13/step37/unit2,safety_only,20,1,4.2606072425842285,heterogeneity_pressure,0.818966269493103
0.0,0.31799137592315674,1,task14b/seed8/heterogeneity_pressure/episode26/step31/unit2,safety_only,20,1,2.4866745471954346,heterogeneity_pressure,0.44385525584220886
0.0,0.1620727777481079,0,task14b/seed8/heterogeneity_pressure/episode31/step37/unit2,safety_only,20,0,3.366354465484619,heterogeneity_pressure,0.6470746397972107
0.0,0.4109252989292145,2,task14b/seed8/heterogeneity_pressure/episode5/step18/unit0,safety_only,20,0,8.289438247680664,heterogeneity_pressure,1.581010341644287
0.0,0.5030228495597839,2,task14b/seed8/heterogeneity_pressure/episode5/step18/unit2,safety_only,20,0,15.069303512573242,heterogeneity_pressure,2.874105930328369
0.0,0.11033794283866882,0,task14b/seed8/heterogeneity_pressure/episode41/step27/unit2,safety_only,20,1,1.2479548454284668,heterogeneity_pressure,0.23987965285778046
0.0,0.29021021723747253,1,task14b/seed8/heterogeneity_pressure/episode6/step25/unit2,safety_only,20,0,1.6588637828826904,heterogeneity_pressure,0.29609641432762146
0.0,0.14627592265605927,0,task14b/seed8/heterogeneity_pressure/episode30/step32/unit2,safety_only,20,1,2.1780402660369873,heterogeneity_pressure,0.4186590015888214
0.0,0.03227468207478523,2,task14b/seed8/heterogeneity_pressure/episode31/step29/unit2,safety_only,20,0,-5.602025508880615,heterogeneity_pressure,-1.068451166152954
0.0,0.2688348889350891,2,task14b/seed8/heterogeneity_pressure/episode33/step49/unit2,safety_only,20,1,9.303467750549316,heterogeneity_pressure,1.774411916732788
0.0,0.2294340580701828,1,task14b/seed8/heterogeneity_pressure/episode29/step0/unit0,safety_only,20,0,-5.850085258483887,heterogeneity_pressure,-1.044202208518982
0.0,0.24628402292728424,2,task14b/seed8/heterogeneity_pressure/episode43/step49/unit2,safety_only,20,0,10.06918716430664,heterogeneity_pressure,1.920454502105713
0.0,0.23878085613250732,1,task14b/seed10/medium/episode9/step27/unit2,safety_only,20,0,1.9587392807006836,medium,0.3496222496032715
0.0,0.11073440313339233,0,task14b/seed10/medium/episode20/step25/unit2,safety_only,20,0,0.998976469039917,medium,0.1920214742422104
0.0,0.25141406059265137,1,task14b/seed10/medium/episode33/step0/unit0,safety_only,20,0,-1.7933908700942993,medium,-0.3201086223125458
0.0,0.2451828420162201,1,task14b/seed10/medium/episode33/step0/unit1,safety_only,20,0,-1.6029858589172363,medium,-0.28612256050109863
0.0,0.23609516024589539,1,task14b/seed10/medium/episode27/step20/unit2,safety_only,20,0,5.267803192138672,medium,0.9402686357498169
0.0,0.1304878294467926,0,task14b/seed10/medium/episode44/step25/unit2,safety_only,20,0,2.214057207107544,medium,0.4255821108818054
0.0,0.21731792390346527,1,task14b/seed10/medium/episode44/step4/unit0,safety_only,20,-1,-5.786158084869385,medium,-1.0327916145324707
0.0,0.2105981707572937,1,task14b/seed10/medium/episode44/step4/unit1,safety_only,20,0,-6.289876937866211,medium,-1.1227022409439087
0.0,0.2710895538330078,1,task14b/seed10/medium/episode28/step4/unit0,safety_only,20,0,-4.405026435852051,medium,-0.7862685918807983
0.0,0.2775569558143616,1,task14b/seed10/medium/episode28/step4/unit2,safety_only,20,0,-3.682441473007202,medium,-0.6572918891906738
0.0,0.261950820684433,2,task14b/seed10/medium/episode44/step0/unit0,safety_only,20,0,-3.4929556846618652,medium,-0.6661970019340515
0.0,0.2186759114265442,2,task14b/seed10/medium/episode44/step0/unit1,safety_only,20,0,-2.5039334297180176,medium,-0.47756487131118774
0.0,0.27404382824897766,1,task14b/seed10/medium/episode39/step28/unit2,safety_only,20,1,4.655368804931641,medium,0.8309531211853027
0.0,0.18329742550849915,0,task14b/seed10/medium/episode2/step30/unit2,safety_only,20,0,4.532751083374023,medium,0.8712772727012634
0.0,0.208622545003891,1,task14b/seed10/medium/episode12/step4/unit0,safety_only,20,0,-3.4025392532348633,medium,-0.6073311567306519
0.0,0.1821710765361786,1,task14b/seed10/medium/episode12/step4/unit1,safety_only,20,0,-4.073824405670166,medium,-0.7271512150764465
0.0,-0.06946063041687012,2,task14b/seed10/medium/episode24/step20/unit2,safety_only,20,0,-7.233062267303467,medium,-1.3795320987701416
0.0,0.18986119329929352,2,task14b/seed10/medium/episode35/step7/unit1,safety_only,20,0,-1.0018471479415894,medium,-0.19107815623283386
0.0,0.16742128133773804,2,task14b/seed10/medium/episode35/step7/unit2,safety_only,20,0,-0.8374840617179871,medium,-0.15972986817359924
0.0,0.20293289422988892,0,task14b/seed10/medium/episode22/step46/unit2,safety_only,20,0,5.87510347366333,medium,1.129301905632019
0.0,0.21515920758247375,2,task14b/seed10/time_pressure/episode44/step22/unit2,safety_only,20,0,14.588418006896973,time_pressure,2.782388687133789
0.0,0.3448989689350128,1,task14b/seed10/time_pressure/episode18/step26/unit2,safety_only,20,0,5.430225849151611,time_pressure,0.9692600965499878
0.0,0.0995231419801712,0,task14b/seed10/time_pressure/episode31/step21/unit2,safety_only,20,1,0.07947378605604172,time_pressure,0.015276309102773666
0.0,0.10077858716249466,2,task14b/seed10/time_pressure/episode41/step18/unit2,safety_only,20,0,-0.33631208539009094,time_pressure,-0.06414341181516647
0.0,-0.10514408349990845,2,task14b/seed10/time_pressure/episode28/step8/unit0,safety_only,20,0,-6.758514881134033,time_pressure,-1.2890236377716064
0.0,-0.06697168201208115,2,task14b/seed10/time_pressure/episode28/step8/unit2,safety_only,20,0,-1.3081915378570557,time_pressure,-0.24950596690177917
0.0,0.17737063765525818,2,task14b/seed10/time_pressure/episode16/step22/unit2,safety_only,20,0,-2.2039597034454346,time_pressure,-0.42035210132598877
0.0,0.23336832225322723,1,task14b/seed10/time_pressure/episode26/step20/unit2,safety_only,20,0,4.654748439788818,time_pressure,0.8308423757553101
0.0,0.16202004253864288,0,task14b/seed10/time_pressure/episode5/step22/unit2,safety_only,20,0,5.646949768066406,time_pressure,1.0854465961456299
0.0,0.1887730211019516,0,task14b/seed10/time_pressure/episode47/step24/unit2,safety_only,20,0,2.7677059173583984,time_pressure,0.5320034623146057
0.0,0.19445431232452393,2,task14b/seed10/time_pressure/episode44/step19/unit2,safety_only,20,0,12.402437210083008,time_pressure,2.3654656410217285
0.0,0.23953820765018463,1,task14b/seed10/time_pressure/episode41/step12/unit0,safety_only,20,-1,0.6743799448013306,time_pressure,0.12037243694067001
0.0,0.09252419322729111,0,task14b/seed10/time_pressure/episode3/step24/unit2,safety_only,20,1,2.383824348449707,time_pressure,0.4582144618034363
0.0,0.09530427306890488,0,task14b/seed10/time_pressure/episode12/step18/unit2,safety_only,20,0,-1.1916857957839966,time_pressure,-0.2290637195110321
0.0,0.16289296746253967,0,task14b/seed10/time_pressure/episode30/step0/unit1,safety_only,20,0,-3.0535037517547607,time_pressure,-0.5869390368461609
0.0,0.15356245636940002,2,task14b/seed10/heterogeneity_pressure/episode18/step5/unit0,safety_only,20,0,-2.0787155628204346,heterogeneity_pressure,-0.39646482467651367
0.0,0.16411802172660828,2,task14b/seed10/heterogeneity_pressure/episode18/step5/unit1,safety_only,20,0,2.1217539310455322,heterogeneity_pressure,0.40467333793640137
0.0,0.1345839649438858,2,task14b/seed10/heterogeneity_pressure/episode18/step5/unit2,safety_only,20,0,-1.5171198844909668,heterogeneity_pressure,-0.28935399651527405
0.0,0.2586197853088379,1,task14b/seed10/heterogeneity_pressure/episode10/step4/unit0,safety_only,20,0,-2.4945340156555176,heterogeneity_pressure,-0.44525811076164246
0.0,0.2196541577577591,1,task14b/seed10/heterogeneity_pressure/episode10/step4/unit1,safety_only,20,1,-2.090740919113159,heterogeneity_pressure,-0.3731836974620819
0.0,0.2361169010400772,1,task14b/seed10/heterogeneity_pressure/episode10/step4/unit2,safety_only,20,0,-2.1090452671051025,heterogeneity_pressure,-0.37645089626312256
0.0,0.35847529768943787,2,task14b/seed10/heterogeneity_pressure/episode10/step0/unit0,safety_only,20,0,-0.7251428961753845,heterogeneity_pressure,-0.1383035033941269
0.0,0.2746068239212036,2,task14b/seed10/heterogeneity_pressure/episode10/step0/unit1,safety_only,20,1,6.190728187561035,heterogeneity_pressure,1.180732011795044
0.0,0.1987188458442688,1,task14b/seed10/heterogeneity_pressure/episode40/step5/unit0,safety_only,20,0,-5.561530113220215,heterogeneity_pressure,-0.99269700050354
0.0,0.17864574491977692,1,task14b/seed10/heterogeneity_pressure/episode40/step5/unit1,safety_only,20,0,-6.477823734283447,heterogeneity_pressure,-1.1562495231628418
0.0,0.2573562562465668,1,task14b/seed10/heterogeneity_pressure/episode21/step5/unit0,safety_only,20,0,-2.6741390228271484,heterogeneity_pressure,-0.4773164689540863
0.0,0.23302298784255981,1,task14b/seed10/heterogeneity_pressure/episode21/step5/unit1,safety_only,20,0,-2.135254383087158,heterogeneity_pressure,-0.38112905621528625
0.0,0.2513546347618103,1,task14b/seed10/heterogeneity_pressure/episode21/step5/unit2,safety_only,20,-1,-3.293346881866455,heterogeneity_pressure,-0.5878410339355469
0.0,0.05851738154888153,2,task14b/seed10/heterogeneity_pressure/episode8/step6/unit0,safety_only,20,0,-0.649233341217041,heterogeneity_pressure,-0.12382558733224869
0.0,0.023322520777583122,2,task14b/seed10/heterogeneity_pressure/episode8/step6/unit1,safety_only,20,-1,4.560056209564209,heterogeneity_pressure,0.8697206377983093
0.0,0.15724965929985046,2,task14b/seed10/heterogeneity_pressure/episode8/step6/unit2,safety_only,20,0,5.843418121337891,heterogeneity_pressure,1.1144909858703613
0.0,0.20443379878997803,1,task14b/seed10/heterogeneity_pressure/episode40/step2/unit0,safety_only,20,0,-4.093443393707275,heterogeneity_pressure,-0.7306531071662903
0.0,0.26436173915863037,2,task14b/seed10/heterogeneity_pressure/episode32/step32/unit2,safety_only,20,1,0.1479516625404358,heterogeneity_pressure,0.028218209743499756
0.0,0.1494278460741043,0,task14b/seed10/heterogeneity_pressure/episode8/step3/unit0,safety_only,20,0,-2.1414365768432617,heterogeneity_pressure,-0.4116230905056
0.0,0.2927061915397644,1,task14b/seed10/heterogeneity_pressure/episode4/step6/unit0,safety_only,20,0,-1.1858218908309937,heterogeneity_pressure,-0.21166151762008667
0.0,0.09373428672552109,0,task14b/seed10/heterogeneity_pressure/episode27/step5/unit0,safety_only,20,0,-0.959676206111908,heterogeneity_pressure,-0.18446724116802216
0.0,0.05094477906823158,0,task14b/seed10/heterogeneity_pressure/episode27/step5/unit1,safety_only,20,-1,-1.532813310623169,heterogeneity_pressure,-0.2946346402168274
0.0,0.07497725635766983,0,task14b/seed10/heterogeneity_pressure/episode27/step5/unit2,safety_only,20,0,-1.76864492893219,heterogeneity_pressure,-0.3399657607078552
0.0,0.1653686910867691,0,task14b/seed10/heterogeneity_pressure/episode2/step2/unit0,safety_only,20,0,-2.7977662086486816,heterogeneity_pressure,-0.5377815961837769
0.0,0.1679590344429016,0,task14b/seed10/heterogeneity_pressure/episode2/step2/unit2,safety_only,20,0,-2.834758758544922,heterogeneity_pressure,-0.5448922514915466
0.0,0.24789942800998688,1,task14b/seed10/heterogeneity_pressure/episode5/step6/unit0,safety_only,20,0,-2.7876367568969727,heterogeneity_pressure,-0.497575044631958
0.0,0.2080281525850296,1,task14b/seed10/heterogeneity_pressure/episode5/step6/unit1,safety_only,20,0,-2.560883045196533,heterogeneity_pressure,-0.4571010172367096
0.0,0.155549556016922,0,task14b/seed10/heterogeneity_pressure/episode36/step49/unit2,safety_only,20,0,1.3719221353530884,heterogeneity_pressure,0.2637084126472473
0.13326677680015564,0.2513628900051117,2,task14u/seed8/medium/episode25/step23/unit0,global_budget,20,0,-3.0865039825439453,medium,-0.7182455658912659
0.13326677680015564,0.26510196924209595,2,task14u/seed8/medium/episode25/step23/unit2,global_budget,20,1,0.7971723675727844,medium,0.01538991928100586
0.12880833446979523,0.24750898778438568,1,task14u/seed8/medium/episode0/step26/unit2,global_budget,20,0,4.419792175292969,medium,0.6940124034881592
0.12885546684265137,0.23245343565940857,0,task14u/seed8/medium/episode18/step31/unit2,global_budget,20,0,2.0410232543945312,medium,0.3040444850921631
0.13326677680015564,0.22513549029827118,2,task14u/seed8/medium/episode5/step12/unit2,global_budget,20,0,-1.0130895376205444,medium,-0.309272438287735
0.13326677680015564,0.09732668846845627,2,task14u/seed8/medium/episode21/step37/unit2,global_budget,20,0,-4.892435073852539,medium,-0.9832826852798462
0.13326677680015564,0.14130447804927826,2,task14u/seed8/medium/episode30/step17/unit2,global_budget,20,1,-4.671665191650391,medium,-0.9638452529907227
0.12885546684265137,0.27127179503440857,0,task14u/seed8/medium/episode20/step26/unit2,global_budget,20,1,3.0964291095733643,medium,0.49217087030410767
0.12880833446979523,0.24608920514583588,1,task14u/seed8/medium/episode1/step27/unit2,global_budget,20,0,0.9904571771621704,medium,0.08244265615940094
0.12880833446979523,0.21946942806243896,1,task14u/seed8/medium/episode20/step18/unit1,global_budget,20,-1,4.02872371673584,medium,0.6349591612815857
0.12880833446979523,0.24549917876720428,1,task14u/seed8/medium/episode20/step18/unit2,global_budget,20,0,4.002880096435547,medium,0.6203668117523193
0.12885546684265137,0.2713945209980011,0,task14u/seed8/medium/episode35/step38/unit2,global_budget,20,0,4.3644561767578125,medium,0.7358621954917908
0.12885546684265137,0.19452844560146332,0,task14u/seed8/medium/episode24/step30/unit2,global_budget,20,0,4.1562089920043945,medium,0.7250242233276367
0.12880833446979523,0.22233332693576813,1,task14u/seed8/time_pressure/episode6/step1/unit0,global_budget,20,-1,-3.6607630252838135,time_pressure,-0.7386622428894043
0.12880833446979523,0.19324064254760742,1,task14u/seed8/time_pressure/episode6/step1/unit1,global_budget,20,0,-2.629227876663208,time_pressure,-0.5433861017227173
0.12880833446979523,0.2549000382423401,1,task14u/seed8/time_pressure/episode12/step0/unit0,global_budget,20,0,-2.275019645690918,time_pressure,-0.5038017630577087
0.12880833446979523,0.23847322165966034,1,task14u/seed8/time_pressure/episode12/step0/unit1,global_budget,20,0,-2.0881693363189697,time_pressure,-0.4641523063182831
0.12880833446979523,0.29250460863113403,1,task14u/seed8/time_pressure/episode35/step22/unit2,global_budget,20,0,0.8078305125236511,time_pressure,0.03204989433288574
0.13326677680015564,0.3298524022102356,2,task14u/seed8/time_pressure/episode19/step23/unit2,global_budget,20,1,3.1308205127716064,time_pressure,0.4271002411842346
0.12885546684265137,0.17955893278121948,0,task14u/seed8/time_pressure/episode4/step5/unit0,global_budget,20,-1,-2.720554828643799,time_pressure,-0.5911301374435425
0.12885546684265137,0.15306736528873444,0,task14u/seed8/time_pressure/episode4/step5/unit1,global_budget,20,0,-1.7329998016357422,time_pressure,-0.3912435472011566
0.12880833446979523,0.2692375183105469,1,task14u/seed8/time_pressure/episode33/step18/unit0,global_budget,20,-1,3.5962018966674805,time_pressure,0.538676381111145
0.12880833446979523,0.25845810770988464,1,task14u/seed8/time_pressure/episode27/step7/unit0,global_budget,20,0,0.5273646712303162,time_pressure,-0.004958435893058777
0.12880833446979523,0.24458655714988708,1,task14u/seed8/time_pressure/episode27/step7/unit2,global_budget,20,1,1.7195566892623901,time_pressure,0.2131582796573639
0.12885546684265137,0.28072217106819153,0,task14u/seed8/time_pressure/episode2/step25/unit2,global_budget,20,0,6.724204063415527,time_pressure,1.1859064102172852
0.13326677680015564,0.21028833091259003,2,task14u/seed8/time_pressure/episode15/step15/unit2,global_budget,20,1,1.1556167602539062,time_pressure,0.1120091900229454
0.12885546684265137,0.26959916949272156,0,task14u/seed8/time_pressure/episode27/step12/unit0,global_budget,20,0,-1.2417354583740234,time_pressure,-0.3410681486129761
0.12885546684265137,0.2678169310092926,0,task14u/seed8/time_pressure/episode27/step12/unit2,global_budget,20,1,-0.12028282135725021,time_pressure,-0.12482768297195435
0.13326677680015564,0.2399173080921173,2,task14u/seed8/time_pressure/episode22/step8/unit0,global_budget,20,0,-1.8635475635528564,time_pressure,-0.47909632325172424
0.13326677680015564,0.28974437713623047,2,task14u/seed8/time_pressure/episode22/step8/unit1,global_budget,20,-1,2.961298704147339,time_pressure,0.41544246673583984
0.13326677680015564,0.285823255777359,2,task14u/seed8/time_pressure/episode22/step8/unit2,global_budget,20,0,1.7658933401107788,time_pressure,0.18946892023086548
0.12885546684265137,0.28513282537460327,0,task14u/seed8/heterogeneity_pressure/episode20/step29/unit0,global_budget,20,1,4.643774509429932,heterogeneity_pressure,0.7843348979949951
0.12885546684265137,0.30811676383018494,0,task14u/seed8/heterogeneity_pressure/episode20/step29/unit2,global_budget,20,-1,6.687073230743408,heterogeneity_pressure,1.168365716934204
0.13326677680015564,0.1597636640071869,2,task14u/seed8/heterogeneity_pressure/episode35/step28/unit2,global_budget,20,0,1.0700639486312866,heterogeneity_pressure,0.12173589318990707
0.12885546684265137,0.2421698123216629,0,task14u/seed8/heterogeneity_pressure/episode16/step48/unit2,global_budget,20,0,7.376127243041992,heterogeneity_pressure,1.3258585929870605
0.12885546684265137,0.33026590943336487,0,task14u/seed8/heterogeneity_pressure/episode12/step25/unit2,global_budget,20,1,7.219091892242432,heterogeneity_pressure,1.2622179985046387
0.12880833446979523,0.2289240062236786,1,task14u/seed8/heterogeneity_pressure/episode21/step21/unit2,global_budget,20,0,-1.0625203847885132,heterogeneity_pressure,-0.2774195969104767
0.13326677680015564,0.11953045427799225,2,task14u/seed8/heterogeneity_pressure/episode4/step5/unit0,global_budget,20,0,-3.0099968910217285,heterogeneity_pressure,-0.6356983780860901
0.13326677680015564,0.13102185726165771,2,task14u/seed8/heterogeneity_pressure/episode4/step5/unit2,global_budget,20,0,-1.3506971597671509,heterogeneity_pressure,-0.32515040040016174
0.12885546684265137,0.28218477964401245,0,task14u/seed8/heterogeneity_pressure/episode6/step38/unit2,global_budget,20,0,5.213173866271973,heterogeneity_pressure,0.8949034810066223
0.12880833446979523,0.24387076497077942,1,task14u/seed8/heterogeneity_pressure/episode25/step17/unit2,global_budget,20,0,1.7318246364593506,heterogeneity_pressure,0.2156224548816681
0.12880833446979523,0.28654536604881287,1,task14u/seed8/heterogeneity_pressure/episode11/step49/unit2,global_budget,20,0,2.262505292892456,heterogeneity_pressure,0.293984591960907
0.12885546684265137,0.2655746638774872,0,task14u/seed8/heterogeneity_pressure/episode19/step11/unit0,global_budget,20,0,2.393044948577881,heterogeneity_pressure,0.35913121700286865
0.13326677680015564,0.11283989250659943,2,task14u/seed8/heterogeneity_pressure/episode30/step25/unit2,global_budget,20,0,-7.360118389129639,heterogeneity_pressure,-1.461930274963379
0.12885546684265137,0.22308534383773804,0,task14u/seed10/medium/episode30/step5/unit0,global_budget,20,0,-4.253641128540039,medium,-0.9023470282554626
0.12885546684265137,0.2163010984659195,0,task14u/seed10/medium/episode30/step5/unit1,global_budget,20,0,-2.461679697036743,medium,-0.5553229451179504
0.12880833446979523,0.20308148860931396,1,task14u/seed10/medium/episode33/step12/unit2,global_budget,20,-1,-0.8481299877166748,medium,-0.22924458980560303
0.12885546684265137,0.20959746837615967,0,task14u/seed10/medium/episode32/step36/unit2,global_budget,20,0,0.25908806920051575,medium,-0.029796052724123
0.13326677680015564,0.22117170691490173,2,task14u/seed10/medium/episode21/step6/unit1,global_budget,20,-1,1.1057887077331543,medium,0.09689565747976303
0.13326677680015564,0.28519585728645325,2,task14u/seed10/medium/episode21/step6/unit2,global_budget,20,0,4.461856842041016,medium,0.7039822936058044
0.13326677680015564,0.10909879207611084,2,task14u/seed10/medium/episode35/step28/unit2,global_budget,20,0,-0.9460745453834534,medium,-0.23667778074741364
0.12885546684265137,0.18421624600887299,0,task14u/seed10/medium/episode8/step13/unit2,global_budget,20,0,-1.703869104385376,medium,-0.3974733054637909
0.12885546684265137,0.25803500413894653,0,task14u/seed10/medium/episode13/step19/unit2,global_budget,20,0,4.37294340133667,medium,0.7425670623779297
0.13326677680015564,0.062020640820264816,2,task14u/seed10/medium/episode19/step7/unit0,global_budget,20,-1,-5.392791271209717,medium,-1.0605144500732422
0.13326677680015564,0.11067667603492737,2,task14u/seed10/medium/episode19/step7/unit2,global_budget,20,-1,-1.708027720451355,medium,-0.38281530141830444
0.12885546684265137,0.29283156991004944,0,task14u/seed10/medium/episode9/step0/unit0,global_budget,20,0,-4.160930633544922,medium,-0.9110134243965149
0.12885546684265137,0.2787880301475525,0,task14u/seed10/medium/episode9/step0/unit1,global_budget,20,0,-3.2768490314483643,medium,-0.7357436418533325
0.13326677680015564,0.26381808519363403,2,task14u/seed10/medium/episode28/step24/unit2,global_budget,20,0,4.772590637207031,medium,0.77426677942276
0.13326677680015564,0.07582792639732361,2,task14u/seed10/medium/episode17/step30/unit2,global_budget,20,0,-2.504148483276367,medium,-0.5166926980018616
0.12880833446979523,0.16807100176811218,1,task14u/seed10/time_pressure/episode32/step15/unit2,global_budget,20,0,3.337979793548584,time_pressure,0.5313714146614075
0.12880833446979523,0.29542654752731323,1,task14u/seed10/time_pressure/episode28/step12/unit0,global_budget,20,-1,1.312125563621521,time_pressure,0.12094304710626602
0.12880833446979523,0.27364587783813477,1,task14u/seed10/time_pressure/episode28/step12/unit1,global_budget,20,-1,1.6899893283843994,time_pressure,0.19673973321914673
0.12880833446979523,0.26811450719833374,1,task14u/seed10/time_pressure/episode28/step12/unit2,global_budget,20,0,1.3263847827911377,time_pressure,0.1339593231678009
0.13326677680015564,0.17065244913101196,2,task14u/seed10/time_pressure/episode20/step18/unit2,global_budget,20,0,-0.9690132737159729,time_pressure,-0.27278169989585876
0.12880833446979523,0.2613336741924286,1,task14u/seed10/time_pressure/episode27/step14/unit2,global_budget,20,0,-1.634283185005188,time_pressure,-0.39190101623535156
0.13326677680015564,0.23253783583641052,2,task14u/seed10/time_pressure/episode1/step27/unit2,global_budget,20,0,10.850204467773438,time_pressure,1.9495489597320557
0.12880833446979523,0.28265640139579773,1,task14u/seed10/time_pressure/episode18/step12/unit2,global_budget,20,0,2.5159902572631836,time_pressure,0.3407209813594818
0.13326677680015564,0.12273391336202621,2,task14u/seed10/time_pressure/episode30/step14/unit2,global_budget,20,0,-10.121524810791016,time_pressure,-1.9937019348144531
0.12885546684265137,0.1952279955148697,0,task14u/seed10/time_pressure/episode0/step17/unit2,global_budget,20,0,0.7201221585273743,time_pressure,0.06428010016679764
0.12885546684265137,0.16491423547267914,0,task14u/seed10/time_pressure/episode27/step15/unit2,global_budget,20,0,-3.098506212234497,time_pressure,-0.6582177877426147
0.12880833446979523,0.2678850293159485,1,task14u/seed10/time_pressure/episode8/step25/unit2,global_budget,20,0,2.5393455028533936,time_pressure,0.35055291652679443
0.12885546684265137,0.18419675529003143,0,task14u/seed10/time_pressure/episode6/step3/unit0,global_budget,20,0,-3.1434500217437744,time_pressure,-0.6741795539855957
0.12885546684265137,0.16561831533908844,0,task14u/seed10/time_pressure/episode6/step3/unit1,global_budget,20,0,-1.6631428003311157,time_pressure,-0.3825821280479431
0.12880833446979523,0.20605060458183289,1,task14u/seed10/heterogeneity_pressure/episode12/step30/unit2,global_budget,20,0,1.4700666666030884,heterogeneity_pressure,0.18340012431144714
0.13326677680015564,0.09359386563301086,2,task14u/seed10/heterogeneity_pressure/episode28/step27/unit2,global_budget,20,0,-4.608394622802734,heterogeneity_pressure,-0.9271846413612366
0.13326677680015564,0.13365401327610016,2,task14u/seed10/heterogeneity_pressure/episode9/step4/unit1,global_budget,20,0,-1.9231938123703003,heterogeneity_pressure,-0.43569713830947876
0.13326677680015564,0.15770173072814941,2,task14u/seed10/heterogeneity_pressure/episode9/step4/unit2,global_budget,20,0,-1.021920919418335,heterogeneity_pressure,-0.2761968672275543
0.12885546684265137,0.18969401717185974,0,task14u/seed10/heterogeneity_pressure/episode16/step10/unit2,global_budget,20,0,-0.5480141639709473,heterogeneity_pressure,-0.17737719416618347
0.13326677680015564,0.09759338945150375,2,task14u/seed10/heterogeneity_pressure/episode19/step13/unit2,global_budget,20,0,-0.2027807980775833,heterogeneity_pressure,-0.08898176997900009
0.12880833446979523,0.252247154712677,1,task14u/seed10/heterogeneity_pressure/episode31/step34/unit2,global_budget,20,0,4.3749775886535645,heterogeneity_pressure,0.6841967105865479
0.12885546684265137,0.2130468338727951,0,task14u/seed10/heterogeneity_pressure/episode12/step24/unit2,global_budget,20,0,1.5880746841430664,heterogeneity_pressure,0.22434943914413452
0.12885546684265137,0.18856914341449738,0,task14u/seed10/heterogeneity_pressure/episode16/step29/unit2,global_budget,20,0,1.5816709995269775,heterogeneity_pressure,0.23241427540779114
0.12885546684265137,0.2227763533592224,0,task14u/seed10/heterogeneity_pressure/episode16/step7/unit0,global_budget,20,0,-1.6015782356262207,heterogeneity_pressure,-0.3924548625946045
0.12885546684265137,0.23171110451221466,0,task14u/seed10/heterogeneity_pressure/episode16/step7/unit2,global_budget,20,0,0.3713192641735077,heterogeneity_pressure,-0.016621127724647522
0.13326677680015564,0.09049666672945023,2,task14u/seed10/heterogeneity_pressure/episode10/step24/unit2,global_budget,20,0,-9.72011661529541,heterogeneity_pressure,-1.9005258083343506
0.12885546684265137,0.21302179992198944,0,task14u/seed10/heterogeneity_pressure/episode9/step1/unit0,global_budget,20,0,-5.049695014953613,heterogeneity_pressure,-1.0515413284301758
0.12885546684265137,0.20403936505317688,0,task14u/seed10/heterogeneity_pressure/episode9/step1/unit1,global_budget,20,0,-4.6080322265625,heterogeneity_pressure,-0.9632344245910645
0.13326677680015564,0.16377529501914978,2,task14b/seed8/medium/episode26/step38/unit2,global_budget,20,1,8.681357383728027,medium,1.5713386535644531
0.12880833446979523,0.21393202245235443,1,task14b/seed8/medium/episode15/step27/unit2,global_budget,20,1,5.247646331787109,medium,0.854651927947998
0.12880833446979523,0.22415409982204437,1,task14b/seed8/medium/episode40/step32/unit2,global_budget,20,1,1.0194464921951294,medium,0.096026711165905
0.12880833446979523,0.20707803964614868,1,task14b/seed8/medium/episode28/step33/unit2,global_budget,20,1,5.991257190704346,medium,0.9900094270706177
0.13326677680015564,0.2993212342262268,2,task14b/seed8/medium/episode46/step31/unit0,global_budget,20,-1,3.402819871902466,medium,0.4947153925895691
0.13326677680015564,0.3160918951034546,2,task14b/seed8/medium/episode46/step31/unit2,global_budget,20,1,6.297859191894531,medium,1.0382294654846191
0.12885546684265137,0.26497307419776917,0,task14b/seed8/medium/episode42/step20/unit2,global_budget,20,1,0.7583509683609009,medium,0.04514172673225403
0.12885546684265137,0.1969698816537857,0,task14b/seed8/medium/episode32/step24/unit2,global_budget,20,1,-1.9809764623641968,medium,-0.4555817246437073
0.12880833446979523,0.2768469750881195,1,task14b/seed8/medium/episode30/step38/unit2,global_budget,20,1,4.359305381774902,medium,0.6719680428504944
0.13326677680015564,0.16728661954402924,2,task14b/seed8/medium/episode26/step35/unit2,global_budget,20,1,8.538708686828613,medium,1.5423216819763184
0.12885546684265137,0.2226753830909729,0,task14b/seed8/medium/episode39/step28/unit2,global_budget,20,1,3.897336721420288,medium,0.6645750403404236
0.12885546684265137,0.22242407500743866,0,task14b/seed8/medium/episode28/step30/unit2,global_budget,20,1,4.067422389984131,medium,0.697364091873169
0.12885546684265137,0.1769569367170334,0,task14b/seed8/medium/episode15/step24/unit2,global_budget,20,1,4.480485916137695,medium,0.7940292358398438
0.12880833446979523,0.24585090577602386,1,task14b/seed8/medium/episode46/step27/unit0,global_budget,20,0,1.5285991430282593,medium,0.1785888671875
0.12880833446979523,0.2357618361711502,1,task14b/seed8/medium/episode46/step27/unit2,global_budget,20,1,0.7621715068817139,medium,0.0456545352935791
0.13326677680015564,0.15377333760261536,2,task14b/seed8/medium/episode8/step25/unit2,global_budget,20,0,-1.9747737646102905,medium,-0.45590561628341675
0.12885546684265137,0.28010672330856323,0,task14b/seed8/time_pressure/episode15/step17/unit1,global_budget,20,-1,4.877692222595215,time_pressure,0.8312069177627563
0.12885546684265137,0.300354927778244,0,task14b/seed8/time_pressure/episode15/step17/unit2,global_budget,20,1,4.682451248168945,time_pressure,0.7859885096549988
0.12885546684265137,0.2855364680290222,0,task14b/seed8/time_pressure/episode36/step32/unit2,global_budget,20,1,2.6180100440979004,time_pressure,0.3947928249835968
0.13326677680015564,0.22905398905277252,2,task14b/seed8/time_pressure/episode17/step37/unit2,global_budget,20,1,7.762956142425537,time_pressure,1.3625266551971436
0.13326677680015564,0.2900269329547882,2,task14b/seed8/time_pressure/episode15/step24/unit0,global_budget,20,1,4.289267539978027,time_pressure,0.6685747504234314
0.13326677680015564,0.31070300936698914,2,task14b/seed8/time_pressure/episode15/step24/unit2,global_budget,20,1,7.443534851074219,time_pressure,1.2595173120498657
0.12880833446979523,0.2586623430252075,1,task14b/seed8/time_pressure/episode34/step27/unit2,global_budget,20,1,5.393640041351318,time_pressure,0.8635618686676025
0.12885546684265137,0.2267194390296936,0,task14b/seed8/time_pressure/episode38/step24/unit0,global_budget,20,0,3.938375234603882,time_pressure,0.6709276437759399
0.12885546684265137,0.2171240597963333,0,task14b/seed8/time_pressure/episode38/step24/unit2,global_budget,20,1,3.669100046157837,time_pressure,0.622812032699585
0.12885546684265137,0.2473292499780655,0,task14b/seed8/time_pressure/episode28/step19/unit0,global_budget,20,0,0.374767929315567,time_pressure,-0.02188943326473236
0.12885546684265137,0.23006626963615417,0,task14b/seed8/time_pressure/episode28/step19/unit1,global_budget,20,0,1.2533684968948364,time_pressure,0.153549462556839
0.12885546684265137,0.2555684447288513,0,task14b/seed8/time_pressure/episode28/step19/unit2,global_budget,20,0,2.9475882053375244,time_pressure,0.4695245027542114
0.12880833446979523,0.20086941123008728,1,task14b/seed8/time_pressure/episode46/step29/unit2,global_budget,20,1,4.07351541519165,time_pressure,0.6500852108001709
0.13326677680015564,0.24069155752658844,2,task14b/seed8/time_pressure/episode39/step15/unit2,global_budget,20,1,13.224053382873535,time_pressure,2.3981003761291504
0.13326677680015564,0.17798016965389252,2,task14b/seed8/time_pressure/episode21/step23/unit2,global_budget,20,1,4.486592769622803,time_pressure,0.7639663219451904
0.12885546684265137,0.2541773021221161,0,task14b/seed8/time_pressure/episode47/step21/unit2,global_budget,20,1,3.836134433746338,time_pressure,0.6408476233482361
0.12880833446979523,0.21225830912590027,1,task14b/seed8/time_pressure/episode3/step0/unit0,global_budget,20,0,-3.17199444770813,time_pressure,-0.6475576162338257
0.12880833446979523,0.18431603908538818,1,task14b/seed8/time_pressure/episode3/step0/unit1,global_budget,20,0,-3.6445679664611816,time_pressure,-0.721196174621582
0.12885546684265137,0.18140384554862976,0,task14b/seed8/time_pressure/episode14/step20/unit2,global_budget,20,0,0.2913399636745453,time_pressure,-0.012889731675386429
0.13326677680015564,0.25055384635925293,2,task14b/seed8/time_pressure/episode44/step45/unit2,global_budget,20,1,6.900851726531982,time_pressure,1.1870185136795044
0.12880833446979523,0.24955059587955475,1,task14b/seed8/heterogeneity_pressure/episode21/step26/unit0,global_budget,20,0,2.2889726161956787,heterogeneity_pressure,0.31289219856262207
0.12880833446979523,0.2459266036748886,1,task14b/seed8/heterogeneity_pressure/episode21/step26/unit2,global_budget,20,0,1.9429092407226562,heterogeneity_pressure,0.25251150131225586
0.12880833446979523,0.25946637988090515,1,task14b/seed8/heterogeneity_pressure/episode14/step39/unit2,global_budget,20,0,3.5915348529815674,heterogeneity_pressure,0.5415894985198975
0.13326677680015564,0.25930842757225037,2,task14b/seed8/heterogeneity_pressure/episode42/step28/unit2,global_budget,20,1,4.317254066467285,heterogeneity_pressure,0.6897469162940979
0.12885546684265137,0.2473192811012268,0,task14b/seed8/heterogeneity_pressure/episode13/step37/unit2,global_budget,20,1,4.6971540451049805,heterogeneity_pressure,0.808955729007721
0.12880833446979523,0.28985336422920227,1,task14b/seed8/heterogeneity_pressure/episode26/step31/unit2,global_budget,20,1,1.8030773401260376,heterogeneity_pressure,0.21071144938468933
0.12885546684265137,0.21727006137371063,0,task14b/seed8/heterogeneity_pressure/episode31/step37/unit2,global_budget,20,0,3.7931206226348877,heterogeneity_pressure,0.6465955972671509
0.13326677680015564,0.391685426235199,2,task14b/seed8/heterogeneity_pressure/episode5/step18/unit0,global_budget,20,0,6.467101573944092,heterogeneity_pressure,1.0315423011779785
0.13326677680015564,0.41863515973091125,2,task14b/seed8/heterogeneity_pressure/episode5/step18/unit2,global_budget,20,0,7.8296074867248535,heterogeneity_pressure,1.2775157690048218
0.12885546684265137,0.18219256401062012,0,task14b/seed8/heterogeneity_pressure/episode41/step27/unit2,global_budget,20,1,2.2460029125213623,heterogeneity_pressure,0.3625325560569763
0.12880833446979523,0.2636425197124481,1,task14b/seed8/heterogeneity_pressure/episode6/step25/unit2,global_budget,20,0,1.3072935342788696,heterogeneity_pressure,0.13226616382598877
0.12885546684265137,0.20918259024620056,0,task14b/seed8/heterogeneity_pressure/episode30/step32/unit2,global_budget,20,1,3.1672801971435547,heterogeneity_pressure,0.5293689966201782
0.13326677680015564,0.1309622824192047,2,task14b/seed8/heterogeneity_pressure/episode31/step29/unit2,global_budget,20,0,-2.212998151779175,heterogeneity_pressure,-0.4895828068256378
0.13326677680015564,0.11551559716463089,2,task14b/seed8/heterogeneity_pressure/episode33/step49/unit2,global_budget,20,1,5.902334213256836,heterogeneity_pressure,1.0661832094192505
0.12880833446979523,0.19851084053516388,1,task14b/seed8/heterogeneity_pressure/episode29/step0/unit0,global_budget,20,0,-5.536646366119385,heterogeneity_pressure,-1.0643620491027832
0.13326677680015564,0.12030236423015594,2,task14b/seed8/heterogeneity_pressure/episode43/step49/unit2,global_budget,20,0,6.908019542694092,heterogeneity_pressure,1.255526065826416
0.12880833446979523,0.20593313872814178,1,task14b/seed10/medium/episode9/step27/unit2,global_budget,20,0,1.7200679779052734,medium,0.2280687689781189
0.12885546684265137,0.17704038321971893,0,task14b/seed10/medium/episode20/step25/unit2,global_budget,20,0,1.6033709049224854,medium,0.24096357822418213
0.12880833446979523,0.21615557372570038,1,task14b/seed10/medium/episode33/step0/unit0,global_budget,20,0,-0.889454185962677,medium,-0.24163314700126648
0.12880833446979523,0.20956595242023468,1,task14b/seed10/medium/episode33/step0/unit1,global_budget,20,0,-0.5470110177993774,medium,-0.1779828667640686
0.12880833446979523,0.20456551015377045,1,task14b/seed10/medium/episode27/step20/unit2,global_budget,20,0,5.783892631530762,medium,0.9539594054222107
0.12885546684265137,0.18806156516075134,0,task14b/seed10/medium/episode44/step25/unit2,global_budget,20,0,2.5437653064727783,medium,0.4175390899181366
0.12880833446979523,0.18255025148391724,1,task14b/seed10/medium/episode44/step4/unit0,global_budget,20,-1,-5.417963027954102,medium,-1.037058711051941
0.12880833446979523,0.17394597828388214,1,task14b/seed10/medium/episode44/step4/unit1,global_budget,20,0,-5.850849628448486,medium,-1.111027479171753
0.12880833446979523,0.24514608085155487,1,task14b/seed10/medium/episode28/step4/unit0,global_budget,20,0,-3.946073532104492,medium,-0.7983344197273254
0.12880833446979523,0.25256550312042236,1,task14b/seed10/medium/episode28/step4/unit2,global_budget,20,0,-3.6255719661712646,medium,-0.7439714670181274
0.13326677680015564,0.17383956909179688,2,task14b/seed10/medium/episode44/step0/unit0,global_budget,20,0,-8.17169189453125,medium,-1.6481616497039795
0.13326677680015564,0.18932338058948517,2,task14b/seed10/medium/episode44/step0/unit1,global_budget,20,0,-5.7770233154296875,medium,-1.1994178295135498
0.12880833446979523,0.24421432614326477,1,task14b/seed10/medium/episode39/step28/unit2,global_budget,20,1,4.069005012512207,medium,0.632662296295166
0.12885546684265137,0.23660676181316376,0,task14b/seed10/medium/episode2/step30/unit2,global_budget,20,0,5.071681022644043,medium,0.8850147724151611
0.12880833446979523,0.17360587418079376,1,task14b/seed10/medium/episode12/step4/unit0,global_budget,20,0,-2.881558656692505,medium,-0.5808978080749512
0.12880833446979523,0.14261631667613983,1,task14b/seed10/medium/episode12/step4/unit1,global_budget,20,0,-3.350762128829956,medium,-0.6527665853500366
0.13326677680015564,0.1627737581729889,2,task14b/seed10/medium/episode24/step20/unit2,global_budget,20,0,-4.021872043609619,medium,-0.8509795665740967
0.13326677680015564,0.1862318366765976,2,task14b/seed10/medium/episode35/step7/unit1,global_budget,20,0,0.12108293920755386,medium,-0.07290282100439072
0.13326677680015564,0.24511119723320007,2,task14b/seed10/medium/episode35/step7/unit2,global_budget,20,0,4.071348667144775,medium,0.6501646041870117
0.12885546684265137,0.23676829040050507,0,task14b/seed10/medium/episode22/step46/unit2,global_budget,20,0,6.379467010498047,medium,1.136333703994751
0.13326677680015564,0.22350656986236572,2,task14b/seed10/time_pressure/episode44/step22/unit2,global_budget,20,0,11.057374954223633,time_pressure,1.993717074394226
0.12880833446979523,0.32716768980026245,1,task14b/seed10/time_pressure/episode18/step26/unit2,global_budget,20,0,5.123400688171387,time_pressure,0.7890617251396179
0.12885546684265137,0.1712503284215927,0,task14b/seed10/time_pressure/episode31/step21/unit2,global_budget,20,1,0.7469507455825806,time_pressure,0.07854288816452026
0.13326677680015564,0.18997995555400848,2,task14b/seed10/time_pressure/episode41/step18/unit2,global_budget,20,0,3.67067813873291,time_pressure,0.6021647453308105
0.13326677680015564,0.139366015791893,2,task14b/seed10/time_pressure/episode28/step8/unit0,global_budget,20,0,-4.148598670959473,time_pressure,-0.8630837798118591
0.13326677680015564,0.13839124143123627,2,task14b/seed10/time_pressure/episode28/step8/unit2,global_budget,20,0,-0.3590143620967865,time_pressure,-0.1398095190525055
0.13326677680015564,0.16351574659347534,2,task14b/seed10/time_pressure/episode16/step22/unit2,global_budget,20,0,-0.42077961564064026,time_pressure,-0.1645406186580658
0.12880833446979523,0.1953229010105133,1,task14b/seed10/time_pressure/episode26/step20/unit2,global_budget,20,0,5.062612056732178,time_pressure,0.8287590742111206
0.12885546684265137,0.20041699707508087,0,task14b/seed10/time_pressure/episode5/step22/unit2,global_budget,20,0,5.7204179763793945,time_pressure,1.023457407951355
0.12885546684265137,0.24113786220550537,0,task14b/seed10/time_pressure/episode47/step24/unit2,global_budget,20,0,3.500945806503296,time_pressure,0.5813701748847961
0.13326677680015564,0.21009910106658936,2,task14b/seed10/time_pressure/episode44/step19/unit2,global_budget,20,0,9.727665901184082,time_pressure,1.7470182180404663
0.12880833446979523,0.2095155566930771,1,task14b/seed10/time_pressure/episode41/step12/unit0,global_budget,20,-1,0.8659201860427856,time_pressure,0.07423548400402069
0.12885546684265137,0.15405982732772827,0,task14b/seed10/time_pressure/episode3/step24/unit2,global_budget,20,1,2.5964958667755127,time_pressure,0.44058749079704285
0.12885546684265137,0.1814865618944168,0,task14b/seed10/time_pressure/episode12/step18/unit2,global_budget,20,0,0.06240564584732056,time_pressure,-0.05692649632692337
0.12885546684265137,0.22475425899028778,0,task14b/seed10/time_pressure/episode30/step0/unit1,global_budget,20,0,-4.408000946044922,time_pressure,-0.9326515793800354
0.13326677680015564,0.14116573333740234,2,task14b/seed10/heterogeneity_pressure/episode18/step5/unit0,global_budget,20,0,-1.391367793083191,heterogeneity_pressure,-0.3381361961364746
0.13326677680015564,0.1742035448551178,2,task14b/seed10/heterogeneity_pressure/episode18/step5/unit1,global_budget,20,0,2.5013749599456787,heterogeneity_pressure,0.3872806131839752
0.13326677680015564,0.1898031234741211,2,task14b/seed10/heterogeneity_pressure/episode18/step5/unit2,global_budget,20,0,5.471879482269287,heterogeneity_pressure,0.9457916021347046
0.12880833446979523,0.2274266481399536,1,task14b/seed10/heterogeneity_pressure/episode10/step4/unit0,global_budget,20,0,-1.8282674551010132,heterogeneity_pressure,-0.41352641582489014
0.12880833446979523,0.18454812467098236,1,task14b/seed10/heterogeneity_pressure/episode10/step4/unit1,global_budget,20,1,-1.3619722127914429,heterogeneity_pressure,-0.3138566315174103
0.12880833446979523,0.20296862721443176,1,task14b/seed10/heterogeneity_pressure/episode10/step4/unit2,global_budget,20,0,-1.8570951223373413,heterogeneity_pressure,-0.40929505228996277
0.13326677680015564,0.2329639345407486,2,task14b/seed10/heterogeneity_pressure/episode10/step0/unit0,global_budget,20,0,-2.4430429935455322,heterogeneity_pressure,-0.5860368609428406
0.13326677680015564,0.20019592344760895,2,task14b/seed10/heterogeneity_pressure/episode10/step0/unit1,global_budget,20,1,0.6562860608100891,heterogeneity_pressure,0.02197621762752533
0.12880833446979523,0.1639038771390915,1,task14b/seed10/heterogeneity_pressure/episode40/step5/unit0,global_budget,20,0,-5.148592948913574,heterogeneity_pressure,-0.9818291068077087
0.12880833446979523,0.14159169793128967,1,task14b/seed10/heterogeneity_pressure/episode40/step5/unit1,global_budget,20,0,-6.197469711303711,heterogeneity_pressure,-1.1604925394058228
0.12880833446979523,0.226276695728302,1,task14b/seed10/heterogeneity_pressure/episode21/step5/unit0,global_budget,20,0,-2.3189611434936523,heterogeneity_pressure,-0.5006711483001709
0.12880833446979523,0.19833749532699585,1,task14b/seed10/heterogeneity_pressure/episode21/step5/unit1,global_budget,20,0,-1.7130427360534668,heterogeneity_pressure,-0.3818071186542511
0.12880833446979523,0.2186138927936554,1,task14b/seed10/heterogeneity_pressure/episode21/step5/unit2,global_budget,20,-1,-3.442960739135742,heterogeneity_pressure,-0.6983599662780762
0.13326677680015564,0.13898378610610962,2,task14b/seed10/heterogeneity_pressure/episode8/step6/unit0,global_budget,20,0,-1.3131742477416992,heterogeneity_pressure,-0.32209792733192444
0.13326677680015564,0.165875643491745,2,task14b/seed10/heterogeneity_pressure/episode8/step6/unit1,global_budget,20,-1,1.0078843832015991,heterogeneity_pressure,0.10672610253095627
0.13326677680015564,0.22618433833122253,2,task14b/seed10/heterogeneity_pressure/episode8/step6/unit2,global_budget,20,0,3.6522305011749268,heterogeneity_pressure,0.5799841284751892
0.12880833446979523,0.1670648753643036,1,task14b/seed10/heterogeneity_pressure/episode40/step2/unit0,global_budget,20,0,-3.3140015602111816,heterogeneity_pressure,-0.6555783748626709
0.13326677680015564,0.137090802192688,2,task14b/seed10/heterogeneity_pressure/episode32/step32/unit2,global_budget,20,1,2.4320778846740723,heterogeneity_pressure,0.3931942880153656
0.12885546684265137,0.21590052545070648,0,task14b/seed10/heterogeneity_pressure/episode8/step3/unit0,global_budget,20,0,-3.3479604721069336,heterogeneity_pressure,-0.7255301475524902
0.12880833446979523,0.27036479115486145,1,task14b/seed10/heterogeneity_pressure/episode4/step6/unit0,global_budget,20,0,-0.5907928347587585,heterogeneity_pressure,-0.2091071605682373
0.12885546684265137,0.16634304821491241,0,task14b/seed10/heterogeneity_pressure/episode27/step5/unit0,global_budget,20,0,-1.8390133380889893,heterogeneity_pressure,-0.41666287183761597
0.12885546684265137,0.1284588873386383,0,task14b/seed10/heterogeneity_pressure/episode27/step5/unit1,global_budget,20,-1,-2.197784423828125,heterogeneity_pressure,-0.4712381958961487
0.12885546684265137,0.154166117310524,0,task14b/seed10/heterogeneity_pressure/episode27/step5/unit2,global_budget,20,0,-1.9330679178237915,heterogeneity_pressure,-0.43011754751205444
0.12885546684265137,0.2373591959476471,0,task14b/seed10/heterogeneity_pressure/episode2/step2/unit0,global_budget,20,0,-4.1079535484313965,heterogeneity_pressure,-0.8797638416290283
0.12885546684265137,0.2410850077867508,0,task14b/seed10/heterogeneity_pressure/episode2/step2/unit2,global_budget,20,0,-3.360522747039795,heterogeneity_pressure,-0.7375089526176453
0.12880833446979523,0.21903377771377563,1,task14b/seed10/heterogeneity_pressure/episode5/step6/unit0,global_budget,20,0,-2.39042329788208,heterogeneity_pressure,-0.5106498599052429
0.12880833446979523,0.174383282661438,1,task14b/seed10/heterogeneity_pressure/episode5/step6/unit1,global_budget,20,0,-2.0073463916778564,heterogeneity_pressure,-0.4251546859741211
0.12885546684265137,0.2175772488117218,0,task14b/seed10/heterogeneity_pressure/episode36/step49/unit2,global_budget,20,0,2.5439062118530273,heterogeneity_pressure,0.40635716915130615
0.7872164249420166,0.28471556305885315,2,task14u/seed8/medium/episode25/step23/unit0,state_budget,20,0,0.7883009910583496,medium,-0.7165821194648743
0.6554218530654907,0.2506730556488037,2,task14u/seed8/medium/episode25/step23/unit2,state_budget,20,1,3.4790682792663574,medium,0.02805936336517334
1.813514232635498,0.34552881121635437,1,task14u/seed8/medium/episode0/step26/unit2,state_budget,20,0,2.737297534942627,medium,-1.3764976263046265
0.670847475528717,0.16369964182376862,0,task14u/seed8/medium/episode18/step31/unit2,state_budget,20,0,3.2530860900878906,medium,0.3016475737094879
0.653200626373291,0.2577163875102997,2,task14u/seed8/medium/episode5/step12/unit2,state_budget,20,0,2.4662768840789795,medium,-0.18074780702590942
0.5558107495307922,0.22746877372264862,2,task14u/seed8/medium/episode21/step37/unit2,state_budget,20,0,4.780701637268066,medium,0.42278173565864563
0.6695305705070496,0.27638906240463257,2,task14u/seed8/medium/episode30/step17/unit2,state_budget,20,1,1.0914583206176758,medium,-0.5075961351394653
0.6252391338348389,0.1563352793455124,0,task14u/seed8/medium/episode20/step26/unit2,state_budget,20,1,4.655118942260742,medium,0.6067183017730713
5.0,0.1959918588399887,1,task14u/seed8/medium/episode1/step27/unit2,state_budget,20,0,1.204150915145874,medium,-2.7018356323242188
1.377772569656372,0.1145789697766304,1,task14u/seed8/medium/episode20/step18/unit1,state_budget,20,-1,9.287165641784668,medium,1.1878302097320557
0.14864976704120636,0.2920306324958801,1,task14u/seed8/medium/episode20/step18/unit2,state_budget,20,0,9.761713981628418,medium,1.6131954193115234
0.649644136428833,0.159932941198349,0,task14u/seed8/medium/episode35/step38/unit2,state_budget,20,0,4.995262145996094,medium,0.6539671421051025
0.6293467283248901,0.12329421937465668,0,task14u/seed8/medium/episode24/step30/unit2,state_budget,20,0,3.6106348037719727,medium,0.46534183621406555
5.0,0.27502134442329407,1,task14u/seed8/time_pressure/episode6/step1/unit0,state_budget,20,-1,1.804809808731079,time_pressure,-3.7707457542419434
5.0,0.16607311367988586,1,task14u/seed8/time_pressure/episode6/step1/unit1,state_budget,20,0,2.436436414718628,time_pressure,-2.0366270542144775
5.0,0.3238871991634369,1,task14u/seed8/time_pressure/episode12/step0/unit0,state_budget,20,0,2.1979568004608154,time_pressure,-4.427797794342041
5.0,0.251994788646698,1,task14u/seed8/time_pressure/episode12/step0/unit1,state_budget,20,0,3.6876065731048584,time_pressure,-3.0919957160949707
2.9011337757110596,0.3679954409599304,1,task14u/seed8/time_pressure/episode35/step22/unit2,state_budget,20,0,2.3830745220184326,time_pressure,-2.752272844314575
0.6149458289146423,0.26823094487190247,2,task14u/seed8/time_pressure/episode19/step23/unit2,state_budget,20,1,3.962724208831787,time_pressure,0.11778736114501953
0.8110077381134033,0.20901232957839966,0,task14u/seed8/time_pressure/episode4/step5/unit0,state_budget,20,-1,-2.942453145980835,time_pressure,-1.0651757717132568
0.8216738104820251,0.1825529783964157,0,task14u/seed8/time_pressure/episode4/step5/unit1,state_budget,20,0,-2.3370728492736816,time_pressure,-0.8913059234619141
0.1414964646100998,0.3996102213859558,1,task14u/seed8/time_pressure/episode33/step18/unit0,state_budget,20,-1,11.812884330749512,time_pressure,1.9402261972427368
1.2248116731643677,0.38218268752098083,1,task14u/seed8/time_pressure/episode27/step7/unit0,state_budget,20,0,4.894020080566406,time_pressure,-0.5197160243988037
0.09759528189897537,0.4119672477245331,1,task14u/seed8/time_pressure/episode27/step7/unit2,state_budget,20,1,7.786953926086426,time_pressure,1.270250678062439
0.596263587474823,0.14426657557487488,0,task14u/seed8/time_pressure/episode2/step25/unit2,state_budget,20,0,5.965659141540527,time_pressure,0.8931870460510254
0.6267906427383423,0.2244361937046051,2,task14u/seed8/time_pressure/episode15/step15/unit2,state_budget,20,1,3.216554880142212,time_pressure,0.06936001777648926
0.7563854455947876,0.2408270388841629,0,task14u/seed8/time_pressure/episode27/step12/unit0,state_budget,20,0,-0.7826557159423828,time_pressure,-0.687298059463501
0.7301176190376282,0.2167385369539261,0,task14u/seed8/time_pressure/episode27/step12/unit2,state_budget,20,1,1.020552158355713,time_pressure,-0.27021080255508423
0.8655855059623718,0.27902525663375854,2,task14u/seed8/time_pressure/episode22/step8/unit0,state_budget,20,0,-0.5650521516799927,time_pressure,-1.0419551134109497
0.8356532454490662,0.27068576216697693,2,task14u/seed8/time_pressure/episode22/step8/unit1,state_budget,20,-1,-0.12355407327413559,time_pressure,-0.8984902501106262
0.7522848844528198,0.25975313782691956,2,task14u/seed8/time_pressure/episode22/step8/unit2,state_budget,20,0,1.6852673292160034,time_pressure,-0.4344032406806946
0.6806086897850037,0.1891164779663086,0,task14u/seed8/heterogeneity_pressure/episode20/step29/unit0,state_budget,20,1,2.9361467361450195,heterogeneity_pressure,0.18503326177597046
0.6254769563674927,0.17038841545581818,0,task14u/seed8/heterogeneity_pressure/episode20/step29/unit2,state_budget,20,-1,5.386393070220947,heterogeneity_pressure,0.7212672233581543
0.6038998961448669,0.1992829591035843,2,task14u/seed8/heterogeneity_pressure/episode35/step28/unit2,state_budget,20,0,4.530930519104004,heterogeneity_pressure,0.39867112040519714
0.5635128021240234,0.09174519032239914,0,task14u/seed8/heterogeneity_pressure/episode16/step48/unit2,state_budget,20,0,7.68756628036499,heterogeneity_pressure,1.325320839881897
0.5698528289794922,0.15662389993667603,0,task14u/seed8/heterogeneity_pressure/episode12/step25/unit2,state_budget,20,1,7.410767078399658,heterogeneity_pressure,1.1614387035369873
5.0,0.11392346769571304,1,task14u/seed8/heterogeneity_pressure/episode21/step21/unit2,state_budget,20,0,-3.7810161113739014,heterogeneity_pressure,-2.3703064918518066
0.9544496536254883,0.23212765157222748,2,task14u/seed8/heterogeneity_pressure/episode4/step5/unit0,state_budget,20,0,-2.876328706741333,heterogeneity_pressure,-1.4055479764938354
0.8363977074623108,0.21075347065925598,2,task14u/seed8/heterogeneity_pressure/episode4/step5/unit2,state_budget,20,0,-0.806559145450592,heterogeneity_pressure,-0.835647463798523
0.6215720772743225,0.13629774749279022,0,task14u/seed8/heterogeneity_pressure/episode6/step38/unit2,state_budget,20,0,6.2466278076171875,heterogeneity_pressure,0.9510316848754883
2.0518243312835693,0.19067257642745972,1,task14u/seed8/heterogeneity_pressure/episode25/step17/unit2,state_budget,20,0,6.49053955078125,heterogeneity_pressure,-0.005934953689575195
5.0,0.2485746145248413,1,task14u/seed8/heterogeneity_pressure/episode11/step49/unit2,state_budget,20,0,-1.6377222537994385,heterogeneity_pressure,-3.9916329383850098
0.75241619348526,0.2134699523448944,0,task14u/seed8/heterogeneity_pressure/episode19/step11/unit0,state_budget,20,0,0.3404884934425354,heterogeneity_pressure,-0.4079269766807556
0.7584038376808167,0.2765454649925232,2,task14u/seed8/heterogeneity_pressure/episode30/step25/unit2,state_budget,20,0,1.147864818572998,heterogeneity_pressure,-0.5923071503639221
0.8171004056930542,0.2457231730222702,0,task14u/seed10/medium/episode30/step5/unit0,state_budget,20,0,-3.441657543182373,medium,-1.2532908916473389
0.8075530529022217,0.22912944853305817,0,task14u/seed10/medium/episode30/step5/unit1,state_budget,20,0,-2.6550309658050537,medium,-1.0556790828704834
5.0,0.09147150069475174,1,task14u/seed10/medium/episode33/step12/unit2,state_budget,20,-1,0.5367467999458313,medium,-1.2654814720153809
0.6964560151100159,0.17360594868659973,0,task14u/seed10/medium/episode32/step36/unit2,state_budget,20,0,1.6216402053833008,medium,-0.04463469982147217
0.8043527603149414,0.25720295310020447,2,task14u/seed10/medium/episode21/step6/unit1,state_budget,20,-1,-0.3374209702014923,medium,-0.864561140537262
0.6670135259628296,0.24862965941429138,2,task14u/seed10/medium/episode21/step6/unit2,state_budget,20,0,1.9316389560699463,medium,-0.2730427384376526
0.49686869978904724,0.18778008222579956,2,task14u/seed10/medium/episode35/step28/unit2,state_budget,20,0,5.621541976928711,medium,0.7112870216369629
0.6735017895698547,0.1762733906507492,0,task14u/seed10/medium/episode8/step13/unit2,state_budget,20,0,0.25922128558158875,medium,-0.30006659030914307
0.6438980102539062,0.1537112444639206,0,task14u/seed10/medium/episode13/step19/unit2,state_budget,20,0,4.8083977699279785,medium,0.6325637698173523
0.8473227620124817,0.23717060685157776,2,task14u/seed10/medium/episode19/step7/unit0,state_budget,20,-1,-0.9030561447143555,medium,-0.9495370984077454
0.7343136072158813,0.21772241592407227,2,task14u/seed10/medium/episode19/step7/unit2,state_budget,20,-1,1.346542477607727,medium,-0.3615719974040985
0.8331438899040222,0.29569318890571594,0,task14u/seed10/medium/episode9/step0/unit0,state_budget,20,0,-4.465562343597412,medium,-1.5844213962554932
0.8303868174552917,0.2771334946155548,0,task14u/seed10/medium/episode9/step0/unit1,state_budget,20,0,-3.9215807914733887,medium,-1.4320340156555176
0.7090774178504944,0.2884981036186218,2,task14u/seed10/medium/episode28/step24/unit2,state_budget,20,0,1.9660736322402954,medium,-0.41627317667007446
0.6364527344703674,0.20718984305858612,2,task14u/seed10/medium/episode17/step30/unit2,state_budget,20,0,2.9061777591705322,medium,0.04423171281814575
3.384680986404419,0.1746901571750641,1,task14u/seed10/time_pressure/episode32/step15/unit2,state_budget,20,0,4.284374713897705,time_pressure,-0.9951351881027222
5.0,0.3743555247783661,1,task14u/seed10/time_pressure/episode28/step12/unit0,state_budget,20,-1,0.29987943172454834,time_pressure,-5.517666816711426
4.86494779586792,0.3000694811344147,1,task14u/seed10/time_pressure/episode28/step12/unit1,state_budget,20,-1,1.4564026594161987,time_pressure,-4.085083484649658
2.3959832191467285,0.3695066571235657,1,task14u/seed10/time_pressure/episode28/step12/unit2,state_budget,20,0,5.039825916290283,time_pressure,-1.735541582107544
0.7077645659446716,0.2986511290073395,2,task14u/seed10/time_pressure/episode20/step18/unit2,state_budget,20,0,0.902840256690979,time_pressure,-0.6453890800476074
4.843515872955322,0.15384870767593384,1,task14u/seed10/time_pressure/episode27/step14/unit2,state_budget,20,0,4.322427749633789,time_pressure,-1.4464082717895508
0.5386725664138794,0.14940965175628662,2,task14u/seed10/time_pressure/episode1/step27/unit2,state_budget,20,0,6.004008769989014,time_pressure,0.8338170051574707
1.3588868379592896,0.29927557706832886,1,task14u/seed10/time_pressure/episode18/step12/unit2,state_budget,20,0,2.9305527210235596,time_pressure,-0.6873701810836792
0.6969363689422607,0.24582156538963318,2,task14u/seed10/time_pressure/episode30/step14/unit2,state_budget,20,0,1.9004262685775757,time_pressure,-0.30020231008529663
0.6725960969924927,0.14379264414310455,0,task14u/seed10/time_pressure/episode0/step17/unit2,state_budget,20,0,2.3631696701049805,time_pressure,0.16920703649520874
0.69666588306427,0.16906675696372986,0,task14u/seed10/time_pressure/episode27/step15/unit2,state_budget,20,0,0.5561102032661438,time_pressure,-0.24023641645908356
0.559524416923523,0.3309329152107239,1,task14u/seed10/time_pressure/episode8/step25/unit2,state_budget,20,0,6.3307294845581055,time_pressure,0.5788654685020447
0.841880738735199,0.24051804840564728,0,task14u/seed10/time_pressure/episode6/step3/unit0,state_budget,20,0,-4.566030025482178,time_pressure,-1.4744465351104736
0.825604259967804,0.2095983922481537,0,task14u/seed10/time_pressure/episode6/step3/unit1,state_budget,20,0,-3.464341163635254,time_pressure,-1.1759097576141357
5.0,0.10886311531066895,1,task14u/seed10/heterogeneity_pressure/episode12/step30/unit2,state_budget,20,0,-1.5908139944076538,heterogeneity_pressure,-1.9040608406066895
0.6589377522468567,0.26320740580558777,2,task14u/seed10/heterogeneity_pressure/episode28/step27/unit2,state_budget,20,0,1.3459558486938477,heterogeneity_pressure,-0.4141360819339752
0.9305495619773865,0.24944613873958588,2,task14u/seed10/heterogeneity_pressure/episode9/step4/unit1,state_budget,20,0,-2.3557026386260986,heterogeneity_pressure,-1.3471267223358154
0.8422887325286865,0.2440926879644394,2,task14u/seed10/heterogeneity_pressure/episode9/step4/unit2,state_budget,20,0,-0.6220995187759399,heterogeneity_pressure,-0.9138849973678589
0.6875123381614685,0.163184255361557,0,task14u/seed10/heterogeneity_pressure/episode16/step10/unit2,state_budget,20,0,1.1322773694992065,heterogeneity_pressure,-0.11300623416900635
0.6588752269744873,0.18738999962806702,2,task14u/seed10/heterogeneity_pressure/episode19/step13/unit2,state_budget,20,0,2.774726629257202,heterogeneity_pressure,0.05165091156959534
0.033750079572200775,0.05796043202280998,1,task14u/seed10/heterogeneity_pressure/episode31/step34/unit2,state_budget,20,0,17.462379455566406,heterogeneity_pressure,3.1110990047454834
0.6677793860435486,0.1676831841468811,0,task14u/seed10/heterogeneity_pressure/episode12/step24/unit2,state_budget,20,0,2.0486364364624023,heterogeneity_pressure,0.06377071142196655
0.6357563138008118,0.12832379341125488,0,task14u/seed10/heterogeneity_pressure/episode16/step29/unit2,state_budget,20,0,3.5316131114959717,heterogeneity_pressure,0.43839940428733826
0.7477480173110962,0.22688935697078705,0,task14u/seed10/heterogeneity_pressure/episode16/step7/unit0,state_budget,20,0,-1.6225382089614868,heterogeneity_pressure,-0.8118928670883179
0.7080020308494568,0.19661715626716614,0,task14u/seed10/heterogeneity_pressure/episode16/step7/unit2,state_budget,20,0,0.8347066640853882,heterogeneity_pressure,-0.2498210221529007
0.6722981929779053,0.22305665910243988,2,task14u/seed10/heterogeneity_pressure/episode10/step24/unit2,state_budget,20,0,3.0375359058380127,heterogeneity_pressure,-0.0007015466690063477
0.8959637880325317,0.28042250871658325,0,task14u/seed10/heterogeneity_pressure/episode9/step1/unit0,state_budget,20,0,-6.365069389343262,heterogeneity_pressure,-1.9639630317687988
0.876848578453064,0.2638995945453644,0,task14u/seed10/heterogeneity_pressure/episode9/step1/unit1,state_budget,20,0,-5.928594589233398,heterogeneity_pressure,-1.8215672969818115
0.46185001730918884,0.12111689150333405,2,task14b/seed8/medium/episode26/step38/unit2,state_budget,20,1,7.826785087585449,medium,1.2764062881469727
0.0850508064031601,0.17340241372585297,1,task14b/seed8/medium/episode15/step27/unit2,state_budget,20,1,10.687637329101562,medium,1.8637775182724
3.2025182247161865,0.08916574716567993,1,task14b/seed8/medium/episode40/step32/unit2,state_budget,20,1,8.224937438964844,medium,0.618166983127594
0.18383929133415222,0.08741623908281326,1,task14b/seed8/medium/episode28/step33/unit2,state_budget,20,1,12.043588638305664,medium,2.101869583129883
0.708373486995697,0.2546193599700928,2,task14b/seed8/medium/episode46/step31/unit0,state_budget,20,-1,1.6110750436782837,medium,-0.3903692364692688
0.6083067655563354,0.23658739030361176,2,task14b/seed8/medium/episode46/step31/unit2,state_budget,20,1,3.7789885997772217,medium,0.16408616304397583
0.6626384258270264,0.19108711183071136,0,task14b/seed8/medium/episode42/step20/unit2,state_budget,20,1,2.13482666015625,medium,0.037172406911849976
0.7172010540962219,0.1946752667427063,0,task14b/seed8/medium/episode32/step24/unit2,state_budget,20,1,-0.5162762403488159,medium,-0.510730504989624
5.0,0.2659035325050354,1,task14b/seed8/medium/episode30/step38/unit2,state_budget,20,1,-8.963296890258789,medium,-5.557091236114502
0.46961116790771484,0.12482371181249619,2,task14b/seed8/medium/episode26/step35/unit2,state_budget,20,1,7.603733062744141,medium,1.2234954833984375
0.5909948348999023,0.11961787194013596,0,task14b/seed8/medium/episode39/step28/unit2,state_budget,20,1,5.3794050216674805,medium,0.8256711363792419
0.6347616314888,0.13325639069080353,0,task14b/seed8/medium/episode28/step30/unit2,state_budget,20,1,4.147914886474609,medium,0.5480123162269592
0.6570359468460083,0.10592065751552582,0,task14b/seed8/medium/episode15/step24/unit2,state_budget,20,1,4.460955619812012,medium,0.6523699760437012
3.504112482070923,0.28121158480644226,1,task14b/seed8/medium/episode46/step27/unit0,state_budget,20,0,6.221524715423584,medium,-1.8224518299102783
0.41177302598953247,0.30020198225975037,1,task14b/seed8/medium/episode46/step27/unit2,state_budget,20,1,8.489304542541504,medium,1.147355556488037
0.5703728199005127,0.194013774394989,2,task14b/seed8/medium/episode8/step25/unit2,state_budget,20,0,5.176986217498779,medium,0.5593584775924683
0.6788925528526306,0.17962965369224548,0,task14b/seed8/time_pressure/episode15/step17/unit1,state_budget,20,-1,2.6421523094177246,time_pressure,0.1484602391719818
0.665235698223114,0.17875638604164124,0,task14b/seed8/time_pressure/episode15/step17/unit2,state_budget,20,1,3.822761297225952,time_pressure,0.384336918592453
0.6570056080818176,0.1847246289253235,0,task14b/seed8/time_pressure/episode36/step32/unit2,state_budget,20,1,4.4619574546813965,time_pressure,0.49998146295547485
0.5000802278518677,0.16252027451992035,2,task14b/seed8/time_pressure/episode17/step37/unit2,state_budget,20,1,6.523440361022949,time_pressure,0.9298292398452759
0.6012061238288879,0.23692309856414795,2,task14b/seed8/time_pressure/episode15/step24/unit0,state_budget,20,1,4.498697757720947,time_pressure,0.30707043409347534
0.516326904296875,0.21053098142147064,2,task14b/seed8/time_pressure/episode15/step24/unit2,state_budget,20,1,6.6491780281066895,time_pressure,0.8477145433425903
0.9942275285720825,0.2629571557044983,1,task14b/seed8/time_pressure/episode34/step27/unit2,state_budget,20,1,5.35942268371582,time_pressure,0.17846959829330444
0.6813511252403259,0.16006043553352356,0,task14b/seed8/time_pressure/episode38/step24/unit0,state_budget,20,0,2.850759983062744,time_pressure,0.22655344009399414
0.6750161051750183,0.14157265424728394,0,task14b/seed8/time_pressure/episode38/step24/unit2,state_budget,20,1,3.8036179542541504,time_pressure,0.4494783580303192
0.7565956115722656,0.21849443018436432,0,task14b/seed8/time_pressure/episode28/step19/unit0,state_budget,20,0,0.33499854803085327,time_pressure,-0.4228155016899109
0.7537107467651367,0.19824881851673126,0,task14b/seed8/time_pressure/episode28/step19/unit1,state_budget,20,0,0.8582764267921448,time_pressure,-0.27540186047554016
0.7028284668922424,0.18614721298217773,0,task14b/seed8/time_pressure/episode28/step19/unit2,state_budget,20,0,2.9522106647491455,time_pressure,0.1818869709968567
0.11293642222881317,0.1671905815601349,1,task14b/seed8/time_pressure/episode46/step29/unit2,state_budget,20,1,14.368103981018066,time_pressure,2.5084128379821777
0.5722280144691467,0.18700353801250458,2,task14b/seed8/time_pressure/episode39/step15/unit2,state_budget,20,1,4.310268402099609,time_pressure,0.40817680954933167
0.62054842710495,0.2010406255722046,2,task14b/seed8/time_pressure/episode21/step23/unit2,state_budget,20,1,3.4990715980529785,time_pressure,0.18481719493865967
0.6371318101882935,0.15118718147277832,0,task14b/seed8/time_pressure/episode47/step21/unit2,state_budget,20,1,4.604849815368652,time_pressure,0.6012428998947144
5.0,0.35511016845703125,1,task14b/seed8/time_pressure/episode3/step0/unit0,state_budget,20,0,2.7511179447174072,time_pressure,-4.79372501373291
5.0,0.3077438175678253,1,task14b/seed8/time_pressure/episode3/step0/unit1,state_budget,20,0,0.49201700091362,time_pressure,-4.4920501708984375
0.6570958495140076,0.14532415568828583,0,task14b/seed8/time_pressure/episode14/step20/unit2,state_budget,20,0,2.2224037647247314,time_pressure,0.14575213193893433
0.5588290095329285,0.22078721225261688,2,task14b/seed8/time_pressure/episode44/step45/unit2,state_budget,20,1,4.84445333480835,time_pressure,0.44672757387161255
3.887723922729492,0.09098221361637115,1,task14b/seed8/heterogeneity_pressure/episode21/step26/unit0,state_budget,20,0,10.079141616821289,heterogeneity_pressure,0.7462613582611084
1.210405707359314,0.08983165770769119,1,task14b/seed8/heterogeneity_pressure/episode21/step26/unit2,state_budget,20,0,13.785683631896973,heterogeneity_pressure,2.1370208263397217
0.7523737549781799,0.13858351111412048,1,task14b/seed8/heterogeneity_pressure/episode14/step39/unit2,state_budget,20,0,6.523990154266357,heterogeneity_pressure,0.8541488647460938
0.5147179961204529,0.18237245082855225,2,task14b/seed8/heterogeneity_pressure/episode42/step28/unit2,state_budget,20,1,6.945714950561523,heterogeneity_pressure,0.9616427421569824
0.6106474995613098,0.13847529888153076,0,task14b/seed8/heterogeneity_pressure/episode13/step37/unit2,state_budget,20,1,5.360087871551514,heterogeneity_pressure,0.7810918688774109
5.0,0.2900083065032959,1,task14b/seed8/heterogeneity_pressure/episode26/step31/unit2,state_budget,20,1,-7.020927906036377,heterogeneity_pressure,-5.569120407104492
0.6202341318130493,0.14206793904304504,0,task14b/seed8/heterogeneity_pressure/episode31/step37/unit2,state_budget,20,0,4.565153121948242,heterogeneity_pressure,0.6178113222122192
0.760831892490387,0.303139865398407,2,task14b/seed8/heterogeneity_pressure/episode5/step18/unit0,state_budget,20,0,0.4691816568374634,heterogeneity_pressure,-0.8026101589202881
0.6951335668563843,0.29563644528388977,2,task14b/seed8/heterogeneity_pressure/episode5/step18/unit2,state_budget,20,0,1.6994996070861816,heterogeneity_pressure,-0.47074902057647705
0.6558054685592651,0.12860849499702454,0,task14b/seed8/heterogeneity_pressure/episode41/step27/unit2,state_budget,20,1,3.4811346530914307,heterogeneity_pressure,0.4205637574195862
5.0,0.18585656583309174,1,task14b/seed8/heterogeneity_pressure/episode6/step25/unit2,state_budget,20,0,-2.333019495010376,heterogeneity_pressure,-3.182363271713257
0.597216010093689,0.1256168931722641,0,task14b/seed8/heterogeneity_pressure/episode30/step32/unit2,state_budget,20,1,4.6263813972473145,heterogeneity_pressure,0.668174147605896
0.6282116770744324,0.21075652539730072,2,task14b/seed8/heterogeneity_pressure/episode31/step29/unit2,state_budget,20,0,3.3301517963409424,heterogeneity_pressure,0.12303227186203003
0.5206208229064941,0.14076705276966095,2,task14b/seed8/heterogeneity_pressure/episode33/step49/unit2,state_budget,20,1,6.494689464569092,heterogeneity_pressure,0.9552385807037354
5.0,0.2507060468196869,1,task14b/seed8/heterogeneity_pressure/episode29/step0/unit0,state_budget,20,0,-2.2361934185028076,heterogeneity_pressure,-4.130176544189453
0.46937984228134155,0.10408980399370193,2,task14b/seed8/heterogeneity_pressure/episode43/step49/unit2,state_budget,20,0,7.4271321296691895,heterogeneity_pressure,1.2275679111480713
5.0,0.05081640183925629,1,task14b/seed10/medium/episode9/step27/unit2,state_budget,20,0,0.7590872645378113,medium,-0.6207621693611145
0.653904378414154,0.12641024589538574,0,task14b/seed10/medium/episode20/step25/unit2,state_budget,20,0,2.598496675491333,medium,0.25586169958114624
5.0,0.26627957820892334,1,task14b/seed10/medium/episode33/step0/unit0,state_budget,20,0,1.9162582159042358,medium,-3.6207573413848877
5.0,0.24857711791992188,1,task14b/seed10/medium/episode33/step0/unit1,state_budget,20,0,-1.791458249092102,medium,-4.019111156463623
0.07723605632781982,0.1648104339838028,1,task14b/seed10/medium/episode27/step20/unit2,state_budget,20,0,10.009187698364258,medium,1.7486873865127563
0.6456637978553772,0.1278095245361328,0,task14b/seed10/medium/episode44/step25/unit2,state_budget,20,0,2.8658692836761475,medium,0.3076629638671875
5.0,0.18356944620609283,1,task14b/seed10/medium/episode44/step4/unit0,state_budget,20,-1,-2.350001573562622,medium,-3.151357412338257
5.0,0.18287725746631622,1,task14b/seed10/medium/episode44/step4/unit1,state_budget,20,0,-4.65760612487793,medium,-3.552948474884033
5.0,0.3458641469478607,1,task14b/seed10/medium/episode28/step4/unit0,state_budget,20,0,0.5071718096733093,medium,-5.056654453277588
5.0,0.4416023790836334,1,task14b/seed10/medium/episode28/step4/unit2,state_budget,20,0,-3.786978006362915,medium,-7.247918128967285
1.080273151397705,0.3400596082210541,2,task14b/seed10/medium/episode44/step0/unit0,state_budget,20,0,-5.753779411315918,medium,-2.5183095932006836
1.0796499252319336,0.32917508482933044,2,task14b/seed10/medium/episode44/step0/unit1,state_budget,20,0,-5.4752421379089355,medium,-2.4189114570617676
0.4526333212852478,0.09823475033044815,1,task14b/seed10/medium/episode39/step28/unit2,state_budget,20,1,6.425850868225098,medium,1.0146281719207764
0.6393852829933167,0.13736169040203094,0,task14b/seed10/medium/episode2/step30/unit2,state_budget,20,0,5.403364658355713,medium,0.7797807455062866
5.0,0.29209771752357483,1,task14b/seed10/medium/episode12/step4/unit0,state_budget,20,0,-3.7831807136535645,medium,-5.0222978591918945
5.0,0.21968096494674683,1,task14b/seed10/medium/episode12/step4/unit1,state_budget,20,0,-2.1414976119995117,medium,-3.6515557765960693
0.6575841307640076,0.27238088846206665,2,task14b/seed10/medium/episode24/step20/unit2,state_budget,20,0,2.356163740158081,medium,-0.2434179186820984
0.8187318444252014,0.24106459319591522,2,task14b/seed10/medium/episode35/step7/unit1,state_budget,20,0,0.02447045035660267,medium,-0.7587370872497559
0.7020420432090759,0.2213122546672821,2,task14b/seed10/medium/episode35/step7/unit2,state_budget,20,0,2.3235321044921875,medium,-0.15780574083328247
0.5778023600578308,0.10793277621269226,0,task14b/seed10/medium/episode22/step46/unit2,state_budget,20,0,6.883439064025879,medium,1.139323353767395
0.5440033078193665,0.1517694592475891,2,task14b/seed10/time_pressure/episode44/step22/unit2,state_budget,20,0,5.964897155761719,time_pressure,0.8183112740516663
0.6881473660469055,0.32743045687675476,1,task14b/seed10/time_pressure/episode18/step26/unit2,state_budget,20,0,2.445988655090332,time_pressure,-0.23405462503433228
0.6883788108825684,0.13818375766277313,0,task14b/seed10/time_pressure/episode31/step21/unit2,state_budget,20,1,1.953704595565796,time_pressure,0.09519118070602417
0.614326536655426,0.20772354304790497,2,task14b/seed10/time_pressure/episode41/step18/unit2,state_budget,20,0,4.740726947784424,time_pressure,0.4105914533138275
0.8201801180839539,0.28368011116981506,2,task14b/seed10/time_pressure/episode28/step8/unit0,state_budget,20,0,-1.175626277923584,time_pressure,-1.1241707801818848
0.7027311325073242,0.2508225739002228,2,task14b/seed10/time_pressure/episode28/step8/unit2,state_budget,20,0,1.0227547883987427,time_pressure,-0.4867001175880432
0.5990434885025024,0.24196232855319977,2,task14b/seed10/time_pressure/episode16/step22/unit2,state_budget,20,0,3.736518144607544,time_pressure,0.15200871229171753
0.4021105170249939,0.1133975014090538,1,task14b/seed10/time_pressure/episode26/step20/unit2,state_budget,20,0,4.3905487060546875,time_pressure,0.6479647159576416
0.6020486354827881,0.09378430992364883,0,task14b/seed10/time_pressure/episode5/step22/unit2,state_budget,20,0,5.638810157775879,time_pressure,0.9174746870994568
0.616270899772644,0.14483627676963806,0,task14b/seed10/time_pressure/episode47/step24/unit2,state_budget,20,0,4.532000541687012,time_pressure,0.6080701351165771
0.5622491240501404,0.15511998534202576,2,task14b/seed10/time_pressure/episode44/step19/unit2,state_budget,20,0,5.556791305541992,time_pressure,0.7224775552749634
5.0,0.3065009117126465,1,task14b/seed10/time_pressure/episode41/step12/unit0,state_budget,20,-1,4.311469554901123,time_pressure,-3.7918052673339844
0.6555382609367371,0.11301617324352264,0,task14b/seed10/time_pressure/episode3/step24/unit2,state_budget,20,1,2.9234375953674316,time_pressure,0.3435899615287781
0.6791122555732727,0.14737987518310547,0,task14b/seed10/time_pressure/episode12/step18/unit2,state_budget,20,0,2.183135747909546,time_pressure,0.12465998530387878
0.872278094291687,0.26960936188697815,0,task14b/seed10/time_pressure/episode30/step0/unit1,state_budget,20,0,-5.713024139404297,time_pressure,-1.7912545204162598
0.8387681841850281,0.21584059298038483,2,task14b/seed10/heterogeneity_pressure/episode18/step5/unit0,state_budget,20,0,-0.8398279547691345,heterogeneity_pressure,-0.8604292273521423
0.8187640309333801,0.19908039271831512,2,task14b/seed10/heterogeneity_pressure/episode18/step5/unit1,state_budget,20,0,-0.1629420667886734,heterogeneity_pressure,-0.6615505814552307
0.7438400983810425,0.18808506429195404,2,task14b/seed10/heterogeneity_pressure/episode18/step5/unit2,state_budget,20,0,1.2561246156692505,heterogeneity_pressure,-0.3015691637992859
5.0,0.159772589802742,1,task14b/seed10/heterogeneity_pressure/episode10/step4/unit0,state_budget,20,0,-3.536892890930176,heterogeneity_pressure,-3.0090627670288086
5.0,-0.012328645214438438,1,task14b/seed10/heterogeneity_pressure/episode10/step4/unit1,state_budget,20,1,0.09656589478254318,heterogeneity_pressure,0.017236385494470596
5.0,0.0943375900387764,1,task14b/seed10/heterogeneity_pressure/episode10/step4/unit2,state_budget,20,0,-0.703424334526062,heterogeneity_pressure,-1.5294973850250244
1.0052953958511353,0.30449578166007996,2,task14b/seed10/heterogeneity_pressure/episode10/step0/unit0,state_budget,20,0,-3.627753734588623,heterogeneity_pressure,-1.8759139776229858
0.9335445165634155,0.2802940011024475,2,task14b/seed10/heterogeneity_pressure/episode10/step0/unit1,state_budget,20,1,-2.680476427078247,heterogeneity_pressure,-1.5233476161956787
5.0,0.17762643098831177,1,task14b/seed10/heterogeneity_pressure/episode40/step5/unit0,state_budget,20,0,-0.42587733268737793,heterogeneity_pressure,-2.7194693088531494
5.0,0.11548034101724625,1,task14b/seed10/heterogeneity_pressure/episode40/step5/unit1,state_budget,20,0,-2.2568817138671875,heterogeneity_pressure,-2.1214277744293213
5.0,0.2453664243221283,1,task14b/seed10/heterogeneity_pressure/episode21/step5/unit0,state_budget,20,0,-2.3764710426330566,heterogeneity_pressure,-4.075750350952148
5.0,0.14061321318149567,1,task14b/seed10/heterogeneity_pressure/episode21/step5/unit1,state_budget,20,0,-1.4860639572143555,heterogeneity_pressure,-2.3578715324401855
5.0,0.29768532514572144,1,task14b/seed10/heterogeneity_pressure/episode21/step5/unit2,state_budget,20,-1,-3.365471124649048,heterogeneity_pressure,-5.030895233154297
0.9642618298530579,0.2597753703594208,2,task14b/seed10/heterogeneity_pressure/episode8/step6/unit0,state_budget,20,0,-2.1706738471984863,heterogeneity_pressure,-1.3828890323638916
0.9951972365379333,0.2631669044494629,2,task14b/seed10/heterogeneity_pressure/episode8/step6/unit1,state_budget,20,-1,-2.757396936416626,heterogeneity_pressure,-1.5389312505722046
0.8592634797096252,0.25655025243759155,2,task14b/seed10/heterogeneity_pressure/episode8/step6/unit2,state_budget,20,0,-0.6094992756843567,heterogeneity_pressure,-0.9689119458198547
5.0,0.23028446733951569,1,task14b/seed10/heterogeneity_pressure/episode40/step2/unit0,state_budget,20,0,-0.16322948038578033,heterogeneity_pressure,-3.456249952316284
0.5036172270774841,0.15757687389850616,2,task14b/seed10/heterogeneity_pressure/episode32/step32/unit2,state_budget,20,1,5.825514316558838,heterogeneity_pressure,0.804122805595398
0.8040214776992798,0.2549019753932953,0,task14b/seed10/heterogeneity_pressure/episode8/step3/unit0,state_budget,20,0,-4.294378757476807,heterogeneity_pressure,-1.4294779300689697
5.0,0.3335533142089844,1,task14b/seed10/heterogeneity_pressure/episode4/step6/unit0,state_budget,20,0,1.3488452434539795,heterogeneity_pressure,-4.72321081161499
0.786568820476532,0.20313529670238495,0,task14b/seed10/heterogeneity_pressure/episode27/step5/unit0,state_budget,20,0,-2.911248207092285,heterogeneity_pressure,-1.0304992198944092
0.7773367166519165,0.1735864281654358,0,task14b/seed10/heterogeneity_pressure/episode27/step5/unit1,state_budget,20,-1,-2.8142764568328857,heterogeneity_pressure,-0.9386367797851562
0.7572412490844727,0.1786927580833435,0,task14b/seed10/heterogeneity_pressure/episode27/step5/unit2,state_budget,20,0,-1.7581868171691895,heterogeneity_pressure,-0.7367523908615112
0.8633819222450256,0.29051268100738525,0,task14b/seed10/heterogeneity_pressure/episode2/step2/unit0,state_budget,20,0,-5.384900093078613,heterogeneity_pressure,-1.7743041515350342
0.8285834789276123,0.2661435902118683,0,task14b/seed10/heterogeneity_pressure/episode2/step2/unit2,state_budget,20,0,-3.367246389389038,heterogeneity_pressure,-1.2971704006195068
5.0,0.18978333473205566,1,task14b/seed10/heterogeneity_pressure/episode5/step6/unit0,state_budget,20,0,-1.2630739212036133,heterogeneity_pressure,-3.049823522567749
5.0,0.08977102488279343,1,task14b/seed10/heterogeneity_pressure/episode5/step6/unit1,state_budget,20,0,-1.7030134201049805,heterogeneity_pressure,-1.6399574279785156
0.6321038603782654,0.13988809287548065,0,task14b/seed10/heterogeneity_pressure/episode36/step49/unit2,state_budget,20,0,4.000528335571289,heterogeneity_pressure,0.5083711743354797
0.0,0.25038468837738037,2,task14u/seed8/medium/episode25/step23/unit0,safety_only,21,0,-4.091344356536865,medium,-0.780325174331665
0.0,0.29668495059013367,2,task14u/seed8/medium/episode25/step23/unit2,safety_only,21,1,0.6094963550567627,medium,0.11624671518802643
0.0,0.2411513328552246,1,task14u/seed8/medium/episode0/step26/unit2,safety_only,21,0,3.686027765274048,medium,0.6579320430755615
0.0,0.1472771167755127,0,task14u/seed8/medium/episode18/step31/unit2,safety_only,21,0,2.6056275367736816,medium,0.5008490681648254
0.0,0.3032204508781433,2,task14u/seed8/medium/episode5/step12/unit2,safety_only,21,0,-2.211092233657837,medium,-0.4217124879360199
0.0,0.006180065684020519,2,task14u/seed8/medium/episode21/step37/unit2,safety_only,21,0,-8.010008811950684,medium,-1.5277159214019775
0.0,0.19322112202644348,2,task14u/seed8/medium/episode30/step17/unit2,safety_only,21,1,-4.40410852432251,medium,-0.8399774432182312
0.0,0.159058079123497,0,task14u/seed8/medium/episode20/step26/unit2,safety_only,21,1,3.392427921295166,medium,0.6520864367485046
0.0,0.2409444898366928,1,task14u/seed8/medium/episode1/step27/unit2,safety_only,21,0,1.7322654724121094,medium,0.30919814109802246
0.0,0.2595379650592804,1,task14u/seed8/medium/episode20/step18/unit1,safety_only,21,-1,3.547696352005005,medium,0.6332407593727112
0.0,0.28161564469337463,1,task14u/seed8/medium/episode20/step18/unit2,safety_only,21,0,4.860584735870361,medium,0.8675828576087952
0.0,0.12446233630180359,0,task14u/seed8/medium/episode35/step38/unit2,safety_only,21,0,3.875498056411743,medium,0.7449412941932678
0.0,0.09924214333295822,0,task14u/seed8/medium/episode24/step30/unit2,safety_only,21,0,3.0820679664611816,medium,0.5924295783042908
0.0,0.2846561372280121,1,task14u/seed8/time_pressure/episode6/step1/unit0,safety_only,21,-1,-3.5395090579986572,time_pressure,-0.6317793726921082
0.0,0.2742888331413269,1,task14u/seed8/time_pressure/episode6/step1/unit1,safety_only,21,0,-2.3597419261932373,time_pressure,-0.42119860649108887
0.0,0.2800300121307373,1,task14u/seed8/time_pressure/episode12/step0/unit0,safety_only,21,0,-4.209767818450928,time_pressure,-0.7514162659645081
0.0,0.2652384042739868,1,task14u/seed8/time_pressure/episode12/step0/unit1,safety_only,21,0,-4.390440464019775,time_pressure,-0.783665120601654
0.0,0.29665154218673706,1,task14u/seed8/time_pressure/episode35/step22/unit2,safety_only,21,0,2.764273166656494,time_pressure,0.4934048056602478
0.0,0.3940483033657074,2,task14u/seed8/time_pressure/episode19/step23/unit2,safety_only,21,1,5.012109756469727,time_pressure,0.9559389352798462
0.0,0.13338027894496918,0,task14u/seed8/time_pressure/episode4/step5/unit0,safety_only,21,-1,-2.303687572479248,time_pressure,-0.44281068444252014
0.0,0.11428706347942352,0,task14u/seed8/time_pressure/episode4/step5/unit1,safety_only,21,0,-1.7041493654251099,time_pressure,-0.32756853103637695
0.0,0.281373530626297,1,task14u/seed8/time_pressure/episode33/step18/unit0,safety_only,21,-1,3.4613282680511475,time_pressure,0.6178246140480042
0.0,0.3017942011356354,1,task14u/seed8/time_pressure/episode27/step7/unit0,safety_only,21,0,-0.3864339590072632,time_pressure,-0.06897595524787903
0.0,0.2951342761516571,1,task14u/seed8/time_pressure/episode27/step7/unit2,safety_only,21,1,1.5081558227539062,time_pressure,0.2691960334777832
0.0,0.12036413699388504,0,task14u/seed8/time_pressure/episode2/step25/unit2,safety_only,21,0,4.694344520568848,time_pressure,0.9023385047912598
0.0,0.2634475827217102,2,task14u/seed8/time_pressure/episode15/step15/unit2,safety_only,21,1,0.026211969554424286,time_pressure,0.004999300464987755
0.0,0.1787661463022232,0,task14u/seed8/time_pressure/episode27/step12/unit0,safety_only,21,0,-0.5319711565971375,time_pressure,-0.10225453972816467
0.0,0.1647823005914688,0,task14u/seed8/time_pressure/episode27/step12/unit2,safety_only,21,1,1.1316512823104858,time_pressure,0.217523992061615
0.0,0.24133259057998657,2,task14u/seed8/time_pressure/episode22/step8/unit0,safety_only,21,0,-2.2690048217773438,time_pressure,-0.4327579140663147
0.0,0.37525060772895813,2,task14u/seed8/time_pressure/episode22/step8/unit1,safety_only,21,-1,3.490813732147217,time_pressure,0.665788471698761
0.0,0.3644222617149353,2,task14u/seed8/time_pressure/episode22/step8/unit2,safety_only,21,0,2.6107611656188965,time_pressure,0.49793967604637146
0.0,0.1611849069595337,0,task14u/seed8/heterogeneity_pressure/episode20/step29/unit0,safety_only,21,1,1.4624642133712769,heterogeneity_pressure,0.2811122536659241
0.0,0.15188287198543549,0,task14u/seed8/heterogeneity_pressure/episode20/step29/unit2,safety_only,21,-1,3.245375633239746,heterogeneity_pressure,0.6238203048706055
0.0,0.17641150951385498,2,task14u/seed8/heterogeneity_pressure/episode35/step28/unit2,safety_only,21,0,-2.216733932495117,heterogeneity_pressure,-0.42278850078582764
0.0,0.11151031404733658,0,task14u/seed8/heterogeneity_pressure/episode16/step48/unit2,safety_only,21,0,5.747272968292236,heterogeneity_pressure,1.104730486869812
0.0,0.13309533894062042,0,task14u/seed8/heterogeneity_pressure/episode12/step25/unit2,safety_only,21,1,3.9386255741119385,heterogeneity_pressure,0.7570755481719971
0.0,0.24363408982753754,1,task14u/seed8/heterogeneity_pressure/episode21/step21/unit2,safety_only,21,0,0.2284846007823944,heterogeneity_pressure,0.04078301787376404
0.0,0.17044928669929504,2,task14u/seed8/heterogeneity_pressure/episode4/step5/unit0,safety_only,21,0,-3.2533421516418457,heterogeneity_pressure,-0.6204965114593506
0.0,0.21938680112361908,2,task14u/seed8/heterogeneity_pressure/episode4/step5/unit2,safety_only,21,0,-0.6735730171203613,heterogeneity_pressure,-0.12846779823303223
0.0,0.12567098438739777,0,task14u/seed8/heterogeneity_pressure/episode6/step38/unit2,safety_only,21,0,4.458510875701904,heterogeneity_pressure,0.8570069670677185
0.0,0.24965034425258636,1,task14u/seed8/heterogeneity_pressure/episode25/step17/unit2,safety_only,21,0,1.8070104122161865,heterogeneity_pressure,0.32253962755203247
0.0,0.256330281496048,1,task14u/seed8/heterogeneity_pressure/episode11/step49/unit2,safety_only,21,0,3.3904178142547607,heterogeneity_pressure,0.60516756772995
0.0,0.15158677101135254,0,task14u/seed8/heterogeneity_pressure/episode19/step11/unit0,safety_only,21,0,-0.2716313302516937,heterogeneity_pressure,-0.052212487906217575
0.0,0.02982100285589695,2,task14u/seed8/heterogeneity_pressure/episode30/step25/unit2,safety_only,21,0,-8.270633697509766,heterogeneity_pressure,-1.5774236917495728
0.0,0.15636512637138367,0,task14u/seed10/medium/episode30/step5/unit0,safety_only,21,0,-2.3479130268096924,medium,-0.4513116478919983
0.0,0.14164456725120544,0,task14u/seed10/medium/episode30/step5/unit1,safety_only,21,0,-1.7937524318695068,medium,-0.34479188919067383
0.0,0.19122806191444397,1,task14u/seed10/medium/episode33/step12/unit2,safety_only,21,-1,-0.5233400464057922,medium,-0.09341280162334442
0.0,0.13705764710903168,0,task14u/seed10/medium/episode32/step36/unit2,safety_only,21,0,1.429779052734375,medium,0.27482956647872925
0.0,0.1976993978023529,2,task14u/seed10/medium/episode21/step6/unit1,safety_only,21,-1,-0.9902071952819824,medium,-0.18885812163352966
0.0,0.3033002018928528,2,task14u/seed10/medium/episode21/step6/unit2,safety_only,21,0,3.490288496017456,medium,0.6656882762908936
0.0,0.0269529540091753,2,task14u/seed10/medium/episode35/step28/unit2,safety_only,21,0,-2.906561851501465,medium,-0.5543565154075623
0.0,0.1133360043168068,0,task14u/seed10/medium/episode8/step13/unit2,safety_only,21,0,-0.1334621012210846,medium,-0.025653846561908722
0.0,0.11981453001499176,0,task14u/seed10/medium/episode13/step19/unit2,safety_only,21,0,2.822205066680908,medium,0.5424792170524597
0.0,0.05770223215222359,2,task14u/seed10/medium/episode19/step7/unit0,safety_only,21,-1,-6.6322102546691895,medium,-1.2649340629577637
0.0,0.18580621480941772,2,task14u/seed10/medium/episode19/step7/unit2,safety_only,21,-1,-1.774017095565796,medium,-0.33835095167160034
0.0,0.18290749192237854,0,task14u/seed10/medium/episode9/step0/unit0,safety_only,21,0,-3.9640400409698486,medium,-0.7619606852531433
0.0,0.1699814796447754,0,task14u/seed10/medium/episode9/step0/unit1,safety_only,21,0,-3.5405919551849365,medium,-0.6805662512779236
0.0,0.26898160576820374,2,task14u/seed10/medium/episode28/step24/unit2,safety_only,21,0,6.045161247253418,medium,1.1529686450958252
0.0,0.12924079596996307,2,task14u/seed10/medium/episode17/step30/unit2,safety_only,21,0,-1.8998401165008545,medium,-0.36234864592552185
0.0,0.18807914853096008,1,task14u/seed10/time_pressure/episode32/step15/unit2,safety_only,21,0,3.489208936691284,time_pressure,0.6228011250495911
0.0,0.301678866147995,1,task14u/seed10/time_pressure/episode28/step12/unit0,safety_only,21,-1,0.9833528995513916,time_pressure,0.1755221039056778
0.0,0.28517988324165344,1,task14u/seed10/time_pressure/episode28/step12/unit1,safety_only,21,-1,1.20564866065979,time_pressure,0.21520046889781952
0.0,0.28283119201660156,1,task14u/seed10/time_pressure/episode28/step12/unit2,safety_only,21,0,1.4221184253692627,time_pressure,0.2538388967514038
0.0,0.20457963645458221,2,task14u/seed10/time_pressure/episode20/step18/unit2,safety_only,21,0,0.6796351075172424,time_pressure,0.12962399423122406
0.0,0.25726577639579773,1,task14u/seed10/time_pressure/episode27/step14/unit2,safety_only,21,0,1.5143018960952759,time_pressure,0.27029305696487427
0.0,0.2703753709793091,2,task14u/seed10/time_pressure/episode1/step27/unit2,safety_only,21,0,10.438153266906738,time_pressure,1.990825891494751
0.0,0.30700719356536865,1,task14u/seed10/time_pressure/episode18/step12/unit2,safety_only,21,0,3.8213794231414795,time_pressure,0.6820914149284363
0.0,0.08427271991968155,2,task14u/seed10/time_pressure/episode30/step14/unit2,safety_only,21,0,-13.376470565795898,time_pressure,-2.551239013671875
0.0,0.1091206893324852,0,task14u/seed10/time_pressure/episode0/step17/unit2,safety_only,21,0,2.1730170249938965,time_pressure,0.41769343614578247
0.0,0.10629694163799286,0,task14u/seed10/time_pressure/episode27/step15/unit2,safety_only,21,0,1.519913673400879,time_pressure,0.29215508699417114
0.0,0.2700807750225067,1,task14u/seed10/time_pressure/episode8/step25/unit2,safety_only,21,0,3.35681414604187,time_pressure,0.5991695523262024
0.0,0.16293953359127045,0,task14u/seed10/time_pressure/episode6/step3/unit0,safety_only,21,0,-3.2365639209747314,time_pressure,-0.6221265196800232
0.0,0.14325766265392303,0,task14u/seed10/time_pressure/episode6/step3/unit1,safety_only,21,0,-2.3094260692596436,time_pressure,-0.4439137578010559
0.0,0.2278168499469757,1,task14u/seed10/heterogeneity_pressure/episode12/step30/unit2,safety_only,21,0,3.0550708770751953,heterogeneity_pressure,0.5453103184700012
0.0,0.0689079686999321,2,task14u/seed10/heterogeneity_pressure/episode28/step27/unit2,safety_only,21,0,-2.2574148178100586,heterogeneity_pressure,-0.43054741621017456
0.0,0.0957898199558258,2,task14u/seed10/heterogeneity_pressure/episode9/step4/unit1,safety_only,21,0,-5.004124641418457,heterogeneity_pressure,-0.954416036605835
0.0,0.15091362595558167,2,task14u/seed10/heterogeneity_pressure/episode9/step4/unit2,safety_only,21,0,-3.5545482635498047,heterogeneity_pressure,-0.6779443025588989
0.0,0.13231387734413147,0,task14u/seed10/heterogeneity_pressure/episode16/step10/unit2,safety_only,21,0,1.2149097919464111,heterogeneity_pressure,0.2335277795791626
0.0,0.09877918660640717,2,task14u/seed10/heterogeneity_pressure/episode19/step13/unit2,safety_only,21,0,0.7514597177505493,heterogeneity_pressure,0.14332281053066254
0.0,0.25321337580680847,1,task14u/seed10/heterogeneity_pressure/episode31/step34/unit2,safety_only,21,0,4.644653797149658,heterogeneity_pressure,0.82904052734375
0.0,0.10969968885183334,0,task14u/seed10/heterogeneity_pressure/episode12/step24/unit2,safety_only,21,0,1.4271763563156128,heterogeneity_pressure,0.274329274892807
0.0,0.10829643160104752,0,task14u/seed10/heterogeneity_pressure/episode16/step29/unit2,safety_only,21,0,2.4973623752593994,heterogeneity_pressure,0.48003852367401123
0.0,0.1580268144607544,0,task14u/seed10/heterogeneity_pressure/episode16/step7/unit0,safety_only,21,0,-1.786590337753296,heterogeneity_pressure,-0.34341520071029663
0.0,0.14203375577926636,0,task14u/seed10/heterogeneity_pressure/episode16/step7/unit2,safety_only,21,0,0.24341915547847748,heterogeneity_pressure,0.04678959399461746
0.0,-0.03699260577559471,2,task14u/seed10/heterogeneity_pressure/episode10/step24/unit2,safety_only,21,0,-13.305612564086914,heterogeneity_pressure,-2.537724494934082
0.0,0.17422086000442505,0,task14u/seed10/heterogeneity_pressure/episode9/step1/unit0,safety_only,21,0,-4.518146991729736,heterogeneity_pressure,-0.8684701323509216
0.0,0.16326598823070526,0,task14u/seed10/heterogeneity_pressure/episode9/step1/unit1,safety_only,21,0,-4.169653415679932,heterogeneity_pressure,-0.8014832735061646
0.0,0.12522931396961212,2,task14b/seed8/medium/episode26/step38/unit2,safety_only,21,1,6.878575801849365,medium,1.311922311782837
0.0,0.2133747637271881,1,task14b/seed8/medium/episode15/step27/unit2,safety_only,21,1,4.730130672454834,medium,0.8442975878715515
0.0,0.21664230525493622,1,task14b/seed8/medium/episode40/step32/unit2,safety_only,21,1,1.7323859930038452,medium,0.3092196583747864
0.0,0.21572430431842804,1,task14b/seed8/medium/episode28/step33/unit2,safety_only,21,1,6.323639869689941,medium,1.1287286281585693
0.0,0.296920508146286,2,task14b/seed8/medium/episode46/step31/unit0,safety_only,21,-1,1.5267081260681152,medium,0.2911827266216278
0.0,0.33415746688842773,2,task14b/seed8/medium/episode46/step31/unit2,safety_only,21,1,6.526296615600586,medium,1.2447335720062256
0.0,0.14861540496349335,0,task14b/seed8/medium/episode42/step20/unit2,safety_only,21,1,0.9728041887283325,medium,0.1869906783103943
0.0,0.11570359021425247,0,task14b/seed8/medium/episode32/step24/unit2,safety_only,21,1,0.24467384815216064,medium,0.047030769288539886
0.0,0.2941834032535553,1,task14b/seed8/medium/episode30/step38/unit2,safety_only,21,1,5.1641130447387695,medium,0.9217606782913208
0.0,0.14311151206493378,2,task14b/seed8/medium/episode26/step35/unit2,safety_only,21,1,6.98870325088501,medium,1.3329265117645264
0.0,0.09591363370418549,0,task14b/seed8/medium/episode39/step28/unit2,safety_only,21,1,3.8465166091918945,medium,0.7393705248832703
0.0,0.1151961013674736,0,task14b/seed8/medium/episode28/step30/unit2,safety_only,21,1,3.1652119159698486,medium,0.6084113717079163
0.0,0.07965265959501266,0,task14b/seed8/medium/episode15/step24/unit2,safety_only,21,1,3.4225687980651855,medium,0.6578800678253174
0.0,0.2404651939868927,1,task14b/seed8/medium/episode46/step27/unit0,safety_only,21,0,-0.24979645013809204,medium,-0.04458704590797424
0.0,0.2425413876771927,1,task14b/seed8/medium/episode46/step27/unit2,safety_only,21,1,0.04611663892865181,medium,0.008231520652770996
0.0,0.0704842135310173,2,task14b/seed8/medium/episode8/step25/unit2,safety_only,21,0,-4.183510780334473,medium,-0.7979037165641785
0.0,0.14051301777362823,0,task14b/seed8/time_pressure/episode15/step17/unit1,safety_only,21,-1,2.183363914489746,time_pressure,0.4196823239326477
0.0,0.14584332704544067,0,task14b/seed8/time_pressure/episode15/step17/unit2,safety_only,21,1,3.2397115230560303,time_pressure,0.6227315664291382
0.0,0.14380432665348053,0,task14b/seed8/time_pressure/episode36/step32/unit2,safety_only,21,1,3.2281289100646973,time_pressure,0.620505154132843
0.0,0.3018978238105774,2,task14b/seed8/time_pressure/episode17/step37/unit2,safety_only,21,1,8.30025863647461,time_pressure,1.5830740928649902
0.0,0.24681879580020905,2,task14b/seed8/time_pressure/episode15/step24/unit0,safety_only,21,1,2.3039803504943848,time_pressure,0.4394286572933197
0.0,0.32065534591674805,2,task14b/seed8/time_pressure/episode15/step24/unit2,safety_only,21,1,6.676887512207031,time_pressure,1.2734551429748535
0.0,0.28255435824394226,1,task14b/seed8/time_pressure/episode34/step27/unit2,safety_only,21,1,5.817018508911133,time_pressure,1.0383000373840332
0.0,0.13046801090240479,0,task14b/seed8/time_pressure/episode38/step24/unit0,safety_only,21,0,0.7801786065101624,time_pressure,0.14996454119682312
0.0,0.12126356363296509,0,task14b/seed8/time_pressure/episode38/step24/unit2,safety_only,21,1,1.9915810823440552,time_pressure,0.38281816244125366
0.0,0.1446269452571869,0,task14b/seed8/time_pressure/episode28/step19/unit0,safety_only,21,0,-0.761807382106781,time_pressure,-0.1464332491159439
0.0,0.1309528648853302,0,task14b/seed8/time_pressure/episode28/step19/unit1,safety_only,21,0,-0.3079616129398346,time_pressure,-0.059195827692747116
0.0,0.1212388426065445,0,task14b/seed8/time_pressure/episode28/step19/unit2,safety_only,21,0,1.3936285972595215,time_pressure,0.26788079738616943
0.0,0.21228498220443726,1,task14b/seed8/time_pressure/episode46/step29/unit2,safety_only,21,1,5.422636032104492,time_pressure,0.9679053425788879
0.0,0.31093746423721313,2,task14b/seed8/time_pressure/episode39/step15/unit2,safety_only,21,1,15.235698699951172,time_pressure,2.905841827392578
0.0,0.28961414098739624,2,task14b/seed8/time_pressure/episode21/step23/unit2,safety_only,21,1,5.850211143493652,time_pressure,1.1157865524291992
0.0,0.149754136800766,0,task14b/seed8/time_pressure/episode47/step21/unit2,safety_only,21,1,3.2103588581085205,time_pressure,0.6170894503593445
0.0,0.22288814187049866,1,task14b/seed8/time_pressure/episode3/step0/unit0,safety_only,21,0,-4.216238498687744,time_pressure,-0.752571165561676
0.0,0.208726167678833,1,task14b/seed8/time_pressure/episode3/step0/unit1,safety_only,21,0,-4.639778137207031,time_pressure,-0.8281702399253845
0.0,0.12074010819196701,0,task14b/seed8/time_pressure/episode14/step20/unit2,safety_only,21,0,1.5047413110733032,time_pressure,0.28923869132995605
0.0,0.39162978529930115,2,task14b/seed8/time_pressure/episode44/step45/unit2,safety_only,21,1,9.027166366577148,time_pressure,1.7217141389846802
0.0,0.23350456357002258,1,task14b/seed8/heterogeneity_pressure/episode21/step26/unit0,safety_only,21,0,2.604041337966919,heterogeneity_pressure,0.464804470539093
0.0,0.2355339378118515,1,task14b/seed8/heterogeneity_pressure/episode21/step26/unit2,safety_only,21,0,3.4460620880126953,heterogeneity_pressure,0.6150997281074524
0.0,0.2589123845100403,1,task14b/seed8/heterogeneity_pressure/episode14/step39/unit2,safety_only,21,0,4.715202808380127,heterogeneity_pressure,0.8416330814361572
0.0,0.20057928562164307,2,task14b/seed8/heterogeneity_pressure/episode42/step28/unit2,safety_only,21,1,3.424037218093872,heterogeneity_pressure,0.6530524492263794
0.0,0.10933011025190353,0,task14b/seed8/heterogeneity_pressure/episode13/step37/unit2,safety_only,21,1,3.7946529388427734,heterogeneity_pressure,0.7294014096260071
0.0,0.289970338344574,1,task14b/seed8/heterogeneity_pressure/episode26/step31/unit2,safety_only,21,1,4.093931674957275,heterogeneity_pressure,0.7307402491569519
0.0,0.10319223254919052,0,task14b/seed8/heterogeneity_pressure/episode31/step37/unit2,safety_only,21,0,3.2167346477508545,heterogeneity_pressure,0.6183149814605713
0.0,0.39139845967292786,2,task14b/seed8/heterogeneity_pressure/episode5/step18/unit0,safety_only,21,0,7.042084693908691,heterogeneity_pressure,1.3431077003479004
0.0,0.46918362379074097,2,task14b/seed8/heterogeneity_pressure/episode5/step18/unit2,safety_only,21,0,10.644344329833984,heterogeneity_pressure,2.030151844024658
0.0,0.0932006984949112,0,task14b/seed8/heterogeneity_pressure/episode41/step27/unit2,safety_only,21,1,3.1216185092926025,heterogeneity_pressure,0.6000319123268127
0.0,0.2735588848590851,1,task14b/seed8/heterogeneity_pressure/episode6/step25/unit2,safety_only,21,0,2.1271464824676514,heterogeneity_pressure,0.3796818256378174
0.0,0.09173619002103806,0,task14b/seed8/heterogeneity_pressure/episode30/step32/unit2,safety_only,21,1,3.1058382987976074,heterogeneity_pressure,0.5969986915588379
0.0,0.10774596035480499,2,task14b/seed8/heterogeneity_pressure/episode31/step29/unit2,safety_only,21,0,-2.719130039215088,heterogeneity_pressure,-0.5186084508895874
0.0,0.17432057857513428,2,task14b/seed8/heterogeneity_pressure/episode33/step49/unit2,safety_only,21,1,6.812923431396484,heterogeneity_pressure,1.2994006872177124
0.0,0.24028514325618744,1,task14b/seed8/heterogeneity_pressure/episode29/step0/unit0,safety_only,21,0,-5.803381443023682,heterogeneity_pressure,-1.0358659029006958
0.0,0.19954174757003784,2,task14b/seed8/heterogeneity_pressure/episode43/step49/unit2,safety_only,21,0,6.347630500793457,heterogeneity_pressure,1.2106573581695557
0.0,0.20183660089969635,1,task14b/seed10/medium/episode9/step27/unit2,safety_only,21,0,1.8112119436264038,medium,0.32328957319259644
0.0,0.0982896238565445,0,task14b/seed10/medium/episode20/step25/unit2,safety_only,21,0,2.302321434020996,medium,0.44254809617996216
0.0,0.2550261318683624,1,task14b/seed10/medium/episode33/step0/unit0,safety_only,21,0,-2.4903793334960938,medium,-0.44451653957366943
0.0,0.24094648659229279,1,task14b/seed10/medium/episode33/step0/unit1,safety_only,21,0,-1.7820717096328735,medium,-0.31808823347091675
0.0,0.21220622956752777,1,task14b/seed10/medium/episode27/step20/unit2,safety_only,21,0,5.107949256896973,medium,0.9117357730865479
0.0,0.1022593230009079,0,task14b/seed10/medium/episode44/step25/unit2,safety_only,21,0,2.5918521881103516,medium,0.4982011914253235
0.0,0.21240746974945068,1,task14b/seed10/medium/episode44/step4/unit0,safety_only,21,-1,-6.149263858795166,medium,-1.097603678703308
0.0,0.21785129606723785,1,task14b/seed10/medium/episode44/step4/unit1,safety_only,21,0,-6.366459846496582,medium,-1.1363717317581177
0.0,0.2618315815925598,1,task14b/seed10/medium/episode28/step4/unit0,safety_only,21,0,-5.206201553344727,medium,-0.9292731881141663
0.0,0.26791658997535706,1,task14b/seed10/medium/episode28/step4/unit2,safety_only,21,0,-3.2265448570251465,medium,-0.5759173035621643
0.0,0.21847279369831085,2,task14b/seed10/medium/episode44/step0/unit0,safety_only,21,0,-6.554259777069092,medium,-1.250066876411438
0.0,0.20888186991214752,2,task14b/seed10/medium/episode44/step0/unit1,safety_only,21,0,-4.655510902404785,medium,-0.8879263401031494
0.0,0.2438022643327713,1,task14b/seed10/medium/episode39/step28/unit2,safety_only,21,1,5.024256706237793,medium,0.896797239780426
0.0,0.09926632046699524,0,task14b/seed10/medium/episode2/step30/unit2,safety_only,21,0,3.0721960067749023,medium,0.5905320048332214
0.0,0.22978001832962036,1,task14b/seed10/medium/episode12/step4/unit0,safety_only,21,0,-3.2035510540008545,medium,-0.5718130469322205
0.0,0.20591682195663452,1,task14b/seed10/medium/episode12/step4/unit1,safety_only,21,0,-4.158594131469727,medium,-0.7422820925712585
0.0,0.045615751296281815,2,task14b/seed10/medium/episode24/step20/unit2,safety_only,21,0,-5.633298397064209,medium,-1.074415683746338
0.0,0.15643051266670227,2,task14b/seed10/medium/episode35/step7/unit1,safety_only,21,0,-1.4735112190246582,medium,-0.28103670477867126
0.0,0.22335465252399445,2,task14b/seed10/medium/episode35/step7/unit2,safety_only,21,0,2.1891837120056152,medium,0.4175339639186859
0.0,0.1324610412120819,0,task14b/seed10/medium/episode22/step46/unit2,safety_only,21,0,4.053067207336426,medium,0.7790732979774475
0.0,0.1930236667394638,2,task14b/seed10/time_pressure/episode44/step22/unit2,safety_only,21,0,11.205065727233887,time_pressure,2.1370959281921387
0.0,0.31742921471595764,1,task14b/seed10/time_pressure/episode18/step26/unit2,safety_only,21,0,6.432186603546143,time_pressure,1.1481035947799683
0.0,0.09948694705963135,0,task14b/seed10/time_pressure/episode31/step21/unit2,safety_only,21,1,1.8050084114074707,time_pressure,0.34695547819137573
0.0,0.13243885338306427,2,task14b/seed10/time_pressure/episode41/step18/unit2,safety_only,21,0,2.6759018898010254,time_pressure,0.5103636980056763
0.0,0.016135113313794136,2,task14b/seed10/time_pressure/episode28/step8/unit0,safety_only,21,0,-6.252622604370117,time_pressure,-1.1925368309020996
0.0,0.03075237385928631,2,task14b/seed10/time_pressure/episode28/step8/unit2,safety_only,21,0,-1.4450454711914062,time_pressure,-0.27560755610466003
0.0,0.1626068502664566,2,task14b/seed10/time_pressure/episode16/step22/unit2,safety_only,21,0,-1.9126501083374023,time_pressure,-0.3647918403148651
0.0,0.21634353697299957,1,task14b/seed10/time_pressure/episode26/step20/unit2,safety_only,21,0,4.213116645812988,time_pressure,0.7520139813423157
0.0,0.09206099063158035,0,task14b/seed10/time_pressure/episode5/step22/unit2,safety_only,21,0,4.325754165649414,time_pressure,0.8314887285232544
0.0,0.11541256308555603,0,task14b/seed10/time_pressure/episode47/step24/unit2,safety_only,21,0,2.8378255367279053,time_pressure,0.5454817414283752
0.0,0.1819218546152115,2,task14b/seed10/time_pressure/episode44/step19/unit2,safety_only,21,0,9.428168296813965,time_pressure,1.7981956005096436
0.0,0.2092950940132141,1,task14b/seed10/time_pressure/episode41/step12/unit0,safety_only,21,-1,-0.6611747741699219,time_pressure,-0.11801540851593018
0.0,0.07100788503885269,0,task14b/seed10/time_pressure/episode3/step24/unit2,safety_only,21,1,2.376389741897583,time_pressure,0.4567853808403015
0.0,0.10642486065626144,0,task14b/seed10/time_pressure/episode12/step18/unit2,safety_only,21,0,2.4555013179779053,time_pressure,0.4719920754432678
0.0,0.1532961130142212,0,task14b/seed10/time_pressure/episode30/step0/unit1,safety_only,21,0,-3.9529757499694824,time_pressure,-0.7598339319229126
0.0,0.15167668461799622,2,task14b/seed10/heterogeneity_pressure/episode18/step5/unit0,safety_only,21,0,-2.586920738220215,heterogeneity_pressure,-0.493392676115036
0.0,0.18186579644680023,2,task14b/seed10/heterogeneity_pressure/episode18/step5/unit1,safety_only,21,0,1.3477190732955933,heterogeneity_pressure,0.25704488158226013
0.0,0.18586114048957825,2,task14b/seed10/heterogeneity_pressure/episode18/step5/unit2,safety_only,21,0,2.424233913421631,heterogeneity_pressure,0.4623641073703766
0.0,0.2327045202255249,1,task14b/seed10/heterogeneity_pressure/episode10/step4/unit0,safety_only,21,0,-3.7491793632507324,heterogeneity_pressure,-0.6692041754722595
0.0,0.21006648242473602,1,task14b/seed10/heterogeneity_pressure/episode10/step4/unit1,safety_only,21,1,-3.376150131225586,heterogeneity_pressure,-0.6026208996772766
0.0,0.23214951157569885,1,task14b/seed10/heterogeneity_pressure/episode10/step4/unit2,safety_only,21,0,-2.512906312942505,heterogeneity_pressure,-0.4485374689102173
0.0,0.2831595242023468,2,task14b/seed10/heterogeneity_pressure/episode10/step0/unit0,safety_only,21,0,-1.4682013988494873,heterogeneity_pressure,-0.280023992061615
0.0,0.18015818297863007,2,task14b/seed10/heterogeneity_pressure/episode10/step0/unit1,safety_only,21,1,2.418888568878174,heterogeneity_pressure,0.4613445997238159
0.0,0.21698430180549622,1,task14b/seed10/heterogeneity_pressure/episode40/step5/unit0,safety_only,21,0,-5.935116291046143,heterogeneity_pressure,-1.0593796968460083
0.0,0.20893147587776184,1,task14b/seed10/heterogeneity_pressure/episode40/step5/unit1,safety_only,21,0,-6.784971714019775,heterogeneity_pressure,-1.211073398590088
0.0,0.25026020407676697,1,task14b/seed10/heterogeneity_pressure/episode21/step5/unit0,safety_only,21,0,-2.7932677268981934,heterogeneity_pressure,-0.4985801577568054
0.0,0.23324498534202576,1,task14b/seed10/heterogeneity_pressure/episode21/step5/unit1,safety_only,21,0,-2.527570962905884,heterogeneity_pressure,-0.45115500688552856
0.0,0.25310561060905457,1,task14b/seed10/heterogeneity_pressure/episode21/step5/unit2,safety_only,21,-1,-2.8957431316375732,heterogeneity_pressure,-0.5168713331222534
0.0,0.09981316328048706,2,task14b/seed10/heterogeneity_pressure/episode8/step6/unit0,safety_only,21,0,-0.02544429525732994,heterogeneity_pressure,-0.004852885380387306
0.0,0.10209424048662186,2,task14b/seed10/heterogeneity_pressure/episode8/step6/unit1,safety_only,21,-1,4.141705513000488,heterogeneity_pressure,0.7899303436279297
0.0,0.22846607863903046,2,task14b/seed10/heterogeneity_pressure/episode8/step6/unit2,safety_only,21,0,7.011788845062256,heterogeneity_pressure,1.3373295068740845
0.0,0.22492338716983795,1,task14b/seed10/heterogeneity_pressure/episode40/step2/unit0,safety_only,21,0,-4.898683071136475,heterogeneity_pressure,-0.8743831515312195
0.0,0.198855921626091,2,task14b/seed10/heterogeneity_pressure/episode32/step32/unit2,safety_only,21,1,1.763202428817749,heterogeneity_pressure,0.33628830313682556
0.0,0.16464342176914215,0,task14b/seed10/heterogeneity_pressure/episode8/step3/unit0,safety_only,21,0,-3.653954029083252,heterogeneity_pressure,-0.7023565173149109
0.0,0.27618515491485596,1,task14b/seed10/heterogeneity_pressure/episode4/step6/unit0,safety_only,21,0,-1.4948376417160034,heterogeneity_pressure,-0.2668188214302063
0.0,0.13730022311210632,0,task14b/seed10/heterogeneity_pressure/episode27/step5/unit0,safety_only,21,0,-2.413215398788452,heterogeneity_pressure,-0.46386393904685974
0.0,0.11629610508680344,0,task14b/seed10/heterogeneity_pressure/episode27/step5/unit1,safety_only,21,-1,-2.162468194961548,heterogeneity_pressure,-0.41566577553749084
0.0,0.12223369628190994,0,task14b/seed10/heterogeneity_pressure/episode27/step5/unit2,safety_only,21,0,-1.0930598974227905,heterogeneity_pressure,-0.2101060152053833
0.0,0.1911676675081253,0,task14b/seed10/heterogeneity_pressure/episode2/step2/unit0,safety_only,21,0,-4.614019870758057,heterogeneity_pressure,-0.8868986368179321
0.0,0.17847545444965363,0,task14b/seed10/heterogeneity_pressure/episode2/step2/unit2,safety_only,21,0,-3.0673036575317383,heterogeneity_pressure,-0.5895916223526001
0.0,0.22672592103481293,1,task14b/seed10/heterogeneity_pressure/episode5/step6/unit0,safety_only,21,0,-3.4935567378997803,heterogeneity_pressure,-0.6235771775245667
0.0,0.19773882627487183,1,task14b/seed10/heterogeneity_pressure/episode5/step6/unit1,safety_only,21,0,-3.6114718914031982,heterogeneity_pressure,-0.6446242928504944
0.0,0.12287082523107529,0,task14b/seed10/heterogeneity_pressure/episode36/step49/unit2,safety_only,21,0,2.3837034702301025,heterogeneity_pressure,0.4581912159919739
0.13304075598716736,0.2678554058074951,2,task14u/seed8/medium/episode25/step23/unit0,global_budget,21,0,-3.7567028999328613,medium,-0.8543369770050049
0.13304075598716736,0.28795090317726135,2,task14u/seed8/medium/episode25/step23/unit2,global_budget,21,1,0.024323930963873863,medium,-0.14353840053081512
0.1277882307767868,0.1487794816493988,1,task14u/seed8/medium/episode0/step26/unit2,global_budget,21,0,3.108062744140625,medium,0.4981805682182312
0.12717753648757935,0.18274180591106415,0,task14u/seed8/medium/episode18/step31/unit2,global_budget,21,0,1.6361411809921265,medium,0.24600112438201904
0.13304075598716736,0.2815876007080078,2,task14u/seed8/medium/episode5/step12/unit2,global_budget,21,0,-0.5265520811080933,medium,-0.24533021450042725
0.13304075598716736,0.0990530326962471,2,task14u/seed8/medium/episode21/step37/unit2,global_budget,21,0,-5.200419902801514,medium,-1.0428266525268555
0.13304075598716736,0.14421989023685455,2,task14u/seed8/medium/episode30/step17/unit2,global_budget,21,1,-3.7739338874816895,medium,-0.7940014004707336
0.12717753648757935,0.17527726292610168,0,task14u/seed8/medium/episode20/step26/unit2,global_budget,21,1,2.154048204421997,medium,0.3483501672744751
0.1277882307767868,0.15943941473960876,1,task14u/seed8/medium/episode1/step27/unit2,global_budget,21,0,2.329744577407837,medium,0.3552013039588928
0.1277882307767868,0.17626020312309265,1,task14u/seed8/medium/episode20/step18/unit1,global_budget,21,-1,2.6572189331054688,medium,0.40725553035736084
0.1277882307767868,0.17349345982074738,1,task14u/seed8/medium/episode20/step18/unit2,global_budget,21,0,4.208359241485596,medium,0.6851763725280762
0.12717753648757935,0.15223504602909088,0,task14u/seed8/medium/episode35/step38/unit2,global_budget,21,0,2.4070379734039307,medium,0.40561604499816895
0.12717753648757935,0.15170453488826752,0,task14u/seed8/medium/episode24/step30/unit2,global_budget,21,0,1.8758376836776733,medium,0.3037084937095642
0.1277882307767868,0.24812449514865875,1,task14u/seed8/time_pressure/episode6/step1/unit0,global_budget,21,-1,-2.83121919631958,time_pressure,-0.5997287034988403
0.1277882307767868,0.2389848232269287,1,task14u/seed8/time_pressure/episode6/step1/unit1,global_budget,21,0,-2.0781233310699463,time_pressure,-0.46182966232299805
0.1277882307767868,0.24945032596588135,1,task14u/seed8/time_pressure/episode12/step0/unit0,global_budget,21,0,-3.370915174484253,time_pressure,-0.6965652108192444
0.1277882307767868,0.24208207428455353,1,task14u/seed8/time_pressure/episode12/step0/unit1,global_budget,21,0,-3.7234039306640625,time_pressure,-0.7566796541213989
0.1277882307767868,0.19451530277729034,1,task14u/seed8/time_pressure/episode35/step22/unit2,global_budget,21,0,3.1022024154663086,time_pressure,0.47973883152008057
0.13304075598716736,0.36639025807380676,2,task14u/seed8/time_pressure/episode19/step23/unit2,global_budget,21,1,4.036588191986084,time_pressure,0.5813397765159607
0.12717753648757935,0.19934900104999542,0,task14u/seed8/time_pressure/episode4/step5/unit0,global_budget,21,-1,-1.092787742614746,time_pressure,-0.28477340936660767
0.12717753648757935,0.18361981213092804,0,task14u/seed8/time_pressure/episode4/step5/unit1,global_budget,21,0,-0.7866491675376892,time_pressure,-0.22003239393234253
0.1277882307767868,0.1911034733057022,1,task14u/seed8/time_pressure/episode33/step18/unit0,global_budget,21,-1,2.9693429470062256,time_pressure,0.45732200145721436
0.1277882307767868,0.23667539656162262,1,task14u/seed8/time_pressure/episode27/step7/unit0,global_budget,21,0,-0.5163268446922302,time_pressure,-0.1821807622909546
0.1277882307767868,0.21328222751617432,1,task14u/seed8/time_pressure/episode27/step7/unit2,global_budget,21,1,1.4263973236083984,time_pressure,0.17348051071166992
0.12717753648757935,0.15114092826843262,0,task14u/seed8/time_pressure/episode2/step25/unit2,global_budget,21,0,2.9320225715637207,time_pressure,0.5069377422332764
0.13304075598716736,0.23116560280323029,2,task14u/seed8/time_pressure/episode15/step15/unit2,global_budget,21,1,0.7442808151245117,time_pressure,0.022997327148914337
0.12717753648757935,0.2107314020395279,0,task14u/seed8/time_pressure/episode27/step12/unit0,global_budget,21,0,-0.04922739416360855,time_pressure,-0.0884484127163887
0.12717753648757935,0.1935025304555893,0,task14u/seed8/time_pressure/episode27/step12/unit2,global_budget,21,1,0.9233545064926147,time_pressure,0.10495723783969879
0.13304075598716736,0.24670563638210297,2,task14u/seed8/time_pressure/episode22/step8/unit0,global_budget,21,0,-0.9355447888374329,time_pressure,-0.30538564920425415
0.13304075598716736,0.32954928278923035,2,task14u/seed8/time_pressure/episode22/step8/unit1,global_budget,21,-1,3.751615524291992,time_pressure,0.5459462404251099
0.13304075598716736,0.31266647577285767,2,task14u/seed8/time_pressure/episode22/step8/unit2,global_budget,21,0,2.7407515048980713,time_pressure,0.36183610558509827
0.12717753648757935,0.20137012004852295,0,task14u/seed8/heterogeneity_pressure/episode20/step29/unit0,global_budget,21,1,0.9522642493247986,heterogeneity_pressure,0.10756529122591019
0.12717753648757935,0.18411661684513092,0,task14u/seed8/heterogeneity_pressure/episode20/step29/unit2,global_budget,21,-1,1.9927345514297485,heterogeneity_pressure,0.3140295743942261
0.13304075598716736,0.1790023297071457,2,task14u/seed8/heterogeneity_pressure/episode35/step28/unit2,global_budget,21,0,0.3700805902481079,heterogeneity_pressure,-0.021529465913772583
0.12717753648757935,0.142557293176651,0,task14u/seed8/heterogeneity_pressure/episode16/step48/unit2,global_budget,21,0,3.5351216793060303,heterogeneity_pressure,0.626081645488739
0.12717753648757935,0.15162906050682068,0,task14u/seed8/heterogeneity_pressure/episode12/step25/unit2,global_budget,21,1,2.3224871158599854,heterogeneity_pressure,0.3895909786224365
0.1277882307767868,0.1687384992837906,1,task14u/seed8/heterogeneity_pressure/episode21/step21/unit2,global_budget,21,0,1.3814010620117188,heterogeneity_pressure,0.1823912262916565
0.13304075598716736,0.1507049947977066,2,task14u/seed8/heterogeneity_pressure/episode4/step5/unit0,global_budget,21,0,-2.7103567123413086,heterogeneity_pressure,-0.5944868922233582
0.13304075598716736,0.15789920091629028,2,task14u/seed8/heterogeneity_pressure/episode4/step5/unit2,global_budget,21,0,-1.200432538986206,heterogeneity_pressure,-0.31020742654800415
0.12717753648757935,0.14553476870059967,0,task14u/seed8/heterogeneity_pressure/episode6/step38/unit2,global_budget,21,0,2.79362154006958,heterogeneity_pressure,0.48243582248687744
0.1277882307767868,0.174184650182724,1,task14u/seed8/heterogeneity_pressure/episode25/step17/unit2,global_budget,21,0,1.8044698238372803,heterogeneity_pressure,0.25583481788635254
0.1277882307767868,0.154588520526886,1,task14u/seed8/heterogeneity_pressure/episode11/step49/unit2,global_budget,21,0,3.695908308029175,heterogeneity_pressure,0.6008976697921753
0.12717753648757935,0.19525925815105438,0,task14u/seed8/heterogeneity_pressure/episode19/step11/unit0,global_budget,21,0,0.038869742304086685,heterogeneity_pressure,-0.06571529805660248
0.13304075598716736,0.10705649852752686,2,task14u/seed8/heterogeneity_pressure/episode30/step25/unit2,global_budget,21,0,-6.9416117668151855,heterogeneity_pressure,-1.379035472869873
0.12717753648757935,0.20199798047542572,0,task14u/seed10/medium/episode30/step5/unit0,global_budget,21,0,-0.9815364480018616,medium,-0.2643817365169525
0.12717753648757935,0.1917216032743454,0,task14u/seed10/medium/episode30/step5/unit1,global_budget,21,0,-0.7352228164672852,medium,-0.21318399906158447
0.1277882307767868,0.1379137635231018,1,task14u/seed10/medium/episode33/step12/unit2,global_budget,21,-1,0.8479810357093811,medium,0.09890343993902206
0.12717753648757935,0.18072468042373657,0,task14u/seed10/medium/episode32/step36/unit2,global_budget,21,0,1.120640516281128,medium,0.14766858518123627
0.13304075598716736,0.24834761023521423,2,task14u/seed10/medium/episode21/step6/unit1,global_budget,21,-1,1.2026292085647583,medium,0.10157448053359985
0.13304075598716736,0.31612902879714966,2,task14u/seed10/medium/episode21/step6/unit2,global_budget,21,0,4.833040237426758,medium,0.7591078877449036
0.13304075598716736,0.07536621391773224,2,task14u/seed10/medium/episode35/step28/unit2,global_budget,21,0,-1.1181809902191162,medium,-0.25204896926879883
0.12717753648757935,0.16170422732830048,0,task14u/seed10/medium/episode8/step13/unit2,global_budget,21,0,0.2004237174987793,medium,-0.022084634751081467
0.12717753648757935,0.1531926840543747,0,task14u/seed10/medium/episode13/step19/unit2,global_budget,21,0,1.710304856300354,medium,0.2713322937488556
0.13304075598716736,0.06972464174032211,2,task14u/seed10/medium/episode19/step7/unit0,global_budget,21,-1,-5.4137187004089355,medium,-1.0684159994125366
0.13304075598716736,0.1384323388338089,2,task14u/seed10/medium/episode19/step7/unit2,global_budget,21,-1,-1.7947357892990112,medium,-0.4135389029979706
0.12717753648757935,0.2104797512292862,0,task14u/seed10/medium/episode9/step0/unit0,global_budget,21,0,-1.9907493591308594,medium,-0.4615499675273895
0.12717753648757935,0.19791334867477417,0,task14u/seed10/medium/episode9/step0/unit1,global_budget,21,0,-1.7866977453231812,medium,-0.41761744022369385
0.13304075598716736,0.2634636461734772,2,task14u/seed10/medium/episode28/step24/unit2,global_budget,21,0,5.12801456451416,medium,0.8424683809280396
0.13304075598716736,0.08538476377725601,2,task14u/seed10/medium/episode17/step30/unit2,global_budget,21,0,-1.8263763189315796,medium,-0.3922756314277649
0.1277882307767868,0.11832944303750992,1,task14u/seed10/time_pressure/episode32/step15/unit2,global_budget,21,0,3.2285923957824707,time_pressure,0.5312760472297668
0.1277882307767868,0.22567792236804962,1,task14u/seed10/time_pressure/episode28/step12/unit0,global_budget,21,-1,0.8045538663864136,time_pressure,0.05777076631784439
0.1277882307767868,0.2148607224225998,1,task14u/seed10/time_pressure/episode28/step12/unit1,global_budget,21,-1,0.8653804063796997,time_pressure,0.07274223864078522
0.1277882307767868,0.2026750147342682,1,task14u/seed10/time_pressure/episode28/step12/unit2,global_budget,21,0,1.5579098463058472,time_pressure,0.20098909735679626
0.13304075598716736,0.19208185374736786,2,task14u/seed10/time_pressure/episode20/step18/unit2,global_budget,21,0,-0.17249158024787903,time_pressure,-0.1317426562309265
0.1277882307767868,0.1724141389131546,1,task14u/seed10/time_pressure/episode27/step14/unit2,global_budget,21,0,2.8049302101135254,time_pressure,0.43508392572402954
0.13304075598716736,0.24157389998435974,2,task14u/seed10/time_pressure/episode1/step27/unit2,global_budget,21,0,11.540138244628906,time_pressure,2.076690435409546
0.1277882307767868,0.1999455988407135,1,task14u/seed10/time_pressure/episode18/step12/unit2,global_budget,21,0,3.8575282096862793,time_pressure,0.612494170665741
0.13304075598716736,0.14129534363746643,2,task14u/seed10/time_pressure/episode30/step14/unit2,global_budget,21,0,-10.386749267578125,time_pressure,-2.0537314414978027
0.12717753648757935,0.1525220274925232,0,task14u/seed10/time_pressure/episode0/step17/unit2,global_budget,21,0,1.3886646032333374,time_pressure,0.20975854992866516
0.12717753648757935,0.14959265291690826,0,task14u/seed10/time_pressure/episode27/step15/unit2,global_budget,21,0,1.1852272748947144,time_pressure,0.1717521846294403
0.1277882307767868,0.1737634539604187,1,task14u/seed10/time_pressure/episode8/step25/unit2,global_budget,21,0,3.3898465633392334,time_pressure,0.5389744639396667
0.12717753648757935,0.23092985153198242,0,task14u/seed10/time_pressure/episode6/step3/unit0,global_budget,21,0,-1.641570806503296,time_pressure,-0.40209656953811646
0.12717753648757935,0.21118205785751343,0,task14u/seed10/time_pressure/episode6/step3/unit1,global_budget,21,0,-1.1206198930740356,time_pressure,-0.29455846548080444
0.1277882307767868,0.14653010666370392,1,task14u/seed10/heterogeneity_pressure/episode12/step30/unit2,global_budget,21,0,3.2551109790802,heterogeneity_pressure,0.5252832770347595
0.13304075598716736,0.09970145672559738,2,task14u/seed10/heterogeneity_pressure/episode28/step27/unit2,global_budget,21,0,-3.742288827896118,heterogeneity_pressure,-0.7650569677352905
0.13304075598716736,0.14252109825611115,2,task14u/seed10/heterogeneity_pressure/episode9/step4/unit1,global_budget,21,0,-2.6158506870269775,heterogeneity_pressure,-0.5722507834434509
0.13304075598716736,0.17200765013694763,2,task14u/seed10/heterogeneity_pressure/episode9/step4/unit2,global_budget,21,0,-1.3636358976364136,heterogeneity_pressure,-0.34859463572502136
0.12717753648757935,0.1727517992258072,0,task14u/seed10/heterogeneity_pressure/episode16/step10/unit2,global_budget,21,0,0.9155175089836121,heterogeneity_pressure,0.1112285777926445
0.13304075598716736,0.10757636278867722,2,task14u/seed10/heterogeneity_pressure/episode19/step13/unit2,global_budget,21,0,0.13192975521087646,heterogeneity_pressure,-0.03019566275179386
0.1277882307767868,0.1461239755153656,1,task14u/seed10/heterogeneity_pressure/episode31/step34/unit2,global_budget,21,0,4.66166877746582,heterogeneity_pressure,0.7764992117881775
0.12717753648757935,0.15485303103923798,0,task14u/seed10/heterogeneity_pressure/episode12/step24/unit2,global_budget,21,0,1.0285440683364868,heterogeneity_pressure,0.13966314494609833
0.12717753648757935,0.15166683495044708,0,task14u/seed10/heterogeneity_pressure/episode16/step29/unit2,global_budget,21,0,1.6091302633285522,heterogeneity_pressure,0.2524566352367401
0.12717753648757935,0.20875754952430725,0,task14u/seed10/heterogeneity_pressure/episode16/step7/unit0,global_budget,21,0,-0.8839802742004395,heterogeneity_pressure,-0.24816328287124634
0.12717753648757935,0.1825960874557495,0,task14u/seed10/heterogeneity_pressure/episode16/step7/unit2,global_budget,21,0,0.33747753500938416,heterogeneity_pressure,-0.003571048378944397
0.13304075598716736,0.08804728090763092,2,task14u/seed10/heterogeneity_pressure/episode10/step24/unit2,global_budget,21,0,-10.130516052246094,heterogeneity_pressure,-1.9774600267410278
0.12717753648757935,0.23351433873176575,0,task14u/seed10/heterogeneity_pressure/episode9/step1/unit0,global_budget,21,0,-2.384535074234009,heterogeneity_pressure,-0.5458765029907227
0.12717753648757935,0.21533803641796112,0,task14u/seed10/heterogeneity_pressure/episode9/step1/unit1,global_budget,21,0,-2.2240471839904785,heterogeneity_pressure,-0.5082150101661682
0.13304075598716736,0.17563921213150024,2,task14b/seed8/medium/episode26/step38/unit2,global_budget,21,1,8.421439170837402,medium,1.5158034563064575
0.1277882307767868,0.1287519782781601,1,task14b/seed8/medium/episode15/step27/unit2,global_budget,21,1,3.874539375305176,medium,0.6426091194152832
0.1277882307767868,0.14005516469478607,1,task14b/seed8/medium/episode40/step32/unit2,global_budget,21,1,2.189545154571533,medium,0.33754944801330566
0.1277882307767868,0.11833488941192627,1,task14b/seed8/medium/episode28/step33/unit2,global_budget,21,1,5.310536861419678,medium,0.9028875231742859
0.13304075598716736,0.3179653584957123,2,task14b/seed8/medium/episode46/step31/unit0,global_budget,21,-1,3.3203303813934326,medium,0.4696500301361084
0.13304075598716736,0.34986358880996704,2,task14b/seed8/medium/episode46/step31/unit2,global_budget,21,1,6.510615348815918,medium,1.061705231666565
0.12717753648757935,0.1729978322982788,0,task14b/seed8/medium/episode42/step20/unit2,global_budget,21,1,0.7280315160751343,medium,0.07509814202785492
0.12717753648757935,0.1657402664422989,0,task14b/seed8/medium/episode32/step24/unit2,global_budget,21,1,0.3554205894470215,medium,0.0061957985162734985
0.1277882307767868,0.18240512907505035,1,task14b/seed8/medium/episode30/step38/unit2,global_budget,21,1,4.670574188232422,medium,0.764289140701294
0.13304075598716736,0.18226899206638336,2,task14b/seed8/medium/episode26/step35/unit2,global_budget,21,1,8.306464195251465,medium,1.4904630184173584
0.12717753648757935,0.13077707588672638,0,task14b/seed8/medium/episode39/step28/unit2,global_budget,21,1,2.43673038482666,medium,0.4193662703037262
0.12717753648757935,0.15656787157058716,0,task14b/seed8/medium/episode28/step30/unit2,global_budget,21,1,1.996806263923645,medium,0.32513800263404846
0.12717753648757935,0.14130300283432007,0,task14b/seed8/medium/episode15/step24/unit2,global_budget,21,1,2.0891835689544678,medium,0.3486161530017853
0.1277882307767868,0.18634448945522308,1,task14b/seed8/medium/episode46/step27/unit0,global_budget,21,0,-0.27458107471466064,medium,-0.11988729983568192
0.1277882307767868,0.17896005511283875,1,task14b/seed8/medium/episode46/step27/unit2,global_budget,21,1,0.6115843653678894,medium,0.04109616577625275
0.13304075598716736,0.14455389976501465,2,task14b/seed8/medium/episode8/step25/unit2,global_budget,21,0,-1.8537973165512085,medium,-0.4279535710811615
0.12717753648757935,0.1721508502960205,0,task14b/seed8/time_pressure/episode15/step17/unit1,global_budget,21,-1,1.379912257194519,time_pressure,0.2007189691066742
0.12717753648757935,0.16925320029258728,0,task14b/seed8/time_pressure/episode15/step17/unit2,global_budget,21,1,2.076112985610962,time_pressure,0.3356274962425232
0.12717753648757935,0.168954998254776,0,task14b/seed8/time_pressure/episode36/step32/unit2,global_budget,21,1,2.0272603034973145,time_pressure,0.3263489007949829
0.13304075598716736,0.25343945622444153,2,task14b/seed8/time_pressure/episode17/step37/unit2,global_budget,21,1,7.800349712371826,time_pressure,1.357310175895691
0.13304075598716736,0.3333902359008789,2,task14b/seed8/time_pressure/episode15/step24/unit0,global_budget,21,1,4.587143421173096,time_pressure,0.7033264636993408
0.13304075598716736,0.36856698989868164,2,task14b/seed8/time_pressure/episode15/step24/unit2,global_budget,21,1,7.694940090179443,time_pressure,1.2779619693756104
0.1277882307767868,0.17130698263645172,1,task14b/seed8/time_pressure/episode34/step27/unit2,global_budget,21,1,4.933304786682129,time_pressure,0.815406084060669
0.12717753648757935,0.18213431537151337,0,task14b/seed8/time_pressure/episode38/step24/unit0,global_budget,21,0,0.4816749393939972,time_pressure,0.024319395422935486
0.12717753648757935,0.1687001883983612,0,task14b/seed8/time_pressure/episode38/step24/unit2,global_budget,21,1,1.2199684381484985,time_pressure,0.17126819491386414
0.12717753648757935,0.1924729198217392,0,task14b/seed8/time_pressure/episode28/step19/unit0,global_budget,21,0,-0.41349339485168457,time_pressure,-0.15162336826324463
0.12717753648757935,0.17981816828250885,0,task14b/seed8/time_pressure/episode28/step19/unit1,global_budget,21,0,-0.19931505620479584,time_pressure,-0.10571114718914032
0.12717753648757935,0.16448836028575897,0,task14b/seed8/time_pressure/episode28/step19/unit2,global_budget,21,0,0.8677188754081726,time_pressure,0.10513809323310852
0.1277882307767868,0.11554349213838577,1,task14b/seed8/time_pressure/episode46/step29/unit2,global_budget,21,1,4.750614166259766,time_pressure,0.8040066957473755
0.13304075598716736,0.2617601752281189,2,task14b/seed8/time_pressure/episode39/step15/unit2,global_budget,21,1,13.822521209716797,time_pressure,2.5016121864318848
0.13304075598716736,0.20798619091510773,2,task14b/seed8/time_pressure/episode21/step23/unit2,global_budget,21,1,5.009219646453857,time_pressure,0.8483594655990601
0.12717753648757935,0.18144620954990387,0,task14b/seed8/time_pressure/episode47/step21/unit2,global_budget,21,1,2.0670042037963867,time_pressure,0.3293064534664154
0.1277882307767868,0.2006450742483139,1,task14b/seed8/time_pressure/episode3/step0/unit0,global_budget,21,0,-2.9421133995056152,time_pressure,-0.6014637351036072
0.1277882307767868,0.19683533906936646,1,task14b/seed8/time_pressure/episode3/step0/unit1,global_budget,21,0,-3.2485084533691406,time_pressure,-0.654704213142395
0.12717753648757935,0.16374240815639496,0,task14b/seed8/time_pressure/episode14/step20/unit2,global_budget,21,0,1.0732450485229492,time_pressure,0.14492356777191162
0.13304075598716736,0.28313004970550537,2,task14b/seed8/time_pressure/episode44/step45/unit2,global_budget,21,1,8.409162521362305,time_pressure,1.4581478834152222
0.1277882307767868,0.15361562371253967,1,task14b/seed8/heterogeneity_pressure/episode21/step26/unit0,global_budget,21,0,2.021420478820801,heterogeneity_pressure,0.30238252878189087
0.1277882307767868,0.14118283987045288,1,task14b/seed8/heterogeneity_pressure/episode21/step26/unit2,global_budget,21,0,3.2286922931671143,heterogeneity_pressure,0.5226015448570251
0.1277882307767868,0.15672044456005096,1,task14b/seed8/heterogeneity_pressure/episode14/step39/unit2,global_budget,21,0,4.276919841766357,heterogeneity_pressure,0.7037936449050903
0.13304075598716736,0.262584924697876,2,task14b/seed8/heterogeneity_pressure/episode42/step28/unit2,global_budget,21,1,4.207662582397461,heterogeneity_pressure,0.6673856377601624
0.12717753648757935,0.14539730548858643,0,task14b/seed8/heterogeneity_pressure/episode13/step37/unit2,global_budget,21,1,2.2939019203186035,heterogeneity_pressure,0.38643214106559753
0.1277882307767868,0.17540979385375977,1,task14b/seed8/heterogeneity_pressure/episode26/step31/unit2,global_budget,21,1,4.2938127517700195,heterogeneity_pressure,0.6997003555297852
0.12717753648757935,0.1465039998292923,0,task14b/seed8/heterogeneity_pressure/episode31/step37/unit2,global_budget,21,0,1.9680945873260498,heterogeneity_pressure,0.32339122891426086
0.13304075598716736,0.41234147548675537,2,task14b/seed8/heterogeneity_pressure/episode5/step18/unit0,global_budget,21,0,6.442986011505127,heterogeneity_pressure,1.0166559219360352
0.13304075598716736,0.46055981516838074,2,task14b/seed8/heterogeneity_pressure/episode5/step18/unit2,global_budget,21,0,8.514952659606934,heterogeneity_pressure,1.3870207071304321
0.12717753648757935,0.14080063998699188,0,task14b/seed8/heterogeneity_pressure/episode41/step27/unit2,global_budget,21,1,1.948487401008606,heterogeneity_pressure,0.3217600882053375
0.1277882307767868,0.18299497663974762,1,task14b/seed8/heterogeneity_pressure/episode6/step25/unit2,global_budget,21,0,2.633716106414795,heterogeneity_pressure,0.4004988670349121
0.12717753648757935,0.13345244526863098,0,task14b/seed8/heterogeneity_pressure/episode30/step32/unit2,global_budget,21,1,1.8764492273330688,heterogeneity_pressure,0.3106672763824463
0.13304075598716736,0.1461685746908188,2,task14b/seed8/heterogeneity_pressure/episode31/step29/unit2,global_budget,21,0,-2.288090229034424,heterogeneity_pressure,-0.5116153359413147
0.13304075598716736,0.13856546580791473,2,task14b/seed8/heterogeneity_pressure/episode33/step49/unit2,global_budget,21,1,6.499614715576172,heterogeneity_pressure,1.168339729309082
0.1277882307767868,0.23117145895957947,1,task14b/seed8/heterogeneity_pressure/episode29/step0/unit0,global_budget,21,0,-4.276674747467041,heterogeneity_pressure,-0.8512849807739258
0.13304075598716736,0.14361867308616638,2,task14b/seed8/heterogeneity_pressure/episode43/step49/unit2,global_budget,21,0,7.283157825469971,heterogeneity_pressure,1.3151813745498657
0.1277882307767868,0.13730047643184662,1,task14b/seed10/medium/episode9/step27/unit2,global_budget,21,0,2.2417871952056885,medium,0.34792205691337585
0.12717753648757935,0.1469254493713379,0,task14b/seed10/medium/episode20/step25/unit2,global_budget,21,0,1.6173228025436401,medium,0.2558085322380066
0.1277882307767868,0.22287364304065704,1,task14b/seed10/medium/episode33/step0/unit0,global_budget,21,0,-2.022346258163452,medium,-0.44574594497680664
0.1277882307767868,0.21253307163715363,1,task14b/seed10/medium/episode33/step0/unit1,global_budget,21,0,-1.726982831954956,medium,-0.38909244537353516
0.1277882307767868,0.12439329922199249,1,task14b/seed10/medium/episode27/step20/unit2,global_budget,21,0,3.841102361679077,medium,0.6382986903190613
0.12717753648757935,0.15161773562431335,0,task14b/seed10/medium/episode44/step25/unit2,global_budget,21,0,1.7492210865020752,medium,0.27940303087234497
0.1277882307767868,0.21856456995010376,1,task14b/seed10/medium/episode44/step4/unit0,global_budget,21,-1,-4.602422714233398,medium,-0.9046338796615601
0.1277882307767868,0.22633661329746246,1,task14b/seed10/medium/episode44/step4/unit1,global_budget,21,0,-4.793950080871582,medium,-0.9417763352394104
0.1277882307767868,0.23424986004829407,1,task14b/seed10/medium/episode28/step4/unit0,global_budget,21,0,-3.8380374908447266,medium,-0.7741619944572449
0.1277882307767868,0.21936753392219543,1,task14b/seed10/medium/episode28/step4/unit2,global_budget,21,0,-1.8225648403167725,medium,-0.4087526798248291
0.13304075598716736,0.21278667449951172,2,task14b/seed10/medium/episode44/step0/unit0,global_budget,21,0,-6.8288702964782715,medium,-1.4119408130645752
0.13304075598716736,0.22358453273773193,2,task14b/seed10/medium/episode44/step0/unit1,global_budget,21,0,-4.743053913116455,medium,-1.0196782350540161
0.1277882307767868,0.14631347358226776,1,task14b/seed10/medium/episode39/step28/unit2,global_budget,21,1,4.934685707092285,medium,0.8251588344573975
0.12717753648757935,0.14957506954669952,0,task14b/seed10/medium/episode2/step30/unit2,global_budget,21,0,1.8716858625411987,medium,0.30370861291885376
0.1277882307767868,0.20891405642032623,1,task14b/seed10/medium/episode12/step4/unit0,global_budget,21,0,-2.3753502368927,medium,-0.5034453272819519
0.1277882307767868,0.20175188779830933,1,task14b/seed10/medium/episode12/step4/unit1,global_budget,21,0,-3.351832389831543,medium,-0.6750168800354004
0.13304075598716736,0.1727876365184784,2,task14b/seed10/medium/episode24/step20/unit2,global_budget,21,0,-4.099288463592529,medium,-0.870755672454834
0.13304075598716736,0.214244544506073,2,task14b/seed10/medium/episode35/step7/unit1,global_budget,21,0,0.4614139199256897,medium,-0.022245243191719055
0.13304075598716736,0.26071110367774963,2,task14b/seed10/medium/episode35/step7/unit2,global_budget,21,0,4.636823654174805,medium,0.750201940536499
0.12717753648757935,0.16315145790576935,0,task14b/seed10/medium/episode22/step46/unit2,global_budget,21,0,2.444749593734741,medium,0.40877318382263184
0.13304075598716736,0.22946247458457947,2,task14b/seed10/time_pressure/episode44/step22/unit2,global_budget,21,0,10.861543655395508,time_pressure,1.9534974098205566
0.1277882307767868,0.19105717539787292,1,task14b/seed10/time_pressure/episode18/step26/unit2,global_budget,21,0,5.685583114624023,time_pressure,0.9421707987785339
0.12717753648757935,0.1520324945449829,0,task14b/seed10/time_pressure/episode31/step21/unit2,global_budget,21,1,1.2683384418487549,time_pressure,0.18681317567825317
0.13304075598716736,0.20328298211097717,2,task14b/seed10/time_pressure/episode41/step18/unit2,global_budget,21,0,4.0110602378845215,time_pressure,0.6604048609733582
0.13304075598716736,0.1329629123210907,2,task14b/seed10/time_pressure/episode28/step8/unit0,global_budget,21,0,-4.108955383300781,time_pressure,-0.8521059155464172
0.13304075598716736,0.14157025516033173,2,task14b/seed10/time_pressure/episode28/step8/unit2,global_budget,21,0,0.29488128423690796,time_pressure,-0.016609616577625275
0.13304075598716736,0.16309717297554016,2,task14b/seed10/time_pressure/episode16/step22/unit2,global_budget,21,0,-0.7634566426277161,time_pressure,-0.2295396476984024
0.1277882307767868,0.1382674127817154,1,task14b/seed10/time_pressure/episode26/step20/unit2,global_budget,21,0,3.2079548835754395,time_pressure,0.52000892162323
0.12717753648757935,0.13817358016967773,0,task14b/seed10/time_pressure/episode5/step22/unit2,global_budget,21,0,2.620920181274414,time_pressure,0.45199859142303467
0.12717753648757935,0.15490563213825226,0,task14b/seed10/time_pressure/episode47/step24/unit2,global_budget,21,0,1.754533290863037,time_pressure,0.2791917622089386
0.13304075598716736,0.21845340728759766,2,task14b/seed10/time_pressure/episode44/step19/unit2,global_budget,21,0,9.386624336242676,time_pressure,1.6778573989868164
0.1277882307767868,0.16794246435165405,1,task14b/seed10/time_pressure/episode41/step12/unit0,global_budget,21,-1,-0.3830000162124634,time_pressure,-0.1322401463985443
0.12717753648757935,0.13263052701950073,0,task14b/seed10/time_pressure/episode3/step24/unit2,global_budget,21,1,1.582625150680542,time_pressure,0.2544970214366913
0.12717753648757935,0.1525452733039856,0,task14b/seed10/time_pressure/episode12/step18/unit2,global_budget,21,0,1.5721867084503174,time_pressure,0.2450261414051056
0.12717753648757935,0.20329800248146057,0,task14b/seed10/time_pressure/episode30/step0/unit1,global_budget,21,0,-1.942234754562378,time_pressure,-0.44953271746635437
0.13304075598716736,0.16150063276290894,2,task14b/seed10/heterogeneity_pressure/episode18/step5/unit0,global_budget,21,0,-1.5347023010253906,heterogeneity_pressure,-0.3758145570755005
0.13304075598716736,0.19025205075740814,2,task14b/seed10/heterogeneity_pressure/episode18/step5/unit1,global_budget,21,0,1.8136451244354248,heterogeneity_pressure,0.24800658226013184
0.13304075598716736,0.2024395614862442,2,task14b/seed10/heterogeneity_pressure/episode18/step5/unit2,global_budget,21,0,5.124802589416504,heterogeneity_pressure,0.8732583522796631
0.1277882307767868,0.20925526320934296,1,task14b/seed10/heterogeneity_pressure/episode10/step4/unit0,global_budget,21,0,-2.996800184249878,heterogeneity_pressure,-0.6144998669624329
0.1277882307767868,0.1953740268945694,1,task14b/seed10/heterogeneity_pressure/episode10/step4/unit1,global_budget,21,1,-2.695847749710083,heterogeneity_pressure,-0.5555020570755005
0.1277882307767868,0.19581018388271332,1,task14b/seed10/heterogeneity_pressure/episode10/step4/unit2,global_budget,21,0,-1.4373865127563477,heterogeneity_pressure,-0.33104079961776733
0.13304075598716736,0.24888266623020172,2,task14b/seed10/heterogeneity_pressure/episode10/step0/unit0,global_budget,21,0,-2.2690627574920654,heterogeneity_pressure,-0.5608423352241516
0.13304075598716736,0.20964087545871735,2,task14b/seed10/heterogeneity_pressure/episode10/step0/unit1,global_budget,21,1,0.8990176320075989,heterogeneity_pressure,0.06358612328767776
0.1277882307767868,0.21832972764968872,1,task14b/seed10/heterogeneity_pressure/episode40/step5/unit0,global_budget,21,0,-4.356202602386475,heterogeneity_pressure,-0.8605958223342896
0.1277882307767868,0.2210882604122162,1,task14b/seed10/heterogeneity_pressure/episode40/step5/unit1,global_budget,21,0,-4.75849723815918,heterogeneity_pressure,-0.9334520697593689
0.1277882307767868,0.21325033903121948,1,task14b/seed10/heterogeneity_pressure/episode21/step5/unit0,global_budget,21,0,-1.7897183895111084,heterogeneity_pressure,-0.40056315064430237
0.1277882307767868,0.2019808143377304,1,task14b/seed10/heterogeneity_pressure/episode21/step5/unit1,global_budget,21,0,-1.6193349361419678,heterogeneity_pressure,-0.36586442589759827
0.1277882307767868,0.20879966020584106,1,task14b/seed10/heterogeneity_pressure/episode21/step5/unit2,global_budget,21,-1,-1.1753326654434204,heterogeneity_pressure,-0.28920644521713257
0.13304075598716736,0.1432182639837265,2,task14b/seed10/heterogeneity_pressure/episode8/step6/unit0,global_budget,21,0,-0.164472296833992,heterogeneity_pressure,-0.10506828874349594
0.13304075598716736,0.18648262321949005,2,task14b/seed10/heterogeneity_pressure/episode8/step6/unit1,global_budget,21,-1,2.869615077972412,heterogeneity_pressure,0.45134711265563965
0.13304075598716736,0.25019752979278564,2,task14b/seed10/heterogeneity_pressure/episode8/step6/unit2,global_budget,21,0,5.6002397537231445,heterogeneity_pressure,0.9393606185913086
0.1277882307767868,0.21588826179504395,1,task14b/seed10/heterogeneity_pressure/episode40/step2/unit0,global_budget,21,0,-3.8167314529418945,heterogeneity_pressure,-0.7633751630783081
0.13304075598716736,0.14200477302074432,2,task14b/seed10/heterogeneity_pressure/episode32/step32/unit2,global_budget,21,1,3.56935715675354,heterogeneity_pressure,0.6076940298080444
0.12717753648757935,0.2225474864244461,0,task14b/seed10/heterogeneity_pressure/episode8/step3/unit0,global_budget,21,0,-1.863277554512024,heterogeneity_pressure,-0.4415707588195801
0.1277882307767868,0.22194410860538483,1,task14b/seed10/heterogeneity_pressure/episode4/step6/unit0,global_budget,21,0,-1.0660030841827393,heterogeneity_pressure,-0.2746913433074951
0.12717753648757935,0.20561443269252777,0,task14b/seed10/heterogeneity_pressure/episode27/step5/unit0,global_budget,21,0,-1.2391403913497925,heterogeneity_pressure,-0.31525343656539917
0.12717753648757935,0.1862981766462326,0,task14b/seed10/heterogeneity_pressure/episode27/step5/unit1,global_budget,21,-1,-1.080170750617981,heterogeneity_pressure,-0.27745646238327026
0.12717753648757935,0.18603944778442383,0,task14b/seed10/heterogeneity_pressure/episode27/step5/unit2,global_budget,21,0,-0.40877655148506165,heterogeneity_pressure,-0.14830531179904938
0.12717753648757935,0.24867922067642212,0,task14b/seed10/heterogeneity_pressure/episode2/step2/unit0,global_budget,21,0,-2.499298095703125,heterogeneity_pressure,-0.5736201405525208
0.12717753648757935,0.2244568020105362,0,task14b/seed10/heterogeneity_pressure/episode2/step2/unit2,global_budget,21,0,-1.5440021753311157,heterogeneity_pressure,-0.38091588020324707
0.1277882307767868,0.19630169868469238,1,task14b/seed10/heterogeneity_pressure/episode5/step6/unit0,global_budget,21,0,-2.4955170154571533,heterogeneity_pressure,-0.5200971961021423
0.1277882307767868,0.18004731833934784,1,task14b/seed10/heterogeneity_pressure/episode5/step6/unit1,global_budget,21,0,-2.6050572395324707,heterogeneity_pressure,-0.5334670543670654
0.12717753648757935,0.15767720341682434,0,task14b/seed10/heterogeneity_pressure/episode36/step49/unit2,global_budget,21,0,1.4354581832885742,heterogeneity_pressure,0.2168208807706833
1.6148608922958374,0.26711025834083557,2,task14u/seed8/medium/episode25/step23/unit0,state_budget,21,0,-1.6311196088790894,medium,-1.979515790939331
1.1127632856369019,0.2403779923915863,2,task14u/seed8/medium/episode25/step23/unit2,state_budget,21,1,1.366319179534912,medium,-0.7740182280540466
1.392446517944336,0.40342122316360474,1,task14u/seed8/medium/episode0/step26/unit2,state_budget,21,0,2.8074307441711426,medium,-1.170872449874878
1.1539998054504395,0.23766864836215973,0,task14u/seed8/medium/episode18/step31/unit2,state_budget,21,0,3.8184142112731934,medium,-0.07436025142669678
0.9745433926582336,0.22499407827854156,2,task14u/seed8/medium/episode5/step12/unit2,state_budget,21,0,1.5452580451965332,medium,-0.5533883571624756
0.8068563938140869,0.19470620155334473,2,task14u/seed8/medium/episode21/step37/unit2,state_budget,21,0,2.473682403564453,medium,-0.13585755228996277
1.105508804321289,0.23392289876937866,2,task14u/seed8/medium/episode30/step17/unit2,state_budget,21,1,-1.407063364982605,medium,-1.2686268091201782
1.0481096506118774,0.241018608212471,0,task14u/seed8/medium/episode20/step26/unit2,state_budget,21,1,4.710153579711914,medium,0.16087192296981812
4.894381046295166,0.24690379202365875,1,task14u/seed8/medium/episode1/step27/unit2,state_budget,21,0,1.6487152576446533,medium,-3.302541494369507
0.6563098430633545,0.16402460634708405,1,task14u/seed8/medium/episode20/step18/unit1,state_budget,21,-1,9.92507553100586,medium,1.4511473178863525
0.04360082745552063,0.3724469840526581,1,task14u/seed8/medium/episode20/step18/unit2,state_budget,21,0,10.791261672973633,medium,1.8778362274169922
1.0134756565093994,0.15499167144298553,0,task14u/seed8/medium/episode35/step38/unit2,state_budget,21,0,5.877921104431152,medium,0.6668955087661743
0.9930436015129089,0.0902000293135643,0,task14u/seed8/medium/episode24/step30/unit2,state_budget,21,0,5.720317840576172,medium,0.8355604410171509
5.0,0.2937937080860138,1,task14u/seed8/time_pressure/episode6/step1/unit0,state_budget,21,-1,1.4017914533615112,time_pressure,-4.122054100036621
5.0,0.17935910820960999,1,task14u/seed8/time_pressure/episode6/step1/unit1,state_budget,21,0,1.724307894706726,time_pressure,-2.3614611625671387
5.0,0.32782411575317383,1,task14u/seed8/time_pressure/episode12/step0/unit0,state_budget,21,0,1.3706011772155762,time_pressure,-4.6340651512146
5.0,0.27289876341819763,1,task14u/seed8/time_pressure/episode12/step0/unit1,state_budget,21,0,2.324348211288452,time_pressure,-3.646423578262329
3.3167128562927246,0.38811761140823364,1,task14u/seed8/time_pressure/episode35/step22/unit2,state_budget,21,0,1.9764528274536133,time_pressure,-3.4786839485168457
0.7124557495117188,0.2597876191139221,2,task14u/seed8/time_pressure/episode19/step23/unit2,state_budget,21,1,3.824262857437134,time_pressure,0.013480186462402344
1.2468411922454834,0.2230272740125656,0,task14u/seed8/time_pressure/episode4/step5/unit0,state_budget,21,-1,-1.9018906354904175,time_pressure,-1.1851359605789185
1.196692705154419,0.16585074365139008,0,task14u/seed8/time_pressure/episode4/step5/unit1,state_budget,21,0,-0.7460381984710693,time_pressure,-0.7283411026000977
0.18109874427318573,0.432871550321579,1,task14u/seed8/time_pressure/episode33/step18/unit0,state_budget,21,-1,13.160813331604004,time_pressure,2.115790843963623
1.4839093685150146,0.40817394852638245,1,task14u/seed8/time_pressure/episode27/step7/unit0,state_budget,21,0,4.878819942474365,time_pressure,-0.9319585561752319
0.07752709835767746,0.43797609210014343,1,task14u/seed8/time_pressure/episode27/step7/unit2,state_budget,21,1,7.719443321228027,time_pressure,1.2768062353134155
0.9495081305503845,0.12681648135185242,0,task14u/seed8/time_pressure/episode2/step25/unit2,state_budget,21,0,8.003142356872559,time_pressure,1.183466911315918
0.9458805918693542,0.20297937095165253,2,task14u/seed8/time_pressure/episode15/step15/unit2,state_budget,21,1,2.060783863067627,time_pressure,-0.3495769798755646
1.2697831392288208,0.28743141889572144,0,task14u/seed8/time_pressure/episode27/step12/unit0,state_budget,21,0,0.13062343001365662,time_pressure,-1.050550103187561
1.1788583993911743,0.256605863571167,0,task14u/seed8/time_pressure/episode27/step12/unit2,state_budget,21,1,1.8993313312530518,time_pressure,-0.5264496207237244
1.5240709781646729,0.21243856847286224,2,task14u/seed8/time_pressure/episode22/step8/unit0,state_budget,21,0,-1.1608314514160156,time_pressure,-1.4737284183502197
1.2390459775924683,0.19277571141719818,2,task14u/seed8/time_pressure/episode22/step8/unit1,state_budget,21,-1,1.674489140510559,time_pressure,-0.604519248008728
1.0678037405014038,0.21044161915779114,2,task14u/seed8/time_pressure/episode22/step8/unit2,state_budget,21,0,1.532913088798523,time_pressure,-0.5767993927001953
1.117224931716919,0.19461186230182648,0,task14u/seed8/heterogeneity_pressure/episode20/step29/unit0,state_budget,21,1,4.431008338928223,heterogeneity_pressure,0.21092349290847778
0.9949987530708313,0.16047295928001404,0,task14u/seed8/heterogeneity_pressure/episode20/step29/unit2,state_budget,21,-1,6.436983108520508,heterogeneity_pressure,0.7667238712310791
0.8494666814804077,0.19896002113819122,2,task14u/seed8/heterogeneity_pressure/episode35/step28/unit2,state_budget,21,0,1.883889079093933,heterogeneity_pressure,-0.29441341757774353
0.8543660640716553,0.09109903126955032,0,task14u/seed8/heterogeneity_pressure/episode16/step48/unit2,state_budget,21,0,8.779414176940918,heterogeneity_pressure,1.458176612854004
0.9366779327392578,0.187047079205513,0,task14u/seed8/heterogeneity_pressure/episode12/step25/unit2,state_budget,21,1,6.512753486633301,heterogeneity_pressure,0.7355108261108398
5.0,0.15067121386528015,1,task14u/seed8/heterogeneity_pressure/episode21/step21/unit2,state_budget,21,0,-3.6544806957244873,heterogeneity_pressure,-2.894603967666626
2.1259713172912598,0.13108614087104797,2,task14u/seed8/heterogeneity_pressure/episode4/step5/unit0,state_budget,21,0,-2.7632546424865723,heterogeneity_pressure,-1.6049617528915405
1.7739429473876953,0.12104625254869461,2,task14u/seed8/heterogeneity_pressure/episode4/step5/unit2,state_budget,21,0,-1.7259982824325562,heterogeneity_pressure,-1.1597514152526855
0.9346902966499329,0.18413591384887695,0,task14u/seed8/heterogeneity_pressure/episode6/step38/unit2,state_budget,21,0,6.383490562438965,heterogeneity_pressure,0.7197793126106262
1.203516960144043,0.20347963273525238,1,task14u/seed8/heterogeneity_pressure/episode25/step17/unit2,state_budget,21,0,7.517117023468018,heterogeneity_pressure,0.6128579378128052
5.0,0.2347920536994934,1,task14u/seed8/heterogeneity_pressure/episode11/step49/unit2,state_budget,21,0,-0.04067622497677803,heterogeneity_pressure,-3.5014572143554688
1.1619863510131836,0.19494003057479858,0,task14u/seed8/heterogeneity_pressure/episode19/step11/unit0,state_budget,21,0,2.1136839389801025,heterogeneity_pressure,-0.26130566000938416
1.4329615831375122,0.2781324088573456,2,task14u/seed8/heterogeneity_pressure/episode30/step25/unit2,state_budget,21,0,-3.3887157440185547,heterogeneity_pressure,-2.187894105911255
1.3151735067367554,0.2856139838695526,0,task14u/seed10/medium/episode30/step5/unit0,state_budget,21,0,-2.496542453765869,medium,-1.5869457721710205
1.286088228225708,0.2252911478281021,0,task14u/seed10/medium/episode30/step5/unit1,state_budget,21,0,-1.0445215702056885,medium,-1.0547122955322266
5.0,0.06309502571821213,1,task14u/seed10/medium/episode33/step12/unit2,state_budget,21,-1,1.207715630531311,medium,-0.7234165668487549
1.1180139780044556,0.20566433668136597,0,task14u/seed10/medium/episode32/step36/unit2,state_budget,21,0,1.886273980140686,medium,-0.31509140133857727
1.3176722526550293,0.1693071573972702,2,task14u/seed10/medium/episode21/step6/unit1,state_budget,21,-1,2.04215931892395,medium,-0.4734107553958893
0.9173857569694519,0.18265652656555176,2,task14u/seed10/medium/episode21/step6/unit2,state_budget,21,0,4.149251937866211,medium,0.14323294162750244
0.7293379306793213,0.15379884839057922,2,task14u/seed10/medium/episode35/step28/unit2,state_budget,21,0,2.7667031288146973,medium,0.09381011128425598
1.2251640558242798,0.23669184744358063,0,task14u/seed10/medium/episode8/step13/unit2,state_budget,21,0,-0.5292170643806458,medium,-0.9563747048377991
0.9901462197303772,0.16809870302677155,0,task14u/seed10/medium/episode13/step19/unit2,state_budget,21,0,4.728255271911621,medium,0.4183169901371002
1.6724365949630737,0.16569386422634125,2,task14u/seed10/medium/episode19/step7/unit0,state_budget,21,-1,-3.88460111618042,medium,-1.8127477169036865
1.208412766456604,0.1646433025598526,2,task14u/seed10/medium/episode19/step7/unit2,state_budget,21,-1,-1.304137110710144,medium,-1.0182862281799316
1.408768653869629,0.3568463921546936,0,task14u/seed10/medium/episode9/step0/unit0,state_budget,21,0,-3.9579403400421143,medium,-2.2423901557922363
1.3672205209732056,0.32427382469177246,0,task14u/seed10/medium/episode9/step0/unit1,state_budget,21,0,-3.163983106613159,medium,-1.9148303270339966
1.0591589212417603,0.22658725082874298,2,task14u/seed10/medium/episode28/step24/unit2,state_budget,21,0,1.9796148538589478,medium,-0.5507099628448486
1.034315824508667,0.18597108125686646,2,task14u/seed10/medium/episode17/step30/unit2,state_budget,21,0,-1.2863283157348633,medium,-0.9893448352813721
3.3625144958496094,0.1955745816230774,1,task14u/seed10/time_pressure/episode32/step15/unit2,state_budget,21,0,3.029449939727783,time_pressure,-1.4166221618652344
5.0,0.3810473084449768,1,task14u/seed10/time_pressure/episode28/step12/unit0,state_budget,21,-1,-1.1053881645202637,time_pressure,-5.868085861206055
5.0,0.30009883642196655,1,task14u/seed10/time_pressure/episode28/step12/unit1,state_budget,21,-1,-0.5396845936775208,time_pressure,-4.5624284744262695
2.835402488708496,0.3741645812988281,1,task14u/seed10/time_pressure/episode28/step12/unit2,state_budget,21,0,3.653259754180908,time_pressure,-2.5056204795837402
1.0095362663269043,0.2579350173473358,2,task14u/seed10/time_pressure/episode20/step18/unit2,state_budget,21,0,-0.7947537302970886,time_pressure,-1.1587707996368408
5.0,0.1517668217420578,1,task14u/seed10/time_pressure/episode27/step14/unit2,state_budget,21,0,4.306480407714844,time_pressure,-1.4899290800094604
0.5804467797279358,0.08716997504234314,2,task14u/seed10/time_pressure/episode1/step27/unit2,state_budget,21,0,6.694666385650635,time_pressure,1.081138014793396
0.709726095199585,0.30666816234588623,1,task14u/seed10/time_pressure/episode18/step12/unit2,state_budget,21,0,3.50909686088562,time_pressure,-0.021467626094818115
1.4740287065505981,0.2600559592247009,2,task14u/seed10/time_pressure/episode30/step14/unit2,state_budget,21,0,-2.901639699935913,time_pressure,-2.036113977432251
1.0643744468688965,0.1593548059463501,0,task14u/seed10/time_pressure/episode0/step17/unit2,state_budget,21,0,3.761215925216675,time_pressure,0.22308915853500366
1.208065390586853,0.24165765941143036,0,task14u/seed10/time_pressure/episode27/step15/unit2,state_budget,21,0,0.8090097308158875,time_pressure,-0.7048958539962769
0.8265702128410339,0.30144527554512024,1,task14u/seed10/time_pressure/episode8/step25/unit2,state_budget,21,0,7.442356586456299,time_pressure,0.586790919303894
1.3855992555618286,0.25763437151908875,0,task14u/seed10/time_pressure/episode6/step3/unit0,state_budget,21,0,-2.5355403423309326,time_pressure,-1.5394648313522339
1.303259253501892,0.2049008011817932,0,task14u/seed10/time_pressure/episode6/step3/unit1,state_budget,21,0,-1.1214100122451782,time_pressure,-1.00257408618927
5.0,0.10414633899927139,1,task14u/seed10/heterogeneity_pressure/episode12/step30/unit2,state_budget,21,0,-0.694724440574646,heterogeneity_pressure,-1.6739190816879272
1.1545000076293945,0.23443062603473663,2,task14u/seed10/heterogeneity_pressure/episode28/step27/unit2,state_budget,21,0,-2.710681915283203,heterogeneity_pressure,-1.5638551712036133
1.933269739151001,0.1429097056388855,2,task14u/seed10/heterogeneity_pressure/episode9/step4/unit1,state_budget,21,0,-2.712233304977417,heterogeneity_pressure,-1.5859384536743164
1.694870948791504,0.15976452827453613,2,task14u/seed10/heterogeneity_pressure/episode9/step4/unit2,state_budget,21,0,-1.8741371631622314,heterogeneity_pressure,-1.4048075675964355
1.1426365375518799,0.22901827096939087,0,task14u/seed10/heterogeneity_pressure/episode16/step10/unit2,state_budget,21,0,1.4359086751937866,heterogeneity_pressure,-0.4952308237552643
1.1357758045196533,0.1005745455622673,2,task14u/seed10/heterogeneity_pressure/episode19/step13/unit2,state_budget,21,0,0.7462990880012512,heterogeneity_pressure,-0.29949647188186646
0.02717328816652298,0.10850764065980911,1,task14u/seed10/heterogeneity_pressure/episode31/step34/unit2,state_budget,21,0,18.203956604003906,heterogeneity_pressure,3.2405121326446533
1.1151677370071411,0.19371969997882843,0,task14u/seed10/heterogeneity_pressure/episode12/step24/unit2,state_budget,21,0,2.6213128566741943,heterogeneity_pressure,-0.13282078504562378
1.0708935260772705,0.18191832304000854,0,task14u/seed10/heterogeneity_pressure/episode16/step29/unit2,state_budget,21,0,3.1477553844451904,heterogeneity_pressure,0.030895471572875977
1.3011066913604736,0.26605015993118286,0,task14u/seed10/heterogeneity_pressure/episode16/step7/unit0,state_budget,21,0,-1.1572068929672241,heterogeneity_pressure,-1.2426400184631348
1.1663259267807007,0.226189523935318,0,task14u/seed10/heterogeneity_pressure/episode16/step7/unit2,state_budget,21,0,1.126797080039978,heterogeneity_pressure,-0.5609136819839478
1.2301307916641235,0.24488309025764465,2,task14u/seed10/heterogeneity_pressure/episode10/step24/unit2,state_budget,21,0,-3.253514051437378,heterogeneity_pressure,-1.7856999635696411
1.5068354606628418,0.3151455521583557,0,task14u/seed10/heterogeneity_pressure/episode9/step1/unit0,state_budget,21,0,-4.304083824157715,heterogeneity_pressure,-2.226870536804199
1.4239104986190796,0.297878235578537,0,task14u/seed10/heterogeneity_pressure/episode9/step1/unit1,state_budget,21,0,-4.00145149230957,heterogeneity_pressure,-2.0192151069641113
0.45070308446884155,0.052582044154405594,2,task14b/seed8/medium/episode26/step38/unit2,state_budget,21,1,8.793804168701172,medium,1.5855400562286377
0.04739777371287346,0.15609855949878693,1,task14b/seed8/medium/episode15/step27/unit2,state_budget,21,1,10.772405624389648,medium,1.900782823562622
3.1574926376342773,0.12378857284784317,1,task14b/seed8/medium/episode40/step32/unit2,state_budget,21,1,8.690997123718262,medium,0.38791918754577637
0.10110640525817871,0.09746354818344116,1,task14b/seed8/medium/episode28/step33/unit2,state_budget,21,1,12.304816246032715,medium,2.166999578475952
1.2053756713867188,0.18384413421154022,2,task14b/seed8/medium/episode46/step31/unit0,state_budget,21,-1,2.4223825931549072,medium,-0.3951288163661957
0.7962744832038879,0.18229399621486664,2,task14b/seed8/medium/episode46/step31/unit2,state_budget,21,1,5.065523147583008,medium,0.4046717882156372
1.2008883953094482,0.2690083384513855,0,task14b/seed8/medium/episode42/step20/unit2,state_budget,21,1,1.3199912309646606,medium,-0.6983656883239746
1.2310870885849,0.2131962776184082,0,task14b/seed8/medium/episode32/step24/unit2,state_budget,21,1,0.6060839295387268,medium,-0.6570327281951904
5.0,0.3152434825897217,1,task14b/seed8/medium/episode30/step38/unit2,state_budget,21,1,-9.061917304992676,medium,-6.308976173400879
0.47158411145210266,0.05701722577214241,2,task14b/seed8/medium/episode26/step35/unit2,state_budget,21,1,8.581217765808105,medium,1.5326573848724365
0.932090163230896,0.16743417084217072,0,task14b/seed8/medium/episode39/step28/unit2,state_budget,21,1,4.887904644012451,medium,0.4795922636985779
0.9862622022628784,0.11944243311882019,0,task14b/seed8/medium/episode28/step30/unit2,state_budget,21,1,5.306943416595459,medium,0.672905683517456
0.9609253406524658,0.0515068918466568,0,task14b/seed8/medium/episode15/step24/unit2,state_budget,21,1,5.894508361816406,medium,0.9871619939804077
4.412853240966797,0.27679941058158875,1,task14b/seed8/medium/episode46/step27/unit0,state_budget,21,0,6.343819618225098,medium,-2.5032904148101807
0.3073912560939789,0.27573633193969727,1,task14b/seed8/medium/episode46/step27/unit2,state_budget,21,1,9.418603897094727,medium,1.4288816452026367
0.8668505549430847,0.1697387397289276,2,task14b/seed8/medium/episode8/step25/unit2,state_budget,21,0,2.520869731903076,medium,-0.08832600712776184
1.0597914457321167,0.1614401489496231,0,task14b/seed8/time_pressure/episode15/step17/unit1,state_budget,21,-1,5.1470561027526855,time_pressure,0.48511189222335815
1.015755534172058,0.18498384952545166,0,task14b/seed8/time_pressure/episode15/step17/unit2,state_budget,21,1,5.616846561431885,time_pressure,0.5258849263191223
1.0796678066253662,0.22738008201122284,0,task14b/seed8/time_pressure/episode36/step32/unit2,state_budget,21,1,4.486781120300293,time_pressure,0.13891685009002686
0.4952496290206909,0.13635580241680145,2,task14b/seed8/time_pressure/episode17/step37/unit2,state_budget,21,1,6.936919212341309,time_pressure,1.061847448348999
0.716690719127655,0.2422906458377838,2,task14b/seed8/time_pressure/episode15/step24/unit0,state_budget,21,1,4.890232086181641,time_pressure,0.2610362768173218
0.4472864270210266,0.22685469686985016,2,task14b/seed8/time_pressure/episode15/step24/unit2,state_budget,21,1,7.387349605560303,time_pressure,1.0164828300476074
0.8077617883682251,0.30475670099258423,1,task14b/seed8/time_pressure/episode34/step27/unit2,state_budget,21,1,4.654295444488525,time_pressure,0.09805423021316528
1.152364730834961,0.17887738347053528,0,task14b/seed8/time_pressure/episode38/step24/unit0,state_budget,21,0,3.091693162918091,time_pressure,-0.013233780860900879
1.0597078800201416,0.15830698609352112,0,task14b/seed8/time_pressure/episode38/step24/unit2,state_budget,21,1,3.97578763961792,time_pressure,0.2697979509830475
1.2635853290557861,0.24904239177703857,0,task14b/seed8/time_pressure/episode28/step19/unit0,state_budget,21,0,0.5429611802101135,time_pressure,-0.823078453540802
1.2091052532196045,0.21171729266643524,0,task14b/seed8/time_pressure/episode28/step19/unit1,state_budget,21,0,1.4214951992034912,time_pressure,-0.48121359944343567
1.1230781078338623,0.18696635961532593,0,task14b/seed8/time_pressure/episode28/step19/unit2,state_budget,21,0,3.2516345977783203,time_pressure,0.006175398826599121
0.030723845586180687,0.17503175139427185,1,task14b/seed8/time_pressure/episode46/step29/unit2,state_budget,21,1,14.946337699890137,time_pressure,2.651818037033081
0.614640474319458,0.07462739944458008,2,task14b/seed8/time_pressure/episode39/step15/unit2,state_budget,21,1,7.307460308074951,time_pressure,1.2163032293319702
1.0146976709365845,0.16005025804042816,2,task14b/seed8/time_pressure/episode21/step23/unit2,state_budget,21,1,1.4886512756347656,time_pressure,-0.34423890709877014
1.0799332857131958,0.2289198338985443,0,task14b/seed8/time_pressure/episode47/step21/unit2,state_budget,21,1,4.909080982208252,time_pressure,0.2150118350982666
5.0,0.3299793004989624,1,task14b/seed8/time_pressure/episode3/step0/unit0,state_budget,21,0,2.1238839626312256,time_pressure,-4.531682968139648
5.0,0.2792437672615051,1,task14b/seed8/time_pressure/episode3/step0/unit1,state_budget,21,0,0.24184554815292358,time_pressure,-4.112563133239746
1.0836914777755737,0.18803849816322327,0,task14b/seed8/time_pressure/episode14/step20/unit2,state_budget,21,0,2.125498056411743,time_pressure,-0.19200965762138367
0.5904189944267273,0.20427948236465454,2,task14b/seed8/time_pressure/episode44/step45/unit2,state_budget,21,1,4.0350847244262695,time_pressure,0.303081214427948
3.613147020339966,0.09000960737466812,1,task14b/seed8/heterogeneity_pressure/episode21/step26/unit0,state_budget,21,0,10.524942398071289,heterogeneity_pressure,0.910649299621582
0.5650066137313843,0.10767215490341187,1,task14b/seed8/heterogeneity_pressure/episode21/step26/unit2,state_budget,21,0,15.229199409484863,heterogeneity_pressure,2.5372414588928223
0.2602776288986206,0.1731732189655304,1,task14b/seed8/heterogeneity_pressure/episode14/step39/unit2,state_budget,21,0,7.371082782745361,heterogeneity_pressure,1.181533932685852
0.5618056058883667,0.19504734873771667,2,task14b/seed8/heterogeneity_pressure/episode42/step28/unit2,state_budget,21,1,5.340785503387451,heterogeneity_pressure,0.5947824716567993
0.9296366572380066,0.12970928847789764,0,task14b/seed8/heterogeneity_pressure/episode13/step37/unit2,state_budget,21,1,5.910726070404053,heterogeneity_pressure,0.7807676792144775
5.0,0.3759652078151703,1,task14b/seed8/heterogeneity_pressure/episode26/step31/unit2,state_budget,21,1,-6.610527038574219,heterogeneity_pressure,-6.77508544921875
1.025226354598999,0.16290633380413055,0,task14b/seed8/heterogeneity_pressure/episode31/step37/unit2,state_budget,21,0,4.892197608947754,heterogeneity_pressure,0.4481392800807953
1.1962988376617432,0.2614177465438843,2,task14b/seed8/heterogeneity_pressure/episode5/step18/unit0,state_budget,21,0,2.2319583892822266,heterogeneity_pressure,-0.7839423418045044
0.8328637480735779,0.2606434226036072,2,task14b/seed8/heterogeneity_pressure/episode5/step18/unit2,state_budget,21,0,4.137824058532715,heterogeneity_pressure,-0.05046355724334717
1.0102821588516235,0.13057559728622437,0,task14b/seed8/heterogeneity_pressure/episode41/step27/unit2,state_budget,21,1,4.743948936462402,heterogeneity_pressure,0.5230832099914551
5.0,0.21050769090652466,1,task14b/seed8/heterogeneity_pressure/episode6/step25/unit2,state_budget,21,0,-2.765946626663208,heterogeneity_pressure,-3.6264984607696533
1.003292441368103,0.13474954664707184,0,task14b/seed8/heterogeneity_pressure/episode30/step32/unit2,state_budget,21,1,4.679297924041748,heterogeneity_pressure,0.5010039806365967
1.1411768198013306,0.20834645628929138,2,task14b/seed8/heterogeneity_pressure/episode31/step29/unit2,state_budget,21,0,-0.3013918995857239,heterogeneity_pressure,-0.9771246314048767
0.7123072743415833,0.11478074640035629,2,task14b/seed8/heterogeneity_pressure/episode33/step49/unit2,state_budget,21,1,4.471557140350342,heterogeneity_pressure,0.536602258682251
5.0,0.2774142324924469,1,task14b/seed8/heterogeneity_pressure/episode29/step0/unit0,state_budget,21,0,-1.8046823740005493,heterogeneity_pressure,-4.450628280639648
0.5430048704147339,0.07534423470497131,2,task14b/seed8/heterogeneity_pressure/episode43/step49/unit2,state_budget,21,0,6.564929485321045,heterogeneity_pressure,1.0938557386398315
5.0,0.06678115576505661,1,task14b/seed10/medium/episode9/step27/unit2,state_budget,21,0,0.09047696739435196,medium,-0.9776937961578369
1.0735607147216797,0.1575068086385727,0,task14b/seed10/medium/episode20/step25/unit2,state_budget,21,0,3.2873246669769287,medium,0.133531391620636
5.0,0.2809259593486786,1,task14b/seed10/medium/episode33/step0/unit0,state_budget,21,0,0.7089732885360718,medium,-4.054218769073486
5.0,0.2657677233219147,1,task14b/seed10/medium/episode33/step0/unit1,state_budget,21,0,-2.22091007232666,medium,-4.351597309112549
0.055329062044620514,0.09890972077846527,1,task14b/seed10/medium/episode27/step20/unit2,state_budget,21,0,8.972113609313965,medium,1.5851753950119019
1.0059598684310913,0.152035653591156,0,task14b/seed10/medium/episode44/step25/unit2,state_budget,21,0,4.13892126083374,medium,0.3448251187801361
5.0,0.21039898693561554,1,task14b/seed10/medium/episode44/step4/unit0,state_budget,21,-1,-1.5705856084823608,medium,-3.4115164279937744
5.0,0.20798592269420624,1,task14b/seed10/medium/episode44/step4/unit1,state_budget,21,0,-4.953014850616455,medium,-3.979346752166748
5.0,0.3309798538684845,1,task14b/seed10/medium/episode28/step4/unit0,state_budget,21,0,0.4760749340057373,medium,-4.840696334838867
5.0,0.437541663646698,1,task14b/seed10/medium/episode28/step4/unit2,state_budget,21,0,-3.406904935836792,medium,-7.119645595550537
2.3441226482391357,0.2387709766626358,2,task14b/seed10/medium/episode44/step0/unit0,state_budget,21,0,-5.273829936981201,medium,-3.1707732677459717
2.119615077972412,0.21272996068000793,2,task14b/seed10/medium/episode44/step0/unit1,state_budget,21,0,-3.7302515506744385,medium,-2.4555301666259766
0.8130740523338318,0.11552578210830688,1,task14b/seed10/medium/episode39/step28/unit2,state_budget,21,1,6.850833892822266,medium,0.943251371383667
1.0219765901565552,0.14682848751544952,0,task14b/seed10/medium/episode2/step30/unit2,state_budget,21,0,5.252974033355713,medium,0.5674734115600586
5.0,0.3234114944934845,1,task14b/seed10/medium/episode12/step4/unit0,state_budget,21,0,-3.7092788219451904,medium,-5.475121974945068
5.0,0.2547197639942169,1,task14b/seed10/medium/episode12/step4/unit1,state_budget,21,0,-2.3493399620056152,medium,-4.210104942321777
1.0147672891616821,0.27353745698928833,2,task14b/seed10/medium/episode24/step20/unit2,state_budget,21,0,-0.25062814354896545,medium,-1.1214512586593628
1.4488106966018677,0.15152204036712646,2,task14b/seed10/medium/episode35/step7/unit1,state_budget,21,0,1.4696966409683228,medium,-0.5688066482543945
0.9680507779121399,0.1315878927707672,2,task14b/seed10/medium/episode35/step7/unit2,state_budget,21,0,4.068530082702637,medium,0.2832614481449127
0.9110772013664246,0.145985409617424,0,task14b/seed10/medium/episode22/step46/unit2,state_budget,21,0,6.4308061599731445,medium,0.844127893447876
0.719163715839386,0.09486640244722366,2,task14b/seed10/time_pressure/episode44/step22/unit2,state_budget,21,0,7.019575119018555,time_pressure,1.074926495552063
0.6593472957611084,0.31808874011039734,1,task14b/seed10/time_pressure/episode18/step26/unit2,state_budget,21,0,2.5762219429016113,time_pressure,-0.1644081175327301
1.065712332725525,0.15895897150039673,0,task14b/seed10/time_pressure/episode31/step21/unit2,state_budget,21,1,2.6794676780700684,time_pressure,0.015772372484207153
0.7974672317504883,0.17378099262714386,2,task14b/seed10/time_pressure/episode41/step18/unit2,state_budget,21,0,4.14009952545166,time_pressure,0.2535873055458069
1.5736719369888306,0.1620377004146576,2,task14b/seed10/time_pressure/episode28/step8/unit0,state_budget,21,0,-1.3300944566726685,time_pressure,-1.2399849891662598
1.0491691827774048,0.1031230092048645,2,task14b/seed10/time_pressure/episode28/step8/unit2,state_budget,21,0,2.18449330329895,time_pressure,-0.0018462836742401123
0.795387864112854,0.22388245165348053,2,task14b/seed10/time_pressure/episode16/step22/unit2,state_budget,21,0,2.2776973247528076,time_pressure,-0.25436094403266907
0.10020878911018372,0.12284490466117859,1,task14b/seed10/time_pressure/episode26/step20/unit2,state_budget,21,0,3.634941577911377,time_pressure,0.6121733784675598
0.8632192015647888,0.06167382001876831,0,task14b/seed10/time_pressure/episode5/step22/unit2,state_budget,21,0,6.892687797546387,time_pressure,1.1679966449737549
1.0781124830245972,0.2015066295862198,0,task14b/seed10/time_pressure/episode47/step24/unit2,state_budget,21,0,4.763027191162109,time_pressure,0.27526938915252686
0.7962378263473511,0.10335080325603485,2,task14b/seed10/time_pressure/episode44/step19/unit2,state_budget,21,0,6.181227684020996,time_pressure,0.860620379447937
5.0,0.3312995433807373,1,task14b/seed10/time_pressure/episode41/step12/unit0,state_budget,21,-1,3.4886629581451416,time_pressure,-4.307726860046387
0.9705185890197754,0.09394381940364838,0,task14b/seed10/time_pressure/episode3/step24/unit2,state_budget,21,1,3.6121768951416016,time_pressure,0.42561691999435425
1.0767481327056885,0.154611736536026,0,task14b/seed10/time_pressure/episode12/step18/unit2,state_budget,21,0,3.6383838653564453,time_pressure,0.2087189257144928
1.3792409896850586,0.28053879737854004,0,task14b/seed10/time_pressure/episode30/step0/unit1,state_budget,21,0,-3.9016921520233154,time_pressure,-1.8903405666351318
1.8141365051269531,0.07933628559112549,2,task14b/seed10/heterogeneity_pressure/episode18/step5/unit0,state_budget,21,0,-0.05299578234553337,heterogeneity_pressure,-0.566807746887207
1.464298963546753,0.043489113450050354,2,task14b/seed10/heterogeneity_pressure/episode18/step5/unit1,state_budget,21,0,2.22967529296875,heterogeneity_pressure,0.17894238233566284
1.2462137937545776,0.03576391190290451,2,task14b/seed10/heterogeneity_pressure/episode18/step5/unit2,state_budget,21,0,3.6133358478546143,heterogeneity_pressure,0.5167646408081055
5.0,0.18309681117534637,1,task14b/seed10/heterogeneity_pressure/episode10/step4/unit0,state_budget,21,0,-3.0097272396087646,heterogeneity_pressure,-3.262080192565918
5.0,0.006554873660206795,1,task14b/seed10/heterogeneity_pressure/episode10/step4/unit1,state_budget,21,1,1.0252348184585571,heterogeneity_pressure,0.0854475349187851
5.0,0.10398020595312119,1,task14b/seed10/heterogeneity_pressure/episode10/step4/unit2,state_budget,21,0,-0.38301268219947815,heterogeneity_pressure,-1.6158082485198975
2.159132242202759,0.17576012015342712,2,task14b/seed10/heterogeneity_pressure/episode10/step0/unit0,state_budget,21,0,-3.098663568496704,heterogeneity_pressure,-2.0588364601135254
1.745373249053955,0.1095389649271965,2,task14b/seed10/heterogeneity_pressure/episode10/step0/unit1,state_budget,21,1,-0.04222914204001427,heterogeneity_pressure,-0.7475511431694031
5.0,0.19602833688259125,1,task14b/seed10/heterogeneity_pressure/episode40/step5/unit0,state_budget,21,0,-0.3584197759628296,heterogeneity_pressure,-2.9812872409820557
5.0,0.11776676774024963,1,task14b/seed10/heterogeneity_pressure/episode40/step5/unit1,state_budget,21,0,-2.3159945011138916,heterogeneity_pressure,-2.166005849838257
5.0,0.2568785548210144,1,task14b/seed10/heterogeneity_pressure/episode21/step5/unit0,state_budget,21,0,-3.313225030899048,heterogeneity_pressure,-4.414279460906982
5.0,0.15546803176403046,1,task14b/seed10/heterogeneity_pressure/episode21/step5/unit1,state_budget,21,0,-2.8522350788116455,heterogeneity_pressure,-2.8227951526641846
5.0,0.2851359248161316,1,task14b/seed10/heterogeneity_pressure/episode21/step5/unit2,state_budget,21,-1,-5.1387410163879395,heterogeneity_pressure,-5.160651206970215
1.7830613851547241,0.1598677784204483,2,task14b/seed10/heterogeneity_pressure/episode8/step6/unit0,state_budget,21,0,-1.4364582300186157,heterogeneity_pressure,-1.3765411376953125
1.698614478111267,0.15617817640304565,2,task14b/seed10/heterogeneity_pressure/episode8/step6/unit1,state_budget,21,-1,-0.4140065312385559,heterogeneity_pressure,-1.10507333278656
1.3416904211044312,0.16784194111824036,2,task14b/seed10/heterogeneity_pressure/episode8/step6/unit2,state_budget,21,0,1.3864527940750122,heterogeneity_pressure,-0.6065958738327026
5.0,0.2601097822189331,1,task14b/seed10/heterogeneity_pressure/episode40/step2/unit0,state_budget,21,0,-1.3421789407730103,heterogeneity_pressure,-4.11054801940918
0.5710619688034058,0.14416970312595367,2,task14b/seed10/heterogeneity_pressure/episode32/step32/unit2,state_budget,21,1,4.4974870681762695,heterogeneity_pressure,0.5393403768539429
1.4308618307113647,0.27262356877326965,0,task14b/seed10/heterogeneity_pressure/episode8/step3/unit0,state_budget,21,0,-3.5570812225341797,heterogeneity_pressure,-1.8334016799926758
5.0,0.3089877963066101,1,task14b/seed10/heterogeneity_pressure/episode4/step6/unit0,state_budget,21,0,0.4147961139678955,heterogeneity_pressure,-4.524346351623535
1.2987154722213745,0.20203840732574463,0,task14b/seed10/heterogeneity_pressure/episode27/step5/unit0,state_budget,21,0,-1.656387448310852,heterogeneity_pressure,-1.0917065143585205
1.2574312686920166,0.18526969850063324,0,task14b/seed10/heterogeneity_pressure/episode27/step5/unit1,state_budget,21,-1,-1.767748236656189,heterogeneity_pressure,-1.0263861417770386
1.2268880605697632,0.19911974668502808,0,task14b/seed10/heterogeneity_pressure/episode27/step5/unit2,state_budget,21,0,-0.9174856543540955,heterogeneity_pressure,-0.8963529467582703
1.5308207273483276,0.33466747403144836,0,task14b/seed10/heterogeneity_pressure/episode2/step2/unit0,state_budget,21,0,-4.012287616729736,heterogeneity_pressure,-2.2811355590820312
1.4034754037857056,0.3206947147846222,0,task14b/seed10/heterogeneity_pressure/episode2/step2/unit2,state_budget,21,0,-2.823192834854126,heterogeneity_pressure,-1.869168758392334
5.0,0.21197763085365295,1,task14b/seed10/heterogeneity_pressure/episode5/step6/unit0,state_budget,21,0,-1.0637266635894775,heterogeneity_pressure,-3.344538927078247
5.0,0.10911843925714493,1,task14b/seed10/heterogeneity_pressure/episode5/step6/unit1,state_budget,21,0,-1.6345264911651611,heterogeneity_pressure,-1.9156630039215088
1.048584222793579,0.21865110099315643,0,task14b/seed10/heterogeneity_pressure/episode36/step49/unit2,state_budget,21,0,3.5525362491607666,heterogeneity_pressure,0.0071440935134887695
0.0,0.22816842794418335,2,task14u/seed8/medium/episode25/step23/unit0,safety_only,22,0,-3.6919469833374023,medium,-0.7041497826576233
0.0,0.2570919990539551,2,task14u/seed8/medium/episode25/step23/unit2,safety_only,22,1,0.7979288101196289,medium,0.15218566358089447
0.0,0.2767111659049988,1,task14u/seed8/medium/episode0/step26/unit2,safety_only,22,0,5.051237106323242,medium,0.9016129970550537
0.0,0.16353504359722137,0,task14u/seed8/medium/episode18/step31/unit2,safety_only,22,0,3.097968101501465,medium,0.5954858660697937
0.0,0.3584255874156952,2,task14u/seed8/medium/episode5/step12/unit2,safety_only,22,0,-4.659543037414551,medium,-0.8886953592300415
0.0,-0.03824932873249054,2,task14u/seed8/medium/episode21/step37/unit2,safety_only,22,0,-11.013484954833984,medium,-2.1005563735961914
0.0,0.2734062969684601,2,task14u/seed8/medium/episode30/step17/unit2,safety_only,22,1,-4.296407699584961,medium,-0.8194360733032227
0.0,0.18450893461704254,0,task14u/seed8/medium/episode20/step26/unit2,safety_only,22,1,4.056509494781494,medium,0.7797349691390991
0.0,0.17531447112560272,1,task14u/seed8/medium/episode1/step27/unit2,safety_only,22,0,-0.33668339252471924,medium,-0.06009580194950104
0.0,0.30437999963760376,1,task14u/seed8/medium/episode20/step18/unit1,safety_only,22,-1,5.098438262939453,medium,0.9100381135940552
0.0,0.33301404118537903,1,task14u/seed8/medium/episode20/step18/unit2,safety_only,22,0,4.908045768737793,medium,0.8760542869567871
0.0,0.16121777892112732,0,task14u/seed8/medium/episode35/step38/unit2,safety_only,22,0,5.0740885734558105,medium,0.9753322601318359
0.0,0.12834930419921875,0,task14u/seed8/medium/episode24/step30/unit2,safety_only,22,0,4.255139350891113,medium,0.8179152607917786
0.0,0.2518205940723419,1,task14u/seed8/time_pressure/episode6/step1/unit0,safety_only,22,-1,-2.6582984924316406,time_pressure,-0.4744890034198761
0.0,0.23604178428649902,1,task14u/seed8/time_pressure/episode6/step1/unit1,safety_only,22,0,-0.8511382937431335,time_pressure,-0.15192265808582306
0.0,0.26033246517181396,1,task14u/seed8/time_pressure/episode12/step0/unit0,safety_only,22,0,-2.4154555797576904,time_pressure,-0.4311431348323822
0.0,0.2341286540031433,1,task14u/seed8/time_pressure/episode12/step0/unit1,safety_only,22,0,-2.0502872467041016,time_pressure,-0.365962952375412
0.0,0.2857602536678314,1,task14u/seed8/time_pressure/episode35/step22/unit2,safety_only,22,0,-0.07010779529809952,time_pressure,-0.012513786554336548
0.0,0.38112595677375793,2,task14u/seed8/time_pressure/episode19/step23/unit2,safety_only,22,1,2.112600326538086,time_pressure,0.40292754769325256
0.0,0.13367852568626404,0,task14u/seed8/time_pressure/episode4/step5/unit0,safety_only,22,-1,-3.1309220790863037,time_pressure,-0.6018202304840088
0.0,0.11746962368488312,0,task14u/seed8/time_pressure/episode4/step5/unit1,safety_only,22,0,-2.450697660446167,time_pressure,-0.47106871008872986
0.0,0.2899198532104492,1,task14u/seed8/time_pressure/episode33/step18/unit0,safety_only,22,-1,3.8832733631134033,time_pressure,0.6931390762329102
0.0,0.33736658096313477,1,task14u/seed8/time_pressure/episode27/step7/unit0,safety_only,22,0,1.2911269664764404,time_pressure,0.23045778274536133
0.0,0.3034931421279907,1,task14u/seed8/time_pressure/episode27/step7/unit2,safety_only,22,1,1.6460365056991577,time_pressure,0.2938068211078644
0.0,0.15490107238292694,0,task14u/seed8/time_pressure/episode2/step25/unit2,safety_only,22,0,5.557774543762207,time_pressure,1.068305492401123
0.0,0.29454028606414795,2,task14u/seed8/time_pressure/episode15/step15/unit2,safety_only,22,1,-2.567209243774414,time_pressure,-0.4896332025527954
0.0,0.19544629752635956,0,task14u/seed8/time_pressure/episode27/step12/unit0,safety_only,22,0,-0.9300163984298706,time_pressure,-0.17876608669757843
0.0,0.1913001835346222,0,task14u/seed8/time_pressure/episode27/step12/unit2,safety_only,22,1,0.7142523527145386,time_pressure,0.1372923105955124
0.0,0.26399335265159607,2,task14u/seed8/time_pressure/episode22/step8/unit0,safety_only,22,0,-4.905405044555664,time_pressure,-0.9355875849723816
0.0,0.45491060614585876,2,task14u/seed8/time_pressure/episode22/step8/unit1,safety_only,22,-1,1.1969236135482788,time_pressure,0.22828428447246552
0.0,0.39850324392318726,2,task14u/seed8/time_pressure/episode22/step8/unit2,safety_only,22,0,-0.35910388827323914,time_pressure,-0.0684904009103775
0.0,0.16093039512634277,0,task14u/seed8/heterogeneity_pressure/episode20/step29/unit0,safety_only,22,1,2.6118509769439697,heterogeneity_pressure,0.5020453333854675
0.0,0.16154292225837708,0,task14u/seed8/heterogeneity_pressure/episode20/step29/unit2,safety_only,22,-1,4.323948383331299,heterogeneity_pressure,0.8311415910720825
0.0,0.19621306657791138,2,task14u/seed8/heterogeneity_pressure/episode35/step28/unit2,safety_only,22,0,-2.069117784500122,heterogeneity_pressure,-0.39463427662849426
0.0,0.13125084340572357,0,task14u/seed8/heterogeneity_pressure/episode16/step48/unit2,safety_only,22,0,7.60502290725708,heterogeneity_pressure,1.4618239402770996
0.0,0.15418493747711182,0,task14u/seed8/heterogeneity_pressure/episode12/step25/unit2,safety_only,22,1,5.398252010345459,heterogeneity_pressure,1.0376423597335815
0.0,0.1690063774585724,1,task14u/seed8/heterogeneity_pressure/episode21/step21/unit2,safety_only,22,0,-2.5627317428588867,heterogeneity_pressure,-0.45743098855018616
0.0,0.2204655557870865,2,task14u/seed8/heterogeneity_pressure/episode4/step5/unit0,safety_only,22,0,-2.323493003845215,heterogeneity_pressure,-0.44315019249916077
0.0,0.2750013470649719,2,task14u/seed8/heterogeneity_pressure/episode4/step5/unit2,safety_only,22,0,0.961471438407898,heterogeneity_pressure,0.1833774745464325
0.0,0.15501703321933746,0,task14u/seed8/heterogeneity_pressure/episode6/step38/unit2,safety_only,22,0,5.4682297706604,heterogeneity_pressure,1.051093339920044
0.0,0.21849128603935242,1,task14u/seed8/heterogeneity_pressure/episode25/step17/unit2,safety_only,22,0,1.8068517446517944,heterogeneity_pressure,0.32251131534576416
0.0,0.25938814878463745,1,task14u/seed8/heterogeneity_pressure/episode11/step49/unit2,safety_only,22,0,0.13313545286655426,heterogeneity_pressure,0.023763813078403473
0.0,0.171836256980896,0,task14u/seed8/heterogeneity_pressure/episode19/step11/unit0,safety_only,22,0,0.07488253712654114,heterogeneity_pressure,0.014393787831068039
0.0,-0.01149590965360403,2,task14u/seed8/heterogeneity_pressure/episode30/step25/unit2,safety_only,22,0,-9.483294486999512,heterogeneity_pressure,-1.8087095022201538
0.0,0.18180416524410248,0,task14u/seed10/medium/episode30/step5/unit0,safety_only,22,0,-3.8148372173309326,medium,-0.7332811951637268
0.0,0.16662581264972687,0,task14u/seed10/medium/episode30/step5/unit1,safety_only,22,0,-2.9796643257141113,medium,-0.5727457404136658
0.0,0.07910314202308655,1,task14u/seed10/medium/episode33/step12/unit2,safety_only,22,-1,-2.403064727783203,medium,-0.42893144488334656
0.0,0.16502885520458221,0,task14u/seed10/medium/episode32/step36/unit2,safety_only,22,0,1.9438213109970093,medium,0.373637855052948
0.0,0.1308770328760147,2,task14u/seed10/medium/episode21/step6/unit1,safety_only,22,-1,-0.12342143058776855,medium,-0.02353965863585472
0.0,0.20613405108451843,2,task14u/seed10/medium/episode21/step6/unit2,safety_only,22,0,3.317546844482422,medium,0.6327419877052307
0.0,-0.05625789612531662,2,task14u/seed10/medium/episode35/step28/unit2,safety_only,22,0,-7.269792556762695,medium,-1.3865374326705933
0.0,0.1405642330646515,0,task14u/seed10/medium/episode8/step13/unit2,safety_only,22,0,-0.4086143374443054,medium,-0.07854311913251877
0.0,0.13389906287193298,0,task14u/seed10/medium/episode13/step19/unit2,safety_only,22,0,3.9544191360473633,medium,0.760111391544342
0.0,0.016337784007191658,2,task14u/seed10/medium/episode19/step7/unit0,safety_only,22,-1,-6.871431827545166,medium,-1.3105597496032715
0.0,0.16708825528621674,2,task14u/seed10/medium/episode19/step7/unit2,safety_only,22,-1,-0.7103053331375122,medium,-0.1354735940694809
0.0,0.21309006214141846,0,task14u/seed10/medium/episode9/step0/unit0,safety_only,22,0,-5.650588035583496,medium,-1.0861458778381348
0.0,0.20178982615470886,0,task14u/seed10/medium/episode9/step0/unit1,safety_only,22,0,-5.356736183166504,medium,-1.0296622514724731
0.0,0.2824046313762665,2,task14u/seed10/medium/episode28/step24/unit2,safety_only,22,0,4.176391124725342,medium,0.7965458035469055
0.0,0.15527506172657013,2,task14u/seed10/medium/episode17/step30/unit2,safety_only,22,0,-2.1502068042755127,medium,-0.4101000726222992
0.0,0.14303861558437347,1,task14u/seed10/time_pressure/episode32/step15/unit2,safety_only,22,0,3.698824882507324,time_pressure,0.660216212272644
0.0,0.33833450078964233,1,task14u/seed10/time_pressure/episode28/step12/unit0,safety_only,22,-1,2.559833288192749,time_pressure,0.45691362023353577
0.0,0.3070041537284851,1,task14u/seed10/time_pressure/episode28/step12/unit1,safety_only,22,-1,2.954454183578491,time_pressure,0.527350902557373
0.0,0.2790623605251312,1,task14u/seed10/time_pressure/episode28/step12/unit2,safety_only,22,0,1.7884588241577148,time_pressure,0.31922829151153564
0.0,0.24898801743984222,2,task14u/seed10/time_pressure/episode20/step18/unit2,safety_only,22,0,2.682145833969116,time_pressure,0.5115545988082886
0.0,0.16442842781543732,1,task14u/seed10/time_pressure/episode27/step14/unit2,safety_only,22,0,-2.0978140830993652,time_pressure,-0.37444618344306946
0.0,0.23715029656887054,2,task14u/seed10/time_pressure/episode1/step27/unit2,safety_only,22,0,11.714131355285645,time_pressure,2.2341878414154053
0.0,0.2934817373752594,1,task14u/seed10/time_pressure/episode18/step12/unit2,safety_only,22,0,2.3134803771972656,time_pressure,0.41294124722480774
0.0,0.09115390479564667,2,task14u/seed10/time_pressure/episode30/step14/unit2,safety_only,22,0,-15.071978569030762,time_pressure,-2.8746161460876465
0.0,0.15666431188583374,0,task14u/seed10/time_pressure/episode0/step17/unit2,safety_only,22,0,1.7388017177581787,time_pressure,0.33422935009002686
0.0,0.14171139895915985,0,task14u/seed10/time_pressure/episode27/step15/unit2,safety_only,22,0,0.6747386455535889,time_pressure,0.1296970546245575
0.0,0.23930533230304718,1,task14u/seed10/time_pressure/episode8/step25/unit2,safety_only,22,0,1.8530375957489014,time_pressure,0.33075517416000366
0.0,0.1419064998626709,0,task14u/seed10/time_pressure/episode6/step3/unit0,safety_only,22,0,-4.741993427276611,time_pressure,-0.9114975333213806
0.0,0.12580381333827972,0,task14u/seed10/time_pressure/episode6/step3/unit1,safety_only,22,0,-4.270473957061768,time_pressure,-0.8208628296852112
0.0,0.1506529003381729,1,task14u/seed10/heterogeneity_pressure/episode12/step30/unit2,safety_only,22,0,0.3384369909763336,heterogeneity_pressure,0.060408808290958405
0.0,0.14236785471439362,2,task14u/seed10/heterogeneity_pressure/episode28/step27/unit2,safety_only,22,0,-0.2981468439102173,heterogeneity_pressure,-0.05686431750655174
0.0,0.013316178694367409,2,task14u/seed10/heterogeneity_pressure/episode9/step4/unit1,safety_only,22,0,-4.120551109313965,heterogeneity_pressure,-0.7858956456184387
0.0,0.03563372790813446,2,task14u/seed10/heterogeneity_pressure/episode9/step4/unit2,safety_only,22,0,-3.746079444885254,heterogeneity_pressure,-0.7144742608070374
0.0,0.14456965029239655,0,task14u/seed10/heterogeneity_pressure/episode16/step10/unit2,safety_only,22,0,1.2232617139816284,heterogeneity_pressure,0.23513318598270416
0.0,0.1149737611413002,2,task14u/seed10/heterogeneity_pressure/episode19/step13/unit2,safety_only,22,0,-0.76140958070755,heterogeneity_pressure,-0.14522050321102142
0.0,0.20747791230678558,1,task14u/seed10/heterogeneity_pressure/episode31/step34/unit2,safety_only,22,0,2.549692392349243,heterogeneity_pressure,0.4551035463809967
0.0,0.14056405425071716,0,task14u/seed10/heterogeneity_pressure/episode12/step24/unit2,safety_only,22,0,1.6568289995193481,heterogeneity_pressure,0.3184727132320404
0.0,0.12473630905151367,0,task14u/seed10/heterogeneity_pressure/episode16/step29/unit2,safety_only,22,0,3.0841870307922363,heterogeneity_pressure,0.5928369164466858
0.0,0.1459774374961853,0,task14u/seed10/heterogeneity_pressure/episode16/step7/unit0,safety_only,22,0,-1.8318629264831543,heterogeneity_pressure,-0.3521174192428589
0.0,0.14926789700984955,0,task14u/seed10/heterogeneity_pressure/episode16/step7/unit2,safety_only,22,0,-0.03435599431395531,heterogeneity_pressure,-0.006603847723454237
0.0,-0.12341673672199249,2,task14u/seed10/heterogeneity_pressure/episode10/step24/unit2,safety_only,22,0,-17.405532836914062,heterogeneity_pressure,-3.319685220718384
0.0,0.15457962453365326,0,task14u/seed10/heterogeneity_pressure/episode9/step1/unit0,safety_only,22,0,-6.4771246910095215,heterogeneity_pressure,-1.2450213432312012
0.0,0.14553315937519073,0,task14u/seed10/heterogeneity_pressure/episode9/step1/unit1,safety_only,22,0,-6.835112571716309,heterogeneity_pressure,-1.3138331174850464
0.0,0.11532965302467346,2,task14b/seed8/medium/episode26/step38/unit2,safety_only,22,1,9.35407543182373,medium,1.7840640544891357
0.0,0.20090210437774658,1,task14b/seed8/medium/episode15/step27/unit2,safety_only,22,1,4.516316890716553,medium,0.8061332702636719
0.0,0.16024744510650635,1,task14b/seed8/medium/episode40/step32/unit2,safety_only,22,1,0.04227759316563606,medium,0.007546275854110718
0.0,0.2206590622663498,1,task14b/seed8/medium/episode28/step33/unit2,safety_only,22,1,5.605652332305908,medium,1.0005725622177124
0.0,0.2637125849723816,2,task14b/seed8/medium/episode46/step31/unit0,safety_only,22,-1,0.4304697513580322,medium,0.0821017175912857
0.0,0.29854488372802734,2,task14b/seed8/medium/episode46/step31/unit2,safety_only,22,1,7.386295795440674,medium,1.4087576866149902
0.0,0.17962798476219177,0,task14b/seed8/medium/episode42/step20/unit2,safety_only,22,1,0.9776611924171448,medium,0.18792428076267242
0.0,0.16409042477607727,0,task14b/seed8/medium/episode32/step24/unit2,safety_only,22,1,0.3847047984600067,medium,0.07394726574420929
0.0,0.29284897446632385,1,task14b/seed8/medium/episode30/step38/unit2,safety_only,22,1,3.4445745944976807,medium,0.614834189414978
0.0,0.1400231271982193,2,task14b/seed8/medium/episode26/step35/unit2,safety_only,22,1,9.63897705078125,medium,1.838402271270752
0.0,0.12759530544281006,0,task14b/seed8/medium/episode39/step28/unit2,safety_only,22,1,5.164627552032471,medium,0.9927355051040649
0.0,0.14955198764801025,0,task14b/seed8/medium/episode28/step30/unit2,safety_only,22,1,4.503725528717041,medium,0.8656980991363525
0.0,0.10256721079349518,0,task14b/seed8/medium/episode15/step24/unit2,safety_only,22,1,4.477924346923828,medium,0.8607386350631714
0.0,0.24182547628879547,1,task14b/seed8/medium/episode46/step27/unit0,safety_only,22,0,1.4070429801940918,medium,0.2511480450630188
0.0,0.2036767303943634,1,task14b/seed8/medium/episode46/step27/unit2,safety_only,22,1,0.09247295558452606,medium,0.01650582253932953
0.0,0.03420166298747063,2,task14b/seed8/medium/episode8/step25/unit2,safety_only,22,0,-5.118096828460693,medium,-0.9761534333229065
0.0,0.1610969603061676,0,task14b/seed8/time_pressure/episode15/step17/unit1,safety_only,22,-1,3.507204532623291,time_pressure,0.6741485595703125
0.0,0.17802654206752777,0,task14b/seed8/time_pressure/episode15/step17/unit2,safety_only,22,1,4.533718109130859,time_pressure,0.8714631795883179
0.0,0.17567481100559235,0,task14b/seed8/time_pressure/episode36/step32/unit2,safety_only,22,1,3.6969540119171143,time_pressure,0.7106218934059143
0.0,0.3453400433063507,2,task14b/seed8/time_pressure/episode17/step37/unit2,safety_only,22,1,9.745402336120605,time_pressure,1.8587002754211426
0.0,0.23110149800777435,2,task14b/seed8/time_pressure/episode15/step24/unit0,safety_only,22,1,0.4181481599807739,time_pressure,0.07975167036056519
0.0,0.31388989090919495,2,task14b/seed8/time_pressure/episode15/step24/unit2,safety_only,22,1,5.8341803550720215,time_pressure,1.1127290725708008
0.0,0.30671006441116333,1,task14b/seed8/time_pressure/episode34/step27/unit2,safety_only,22,1,4.867024898529053,time_pressure,0.8687323331832886
0.0,0.1264854073524475,0,task14b/seed8/time_pressure/episode38/step24/unit0,safety_only,22,0,2.03900408744812,time_pressure,0.39193373918533325
0.0,0.12392983585596085,0,task14b/seed8/time_pressure/episode38/step24/unit2,safety_only,22,1,2.9706246852874756,time_pressure,0.5710081458091736
0.0,0.14375214278697968,0,task14b/seed8/time_pressure/episode28/step19/unit0,safety_only,22,0,-0.05395207554101944,time_pressure,-0.010370571166276932
0.0,0.13120035827159882,0,task14b/seed8/time_pressure/episode28/step19/unit1,safety_only,22,0,0.25838392972946167,time_pressure,0.04966609552502632
0.0,0.13784435391426086,0,task14b/seed8/time_pressure/episode28/step19/unit2,safety_only,22,0,1.9496192932128906,time_pressure,0.37475234270095825
0.0,0.2176026701927185,1,task14b/seed8/time_pressure/episode46/step29/unit2,safety_only,22,1,5.145827293395996,time_pressure,0.9184967279434204
0.0,0.3323448896408081,2,task14b/seed8/time_pressure/episode39/step15/unit2,safety_only,22,1,16.97907257080078,time_pressure,3.2383484840393066
0.0,0.33506643772125244,2,task14b/seed8/time_pressure/episode21/step23/unit2,safety_only,22,1,4.130645275115967,time_pressure,0.7878208756446838
0.0,0.14927524328231812,0,task14b/seed8/time_pressure/episode47/step21/unit2,safety_only,22,1,3.2602450847625732,time_pressure,0.626678466796875
0.0,0.15034542977809906,1,task14b/seed8/time_pressure/episode3/step0/unit0,safety_only,22,0,-2.837815999984741,time_pressure,-0.5065317153930664
0.0,0.10739496350288391,1,task14b/seed8/time_pressure/episode3/step0/unit1,safety_only,22,0,-3.0722427368164062,time_pressure,-0.5483753681182861
0.0,0.1401173174381256,0,task14b/seed8/time_pressure/episode14/step20/unit2,safety_only,22,0,2.3750505447387695,time_pressure,0.456527978181839
0.0,0.4253924787044525,2,task14b/seed8/time_pressure/episode44/step45/unit2,safety_only,22,1,7.899136543273926,time_pressure,1.5065696239471436
0.0,0.27619606256484985,1,task14b/seed8/heterogeneity_pressure/episode21/step26/unit0,safety_only,22,0,3.0793514251708984,heterogeneity_pressure,0.5496442317962646
0.0,0.23946788907051086,1,task14b/seed8/heterogeneity_pressure/episode21/step26/unit2,safety_only,22,0,1.897635817527771,heterogeneity_pressure,0.33871567249298096
0.0,0.24225565791130066,1,task14b/seed8/heterogeneity_pressure/episode14/step39/unit2,safety_only,22,0,2.4009897708892822,heterogeneity_pressure,0.42856109142303467
0.0,0.15075437724590302,2,task14b/seed8/heterogeneity_pressure/episode42/step28/unit2,safety_only,22,1,0.9379424452781677,heterogeneity_pressure,0.17888988554477692
0.0,0.15100157260894775,0,task14b/seed8/heterogeneity_pressure/episode13/step37/unit2,safety_only,22,1,5.818283557891846,heterogeneity_pressure,1.118380069732666
0.0,0.27879440784454346,1,task14b/seed8/heterogeneity_pressure/episode26/step31/unit2,safety_only,22,1,0.35694244503974915,heterogeneity_pressure,0.06371191143989563
0.0,0.1340293288230896,0,task14b/seed8/heterogeneity_pressure/episode31/step37/unit2,safety_only,22,0,4.714103698730469,heterogeneity_pressure,0.9061365723609924
0.0,0.4123387634754181,2,task14b/seed8/heterogeneity_pressure/episode5/step18/unit0,safety_only,22,0,7.312026023864746,heterogeneity_pressure,1.394592523574829
0.0,0.5033206939697266,2,task14b/seed8/heterogeneity_pressure/episode5/step18/unit2,safety_only,22,0,14.157217979431152,heterogeneity_pressure,2.7001476287841797
0.0,0.1261730045080185,0,task14b/seed8/heterogeneity_pressure/episode41/step27/unit2,safety_only,22,1,4.371316909790039,heterogeneity_pressure,0.8402466773986816
0.0,0.2232521027326584,1,task14b/seed8/heterogeneity_pressure/episode6/step25/unit2,safety_only,22,0,-0.25321608781814575,heterogeneity_pressure,-0.04519742727279663
0.0,0.13087426126003265,0,task14b/seed8/heterogeneity_pressure/episode30/step32/unit2,safety_only,22,1,3.87739634513855,heterogeneity_pressure,0.7453061938285828
0.0,0.00505458191037178,2,task14b/seed8/heterogeneity_pressure/episode31/step29/unit2,safety_only,22,0,-6.471024513244629,heterogeneity_pressure,-1.2341917753219604
0.0,0.23665030300617218,2,task14b/seed8/heterogeneity_pressure/episode33/step49/unit2,safety_only,22,1,7.908860683441162,heterogeneity_pressure,1.5084242820739746
0.0,0.17715561389923096,1,task14b/seed8/heterogeneity_pressure/episode29/step0/unit0,safety_only,22,0,-5.012967109680176,heterogeneity_pressure,-0.8947820663452148
0.0,0.2505148649215698,2,task14b/seed8/heterogeneity_pressure/episode43/step49/unit2,safety_only,22,0,9.347787857055664,heterogeneity_pressure,1.7828649282455444
0.0,0.13939854502677917,1,task14b/seed10/medium/episode9/step27/unit2,safety_only,22,0,0.6773511171340942,medium,0.12090277671813965
0.0,0.1323901116847992,0,task14b/seed10/medium/episode20/step25/unit2,safety_only,22,0,2.675079584121704,medium,0.5141990184783936
0.0,0.2192133665084839,1,task14b/seed10/medium/episode33/step0/unit0,safety_only,22,0,-0.0929429680109024,medium,-0.01658971607685089
0.0,0.20567268133163452,1,task14b/seed10/medium/episode33/step0/unit1,safety_only,22,0,1.4857323169708252,medium,0.2651935815811157
0.0,0.2646958529949188,1,task14b/seed10/medium/episode27/step20/unit2,safety_only,22,0,6.645608425140381,medium,1.1861979961395264
0.0,0.13235825300216675,0,task14b/seed10/medium/episode44/step25/unit2,safety_only,22,0,3.287203311920166,medium,0.6318603157997131
0.0,0.11411400139331818,1,task14b/seed10/medium/episode44/step4/unit0,safety_only,22,-1,-5.387692451477051,medium,-0.9616681337356567
0.0,0.11825022101402283,1,task14b/seed10/medium/episode44/step4/unit1,safety_only,22,0,-5.428096771240234,medium,-0.9688800573348999
0.0,0.23833172023296356,1,task14b/seed10/medium/episode28/step4/unit0,safety_only,22,0,-3.1551718711853027,medium,-0.5631777048110962
0.0,0.23308424651622772,1,task14b/seed10/medium/episode28/step4/unit2,safety_only,22,0,-2.3568074703216553,medium,-0.4206748306751251
0.0,0.2633945941925049,2,task14b/seed10/medium/episode44/step0/unit0,safety_only,22,0,-3.9158313274383545,medium,-0.746850311756134
0.0,0.22370769083499908,2,task14b/seed10/medium/episode44/step0/unit1,safety_only,22,0,-3.319777011871338,medium,-0.6331673264503479
0.0,0.17425696551799774,1,task14b/seed10/medium/episode39/step28/unit2,safety_only,22,1,1.5276817083358765,medium,0.27268126606941223
0.0,0.12305299937725067,0,task14b/seed10/medium/episode2/step30/unit2,safety_only,22,0,4.75475549697876,medium,0.9139505624771118
0.0,0.16250932216644287,1,task14b/seed10/medium/episode12/step4/unit0,safety_only,22,0,-2.2933552265167236,medium,-0.4093490242958069
0.0,0.11405918747186661,1,task14b/seed10/medium/episode12/step4/unit1,safety_only,22,0,-2.648193836212158,medium,-0.47268542647361755
0.0,-0.05324145779013634,2,task14b/seed10/medium/episode24/step20/unit2,safety_only,22,0,-7.80211067199707,medium,-1.4880642890930176
0.0,0.14783352613449097,2,task14b/seed10/medium/episode35/step7/unit1,safety_only,22,0,-1.9069873094558716,medium,-0.36371180415153503
0.0,0.11131571978330612,2,task14b/seed10/medium/episode35/step7/unit2,safety_only,22,0,-2.26863694190979,medium,-0.43268775939941406
0.0,0.13707704842090607,0,task14b/seed10/medium/episode22/step46/unit2,safety_only,22,0,5.792746543884277,medium,1.1134713888168335
0.0,0.20060037076473236,2,task14b/seed10/time_pressure/episode44/step22/unit2,safety_only,22,0,13.756302833557129,time_pressure,2.623682737350464
0.0,0.3511985242366791,1,task14b/seed10/time_pressure/episode18/step26/unit2,safety_only,22,0,3.9015185832977295,time_pressure,0.696395754814148
0.0,0.13086746633052826,0,task14b/seed10/time_pressure/episode31/step21/unit2,safety_only,22,1,2.5974857807159424,time_pressure,0.4992840886116028
0.0,0.06613972783088684,2,task14b/seed10/time_pressure/episode41/step18/unit2,safety_only,22,0,-1.2310651540756226,time_pressure,-0.2347959727048874
0.0,-0.07051187753677368,2,task14b/seed10/time_pressure/episode28/step8/unit0,safety_only,22,0,-6.429314136505127,time_pressure,-1.2262364625930786
0.0,-0.019066428765654564,2,task14b/seed10/time_pressure/episode28/step8/unit2,safety_only,22,0,-0.34448766708374023,time_pressure,-0.06570270657539368
0.0,0.14779114723205566,2,task14b/seed10/time_pressure/episode16/step22/unit2,safety_only,22,0,-1.9713289737701416,time_pressure,-0.37598341703414917
0.0,0.22359350323677063,1,task14b/seed10/time_pressure/episode26/step20/unit2,safety_only,22,0,4.672003269195557,time_pressure,0.833922266960144
0.0,0.11842739582061768,0,task14b/seed10/time_pressure/episode5/step22/unit2,safety_only,22,0,6.815822124481201,time_pressure,1.3101251125335693
0.0,0.14263859391212463,0,task14b/seed10/time_pressure/episode47/step24/unit2,safety_only,22,0,3.399474859237671,time_pressure,0.6534409523010254
0.0,0.1840651035308838,2,task14b/seed10/time_pressure/episode44/step19/unit2,safety_only,22,0,11.57697868347168,time_pressure,2.208029270172119
0.0,0.1860627830028534,1,task14b/seed10/time_pressure/episode41/step12/unit0,safety_only,22,-1,0.48557204008102417,time_pressure,0.08667145669460297
0.0,0.09707211703062057,0,task14b/seed10/time_pressure/episode3/step24/unit2,safety_only,22,1,3.443812131881714,time_pressure,0.6619634032249451
0.0,0.1508321613073349,0,task14b/seed10/time_pressure/episode12/step18/unit2,safety_only,22,0,2.8858842849731445,time_pressure,0.5547195076942444
0.0,0.1787882149219513,0,task14b/seed10/time_pressure/episode30/step0/unit1,safety_only,22,0,-6.261688232421875,time_pressure,-1.2036105394363403
0.0,0.16752976179122925,2,task14b/seed10/heterogeneity_pressure/episode18/step5/unit0,safety_only,22,0,-2.212463140487671,heterogeneity_pressure,-0.42197394371032715
0.0,0.17435863614082336,2,task14b/seed10/heterogeneity_pressure/episode18/step5/unit1,safety_only,22,0,1.522121548652649,heterogeneity_pressure,0.2903079390525818
0.0,0.13210703432559967,2,task14b/seed10/heterogeneity_pressure/episode18/step5/unit2,safety_only,22,0,-1.4949671030044556,heterogeneity_pressure,-0.2851288914680481
0.0,0.21823212504386902,1,task14b/seed10/heterogeneity_pressure/episode10/step4/unit0,safety_only,22,0,-1.6447855234146118,heterogeneity_pressure,-0.29358354210853577
0.0,0.1606593132019043,1,task14b/seed10/heterogeneity_pressure/episode10/step4/unit1,safety_only,22,1,-1.4276313781738281,heterogeneity_pressure,-0.2548229396343231
0.0,0.17147956788539886,1,task14b/seed10/heterogeneity_pressure/episode10/step4/unit2,safety_only,22,0,-2.0667355060577393,heterogeneity_pressure,-0.368898868560791
0.0,0.3444152772426605,2,task14b/seed10/heterogeneity_pressure/episode10/step0/unit0,safety_only,22,0,-1.022235631942749,heterogeneity_pressure,-0.19496677815914154
0.0,0.27987173199653625,2,task14b/seed10/heterogeneity_pressure/episode10/step0/unit1,safety_only,22,1,6.081959247589111,heterogeneity_pressure,1.159986972808838
0.0,0.11353403329849243,1,task14b/seed10/heterogeneity_pressure/episode40/step5/unit0,safety_only,22,0,-5.049102306365967,heterogeneity_pressure,-0.9012320041656494
0.0,0.06170044094324112,1,task14b/seed10/heterogeneity_pressure/episode40/step5/unit1,safety_only,22,0,-6.278591632843018,heterogeneity_pressure,-1.1206878423690796
0.0,0.18909290432929993,1,task14b/seed10/heterogeneity_pressure/episode21/step5/unit0,safety_only,22,0,-2.4845967292785645,heterogeneity_pressure,-0.4434843957424164
0.0,0.14616279304027557,1,task14b/seed10/heterogeneity_pressure/episode21/step5/unit1,safety_only,22,0,-2.248412609100342,heterogeneity_pressure,-0.40132707357406616
0.0,0.13483822345733643,1,task14b/seed10/heterogeneity_pressure/episode21/step5/unit2,safety_only,22,-1,-4.589234828948975,heterogeneity_pressure,-0.8191486597061157
0.0,0.060821082442998886,2,task14b/seed10/heterogeneity_pressure/episode8/step6/unit0,safety_only,22,0,-0.5631099343299866,heterogeneity_pressure,-0.10739962756633759
0.0,0.03852332383394241,2,task14b/seed10/heterogeneity_pressure/episode8/step6/unit1,safety_only,22,-1,4.735976219177246,heterogeneity_pressure,0.9032731652259827
0.0,0.155269593000412,2,task14b/seed10/heterogeneity_pressure/episode8/step6/unit2,safety_only,22,0,6.251245498657227,heterogeneity_pressure,1.1922742128372192
0.0,0.14886723458766937,1,task14b/seed10/heterogeneity_pressure/episode40/step2/unit0,safety_only,22,0,-2.7755422592163086,heterogeneity_pressure,-0.4954162538051605
0.0,0.2513504922389984,2,task14b/seed10/heterogeneity_pressure/episode32/step32/unit2,safety_only,22,1,0.3879093825817108,heterogeneity_pressure,0.07398435473442078
0.0,0.14887231588363647,0,task14b/seed10/heterogeneity_pressure/episode8/step3/unit0,safety_only,22,0,-4.153735637664795,heterogeneity_pressure,-0.7984235882759094
0.0,0.28876277804374695,1,task14b/seed10/heterogeneity_pressure/episode4/step6/unit0,safety_only,22,0,-0.048497822135686874,heterogeneity_pressure,-0.008656546473503113
0.0,0.1228213906288147,0,task14b/seed10/heterogeneity_pressure/episode27/step5/unit0,safety_only,22,0,-2.8234899044036865,heterogeneity_pressure,-0.5427261590957642
0.0,0.10668652504682541,0,task14b/seed10/heterogeneity_pressure/episode27/step5/unit1,safety_only,22,-1,-3.618898630142212,heterogeneity_pressure,-0.695618212223053
0.0,0.12185245007276535,0,task14b/seed10/heterogeneity_pressure/episode27/step5/unit2,safety_only,22,0,-2.3211236000061035,heterogeneity_pressure,-0.44616222381591797
0.0,0.1703944355249405,0,task14b/seed10/heterogeneity_pressure/episode2/step2/unit0,safety_only,22,0,-5.545536041259766,heterogeneity_pressure,-1.065953016281128
0.0,0.1734265387058258,0,task14b/seed10/heterogeneity_pressure/episode2/step2/unit2,safety_only,22,0,-4.609646797180176,heterogeneity_pressure,-0.8860580325126648
0.0,0.1865856945514679,1,task14b/seed10/heterogeneity_pressure/episode5/step6/unit0,safety_only,22,0,-2.3146510124206543,heterogeneity_pressure,-0.4131501615047455
0.0,0.1257448047399521,1,task14b/seed10/heterogeneity_pressure/episode5/step6/unit1,safety_only,22,0,-2.1173579692840576,heterogeneity_pressure,-0.37793466448783875
0.0,0.14104506373405457,0,task14b/seed10/heterogeneity_pressure/episode36/step49/unit2,safety_only,22,0,3.527568817138672,heterogeneity_pressure,0.6780629754066467
0.14337383210659027,0.26352861523628235,2,task14u/seed8/medium/episode25/step23/unit0,global_budget,22,0,-3.3797178268432617,medium,-0.7907423377037048
0.14337383210659027,0.29446184635162354,2,task14u/seed8/medium/episode25/step23/unit2,global_budget,22,1,1.6274018287658691,medium,0.14709055423736572
0.12788356840610504,0.1674509048461914,1,task14u/seed8/medium/episode0/step26/unit2,global_budget,22,0,4.270009517669678,medium,0.6984313130378723
0.1279205083847046,0.22574882209300995,0,task14u/seed8/medium/episode18/step31/unit2,global_budget,22,0,3.3212578296661377,medium,0.5532971024513245
0.14337383210659027,0.35198521614074707,2,task14u/seed8/medium/episode5/step12/unit2,global_budget,22,0,-3.493385076522827,medium,-0.8614761829376221
0.14337383210659027,-0.016871832311153412,2,task14u/seed8/medium/episode21/step37/unit2,global_budget,22,0,-10.06148624420166,medium,-1.9189857244491577
0.14337383210659027,0.25112324953079224,2,task14u/seed8/medium/episode30/step17/unit2,global_budget,22,1,-3.6993236541748047,medium,-0.8448198437690735
0.1279205083847046,0.24369372427463531,0,task14u/seed8/medium/episode20/step26/unit2,global_budget,22,1,4.27490234375,medium,0.729839563369751
0.12788356840610504,0.16283129155635834,1,task14u/seed8/medium/episode1/step27/unit2,global_budget,22,0,2.1440606117248535,medium,0.3207215964794159
0.12788356840610504,0.1873890906572342,1,task14u/seed8/medium/episode20/step18/unit1,global_budget,22,-1,3.6859958171844482,medium,0.5865994691848755
0.12788356840610504,0.19515104591846466,1,task14u/seed8/medium/episode20/step18/unit2,global_budget,22,0,4.870323181152344,medium,0.7950397729873657
0.1279205083847046,0.2128593772649765,0,task14u/seed8/medium/episode35/step38/unit2,global_budget,22,0,5.357930660247803,medium,0.9496421217918396
0.1279205083847046,0.17430222034454346,0,task14u/seed8/medium/episode24/step30/unit2,global_budget,22,0,4.939338684082031,medium,0.8837175369262695
0.12788356840610504,0.20993632078170776,1,task14u/seed8/time_pressure/episode6/step1/unit0,global_budget,22,-1,-3.256303071975708,time_pressure,-0.6611380577087402
0.12788356840610504,0.19212277233600616,1,task14u/seed8/time_pressure/episode6/step1/unit1,global_budget,22,0,-2.348707675933838,time_pressure,-0.49235770106315613
0.12788356840610504,0.21399888396263123,1,task14u/seed8/time_pressure/episode12/step0/unit0,global_budget,22,0,-3.6164698600769043,time_pressure,-0.7269718647003174
0.12788356840610504,0.20170065760612488,1,task14u/seed8/time_pressure/episode12/step0/unit1,global_budget,22,0,-3.9769625663757324,time_pressure,-0.7866363525390625
0.12788356840610504,0.2073681503534317,1,task14u/seed8/time_pressure/episode35/step22/unit2,global_budget,22,0,2.841695785522461,time_pressure,0.4282926917076111
0.14337383210659027,0.3955765664577484,2,task14u/seed8/time_pressure/episode19/step23/unit2,global_budget,22,1,3.3727598190307617,time_pressure,0.42390117049217224
0.1279205083847046,0.2010313868522644,0,task14u/seed8/time_pressure/episode4/step5/unit0,global_budget,22,-1,-2.8231310844421387,time_pressure,-0.6184476613998413
0.1279205083847046,0.1791735291481018,0,task14u/seed8/time_pressure/episode4/step5/unit1,global_budget,22,0,-2.0630409717559814,time_pressure,-0.46410393714904785
0.12788356840610504,0.18161363899707794,1,task14u/seed8/time_pressure/episode33/step18/unit0,global_budget,22,-1,3.3488268852233887,time_pressure,0.5286153554916382
0.12788356840610504,0.23410625755786896,1,task14u/seed8/time_pressure/episode27/step7/unit0,global_budget,22,0,-0.3556539714336395,time_pressure,-0.15259096026420593
0.12788356840610504,0.21379372477531433,1,task14u/seed8/time_pressure/episode27/step7/unit2,global_budget,22,1,1.0796455144882202,time_pressure,0.11133234202861786
0.1279205083847046,0.20425042510032654,0,task14u/seed8/time_pressure/episode2/step25/unit2,global_budget,22,0,6.309370040893555,time_pressure,1.1357717514038086
0.14337383210659027,0.29766538739204407,2,task14u/seed8/time_pressure/episode15/step15/unit2,global_budget,22,1,-1.5487911701202393,time_pressure,-0.4604681730270386
0.1279205083847046,0.2655506730079651,0,task14u/seed8/time_pressure/episode27/step12/unit0,global_budget,22,0,-0.8406891226768494,time_pressure,-0.261710524559021
0.1279205083847046,0.257734477519989,0,task14u/seed8/time_pressure/episode27/step12/unit2,global_budget,22,1,0.7780318856239319,time_pressure,0.0523839071393013
0.14337383210659027,0.27478453516960144,2,task14u/seed8/time_pressure/episode22/step8/unit0,global_budget,22,0,-4.10217809677124,time_pressure,-0.9347763061523438
0.14337383210659027,0.44773533940315247,2,task14u/seed8/time_pressure/episode22/step8/unit1,global_budget,22,-1,2.3201913833618164,time_pressure,0.19422392547130585
0.14337383210659027,0.40144863724708557,2,task14u/seed8/time_pressure/episode22/step8/unit2,global_budget,22,0,0.9752472639083862,time_pressure,-0.036622896790504456
0.1279205083847046,0.21913056075572968,0,task14u/seed8/heterogeneity_pressure/episode20/step29/unit0,global_budget,22,1,3.4099338054656982,heterogeneity_pressure,0.5728373527526855
0.1279205083847046,0.214463472366333,0,task14u/seed8/heterogeneity_pressure/episode20/step29/unit2,global_budget,22,-1,5.147676467895508,heterogeneity_pressure,0.908622682094574
0.14337383210659027,0.21290276944637299,2,task14u/seed8/heterogeneity_pressure/episode35/step28/unit2,global_budget,22,0,-1.4269107580184937,heterogeneity_pressure,-0.3902163505554199
0.1279205083847046,0.1731775552034378,0,task14u/seed8/heterogeneity_pressure/episode16/step48/unit2,global_budget,22,0,8.180527687072754,heterogeneity_pressure,1.5071570873260498
0.1279205083847046,0.2064361274242401,0,task14u/seed8/heterogeneity_pressure/episode12/step25/unit2,global_budget,22,1,5.967672348022461,heterogeneity_pressure,1.0692672729492188
0.12788356840610504,0.17023323476314545,1,task14u/seed8/heterogeneity_pressure/episode21/step21/unit2,global_budget,22,0,1.8531136512756348,heterogeneity_pressure,0.2659720480442047
0.14337383210659027,0.2231064885854721,2,task14u/seed8/heterogeneity_pressure/episode4/step5/unit0,global_budget,22,0,-2.096163511276245,heterogeneity_pressure,-0.5235188007354736
0.14337383210659027,0.27399706840515137,2,task14u/seed8/heterogeneity_pressure/episode4/step5/unit2,global_budget,22,0,1.5020380020141602,heterogeneity_pressure,0.13452939689159393
0.1279205083847046,0.20712901651859283,0,task14u/seed8/heterogeneity_pressure/episode6/step38/unit2,global_budget,22,0,5.746001243591309,heterogeneity_pressure,1.0263967514038086
0.12788356840610504,0.17340289056301117,1,task14u/seed8/heterogeneity_pressure/episode25/step17/unit2,global_budget,22,0,2.5927035808563232,heterogeneity_pressure,0.39677754044532776
0.12788356840610504,0.18029417097568512,1,task14u/seed8/heterogeneity_pressure/episode11/step49/unit2,global_budget,22,0,3.81710147857666,heterogeneity_pressure,0.6127015352249146
0.1279205083847046,0.23292560875415802,0,task14u/seed8/heterogeneity_pressure/episode19/step11/unit0,global_budget,22,0,0.78558748960495,heterogeneity_pressure,0.06318937987089157
0.14337383210659027,0.02788480930030346,2,task14u/seed8/heterogeneity_pressure/episode30/step25/unit2,global_budget,22,0,-8.79881477355957,heterogeneity_pressure,-1.6936254501342773
0.1279205083847046,0.25631317496299744,0,task14u/seed10/medium/episode30/step5/unit0,global_budget,22,0,-3.817981481552124,medium,-0.8305177092552185
0.1279205083847046,0.23530671000480652,0,task14u/seed10/medium/episode30/step5/unit1,global_budget,22,0,-2.778308153152466,medium,-0.6227539777755737
0.12788356840610504,0.1364949494600296,1,task14u/seed10/medium/episode33/step12/unit2,global_budget,22,-1,1.55486261844635,medium,0.22557811439037323
0.1279205083847046,0.2223583608865738,0,task14u/seed10/medium/episode32/step36/unit2,global_budget,22,0,1.902229905128479,medium,0.28181231021881104
0.14337383210659027,0.14425207674503326,2,task14u/seed10/medium/episode21/step6/unit1,global_budget,22,-1,-0.11543911695480347,medium,-0.10201380401849747
0.14337383210659027,0.23413048684597015,2,task14u/seed10/medium/episode21/step6/unit2,global_budget,22,0,3.8136651515960693,medium,0.5975249409675598
0.14337383210659027,-0.044681329280138016,2,task14u/seed10/medium/episode35/step28/unit2,global_budget,22,0,-6.677420139312744,medium,-1.2735567092895508
0.1279205083847046,0.20592214167118073,0,task14u/seed10/medium/episode8/step13/unit2,global_budget,22,0,-0.5611611604690552,medium,-0.18549971282482147
0.1279205083847046,0.184600830078125,0,task14u/seed10/medium/episode13/step19/unit2,global_budget,22,0,4.454625606536865,medium,0.7866641283035278
0.14337383210659027,0.032159917056560516,2,task14u/seed10/medium/episode19/step7/unit0,global_budget,22,-1,-6.534536838531494,medium,-1.2641398906707764
0.14337383210659027,0.17140589654445648,2,task14u/seed10/medium/episode19/step7/unit2,global_budget,22,-1,-0.10555146634578705,medium,-0.1151864230632782
0.1279205083847046,0.2969013452529907,0,task14u/seed10/medium/episode9/step0/unit0,global_budget,22,0,-5.451206684112549,medium,-1.1597553491592407
0.1279205083847046,0.28217628598213196,0,task14u/seed10/medium/episode9/step0/unit1,global_budget,22,0,-5.0640411376953125,medium,-1.0797836780548096
0.14337383210659027,0.27723050117492676,2,task14u/seed10/medium/episode28/step24/unit2,global_budget,22,0,4.8260698318481445,medium,0.7667151093482971
0.14337383210659027,0.1594892144203186,2,task14u/seed10/medium/episode17/step30/unit2,global_budget,22,0,-1.7270861864089966,medium,-0.4178465008735657
0.12788356840610504,0.12705636024475098,1,task14u/seed10/time_pressure/episode32/step15/unit2,global_budget,22,0,4.016291618347168,time_pressure,0.668519914150238
0.12788356840610504,0.22105707228183746,1,task14u/seed10/time_pressure/episode28/step12/unit0,global_budget,22,-1,1.9065545797348022,time_pressure,0.2561655640602112
0.12788356840610504,0.20590491592884064,1,task14u/seed10/time_pressure/episode28/step12/unit1,global_budget,22,-1,1.935029149055481,time_pressure,0.2670155167579651
0.12788356840610504,0.2021426111459732,1,task14u/seed10/time_pressure/episode28/step12/unit2,global_budget,22,0,2.1141979694366455,time_pressure,0.30042803287506104
0.14337383210659027,0.24573245644569397,2,task14u/seed10/time_pressure/episode20/step18/unit2,global_budget,22,0,2.7632577419281006,time_pressure,0.3907511234283447
0.12788356840610504,0.1746944785118103,1,task14u/seed10/time_pressure/episode27/step14/unit2,global_budget,22,0,2.4639828205108643,time_pressure,0.3733100891113281
0.14337383210659027,0.21152831614017487,2,task14u/seed10/time_pressure/episode1/step27/unit2,global_budget,22,0,11.93846607208252,time_pressure,2.1596689224243164
0.12788356840610504,0.19553633034229279,1,task14u/seed10/time_pressure/episode18/step12/unit2,global_budget,22,0,4.30131196975708,time_pressure,0.6933282613754272
0.14337383210659027,0.12465447932481766,2,task14u/seed10/time_pressure/episode30/step14/unit2,global_budget,22,0,-14.11777114868164,time_pressure,-2.7617526054382324
0.1279205083847046,0.21677424013614655,0,task14u/seed10/time_pressure/episode0/step17/unit2,global_budget,22,0,1.9822897911071777,time_pressure,0.2993065416812897
0.1279205083847046,0.20683465898036957,0,task14u/seed10/time_pressure/episode27/step15/unit2,global_budget,22,0,0.33158066868782043,time_pressure,-0.014242500066757202
0.12788356840610504,0.1576741635799408,1,task14u/seed10/time_pressure/episode8/step25/unit2,global_budget,22,0,3.5875539779663086,time_pressure,0.5803388357162476
0.1279205083847046,0.21268072724342346,0,task14u/seed10/time_pressure/episode6/step3/unit0,global_budget,22,0,-4.127479553222656,time_pressure,-0.8735591173171997
0.1279205083847046,0.19083236157894135,0,task14u/seed10/time_pressure/episode6/step3/unit1,global_budget,22,0,-3.573389768600464,time_pressure,-0.7588159441947937
0.12788356840610504,0.147329181432724,1,task14u/seed10/heterogeneity_pressure/episode12/step30/unit2,global_budget,22,0,3.0423483848571777,heterogeneity_pressure,0.4869607985019684
0.14337383210659027,0.1515713930130005,2,task14u/seed10/heterogeneity_pressure/episode28/step27/unit2,global_budget,22,0,-0.3385351002216339,heterogeneity_pressure,-0.14862298965454102
0.14337383210659027,0.050471123307943344,2,task14u/seed10/heterogeneity_pressure/episode9/step4/unit1,global_budget,22,0,-4.224837779998779,heterogeneity_pressure,-0.8337751626968384
0.14337383210659027,0.07954318821430206,2,task14u/seed10/heterogeneity_pressure/episode9/step4/unit2,global_budget,22,0,-3.47591233253479,heterogeneity_pressure,-0.7070579528808594
0.1279205083847046,0.205666184425354,0,task14u/seed10/heterogeneity_pressure/episode16/step10/unit2,global_budget,22,0,1.3195180892944336,heterogeneity_pressure,0.1760975867509842
0.14337383210659027,0.1255854368209839,2,task14u/seed10/heterogeneity_pressure/episode19/step13/unit2,global_budget,22,0,0.19052664935588837,heterogeneity_pressure,-0.033306434750556946
0.12788356840610504,0.14576661586761475,1,task14u/seed10/heterogeneity_pressure/episode31/step34/unit2,global_budget,22,0,4.392213344573975,heterogeneity_pressure,0.7284976840019226
0.1279205083847046,0.19938716292381287,0,task14u/seed10/heterogeneity_pressure/episode12/step24/unit2,global_budget,22,0,2.0612714290618896,heterogeneity_pressure,0.32104331254959106
0.1279205083847046,0.1783752739429474,0,task14u/seed10/heterogeneity_pressure/episode16/step29/unit2,global_budget,22,0,3.1875648498535156,heterogeneity_pressure,0.5454590916633606
0.1279205083847046,0.2147304117679596,0,task14u/seed10/heterogeneity_pressure/episode16/step7/unit0,global_budget,22,0,-1.4897557497024536,heterogeneity_pressure,-0.36731329560279846
0.1279205083847046,0.21275299787521362,0,task14u/seed10/heterogeneity_pressure/episode16/step7/unit2,global_budget,22,0,0.30854669213294983,heterogeneity_pressure,-0.02090131863951683
0.14337383210659027,-0.06263776868581772,2,task14u/seed10/heterogeneity_pressure/episode10/step24/unit2,global_budget,22,0,-16.242570877075195,heterogeneity_pressure,-3.0978784561157227
0.1279205083847046,0.23350264132022858,0,task14u/seed10/heterogeneity_pressure/episode9/step1/unit0,global_budget,22,0,-6.023670196533203,heterogeneity_pressure,-1.2458914518356323
0.1279205083847046,0.2209768444299698,0,task14u/seed10/heterogeneity_pressure/episode9/step1/unit1,global_budget,22,0,-6.335090160369873,heterogeneity_pressure,-1.3010296821594238
0.14337383210659027,0.12082772701978683,2,task14b/seed8/medium/episode26/step38/unit2,global_budget,22,1,9.165212631225586,medium,1.6810368299484253
0.12788356840610504,0.1429252028465271,1,task14b/seed8/medium/episode15/step27/unit2,global_budget,22,1,4.4211249351501465,medium,0.7347397804260254
0.12788356840610504,0.15705238282680511,1,task14b/seed8/medium/episode40/step32/unit2,global_budget,22,1,2.1184475421905518,medium,0.3183494806289673
0.12788356840610504,0.15189047157764435,1,task14b/seed8/medium/episode28/step33/unit2,global_budget,22,1,5.707764148712158,medium,0.9609839916229248
0.14337383210659027,0.2762104272842407,2,task14b/seed8/medium/episode46/step31/unit0,global_budget,22,-1,0.9558886289596558,medium,0.029137134552001953
0.14337383210659027,0.3124184310436249,2,task14b/seed8/medium/episode46/step31/unit2,global_budget,22,1,7.885532855987549,medium,1.3307199478149414
0.1279205083847046,0.24457359313964844,0,task14b/seed8/medium/episode42/step20/unit2,global_budget,22,1,0.961193859577179,medium,0.09255272895097733
0.1279205083847046,0.2295449674129486,0,task14b/seed8/medium/episode32/step24/unit2,global_budget,22,1,0.4587671756744385,medium,0.0016430839896202087
0.12788356840610504,0.18697860836982727,1,task14b/seed8/medium/episode30/step38/unit2,global_budget,22,1,5.518399238586426,medium,0.9138278961181641
0.14337383210659027,0.1440664380788803,2,task14b/seed8/medium/episode26/step35/unit2,global_budget,22,1,9.452169418334961,medium,1.7228795289993286
0.1279205083847046,0.17459367215633392,0,task14b/seed8/medium/episode39/step28/unit2,global_budget,22,1,5.3228373527526855,medium,0.9573230147361755
0.1279205083847046,0.19935189187526703,0,task14b/seed8/medium/episode28/step30/unit2,global_budget,22,1,4.953126430511475,medium,0.8769238591194153
0.1279205083847046,0.14594539999961853,0,task14b/seed8/medium/episode15/step24/unit2,global_budget,22,1,5.0930094718933105,medium,0.9239465594291687
0.12788356840610504,0.1788775473833084,1,task14b/seed8/medium/episode46/step27/unit0,global_budget,22,0,0.028151487931609154,medium,-0.06306219846010208
0.12788356840610504,0.17212702333927155,1,task14b/seed8/medium/episode46/step27/unit2,global_budget,22,1,0.5075981616973877,medium,0.025085411965847015
0.14337383210659027,0.06076535955071449,2,task14b/seed8/medium/episode8/step25/unit2,global_budget,22,0,-4.204127788543701,medium,-0.8355340361595154
0.1279205083847046,0.21336311101913452,0,task14b/seed8/time_pressure/episode15/step17/unit1,global_budget,22,-1,4.372702598571777,time_pressure,0.7600734233856201
0.1279205083847046,0.2325742542743683,0,task14b/seed8/time_pressure/episode15/step17/unit2,global_budget,22,1,5.179636478424072,time_pressure,0.9079380631446838
0.1279205083847046,0.23390889167785645,0,task14b/seed8/time_pressure/episode36/step32/unit2,global_budget,22,1,3.8029918670654297,time_pressure,0.6428187489509583
0.14337383210659027,0.337956041097641,2,task14b/seed8/time_pressure/episode17/step37/unit2,global_budget,22,1,10.116862297058105,time_pressure,1.7421300411224365
0.14337383210659027,0.23885346949100494,2,task14b/seed8/time_pressure/episode15/step24/unit0,global_budget,22,1,1.2084299325942993,time_pressure,0.09802000224590302
0.14337383210659027,0.31310373544692993,2,task14b/seed8/time_pressure/episode15/step24/unit2,global_budget,22,1,6.882835865020752,time_pressure,1.1390997171401978
0.12788356840610504,0.18972976505756378,1,task14b/seed8/time_pressure/episode34/step27/unit2,global_budget,22,1,5.781320571899414,time_pressure,0.959710419178009
0.1279205083847046,0.18143638968467712,0,task14b/seed8/time_pressure/episode38/step24/unit0,global_budget,22,0,2.6836953163146973,time_pressure,0.4474521279335022
0.1279205083847046,0.17683559656143188,0,task14b/seed8/time_pressure/episode38/step24/unit2,global_budget,22,1,3.4820876121520996,time_pressure,0.6026521921157837
0.1279205083847046,0.20944009721279144,0,task14b/seed8/time_pressure/episode28/step19/unit0,global_budget,22,0,0.23511403799057007,time_pressure,-0.03376741334795952
0.1279205083847046,0.19274890422821045,0,task14b/seed8/time_pressure/episode28/step19/unit1,global_budget,22,0,0.6560651659965515,time_pressure,0.05343977361917496
0.1279205083847046,0.19668959081172943,0,task14b/seed8/time_pressure/episode28/step19/unit2,global_budget,22,0,2.331606388092041,time_pressure,0.3740236461162567
0.12788356840610504,0.1400940716266632,1,task14b/seed8/time_pressure/episode46/step29/unit2,global_budget,22,1,5.340065956115723,time_pressure,0.899842381477356
0.14337383210659027,0.3064768612384796,2,task14b/seed8/time_pressure/episode39/step15/unit2,global_budget,22,1,17.272075653076172,time_pressure,3.1242716312408447
0.14337383210659027,0.3234626352787018,2,task14b/seed8/time_pressure/episode21/step23/unit2,global_budget,22,1,4.720669746398926,time_pressure,0.7209740877151489
0.1279205083847046,0.20965605974197388,0,task14b/seed8/time_pressure/episode47/step21/unit2,global_budget,22,1,3.626943588256836,time_pressure,0.6181225776672363
0.12788356840610504,0.16352532804012299,1,task14b/seed8/time_pressure/episode3/step0/unit0,global_budget,22,0,-3.728433847427368,time_pressure,-0.7277446985244751
0.12788356840610504,0.15119096636772156,1,task14b/seed8/time_pressure/episode3/step0/unit1,global_budget,22,0,-3.9938106536865234,time_pressure,-0.7704178690910339
0.1279205083847046,0.19772179424762726,0,task14b/seed8/time_pressure/episode14/step20/unit2,global_budget,22,0,2.3032572269439697,time_pressure,0.36818525195121765
0.14337383210659027,0.3938214182853699,2,task14b/seed8/time_pressure/episode44/step45/unit2,global_budget,22,1,8.747593879699707,time_pressure,1.449994444847107
0.12788356840610504,0.19816116988658905,1,task14b/seed8/heterogeneity_pressure/episode21/step26/unit0,global_budget,22,0,2.852705955505371,heterogeneity_pressure,0.43376240134239197
0.12788356840610504,0.18281744420528412,1,task14b/seed8/heterogeneity_pressure/episode21/step26/unit2,global_budget,22,0,3.5423531532287598,heterogeneity_pressure,0.5627003312110901
0.12788356840610504,0.16442029178142548,1,task14b/seed8/heterogeneity_pressure/episode14/step39/unit2,global_budget,22,0,3.8272335529327393,heterogeneity_pressure,0.6205522418022156
0.14337383210659027,0.1652539074420929,2,task14b/seed8/heterogeneity_pressure/episode42/step28/unit2,global_budget,22,1,2.0500295162200928,heterogeneity_pressure,0.2993502616882324
0.1279205083847046,0.1983492076396942,0,task14b/seed8/heterogeneity_pressure/episode13/step37/unit2,global_budget,22,1,6.1729326248168945,heterogeneity_pressure,1.111770749092102
0.12788356840610504,0.20268169045448303,1,task14b/seed8/heterogeneity_pressure/episode26/step31/unit2,global_budget,22,1,4.32390022277832,heterogeneity_pressure,0.6946403980255127
0.1279205083847046,0.18576961755752563,0,task14b/seed8/heterogeneity_pressure/episode31/step37/unit2,global_budget,22,0,4.914552211761475,heterogeneity_pressure,0.8746297955513
0.14337383210659027,0.41608187556266785,2,task14b/seed8/heterogeneity_pressure/episode5/step18/unit0,global_budget,22,0,7.703179836273193,heterogeneity_pressure,1.2384527921676636
0.14337383210659027,0.5038525462150574,2,task14b/seed8/heterogeneity_pressure/episode5/step18/unit2,global_budget,22,0,14.20032787322998,heterogeneity_pressure,2.428952693939209
0.1279205083847046,0.17566338181495667,0,task14b/seed8/heterogeneity_pressure/episode41/step27/unit2,global_budget,22,1,4.632440090179443,heterogeneity_pressure,0.8242127895355225
0.12788356840610504,0.18936438858509064,1,task14b/seed8/heterogeneity_pressure/episode6/step25/unit2,global_budget,22,0,2.717008352279663,heterogeneity_pressure,0.41288959980010986
0.1279205083847046,0.1824187934398651,0,task14b/seed8/heterogeneity_pressure/episode30/step32/unit2,global_budget,22,1,4.1393890380859375,heterogeneity_pressure,0.7268925905227661
0.14337383210659027,0.05229361727833748,2,task14b/seed8/heterogeneity_pressure/episode31/step29/unit2,global_budget,22,0,-5.440346717834473,heterogeneity_pressure,-1.0666148662567139
0.14337383210659027,0.23250067234039307,2,task14b/seed8/heterogeneity_pressure/episode33/step49/unit2,global_budget,22,1,7.6986494064331055,heterogeneity_pressure,1.3393957614898682
0.12788356840610504,0.19233357906341553,1,task14b/seed8/heterogeneity_pressure/episode29/step0/unit0,global_budget,22,0,-4.645602703094482,heterogeneity_pressure,-0.9024187922477722
0.14337383210659027,0.23756244778633118,2,task14b/seed8/heterogeneity_pressure/episode43/step49/unit2,global_budget,22,0,9.015691757202148,heterogeneity_pressure,1.5877827405929565
0.12788356840610504,0.147805854678154,1,task14b/seed10/medium/episode9/step27/unit2,global_budget,22,0,2.8948488235473633,medium,0.4604516327381134
0.1279205083847046,0.18561923503875732,0,task14b/seed10/medium/episode20/step25/unit2,global_budget,22,0,2.908363103866577,medium,0.4890604019165039
0.12788356840610504,0.18993578851222992,1,task14b/seed10/medium/episode33/step0/unit0,global_budget,22,0,-2.333268642425537,medium,-0.4887695014476776
0.12788356840610504,0.17350435256958008,1,task14b/seed10/medium/episode33/step0/unit1,global_budget,22,0,-1.963183045387268,medium,-0.41645726561546326
0.12788356840610504,0.1569310873746872,1,task14b/seed10/medium/episode27/step20/unit2,global_budget,22,0,4.669134140014648,medium,0.7736766934394836
0.1279205083847046,0.18409661948680878,0,task14b/seed10/medium/episode44/step25/unit2,global_budget,22,0,3.6716482639312744,medium,0.6363517642021179
0.12788356840610504,0.17894546687602997,1,task14b/seed10/medium/episode44/step4/unit0,global_budget,22,-1,-5.435069561004639,medium,-1.038237452507019
0.12788356840610504,0.17787832021713257,1,task14b/seed10/medium/episode44/step4/unit1,global_budget,22,0,-5.50950288772583,medium,-1.051117181777954
0.12788356840610504,0.2053138017654419,1,task14b/seed10/medium/episode28/step4/unit0,global_budget,22,0,-3.846602201461792,medium,-0.7647431492805481
0.12788356840610504,0.1958458423614502,1,task14b/seed10/medium/episode28/step4/unit2,global_budget,22,0,-2.2387020587921143,medium,-0.47413957118988037
0.14337383210659027,0.27102527022361755,2,task14b/seed10/medium/episode44/step0/unit0,global_budget,22,0,-4.293687343597412,medium,-0.9692173004150391
0.14337383210659027,0.2233707308769226,2,task14b/seed10/medium/episode44/step0/unit1,global_budget,22,0,-3.4077162742614746,medium,-0.7738123536109924
0.12788356840610504,0.15116511285305023,1,task14b/seed10/medium/episode39/step28/unit2,global_budget,22,1,4.6422834396362305,medium,0.7710787057876587
0.1279205083847046,0.17340528964996338,0,task14b/seed10/medium/episode2/step30/unit2,global_budget,22,0,5.3027777671813965,medium,0.9539152383804321
0.12788356840610504,0.1764567494392395,1,task14b/seed10/medium/episode12/step4/unit0,global_budget,22,0,-2.8404152393341064,medium,-0.5741612911224365
0.12788356840610504,0.1594133824110031,1,task14b/seed10/medium/episode12/step4/unit1,global_budget,22,0,-3.7734451293945312,medium,-0.7342137694358826
0.14337383210659027,0.00047141671529971063,2,task14b/seed10/medium/episode24/step20/unit2,global_budget,22,0,-7.2905731201171875,medium,-1.3907623291015625
0.14337383210659027,0.14630533754825592,2,task14b/seed10/medium/episode35/step7/unit1,global_budget,22,0,-1.7456951141357422,medium,-0.41408446431159973
0.14337383210659027,0.12068777531385422,2,task14b/seed10/medium/episode35/step7/unit2,global_budget,22,0,-1.2122377157211304,medium,-0.29813382029533386
0.1279205083847046,0.18213413655757904,0,task14b/seed10/medium/episode22/step46/unit2,global_budget,22,0,6.232504844665527,medium,1.129334807395935
0.14337383210659027,0.20478272438049316,2,task14b/seed10/time_pressure/episode44/step22/unit2,global_budget,22,0,13.784842491149902,time_pressure,2.515561580657959
0.12788356840610504,0.20196811854839325,1,task14b/seed10/time_pressure/episode18/step26/unit2,global_budget,22,0,6.080710411071777,time_pressure,1.0084911584854126
0.1279205083847046,0.18590295314788818,0,task14b/seed10/time_pressure/episode31/step21/unit2,global_budget,22,1,2.740830421447754,time_pressure,0.4567506015300751
0.14337383210659027,0.09605333209037781,2,task14b/seed10/time_pressure/episode41/step18/unit2,global_budget,22,0,0.1454039365053177,time_pressure,-0.02553514391183853
0.14337383210659027,-0.042880572378635406,2,task14b/seed10/time_pressure/episode28/step8/unit0,global_budget,22,0,-6.234814167022705,time_pressure,-1.1891403198242188
0.14337383210659027,-0.01027731504291296,2,task14b/seed10/time_pressure/episode28/step8/unit2,global_budget,22,0,-0.21836890280246735,time_pressure,-0.04164859652519226
0.14337383210659027,0.15587125718593597,2,task14b/seed10/time_pressure/episode16/step22/unit2,global_budget,22,0,-1.172870397567749,time_pressure,-0.3101368546485901
0.12788356840610504,0.1581888347864151,1,task14b/seed10/time_pressure/episode26/step20/unit2,global_budget,22,0,3.603717803955078,time_pressure,0.5830280184745789
0.1279205083847046,0.15673024952411652,0,task14b/seed10/time_pressure/episode5/step22/unit2,global_budget,22,0,7.346517086029053,time_pressure,1.3530458211898804
0.1279205083847046,0.20147202908992767,0,task14b/seed10/time_pressure/episode47/step24/unit2,global_budget,22,0,3.7736763954162598,time_pressure,0.6494127511978149
0.14337383210659027,0.19368021190166473,2,task14b/seed10/time_pressure/episode44/step19/unit2,global_budget,22,0,11.684381484985352,time_pressure,2.1211061477661133
0.12788356840610504,0.1718442291021347,1,task14b/seed10/time_pressure/episode41/step12/unit0,global_budget,22,-1,0.5978968739509583,time_pressure,0.04131077975034714
0.1279205083847046,0.14010478556156158,0,task14b/seed10/time_pressure/episode3/step24/unit2,global_budget,22,1,3.7578015327453613,time_pressure,0.6694972515106201
0.1279205083847046,0.20749926567077637,0,task14b/seed10/time_pressure/episode12/step18/unit2,global_budget,22,0,2.873041868209839,time_pressure,0.4740220904350281
0.1279205083847046,0.25153979659080505,0,task14b/seed10/time_pressure/episode30/step0/unit1,global_budget,22,0,-5.883627891540527,time_pressure,-1.2257729768753052
0.14337383210659027,0.1799081414937973,2,task14b/seed10/heterogeneity_pressure/episode18/step5/unit0,global_budget,22,0,-1.886343002319336,heterogeneity_pressure,-0.45954445004463196
0.14337383210659027,0.17333602905273438,2,task14b/seed10/heterogeneity_pressure/episode18/step5/unit1,global_budget,22,0,2.001553535461426,heterogeneity_pressure,0.28562259674072266
0.14337383210659027,0.14975398778915405,2,task14b/seed10/heterogeneity_pressure/episode18/step5/unit2,global_budget,22,0,-0.19710637629032135,heterogeneity_pressure,-0.12064100801944733
0.12788356840610504,0.19492653012275696,1,task14b/seed10/heterogeneity_pressure/episode10/step4/unit0,global_budget,22,0,-2.924201250076294,heterogeneity_pressure,-0.596146821975708
0.12788356840610504,0.1715858429670334,1,task14b/seed10/heterogeneity_pressure/episode10/step4/unit1,global_budget,22,1,-2.709878444671631,heterogeneity_pressure,-0.5490072965621948
0.12788356840610504,0.1768999844789505,1,task14b/seed10/heterogeneity_pressure/episode10/step4/unit2,global_budget,22,0,-1.8431388139724731,heterogeneity_pressure,-0.396322637796402
0.14337383210659027,0.32672253251075745,2,task14b/seed10/heterogeneity_pressure/episode10/step0/unit0,global_budget,22,0,-0.6769341826438904,heterogeneity_pressure,-0.3102964460849762
0.14337383210659027,0.2543342411518097,2,task14b/seed10/heterogeneity_pressure/episode10/step0/unit1,global_budget,22,1,5.587649822235107,heterogeneity_pressure,0.9246655106544495
0.12788356840610504,0.17050954699516296,1,task14b/seed10/heterogeneity_pressure/episode40/step5/unit0,global_budget,22,0,-5.036651611328125,heterogeneity_pressure,-0.9639114737510681
0.12788356840610504,0.154859721660614,1,task14b/seed10/heterogeneity_pressure/episode40/step5/unit1,global_budget,22,0,-5.678171157836914,heterogeneity_pressure,-1.072461724281311
0.12788356840610504,0.17986439168453217,1,task14b/seed10/heterogeneity_pressure/episode21/step5/unit0,global_budget,22,0,-2.4496865272521973,heterogeneity_pressure,-0.5057158470153809
0.12788356840610504,0.16275770962238312,1,task14b/seed10/heterogeneity_pressure/episode21/step5/unit1,global_budget,22,0,-2.246561288833618,heterogeneity_pressure,-0.46294790506362915
0.12788356840610504,0.16236409544944763,1,task14b/seed10/heterogeneity_pressure/episode21/step5/unit2,global_budget,22,-1,-2.60408353805542,heterogeneity_pressure,-0.5266134738922119
0.14337383210659027,0.08076320588588715,2,task14b/seed10/heterogeneity_pressure/episode8/step6/unit0,global_budget,22,0,-0.2015620917081833,heterogeneity_pressure,-0.08323123306035995
0.14337383210659027,0.05296780914068222,2,task14b/seed10/heterogeneity_pressure/episode8/step6/unit1,global_budget,22,-1,4.898918151855469,heterogeneity_pressure,0.9049765467643738
0.14337383210659027,0.17217762768268585,2,task14b/seed10/heterogeneity_pressure/episode8/step6/unit2,global_budget,22,0,7.144433498382568,heterogeneity_pressure,1.2671452760696411
0.12788356840610504,0.17457953095436096,1,task14b/seed10/heterogeneity_pressure/episode40/step2/unit0,global_budget,22,0,-4.368505954742432,heterogeneity_pressure,-0.8462010622024536
0.14337383210659027,0.23150129616260529,2,task14b/seed10/heterogeneity_pressure/episode32/step32/unit2,global_budget,22,1,0.9232738018035889,heterogeneity_pressure,0.0477105975151062
0.1279205083847046,0.21922285854816437,0,task14b/seed10/heterogeneity_pressure/episode8/step3/unit0,global_budget,22,0,-3.840407133102417,heterogeneity_pressure,-0.8208450078964233
0.12788356840610504,0.21134908497333527,1,task14b/seed10/heterogeneity_pressure/episode4/step6/unit0,global_budget,22,0,-1.317644715309143,heterogeneity_pressure,-0.31563788652420044
0.1279205083847046,0.1858765333890915,0,task14b/seed10/heterogeneity_pressure/episode27/step5/unit0,global_budget,22,0,-2.3292884826660156,heterogeneity_pressure,-0.5178086161613464
0.1279205083847046,0.1671178936958313,0,task14b/seed10/heterogeneity_pressure/episode27/step5/unit1,global_budget,22,-1,-3.2222163677215576,heterogeneity_pressure,-0.6823734641075134
0.1279205083847046,0.18354663252830505,0,task14b/seed10/heterogeneity_pressure/episode27/step5/unit2,global_budget,22,0,-2.0166141986846924,heterogeneity_pressure,-0.4568285346031189
0.1279205083847046,0.2513922452926636,0,task14b/seed10/heterogeneity_pressure/episode2/step2/unit0,global_budget,22,0,-5.031820774078369,heterogeneity_pressure,-1.0619844198226929
0.1279205083847046,0.2514462172985077,0,task14b/seed10/heterogeneity_pressure/episode2/step2/unit2,global_budget,22,0,-4.2748565673828125,heterogeneity_pressure,-0.9165025353431702
0.12788356840610504,0.18721722066402435,1,task14b/seed10/heterogeneity_pressure/episode5/step6/unit0,global_budget,22,0,-2.4053328037261963,heterogeneity_pressure,-0.5005977153778076
0.12788356840610504,0.16729260981082916,1,task14b/seed10/heterogeneity_pressure/episode5/step6/unit1,global_budget,22,0,-2.6996407508850098,heterogeneity_pressure,-0.545545756816864
0.1279205083847046,0.19786971807479858,0,task14b/seed10/heterogeneity_pressure/episode36/step49/unit2,global_budget,22,0,3.816556930541992,heterogeneity_pressure,0.6590132713317871
2.855581760406494,0.29744672775268555,2,task14u/seed8/medium/episode25/step23/unit0,state_budget,22,0,-1.3694573640823364,medium,-3.546553134918213
1.607047438621521,0.2927597463130951,2,task14u/seed8/medium/episode25/step23/unit2,state_budget,22,1,2.6816320419311523,medium,-1.308326005935669
0.6514930129051208,0.3916456699371338,1,task14u/seed8/medium/episode0/step26/unit2,state_budget,22,0,3.879570245742798,medium,-0.06696820259094238
1.0085726976394653,0.2604735791683197,0,task14u/seed8/medium/episode18/step31/unit2,state_budget,22,0,2.888676643371582,medium,-0.218994140625
1.1221601963043213,0.2256438434123993,2,task14u/seed8/medium/episode5/step12/unit2,state_budget,22,0,2.211552381515503,medium,-0.5575946569442749
1.7316999435424805,0.16094662249088287,2,task14u/seed8/medium/episode21/step37/unit2,state_budget,22,0,-2.563539743423462,medium,-1.5669710636138916
2.234989643096924,0.20233596861362457,2,task14u/seed8/medium/episode30/step17/unit2,state_budget,22,1,-3.2938425540924072,medium,-2.3773748874664307
0.9124804139137268,0.26473289728164673,0,task14u/seed8/medium/episode20/step26/unit2,state_budget,22,1,3.8841540813446045,medium,0.0346674919128418
5.0,0.2380053997039795,1,task14u/seed8/medium/episode1/step27/unit2,state_budget,22,0,1.2930816411972046,medium,-3.311211585998535
1.0486944913864136,0.13934867084026337,1,task14u/seed8/medium/episode20/step18/unit1,state_budget,22,-1,9.956557273864746,medium,1.3422244787216187
0.04948907345533371,0.355042040348053,1,task14u/seed8/medium/episode20/step18/unit2,state_budget,22,0,11.42996883392334,medium,1.9878774881362915
0.872001588344574,0.21832670271396637,0,task14u/seed8/medium/episode35/step38/unit2,state_budget,22,0,5.070056438446045,medium,0.41346436738967896
0.8155856132507324,0.15295757353305817,0,task14u/seed8/medium/episode24/step30/unit2,state_budget,22,0,5.737756729125977,medium,0.7352373600006104
5.0,0.2265990525484085,1,task14u/seed8/time_pressure/episode6/step1/unit0,state_budget,22,-1,1.019403338432312,time_pressure,-3.1903109550476074
5.0,0.08319028466939926,1,task14u/seed8/time_pressure/episode6/step1/unit1,state_budget,22,0,1.7417176961898804,time_pressure,-0.9271601438522339
5.0,0.26917794346809387,1,task14u/seed8/time_pressure/episode12/step0/unit0,state_budget,22,0,2.044935703277588,time_pressure,-3.640923261642456
5.0,0.19575293362140656,1,task14u/seed8/time_pressure/episode12/step0/unit1,state_budget,22,0,2.895944118499756,time_pressure,-2.396305799484253
3.7807154655456543,0.3558516204357147,1,task14u/seed8/time_pressure/episode35/step22/unit2,state_budget,22,0,2.499621629714966,time_pressure,-3.5582287311553955
0.7751883864402771,0.3359048664569855,2,task14u/seed8/time_pressure/episode19/step23/unit2,state_budget,22,1,5.489258766174316,time_pressure,0.03977310657501221
1.1813615560531616,0.2354917824268341,0,task14u/seed8/time_pressure/episode4/step5/unit0,state_budget,22,-1,-1.2440804243087769,time_pressure,-1.059050440788269
1.1377980709075928,0.18947936594486237,0,task14u/seed8/time_pressure/episode4/step5/unit1,state_budget,22,0,-0.30026108026504517,time_pressure,-0.693101704120636
0.41244396567344666,0.41859155893325806,1,task14u/seed8/time_pressure/episode33/step18/unit0,state_budget,22,-1,14.16823959350586,time_pressure,2.015073299407959
1.099716067314148,0.4296893775463104,1,task14u/seed8/time_pressure/episode27/step7/unit0,state_budget,22,0,5.730887413024902,time_pressure,-0.3835395574569702
0.03647391498088837,0.44357573986053467,1,task14u/seed8/time_pressure/episode27/step7/unit2,state_budget,22,1,8.415966033935547,time_pressure,1.4540400505065918
0.8211016058921814,0.19789810478687286,0,task14u/seed8/time_pressure/episode2/step25/unit2,state_budget,22,0,6.859174728393555,time_pressure,0.8395536541938782
1.1941066980361938,0.2005179524421692,2,task14u/seed8/time_pressure/episode15/step15/unit2,state_budget,22,1,2.3112869262695312,time_pressure,-0.48531609773635864
1.1388771533966064,0.313651978969574,0,task14u/seed8/time_pressure/episode27/step12/unit0,state_budget,22,0,-0.30317196249961853,time_pressure,-1.1110498905181885
1.065766453742981,0.2926597595214844,0,task14u/seed8/time_pressure/episode27/step12/unit2,state_budget,22,1,0.889427125453949,time_pressure,-0.748289942741394
3.066110610961914,0.23353467881679535,2,task14u/seed8/time_pressure/episode22/step8/unit0,state_budget,22,0,-1.0657696723937988,time_pressure,-2.9728801250457764
2.129552125930786,0.24312657117843628,2,task14u/seed8/time_pressure/episode22/step8/unit1,state_budget,22,-1,4.271799564361572,time_pressure,-1.1878846883773804
1.8939402103424072,0.25677230954170227,2,task14u/seed8/time_pressure/episode22/step8/unit2,state_budget,22,0,2.954935312271118,time_pressure,-1.3174395561218262
0.9482450485229492,0.22530585527420044,0,task14u/seed8/heterogeneity_pressure/episode20/step29/unit0,state_budget,22,1,4.593513488769531,heterogeneity_pressure,0.25330066680908203
0.8548370599746704,0.20284977555274963,0,task14u/seed8/heterogeneity_pressure/episode20/step29/unit2,state_budget,22,-1,6.131900310516357,heterogeneity_pressure,0.6676070094108582
0.9887893795967102,0.2269282042980194,2,task14u/seed8/heterogeneity_pressure/episode35/step28/unit2,state_budget,22,0,3.277891159057617,heterogeneity_pressure,-0.2427254319190979
0.7110407948493958,0.14971520006656647,0,task14u/seed8/heterogeneity_pressure/episode16/step48/unit2,state_budget,22,0,7.930255889892578,heterogeneity_pressure,1.2105988264083862
0.8400924205780029,0.21154627203941345,0,task14u/seed8/heterogeneity_pressure/episode12/step25/unit2,state_budget,22,1,6.215573787689209,heterogeneity_pressure,0.6709736585617065
5.0,0.09814802557229996,1,task14u/seed8/heterogeneity_pressure/episode21/step21/unit2,state_budget,22,0,-3.000080108642578,heterogeneity_pressure,-1.9961426258087158
3.6744132041931152,0.16255730390548706,2,task14u/seed8/heterogeneity_pressure/episode4/step5/unit0,state_budget,22,0,-1.4262781143188477,heterogeneity_pressure,-2.582357883453369
2.9764604568481445,0.15589995682239532,2,task14u/seed8/heterogeneity_pressure/episode4/step5/unit2,state_budget,22,0,0.0933850109577179,heterogeneity_pressure,-1.7770283222198486
0.8478957414627075,0.2236136794090271,0,task14u/seed8/heterogeneity_pressure/episode6/step38/unit2,state_budget,22,0,5.200510025024414,heterogeneity_pressure,0.4408392310142517
1.8270397186279297,0.16878215968608856,1,task14u/seed8/heterogeneity_pressure/episode25/step17/unit2,state_budget,22,0,8.006678581237793,heterogeneity_pressure,0.5112970471382141
5.0,0.2237616330385208,1,task14u/seed8/heterogeneity_pressure/episode11/step49/unit2,state_budget,22,0,1.246295690536499,heterogeneity_pressure,-3.1075854301452637
1.0469601154327393,0.23782677948474884,0,task14u/seed8/heterogeneity_pressure/episode19/step11/unit0,state_budget,22,0,2.6766343116760254,heterogeneity_pressure,-0.2193421721458435
3.0857157707214355,0.2028755396604538,2,task14u/seed8/heterogeneity_pressure/episode30/step25/unit2,state_budget,22,0,-5.980286598205566,heterogeneity_pressure,-3.5619869232177734
1.304458498954773,0.3133634924888611,0,task14u/seed10/medium/episode30/step5/unit0,state_budget,22,0,-2.788055419921875,medium,-1.7406435012817383
1.2427023649215698,0.26484453678131104,0,task14u/seed10/medium/episode30/step5/unit1,state_budget,22,0,-1.25641667842865,medium,-1.2114993333816528
5.0,0.09698771685361862,1,task14u/seed10/medium/episode33/step12/unit2,state_budget,22,-1,1.17400324344635,medium,-1.2338281869888306
1.0025900602340698,0.24895061552524567,0,task14u/seed10/medium/episode32/step36/unit2,state_budget,22,0,1.4378324747085571,medium,-0.45923158526420593
2.0753135681152344,0.2006562203168869,2,task14u/seed10/medium/episode21/step6/unit1,state_budget,22,-1,1.8982532024383545,medium,-1.248658299446106
1.0789587497711182,0.26770856976509094,2,task14u/seed10/medium/episode21/step6/unit2,state_budget,22,0,5.130413055419922,medium,-0.1387377381324768
1.3995169401168823,0.13485385477542877,2,task14u/seed10/medium/episode35/step28/unit2,state_budget,22,0,-1.9012048244476318,medium,-1.092605710029602
1.1088953018188477,0.26758062839508057,0,task14u/seed10/medium/episode8/step13/unit2,state_budget,22,0,-0.8977458477020264,medium,-1.0470548868179321
0.8638249635696411,0.18476562201976776,0,task14u/seed10/medium/episode13/step19/unit2,state_budget,22,0,4.977849006652832,medium,0.4864439368247986
2.8962156772613525,0.14373277127742767,2,task14u/seed10/medium/episode19/step7/unit0,state_budget,22,-1,-3.3165292739868164,medium,-2.242697238922119
1.6565511226654053,0.16438786685466766,2,task14u/seed10/medium/episode19/step7/unit2,state_budget,22,-1,0.9687148332595825,medium,-0.8685458302497864
1.4080036878585815,0.36908674240112305,0,task14u/seed10/medium/episode9/step0/unit0,state_budget,22,0,-3.433375358581543,medium,-2.1915481090545654
1.3882073163986206,0.3388344943523407,0,task14u/seed10/medium/episode9/step0/unit1,state_budget,22,0,-2.813606023788452,medium,-1.9271111488342285
1.2620733976364136,0.22899344563484192,2,task14u/seed10/medium/episode28/step24/unit2,state_budget,22,0,3.839268922805786,medium,-0.385611355304718
1.301239013671875,0.15279100835323334,2,task14u/seed10/medium/episode17/step30/unit2,state_budget,22,0,-1.041974663734436,medium,-0.9677456617355347
3.164210319519043,0.2368016242980957,1,task14u/seed10/time_pressure/episode32/step15/unit2,state_budget,22,0,2.59167742729187,time_pressure,-1.7676033973693848
5.0,0.36832696199417114,1,task14u/seed10/time_pressure/episode28/step12/unit0,state_budget,22,-1,-1.1239644289016724,time_pressure,-5.682096004486084
5.0,0.27990925312042236,1,task14u/seed10/time_pressure/episode28/step12/unit1,state_budget,22,-1,-0.8215426802635193,time_pressure,-4.312274932861328
3.5940463542938232,0.38467803597450256,1,task14u/seed10/time_pressure/episode28/step12/unit2,state_budget,22,0,2.8515124320983887,time_pressure,-3.6060729026794434
1.42507004737854,0.22361169755458832,2,task14u/seed10/time_pressure/episode20/step18/unit2,state_budget,22,0,0.787701427936554,time_pressure,-1.0823309421539307
5.0,0.1540510654449463,1,task14u/seed10/time_pressure/episode27/step14/unit2,state_budget,22,0,4.893336296081543,time_pressure,-1.419173240661621
0.23053619265556335,0.1647949367761612,2,task14u/seed10/time_pressure/episode1/step27/unit2,state_budget,22,0,11.869574546813965,time_pressure,2.116887331008911
2.663748025894165,0.22581957280635834,1,task14u/seed10/time_pressure/episode18/step12/unit2,state_budget,22,0,2.411130905151367,time_pressure,-1.360023021697998
3.5421082973480225,0.20061008632183075,2,task14u/seed10/time_pressure/episode30/step14/unit2,state_budget,22,0,-6.998661518096924,time_pressure,-4.083314895629883
0.9776692986488342,0.23944559693336487,0,task14u/seed10/time_pressure/episode0/step17/unit2,state_budget,22,0,2.1743507385253906,time_pressure,-0.27198705077171326
1.1098628044128418,0.2779415249824524,0,task14u/seed10/time_pressure/episode27/step15/unit2,state_budget,22,0,-0.9420685172080994,time_pressure,-1.0902279615402222
0.5171233415603638,0.29591047763824463,1,task14u/seed10/time_pressure/episode8/step25/unit2,state_budget,22,0,8.430459976196289,time_pressure,1.0493241548538208
1.2836763858795166,0.24470581114292145,0,task14u/seed10/time_pressure/episode6/step3/unit0,state_budget,22,0,-1.4654887914657593,time_pressure,-1.2074791193008423
1.2401968240737915,0.199797123670578,0,task14u/seed10/time_pressure/episode6/step3/unit1,state_budget,22,0,-0.7245701551437378,time_pressure,-0.86955726146698
5.0,0.06377141922712326,1,task14u/seed10/heterogeneity_pressure/episode12/step30/unit2,state_budget,22,0,-0.5864298343658447,heterogeneity_pressure,-1.0537259578704834
1.8891165256500244,0.2085878849029541,2,task14u/seed10/heterogeneity_pressure/episode28/step27/unit2,state_budget,22,0,-2.9862778186798096,heterogeneity_pressure,-2.0937089920043945
3.281611919403076,0.13479867577552795,2,task14u/seed10/heterogeneity_pressure/episode9/step4/unit1,state_budget,22,0,-2.133784294128418,heterogeneity_pressure,-2.1179771423339844
2.797452688217163,0.16426560282707214,2,task14u/seed10/heterogeneity_pressure/episode9/step4/unit2,state_budget,22,0,-1.4669315814971924,heterogeneity_pressure,-2.057196855545044
1.0197021961212158,0.239529088139534,0,task14u/seed10/heterogeneity_pressure/episode16/step10/unit2,state_budget,22,0,1.1824500560760498,heterogeneity_pressure,-0.49256181716918945
1.2672268152236938,0.12680025398731232,2,task14u/seed10/heterogeneity_pressure/episode19/step13/unit2,state_budget,22,0,1.9897719621658325,heterogeneity_pressure,-0.24201732873916626
0.0488978736102581,0.09376639872789383,1,task14u/seed10/heterogeneity_pressure/episode31/step34/unit2,state_budget,22,0,18.88629722595215,heterogeneity_pressure,3.3574345111846924
1.0221409797668457,0.2300776243209839,0,task14u/seed10/heterogeneity_pressure/episode12/step24/unit2,state_budget,22,0,2.483778715133667,heterogeneity_pressure,-0.21567225456237793
0.9230750799179077,0.2048005759716034,0,task14u/seed10/heterogeneity_pressure/episode16/step29/unit2,state_budget,22,0,2.600003480911255,heterogeneity_pressure,-0.057390451431274414
1.1180732250213623,0.2565270960330963,0,task14u/seed10/heterogeneity_pressure/episode16/step7/unit0,state_budget,22,0,-0.21708790957927704,heterogeneity_pressure,-0.8870343565940857
1.029223918914795,0.23367054760456085,0,task14u/seed10/heterogeneity_pressure/episode16/step7/unit2,state_budget,22,0,1.2296127080917358,heterogeneity_pressure,-0.47244712710380554
2.5020382404327393,0.18565687537193298,2,task14u/seed10/heterogeneity_pressure/episode10/step24/unit2,state_budget,22,0,-7.4362101554870605,heterogeneity_pressure,-3.2150142192840576
1.4175676107406616,0.2844466269016266,0,task14u/seed10/heterogeneity_pressure/episode9/step1/unit0,state_budget,22,0,-2.850332021713257,heterogeneity_pressure,-1.7362651824951172
1.4202754497528076,0.2635684907436371,0,task14u/seed10/heterogeneity_pressure/episode9/step1/unit1,state_budget,22,0,-3.01719331741333,heterogeneity_pressure,-1.6832162141799927
0.2499631941318512,0.13899187743663788,2,task14b/seed8/medium/episode26/step38/unit2,state_budget,22,1,10.109220504760742,medium,1.7937066555023193
0.012084104120731354,0.20994964241981506,1,task14b/seed8/medium/episode15/step27/unit2,state_budget,22,1,10.512263298034668,medium,1.8688194751739502
2.272543430328369,0.14461278915405273,1,task14b/seed8/medium/episode40/step32/unit2,state_budget,22,1,9.027058601379395,medium,0.6331047415733337
0.01689579337835312,0.1345767080783844,1,task14b/seed8/medium/episode28/step33/unit2,state_budget,22,1,12.384432792663574,medium,2.203773021697998
1.8409579992294312,0.2894493341445923,2,task14b/seed8/medium/episode46/step31/unit0,state_budget,22,-1,5.02808141708374,medium,-1.1020997762680054
0.8292527198791504,0.30707114934921265,2,task14b/seed8/medium/episode46/step31/unit2,state_budget,22,1,8.954779624938965,medium,0.7229781746864319
1.1187576055526733,0.2929254472255707,0,task14b/seed8/medium/episode42/step20/unit2,state_budget,22,1,0.7818264365196228,medium,-0.815555214881897
1.0580791234970093,0.2741142213344574,0,task14b/seed8/medium/episode32/step24/unit2,state_budget,22,1,0.6676297187805176,medium,-0.7264610528945923
5.0,0.23589164018630981,1,task14b/seed8/medium/episode30/step38/unit2,state_budget,22,1,-10.370002746582031,medium,-5.361539363861084
0.2766478359699249,0.14246514439582825,2,task14b/seed8/medium/episode26/step35/unit2,state_budget,22,1,9.943195343017578,medium,1.74397873878479
0.8801932334899902,0.19954252243041992,0,task14b/seed8/medium/episode39/step28/unit2,state_budget,22,1,4.218289852142334,medium,0.2931966781616211
0.8213281631469727,0.19067977368831635,0,task14b/seed8/medium/episode28/step30/unit2,state_budget,22,1,5.342385292053223,medium,0.5653398036956787
0.8203359246253967,0.11685438454151154,0,task14b/seed8/medium/episode15/step24/unit2,state_budget,22,1,5.685882091522217,medium,0.8104113340377808
4.344043254852295,0.28536999225616455,1,task14b/seed8/medium/episode46/step27/unit0,state_budget,22,0,6.275543689727783,medium,-2.5696020126342773
0.20842531323432922,0.27545011043548584,1,task14b/seed8/medium/episode46/step27/unit2,state_budget,22,1,9.853757858276367,medium,1.5879532098770142
1.4706181287765503,0.20237836241722107,2,task14b/seed8/medium/episode8/step25/unit2,state_budget,22,0,0.4316076636314392,medium,-1.068861722946167
0.9370627403259277,0.19565019011497498,0,task14b/seed8/time_pressure/episode15/step17/unit1,state_budget,22,-1,5.7562456130981445,time_pressure,0.5661247372627258
0.9196561574935913,0.22671152651309967,0,task14b/seed8/time_pressure/episode15/step17/unit2,state_budget,22,1,5.765187740325928,time_pressure,0.49369144439697266
0.908202588558197,0.25857067108154297,0,task14b/seed8/time_pressure/episode36/step32/unit2,state_budget,22,1,3.295745849609375,time_pressure,-0.058603525161743164
0.34774667024612427,0.24316944181919098,2,task14b/seed8/time_pressure/episode17/step37/unit2,state_budget,22,1,9.846085548400879,time_pressure,1.5508251190185547
1.0792938470840454,0.31540584564208984,2,task14b/seed8/time_pressure/episode15/step24/unit0,state_budget,22,1,4.722254753112793,time_pressure,-0.4160500764846802
0.3716992437839508,0.3141801953315735,2,task14b/seed8/time_pressure/episode15/step24/unit2,state_budget,22,1,8.78618049621582,time_pressure,1.2240519523620605
0.9780360460281372,0.275129109621048,1,task14b/seed8/time_pressure/episode34/step27/unit2,state_budget,22,1,4.520440578460693,time_pressure,0.005956172943115234
0.9371914267539978,0.19234508275985718,0,task14b/seed8/time_pressure/episode38/step24/unit0,state_budget,22,0,3.735708236694336,time_pressure,0.18679547309875488
0.9080545902252197,0.17935924232006073,0,task14b/seed8/time_pressure/episode38/step24/unit2,state_budget,22,1,4.021644115447998,time_pressure,0.29302772879600525
1.103731393814087,0.2495879977941513,0,task14b/seed8/time_pressure/episode28/step19/unit0,state_budget,22,0,0.8135812282562256,time_pressure,-0.6555056571960449
1.0753594636917114,0.21517018973827362,0,task14b/seed8/time_pressure/episode28/step19/unit1,state_budget,22,0,1.4928349256515503,time_pressure,-0.39499014616012573
0.9890077114105225,0.2097346931695938,0,task14b/seed8/time_pressure/episode28/step19/unit2,state_budget,22,0,2.7776060104370117,time_pressure,-0.07743024826049805
0.008658576756715775,0.22792035341262817,1,task14b/seed8/time_pressure/episode46/step29/unit2,state_budget,22,1,14.819706916809082,time_pressure,2.639347553253174
0.21033644676208496,0.15681803226470947,2,task14b/seed8/time_pressure/episode39/step15/unit2,state_budget,22,1,13.135529518127441,time_pressure,2.3777031898498535
0.9752793312072754,0.14639022946357727,2,task14b/seed8/time_pressure/episode21/step23/unit2,state_budget,22,1,3.1682357788085938,time_pressure,0.05203378200531006
0.9531615972518921,0.23488183319568634,0,task14b/seed8/time_pressure/episode47/step21/unit2,state_budget,22,1,3.772540330886841,time_pressure,0.06532943248748779
5.0,0.31040260195732117,1,task14b/seed8/time_pressure/episode3/step0/unit0,state_budget,22,0,2.762838125228882,time_pressure,-4.126291275024414
5.0,0.25155752897262573,1,task14b/seed8/time_pressure/episode3/step0/unit1,state_budget,22,0,0.6350593566894531,time_pressure,-3.6303482055664062
0.9492354393005371,0.22216583788394928,0,task14b/seed8/time_pressure/episode14/step20/unit2,state_budget,22,0,1.7596783638000488,time_pressure,-0.28328728675842285
0.5736566185951233,0.26531460881233215,2,task14b/seed8/time_pressure/episode44/step45/unit2,state_budget,22,1,6.4037675857543945,time_pressure,0.6326660513877869
3.125447988510132,0.13941720128059387,1,task14b/seed8/heterogeneity_pressure/episode21/step26/unit0,state_budget,22,0,10.606573104858398,heterogeneity_pressure,0.5962563753128052
0.21235482394695282,0.17213189601898193,1,task14b/seed8/heterogeneity_pressure/episode21/step26/unit2,state_budget,22,0,15.567098617553711,heterogeneity_pressure,2.6698288917541504
0.2696264982223511,0.1420685052871704,1,task14b/seed8/heterogeneity_pressure/episode14/step39/unit2,state_budget,22,0,7.501226425170898,heterogeneity_pressure,1.2249072790145874
0.5485010743141174,0.22726070880889893,2,task14b/seed8/heterogeneity_pressure/episode42/step28/unit2,state_budget,22,1,5.049480438232422,heterogeneity_pressure,0.48091748356819153
0.8062622547149658,0.19431042671203613,0,task14b/seed8/heterogeneity_pressure/episode13/step37/unit2,state_budget,22,1,5.8180670738220215,heterogeneity_pressure,0.6566139459609985
5.0,0.32127416133880615,1,task14b/seed8/heterogeneity_pressure/episode26/step31/unit2,state_budget,22,1,-5.84776496887207,heterogeneity_pressure,-5.825019359588623
0.8887972831726074,0.21241644024848938,0,task14b/seed8/heterogeneity_pressure/episode31/step37/unit2,state_budget,22,0,4.2550249099731445,heterogeneity_pressure,0.2614750266075134
1.2610105276107788,0.37506401538848877,2,task14b/seed8/heterogeneity_pressure/episode5/step18/unit0,state_budget,22,0,6.643559455871582,heterogeneity_pressure,-0.5622798204421997
0.6034119725227356,0.3947877585887909,2,task14b/seed8/heterogeneity_pressure/episode5/step18/unit2,state_budget,22,0,9.467938423156738,heterogeneity_pressure,0.8843620419502258
0.8406543731689453,0.18931183218955994,0,task14b/seed8/heterogeneity_pressure/episode41/step27/unit2,state_budget,22,1,4.023882865905762,heterogeneity_pressure,0.3044280409812927
5.0,0.1936596930027008,1,task14b/seed8/heterogeneity_pressure/episode6/step25/unit2,state_budget,22,0,-2.0289466381073,heterogeneity_pressure,-3.2442150115966797
0.8582653999328613,0.19514012336730957,0,task14b/seed8/heterogeneity_pressure/episode30/step32/unit2,state_budget,22,1,3.9282498359680176,heterogeneity_pressure,0.26147714257240295
2.242208242416382,0.2050388604402542,2,task14b/seed8/heterogeneity_pressure/episode31/step29/unit2,state_budget,22,0,-1.5462771654129028,heterogeneity_pressure,-2.07315993309021
0.6633087992668152,0.12532761693000793,2,task14b/seed8/heterogeneity_pressure/episode33/step49/unit2,state_budget,22,1,4.918948173522949,heterogeneity_pressure,0.6166254878044128
5.0,0.2542845606803894,1,task14b/seed8/heterogeneity_pressure/episode29/step0/unit0,state_budget,22,0,-0.8480235934257507,heterogeneity_pressure,-3.935652732849121
0.5380492210388184,0.1544266790151596,2,task14b/seed8/heterogeneity_pressure/episode43/step49/unit2,state_budget,22,0,7.203176498413086,heterogeneity_pressure,1.0524485111236572
5.0,0.061702191829681396,1,task14b/seed10/medium/episode9/step27/unit2,state_budget,22,0,0.2890123426914215,medium,-0.8666709065437317
0.962847113609314,0.20134125649929047,0,task14b/seed10/medium/episode20/step25/unit2,state_budget,22,0,2.962947130203247,medium,-0.001815497875213623
5.0,0.26854407787323,1,task14b/seed10/medium/episode33/step0/unit0,state_budget,22,0,1.2403286695480347,medium,-3.775106906890869
5.0,0.2395063042640686,1,task14b/seed10/medium/episode33/step0/unit1,state_budget,22,0,-1.4603359699249268,medium,-3.8250153064727783
0.008282932452857494,0.1485031694173813,1,task14b/seed10/medium/episode27/step20/unit2,state_budget,22,0,9.494817733764648,medium,1.691102147102356
0.9340994358062744,0.19923575222492218,0,task14b/seed10/medium/episode44/step25/unit2,state_budget,22,0,3.7397706508636475,medium,0.17035925388336182
5.0,0.2356833517551422,1,task14b/seed10/medium/episode44/step4/unit0,state_budget,22,-1,-1.3006024360656738,medium,-3.739610433578491
5.0,0.22003372013568878,1,task14b/seed10/medium/episode44/step4/unit1,state_budget,22,0,-5.094747543334961,medium,-4.18394136428833
5.0,0.3569057285785675,1,task14b/seed10/medium/episode28/step4/unit0,state_budget,22,0,-0.4542654752731323,medium,-5.392587184906006
5.0,0.424785852432251,1,task14b/seed10/medium/episode28/step4/unit2,state_budget,22,0,-4.0739641189575195,medium,-7.048878192901611
4.49115514755249,0.23889295756816864,2,task14b/seed10/medium/episode44/step0/unit0,state_budget,22,0,-5.006414413452148,medium,-5.104783535003662
4.011102199554443,0.21838876605033875,2,task14b/seed10/medium/episode44/step0/unit1,state_budget,22,0,-2.518068552017212,medium,-3.868495464324951
0.3411094546318054,0.12388750165700912,1,task14b/seed10/medium/episode39/step28/unit2,state_budget,22,1,7.967994213104248,medium,1.2964541912078857
0.8379371166229248,0.17727446556091309,0,task14b/seed10/medium/episode2/step30/unit2,state_budget,22,0,5.424323081970215,medium,0.6048613786697388
5.0,0.30922627449035645,1,task14b/seed10/medium/episode12/step4/unit0,state_budget,22,0,-3.0045032501220703,medium,-5.138218402862549
5.0,0.23511752486228943,1,task14b/seed10/medium/episode12/step4/unit1,state_budget,22,0,-2.349846363067627,medium,-3.9184730052948
1.843687891960144,0.26374247670173645,2,task14b/seed10/medium/episode24/step20/unit2,state_budget,22,0,-1.645898699760437,medium,-2.1947340965270996
2.780909538269043,0.14676788449287415,2,task14b/seed10/medium/episode35/step7/unit1,state_budget,22,0,0.49312224984169006,medium,-1.4846405982971191
1.5174272060394287,0.1743137091398239,2,task14b/seed10/medium/episode35/step7/unit2,state_budget,22,0,4.305953502655029,medium,-0.2018452286720276
0.7557233572006226,0.17040182650089264,0,task14b/seed10/medium/episode22/step46/unit2,state_budget,22,0,6.163183212280273,medium,0.8051447868347168
0.45713692903518677,0.19676610827445984,2,task14b/seed10/time_pressure/episode44/step22/unit2,state_budget,22,0,10.984023094177246,time_pressure,1.7470200061798096
0.9311111569404602,0.2593708336353302,1,task14b/seed10/time_pressure/episode18/step26/unit2,state_budget,22,0,2.513343572616577,time_pressure,-0.27019867300987244
0.9299041628837585,0.21109718084335327,0,task14b/seed10/time_pressure/episode31/step21/unit2,state_budget,22,1,2.462303876876831,time_pressure,-0.10523736476898193
1.109785556793213,0.1899486929178238,2,task14b/seed10/time_pressure/episode41/step18/unit2,state_budget,22,0,4.243106842041016,time_pressure,-0.006099998950958252
2.782198190689087,0.18067015707492828,2,task14b/seed10/time_pressure/episode28/step8/unit0,state_budget,22,0,-1.2059202194213867,time_pressure,-2.1742584705352783
1.4825599193572998,0.14295007288455963,2,task14b/seed10/time_pressure/episode28/step8/unit2,state_budget,22,0,3.351512908935547,time_pressure,-0.18051975965499878
1.2391654253005981,0.22246360778808594,2,task14b/seed10/time_pressure/episode16/step22/unit2,state_budget,22,0,1.8164278268814087,time_pressure,-0.7198315262794495
0.03575707599520683,0.15399101376533508,1,task14b/seed10/time_pressure/episode26/step20/unit2,state_budget,22,0,4.06152868270874,time_pressure,0.7085675597190857
0.7466112375259399,0.13088743388652802,0,task14b/seed10/time_pressure/episode5/step22/unit2,state_budget,22,0,7.140116214752197,time_pressure,1.0844533443450928
0.9681380391120911,0.24060244858264923,0,task14b/seed10/time_pressure/episode47/step24/unit2,state_budget,22,0,3.523723840713501,time_pressure,-0.009187638759613037
0.608330488204956,0.19431768357753754,2,task14b/seed10/time_pressure/episode44/step19/unit2,state_budget,22,0,9.69689655303955,time_pressure,1.3922226428985596
5.0,0.3393731415271759,1,task14b/seed10/time_pressure/episode41/step12/unit0,state_budget,22,-1,4.222673416137695,time_pressure,-4.296862602233887
0.8825411200523376,0.14186164736747742,0,task14b/seed10/time_pressure/episode3/step24/unit2,state_budget,22,1,3.7773094177246094,time_pressure,0.35708117485046387
0.9215155243873596,0.2306455820798874,0,task14b/seed10/time_pressure/episode12/step18/unit2,state_budget,22,0,2.184718370437622,time_pressure,-0.20646682381629944
1.3374742269515991,0.2955860495567322,0,task14b/seed10/time_pressure/episode30/step0/unit1,state_budget,22,0,-3.220658540725708,time_pressure,-1.7842140197753906
3.0143473148345947,0.1362433284521103,2,task14b/seed10/heterogeneity_pressure/episode18/step5/unit0,state_budget,22,0,0.2551965117454529,heterogeneity_pressure,-1.5398303270339966
2.017383337020874,0.10715210437774658,2,task14b/seed10/heterogeneity_pressure/episode18/step5/unit1,state_budget,22,0,4.451094627380371,heterogeneity_pressure,0.01281893253326416
1.4608100652694702,0.12646079063415527,2,task14b/seed10/heterogeneity_pressure/episode18/step5/unit2,state_budget,22,0,6.505993843078613,heterogeneity_pressure,0.5263171195983887
5.0,0.19938722252845764,1,task14b/seed10/heterogeneity_pressure/episode10/step4/unit0,state_budget,22,0,-2.7283952236175537,heterogeneity_pressure,-3.4542999267578125
5.0,0.01327207125723362,1,task14b/seed10/heterogeneity_pressure/episode10/step4/unit1,state_budget,22,1,1.5072062015533447,heterogeneity_pressure,0.07151034474372864
5.0,0.10420727729797363,1,task14b/seed10/heterogeneity_pressure/episode10/step4/unit2,state_budget,22,0,-0.008638938888907433,heterogeneity_pressure,-1.5523642301559448
3.4723422527313232,0.16900521516799927,2,task14b/seed10/heterogeneity_pressure/episode10/step0/unit0,state_budget,22,0,-1.5948785543441772,heterogeneity_pressure,-2.5740604400634766
2.5953052043914795,0.10973186790943146,2,task14b/seed10/heterogeneity_pressure/episode10/step0/unit1,state_budget,22,1,1.8902243375778198,heterogeneity_pressure,-0.7410262823104858
5.0,0.19492000341415405,1,task14b/seed10/heterogeneity_pressure/episode40/step5/unit0,state_budget,22,0,0.8756529688835144,heterogeneity_pressure,-2.744518995285034
5.0,0.09138448536396027,1,task14b/seed10/heterogeneity_pressure/episode40/step5/unit1,state_budget,22,0,-0.8686480522155762,heterogeneity_pressure,-1.5150402784347534
5.0,0.24844251573085785,1,task14b/seed10/heterogeneity_pressure/episode21/step5/unit0,state_budget,22,0,-1.4395699501037598,heterogeneity_pressure,-3.954298257827759
5.0,0.1495538055896759,1,task14b/seed10/heterogeneity_pressure/episode21/step5/unit1,state_budget,22,0,-1.0339564085006714,heterogeneity_pressure,-2.4102280139923096
5.0,0.2360580563545227,1,task14b/seed10/heterogeneity_pressure/episode21/step5/unit2,state_budget,22,-1,-3.336294174194336,heterogeneity_pressure,-4.10854434967041
3.078094244003296,0.18799671530723572,2,task14b/seed10/heterogeneity_pressure/episode8/step6/unit0,state_budget,22,0,-0.12525498867034912,heterogeneity_pressure,-2.262155055999756
2.5903048515319824,0.19588758051395416,2,task14b/seed10/heterogeneity_pressure/episode8/step6/unit1,state_budget,22,-1,2.7091565132141113,heterogeneity_pressure,-1.4459184408187866
1.7837833166122437,0.2435091882944107,2,task14b/seed10/heterogeneity_pressure/episode8/step6/unit2,state_budget,22,0,5.0491485595703125,heterogeneity_pressure,-0.7171036601066589
5.0,0.24517075717449188,1,task14b/seed10/heterogeneity_pressure/episode40/step2/unit0,state_budget,22,0,-0.926754355430603,heterogeneity_pressure,-3.814073085784912
0.8209044337272644,0.19964511692523956,2,task14b/seed10/heterogeneity_pressure/episode32/step32/unit2,state_budget,22,1,3.3979921340942383,heterogeneity_pressure,0.014170408248901367
1.2423869371414185,0.26329243183135986,0,task14b/seed10/heterogeneity_pressure/episode8/step3/unit0,state_budget,22,0,-1.8617746829986572,heterogeneity_pressure,-1.3219307661056519
5.0,0.31196287274360657,1,task14b/seed10/heterogeneity_pressure/episode4/step6/unit0,state_budget,22,0,0.031750936061143875,heterogeneity_pressure,-4.636992931365967
1.1930826902389526,0.21028873324394226,0,task14b/seed10/heterogeneity_pressure/episode27/step5/unit0,state_budget,22,0,-0.39980408549308777,heterogeneity_pressure,-0.8162796497344971
1.213152527809143,0.18994693458080292,0,task14b/seed10/heterogeneity_pressure/episode27/step5/unit1,state_budget,22,-1,-1.3682085275650024,heterogeneity_pressure,-0.9421328902244568
1.1668853759765625,0.2101106345653534,0,task14b/seed10/heterogeneity_pressure/episode27/step5/unit2,state_budget,22,0,-0.7424079775810242,heterogeneity_pressure,-0.8652857542037964
1.3390716314315796,0.30350807309150696,0,task14b/seed10/heterogeneity_pressure/episode2/step2/unit0,state_budget,22,0,-2.0976381301879883,heterogeneity_pressure,-1.601004958152771
1.2890820503234863,0.2978266179561615,0,task14b/seed10/heterogeneity_pressure/episode2/step2/unit2,state_budget,22,0,-2.0195398330688477,heterogeneity_pressure,-1.5196924209594727
5.0,0.22733564674854279,1,task14b/seed10/heterogeneity_pressure/episode5/step6/unit0,state_budget,22,0,-0.5320870876312256,heterogeneity_pressure,-3.4782040119171143
5.0,0.12526972591876984,1,task14b/seed10/heterogeneity_pressure/episode5/step6/unit1,state_budget,22,0,-1.4901587963104248,heterogeneity_pressure,-2.1302592754364014
0.9588460326194763,0.2327982634305954,0,task14b/seed10/heterogeneity_pressure/episode36/step49/unit2,state_budget,22,0,3.4636216163635254,heterogeneity_pressure,0.007902562618255615
