method,method_type,train_scenario,eval_scenario,run_index,train_seed,evaluation_seed,episode_index,episode_seed,step_index,unit_index,resource_type,unit_order,unit_order_position,selected_action,selected_target,selected_noop,base_action_legal,conditional_action_legal,ammo_before,cooldown_before,energy_before,num_base_legal_targets,num_conditional_legal_targets,num_conditional_high_threat_targets,prefix_denied_target_count,avoidable_noop,selected_high_threat,target_alive,target_threat,target_payload,target_time_to_impact,target_distance,hit_probability,damage_potential,expected_damage_reduction,best_expected_damage_reduction,matching_efficiency,target_already_selected_by_prefix,shot_fired,hit,target_intercepted,target_status_after
role_conditioned_ar_ppo_order_012,learning,medium,medium,0,0,200,0,200,0,0,missile,0-1-2,0,5,,True,True,True,3,0,1.0,4,4,2,0,True,False,,,,,,,,,0.2686379961159966,,False,False,False,False,
role_conditioned_ar_ppo_order_012,learning,medium,medium,0,0,200,0,200,0,1,missile,0-1-2,1,5,,True,True,True,3,0,1.0,4,4,2,0,True,False,,,,,,,,,0.33966777144363136,,False,False,False,False,
role_conditioned_ar_ppo_order_012,learning,medium,medium,0,0,200,0,200,0,2,laser,0-1-2,2,5,,True,True,True,10,0,1.0,0,0,0,0,False,False,,,,,,,,,0.0,,False,False,False,False,
role_conditioned_ar_ppo_order_012,learning,medium,medium,0,0,200,0,200,1,0,missile,0-1-2,0,5,,True,True,True,3,0,1.0,4,4,2,0,True,False,,,,,,,,,0.2893935508541203,,False,False,False,False,
role_conditioned_ar_ppo_order_012,learning,medium,medium,0,0,200,0,200,1,1,missile,0-1-2,1,5,,True,True,True,3,0,1.0,4,4,2,0,True,False,,,,,,,,,0.3603588719859385,,False,False,False,False,
role_conditioned_ar_ppo_order_012,learning,medium,medium,0,0,200,0,200,1,2,laser,0-1-2,2,5,,True,True,True,10,0,1.0,0,0,0,0,False,False,,,,,,,,,0.0,,False,False,False,False,
role_conditioned_ar_ppo_order_012,learning,medium,medium,0,0,200,0,200,2,0,missile,0-1-2,0,5,,True,True,True,3,0,1.0,4,4,2,0,True,False,,,,,,,,,0.31013194909513725,,False,False,False,False,
role_conditioned_ar_ppo_order_012,learning,medium,medium,0,0,200,0,200,2,1,missile,0-1-2,1,5,,True,True,True,3,0,1.0,4,4,2,0,True,False,,,,,,,,,0.3810278098800076,,False,False,False,False,
role_conditioned_ar_ppo_order_012,learning,medium,medium,0,0,200,0,200,2,2,laser,0-1-2,2,5,,True,True,True,10,0,1.0,1,1,0,0,True,False,,,,,,,,,0.009662318398424132,,False,False,False,False,
role_conditioned_ar_ppo_order_012,learning,medium,medium,0,0,200,0,200,3,0,missile,0-1-2,0,5,,True,True,True,3,0,1.0,4,4,2,0,True,False,,,,,,,,,0.33085183500644977,,False,False,False,False,
role_conditioned_ar_ppo_order_012,learning,medium,medium,0,0,200,0,200,3,1,missile,0-1-2,1,5,,True,True,True,3,0,1.0,4,4,2,0,True,False,,,,,,,,,0.40167275996657215,,False,False,False,False,
role_conditioned_ar_ppo_order_012,learning,medium,medium,0,0,200,0,200,3,2,laser,0-1-2,2,5,,True,True,True,10,0,1.0,1,1,0,0,True,False,,,,,,,,,0.021355310958783732,,False,False,False,False,
role_conditioned_ar_ppo_order_012,learning,medium,medium,0,0,200,0,200,4,0,missile,0-1-2,0,5,,True,True,True,3,0,1.0,4,4,2,0,True,False,,,,,,,,,0.3515518527554596,,False,False,False,False,
role_conditioned_ar_ppo_order_012,learning,medium,medium,0,0,200,0,200,4,1,missile,0-1-2,1,5,,True,True,True,3,0,1.0,4,4,2,0,True,False,,,,,,,,,0.42229179279155027,,False,False,False,False,
role_conditioned_ar_ppo_order_012,learning,medium,medium,0,0,200,0,200,4,2,laser,0-1-2,2,5,,True,True,True,10,0,1.0,1,1,0,0,True,False,,,,,,,,,0.03303166122277987,,False,False,False,False,
role_conditioned_ar_ppo_order_012,learning,medium,medium,0,0,200,0,200,5,0,missile,0-1-2,0,5,,True,True,True,3,0,1.0,4,4,2,0,True,False,,,,,,,,,0.3722304379199382,,False,False,False,False,
role_conditioned_ar_ppo_order_012,learning,medium,medium,0,0,200,0,200,5,1,missile,0-1-2,1,5,,True,True,True,3,0,1.0,4,4,2,0,True,False,,,,,,,,,0.4428825617215992,,False,False,False,False,
role_conditioned_ar_ppo_order_012,learning,medium,medium,0,0,200,0,200,5,2,laser,0-1-2,2,5,,True,True,True,10,0,1.0,1,1,0,0,True,False,,,,,,,,,0.04468958982539251,,False,False,False,False,
role_conditioned_ar_ppo_order_012,learning,medium,medium,0,0,200,0,200,6,0,missile,0-1-2,0,5,,True,True,True,3,0,1.0,4,4,2,0,True,False,,,,,,,,,0.39288586963543415,,False,False,False,False,
role_conditioned_ar_ppo_order_012,learning,medium,medium,0,0,200,0,200,6,1,missile,0-1-2,1,5,,True,True,True,3,0,1.0,4,4,2,0,True,False,,,,,,,,,0.46344272012337595,,False,False,False,False,
role_conditioned_ar_ppo_order_012,learning,medium,medium,0,0,200,0,200,6,2,laser,0-1-2,2,5,,True,True,True,10,0,1.0,1,1,0,0,True,False,,,,,,,,,0.056327134231673175,,False,False,False,False,
role_conditioned_ar_ppo_order_012,learning,medium,medium,0,0,200,0,200,7,0,missile,0-1-2,0,5,,True,True,True,3,0,1.0,4,4,2,0,True,False,,,,,,,,,0.41351616630045795,,False,False,False,False,
role_conditioned_ar_ppo_order_012,learning,medium,medium,0,0,200,0,200,7,1,missile,0-1-2,1,5,,True,True,True,3,0,1.0,4,4,2,0,True,False,,,,,,,,,0.48396934774205397,,False,False,False,False,
role_conditioned_ar_ppo_order_012,learning,medium,medium,0,0,200,0,200,7,2,laser,0-1-2,2,5,,True,True,True,10,0,1.0,1,1,0,0,True,False,,,,,,,,,0.06794196556681625,,False,False,False,False,
role_conditioned_ar_ppo_order_012,learning,medium,medium,0,0,200,0,200,8,0,missile,0-1-2,0,5,,True,True,True,3,0,1.0,4,4,2,0,True,False,,,,,,,,,0.4341192941661124,,False,False,False,False,
role_conditioned_ar_ppo_order_012,learning,medium,medium,0,0,200,0,200,8,1,missile,0-1-2,1,5,,True,True,True,3,0,1.0,4,4,2,0,True,False,,,,,,,,,0.5044593157331764,,False,False,False,False,
role_conditioned_ar_ppo_order_012,learning,medium,medium,0,0,200,0,200,8,2,laser,0-1-2,2,5,,True,True,True,10,0,1.0,1,1,0,0,True,False,,,,,,,,,0.07953144095042443,,False,False,False,False,
role_conditioned_ar_ppo_order_012,learning,medium,medium,0,0,200,0,200,9,0,missile,0-1-2,0,5,,True,True,True,3,0,1.0,4,4,2,0,True,False,,,,,,,,,0.4546928023042396,,False,False,False,False,
role_conditioned_ar_ppo_order_012,learning,medium,medium,0,0,200,0,200,9,1,missile,0-1-2,1,5,,True,True,True,3,0,1.0,4,4,2,0,True,False,,,,,,,,,0.5249091823678397,,False,False,False,False,
role_conditioned_ar_ppo_order_012,learning,medium,medium,0,0,200,0,200,9,2,laser,0-1-2,2,5,,True,True,True,10,0,1.0,1,1,0,0,True,False,,,,,,,,,0.09109247266084534,,False,False,False,False,
role_conditioned_ar_ppo_order_012,learning,medium,medium,0,0,200,0,200,10,0,missile,0-1-2,0,5,,True,True,True,3,0,1.0,4,4,2,0,True,False,,,,,,,,,0.4752340311970509,,False,False,False,False,
role_conditioned_ar_ppo_order_012,learning,medium,medium,0,0,200,0,200,10,1,missile,0-1-2,1,5,,True,True,True,3,0,1.0,4,4,2,0,True,False,,,,,,,,,0.5453148801482504,,False,False,False,False,
role_conditioned_ar_ppo_order_012,learning,medium,medium,0,0,200,0,200,10,2,laser,0-1-2,2,5,,True,True,True,10,0,1.0,1,1,0,0,True,False,,,,,,,,,0.10262144963377372,,False,False,False,False,
role_conditioned_ar_ppo_order_012,learning,medium,medium,0,0,200,0,200,11,0,missile,0-1-2,0,5,,True,True,True,3,0,1.0,4,4,2,0,True,False,,,,,,,,,0.495740008442312,,False,False,False,False,
role_conditioned_ar_ppo_order_012,learning,medium,medium,0,0,200,0,200,11,1,missile,0-1-2,1,5,,True,True,True,3,0,1.0,5,5,2,0,True,False,,,,,,,,,0.5656718201025375,,False,False,False,False,
role_conditioned_ar_ppo_order_012,learning,medium,medium,0,0,200,0,200,11,2,laser,0-1-2,2,5,,True,True,True,10,0,1.0,1,1,0,0,True,False,,,,,,,,,0.1141141589608534,,False,False,False,False,
role_conditioned_ar_ppo_order_012,learning,medium,medium,0,0,200,0,200,12,0,missile,0-1-2,0,5,,True,True,True,3,0,1.0,4,4,2,0,True,False,,,,,,,,,0.5162074487533429,,False,False,False,False,
role_conditioned_ar_ppo_order_012,learning,medium,medium,0,0,200,0,200,12,1,missile,0-1-2,1,5,,True,True,True,3,0,1.0,5,5,2,0,True,False,,,,,,,,,0.5859749960795699,,False,False,False,False,
role_conditioned_ar_ppo_order_012,learning,medium,medium,0,0,200,0,200,12,2,laser,0-1-2,2,5,,True,True,True,10,0,1.0,2,2,1,0,True,False,,,,,,,,,0.12556568122114675,,False,False,False,False,
role_conditioned_ar_ppo_order_012,learning,medium,medium,0,0,200,0,200,13,0,missile,0-1-2,0,5,,True,True,True,3,0,1.0,4,4,2,0,True,False,,,,,,,,,0.5366324410745723,,False,False,False,False,
role_conditioned_ar_ppo_order_012,learning,medium,medium,0,0,200,0,200,13,1,missile,0-1-2,1,5,,True,True,True,3,0,1.0,5,5,2,0,True,False,,,,,,,,,0.6062183589800638,,False,False,False,False,
role_conditioned_ar_ppo_order_012,learning,medium,medium,0,0,200,0,200,13,2,laser,0-1-2,2,5,,True,True,True,10,0,1.0,3,3,2,0,True,False,,,,,,,,,0.13697007647554293,,False,False,False,False,
role_conditioned_ar_ppo_order_012,learning,medium,medium,0,0,200,0,200,14,0,missile,0-1-2,0,5,,True,True,True,3,0,1.0,4,4,2,0,True,False,,,,,,,,,0.557010761465983,,False,False,False,False,
role_conditioned_ar_ppo_order_012,learning,medium,medium,0,0,200,0,200,14,1,missile,0-1-2,1,5,,True,True,True,3,0,1.0,5,5,2,0,True,False,,,,,,,,,0.6263952339358442,,False,False,False,False,
role_conditioned_ar_ppo_order_012,learning,medium,medium,0,0,200,0,200,14,2,laser,0-1-2,2,5,,True,True,True,10,0,1.0,4,4,2,0,True,False,,,,,,,,,0.14832033193249253,,False,False,False,False,
role_conditioned_ar_ppo_order_012,learning,medium,medium,0,0,200,0,200,15,0,missile,0-1-2,0,5,,True,True,True,3,0,1.0,4,4,2,0,True,False,,,,,,,,,0.5773375080712592,,False,False,False,False,
role_conditioned_ar_ppo_order_012,learning,medium,medium,0,0,200,0,200,15,1,missile,0-1-2,1,5,,True,True,True,3,0,1.0,5,5,2,0,True,False,,,,,,,,,0.6464977988357679,,False,False,False,False,
role_conditioned_ar_ppo_order_012,learning,medium,medium,0,0,200,0,200,15,2,laser,0-1-2,2,5,,True,True,True,10,0,1.0,4,4,2,0,True,False,,,,,,,,,0.1596079694410179,,False,False,False,False,
role_conditioned_ar_ppo_order_012,learning,medium,medium,0,0,200,0,200,16,0,missile,0-1-2,0,5,,True,True,True,3,0,1.0,4,4,2,0,True,False,,,,,,,,,0.5976071011177851,,False,False,False,False,
role_conditioned_ar_ppo_order_012,learning,medium,medium,0,0,200,0,200,16,1,missile,0-1-2,1,5,,True,True,True,3,0,1.0,5,5,2,0,True,False,,,,,,,,,0.666516927883502,,False,False,False,False,
role_conditioned_ar_ppo_order_012,learning,medium,medium,0,0,200,0,200,16,2,laser,0-1-2,2,5,,True,True,True,10,0,1.0,4,4,2,0,True,False,,,,,,,,,0.17082270531798882,,False,False,False,False,
role_conditioned_ar_ppo_order_012,learning,medium,medium,0,0,200,0,200,17,0,missile,0-1-2,0,5,,True,True,True,3,0,1.0,4,4,2,0,True,False,,,,,,,,,0.6178131786218318,,False,False,False,False,
role_conditioned_ar_ppo_order_012,learning,medium,medium,0,0,200,0,200,17,1,missile,0-1-2,1,5,,True,True,True,3,0,1.0,5,5,2,0,True,False,,,,,,,,,0.686442139450115,,False,False,False,False,
role_conditioned_ar_ppo_order_012,learning,medium,medium,0,0,200,0,200,17,2,laser,0-1-2,2,5,,True,True,True,10,0,1.0,4,4,2,0,True,False,,,,,,,,,0.18195199242330104,,False,False,False,False,
role_conditioned_ar_ppo_order_012,learning,medium,medium,0,0,200,0,200,18,0,missile,0-1-2,0,5,,True,True,True,3,0,1.0,4,4,2,0,True,False,,,,,,,,,0.6379484399463325,,False,False,False,False,
role_conditioned_ar_ppo_order_012,learning,medium,medium,0,0,200,0,200,18,1,missile,0-1-2,1,5,,True,True,True,3,0,1.0,5,5,2,0,True,False,,,,,,,,,0.7062611267474089,,False,False,False,False,
role_conditioned_ar_ppo_order_012,learning,medium,medium,0,0,200,0,200,18,2,laser,0-1-2,2,5,,True,True,True,10,0,1.0,4,4,2,0,True,False,,,,,,,,,0.19298036598156026,,False,False,False,False,
role_conditioned_ar_ppo_order_012,learning,medium,medium,0,0,200,0,200,19,0,missile,0-1-2,0,5,,True,True,True,3,0,1.0,4,4,2,0,True,False,,,,,,,,,0.6580042286216224,,False,False,False,False,
role_conditioned_ar_ppo_order_012,learning,medium,medium,0,0,200,0,200,19,1,missile,0-1-2,1,5,,True,True,True,3,0,1.0,5,5,2,0,True,False,,,,,,,,,0.7259593667223622,,False,False,False,False,
role_conditioned_ar_ppo_order_012,learning,medium,medium,0,0,200,0,200,19,2,laser,0-1-2,2,5,,True,True,True,10,0,1.0,4,4,2,0,True,False,,,,,,,,,0.20388852773243932,,False,False,False,False,
role_conditioned_ar_ppo_order_012,learning,medium,medium,0,0,200,0,200,20,0,missile,0-1-2,0,5,,True,True,True,3,0,1.0,4,4,2,0,True,False,,,,,,,,,0.6779708973772921,,False,False,False,False,
role_conditioned_ar_ppo_order_012,learning,medium,medium,0,0,200,0,200,20,1,missile,0-1-2,1,5,,True,True,True,3,0,1.0,5,5,2,0,True,False,,,,,,,,,0.7455197810989792,,False,False,False,False,
role_conditioned_ar_ppo_order_012,learning,medium,medium,0,0,200,0,200,20,2,laser,0-1-2,2,5,,True,True,True,10,0,1.0,4,4,2,0,True,False,,,,,,,,,0.21465233849607127,,False,False,False,False,
role_conditioned_ar_ppo_order_012,learning,medium,medium,0,0,200,0,200,21,0,missile,0-1-2,0,5,,True,True,True,3,0,1.0,4,4,2,0,True,False,,,,,,,,,0.6978367130466274,,False,False,False,False,
role_conditioned_ar_ppo_order_012,learning,medium,medium,0,0,200,0,200,21,1,missile,0-1-2,1,5,,True,True,True,3,0,1.0,5,5,2,0,True,False,,,,,,,,,0.7649219280934739,,False,False,False,False,
role_conditioned_ar_ppo_order_012,learning,medium,medium,0,0,200,0,200,21,2,laser,0-1-2,2,5,,True,True,True,10,0,1.0,4,4,2,0,True,False,,,,,,,,,0.23421407531659097,,False,False,False,False,
role_conditioned_ar_ppo_order_012,learning,medium,medium,0,0,200,0,200,22,0,missile,0-1-2,0,5,,True,True,True,3,0,1.0,4,4,2,0,True,False,,,,,,,,,0.7175882737458708,,False,False,False,False,
role_conditioned_ar_ppo_order_012,learning,medium,medium,0,0,200,0,200,22,1,missile,0-1-2,1,5,,True,True,True,3,0,1.0,5,5,2,0,True,False,,,,,,,,,0.7841414548664887,,False,False,False,False,
role_conditioned_ar_ppo_order_012,learning,medium,medium,0,0,200,0,200,22,2,laser,0-1-2,2,5,,True,True,True,10,0,1.0,4,4,2,0,True,False,,,,,,,,,0.2591709279691106,,False,False,False,False,
role_conditioned_ar_ppo_order_012,learning,medium,medium,0,0,200,0,200,23,0,missile,0-1-2,0,5,,True,True,True,3,0,1.0,4,4,2,0,True,False,,,,,,,,,0.737209648441994,,False,False,False,False,
role_conditioned_ar_ppo_order_012,learning,medium,medium,0,0,200,0,200,23,1,missile,0-1-2,1,5,,True,True,True,3,0,1.0,5,5,2,0,True,False,,,,,,,,,0.8031490285012376,,False,False,False,False,
role_conditioned_ar_ppo_order_012,learning,medium,medium,0,0,200,0,200,23,2,laser,0-1-2,2,5,,True,True,True,10,0,1.0,4,4,2,0,True,False,,,,,,,,,0.2841076034536147,,False,False,False,False,
role_conditioned_ar_ppo_order_012,learning,medium,medium,0,0,200,0,200,24,0,missile,0-1-2,0,5,,True,True,True,3,0,1.0,4,4,2,0,True,False,,,,,,,,,0.7566819336997358,,False,False,False,False,
role_conditioned_ar_ppo_order_012,learning,medium,medium,0,0,200,0,200,24,1,missile,0-1-2,1,5,,True,True,True,3,0,1.0,5,5,2,0,True,False,,,,,,,,,0.8219090844657249,,False,False,False,False,
role_conditioned_ar_ppo_order_012,learning,medium,medium,0,0,200,0,200,24,2,laser,0-1-2,2,5,,True,True,True,10,0,1.0,4,4,2,0,True,False,,,,,,,,,0.30902148621128633,,False,False,False,False,
role_conditioned_ar_ppo_order_012,learning,medium,medium,0,0,200,0,200,25,0,missile,0-1-2,0,5,,True,True,True,3,0,1.0,4,4,2,0,True,False,,,,,,,,,0.7759824714704859,,False,False,False,False,
role_conditioned_ar_ppo_order_012,learning,medium,medium,0,0,200,0,200,25,1,missile,0-1-2,1,5,,True,True,True,3,0,1.0,5,5,2,0,True,False,,,,,,,,,0.840378340411627,,False,False,False,False,
role_conditioned_ar_ppo_order_012,learning,medium,medium,0,0,200,0,200,25,2,laser,0-1-2,2,5,,True,True,True,10,0,1.0,4,4,2,0,True,False,,,,,,,,,0.33390958703204915,,False,False,False,False,
role_conditioned_ar_ppo_order_012,learning,medium,medium,0,0,200,0,200,26,0,missile,0-1-2,0,5,,True,True,True,3,0,1.0,4,4,2,0,True,False,,,,,,,,,0.7950842754708014,,False,False,False,False,
role_conditioned_ar_ppo_order_012,learning,medium,medium,0,0,200,0,200,26,1,missile,0-1-2,1,5,,True,True,True,3,0,1.0,5,5,2,0,True,False,,,,,,,,,0.8585036320568772,,False,False,False,False,
role_conditioned_ar_ppo_order_012,learning,medium,medium,0,0,200,0,200,26,2,laser,0-1-2,2,5,,True,True,True,10,0,1.0,4,4,2,0,True,False,,,,,,,,,0.35876841850414737,,False,False,False,False,
role_conditioned_ar_ppo_order_012,learning,medium,medium,0,0,200,0,200,27,0,missile,0-1-2,0,5,,True,True,True,3,0,1.0,4,4,2,0,True,False,,,,,,,,,0.8139545189075869,,False,False,False,False,
role_conditioned_ar_ppo_order_012,learning,medium,medium,0,0,200,0,200,27,1,missile,0-1-2,1,5,,True,True,True,3,0,1.0,5,5,2,0,True,False,,,,,,,,,0.8762195665523215,,False,False,False,False,
role_conditioned_ar_ppo_order_012,learning,medium,medium,0,0,200,0,200,27,2,laser,0-1-2,2,5,,True,True,True,10,0,1.0,4,4,2,0,True,False,,,,,,,,,0.38359359022528133,,False,False,False,False,
role_conditioned_ar_ppo_order_012,learning,medium,medium,0,0,200,0,200,28,0,missile,0-1-2,0,5,,True,True,True,3,0,1.0,5,5,2,0,True,False,,,,,,,,,0.8325534654562365,,False,False,False,False,
role_conditioned_ar_ppo_order_012,learning,medium,medium,0,0,200,0,200,28,1,missile,0-1-2,1,5,,True,True,True,3,0,1.0,5,5,2,0,True,False,,,,,,,,,0.8934450546791132,,False,False,False,False,
role_conditioned_ar_ppo_order_012,learning,medium,medium,0,0,200,0,200,28,2,laser,0-1-2,2,5,,True,True,True,10,0,1.0,4,4,2,0,True,False,,,,,,,,,0.4083800267658423,,False,False,False,False,
role_conditioned_ar_ppo_order_012,learning,medium,medium,0,0,200,0,200,29,0,missile,0-1-2,0,5,,True,True,True,3,0,1.0,5,5,2,0,True,False,,,,,,,,,0.8508324094380348,,False,False,False,False,
role_conditioned_ar_ppo_order_012,learning,medium,medium,0,0,200,0,200,29,1,missile,0-1-2,1,5,,True,True,True,3,0,1.0,5,5,2,0,True,False,,,,,,,,,0.9100794519405481,,False,False,False,False,
role_conditioned_ar_ppo_order_012,learning,medium,medium,0,0,200,0,200,29,2,laser,0-1-2,2,5,,True,True,True,10,0,1.0,4,4,2,0,True,False,,,,,,,,,0.43312159401765227,,False,False,False,False,
role_conditioned_ar_ppo_order_012,learning,medium,medium,0,0,200,0,200,30,0,missile,0-1-2,0,5,,True,True,True,3,0,1.0,5,5,2,0,True,False,,,,,,,,,0.8687315377764433,,False,False,False,False,
role_conditioned_ar_ppo_order_012,learning,medium,medium,0,0,200,0,200,30,1,missile,0-1-2,1,5,,True,True,True,3,0,1.0,5,5,2,0,True,False,,,,,,,,,0.9259977610005647,,False,False,False,False,
role_conditioned_ar_ppo_order_012,learning,medium,medium,0,0,200,0,200,30,2,laser,0-1-2,2,5,,True,True,True,10,0,1.0,4,4,2,0,True,False,,,,,,,,,0.4578106944051009,,False,False,False,False,
role_conditioned_ar_ppo_order_012,learning,medium,medium,0,0,200,0,200,31,0,missile,0-1-2,0,5,,True,True,True,3,0,1.0,5,5,2,0,True,False,,,,,,,,,0.8861769054474586,,False,False,False,False,
role_conditioned_ar_ppo_order_012,learning,medium,medium,0,0,200,0,200,31,1,missile,0-1-2,1,5,,True,True,True,3,0,1.0,5,5,2,0,True,False,,,,,,,,,0.9410451040585359,,False,False,False,False,
role_conditioned_ar_ppo_order_012,learning,medium,medium,0,0,200,0,200,31,2,laser,0-1-2,2,5,,True,True,True,10,0,1.0,4,4,2,0,True,False,,,,,,,,,0.48243792437148925,,False,False,False,False,
role_conditioned_ar_ppo_order_012,learning,medium,medium,0,0,200,0,200,32,0,missile,0-1-2,0,5,,True,True,True,3,0,1.0,5,5,2,0,True,False,,,,,,,,,0.9030767330136722,,False,False,False,False,
role_conditioned_ar_ppo_order_012,learning,medium,medium,0,0,200,0,200,32,1,missile,0-1-2,1,5,,True,True,True,3,0,1.0,5,5,2,0,True,False,,,,,,,,,0.9550313907768402,,False,False,False,False,
role_conditioned_ar_ppo_order_012,learning,medium,medium,0,0,200,0,200,32,2,laser,0-1-2,2,5,,True,True,True,10,0,1.0,4,4,2,0,True,False,,,,,,,,,0.5069916384525617,,False,False,False,False,
role_conditioned_ar_ppo_order_012,learning,medium,medium,0,0,200,0,200,33,0,missile,0-1-2,0,5,,True,True,True,3,0,1.0,5,5,2,0,True,False,,,,,,,,,0.919317000168326,,False,False,False,False,
role_conditioned_ar_ppo_order_012,learning,medium,medium,0,0,200,0,200,33,1,missile,0-1-2,1,5,,True,True,True,3,0,1.0,5,5,2,0,True,False,,,,,,,,,0.9677272898936226,,False,False,False,False,
role_conditioned_ar_ppo_order_012,learning,medium,medium,0,0,200,0,200,33,2,laser,0-1-2,2,5,,True,True,True,10,0,1.0,4,4,2,0,True,False,,,,,,,,,0.5314570462859608,,False,False,False,False,
role_conditioned_ar_ppo_order_012,learning,medium,medium,0,0,200,0,200,34,0,missile,0-1-2,0,5,,True,True,True,3,0,1.0,4,4,2,0,True,False,,,,,,,,,0.9347562570682545,,False,False,False,False,
role_conditioned_ar_ppo_order_012,learning,medium,medium,0,0,200,0,200,34,1,missile,0-1-2,1,5,,True,True,True,3,0,1.0,4,4,2,0,True,False,,,,,,,,,0.9788641640385359,,False,False,False,False,
role_conditioned_ar_ppo_order_012,learning,medium,medium,0,0,200,0,200,34,2,laser,0-1-2,2,5,,True,True,True,10,0,1.0,3,3,2,0,True,False,,,,,,,,,0.5558151850702647,,False,False,False,False,
role_conditioned_ar_ppo_order_012,learning,medium,medium,0,0,200,0,200,35,0,missile,0-1-2,0,5,,True,True,True,3,0,1.0,4,4,2,0,True,False,,,,,,,,,0.9492199924138625,,False,False,False,False,
role_conditioned_ar_ppo_order_012,learning,medium,medium,0,0,200,0,200,35,1,missile,0-1-2,1,5,,True,True,True,3,0,1.0,4,4,2,0,True,False,,,,,,,,,0.9881421004335142,,False,False,False,False,
role_conditioned_ar_ppo_order_012,learning,medium,medium,0,0,200,0,200,35,2,laser,0-1-2,2,5,,True,True,True,10,0,1.0,3,3,2,0,True,False,,,,,,,,,0.5800413938223433,,False,False,False,False,
role_conditioned_ar_ppo_order_012,learning,medium,medium,0,0,200,0,200,36,0,missile,0-1-2,0,5,,True,True,True,3,0,1.0,4,4,2,0,True,False,,,,,,,,,0.9624959271455863,,False,False,False,False,
role_conditioned_ar_ppo_order_012,learning,medium,medium,0,0,200,0,200,36,1,missile,0-1-2,1,5,,True,True,True,3,0,1.0,4,4,2,0,True,False,,,,,,,,,0.9952504178608179,,False,False,False,False,
role_conditioned_ar_ppo_order_012,learning,medium,medium,0,0,200,0,200,36,2,laser,0-1-2,2,5,,True,True,True,10,0,1.0,3,3,2,0,True,False,,,,,,,,,0.6041030714698008,,False,False,False,False,
role_conditioned_ar_ppo_order_012,learning,medium,medium,0,0,200,0,200,37,0,missile,0-1-2,0,5,,True,True,True,3,0,1.0,3,3,1,0,True,False,,,,,,,,,0.6572713467013526,,False,False,False,False,
role_conditioned_ar_ppo_order_012,learning,medium,medium,0,0,200,0,200,37,1,missile,0-1-2,1,5,,True,True,True,3,0,1.0,3,3,1,0,True,False,,,,,,,,,0.579799894831866,,False,False,False,False,
role_conditioned_ar_ppo_order_012,learning,medium,medium,0,0,200,0,200,37,2,laser,0-1-2,2,5,,True,True,True,10,0,1.0,2,2,1,0,True,False,,,,,,,,,0.3395525318609927,,False,False,False,False,
role_conditioned_ar_ppo_order_012,learning,medium,medium,0,0,200,0,200,38,0,missile,0-1-2,0,5,,True,True,True,3,0,1.0,3,3,1,0,True,False,,,,,,,,,0.6618202354406719,,False,False,False,False,
role_conditioned_ar_ppo_order_012,learning,medium,medium,0,0,200,0,200,38,1,missile,0-1-2,1,5,,True,True,True,3,0,1.0,3,3,1,0,True,False,,,,,,,,,0.5900747034124616,,False,False,False,False,
role_conditioned_ar_ppo_order_012,learning,medium,medium,0,0,200,0,200,38,2,laser,0-1-2,2,5,,True,True,True,10,0,1.0,2,2,1,0,True,False,,,,,,,,,0.35381834295075665,,False,False,False,False,
role_conditioned_ar_ppo_order_012,learning,medium,medium,0,0,200,0,200,39,0,missile,0-1-2,0,5,,True,True,True,3,0,1.0,3,3,1,0,True,False,,,,,,,,,0.6650186987763268,,False,False,False,False,
role_conditioned_ar_ppo_order_012,learning,medium,medium,0,0,200,0,200,39,1,missile,0-1-2,1,5,,True,True,True,3,0,1.0,3,3,1,0,True,False,,,,,,,,,0.6000916596989634,,False,False,False,False,
role_conditioned_ar_ppo_order_012,learning,medium,medium,0,0,200,0,200,39,2,laser,0-1-2,2,5,,True,True,True,10,0,1.0,2,2,1,0,True,False,,,,,,,,,0.36805950816935523,,False,False,False,False,
role_conditioned_ar_ppo_order_012,learning,medium,medium,0,0,200,0,200,40,0,missile,0-1-2,0,5,,True,True,True,3,0,1.0,3,3,1,0,True,False,,,,,,,,,0.6667259506839126,,False,False,False,False,
role_conditioned_ar_ppo_order_012,learning,medium,medium,0,0,200,0,200,40,1,missile,0-1-2,1,5,,True,True,True,3,0,1.0,3,3,1,0,True,False,,,,,,,,,0.609798726670256,,False,False,False,False,
role_conditioned_ar_ppo_order_012,learning,medium,medium,0,0,200,0,200,40,2,laser,0-1-2,2,5,,True,True,True,10,0,1.0,2,2,1,0,True,False,,,,,,,,,0.38227086245798,,False,False,False,False,
role_conditioned_ar_ppo_order_012,learning,medium,medium,0,0,200,0,200,41,0,missile,0-1-2,0,5,,True,True,True,3,0,1.0,3,3,1,0,True,False,,,,,,,,,0.6668588868828156,,False,False,False,False,
role_conditioned_ar_ppo_order_012,learning,medium,medium,0,0,200,0,200,41,1,missile,0-1-2,1,5,,True,True,True,3,0,1.0,3,3,1,0,True,False,,,,,,,,,0.6191313178011136,,False,False,False,False,
role_conditioned_ar_ppo_order_012,learning,medium,medium,0,0,200,0,200,41,2,laser,0-1-2,2,5,,True,True,True,10,0,1.0,2,2,1,0,True,False,,,,,,,,,0.39644567497227795,,False,False,False,False,
role_conditioned_ar_ppo_order_012,learning,medium,medium,0,0,200,1,201,0,0,missile,0-1-2,0,5,,True,True,True,3,0,1.0,4,4,1,0,True,False,,,,,,,,,0.15911757954797048,,False,False,False,False,
role_conditioned_ar_ppo_order_012,learning,medium,medium,0,0,200,1,201,0,1,missile,0-1-2,1,5,,True,True,True,3,0,1.0,1,1,0,0,True,False,,,,,,,,,0.04570618290578777,,False,False,False,False,
role_conditioned_ar_ppo_order_012,learning,medium,medium,0,0,200,1,201,0,2,laser,0-1-2,2,5,,True,True,True,10,0,1.0,0,0,0,0,False,False,,,,,,,,,0.0,,False,False,False,False,
role_conditioned_ar_ppo_order_012,learning,medium,medium,0,0,200,1,201,1,0,missile,0-1-2,0,5,,True,True,True,3,0,1.0,4,4,1,0,True,False,,,,,,,,,0.17942875769235628,,False,False,False,False,
role_conditioned_ar_ppo_order_012,learning,medium,medium,0,0,200,1,201,1,1,missile,0-1-2,1,5,,True,True,True,3,0,1.0,2,2,0,0,True,False,,,,,,,,,0.051470075504299946,,False,False,False,False,
role_conditioned_ar_ppo_order_012,learning,medium,medium,0,0,200,1,201,1,2,laser,0-1-2,2,5,,True,True,True,10,0,1.0,0,0,0,0,False,False,,,,,,,,,0.0,,False,False,False,False,
role_conditioned_ar_ppo_order_012,learning,medium,medium,0,0,200,1,201,2,0,missile,0-1-2,0,5,,True,True,True,3,0,1.0,4,4,1,0,True,False,,,,,,,,,0.19973872858804628,,False,False,False,False,
role_conditioned_ar_ppo_order_012,learning,medium,medium,0,0,200,1,201,2,1,missile,0-1-2,1,5,,True,True,True,3,0,1.0,2,2,0,0,True,False,,,,,,,,,0.057233809575553476,,False,False,False,False,
role_conditioned_ar_ppo_order_012,learning,medium,medium,0,0,200,1,201,2,2,laser,0-1-2,2,5,,True,True,True,10,0,1.0,0,0,0,0,False,False,,,,,,,,,0.0,,False,False,False,False,
role_conditioned_ar_ppo_order_012,learning,medium,medium,0,0,200,1,201,3,0,missile,0-1-2,0,5,,True,True,True,3,0,1.0,4,4,1,0,True,False,,,,,,,,,0.22004745672772608,,False,False,False,False,
role_conditioned_ar_ppo_order_012,learning,medium,medium,0,0,200,1,201,3,1,missile,0-1-2,1,5,,True,True,True,3,0,1.0,5,5,1,0,True,False,,,,,,,,,0.0629973454877336,,False,False,False,False,
role_conditioned_ar_ppo_order_012,learning,medium,medium,0,0,200,1,201,3,2,laser,0-1-2,2,5,,True,True,True,10,0,1.0,0,0,0,0,False,False,,,,,,,,,0.0,,False,False,False,False,
role_conditioned_ar_ppo_order_012,learning,medium,medium,0,0,200,1,201,4,0,missile,0-1-2,0,5,,True,True,True,3,0,1.0,4,4,1,0,True,False,,,,,,,,,0.24035469356019346,,False,False,False,False,
role_conditioned_ar_ppo_order_012,learning,medium,medium,0,0,200,1,201,4,1,missile,0-1-2,1,5,,True,True,True,3,0,1.0,5,5,1,0,True,False,,,,,,,,,0.06876072287265508,,False,False,False,False,
role_conditioned_ar_ppo_order_012,learning,medium,medium,0,0,200,1,201,4,2,laser,0-1-2,2,5,,True,True,True,10,0,1.0,0,0,0,0,False,False,,,,,,,,,0.0,,False,False,False,False,
role_conditioned_ar_ppo_order_012,learning,medium,medium,0,0,200,1,201,5,0,missile,0-1-2,0,5,,True,True,True,3,0,1.0,4,4,1,0,True,False,,,,,,,,,0.26066033256350485,,False,False,False,False,
role_conditioned_ar_ppo_order_012,learning,medium,medium,0,0,200,1,201,5,1,missile,0-1-2,1,5,,True,True,True,3,0,1.0,5,5,1,0,True,False,,,,,,,,,0.08739042785257439,,False,False,False,False,
role_conditioned_ar_ppo_order_012,learning,medium,medium,0,0,200,1,201,5,2,laser,0-1-2,2,5,,True,True,True,10,0,1.0,0,0,0,0,False,False,,,,,,,,,0.0,,False,False,False,False,
role_conditioned_ar_ppo_order_012,learning,medium,medium,0,0,200,1,201,6,0,missile,0-1-2,0,5,,True,True,True,3,0,1.0,4,4,1,0,True,False,,,,,,,,,0.28096423170840173,,False,False,False,False,
role_conditioned_ar_ppo_order_012,learning,medium,medium,0,0,200,1,201,6,1,missile,0-1-2,1,5,,True,True,True,3,0,1.0,5,5,1,0,True,False,,,,,,,,,0.10710402390833425,,False,False,False,False,
role_conditioned_ar_ppo_order_012,learning,medium,medium,0,0,200,1,201,6,2,laser,0-1-2,2,5,,True,True,True,10,0,1.0,0,0,0,0,False,False,,,,,,,,,0.0,,False,False,False,False,
role_conditioned_ar_ppo_order_012,learning,medium,medium,0,0,200,1,201,7,0,missile,0-1-2,0,5,,True,True,True,3,0,1.0,4,4,1,0,True,False,,,,,,,,,0.30126607142905304,,False,False,False,False,
role_conditioned_ar_ppo_order_012,learning,medium,medium,0,0,200,1,201,7,1,missile,0-1-2,1,5,,True,True,True,3,0,1.0,5,5,1,0,True,False,,,,,,,,,0.12678759267754816,,False,False,False,False,
role_conditioned_ar_ppo_order_012,learning,medium,medium,0,0,200,1,201,7,2,laser,0-1-2,2,5,,True,True,True,10,0,1.0,0,0,0,0,False,False,,,,,,,,,0.0,,False,False,False,False,
role_conditioned_ar_ppo_order_012,learning,medium,medium,0,0,200,1,201,8,0,missile,0-1-2,0,5,,True,True,True,3,0,1.0,4,4,1,0,True,False,,,,,,,,,0.32156560317425675,,False,False,False,False,
role_conditioned_ar_ppo_order_012,learning,medium,medium,0,0,200,1,201,8,1,missile,0-1-2,1,5,,True,True,True,3,0,1.0,5,5,1,0,True,False,,,,,,,,,0.1464371182731168,,False,False,False,False,
role_conditioned_ar_ppo_order_012,learning,medium,medium,0,0,200,1,201,8,2,laser,0-1-2,2,5,,True,True,True,10,0,1.0,1,1,0,0,True,False,,,,,,,,,0.0007526952032062032,,False,False,False,False,
role_conditioned_ar_ppo_order_012,learning,medium,medium,0,0,200,1,201,9,0,missile,0-1-2,0,5,,True,True,True,3,0,1.0,4,4,1,0,True,False,,,,,,,,,0.34186254288549606,,False,False,False,False,
role_conditioned_ar_ppo_order_012,learning,medium,medium,0,0,200,1,201,9,1,missile,0-1-2,1,5,,True,True,True,3,0,1.0,5,5,1,0,True,False,,,,,,,,,0.16604779737909803,,False,False,False,False,
role_conditioned_ar_ppo_order_012,learning,medium,medium,0,0,200,1,201,9,2,laser,0-1-2,2,5,,True,True,True,10,0,1.0,1,1,0,0,True,False,,,,,,,,,0.0075194977298956535,,False,False,False,False,
role_conditioned_ar_ppo_order_012,learning,medium,medium,0,0,200,1,201,10,0,missile,0-1-2,0,5,,True,True,True,3,0,1.0,4,4,1,0,True,False,,,,,,,,,0.36215653548962523,,False,False,False,False,
role_conditioned_ar_ppo_order_012,learning,medium,medium,0,0,200,1,201,10,1,missile,0-1-2,1,5,,True,True,True,3,0,1.0,5,5,1,0,True,False,,,,,,,,,0.18561393426019424,,False,False,False,False,
role_conditioned_ar_ppo_order_012,learning,medium,medium,0,0,200,1,201,10,2,laser,0-1-2,2,5,,True,True,True,10,0,1.0,1,1,0,0,True,False,,,,,,,,,0.014281141406196836,,False,False,False,False,
role_conditioned_ar_ppo_order_012,learning,medium,medium,0,0,200,1,201,11,0,missile,0-1-2,0,5,,True,True,True,3,0,1.0,4,4,1,0,True,False,,,,,,,,,0.38244711939155474,,False,False,False,False,
role_conditioned_ar_ppo_order_012,learning,medium,medium,0,0,200,1,201,11,1,missile,0-1-2,1,5,,True,True,True,3,0,1.0,5,5,1,0,True,False,,,,,,,,,0.20512859954258708,,False,False,False,False,
role_conditioned_ar_ppo_order_012,learning,medium,medium,0,0,200,1,201,11,2,laser,0-1-2,2,5,,True,True,True,10,0,1.0,1,1,0,0,True,False,,,,,,,,,0.021037318594242564,,False,False,False,False,
role_conditioned_ar_ppo_order_012,learning,medium,medium,0,0,200,1,201,12,0,missile,0-1-2,0,5,,True,True,True,3,0,1.0,4,4,1,0,True,False,,,,,,,,,0.40273376198156596,,False,False,False,False,
role_conditioned_ar_ppo_order_012,learning,medium,medium,0,0,200,1,201,12,1,missile,0-1-2,1,5,,True,True,True,3,0,1.0,5,5,1,0,True,False,,,,,,,,,0.2245834727281689,,False,False,False,False,
role_conditioned_ar_ppo_order_012,learning,medium,medium,0,0,200,1,201,12,2,laser,0-1-2,2,5,,True,True,True,10,0,1.0,2,2,0,0,True,False,,,,,,,,,0.027787650662811712,,False,False,False,False,
role_conditioned_ar_ppo_order_012,learning,medium,medium,0,0,200,1,201,13,0,missile,0-1-2,0,5,,True,True,True,3,0,1.0,4,4,1,0,True,False,,,,,,,,,0.42301582412799643,,False,False,False,False,
role_conditioned_ar_ppo_order_012,learning,medium,medium,0,0,200,1,201,13,1,missile,0-1-2,1,5,,True,True,True,3,0,1.0,5,5,1,0,True,False,,,,,,,,,0.24396829099435285,,False,False,False,False,
role_conditioned_ar_ppo_order_012,learning,medium,medium,0,0,200,1,201,13,2,laser,0-1-2,2,5,,True,True,True,10,0,1.0,2,2,0,0,True,False,,,,,,,,,0.039397572747822046,,False,False,False,False,
role_conditioned_ar_ppo_order_012,learning,medium,medium,0,0,200,1,201,14,0,missile,0-1-2,0,5,,True,True,True,3,0,1.0,4,4,1,0,True,False,,,,,,,,,0.4432924891626108,,False,False,False,False,
role_conditioned_ar_ppo_order_012,learning,medium,medium,0,0,200,1,201,14,1,missile,0-1-2,1,5,,True,True,True,3,0,1.0,5,5,1,0,True,False,,,,,,,,,0.2632704029843949,,False,False,False,False,
role_conditioned_ar_ppo_order_012,learning,medium,medium,0,0,200,1,201,14,2,laser,0-1-2,2,5,,True,True,True,10,0,1.0,2,2,0,0,True,False,,,,,,,,,0.05936465928502111,,False,False,False,False,
role_conditioned_ar_ppo_order_012,learning,medium,medium,0,0,200,1,201,15,0,missile,0-1-2,0,5,,True,True,True,3,0,1.0,4,4,1,0,True,False,,,,,,,,,0.4635627273732862,,False,False,False,False,
role_conditioned_ar_ppo_order_012,learning,medium,medium,0,0,200,1,201,15,1,missile,0-1-2,1,5,,True,True,True,3,0,1.0,5,5,1,0,True,False,,,,,,,,,0.2824739551309229,,False,False,False,False,
role_conditioned_ar_ppo_order_012,learning,medium,medium,0,0,200,1,201,15,2,laser,0-1-2,2,5,,True,True,True,10,0,1.0,3,3,1,0,True,False,,,,,,,,,0.07886197369216606,,False,False,False,False,
role_conditioned_ar_ppo_order_012,learning,medium,medium,0,0,200,1,201,16,0,missile,0-1-2,0,5,,True,True,True,3,0,1.0,4,4,1,0,True,False,,,,,,,,,0.48382533151132695,,False,False,False,False,
role_conditioned_ar_ppo_order_012,learning,medium,medium,0,0,200,1,201,16,1,missile,0-1-2,1,5,,True,True,True,3,0,1.0,5,5,1,0,True,False,,,,,,,,,0.3015588942460687,,False,False,False,False,
role_conditioned_ar_ppo_order_012,learning,medium,medium,0,0,200,1,201,16,2,laser,0-1-2,2,5,,True,True,True,10,0,1.0,4,4,1,0,True,False,,,,,,,,,0.09781187364149657,,False,False,False,False,
role_conditioned_ar_ppo_order_012,learning,medium,medium,0,0,200,1,201,17,0,missile,0-1-2,0,5,,True,True,True,3,0,1.0,4,4,1,0,True,False,,,,,,,,,0.504078650486605,,False,False,False,False,
role_conditioned_ar_ppo_order_012,learning,medium,medium,0,0,200,1,201,17,1,missile,0-1-2,1,5,,True,True,True,3,0,1.0,5,5,1,0,True,False,,,,,,,,,0.3204995763971789,,False,False,False,False,
role_conditioned_ar_ppo_order_012,learning,medium,medium,0,0,200,1,201,17,2,laser,0-1-2,2,5,,True,True,True,10,0,1.0,4,4,1,0,True,False,,,,,,,,,0.11612173374805827,,False,False,False,False,
role_conditioned_ar_ppo_order_012,learning,medium,medium,0,0,200,1,201,18,0,missile,0-1-2,0,5,,True,True,True,3,0,1.0,4,4,1,0,True,False,,,,,,,,,0.5243205716139032,,False,False,False,False,
role_conditioned_ar_ppo_order_012,learning,medium,medium,0,0,200,1,201,18,1,missile,0-1-2,1,5,,True,True,True,3,0,1.0,5,5,1,0,True,False,,,,,,,,,0.3392625621060547,,False,False,False,False,
role_conditioned_ar_ppo_order_012,learning,medium,medium,0,0,200,1,201,18,2,laser,0-1-2,2,5,,True,True,True,10,0,1.0,4,4,1,0,True,False,,,,,,,,,0.13368103045606486,,False,False,False,False,
role_conditioned_ar_ppo_order_012,learning,medium,medium,0,0,200,1,201,19,0,missile,0-1-2,0,5,,True,True,True,3,0,1.0,5,5,1,0,True,False,,,,,,,,,0.5445482898153694,,False,False,False,False,
role_conditioned_ar_ppo_order_012,learning,medium,medium,0,0,200,1,201,19,1,missile,0-1-2,1,5,,True,True,True,3,0,1.0,5,5,1,0,True,False,,,,,,,,,0.3578038341003729,,False,False,False,False,
role_conditioned_ar_ppo_order_012,learning,medium,medium,0,0,200,1,201,19,2,laser,0-1-2,2,5,,True,True,True,10,0,1.0,4,4,1,0,True,False,,,,,,,,,0.15035858365179933,,False,False,False,False,
role_conditioned_ar_ppo_order_012,learning,medium,medium,0,0,200,1,201,20,0,missile,0-1-2,0,5,,True,True,True,3,0,1.0,5,5,1,0,True,False,,,,,,,,,0.5647579880546865,,False,False,False,False,
role_conditioned_ar_ppo_order_012,learning,medium,medium,0,0,200,1,201,20,1,missile,0-1-2,1,5,,True,True,True,3,0,1.0,5,5,1,0,True,False,,,,,,,,,0.3760643089692814,,False,False,False,False,
role_conditioned_ar_ppo_order_012,learning,medium,medium,0,0,200,1,201,20,2,laser,0-1-2,2,5,,True,True,True,10,0,1.0,4,4,1,0,True,False,,,,,,,,,0.16600017442021076,,False,False,False,False,
role_conditioned_ar_ppo_order_012,learning,medium,medium,0,0,200,1,201,21,0,missile,0-1-2,0,5,,True,True,True,3,0,1.0,5,5,1,0,True,False,,,,,,,,,0.5849444112492965,,False,False,False,False,
role_conditioned_ar_ppo_order_012,learning,medium,medium,0,0,200,1,201,21,1,missile,0-1-2,1,5,,True,True,True,3,0,1.0,5,5,1,0,True,False,,,,,,,,,0.39396338024688615,,False,False,False,False,
role_conditioned_ar_ppo_order_012,learning,medium,medium,0,0,200,1,201,21,2,laser,0-1-2,2,5,,True,True,True,10,0,1.0,4,4,1,0,True,False,,,,,,,,,0.18042663298113049,,False,False,False,False,
role_conditioned_ar_ppo_order_012,learning,medium,medium,0,0,200,1,201,22,0,missile,0-1-2,0,5,,True,True,True,3,0,1.0,5,5,1,0,True,False,,,,,,,,,0.6050999430802222,,False,False,False,False,
role_conditioned_ar_ppo_order_012,learning,medium,medium,0,0,200,1,201,22,1,missile,0-1-2,1,5,,True,True,True,3,0,1.0,5,5,1,0,True,False,,,,,,,,,0.4113891411707844,,False,False,False,False,
role_conditioned_ar_ppo_order_012,learning,medium,medium,0,0,200,1,201,22,2,laser,0-1-2,2,5,,True,True,True,10,0,1.0,4,4,1,0,True,False,,,,,,,,,0.19343443425012255,,False,False,False,False,
role_conditioned_ar_ppo_order_012,learning,medium,medium,0,0,200,1,201,23,0,missile,0-1-2,0,5,,True,True,True,3,0,1.0,5,5,1,0,True,False,,,,,,,,,0.6252133277287419,,False,False,False,False,
role_conditioned_ar_ppo_order_012,learning,medium,medium,0,0,200,1,201,23,1,missile,0-1-2,1,5,,True,True,True,3,0,1.0,5,5,1,0,True,False,,,,,,,,,0.42818356789600237,,False,False,False,False,
role_conditioned_ar_ppo_order_012,learning,medium,medium,0,0,200,1,201,23,2,laser,0-1-2,2,5,,True,True,True,10,0,1.0,4,4,1,0,True,False,,,,,,,,,0.2047994906207443,,False,False,False,False,
role_conditioned_ar_ppo_order_012,learning,medium,medium,0,0,200,1,201,24,0,missile,0-1-2,0,5,,True,True,True,3,0,1.0,5,5,1,0,True,False,,,,,,,,,0.6452671399802254,,False,False,False,False,
role_conditioned_ar_ppo_order_012,learning,medium,medium,0,0,200,1,201,24,1,missile,0-1-2,1,5,,True,True,True,3,0,1.0,5,5,1,0,True,False,,,,,,,,,0.4441205108588338,,False,False,False,False,
role_conditioned_ar_ppo_order_012,learning,medium,medium,0,0,200,1,201,24,2,laser,0-1-2,2,5,,True,True,True,10,0,1.0,4,4,1,0,True,False,,,,,,,,,0.22705347304758325,,False,False,False,False,
role_conditioned_ar_ppo_order_012,learning,medium,medium,0,0,200,1,201,25,0,missile,0-1-2,0,5,,True,True,True,3,0,1.0,5,5,1,0,True,False,,,,,,,,,0.6652329384756948,,False,False,False,False,
role_conditioned_ar_ppo_order_012,learning,medium,medium,0,0,200,1,201,25,1,missile,0-1-2,1,5,,True,True,True,3,0,1.0,5,5,1,0,True,False,,,,,,,,,0.45887406638497963,,False,False,False,False,
role_conditioned_ar_ppo_order_012,learning,medium,medium,0,0,200,1,201,25,2,laser,0-1-2,2,5,,True,True,True,10,0,1.0,4,4,1,0,True,False,,,,,,,,,0.2499859751694275,,False,False,False,False,
role_conditioned_ar_ppo_order_012,learning,medium,medium,0,0,200,1,201,26,0,missile,0-1-2,0,5,,True,True,True,3,0,1.0,5,5,1,0,True,False,,,,,,,,,0.6850610218515666,,False,False,False,False,
role_conditioned_ar_ppo_order_012,learning,medium,medium,0,0,200,1,201,26,1,missile,0-1-2,1,5,,True,True,True,3,0,1.0,5,5,1,0,True,False,,,,,,,,,0.4719792971140972,,False,False,False,False,
role_conditioned_ar_ppo_order_012,learning,medium,medium,0,0,200,1,201,26,2,laser,0-1-2,2,5,,True,True,True,10,0,1.0,4,4,1,0,True,False,,,,,,,,,0.27273111803062317,,False,False,False,False,
role_conditioned_ar_ppo_order_012,learning,medium,medium,0,0,200,1,201,27,0,missile,0-1-2,0,5,,True,True,True,3,0,1.0,5,5,1,0,True,False,,,,,,,,,0.7046566743461999,,False,False,False,False,
role_conditioned_ar_ppo_order_012,learning,medium,medium,0,0,200,1,201,27,1,missile,0-1-2,1,5,,True,True,True,3,0,1.0,5,5,1,0,True,False,,,,,,,,,0.4899135576984173,,False,False,False,False,
role_conditioned_ar_ppo_order_012,learning,medium,medium,0,0,200,1,201,27,2,laser,0-1-2,2,5,,True,True,True,10,0,1.0,4,4,1,0,True,False,,,,,,,,,0.29524840641923894,,False,False,False,False,
role_conditioned_ar_ppo_order_012,learning,medium,medium,0,0,200,1,201,28,0,missile,0-1-2,0,5,,True,True,True,3,0,1.0,5,5,1,0,True,False,,,,,,,,,0.7238167408592271,,False,False,False,False,
role_conditioned_ar_ppo_order_012,learning,medium,medium,0,0,200,1,201,28,1,missile,0-1-2,1,5,,True,True,True,3,0,1.0,5,5,1,0,True,False,,,,,,,,,0.5101636987690407,,False,False,False,False,
role_conditioned_ar_ppo_order_012,learning,medium,medium,0,0,200,1,201,28,2,laser,0-1-2,2,5,,True,True,True,10,0,1.0,4,4,1,0,True,False,,,,,,,,,0.31748549338330684,,False,False,False,False,
role_conditioned_ar_ppo_order_012,learning,medium,medium,0,0,200,1,201,29,0,missile,0-1-2,0,5,,True,True,True,3,0,1.0,5,5,1,0,True,False,,,,,,,,,0.7420291837223373,,False,False,False,False,
role_conditioned_ar_ppo_order_012,learning,medium,medium,0,0,200,1,201,29,1,missile,0-1-2,1,5,,True,True,True,3,0,1.0,5,5,1,0,True,False,,,,,,,,,0.5304016963380777,,False,False,False,False,
role_conditioned_ar_ppo_order_012,learning,medium,medium,0,0,200,1,201,29,2,laser,0-1-2,2,5,,True,True,True,10,0,1.0,4,4,1,0,True,False,,,,,,,,,0.3393736218692698,,False,False,False,False,
role_conditioned_ar_ppo_order_012,learning,medium,medium,0,0,200,1,201,30,0,missile,0-1-2,0,5,,True,True,True,3,0,1.0,5,5,1,0,True,False,,,,,,,,,0.7577097109431286,,False,False,False,False,
role_conditioned_ar_ppo_order_012,learning,medium,medium,0,0,200,1,201,30,1,missile,0-1-2,1,5,,True,True,True,3,0,1.0,5,5,1,0,True,False,,,,,,,,,0.5506244435155028,,False,False,False,False,
role_conditioned_ar_ppo_order_012,learning,medium,medium,0,0,200,1,201,30,2,laser,0-1-2,2,5,,True,True,True,10,0,1.0,4,4,1,0,True,False,,,,,,,,,0.3608213278225352,,False,False,False,False,
role_conditioned_ar_ppo_order_012,learning,medium,medium,0,0,200,1,201,31,0,missile,0-1-2,0,5,,True,True,True,3,0,1.0,5,5,1,0,True,False,,,,,,,,,0.7656622642166752,,False,False,False,False,
role_conditioned_ar_ppo_order_012,learning,medium,medium,0,0,200,1,201,31,1,missile,0-1-2,1,5,,True,True,True,3,0,1.0,5,5,1,0,True,False,,,,,,,,,0.5708278036991673,,False,False,False,False,
role_conditioned_ar_ppo_order_012,learning,medium,medium,0,0,200,1,201,31,2,laser,0-1-2,2,5,,True,True,True,10,0,1.0,5,5,1,0,True,False,,,,,,,,,0.381705196254279,,False,False,False,False,
role_conditioned_ar_ppo_order_012,learning,medium,medium,0,0,200,1,201,32,0,missile,0-1-2,0,5,,True,True,True,3,0,1.0,4,4,1,0,True,False,,,,,,,,,0.759423830992877,,False,False,False,False,
role_conditioned_ar_ppo_order_012,learning,medium,medium,0,0,200,1,201,32,1,missile,0-1-2,1,5,,True,True,True,3,0,1.0,4,4,1,0,True,False,,,,,,,,,0.5910058649211939,,False,False,False,False,
role_conditioned_ar_ppo_order_012,learning,medium,medium,0,0,200,1,201,32,2,laser,0-1-2,2,5,,True,True,True,10,0,1.0,4,4,1,0,True,False,,,,,,,,,0.40185654658537745,,False,False,False,False,
role_conditioned_ar_ppo_order_012,learning,medium,medium,0,0,200,1,201,33,0,missile,0-1-2,0,5,,True,True,True,3,0,1.0,4,4,1,0,True,False,,,,,,,,,0.7443592136507848,,False,False,False,False,
role_conditioned_ar_ppo_order_012,learning,medium,medium,0,0,200,1,201,33,1,missile,0-1-2,1,5,,True,True,True,3,0,1.0,4,4,1,0,True,False,,,,,,,,,0.6111501231797405,,False,False,False,False,
role_conditioned_ar_ppo_order_012,learning,medium,medium,0,0,200,1,201,33,2,laser,0-1-2,2,5,,True,True,True,10,0,1.0,4,4,1,0,True,False,,,,,,,,,0.42104256314974686,,False,False,False,False,
role_conditioned_ar_ppo_order_012,learning,medium,medium,0,0,200,1,201,34,0,missile,0-1-2,0,5,,True,True,True,3,0,1.0,4,4,1,0,True,False,,,,,,,,,0.726354244465178,,False,False,False,False,
role_conditioned_ar_ppo_order_012,learning,medium,medium,0,0,200,1,201,34,1,missile,0-1-2,1,5,,True,True,True,3,0,1.0,4,4,1,0,True,False,,,,,,,,,0.631247813595216,,False,False,False,False,
role_conditioned_ar_ppo_order_012,learning,medium,medium,0,0,200,1,201,34,2,laser,0-1-2,2,5,,True,True,True,10,0,1.0,4,4,1,0,True,False,,,,,,,,,0.43894071536544615,,False,False,False,False,
role_conditioned_ar_ppo_order_012,learning,medium,medium,0,0,200,1,201,35,0,missile,0-1-2,0,5,,True,True,True,3,0,1.0,3,3,0,0,True,False,,,,,,,,,0.3522834256814326,,False,False,False,False,
role_conditioned_ar_ppo_order_012,learning,medium,medium,0,0,200,1,201,35,1,missile,0-1-2,1,5,,True,True,True,3,0,1.0,3,3,0,0,True,False,,,,,,,,,0.2682888197096588,,False,False,False,False,
role_conditioned_ar_ppo_order_012,learning,medium,medium,0,0,200,1,201,35,2,laser,0-1-2,2,5,,True,True,True,10,0,1.0,3,3,0,0,True,False,,,,,,,,,0.17975356306097984,,False,False,False,False,
role_conditioned_ar_ppo_order_012,learning,medium,medium,0,0,200,1,201,36,0,missile,0-1-2,0,5,,True,True,True,3,0,1.0,3,3,0,0,True,False,,,,,,,,,0.3575033319917687,,False,False,False,False,
role_conditioned_ar_ppo_order_012,learning,medium,medium,0,0,200,1,201,36,1,missile,0-1-2,1,5,,True,True,True,3,0,1.0,3,3,0,0,True,False,,,,,,,,,0.2676784534540481,,False,False,False,False,
role_conditioned_ar_ppo_order_012,learning,medium,medium,0,0,200,1,201,36,2,laser,0-1-2,2,5,,True,True,True,10,0,1.0,3,3,0,0,True,False,,,,,,,,,0.18606516803426046,,False,False,False,False,
role_conditioned_ar_ppo_order_012,learning,medium,medium,0,0,200,1,201,37,0,missile,0-1-2,0,5,,True,True,True,3,0,1.0,2,2,0,0,True,False,,,,,,,,,0.36264663000434544,,False,False,False,False,
role_conditioned_ar_ppo_order_012,learning,medium,medium,0,0,200,1,201,37,1,missile,0-1-2,1,5,,True,True,True,3,0,1.0,2,2,0,0,True,False,,,,,,,,,0.25873287392858063,,False,False,False,False,
role_conditioned_ar_ppo_order_012,learning,medium,medium,0,0,200,1,201,37,2,laser,0-1-2,2,5,,True,True,True,10,0,1.0,2,2,0,0,True,False,,,,,,,,,0.1923254684770745,,False,False,False,False,
role_conditioned_ar_ppo_order_012,learning,medium,medium,0,0,200,1,201,38,0,missile,0-1-2,0,5,,True,True,True,3,0,1.0,2,2,0,0,True,False,,,,,,,,,0.36769733323591997,,False,False,False,False,
role_conditioned_ar_ppo_order_012,learning,medium,medium,0,0,200,1,201,38,1,missile,0-1-2,1,5,,True,True,True,3,0,1.0,2,2,0,0,True,False,,,,,,,,,0.26447544461079975,,False,False,False,False,
role_conditioned_ar_ppo_order_012,learning,medium,medium,0,0,200,1,201,38,2,laser,0-1-2,2,5,,True,True,True,10,0,1.0,2,2,0,0,True,False,,,,,,,,,0.19852769635634382,,False,False,False,False,
role_conditioned_ar_ppo_order_012,learning,medium,medium,0,0,200,1,201,39,0,missile,0-1-2,0,5,,True,True,True,3,0,1.0,2,2,0,0,True,False,,,,,,,,,0.3726350709337512,,False,False,False,False,
role_conditioned_ar_ppo_order_012,learning,medium,medium,0,0,200,1,201,39,1,missile,0-1-2,1,5,,True,True,True,3,0,1.0,2,2,0,0,True,False,,,,,,,,,0.27021619222954396,,False,False,False,False,
role_conditioned_ar_ppo_order_012,learning,medium,medium,0,0,200,1,201,39,2,laser,0-1-2,2,5,,True,True,True,10,0,1.0,2,2,0,0,True,False,,,,,,,,,0.20466397140977802,,False,False,False,False,
role_conditioned_ar_ppo_order_012,learning,medium,medium,0,0,200,1,201,40,0,missile,0-1-2,0,5,,True,True,True,3,0,1.0,2,2,0,0,True,False,,,,,,,,,0.3774337306859477,,False,False,False,False,
role_conditioned_ar_ppo_order_012,learning,medium,medium,0,0,200,1,201,40,1,missile,0-1-2,1,5,,True,True,True,3,0,1.0,2,2,0,0,True,False,,,,,,,,,0.2759549384416473,,False,False,False,False,
role_conditioned_ar_ppo_order_012,learning,medium,medium,0,0,200,1,201,40,2,laser,0-1-2,2,5,,True,True,True,10,0,1.0,2,2,0,0,True,False,,,,,,,,,0.21072495801133062,,False,False,False,False,
role_conditioned_ar_ppo_order_012,learning,medium,medium,0,0,200,1,201,41,0,missile,0-1-2,0,5,,True,True,True,3,0,1.0,2,2,0,0,True,False,,,,,,,,,0.38205965517390006,,False,False,False,False,
role_conditioned_ar_ppo_order_012,learning,medium,medium,0,0,200,1,201,41,1,missile,0-1-2,1,5,,True,True,True,3,0,1.0,2,2,0,0,True,False,,,,,,,,,0.28169146527212907,,False,False,False,False,
role_conditioned_ar_ppo_order_012,learning,medium,medium,0,0,200,1,201,41,2,laser,0-1-2,2,5,,True,True,True,10,0,1.0,2,2,0,0,True,False,,,,,,,,,0.21669965219113663,,False,False,False,False,
role_conditioned_ar_ppo_order_012,learning,medium,medium,0,0,200,1,201,42,0,missile,0-1-2,0,5,,True,True,True,3,0,1.0,2,2,0,0,True,False,,,,,,,,,0.38646928903328465,,False,False,False,False,
role_conditioned_ar_ppo_order_012,learning,medium,medium,0,0,200,1,201,42,1,missile,0-1-2,1,5,,True,True,True,3,0,1.0,2,2,0,0,True,False,,,,,,,,,0.28742553493010115,,False,False,False,False,
role_conditioned_ar_ppo_order_012,learning,medium,medium,0,0,200,1,201,42,2,laser,0-1-2,2,5,,True,True,True,10,0,1.0,2,2,0,0,True,False,,,,,,,,,0.2225750385009689,,False,False,False,False,
role_conditioned_ar_ppo_order_012,learning,medium,medium,0,0,200,1,201,43,0,missile,0-1-2,0,5,,True,True,True,3,0,1.0,2,2,0,0,True,False,,,,,,,,,0.3906064343508978,,False,False,False,False,
role_conditioned_ar_ppo_order_012,learning,medium,medium,0,0,200,1,201,43,1,missile,0-1-2,1,5,,True,True,True,3,0,1.0,2,2,0,0,True,False,,,,,,,,,0.2931568501769537,,False,False,False,False,
role_conditioned_ar_ppo_order_012,learning,medium,medium,0,0,200,1,201,43,2,laser,0-1-2,2,5,,True,True,True,10,0,1.0,2,2,0,0,True,False,,,,,,,,,0.22833560489298574,,False,False,False,False,
role_conditioned_ar_ppo_order_012,learning,medium,medium,0,0,200,1,201,44,0,missile,0-1-2,0,5,,True,True,True,3,0,1.0,2,2,0,0,True,False,,,,,,,,,0.39439929314048594,,False,False,False,False,
role_conditioned_ar_ppo_order_012,learning,medium,medium,0,0,200,1,201,44,1,missile,0-1-2,1,5,,True,True,True,3,0,1.0,2,2,0,0,True,False,,,,,,,,,0.2988850939581692,,False,False,False,False,
role_conditioned_ar_ppo_order_012,learning,medium,medium,0,0,200,1,201,44,2,laser,0-1-2,2,5,,True,True,True,10,0,1.0,2,2,0,0,True,False,,,,,,,,,0.2339628102695761,,False,False,False,False,
role_conditioned_ar_ppo_order_012,learning,medium,medium,0,0,200,1,201,45,0,missile,0-1-2,0,5,,True,True,True,3,0,1.0,2,2,0,0,True,False,,,,,,,,,0.3977583074088459,,False,False,False,False,
role_conditioned_ar_ppo_order_012,learning,medium,medium,0,0,200,1,201,45,1,missile,0-1-2,1,5,,True,True,True,3,0,1.0,2,2,0,0,True,False,,,,,,,,,0.30460986995560096,,False,False,False,False,
role_conditioned_ar_ppo_order_012,learning,medium,medium,0,0,200,1,201,45,2,laser,0-1-2,2,5,,True,True,True,10,0,1.0,2,2,0,0,True,False,,,,,,,,,0.23943457569765642,,False,False,False,False,
role_conditioned_ar_ppo_order_012,learning,medium,medium,0,0,200,1,201,46,0,missile,0-1-2,0,5,,True,True,True,3,0,1.0,2,2,0,0,True,False,,,,,,,,,0.4005766198756706,,False,False,False,False,
role_conditioned_ar_ppo_order_012,learning,medium,medium,0,0,200,1,201,46,1,missile,0-1-2,1,5,,True,True,True,3,0,1.0,2,2,0,0,True,False,,,,,,,,,0.3103307224033803,,False,False,False,False,
role_conditioned_ar_ppo_order_012,learning,medium,medium,0,0,200,1,201,46,2,laser,0-1-2,2,5,,True,True,True,10,0,1.0,2,2,0,0,True,False,,,,,,,,,0.24472441474008427,,False,False,False,False,
role_conditioned_ar_ppo_order_012,learning,medium,medium,0,0,200,1,201,47,0,missile,0-1-2,0,5,,True,True,True,3,0,1.0,2,2,0,0,True,False,,,,,,,,,0.40273624167470734,,False,False,False,False,
role_conditioned_ar_ppo_order_012,learning,medium,medium,0,0,200,1,201,47,1,missile,0-1-2,1,5,,True,True,True,3,0,1.0,2,2,0,0,True,False,,,,,,,,,0.31604712617996283,,False,False,False,False,
role_conditioned_ar_ppo_order_012,learning,medium,medium,0,0,200,1,201,47,2,laser,0-1-2,2,5,,True,True,True,10,0,1.0,2,2,0,0,True,False,,,,,,,,,0.2498007471865701,,False,False,False,False,
role_conditioned_ar_ppo_order_012,learning,medium,medium,0,0,200,1,201,48,0,missile,0-1-2,0,5,,True,True,True,3,0,1.0,1,1,0,0,True,False,,,,,,,,,0.40412295143908533,,False,False,False,False,
role_conditioned_ar_ppo_order_012,learning,medium,medium,0,0,200,1,201,48,1,missile,0-1-2,1,5,,True,True,True,3,0,1.0,1,1,0,0,True,False,,,,,,,,,0.3217584273604064,,False,False,False,False,
role_conditioned_ar_ppo_order_012,learning,medium,medium,0,0,200,1,201,48,2,laser,0-1-2,2,5,,True,True,True,10,0,1.0,1,1,0,0,True,False,,,,,,,,,0.25462599388841417,,False,False,False,False,
role_conditioned_ar_ppo_order_012,learning,medium,medium,0,0,200,1,201,49,0,missile,0-1-2,0,5,,True,True,True,3,0,1.0,1,1,0,0,True,False,,,,,,,,,0.4046494947748293,,False,False,False,False,
role_conditioned_ar_ppo_order_012,learning,medium,medium,0,0,200,1,201,49,1,missile,0-1-2,1,5,,True,True,True,3,0,1.0,1,1,0,0,True,False,,,,,,,,,0.32746386303227865,,False,False,False,False,
role_conditioned_ar_ppo_order_012,learning,medium,medium,0,0,200,1,201,49,2,laser,0-1-2,2,5,,True,True,True,10,0,1.0,1,1,0,0,True,False,,,,,,,,,0.2591558372444029,,False,False,False,False,
role_conditioned_ar_ppo_order_012,learning,medium,heterogeneity_pressure,0,0,202,0,202,0,0,missile,0-1-2,0,5,,True,True,True,3,0,1.0,5,5,1,0,True,False,,,,,,,,,0.29847479625798334,,False,False,False,False,
role_conditioned_ar_ppo_order_012,learning,medium,heterogeneity_pressure,0,0,202,0,202,0,1,missile,0-1-2,1,5,,True,True,True,3,0,1.0,3,3,0,0,True,False,,,,,,,,,0.08232812886067657,,False,False,False,False,
role_conditioned_ar_ppo_order_012,learning,medium,heterogeneity_pressure,0,0,202,0,202,0,2,laser,0-1-2,2,5,,True,True,True,10,0,1.0,0,0,0,0,False,False,,,,,,,,,0.0,,False,False,False,False,
role_conditioned_ar_ppo_order_012,learning,medium,heterogeneity_pressure,0,0,202,0,202,1,0,missile,0-1-2,0,5,,True,True,True,3,0,1.0,5,5,1,0,True,False,,,,,,,,,0.3199528344712037,,False,False,False,False,
role_conditioned_ar_ppo_order_012,learning,medium,heterogeneity_pressure,0,0,202,0,202,1,1,missile,0-1-2,1,5,,True,True,True,3,0,1.0,4,4,1,0,True,False,,,,,,,,,0.10817586722788357,,False,False,False,False,
role_conditioned_ar_ppo_order_012,learning,medium,heterogeneity_pressure,0,0,202,0,202,1,2,laser,0-1-2,2,5,,True,True,True,10,0,1.0,0,0,0,0,False,False,,,,,,,,,0.0,,False,False,False,False,
role_conditioned_ar_ppo_order_012,learning,medium,heterogeneity_pressure,0,0,202,0,202,2,0,missile,0-1-2,0,5,,True,True,True,3,0,1.0,5,5,1,0,True,False,,,,,,,,,0.34140178940265,,False,False,False,False,
role_conditioned_ar_ppo_order_012,learning,medium,heterogeneity_pressure,0,0,202,0,202,2,1,missile,0-1-2,1,5,,True,True,True,3,0,1.0,4,4,1,0,True,False,,,,,,,,,0.13398797694358336,,False,False,False,False,
role_conditioned_ar_ppo_order_012,learning,medium,heterogeneity_pressure,0,0,202,0,202,2,2,laser,0-1-2,2,5,,True,True,True,10,0,1.0,0,0,0,0,False,False,,,,,,,,,0.0,,False,False,False,False,
role_conditioned_ar_ppo_order_012,learning,medium,heterogeneity_pressure,0,0,202,0,202,3,0,missile,0-1-2,0,5,,True,True,True,3,0,1.0,5,5,1,0,True,False,,,,,,,,,0.36281774865846417,,False,False,False,False,
role_conditioned_ar_ppo_order_012,learning,medium,heterogeneity_pressure,0,0,202,0,202,3,1,missile,0-1-2,1,5,,True,True,True,3,0,1.0,4,4,1,0,True,False,,,,,,,,,0.15975894404980467,,False,False,False,False,
role_conditioned_ar_ppo_order_012,learning,medium,heterogeneity_pressure,0,0,202,0,202,3,2,laser,0-1-2,2,5,,True,True,True,10,0,1.0,0,0,0,0,False,False,,,,,,,,,0.0,,False,False,False,False,
role_conditioned_ar_ppo_order_012,learning,medium,heterogeneity_pressure,0,0,202,0,202,4,0,missile,0-1-2,0,5,,True,True,True,3,0,1.0,5,5,1,0,True,False,,,,,,,,,0.3841959688938809,,False,False,False,False,
role_conditioned_ar_ppo_order_012,learning,medium,heterogeneity_pressure,0,0,202,0,202,4,1,missile,0-1-2,1,5,,True,True,True,3,0,1.0,4,4,1,0,True,False,,,,,,,,,0.1854823002496965,,False,False,False,False,
role_conditioned_ar_ppo_order_012,learning,medium,heterogeneity_pressure,0,0,202,0,202,4,2,laser,0-1-2,2,5,,True,True,True,10,0,1.0,1,1,0,0,True,False,,,,,,,,,0.005119799512264171,,False,False,False,False,
role_conditioned_ar_ppo_order_012,learning,medium,heterogeneity_pressure,0,0,202,0,202,5,0,missile,0-1-2,0,5,,True,True,True,3,0,1.0,5,5,1,0,True,False,,,,,,,,,0.4055308758132268,,False,False,False,False,
role_conditioned_ar_ppo_order_012,learning,medium,heterogeneity_pressure,0,0,202,0,202,5,1,missile,0-1-2,1,5,,True,True,True,3,0,1.0,4,4,1,0,True,False,,,,,,,,,0.21114988064395512,,False,False,False,False,
role_conditioned_ar_ppo_order_012,learning,medium,heterogeneity_pressure,0,0,202,0,202,5,2,laser,0-1-2,2,5,,True,True,True,10,0,1.0,1,1,0,0,True,False,,,,,,,,,0.015176050340629452,,False,False,False,False,
role_conditioned_ar_ppo_order_012,learning,medium,heterogeneity_pressure,0,0,202,0,202,6,0,missile,0-1-2,0,5,,True,True,True,3,0,1.0,5,5,1,0,True,False,,,,,,,,,0.4268155794485577,,False,False,False,False,
role_conditioned_ar_ppo_order_012,learning,medium,heterogeneity_pressure,0,0,202,0,202,6,1,missile,0-1-2,1,5,,True,True,True,3,0,1.0,4,4,1,0,True,False,,,,,,,,,0.23675171769317085,,False,False,False,False,
role_conditioned_ar_ppo_order_012,learning,medium,heterogeneity_pressure,0,0,202,0,202,6,2,laser,0-1-2,2,5,,True,True,True,10,0,1.0,1,1,0,0,True,False,,,,,,,,,0.025225345771512604,,False,False,False,False,
role_conditioned_ar_ppo_order_012,learning,medium,heterogeneity_pressure,0,0,202,0,202,7,0,missile,0-1-2,0,5,,True,True,True,3,0,1.0,5,5,1,0,True,False,,,,,,,,,0.44804183953670407,,False,False,False,False,
role_conditioned_ar_ppo_order_012,learning,medium,heterogeneity_pressure,0,0,202,0,202,7,1,missile,0-1-2,1,5,,True,True,True,3,0,1.0,4,4,1,0,True,False,,,,,,,,,0.2622753696460236,,False,False,False,False,
role_conditioned_ar_ppo_order_012,learning,medium,heterogeneity_pressure,0,0,202,0,202,7,2,laser,0-1-2,2,5,,True,True,True,10,0,1.0,1,1,0,0,True,False,,,,,,,,,0.035266647393458514,,False,False,False,False,
role_conditioned_ar_ppo_order_012,learning,medium,heterogeneity_pressure,0,0,202,0,202,8,0,missile,0-1-2,0,5,,True,True,True,3,0,1.0,5,5,1,0,True,False,,,,,,,,,0.4691995461749541,,False,False,False,False,
role_conditioned_ar_ppo_order_012,learning,medium,heterogeneity_pressure,0,0,202,0,202,8,1,missile,0-1-2,1,5,,True,True,True,3,0,1.0,4,4,1,0,True,False,,,,,,,,,0.28770507223805697,,False,False,False,False,
role_conditioned_ar_ppo_order_012,learning,medium,heterogeneity_pressure,0,0,202,0,202,8,2,laser,0-1-2,2,5,,True,True,True,10,0,1.0,1,1,0,0,True,False,,,,,,,,,0.045298662090315606,,False,False,False,False,
role_conditioned_ar_ppo_order_012,learning,medium,heterogeneity_pressure,0,0,202,0,202,9,0,missile,0-1-2,0,5,,True,True,True,3,0,1.0,5,5,1,0,True,False,,,,,,,,,0.49027595811605423,,False,False,False,False,
role_conditioned_ar_ppo_order_012,learning,medium,heterogeneity_pressure,0,0,202,0,202,9,1,missile,0-1-2,1,5,,True,True,True,3,0,1.0,4,4,1,0,True,False,,,,,,,,,0.31302053693160703,,False,False,False,False,
role_conditioned_ar_ppo_order_012,learning,medium,heterogeneity_pressure,0,0,202,0,202,9,2,laser,0-1-2,2,5,,True,True,True,10,0,1.0,1,1,0,0,True,False,,,,,,,,,0.05531976367055986,,False,False,False,False,
role_conditioned_ar_ppo_order_012,learning,medium,heterogeneity_pressure,0,0,202,0,202,10,0,missile,0-1-2,0,5,,True,True,True,3,0,1.0,5,5,1,0,True,False,,,,,,,,,0.5112553219157101,,False,False,False,False,
role_conditioned_ar_ppo_order_012,learning,medium,heterogeneity_pressure,0,0,202,0,202,10,1,missile,0-1-2,1,5,,True,True,True,3,0,1.0,4,4,1,0,True,False,,,,,,,,,0.33819539569688795,,False,False,False,False,
role_conditioned_ar_ppo_order_012,learning,medium,heterogeneity_pressure,0,0,202,0,202,10,2,laser,0-1-2,2,5,,True,True,True,10,0,1.0,1,1,0,0,True,False,,,,,,,,,0.06532801245996385,,False,False,False,False,
role_conditioned_ar_ppo_order_012,learning,medium,heterogeneity_pressure,0,0,202,0,202,11,0,missile,0-1-2,0,5,,True,True,True,3,0,1.0,5,5,1,0,True,False,,,,,,,,,0.5321173831455434,,False,False,False,False,
role_conditioned_ar_ppo_order_012,learning,medium,heterogeneity_pressure,0,0,202,0,202,11,1,missile,0-1-2,1,5,,True,True,True,3,0,1.0,4,4,1,0,True,False,,,,,,,,,0.363194726800081,,False,False,False,False,
role_conditioned_ar_ppo_order_012,learning,medium,heterogeneity_pressure,0,0,202,0,202,11,2,laser,0-1-2,2,5,,True,True,True,10,0,1.0,2,2,0,0,True,False,,,,,,,,,0.0753208810042313,,False,False,False,False,
role_conditioned_ar_ppo_order_012,learning,medium,heterogeneity_pressure,0,0,202,0,202,12,0,missile,0-1-2,0,5,,True,True,True,3,0,1.0,5,5,1,0,True,False,,,,,,,,,0.552836174589684,,False,False,False,False,
role_conditioned_ar_ppo_order_012,learning,medium,heterogeneity_pressure,0,0,202,0,202,12,1,missile,0-1-2,1,5,,True,True,True,3,0,1.0,4,4,1,0,True,False,,,,,,,,,0.38797137883135435,,False,False,False,False,
role_conditioned_ar_ppo_order_012,learning,medium,heterogeneity_pressure,0,0,202,0,202,12,2,laser,0-1-2,2,5,,True,True,True,10,0,1.0,3,3,0,0,True,False,,,,,,,,,0.08529526386533141,,False,False,False,False,
role_conditioned_ar_ppo_order_012,learning,medium,heterogeneity_pressure,0,0,202,0,202,13,0,missile,0-1-2,0,5,,True,True,True,3,0,1.0,5,5,1,0,True,False,,,,,,,,,0.5733776099494338,,False,False,False,False,
role_conditioned_ar_ppo_order_012,learning,medium,heterogeneity_pressure,0,0,202,0,202,13,1,missile,0-1-2,1,5,,True,True,True,3,0,1.0,4,4,1,0,True,False,,,,,,,,,0.41246031536335387,,False,False,False,False,
role_conditioned_ar_ppo_order_012,learning,medium,heterogeneity_pressure,0,0,202,0,202,13,2,laser,0-1-2,2,5,,True,True,True,10,0,1.0,3,3,0,0,True,False,,,,,,,,,0.09524704658278178,,False,False,False,False,
role_conditioned_ar_ppo_order_012,learning,medium,heterogeneity_pressure,0,0,202,0,202,14,0,missile,0-1-2,0,5,,True,True,True,3,0,1.0,5,5,1,0,True,False,,,,,,,,,0.5936964370232697,,False,False,False,False,
role_conditioned_ar_ppo_order_012,learning,medium,heterogeneity_pressure,0,0,202,0,202,14,1,missile,0-1-2,1,5,,True,True,True,3,0,1.0,5,5,1,0,True,False,,,,,,,,,0.4365698845177479,,False,False,False,False,
role_conditioned_ar_ppo_order_012,learning,medium,heterogeneity_pressure,0,0,202,0,202,14,2,laser,0-1-2,2,5,,True,True,True,10,0,1.0,4,4,1,0,True,False,,,,,,,,,0.1051709097469588,,False,False,False,False,
role_conditioned_ar_ppo_order_012,learning,medium,heterogeneity_pressure,0,0,202,0,202,15,0,missile,0-1-2,0,5,,True,True,True,3,0,1.0,5,5,1,0,True,False,,,,,,,,,0.6137313039358304,,False,False,False,False,
role_conditioned_ar_ppo_order_012,learning,medium,heterogeneity_pressure,0,0,202,0,202,15,1,missile,0-1-2,1,5,,True,True,True,3,0,1.0,5,5,1,0,True,False,,,,,,,,,0.46016743319026465,,False,False,False,False,
role_conditioned_ar_ppo_order_012,learning,medium,heterogeneity_pressure,0,0,202,0,202,15,2,laser,0-1-2,2,5,,True,True,True,10,0,1.0,4,4,1,0,True,False,,,,,,,,,0.11505966284835269,,False,False,False,False,
role_conditioned_ar_ppo_order_012,learning,medium,heterogeneity_pressure,0,0,202,0,202,16,0,missile,0-1-2,0,5,,True,True,True,3,0,1.0,5,5,1,0,True,False,,,,,,,,,0.6333975229404256,,False,False,False,False,
role_conditioned_ar_ppo_order_012,learning,medium,heterogeneity_pressure,0,0,202,0,202,16,1,missile,0-1-2,1,5,,True,True,True,3,0,1.0,5,5,1,0,True,False,,,,,,,,,0.48305596109402377,,False,False,False,False,
role_conditioned_ar_ppo_order_012,learning,medium,heterogeneity_pressure,0,0,202,0,202,16,2,laser,0-1-2,2,5,,True,True,True,10,0,1.0,4,4,1,0,True,False,,,,,,,,,0.12490349975614712,,False,False,False,False,
role_conditioned_ar_ppo_order_012,learning,medium,heterogeneity_pressure,0,0,202,0,202,17,0,missile,0-1-2,0,5,,True,True,True,3,0,1.0,5,5,1,0,True,False,,,,,,,,,0.6525758525817809,,False,False,False,False,
role_conditioned_ar_ppo_order_012,learning,medium,heterogeneity_pressure,0,0,202,0,202,17,1,missile,0-1-2,1,5,,True,True,True,3,0,1.0,5,5,1,0,True,False,,,,,,,,,0.5049349928654716,,False,False,False,False,
role_conditioned_ar_ppo_order_012,learning,medium,heterogeneity_pressure,0,0,202,0,202,17,2,laser,0-1-2,2,5,,True,True,True,10,0,1.0,4,4,1,0,True,False,,,,,,,,,0.1386882418409488,,False,False,False,False,
role_conditioned_ar_ppo_order_012,learning,medium,heterogeneity_pressure,0,0,202,0,202,18,0,missile,0-1-2,0,5,,True,True,True,3,0,1.0,5,5,1,0,True,False,,,,,,,,,0.6710949265466324,,False,False,False,False,
role_conditioned_ar_ppo_order_012,learning,medium,heterogeneity_pressure,0,0,202,0,202,18,1,missile,0-1-2,1,5,,True,True,True,3,0,1.0,5,5,1,0,True,False,,,,,,,,,0.5253364959759059,,False,False,False,False,
role_conditioned_ar_ppo_order_012,learning,medium,heterogeneity_pressure,0,0,202,0,202,18,2,laser,0-1-2,2,5,,True,True,True,10,0,1.0,4,4,1,0,True,False,,,,,,,,,0.164311579157251,,False,False,False,False,
role_conditioned_ar_ppo_order_012,learning,medium,heterogeneity_pressure,0,0,202,0,202,19,0,missile,0-1-2,0,5,,True,True,True,3,0,1.0,5,5,1,0,True,False,,,,,,,,,0.6887042477592227,,False,False,False,False,
role_conditioned_ar_ppo_order_012,learning,medium,heterogeneity_pressure,0,0,202,0,202,19,1,missile,0-1-2,1,5,,True,True,True,3,0,1.0,5,5,1,0,True,False,,,,,,,,,0.5435266456821691,,False,False,False,False,
role_conditioned_ar_ppo_order_012,learning,medium,heterogeneity_pressure,0,0,202,0,202,19,2,laser,0-1-2,2,5,,True,True,True,10,0,1.0,4,4,1,0,True,False,,,,,,,,,0.189656409030326,,False,False,False,False,
role_conditioned_ar_ppo_order_012,learning,medium,heterogeneity_pressure,0,0,202,0,202,20,0,missile,0-1-2,0,5,,True,True,True,3,0,1.0,5,5,1,0,True,False,,,,,,,,,0.7050334631310772,,False,False,False,False,
role_conditioned_ar_ppo_order_012,learning,medium,heterogeneity_pressure,0,0,202,0,202,20,1,missile,0-1-2,1,5,,True,True,True,3,0,1.0,5,5,1,0,True,False,,,,,,,,,0.5583899965633662,,False,False,False,False,
role_conditioned_ar_ppo_order_012,learning,medium,heterogeneity_pressure,0,0,202,0,202,20,2,laser,0-1-2,2,5,,True,True,True,10,0,1.0,4,4,1,0,True,False,,,,,,,,,0.21462330983140063,,False,False,False,False,
role_conditioned_ar_ppo_order_012,learning,medium,heterogeneity_pressure,0,0,202,0,202,21,0,missile,0-1-2,0,5,,True,True,True,3,0,1.0,5,5,1,0,True,False,,,,,,,,,0.7195382565388709,,False,False,False,False,
role_conditioned_ar_ppo_order_012,learning,medium,heterogeneity_pressure,0,0,202,0,202,21,1,missile,0-1-2,1,5,,True,True,True,3,0,1.0,5,5,1,0,True,False,,,,,,,,,0.5684122514022033,,False,False,False,False,
role_conditioned_ar_ppo_order_012,learning,medium,heterogeneity_pressure,0,0,202,0,202,21,2,laser,0-1-2,2,5,,True,True,True,10,0,1.0,5,5,1,0,True,False,,,,,,,,,0.2390621431190658,,False,False,False,False,
role_conditioned_ar_ppo_order_012,learning,medium,heterogeneity_pressure,0,0,202,0,202,22,0,missile,0-1-2,0,5,,True,True,True,3,0,1.0,5,5,1,0,True,False,,,,,,,,,0.7314491760976872,,False,False,False,False,
role_conditioned_ar_ppo_order_012,learning,medium,heterogeneity_pressure,0,0,202,0,202,22,1,missile,0-1-2,1,5,,True,True,True,3,0,1.0,5,5,1,0,True,False,,,,,,,,,0.5720500409914419,,False,False,False,False,
role_conditioned_ar_ppo_order_012,learning,medium,heterogeneity_pressure,0,0,202,0,202,22,2,laser,0-1-2,2,5,,True,True,True,10,0,1.0,5,5,1,0,True,False,,,,,,,,,0.2627379403292764,,False,False,False,False,
role_conditioned_ar_ppo_order_012,learning,medium,heterogeneity_pressure,0,0,202,0,202,23,0,missile,0-1-2,0,5,,True,True,True,3,0,1.0,4,4,1,0,True,False,,,,,,,,,0.7397878203922434,,False,False,False,False,
role_conditioned_ar_ppo_order_012,learning,medium,heterogeneity_pressure,0,0,202,0,202,23,1,missile,0-1-2,1,5,,True,True,True,3,0,1.0,4,4,1,0,True,False,,,,,,,,,0.5103906671577698,,False,False,False,False,
role_conditioned_ar_ppo_order_012,learning,medium,heterogeneity_pressure,0,0,202,0,202,23,2,laser,0-1-2,2,5,,True,True,True,10,0,1.0,4,4,1,0,True,False,,,,,,,,,0.23091718438377187,,False,False,False,False,
role_conditioned_ar_ppo_order_012,learning,medium,heterogeneity_pressure,0,0,202,0,202,24,0,missile,0-1-2,0,5,,True,True,True,3,0,1.0,4,4,1,0,True,False,,,,,,,,,0.7435716159412407,,False,False,False,False,
role_conditioned_ar_ppo_order_012,learning,medium,heterogeneity_pressure,0,0,202,0,202,24,1,missile,0-1-2,1,5,,True,True,True,3,0,1.0,4,4,1,0,True,False,,,,,,,,,0.5295333604479426,,False,False,False,False,
role_conditioned_ar_ppo_order_012,learning,medium,heterogeneity_pressure,0,0,202,0,202,24,2,laser,0-1-2,2,5,,True,True,True,10,0,1.0,4,4,1,0,True,False,,,,,,,,,0.254166214303088,,False,False,False,False,
role_conditioned_ar_ppo_order_012,learning,medium,heterogeneity_pressure,0,0,202,0,202,25,0,missile,0-1-2,0,5,,True,True,True,3,0,1.0,3,3,0,0,True,False,,,,,,,,,0.46066402910586846,,False,False,False,False,
role_conditioned_ar_ppo_order_012,learning,medium,heterogeneity_pressure,0,0,202,0,202,25,1,missile,0-1-2,1,5,,True,True,True,3,0,1.0,3,3,0,0,True,False,,,,,,,,,0.31557919547482755,,False,False,False,False,
role_conditioned_ar_ppo_order_012,learning,medium,heterogeneity_pressure,0,0,202,0,202,25,2,laser,0-1-2,2,5,,True,True,True,10,0,1.0,3,3,0,0,True,False,,,,,,,,,0.20249506823176885,,False,False,False,False,
role_conditioned_ar_ppo_order_012,learning,medium,heterogeneity_pressure,0,0,202,0,202,26,0,missile,0-1-2,0,5,,True,True,True,3,0,1.0,3,3,0,0,True,False,,,,,,,,,0.47607527959893814,,False,False,False,False,
role_conditioned_ar_ppo_order_012,learning,medium,heterogeneity_pressure,0,0,202,0,202,26,1,missile,0-1-2,1,5,,True,True,True,3,0,1.0,3,3,0,0,True,False,,,,,,,,,0.32224320124191713,,False,False,False,False,
role_conditioned_ar_ppo_order_012,learning,medium,heterogeneity_pressure,0,0,202,0,202,26,2,laser,0-1-2,2,5,,True,True,True,10,0,1.0,3,3,0,0,True,False,,,,,,,,,0.20499742676823793,,False,False,False,False,
role_conditioned_ar_ppo_order_012,learning,medium,heterogeneity_pressure,0,0,202,0,202,27,0,missile,0-1-2,0,5,,True,True,True,3,0,1.0,3,3,0,0,True,False,,,,,,,,,0.49140545664586843,,False,False,False,False,
role_conditioned_ar_ppo_order_012,learning,medium,heterogeneity_pressure,0,0,202,0,202,27,1,missile,0-1-2,1,5,,True,True,True,3,0,1.0,3,3,0,0,True,False,,,,,,,,,0.327749487427718,,False,False,False,False,
role_conditioned_ar_ppo_order_012,learning,medium,heterogeneity_pressure,0,0,202,0,202,27,2,laser,0-1-2,2,5,,True,True,True,10,0,1.0,3,3,0,0,True,False,,,,,,,,,0.2037253017123393,,False,False,False,False,
role_conditioned_ar_ppo_order_012,learning,medium,heterogeneity_pressure,0,0,202,0,202,28,0,missile,0-1-2,0,5,,True,True,True,3,0,1.0,3,3,0,0,True,False,,,,,,,,,0.506618037435449,,False,False,False,False,
role_conditioned_ar_ppo_order_012,learning,medium,heterogeneity_pressure,0,0,202,0,202,28,1,missile,0-1-2,1,5,,True,True,True,3,0,1.0,3,3,0,0,True,False,,,,,,,,,0.33186610610775447,,False,False,False,False,
role_conditioned_ar_ppo_order_012,learning,medium,heterogeneity_pressure,0,0,202,0,202,28,2,laser,0-1-2,2,5,,True,True,True,10,0,1.0,3,3,0,0,True,False,,,,,,,,,0.19912573409365233,,False,False,False,False,
role_conditioned_ar_ppo_order_012,learning,medium,heterogeneity_pressure,0,0,202,0,202,29,0,missile,0-1-2,0,5,,True,True,True,3,0,1.0,3,3,0,0,True,False,,,,,,,,,0.5216514626968061,,False,False,False,False,
role_conditioned_ar_ppo_order_012,learning,medium,heterogeneity_pressure,0,0,202,0,202,29,1,missile,0-1-2,1,5,,True,True,True,3,0,1.0,3,3,0,0,True,False,,,,,,,,,0.33437835106695313,,False,False,False,False,
role_conditioned_ar_ppo_order_012,learning,medium,heterogeneity_pressure,0,0,202,0,202,29,2,laser,0-1-2,2,5,,True,True,True,10,0,1.0,3,3,0,0,True,False,,,,,,,,,0.1923657759335066,,False,False,False,False,
role_conditioned_ar_ppo_order_012,learning,medium,heterogeneity_pressure,0,0,202,0,202,30,0,missile,0-1-2,0,5,,True,True,True,3,0,1.0,3,3,0,0,True,False,,,,,,,,,0.5363941002397393,,False,False,False,False,
role_conditioned_ar_ppo_order_012,learning,medium,heterogeneity_pressure,0,0,202,0,202,30,1,missile,0-1-2,1,5,,True,True,True,3,0,1.0,3,3,0,0,True,False,,,,,,,,,0.33513357746129974,,False,False,False,False,
role_conditioned_ar_ppo_order_012,learning,medium,heterogeneity_pressure,0,0,202,0,202,30,2,laser,0-1-2,2,5,,True,True,True,10,0,1.0,3,3,0,0,True,False,,,,,,,,,0.1843733531776121,,False,False,False,False,
role_conditioned_ar_ppo_order_012,learning,medium,heterogeneity_pressure,0,0,202,0,202,31,0,missile,0-1-2,0,5,,True,True,True,3,0,1.0,3,3,0,0,True,False,,,,,,,,,0.5506245790384988,,False,False,False,False,
role_conditioned_ar_ppo_order_012,learning,medium,heterogeneity_pressure,0,0,202,0,202,31,1,missile,0-1-2,1,5,,True,True,True,3,0,1.0,3,3,0,0,True,False,,,,,,,,,0.3340822229239717,,False,False,False,False,
role_conditioned_ar_ppo_order_012,learning,medium,heterogeneity_pressure,0,0,202,0,202,31,2,laser,0-1-2,2,5,,True,True,True,10,0,1.0,3,3,0,0,True,False,,,,,,,,,0.17567891039824357,,False,False,False,False,
role_conditioned_ar_ppo_order_012,learning,medium,heterogeneity_pressure,0,0,202,0,202,32,0,missile,0-1-2,0,5,,True,True,True,3,0,1.0,3,3,0,0,True,False,,,,,,,,,0.5638541548347565,,False,False,False,False,
role_conditioned_ar_ppo_order_012,learning,medium,heterogeneity_pressure,0,0,202,0,202,32,1,missile,0-1-2,1,5,,True,True,True,3,0,1.0,3,3,0,0,True,False,,,,,,,,,0.3312927986854832,,False,False,False,False,
role_conditioned_ar_ppo_order_012,learning,medium,heterogeneity_pressure,0,0,202,0,202,32,2,laser,0-1-2,2,5,,True,True,True,10,0,1.0,3,3,0,0,True,False,,,,,,,,,0.1826748946544273,,False,False,False,False,
role_conditioned_ar_ppo_order_012,learning,medium,heterogeneity_pressure,0,0,202,0,202,33,0,missile,0-1-2,0,5,,True,True,True,3,0,1.0,2,2,0,0,True,False,,,,,,,,,0.5748915320379361,,False,False,False,False,
role_conditioned_ar_ppo_order_012,learning,medium,heterogeneity_pressure,0,0,202,0,202,33,1,missile,0-1-2,1,5,,True,True,True,3,0,1.0,2,2,0,0,True,False,,,,,,,,,0.3355884756016747,,False,False,False,False,
role_conditioned_ar_ppo_order_012,learning,medium,heterogeneity_pressure,0,0,202,0,202,33,2,laser,0-1-2,2,5,,True,True,True,10,0,1.0,2,2,0,0,True,False,,,,,,,,,0.1955442908963948,,False,False,False,False,
role_conditioned_ar_ppo_order_012,learning,medium,heterogeneity_pressure,0,0,202,0,202,34,0,missile,0-1-2,0,5,,True,True,True,3,0,1.0,2,2,0,0,True,False,,,,,,,,,0.5809942179925306,,False,False,False,False,
role_conditioned_ar_ppo_order_012,learning,medium,heterogeneity_pressure,0,0,202,0,202,34,1,missile,0-1-2,1,5,,True,True,True,3,0,1.0,2,2,0,0,True,False,,,,,,,,,0.3402561000843556,,False,False,False,False,
role_conditioned_ar_ppo_order_012,learning,medium,heterogeneity_pressure,0,0,202,0,202,34,2,laser,0-1-2,2,5,,True,True,True,10,0,1.0,2,2,0,0,True,False,,,,,,,,,0.20732291493090513,,False,False,False,False,
role_conditioned_ar_ppo_order_012,learning,medium,heterogeneity_pressure,0,0,202,0,202,35,0,missile,0-1-2,0,5,,True,True,True,3,0,1.0,2,2,0,0,True,False,,,,,,,,,0.5789663373383971,,False,False,False,False,
role_conditioned_ar_ppo_order_012,learning,medium,heterogeneity_pressure,0,0,202,0,202,35,1,missile,0-1-2,1,5,,True,True,True,3,0,1.0,2,2,0,0,True,False,,,,,,,,,0.3566283434990585,,False,False,False,False,
role_conditioned_ar_ppo_order_012,learning,medium,heterogeneity_pressure,0,0,202,0,202,35,2,laser,0-1-2,2,5,,True,True,True,10,0,1.0,2,2,0,0,True,False,,,,,,,,,0.21764718746084613,,False,False,False,False,
role_conditioned_ar_ppo_order_012,learning,medium,heterogeneity_pressure,0,0,202,0,202,36,0,missile,0-1-2,0,5,,True,True,True,3,0,1.0,2,2,0,0,True,False,,,,,,,,,0.5700633766999502,,False,False,False,False,
role_conditioned_ar_ppo_order_012,learning,medium,heterogeneity_pressure,0,0,202,0,202,36,1,missile,0-1-2,1,5,,True,True,True,3,0,1.0,2,2,0,0,True,False,,,,,,,,,0.3729275676998333,,False,False,False,False,
role_conditioned_ar_ppo_order_012,learning,medium,heterogeneity_pressure,0,0,202,0,202,36,2,laser,0-1-2,2,5,,True,True,True,10,0,1.0,2,2,0,0,True,False,,,,,,,,,0.22605539194758772,,False,False,False,False,
role_conditioned_ar_ppo_order_012,learning,medium,heterogeneity_pressure,0,0,202,1,203,0,0,missile,0-1-2,0,5,,True,True,True,3,0,1.0,5,5,1,0,True,False,,,,,,,,,0.31788360582787806,,False,False,False,False,
role_conditioned_ar_ppo_order_012,learning,medium,heterogeneity_pressure,0,0,202,1,203,0,1,missile,0-1-2,1,5,,True,True,True,3,0,1.0,2,2,0,0,True,False,,,,,,,,,0.04992999857808592,,False,False,False,False,
role_conditioned_ar_ppo_order_012,learning,medium,heterogeneity_pressure,0,0,202,1,203,0,2,laser,0-1-2,2,5,,True,True,True,10,0,1.0,0,0,0,0,False,False,,,,,,,,,0.0,,False,False,False,False,
role_conditioned_ar_ppo_order_012,learning,medium,heterogeneity_pressure,0,0,202,1,203,1,0,missile,0-1-2,0,5,,True,True,True,3,0,1.0,5,5,1,0,True,False,,,,,,,,,0.3312091062048339,,False,False,False,False,
role_conditioned_ar_ppo_order_012,learning,medium,heterogeneity_pressure,0,0,202,1,203,1,1,missile,0-1-2,1,5,,True,True,True,3,0,1.0,3,3,0,0,True,False,,,,,,,,,0.06441153883231948,,False,False,False,False,
role_conditioned_ar_ppo_order_012,learning,medium,heterogeneity_pressure,0,0,202,1,203,1,2,laser,0-1-2,2,5,,True,True,True,10,0,1.0,0,0,0,0,False,False,,,,,,,,,0.0,,False,False,False,False,
role_conditioned_ar_ppo_order_012,learning,medium,heterogeneity_pressure,0,0,202,1,203,2,0,missile,0-1-2,0,5,,True,True,True,3,0,1.0,5,5,1,0,True,False,,,,,,,,,0.3445235885473923,,False,False,False,False,
role_conditioned_ar_ppo_order_012,learning,medium,heterogeneity_pressure,0,0,202,1,203,2,1,missile,0-1-2,1,5,,True,True,True,3,0,1.0,3,3,0,0,True,False,,,,,,,,,0.0788731385318427,,False,False,False,False,
role_conditioned_ar_ppo_order_012,learning,medium,heterogeneity_pressure,0,0,202,1,203,2,2,laser,0-1-2,2,5,,True,True,True,10,0,1.0,0,0,0,0,False,False,,,,,,,,,0.0,,False,False,False,False,
role_conditioned_ar_ppo_order_012,learning,medium,heterogeneity_pressure,0,0,202,1,203,3,0,missile,0-1-2,0,5,,True,True,True,3,0,1.0,5,5,1,0,True,False,,,,,,,,,0.3578261346860198,,False,False,False,False,
role_conditioned_ar_ppo_order_012,learning,medium,heterogeneity_pressure,0,0,202,1,203,3,1,missile,0-1-2,1,5,,True,True,True,3,0,1.0,4,4,0,0,True,False,,,,,,,,,0.09331157651012542,,False,False,False,False,
role_conditioned_ar_ppo_order_012,learning,medium,heterogeneity_pressure,0,0,202,1,203,3,2,laser,0-1-2,2,5,,True,True,True,10,0,1.0,0,0,0,0,False,False,,,,,,,,,0.0,,False,False,False,False,
role_conditioned_ar_ppo_order_012,learning,medium,heterogeneity_pressure,0,0,202,1,203,4,0,missile,0-1-2,0,5,,True,True,True,3,0,1.0,5,5,1,0,True,False,,,,,,,,,0.371115755822758,,False,False,False,False,
role_conditioned_ar_ppo_order_012,learning,medium,heterogeneity_pressure,0,0,202,1,203,4,1,missile,0-1-2,1,5,,True,True,True,3,0,1.0,4,4,0,0,True,False,,,,,,,,,0.10772292217705651,,False,False,False,False,
role_conditioned_ar_ppo_order_012,learning,medium,heterogeneity_pressure,0,0,202,1,203,4,2,laser,0-1-2,2,5,,True,True,True,10,0,1.0,0,0,0,0,False,False,,,,,,,,,0.0,,False,False,False,False,
role_conditioned_ar_ppo_order_012,learning,medium,heterogeneity_pressure,0,0,202,1,203,5,0,missile,0-1-2,0,5,,True,True,True,3,0,1.0,5,5,1,0,True,False,,,,,,,,,0.38439135721700957,,False,False,False,False,
role_conditioned_ar_ppo_order_012,learning,medium,heterogeneity_pressure,0,0,202,1,203,5,1,missile,0-1-2,1,5,,True,True,True,3,0,1.0,4,4,0,0,True,False,,,,,,,,,0.12210226708839958,,False,False,False,False,
role_conditioned_ar_ppo_order_012,learning,medium,heterogeneity_pressure,0,0,202,1,203,5,2,laser,0-1-2,2,5,,True,True,True,10,0,1.0,0,0,0,0,False,False,,,,,,,,,0.0,,False,False,False,False,
role_conditioned_ar_ppo_order_012,learning,medium,heterogeneity_pressure,0,0,202,1,203,6,0,missile,0-1-2,0,5,,True,True,True,3,0,1.0,5,5,1,0,True,False,,,,,,,,,0.397651702871326,,False,False,False,False,
role_conditioned_ar_ppo_order_012,learning,medium,heterogeneity_pressure,0,0,202,1,203,6,1,missile,0-1-2,1,5,,True,True,True,3,0,1.0,4,4,0,0,True,False,,,,,,,,,0.13644349486246937,,False,False,False,False,
role_conditioned_ar_ppo_order_012,learning,medium,heterogeneity_pressure,0,0,202,1,203,6,2,laser,0-1-2,2,5,,True,True,True,10,0,1.0,0,0,0,0,False,False,,,,,,,,,0.0,,False,False,False,False,
role_conditioned_ar_ppo_order_012,learning,medium,heterogeneity_pressure,0,0,202,1,203,7,0,missile,0-1-2,0,5,,True,True,True,3,0,1.0,5,5,1,0,True,False,,,,,,,,,0.41089538021719485,,False,False,False,False,
role_conditioned_ar_ppo_order_012,learning,medium,heterogeneity_pressure,0,0,202,1,203,7,1,missile,0-1-2,1,5,,True,True,True,3,0,1.0,4,4,0,0,True,False,,,,,,,,,0.1507388401870951,,False,False,False,False,
role_conditioned_ar_ppo_order_012,learning,medium,heterogeneity_pressure,0,0,202,1,203,7,2,laser,0-1-2,2,5,,True,True,True,10,0,1.0,1,1,0,0,True,False,,,,,,,,,0.009705240486666775,,False,False,False,False,
role_conditioned_ar_ppo_order_012,learning,medium,heterogeneity_pressure,0,0,202,1,203,8,0,missile,0-1-2,0,5,,True,True,True,3,0,1.0,5,5,1,0,True,False,,,,,,,,,0.4241209413718909,,False,False,False,False,
role_conditioned_ar_ppo_order_012,learning,medium,heterogeneity_pressure,0,0,202,1,203,8,1,missile,0-1-2,1,5,,True,True,True,3,0,1.0,4,4,0,0,True,False,,,,,,,,,0.16497831361131127,,False,False,False,False,
role_conditioned_ar_ppo_order_012,learning,medium,heterogeneity_pressure,0,0,202,1,203,8,2,laser,0-1-2,2,5,,True,True,True,10,0,1.0,3,3,0,0,True,False,,,,,,,,,0.019578027960818,,False,False,False,False,
role_conditioned_ar_ppo_order_012,learning,medium,heterogeneity_pressure,0,0,202,1,203,9,0,missile,0-1-2,0,5,,True,True,True,3,0,1.0,5,5,1,0,True,False,,,,,,,,,0.43732651468213474,,False,False,False,False,
role_conditioned_ar_ppo_order_012,learning,medium,heterogeneity_pressure,0,0,202,1,203,9,1,missile,0-1-2,1,5,,True,True,True,3,0,1.0,4,4,0,0,True,False,,,,,,,,,0.17914883873289433,,False,False,False,False,
role_conditioned_ar_ppo_order_012,learning,medium,heterogeneity_pressure,0,0,202,1,203,9,2,laser,0-1-2,2,5,,True,True,True,10,0,1.0,3,3,0,0,True,False,,,,,,,,,0.029382277372463888,,False,False,False,False,
role_conditioned_ar_ppo_order_012,learning,medium,heterogeneity_pressure,0,0,202,1,203,10,0,missile,0-1-2,0,5,,True,True,True,3,0,1.0,5,5,1,0,True,False,,,,,,,,,0.45051022849464767,,False,False,False,False,
role_conditioned_ar_ppo_order_012,learning,medium,heterogeneity_pressure,0,0,202,1,203,10,1,missile,0-1-2,1,5,,True,True,True,3,0,1.0,4,4,0,0,True,False,,,,,,,,,0.19323304426091398,,False,False,False,False,
role_conditioned_ar_ppo_order_012,learning,medium,heterogeneity_pressure,0,0,202,1,203,10,2,laser,0-1-2,2,5,,True,True,True,10,0,1.0,3,3,0,0,True,False,,,,,,,,,0.04266447359463776,,False,False,False,False,
role_conditioned_ar_ppo_order_012,learning,medium,heterogeneity_pressure,0,0,202,1,203,11,0,missile,0-1-2,0,5,,True,True,True,3,0,1.0,5,5,1,0,True,False,,,,,,,,,0.46366985801402233,,False,False,False,False,
role_conditioned_ar_ppo_order_012,learning,medium,heterogeneity_pressure,0,0,202,1,203,11,1,missile,0-1-2,1,5,,True,True,True,3,0,1.0,4,4,0,0,True,False,,,,,,,,,0.2072073658283134,,False,False,False,False,
role_conditioned_ar_ppo_order_012,learning,medium,heterogeneity_pressure,0,0,202,1,203,11,2,laser,0-1-2,2,5,,True,True,True,10,0,1.0,3,3,0,0,True,False,,,,,,,,,0.05912314787519947,,False,False,False,False,
role_conditioned_ar_ppo_order_012,learning,medium,heterogeneity_pressure,0,0,202,1,203,12,0,missile,0-1-2,0,5,,True,True,True,3,0,1.0,5,5,1,0,True,False,,,,,,,,,0.4768028253027234,,False,False,False,False,
role_conditioned_ar_ppo_order_012,learning,medium,heterogeneity_pressure,0,0,202,1,203,12,1,missile,0-1-2,1,5,,True,True,True,3,0,1.0,4,4,0,0,True,False,,,,,,,,,0.2210390644955082,,False,False,False,False,
role_conditioned_ar_ppo_order_012,learning,medium,heterogeneity_pressure,0,0,202,1,203,12,2,laser,0-1-2,2,5,,True,True,True,10,0,1.0,4,4,0,0,True,False,,,,,,,,,0.07541540957165986,,False,False,False,False,
role_conditioned_ar_ppo_order_012,learning,medium,heterogeneity_pressure,0,0,202,1,203,13,0,missile,0-1-2,0,5,,True,True,True,3,0,1.0,5,5,1,0,True,False,,,,,,,,,0.4899061992810873,,False,False,False,False,
role_conditioned_ar_ppo_order_012,learning,medium,heterogeneity_pressure,0,0,202,1,203,13,1,missile,0-1-2,1,5,,True,True,True,3,0,1.0,4,4,0,0,True,False,,,,,,,,,0.23468162508391427,,False,False,False,False,
role_conditioned_ar_ppo_order_012,learning,medium,heterogeneity_pressure,0,0,202,1,203,13,2,laser,0-1-2,2,5,,True,True,True,10,0,1.0,4,4,0,0,True,False,,,,,,,,,0.09149404135000841,,False,False,False,False,
role_conditioned_ar_ppo_order_012,learning,medium,heterogeneity_pressure,0,0,202,1,203,14,0,missile,0-1-2,0,5,,True,True,True,3,0,1.0,5,5,1,0,True,False,,,,,,,,,0.5029766957273227,,False,False,False,False,
role_conditioned_ar_ppo_order_012,learning,medium,heterogeneity_pressure,0,0,202,1,203,14,1,missile,0-1-2,1,5,,True,True,True,3,0,1.0,4,4,0,0,True,False,,,,,,,,,0.24806703879780323,,False,False,False,False,
role_conditioned_ar_ppo_order_012,learning,medium,heterogeneity_pressure,0,0,202,1,203,14,2,laser,0-1-2,2,5,,True,True,True,10,0,1.0,4,4,0,0,True,False,,,,,,,,,0.10729323866422015,,False,False,False,False,
role_conditioned_ar_ppo_order_012,learning,medium,heterogeneity_pressure,0,0,202,1,203,15,0,missile,0-1-2,0,5,,True,True,True,3,0,1.0,5,5,1,0,True,False,,,,,,,,,0.5160104653922329,,False,False,False,False,
role_conditioned_ar_ppo_order_012,learning,medium,heterogeneity_pressure,0,0,202,1,203,15,1,missile,0-1-2,1,5,,True,True,True,3,0,1.0,4,4,0,0,True,False,,,,,,,,,0.2610927747561044,,False,False,False,False,
role_conditioned_ar_ppo_order_012,learning,medium,heterogeneity_pressure,0,0,202,1,203,15,2,laser,0-1-2,2,5,,True,True,True,10,0,1.0,4,4,0,0,True,False,,,,,,,,,0.12271912602834434,,False,False,False,False,
role_conditioned_ar_ppo_order_012,learning,medium,heterogeneity_pressure,0,0,202,1,203,16,0,missile,0-1-2,0,5,,True,True,True,3,0,1.0,5,5,1,0,True,False,,,,,,,,,0.5290030586850035,,False,False,False,False,
role_conditioned_ar_ppo_order_012,learning,medium,heterogeneity_pressure,0,0,202,1,203,16,1,missile,0-1-2,1,5,,True,True,True,3,0,1.0,4,4,0,0,True,False,,,,,,,,,0.2735995098440431,,False,False,False,False,
role_conditioned_ar_ppo_order_012,learning,medium,heterogeneity_pressure,0,0,202,1,203,16,2,laser,0-1-2,2,5,,True,True,True,10,0,1.0,4,4,0,0,True,False,,,,,,,,,0.13763473738609808,,False,False,False,False,
role_conditioned_ar_ppo_order_012,learning,medium,heterogeneity_pressure,0,0,202,1,203,17,0,missile,0-1-2,0,5,,True,True,True,3,0,1.0,5,5,1,0,True,False,,,,,,,,,0.5419492844163512,,False,False,False,False,
role_conditioned_ar_ppo_order_012,learning,medium,heterogeneity_pressure,0,0,202,1,203,17,1,missile,0-1-2,1,5,,True,True,True,3,0,1.0,5,5,1,0,True,False,,,,,,,,,0.28533246992137656,,False,False,False,False,
role_conditioned_ar_ppo_order_012,learning,medium,heterogeneity_pressure,0,0,202,1,203,17,2,laser,0-1-2,2,5,,True,True,True,10,0,1.0,4,4,0,0,True,False,,,,,,,,,0.15183607193461898,,False,False,False,False,
role_conditioned_ar_ppo_order_012,learning,medium,heterogeneity_pressure,0,0,202,1,203,18,0,missile,0-1-2,0,5,,True,True,True,3,0,1.0,5,5,1,0,True,False,,,,,,,,,0.5548430685416718,,False,False,False,False,
role_conditioned_ar_ppo_order_012,learning,medium,heterogeneity_pressure,0,0,202,1,203,18,1,missile,0-1-2,1,5,,True,True,True,3,0,1.0,5,5,1,0,True,False,,,,,,,,,0.2958777590559958,,False,False,False,False,
role_conditioned_ar_ppo_order_012,learning,medium,heterogeneity_pressure,0,0,202,1,203,18,2,laser,0-1-2,2,5,,True,True,True,10,0,1.0,4,4,0,0,True,False,,,,,,,,,0.1650147743130978,,False,False,False,False,
role_conditioned_ar_ppo_order_012,learning,medium,heterogeneity_pressure,0,0,202,1,203,19,0,missile,0-1-2,0,5,,True,True,True,3,0,1.0,5,5,1,0,True,False,,,,,,,,,0.5676772775899773,,False,False,False,False,
role_conditioned_ar_ppo_order_012,learning,medium,heterogeneity_pressure,0,0,202,1,203,19,1,missile,0-1-2,1,5,,True,True,True,3,0,1.0,5,5,1,0,True,False,,,,,,,,,0.3045760063765435,,False,False,False,False,
role_conditioned_ar_ppo_order_012,learning,medium,heterogeneity_pressure,0,0,202,1,203,19,2,laser,0-1-2,2,5,,True,True,True,10,0,1.0,4,4,0,0,True,False,,,,,,,,,0.17670567214094907,,False,False,False,False,
role_conditioned_ar_ppo_order_012,learning,medium,heterogeneity_pressure,0,0,202,1,203,20,0,missile,0-1-2,0,5,,True,True,True,3,0,1.0,5,5,1,0,True,False,,,,,,,,,0.5804434361501929,,False,False,False,False,
role_conditioned_ar_ppo_order_012,learning,medium,heterogeneity_pressure,0,0,202,1,203,20,1,missile,0-1-2,1,5,,True,True,True,3,0,1.0,5,5,1,0,True,False,,,,,,,,,0.31048097504118305,,False,False,False,False,
role_conditioned_ar_ppo_order_012,learning,medium,heterogeneity_pressure,0,0,202,1,203,20,2,laser,0-1-2,2,5,,True,True,True,10,0,1.0,4,4,0,0,True,False,,,,,,,,,0.1862335586601871,,False,False,False,False,
role_conditioned_ar_ppo_order_012,learning,medium,heterogeneity_pressure,0,0,202,1,203,21,0,missile,0-1-2,0,5,,True,True,True,3,0,1.0,5,5,1,0,True,False,,,,,,,,,0.5931314973287731,,False,False,False,False,
role_conditioned_ar_ppo_order_012,learning,medium,heterogeneity_pressure,0,0,202,1,203,21,1,missile,0-1-2,1,5,,True,True,True,3,0,1.0,5,5,1,0,True,False,,,,,,,,,0.31257875495052934,,False,False,False,False,
role_conditioned_ar_ppo_order_012,learning,medium,heterogeneity_pressure,0,0,202,1,203,21,2,laser,0-1-2,2,5,,True,True,True,10,0,1.0,4,4,0,0,True,False,,,,,,,,,0.19272388429660892,,False,False,False,False,
role_conditioned_ar_ppo_order_012,learning,medium,heterogeneity_pressure,0,0,202,1,203,22,0,missile,0-1-2,0,5,,True,True,True,3,0,1.0,3,3,1,0,True,False,,,,,,,,,0.6057293660078298,,False,False,False,False,
role_conditioned_ar_ppo_order_012,learning,medium,heterogeneity_pressure,0,0,202,1,203,22,1,missile,0-1-2,1,5,,True,True,True,3,0,1.0,3,3,1,0,True,False,,,,,,,,,0.3207950432753458,,False,False,False,False,
role_conditioned_ar_ppo_order_012,learning,medium,heterogeneity_pressure,0,0,202,1,203,22,2,laser,0-1-2,2,5,,True,True,True,10,0,1.0,2,2,0,0,True,False,,,,,,,,,0.20315386447348602,,False,False,False,False,
role_conditioned_ar_ppo_order_012,learning,medium,heterogeneity_pressure,0,0,202,1,203,23,0,missile,0-1-2,0,5,,True,True,True,3,0,1.0,3,3,1,0,True,False,,,,,,,,,0.6182224221032585,,False,False,False,False,
role_conditioned_ar_ppo_order_012,learning,medium,heterogeneity_pressure,0,0,202,1,203,23,1,missile,0-1-2,1,5,,True,True,True,3,0,1.0,3,3,1,0,True,False,,,,,,,,,0.33465961811635236,,False,False,False,False,
role_conditioned_ar_ppo_order_012,learning,medium,heterogeneity_pressure,0,0,202,1,203,23,2,laser,0-1-2,2,5,,True,True,True,10,0,1.0,2,2,0,0,True,False,,,,,,,,,0.21676263968693457,,False,False,False,False,
role_conditioned_ar_ppo_order_012,learning,medium,heterogeneity_pressure,0,0,202,1,203,24,0,missile,0-1-2,0,5,,True,True,True,3,0,1.0,3,3,1,0,True,False,,,,,,,,,0.6305929025660142,,False,False,False,False,
role_conditioned_ar_ppo_order_012,learning,medium,heterogeneity_pressure,0,0,202,1,203,24,1,missile,0-1-2,1,5,,True,True,True,3,0,1.0,3,3,1,0,True,False,,,,,,,,,0.34848596356880135,,False,False,False,False,
role_conditioned_ar_ppo_order_012,learning,medium,heterogeneity_pressure,0,0,202,1,203,24,2,laser,0-1-2,2,5,,True,True,True,10,0,1.0,2,2,0,0,True,False,,,,,,,,,0.23023037928474446,,False,False,False,False,
role_conditioned_ar_ppo_order_012,learning,medium,heterogeneity_pressure,0,0,202,1,203,25,0,missile,0-1-2,0,5,,True,True,True,3,0,1.0,3,3,1,0,True,False,,,,,,,,,0.6428190361838979,,False,False,False,False,
role_conditioned_ar_ppo_order_012,learning,medium,heterogeneity_pressure,0,0,202,1,203,25,1,missile,0-1-2,1,5,,True,True,True,3,0,1.0,3,3,1,0,True,False,,,,,,,,,0.3622695115764694,,False,False,False,False,
role_conditioned_ar_ppo_order_012,learning,medium,heterogeneity_pressure,0,0,202,1,203,25,2,laser,0-1-2,2,5,,True,True,True,10,0,1.0,2,2,0,0,True,False,,,,,,,,,0.24352989382760407,,False,False,False,False,
role_conditioned_ar_ppo_order_012,learning,medium,heterogeneity_pressure,0,0,202,1,203,26,0,missile,0-1-2,0,5,,True,True,True,3,0,1.0,3,3,1,0,True,False,,,,,,,,,0.654873931183853,,False,False,False,False,
role_conditioned_ar_ppo_order_012,learning,medium,heterogeneity_pressure,0,0,202,1,203,26,1,missile,0-1-2,1,5,,True,True,True,3,0,1.0,3,3,1,0,True,False,,,,,,,,,0.3760048703352897,,False,False,False,False,
role_conditioned_ar_ppo_order_012,learning,medium,heterogeneity_pressure,0,0,202,1,203,26,2,laser,0-1-2,2,5,,True,True,True,10,0,1.0,2,2,0,0,True,False,,,,,,,,,0.25662694689581517,,False,False,False,False,
role_conditioned_ar_ppo_order_012,learning,medium,heterogeneity_pressure,0,0,202,1,203,27,0,missile,0-1-2,0,5,,True,True,True,3,0,1.0,3,3,1,0,True,False,,,,,,,,,0.66672407437792,,False,False,False,False,
role_conditioned_ar_ppo_order_012,learning,medium,heterogeneity_pressure,0,0,202,1,203,27,1,missile,0-1-2,1,5,,True,True,True,3,0,1.0,3,3,1,0,True,False,,,,,,,,,0.38968578685026767,,False,False,False,False,
role_conditioned_ar_ppo_order_012,learning,medium,heterogeneity_pressure,0,0,202,1,203,27,2,laser,0-1-2,2,5,,True,True,True,10,0,1.0,2,2,0,0,True,False,,,,,,,,,0.2694782389232422,,False,False,False,False,
role_conditioned_ar_ppo_order_012,learning,medium,heterogeneity_pressure,0,0,202,1,203,28,0,missile,0-1-2,0,5,,True,True,True,3,0,1.0,3,3,1,0,True,False,,,,,,,,,0.6783274771670647,,False,False,False,False,
role_conditioned_ar_ppo_order_012,learning,medium,heterogeneity_pressure,0,0,202,1,203,28,1,missile,0-1-2,1,5,,True,True,True,3,0,1.0,3,3,1,0,True,False,,,,,,,,,0.4033048848338956,,False,False,False,False,
role_conditioned_ar_ppo_order_012,learning,medium,heterogeneity_pressure,0,0,202,1,203,28,2,laser,0-1-2,2,5,,True,True,True,10,0,1.0,2,2,0,0,True,False,,,,,,,,,0.28202833494428303,,False,False,False,False,
role_conditioned_ar_ppo_order_012,learning,medium,heterogeneity_pressure,0,0,202,1,203,29,0,missile,0-1-2,0,5,,True,True,True,3,0,1.0,3,3,1,0,True,False,,,,,,,,,0.6896311505749617,,False,False,False,False,
role_conditioned_ar_ppo_order_012,learning,medium,heterogeneity_pressure,0,0,202,1,203,29,1,missile,0-1-2,1,5,,True,True,True,3,0,1.0,3,3,1,0,True,False,,,,,,,,,0.4168534774907321,,False,False,False,False,
role_conditioned_ar_ppo_order_012,learning,medium,heterogeneity_pressure,0,0,202,1,203,29,2,laser,0-1-2,2,5,,True,True,True,10,0,1.0,2,2,0,0,True,False,,,,,,,,,0.2942058242775815,,False,False,False,False,
role_conditioned_ar_ppo_order_012,learning,medium,heterogeneity_pressure,0,0,202,1,203,30,0,missile,0-1-2,0,5,,True,True,True,3,0,1.0,3,3,1,0,True,False,,,,,,,,,0.7005677857119899,,False,False,False,False,
role_conditioned_ar_ppo_order_012,learning,medium,heterogeneity_pressure,0,0,202,1,203,30,1,missile,0-1-2,1,5,,True,True,True,3,0,1.0,3,3,1,0,True,False,,,,,,,,,0.43032119308656525,,False,False,False,False,
role_conditioned_ar_ppo_order_012,learning,medium,heterogeneity_pressure,0,0,202,1,203,30,2,laser,0-1-2,2,5,,True,True,True,10,0,1.0,2,2,0,0,True,False,,,,,,,,,0.3059181264982499,,False,False,False,False,
role_conditioned_ar_ppo_order_012,learning,medium,heterogeneity_pressure,0,0,202,1,203,31,0,missile,0-1-2,0,5,,True,True,True,3,0,1.0,2,2,1,0,True,False,,,,,,,,,0.7110517544406316,,False,False,False,False,
role_conditioned_ar_ppo_order_012,learning,medium,heterogeneity_pressure,0,0,202,1,203,31,1,missile,0-1-2,1,5,,True,True,True,3,0,1.0,2,2,1,0,True,False,,,,,,,,,0.44369558179603213,,False,False,False,False,
role_conditioned_ar_ppo_order_012,learning,medium,heterogeneity_pressure,0,0,202,1,203,31,2,laser,0-1-2,2,5,,True,True,True,10,0,1.0,1,1,0,0,True,False,,,,,,,,,0.3170449917025527,,False,False,False,False,
role_conditioned_ar_ppo_order_012,learning,medium,heterogeneity_pressure,0,0,202,1,203,32,0,missile,0-1-2,0,5,,True,True,True,3,0,1.0,2,2,1,0,True,False,,,,,,,,,0.720974068271594,,False,False,False,False,
role_conditioned_ar_ppo_order_012,learning,medium,heterogeneity_pressure,0,0,202,1,203,32,1,missile,0-1-2,1,5,,True,True,True,3,0,1.0,2,2,1,0,True,False,,,,,,,,,0.4569616663856137,,False,False,False,False,
role_conditioned_ar_ppo_order_012,learning,medium,heterogeneity_pressure,0,0,202,1,203,32,2,laser,0-1-2,2,5,,True,True,True,10,0,1.0,1,1,0,0,True,False,,,,,,,,,0.327430714266635,,False,False,False,False,
role_conditioned_ar_ppo_order_012,learning,medium,heterogeneity_pressure,0,0,202,1,203,33,0,missile,0-1-2,0,5,,True,True,True,3,0,1.0,2,2,1,0,True,False,,,,,,,,,0.7301970282605668,,False,False,False,False,
role_conditioned_ar_ppo_order_012,learning,medium,heterogeneity_pressure,0,0,202,1,203,33,1,missile,0-1-2,1,5,,True,True,True,3,0,1.0,2,2,1,0,True,False,,,,,,,,,0.4701012495165843,,False,False,False,False,
role_conditioned_ar_ppo_order_012,learning,medium,heterogeneity_pressure,0,0,202,1,203,33,2,laser,0-1-2,2,5,,True,True,True,10,0,1.0,1,1,0,0,True,False,,,,,,,,,0.3368763274036696,,False,False,False,False,
role_conditioned_ar_ppo_order_012,learning,medium,heterogeneity_pressure,0,0,202,1,203,34,0,missile,0-1-2,0,5,,True,True,True,3,0,1.0,2,2,1,0,True,False,,,,,,,,,0.7385494752466002,,False,False,False,False,
role_conditioned_ar_ppo_order_012,learning,medium,heterogeneity_pressure,0,0,202,1,203,34,1,missile,0-1-2,1,5,,True,True,True,3,0,1.0,2,2,1,0,True,False,,,,,,,,,0.48309201511100025,,False,False,False,False,
role_conditioned_ar_ppo_order_012,learning,medium,heterogeneity_pressure,0,0,202,1,203,34,2,laser,0-1-2,2,5,,True,True,True,10,0,1.0,1,1,0,0,True,False,,,,,,,,,0.34513460115189254,,False,False,False,False,
role_conditioned_ar_ppo_order_012,learning,medium,heterogeneity_pressure,0,0,202,1,203,35,0,missile,0-1-2,0,5,,True,True,True,3,0,1.0,2,2,1,0,True,False,,,,,,,,,0.7458251477412084,,False,False,False,False,
role_conditioned_ar_ppo_order_012,learning,medium,heterogeneity_pressure,0,0,202,1,203,35,1,missile,0-1-2,1,5,,True,True,True,3,0,1.0,2,2,1,0,True,False,,,,,,,,,0.4959064237807283,,False,False,False,False,
role_conditioned_ar_ppo_order_012,learning,medium,heterogeneity_pressure,0,0,202,1,203,35,2,laser,0-1-2,2,5,,True,True,True,10,0,1.0,1,1,0,0,True,False,,,,,,,,,0.35191419951698444,,False,False,False,False,
role_conditioned_ar_ppo_order_012,learning,medium,heterogeneity_pressure,0,0,202,1,203,36,0,missile,0-1-2,0,5,,True,True,True,3,0,1.0,2,2,1,0,True,False,,,,,,,,,0.7517884734592715,,False,False,False,False,
role_conditioned_ar_ppo_order_012,learning,medium,heterogeneity_pressure,0,0,202,1,203,36,1,missile,0-1-2,1,5,,True,True,True,3,0,1.0,2,2,1,0,True,False,,,,,,,,,0.508510289990261,,False,False,False,False,
role_conditioned_ar_ppo_order_012,learning,medium,heterogeneity_pressure,0,0,202,1,203,36,2,laser,0-1-2,2,5,,True,True,True,10,0,1.0,1,1,0,0,True,False,,,,,,,,,0.35690170468597576,,False,False,False,False,
role_conditioned_ar_ppo_order_012,learning,medium,heterogeneity_pressure,0,0,202,1,203,37,0,missile,0-1-2,0,5,,True,True,True,3,0,1.0,2,2,1,0,True,False,,,,,,,,,0.7561932770232715,,False,False,False,False,
role_conditioned_ar_ppo_order_012,learning,medium,heterogeneity_pressure,0,0,202,1,203,37,1,missile,0-1-2,1,5,,True,True,True,3,0,1.0,2,2,1,0,True,False,,,,,,,,,0.5208607788517335,,False,False,False,False,
role_conditioned_ar_ppo_order_012,learning,medium,heterogeneity_pressure,0,0,202,1,203,37,2,laser,0-1-2,2,5,,True,True,True,10,0,1.0,1,1,0,0,True,False,,,,,,,,,0.3598090257318095,,False,False,False,False,
role_conditioned_ar_ppo_order_012,learning,medium,heterogeneity_pressure,0,0,202,1,203,38,0,missile,0-1-2,0,5,,True,True,True,3,0,1.0,2,2,1,0,True,False,,,,,,,,,0.7588175114915958,,False,False,False,False,
role_conditioned_ar_ppo_order_012,learning,medium,heterogeneity_pressure,0,0,202,1,203,38,1,missile,0-1-2,1,5,,True,True,True,3,0,1.0,2,2,1,0,True,False,,,,,,,,,0.5329038599952257,,False,False,False,False,
role_conditioned_ar_ppo_order_012,learning,medium,heterogeneity_pressure,0,0,202,1,203,38,2,laser,0-1-2,2,5,,True,True,True,10,0,1.0,1,1,0,0,True,False,,,,,,,,,0.3604399704961756,,False,False,False,False,
role_conditioned_ar_ppo_order_012,learning,medium,heterogeneity_pressure,0,0,202,1,203,39,0,missile,0-1-2,0,5,,True,True,True,3,0,1.0,2,2,1,0,True,False,,,,,,,,,0.7595089814355749,,False,False,False,False,
role_conditioned_ar_ppo_order_012,learning,medium,heterogeneity_pressure,0,0,202,1,203,39,1,missile,0-1-2,1,5,,True,True,True,3,0,1.0,2,2,1,0,True,False,,,,,,,,,0.5445710312989293,,False,False,False,False,
role_conditioned_ar_ppo_order_012,learning,medium,heterogeneity_pressure,0,0,202,1,203,39,2,laser,0-1-2,2,5,,True,True,True,10,0,1.0,1,1,0,0,True,False,,,,,,,,,0.35874883921525924,,False,False,False,False,
role_conditioned_ar_ppo_order_012,learning,medium,heterogeneity_pressure,0,0,202,1,203,40,0,missile,0-1-2,0,5,,True,True,True,3,0,1.0,2,2,1,0,True,False,,,,,,,,,0.7582247447724283,,False,False,False,False,
role_conditioned_ar_ppo_order_012,learning,medium,heterogeneity_pressure,0,0,202,1,203,40,1,missile,0-1-2,1,5,,True,True,True,3,0,1.0,2,2,1,0,True,False,,,,,,,,,0.5557750971814499,,False,False,False,False,
role_conditioned_ar_ppo_order_012,learning,medium,heterogeneity_pressure,0,0,202,1,203,40,2,laser,0-1-2,2,5,,True,True,True,10,0,1.0,1,1,0,0,True,False,,,,,,,,,0.35485556496670206,,False,False,False,False,
role_conditioned_ar_ppo_order_012,learning,medium,heterogeneity_pressure,0,0,202,1,203,41,0,missile,0-1-2,0,5,,True,True,True,3,0,1.0,1,1,1,0,True,False,,,,,,,,,0.6874727394762585,,False,False,False,False,
role_conditioned_ar_ppo_order_012,learning,medium,heterogeneity_pressure,0,0,202,1,203,41,1,missile,0-1-2,1,5,,True,True,True,3,0,1.0,1,1,1,0,True,False,,,,,,,,,0.38666817945495213,,False,False,False,False,
role_conditioned_ar_ppo_order_012,learning,medium,heterogeneity_pressure,0,0,202,1,203,41,2,laser,0-1-2,2,5,,True,True,True,10,0,1.0,0,0,0,0,False,False,,,,,,,,,0.0,,False,False,False,False,
role_conditioned_ar_ppo_order_012,learning,medium,heterogeneity_pressure,0,0,202,1,203,42,0,missile,0-1-2,0,5,,True,True,True,3,0,1.0,1,1,1,0,True,False,,,,,,,,,0.701803310658247,,False,False,False,False,
role_conditioned_ar_ppo_order_012,learning,medium,heterogeneity_pressure,0,0,202,1,203,42,1,missile,0-1-2,1,5,,True,True,True,3,0,1.0,1,1,1,0,True,False,,,,,,,,,0.40235316832070844,,False,False,False,False,
role_conditioned_ar_ppo_order_012,learning,medium,heterogeneity_pressure,0,0,202,1,203,42,2,laser,0-1-2,2,5,,True,True,True,10,0,1.0,1,1,1,0,True,False,,,,,,,,,0.01395834787826375,,False,False,False,False,
role_conditioned_ar_ppo_order_012,learning,medium,heterogeneity_pressure,0,0,202,1,203,43,0,missile,0-1-2,0,5,,True,True,True,3,0,1.0,1,1,1,0,True,False,,,,,,,,,0.7160274892848848,,False,False,False,False,
role_conditioned_ar_ppo_order_012,learning,medium,heterogeneity_pressure,0,0,202,1,203,43,1,missile,0-1-2,1,5,,True,True,True,3,0,1.0,1,1,1,0,True,False,,,,,,,,,0.41798766036557283,,False,False,False,False,
role_conditioned_ar_ppo_order_012,learning,medium,heterogeneity_pressure,0,0,202,1,203,43,2,laser,0-1-2,2,5,,True,True,True,10,0,1.0,1,1,1,0,True,False,,,,,,,,,0.030727407997787726,,False,False,False,False,
role_conditioned_ar_ppo_order_012,learning,medium,heterogeneity_pressure,0,0,202,1,203,44,0,missile,0-1-2,0,5,,True,True,True,3,0,1.0,1,1,1,0,True,False,,,,,,,,,0.7301299883363284,,False,False,False,False,
role_conditioned_ar_ppo_order_012,learning,medium,heterogeneity_pressure,0,0,202,1,203,44,1,missile,0-1-2,1,5,,True,True,True,3,0,1.0,1,1,1,0,True,False,,,,,,,,,0.43356606487008936,,False,False,False,False,
role_conditioned_ar_ppo_order_012,learning,medium,heterogeneity_pressure,0,0,202,1,203,44,2,laser,0-1-2,2,5,,True,True,True,10,0,1.0,1,1,1,0,True,False,,,,,,,,,0.047495265812052385,,False,False,False,False,
role_conditioned_ar_ppo_order_012,learning,medium,heterogeneity_pressure,0,0,202,1,203,45,0,missile,0-1-2,0,5,,True,True,True,3,0,1.0,1,1,1,0,True,False,,,,,,,,,0.7440924166134614,,False,False,False,False,
role_conditioned_ar_ppo_order_012,learning,medium,heterogeneity_pressure,0,0,202,1,203,45,1,missile,0-1-2,1,5,,True,True,True,3,0,1.0,1,1,1,0,True,False,,,,,,,,,0.4490817541265158,,False,False,False,False,
role_conditioned_ar_ppo_order_012,learning,medium,heterogeneity_pressure,0,0,202,1,203,45,2,laser,0-1-2,2,5,,True,True,True,10,0,1.0,1,1,1,0,True,False,,,,,,,,,0.06426182883603772,,False,False,False,False,
role_conditioned_ar_ppo_order_012,learning,medium,heterogeneity_pressure,0,0,202,1,203,46,0,missile,0-1-2,0,5,,True,True,True,3,0,1.0,1,1,1,0,True,False,,,,,,,,,0.7578928960308611,,False,False,False,False,
role_conditioned_ar_ppo_order_012,learning,medium,heterogeneity_pressure,0,0,202,1,203,46,1,missile,0-1-2,1,5,,True,True,True,3,0,1.0,1,1,1,0,True,False,,,,,,,,,0.4645271986981658,,False,False,False,False,
role_conditioned_ar_ppo_order_012,learning,medium,heterogeneity_pressure,0,0,202,1,203,46,2,laser,0-1-2,2,5,,True,True,True,10,0,1.0,1,1,1,0,True,False,,,,,,,,,0.08102700458472385,,False,False,False,False,
role_conditioned_ar_ppo_order_012,learning,medium,heterogeneity_pressure,0,0,202,1,203,47,0,missile,0-1-2,0,5,,True,True,True,3,0,1.0,1,1,1,0,True,False,,,,,,,,,0.7715050623262101,,False,False,False,False,
role_conditioned_ar_ppo_order_012,learning,medium,heterogeneity_pressure,0,0,202,1,203,47,1,missile,0-1-2,1,5,,True,True,True,3,0,1.0,1,1,1,0,True,False,,,,,,,,,0.47989367435750124,,False,False,False,False,
role_conditioned_ar_ppo_order_012,learning,medium,heterogeneity_pressure,0,0,202,1,203,47,2,laser,0-1-2,2,5,,True,True,True,10,0,1.0,1,1,1,0,True,False,,,,,,,,,0.09779051560305087,,False,False,False,False,
role_conditioned_ar_ppo_order_012,learning,medium,heterogeneity_pressure,0,0,202,1,203,48,0,missile,0-1-2,0,5,,True,True,True,3,0,1.0,1,1,1,0,True,False,,,,,,,,,0.7848968956776946,,False,False,False,False,
role_conditioned_ar_ppo_order_012,learning,medium,heterogeneity_pressure,0,0,202,1,203,48,1,missile,0-1-2,1,5,,True,True,True,3,0,1.0,1,1,1,0,True,False,,,,,,,,,0.49517087885133126,,False,False,False,False,
role_conditioned_ar_ppo_order_012,learning,medium,heterogeneity_pressure,0,0,202,1,203,48,2,laser,0-1-2,2,5,,True,True,True,10,0,1.0,1,1,1,0,True,False,,,,,,,,,0.11455217692097894,,False,False,False,False,
role_conditioned_ar_ppo_order_012,learning,medium,heterogeneity_pressure,0,0,202,1,203,49,0,missile,0-1-2,0,5,,True,True,True,3,0,1.0,1,1,1,0,True,False,,,,,,,,,0.7980295513214004,,False,False,False,False,
role_conditioned_ar_ppo_order_012,learning,medium,heterogeneity_pressure,0,0,202,1,203,49,1,missile,0-1-2,1,5,,True,True,True,3,0,1.0,1,1,1,0,True,False,,,,,,,,,0.5103468642711412,,False,False,False,False,
role_conditioned_ar_ppo_order_012,learning,medium,heterogeneity_pressure,0,0,202,1,203,49,2,laser,0-1-2,2,5,,True,True,True,10,0,1.0,1,1,1,0,True,False,,,,,,,,,0.13131189605348811,,False,False,False,False,
role_conditioned_ar_ppo_order_120,learning,medium,medium,0,0,200,0,200,0,1,missile,1-2-0,0,5,,True,True,True,3,0,1.0,4,4,2,0,True,False,,,,,,,,,0.33966777144363136,,False,False,False,False,
role_conditioned_ar_ppo_order_120,learning,medium,medium,0,0,200,0,200,0,2,laser,1-2-0,1,5,,True,True,True,10,0,1.0,0,0,0,0,False,False,,,,,,,,,0.0,,False,False,False,False,
role_conditioned_ar_ppo_order_120,learning,medium,medium,0,0,200,0,200,0,0,missile,1-2-0,2,5,,True,True,True,3,0,1.0,4,4,2,0,True,False,,,,,,,,,0.2686379961159966,,False,False,False,False,
role_conditioned_ar_ppo_order_120,learning,medium,medium,0,0,200,0,200,1,1,missile,1-2-0,0,5,,True,True,True,3,0,1.0,4,4,2,0,True,False,,,,,,,,,0.3603588719859385,,False,False,False,False,
role_conditioned_ar_ppo_order_120,learning,medium,medium,0,0,200,0,200,1,2,laser,1-2-0,1,5,,True,True,True,10,0,1.0,0,0,0,0,False,False,,,,,,,,,0.0,,False,False,False,False,
role_conditioned_ar_ppo_order_120,learning,medium,medium,0,0,200,0,200,1,0,missile,1-2-0,2,5,,True,True,True,3,0,1.0,4,4,2,0,True,False,,,,,,,,,0.2893935508541203,,False,False,False,False,
role_conditioned_ar_ppo_order_120,learning,medium,medium,0,0,200,0,200,2,1,missile,1-2-0,0,5,,True,True,True,3,0,1.0,4,4,2,0,True,False,,,,,,,,,0.3810278098800076,,False,False,False,False,
role_conditioned_ar_ppo_order_120,learning,medium,medium,0,0,200,0,200,2,2,laser,1-2-0,1,5,,True,True,True,10,0,1.0,1,1,0,0,True,False,,,,,,,,,0.009662318398424132,,False,False,False,False,
role_conditioned_ar_ppo_order_120,learning,medium,medium,0,0,200,0,200,2,0,missile,1-2-0,2,5,,True,True,True,3,0,1.0,4,4,2,0,True,False,,,,,,,,,0.31013194909513725,,False,False,False,False,
role_conditioned_ar_ppo_order_120,learning,medium,medium,0,0,200,0,200,3,1,missile,1-2-0,0,5,,True,True,True,3,0,1.0,4,4,2,0,True,False,,,,,,,,,0.40167275996657215,,False,False,False,False,
role_conditioned_ar_ppo_order_120,learning,medium,medium,0,0,200,0,200,3,2,laser,1-2-0,1,5,,True,True,True,10,0,1.0,1,1,0,0,True,False,,,,,,,,,0.021355310958783732,,False,False,False,False,
role_conditioned_ar_ppo_order_120,learning,medium,medium,0,0,200,0,200,3,0,missile,1-2-0,2,5,,True,True,True,3,0,1.0,4,4,2,0,True,False,,,,,,,,,0.33085183500644977,,False,False,False,False,
role_conditioned_ar_ppo_order_120,learning,medium,medium,0,0,200,0,200,4,1,missile,1-2-0,0,5,,True,True,True,3,0,1.0,4,4,2,0,True,False,,,,,,,,,0.42229179279155027,,False,False,False,False,
role_conditioned_ar_ppo_order_120,learning,medium,medium,0,0,200,0,200,4,2,laser,1-2-0,1,5,,True,True,True,10,0,1.0,1,1,0,0,True,False,,,,,,,,,0.03303166122277987,,False,False,False,False,
role_conditioned_ar_ppo_order_120,learning,medium,medium,0,0,200,0,200,4,0,missile,1-2-0,2,5,,True,True,True,3,0,1.0,4,4,2,0,True,False,,,,,,,,,0.3515518527554596,,False,False,False,False,
role_conditioned_ar_ppo_order_120,learning,medium,medium,0,0,200,0,200,5,1,missile,1-2-0,0,5,,True,True,True,3,0,1.0,4,4,2,0,True,False,,,,,,,,,0.4428825617215992,,False,False,False,False,
role_conditioned_ar_ppo_order_120,learning,medium,medium,0,0,200,0,200,5,2,laser,1-2-0,1,5,,True,True,True,10,0,1.0,1,1,0,0,True,False,,,,,,,,,0.04468958982539251,,False,False,False,False,
role_conditioned_ar_ppo_order_120,learning,medium,medium,0,0,200,0,200,5,0,missile,1-2-0,2,5,,True,True,True,3,0,1.0,4,4,2,0,True,False,,,,,,,,,0.3722304379199382,,False,False,False,False,
role_conditioned_ar_ppo_order_120,learning,medium,medium,0,0,200,0,200,6,1,missile,1-2-0,0,5,,True,True,True,3,0,1.0,4,4,2,0,True,False,,,,,,,,,0.46344272012337595,,False,False,False,False,
role_conditioned_ar_ppo_order_120,learning,medium,medium,0,0,200,0,200,6,2,laser,1-2-0,1,5,,True,True,True,10,0,1.0,1,1,0,0,True,False,,,,,,,,,0.056327134231673175,,False,False,False,False,
role_conditioned_ar_ppo_order_120,learning,medium,medium,0,0,200,0,200,6,0,missile,1-2-0,2,5,,True,True,True,3,0,1.0,4,4,2,0,True,False,,,,,,,,,0.39288586963543415,,False,False,False,False,
role_conditioned_ar_ppo_order_120,learning,medium,medium,0,0,200,0,200,7,1,missile,1-2-0,0,5,,True,True,True,3,0,1.0,4,4,2,0,True,False,,,,,,,,,0.48396934774205397,,False,False,False,False,
role_conditioned_ar_ppo_order_120,learning,medium,medium,0,0,200,0,200,7,2,laser,1-2-0,1,5,,True,True,True,10,0,1.0,1,1,0,0,True,False,,,,,,,,,0.06794196556681625,,False,False,False,False,
role_conditioned_ar_ppo_order_120,learning,medium,medium,0,0,200,0,200,7,0,missile,1-2-0,2,5,,True,True,True,3,0,1.0,4,4,2,0,True,False,,,,,,,,,0.41351616630045795,,False,False,False,False,
role_conditioned_ar_ppo_order_120,learning,medium,medium,0,0,200,0,200,8,1,missile,1-2-0,0,5,,True,True,True,3,0,1.0,4,4,2,0,True,False,,,,,,,,,0.5044593157331764,,False,False,False,False,
role_conditioned_ar_ppo_order_120,learning,medium,medium,0,0,200,0,200,8,2,laser,1-2-0,1,5,,True,True,True,10,0,1.0,1,1,0,0,True,False,,,,,,,,,0.07953144095042443,,False,False,False,False,
role_conditioned_ar_ppo_order_120,learning,medium,medium,0,0,200,0,200,8,0,missile,1-2-0,2,5,,True,True,True,3,0,1.0,4,4,2,0,True,False,,,,,,,,,0.4341192941661124,,False,False,False,False,
role_conditioned_ar_ppo_order_120,learning,medium,medium,0,0,200,0,200,9,1,missile,1-2-0,0,5,,True,True,True,3,0,1.0,4,4,2,0,True,False,,,,,,,,,0.5249091823678397,,False,False,False,False,
role_conditioned_ar_ppo_order_120,learning,medium,medium,0,0,200,0,200,9,2,laser,1-2-0,1,5,,True,True,True,10,0,1.0,1,1,0,0,True,False,,,,,,,,,0.09109247266084534,,False,False,False,False,
role_conditioned_ar_ppo_order_120,learning,medium,medium,0,0,200,0,200,9,0,missile,1-2-0,2,5,,True,True,True,3,0,1.0,4,4,2,0,True,False,,,,,,,,,0.4546928023042396,,False,False,False,False,
role_conditioned_ar_ppo_order_120,learning,medium,medium,0,0,200,0,200,10,1,missile,1-2-0,0,5,,True,True,True,3,0,1.0,4,4,2,0,True,False,,,,,,,,,0.5453148801482504,,False,False,False,False,
role_conditioned_ar_ppo_order_120,learning,medium,medium,0,0,200,0,200,10,2,laser,1-2-0,1,5,,True,True,True,10,0,1.0,1,1,0,0,True,False,,,,,,,,,0.10262144963377372,,False,False,False,False,
role_conditioned_ar_ppo_order_120,learning,medium,medium,0,0,200,0,200,10,0,missile,1-2-0,2,5,,True,True,True,3,0,1.0,4,4,2,0,True,False,,,,,,,,,0.4752340311970509,,False,False,False,False,
role_conditioned_ar_ppo_order_120,learning,medium,medium,0,0,200,0,200,11,1,missile,1-2-0,0,5,,True,True,True,3,0,1.0,5,5,2,0,True,False,,,,,,,,,0.5656718201025375,,False,False,False,False,
role_conditioned_ar_ppo_order_120,learning,medium,medium,0,0,200,0,200,11,2,laser,1-2-0,1,5,,True,True,True,10,0,1.0,1,1,0,0,True,False,,,,,,,,,0.1141141589608534,,False,False,False,False,
role_conditioned_ar_ppo_order_120,learning,medium,medium,0,0,200,0,200,11,0,missile,1-2-0,2,5,,True,True,True,3,0,1.0,4,4,2,0,True,False,,,,,,,,,0.495740008442312,,False,False,False,False,
role_conditioned_ar_ppo_order_120,learning,medium,medium,0,0,200,0,200,12,1,missile,1-2-0,0,5,,True,True,True,3,0,1.0,5,5,2,0,True,False,,,,,,,,,0.5859749960795699,,False,False,False,False,
role_conditioned_ar_ppo_order_120,learning,medium,medium,0,0,200,0,200,12,2,laser,1-2-0,1,5,,True,True,True,10,0,1.0,2,2,1,0,True,False,,,,,,,,,0.12556568122114675,,False,False,False,False,
role_conditioned_ar_ppo_order_120,learning,medium,medium,0,0,200,0,200,12,0,missile,1-2-0,2,5,,True,True,True,3,0,1.0,4,4,2,0,True,False,,,,,,,,,0.5162074487533429,,False,False,False,False,
role_conditioned_ar_ppo_order_120,learning,medium,medium,0,0,200,0,200,13,1,missile,1-2-0,0,5,,True,True,True,3,0,1.0,5,5,2,0,True,False,,,,,,,,,0.6062183589800638,,False,False,False,False,
role_conditioned_ar_ppo_order_120,learning,medium,medium,0,0,200,0,200,13,2,laser,1-2-0,1,5,,True,True,True,10,0,1.0,3,3,2,0,True,False,,,,,,,,,0.13697007647554293,,False,False,False,False,
role_conditioned_ar_ppo_order_120,learning,medium,medium,0,0,200,0,200,13,0,missile,1-2-0,2,5,,True,True,True,3,0,1.0,4,4,2,0,True,False,,,,,,,,,0.5366324410745723,,False,False,False,False,
role_conditioned_ar_ppo_order_120,learning,medium,medium,0,0,200,0,200,14,1,missile,1-2-0,0,5,,True,True,True,3,0,1.0,5,5,2,0,True,False,,,,,,,,,0.6263952339358442,,False,False,False,False,
role_conditioned_ar_ppo_order_120,learning,medium,medium,0,0,200,0,200,14,2,laser,1-2-0,1,5,,True,True,True,10,0,1.0,4,4,2,0,True,False,,,,,,,,,0.14832033193249253,,False,False,False,False,
role_conditioned_ar_ppo_order_120,learning,medium,medium,0,0,200,0,200,14,0,missile,1-2-0,2,5,,True,True,True,3,0,1.0,4,4,2,0,True,False,,,,,,,,,0.557010761465983,,False,False,False,False,
role_conditioned_ar_ppo_order_120,learning,medium,medium,0,0,200,0,200,15,1,missile,1-2-0,0,5,,True,True,True,3,0,1.0,5,5,2,0,True,False,,,,,,,,,0.6464977988357679,,False,False,False,False,
role_conditioned_ar_ppo_order_120,learning,medium,medium,0,0,200,0,200,15,2,laser,1-2-0,1,5,,True,True,True,10,0,1.0,4,4,2,0,True,False,,,,,,,,,0.1596079694410179,,False,False,False,False,
role_conditioned_ar_ppo_order_120,learning,medium,medium,0,0,200,0,200,15,0,missile,1-2-0,2,5,,True,True,True,3,0,1.0,4,4,2,0,True,False,,,,,,,,,0.5773375080712592,,False,False,False,False,
role_conditioned_ar_ppo_order_120,learning,medium,medium,0,0,200,0,200,16,1,missile,1-2-0,0,5,,True,True,True,3,0,1.0,5,5,2,0,True,False,,,,,,,,,0.666516927883502,,False,False,False,False,
role_conditioned_ar_ppo_order_120,learning,medium,medium,0,0,200,0,200,16,2,laser,1-2-0,1,5,,True,True,True,10,0,1.0,4,4,2,0,True,False,,,,,,,,,0.17082270531798882,,False,False,False,False,
role_conditioned_ar_ppo_order_120,learning,medium,medium,0,0,200,0,200,16,0,missile,1-2-0,2,5,,True,True,True,3,0,1.0,4,4,2,0,True,False,,,,,,,,,0.5976071011177851,,False,False,False,False,
role_conditioned_ar_ppo_order_120,learning,medium,medium,0,0,200,0,200,17,1,missile,1-2-0,0,5,,True,True,True,3,0,1.0,5,5,2,0,True,False,,,,,,,,,0.686442139450115,,False,False,False,False,
role_conditioned_ar_ppo_order_120,learning,medium,medium,0,0,200,0,200,17,2,laser,1-2-0,1,5,,True,True,True,10,0,1.0,4,4,2,0,True,False,,,,,,,,,0.18195199242330104,,False,False,False,False,
role_conditioned_ar_ppo_order_120,learning,medium,medium,0,0,200,0,200,17,0,missile,1-2-0,2,5,,True,True,True,3,0,1.0,4,4,2,0,True,False,,,,,,,,,0.6178131786218318,,False,False,False,False,
role_conditioned_ar_ppo_order_120,learning,medium,medium,0,0,200,0,200,18,1,missile,1-2-0,0,5,,True,True,True,3,0,1.0,5,5,2,0,True,False,,,,,,,,,0.7062611267474089,,False,False,False,False,
role_conditioned_ar_ppo_order_120,learning,medium,medium,0,0,200,0,200,18,2,laser,1-2-0,1,5,,True,True,True,10,0,1.0,4,4,2,0,True,False,,,,,,,,,0.19298036598156026,,False,False,False,False,
role_conditioned_ar_ppo_order_120,learning,medium,medium,0,0,200,0,200,18,0,missile,1-2-0,2,5,,True,True,True,3,0,1.0,4,4,2,0,True,False,,,,,,,,,0.6379484399463325,,False,False,False,False,
role_conditioned_ar_ppo_order_120,learning,medium,medium,0,0,200,0,200,19,1,missile,1-2-0,0,5,,True,True,True,3,0,1.0,5,5,2,0,True,False,,,,,,,,,0.7259593667223622,,False,False,False,False,
role_conditioned_ar_ppo_order_120,learning,medium,medium,0,0,200,0,200,19,2,laser,1-2-0,1,5,,True,True,True,10,0,1.0,4,4,2,0,True,False,,,,,,,,,0.20388852773243932,,False,False,False,False,
role_conditioned_ar_ppo_order_120,learning,medium,medium,0,0,200,0,200,19,0,missile,1-2-0,2,5,,True,True,True,3,0,1.0,4,4,2,0,True,False,,,,,,,,,0.6580042286216224,,False,False,False,False,
role_conditioned_ar_ppo_order_120,learning,medium,medium,0,0,200,0,200,20,1,missile,1-2-0,0,5,,True,True,True,3,0,1.0,5,5,2,0,True,False,,,,,,,,,0.7455197810989792,,False,False,False,False,
role_conditioned_ar_ppo_order_120,learning,medium,medium,0,0,200,0,200,20,2,laser,1-2-0,1,5,,True,True,True,10,0,1.0,4,4,2,0,True,False,,,,,,,,,0.21465233849607127,,False,False,False,False,
role_conditioned_ar_ppo_order_120,learning,medium,medium,0,0,200,0,200,20,0,missile,1-2-0,2,5,,True,True,True,3,0,1.0,4,4,2,0,True,False,,,,,,,,,0.6779708973772921,,False,False,False,False,
role_conditioned_ar_ppo_order_120,learning,medium,medium,0,0,200,0,200,21,1,missile,1-2-0,0,5,,True,True,True,3,0,1.0,5,5,2,0,True,False,,,,,,,,,0.7649219280934739,,False,False,False,False,
role_conditioned_ar_ppo_order_120,learning,medium,medium,0,0,200,0,200,21,2,laser,1-2-0,1,5,,True,True,True,10,0,1.0,4,4,2,0,True,False,,,,,,,,,0.23421407531659097,,False,False,False,False,
role_conditioned_ar_ppo_order_120,learning,medium,medium,0,0,200,0,200,21,0,missile,1-2-0,2,5,,True,True,True,3,0,1.0,4,4,2,0,True,False,,,,,,,,,0.6978367130466274,,False,False,False,False,
role_conditioned_ar_ppo_order_120,learning,medium,medium,0,0,200,0,200,22,1,missile,1-2-0,0,5,,True,True,True,3,0,1.0,5,5,2,0,True,False,,,,,,,,,0.7841414548664887,,False,False,False,False,
role_conditioned_ar_ppo_order_120,learning,medium,medium,0,0,200,0,200,22,2,laser,1-2-0,1,5,,True,True,True,10,0,1.0,4,4,2,0,True,False,,,,,,,,,0.2591709279691106,,False,False,False,False,
role_conditioned_ar_ppo_order_120,learning,medium,medium,0,0,200,0,200,22,0,missile,1-2-0,2,5,,True,True,True,3,0,1.0,4,4,2,0,True,False,,,,,,,,,0.7175882737458708,,False,False,False,False,
role_conditioned_ar_ppo_order_120,learning,medium,medium,0,0,200,0,200,23,1,missile,1-2-0,0,5,,True,True,True,3,0,1.0,5,5,2,0,True,False,,,,,,,,,0.8031490285012376,,False,False,False,False,
role_conditioned_ar_ppo_order_120,learning,medium,medium,0,0,200,0,200,23,2,laser,1-2-0,1,5,,True,True,True,10,0,1.0,4,4,2,0,True,False,,,,,,,,,0.2841076034536147,,False,False,False,False,
role_conditioned_ar_ppo_order_120,learning,medium,medium,0,0,200,0,200,23,0,missile,1-2-0,2,5,,True,True,True,3,0,1.0,4,4,2,0,True,False,,,,,,,,,0.737209648441994,,False,False,False,False,
role_conditioned_ar_ppo_order_120,learning,medium,medium,0,0,200,0,200,24,1,missile,1-2-0,0,5,,True,True,True,3,0,1.0,5,5,2,0,True,False,,,,,,,,,0.8219090844657249,,False,False,False,False,
role_conditioned_ar_ppo_order_120,learning,medium,medium,0,0,200,0,200,24,2,laser,1-2-0,1,5,,True,True,True,10,0,1.0,4,4,2,0,True,False,,,,,,,,,0.30902148621128633,,False,False,False,False,
role_conditioned_ar_ppo_order_120,learning,medium,medium,0,0,200,0,200,24,0,missile,1-2-0,2,5,,True,True,True,3,0,1.0,4,4,2,0,True,False,,,,,,,,,0.7566819336997358,,False,False,False,False,
role_conditioned_ar_ppo_order_120,learning,medium,medium,0,0,200,0,200,25,1,missile,1-2-0,0,5,,True,True,True,3,0,1.0,5,5,2,0,True,False,,,,,,,,,0.840378340411627,,False,False,False,False,
role_conditioned_ar_ppo_order_120,learning,medium,medium,0,0,200,0,200,25,2,laser,1-2-0,1,5,,True,True,True,10,0,1.0,4,4,2,0,True,False,,,,,,,,,0.33390958703204915,,False,False,False,False,
role_conditioned_ar_ppo_order_120,learning,medium,medium,0,0,200,0,200,25,0,missile,1-2-0,2,5,,True,True,True,3,0,1.0,4,4,2,0,True,False,,,,,,,,,0.7759824714704859,,False,False,False,False,
role_conditioned_ar_ppo_order_120,learning,medium,medium,0,0,200,0,200,26,1,missile,1-2-0,0,5,,True,True,True,3,0,1.0,5,5,2,0,True,False,,,,,,,,,0.8585036320568772,,False,False,False,False,
role_conditioned_ar_ppo_order_120,learning,medium,medium,0,0,200,0,200,26,2,laser,1-2-0,1,5,,True,True,True,10,0,1.0,4,4,2,0,True,False,,,,,,,,,0.35876841850414737,,False,False,False,False,
role_conditioned_ar_ppo_order_120,learning,medium,medium,0,0,200,0,200,26,0,missile,1-2-0,2,5,,True,True,True,3,0,1.0,4,4,2,0,True,False,,,,,,,,,0.7950842754708014,,False,False,False,False,
role_conditioned_ar_ppo_order_120,learning,medium,medium,0,0,200,0,200,27,1,missile,1-2-0,0,5,,True,True,True,3,0,1.0,5,5,2,0,True,False,,,,,,,,,0.8762195665523215,,False,False,False,False,
role_conditioned_ar_ppo_order_120,learning,medium,medium,0,0,200,0,200,27,2,laser,1-2-0,1,5,,True,True,True,10,0,1.0,4,4,2,0,True,False,,,,,,,,,0.38359359022528133,,False,False,False,False,
role_conditioned_ar_ppo_order_120,learning,medium,medium,0,0,200,0,200,27,0,missile,1-2-0,2,5,,True,True,True,3,0,1.0,4,4,2,0,True,False,,,,,,,,,0.8139545189075869,,False,False,False,False,
role_conditioned_ar_ppo_order_120,learning,medium,medium,0,0,200,0,200,28,1,missile,1-2-0,0,5,,True,True,True,3,0,1.0,5,5,2,0,True,False,,,,,,,,,0.8934450546791132,,False,False,False,False,
role_conditioned_ar_ppo_order_120,learning,medium,medium,0,0,200,0,200,28,2,laser,1-2-0,1,5,,True,True,True,10,0,1.0,4,4,2,0,True,False,,,,,,,,,0.4083800267658423,,False,False,False,False,
role_conditioned_ar_ppo_order_120,learning,medium,medium,0,0,200,0,200,28,0,missile,1-2-0,2,5,,True,True,True,3,0,1.0,5,5,2,0,True,False,,,,,,,,,0.8325534654562365,,False,False,False,False,
role_conditioned_ar_ppo_order_120,learning,medium,medium,0,0,200,0,200,29,1,missile,1-2-0,0,5,,True,True,True,3,0,1.0,5,5,2,0,True,False,,,,,,,,,0.9100794519405481,,False,False,False,False,
role_conditioned_ar_ppo_order_120,learning,medium,medium,0,0,200,0,200,29,2,laser,1-2-0,1,5,,True,True,True,10,0,1.0,4,4,2,0,True,False,,,,,,,,,0.43312159401765227,,False,False,False,False,
role_conditioned_ar_ppo_order_120,learning,medium,medium,0,0,200,0,200,29,0,missile,1-2-0,2,5,,True,True,True,3,0,1.0,5,5,2,0,True,False,,,,,,,,,0.8508324094380348,,False,False,False,False,
role_conditioned_ar_ppo_order_120,learning,medium,medium,0,0,200,0,200,30,1,missile,1-2-0,0,5,,True,True,True,3,0,1.0,5,5,2,0,True,False,,,,,,,,,0.9259977610005647,,False,False,False,False,
role_conditioned_ar_ppo_order_120,learning,medium,medium,0,0,200,0,200,30,2,laser,1-2-0,1,5,,True,True,True,10,0,1.0,4,4,2,0,True,False,,,,,,,,,0.4578106944051009,,False,False,False,False,
role_conditioned_ar_ppo_order_120,learning,medium,medium,0,0,200,0,200,30,0,missile,1-2-0,2,5,,True,True,True,3,0,1.0,5,5,2,0,True,False,,,,,,,,,0.8687315377764433,,False,False,False,False,
role_conditioned_ar_ppo_order_120,learning,medium,medium,0,0,200,0,200,31,1,missile,1-2-0,0,5,,True,True,True,3,0,1.0,5,5,2,0,True,False,,,,,,,,,0.9410451040585359,,False,False,False,False,
role_conditioned_ar_ppo_order_120,learning,medium,medium,0,0,200,0,200,31,2,laser,1-2-0,1,5,,True,True,True,10,0,1.0,4,4,2,0,True,False,,,,,,,,,0.48243792437148925,,False,False,False,False,
role_conditioned_ar_ppo_order_120,learning,medium,medium,0,0,200,0,200,31,0,missile,1-2-0,2,5,,True,True,True,3,0,1.0,5,5,2,0,True,False,,,,,,,,,0.8861769054474586,,False,False,False,False,
role_conditioned_ar_ppo_order_120,learning,medium,medium,0,0,200,0,200,32,1,missile,1-2-0,0,5,,True,True,True,3,0,1.0,5,5,2,0,True,False,,,,,,,,,0.9550313907768402,,False,False,False,False,
role_conditioned_ar_ppo_order_120,learning,medium,medium,0,0,200,0,200,32,2,laser,1-2-0,1,5,,True,True,True,10,0,1.0,4,4,2,0,True,False,,,,,,,,,0.5069916384525617,,False,False,False,False,
role_conditioned_ar_ppo_order_120,learning,medium,medium,0,0,200,0,200,32,0,missile,1-2-0,2,5,,True,True,True,3,0,1.0,5,5,2,0,True,False,,,,,,,,,0.9030767330136722,,False,False,False,False,
role_conditioned_ar_ppo_order_120,learning,medium,medium,0,0,200,0,200,33,1,missile,1-2-0,0,5,,True,True,True,3,0,1.0,5,5,2,0,True,False,,,,,,,,,0.9677272898936226,,False,False,False,False,
role_conditioned_ar_ppo_order_120,learning,medium,medium,0,0,200,0,200,33,2,laser,1-2-0,1,5,,True,True,True,10,0,1.0,4,4,2,0,True,False,,,,,,,,,0.5314570462859608,,False,False,False,False,
role_conditioned_ar_ppo_order_120,learning,medium,medium,0,0,200,0,200,33,0,missile,1-2-0,2,5,,True,True,True,3,0,1.0,5,5,2,0,True,False,,,,,,,,,0.919317000168326,,False,False,False,False,
role_conditioned_ar_ppo_order_120,learning,medium,medium,0,0,200,0,200,34,1,missile,1-2-0,0,5,,True,True,True,3,0,1.0,4,4,2,0,True,False,,,,,,,,,0.9788641640385359,,False,False,False,False,
role_conditioned_ar_ppo_order_120,learning,medium,medium,0,0,200,0,200,34,2,laser,1-2-0,1,5,,True,True,True,10,0,1.0,3,3,2,0,True,False,,,,,,,,,0.5558151850702647,,False,False,False,False,
role_conditioned_ar_ppo_order_120,learning,medium,medium,0,0,200,0,200,34,0,missile,1-2-0,2,5,,True,True,True,3,0,1.0,4,4,2,0,True,False,,,,,,,,,0.9347562570682545,,False,False,False,False,
role_conditioned_ar_ppo_order_120,learning,medium,medium,0,0,200,0,200,35,1,missile,1-2-0,0,5,,True,True,True,3,0,1.0,4,4,2,0,True,False,,,,,,,,,0.9881421004335142,,False,False,False,False,
role_conditioned_ar_ppo_order_120,learning,medium,medium,0,0,200,0,200,35,2,laser,1-2-0,1,5,,True,True,True,10,0,1.0,3,3,2,0,True,False,,,,,,,,,0.5800413938223433,,False,False,False,False,
role_conditioned_ar_ppo_order_120,learning,medium,medium,0,0,200,0,200,35,0,missile,1-2-0,2,5,,True,True,True,3,0,1.0,4,4,2,0,True,False,,,,,,,,,0.9492199924138625,,False,False,False,False,
role_conditioned_ar_ppo_order_120,learning,medium,medium,0,0,200,0,200,36,1,missile,1-2-0,0,5,,True,True,True,3,0,1.0,4,4,2,0,True,False,,,,,,,,,0.9952504178608179,,False,False,False,False,
role_conditioned_ar_ppo_order_120,learning,medium,medium,0,0,200,0,200,36,2,laser,1-2-0,1,5,,True,True,True,10,0,1.0,3,3,2,0,True,False,,,,,,,,,0.6041030714698008,,False,False,False,False,
role_conditioned_ar_ppo_order_120,learning,medium,medium,0,0,200,0,200,36,0,missile,1-2-0,2,5,,True,True,True,3,0,1.0,4,4,2,0,True,False,,,,,,,,,0.9624959271455863,,False,False,False,False,
role_conditioned_ar_ppo_order_120,learning,medium,medium,0,0,200,0,200,37,1,missile,1-2-0,0,5,,True,True,True,3,0,1.0,3,3,1,0,True,False,,,,,,,,,0.579799894831866,,False,False,False,False,
role_conditioned_ar_ppo_order_120,learning,medium,medium,0,0,200,0,200,37,2,laser,1-2-0,1,5,,True,True,True,10,0,1.0,2,2,1,0,True,False,,,,,,,,,0.3395525318609927,,False,False,False,False,
role_conditioned_ar_ppo_order_120,learning,medium,medium,0,0,200,0,200,37,0,missile,1-2-0,2,5,,True,True,True,3,0,1.0,3,3,1,0,True,False,,,,,,,,,0.6572713467013526,,False,False,False,False,
role_conditioned_ar_ppo_order_120,learning,medium,medium,0,0,200,0,200,38,1,missile,1-2-0,0,5,,True,True,True,3,0,1.0,3,3,1,0,True,False,,,,,,,,,0.5900747034124616,,False,False,False,False,
role_conditioned_ar_ppo_order_120,learning,medium,medium,0,0,200,0,200,38,2,laser,1-2-0,1,5,,True,True,True,10,0,1.0,2,2,1,0,True,False,,,,,,,,,0.35381834295075665,,False,False,False,False,
role_conditioned_ar_ppo_order_120,learning,medium,medium,0,0,200,0,200,38,0,missile,1-2-0,2,5,,True,True,True,3,0,1.0,3,3,1,0,True,False,,,,,,,,,0.6618202354406719,,False,False,False,False,
role_conditioned_ar_ppo_order_120,learning,medium,medium,0,0,200,0,200,39,1,missile,1-2-0,0,5,,True,True,True,3,0,1.0,3,3,1,0,True,False,,,,,,,,,0.6000916596989634,,False,False,False,False,
role_conditioned_ar_ppo_order_120,learning,medium,medium,0,0,200,0,200,39,2,laser,1-2-0,1,5,,True,True,True,10,0,1.0,2,2,1,0,True,False,,,,,,,,,0.36805950816935523,,False,False,False,False,
role_conditioned_ar_ppo_order_120,learning,medium,medium,0,0,200,0,200,39,0,missile,1-2-0,2,5,,True,True,True,3,0,1.0,3,3,1,0,True,False,,,,,,,,,0.6650186987763268,,False,False,False,False,
role_conditioned_ar_ppo_order_120,learning,medium,medium,0,0,200,0,200,40,1,missile,1-2-0,0,5,,True,True,True,3,0,1.0,3,3,1,0,True,False,,,,,,,,,0.609798726670256,,False,False,False,False,
role_conditioned_ar_ppo_order_120,learning,medium,medium,0,0,200,0,200,40,2,laser,1-2-0,1,5,,True,True,True,10,0,1.0,2,2,1,0,True,False,,,,,,,,,0.38227086245798,,False,False,False,False,
role_conditioned_ar_ppo_order_120,learning,medium,medium,0,0,200,0,200,40,0,missile,1-2-0,2,5,,True,True,True,3,0,1.0,3,3,1,0,True,False,,,,,,,,,0.6667259506839126,,False,False,False,False,
role_conditioned_ar_ppo_order_120,learning,medium,medium,0,0,200,0,200,41,1,missile,1-2-0,0,5,,True,True,True,3,0,1.0,3,3,1,0,True,False,,,,,,,,,0.6191313178011136,,False,False,False,False,
role_conditioned_ar_ppo_order_120,learning,medium,medium,0,0,200,0,200,41,2,laser,1-2-0,1,5,,True,True,True,10,0,1.0,2,2,1,0,True,False,,,,,,,,,0.39644567497227795,,False,False,False,False,
role_conditioned_ar_ppo_order_120,learning,medium,medium,0,0,200,0,200,41,0,missile,1-2-0,2,5,,True,True,True,3,0,1.0,3,3,1,0,True,False,,,,,,,,,0.6668588868828156,,False,False,False,False,
role_conditioned_ar_ppo_order_120,learning,medium,medium,0,0,200,1,201,0,1,missile,1-2-0,0,5,,True,True,True,3,0,1.0,1,1,0,0,True,False,,,,,,,,,0.04570618290578777,,False,False,False,False,
role_conditioned_ar_ppo_order_120,learning,medium,medium,0,0,200,1,201,0,2,laser,1-2-0,1,5,,True,True,True,10,0,1.0,0,0,0,0,False,False,,,,,,,,,0.0,,False,False,False,False,
role_conditioned_ar_ppo_order_120,learning,medium,medium,0,0,200,1,201,0,0,missile,1-2-0,2,5,,True,True,True,3,0,1.0,4,4,1,0,True,False,,,,,,,,,0.15911757954797048,,False,False,False,False,
role_conditioned_ar_ppo_order_120,learning,medium,medium,0,0,200,1,201,1,1,missile,1-2-0,0,5,,True,True,True,3,0,1.0,2,2,0,0,True,False,,,,,,,,,0.051470075504299946,,False,False,False,False,
role_conditioned_ar_ppo_order_120,learning,medium,medium,0,0,200,1,201,1,2,laser,1-2-0,1,5,,True,True,True,10,0,1.0,0,0,0,0,False,False,,,,,,,,,0.0,,False,False,False,False,
role_conditioned_ar_ppo_order_120,learning,medium,medium,0,0,200,1,201,1,0,missile,1-2-0,2,5,,True,True,True,3,0,1.0,4,4,1,0,True,False,,,,,,,,,0.17942875769235628,,False,False,False,False,
role_conditioned_ar_ppo_order_120,learning,medium,medium,0,0,200,1,201,2,1,missile,1-2-0,0,5,,True,True,True,3,0,1.0,2,2,0,0,True,False,,,,,,,,,0.057233809575553476,,False,False,False,False,
role_conditioned_ar_ppo_order_120,learning,medium,medium,0,0,200,1,201,2,2,laser,1-2-0,1,5,,True,True,True,10,0,1.0,0,0,0,0,False,False,,,,,,,,,0.0,,False,False,False,False,
role_conditioned_ar_ppo_order_120,learning,medium,medium,0,0,200,1,201,2,0,missile,1-2-0,2,5,,True,True,True,3,0,1.0,4,4,1,0,True,False,,,,,,,,,0.19973872858804628,,False,False,False,False,
role_conditioned_ar_ppo_order_120,learning,medium,medium,0,0,200,1,201,3,1,missile,1-2-0,0,5,,True,True,True,3,0,1.0,5,5,1,0,True,False,,,,,,,,,0.0629973454877336,,False,False,False,False,
role_conditioned_ar_ppo_order_120,learning,medium,medium,0,0,200,1,201,3,2,laser,1-2-0,1,5,,True,True,True,10,0,1.0,0,0,0,0,False,False,,,,,,,,,0.0,,False,False,False,False,
role_conditioned_ar_ppo_order_120,learning,medium,medium,0,0,200,1,201,3,0,missile,1-2-0,2,5,,True,True,True,3,0,1.0,4,4,1,0,True,False,,,,,,,,,0.22004745672772608,,False,False,False,False,
role_conditioned_ar_ppo_order_120,learning,medium,medium,0,0,200,1,201,4,1,missile,1-2-0,0,5,,True,True,True,3,0,1.0,5,5,1,0,True,False,,,,,,,,,0.06876072287265508,,False,False,False,False,
role_conditioned_ar_ppo_order_120,learning,medium,medium,0,0,200,1,201,4,2,laser,1-2-0,1,5,,True,True,True,10,0,1.0,0,0,0,0,False,False,,,,,,,,,0.0,,False,False,False,False,
role_conditioned_ar_ppo_order_120,learning,medium,medium,0,0,200,1,201,4,0,missile,1-2-0,2,5,,True,True,True,3,0,1.0,4,4,1,0,True,False,,,,,,,,,0.24035469356019346,,False,False,False,False,
role_conditioned_ar_ppo_order_120,learning,medium,medium,0,0,200,1,201,5,1,missile,1-2-0,0,5,,True,True,True,3,0,1.0,5,5,1,0,True,False,,,,,,,,,0.08739042785257439,,False,False,False,False,
role_conditioned_ar_ppo_order_120,learning,medium,medium,0,0,200,1,201,5,2,laser,1-2-0,1,5,,True,True,True,10,0,1.0,0,0,0,0,False,False,,,,,,,,,0.0,,False,False,False,False,
role_conditioned_ar_ppo_order_120,learning,medium,medium,0,0,200,1,201,5,0,missile,1-2-0,2,5,,True,True,True,3,0,1.0,4,4,1,0,True,False,,,,,,,,,0.26066033256350485,,False,False,False,False,
role_conditioned_ar_ppo_order_120,learning,medium,medium,0,0,200,1,201,6,1,missile,1-2-0,0,5,,True,True,True,3,0,1.0,5,5,1,0,True,False,,,,,,,,,0.10710402390833425,,False,False,False,False,
role_conditioned_ar_ppo_order_120,learning,medium,medium,0,0,200,1,201,6,2,laser,1-2-0,1,5,,True,True,True,10,0,1.0,0,0,0,0,False,False,,,,,,,,,0.0,,False,False,False,False,
role_conditioned_ar_ppo_order_120,learning,medium,medium,0,0,200,1,201,6,0,missile,1-2-0,2,5,,True,True,True,3,0,1.0,4,4,1,0,True,False,,,,,,,,,0.28096423170840173,,False,False,False,False,
role_conditioned_ar_ppo_order_120,learning,medium,medium,0,0,200,1,201,7,1,missile,1-2-0,0,5,,True,True,True,3,0,1.0,5,5,1,0,True,False,,,,,,,,,0.12678759267754816,,False,False,False,False,
role_conditioned_ar_ppo_order_120,learning,medium,medium,0,0,200,1,201,7,2,laser,1-2-0,1,5,,True,True,True,10,0,1.0,0,0,0,0,False,False,,,,,,,,,0.0,,False,False,False,False,
role_conditioned_ar_ppo_order_120,learning,medium,medium,0,0,200,1,201,7,0,missile,1-2-0,2,5,,True,True,True,3,0,1.0,4,4,1,0,True,False,,,,,,,,,0.30126607142905304,,False,False,False,False,
role_conditioned_ar_ppo_order_120,learning,medium,medium,0,0,200,1,201,8,1,missile,1-2-0,0,5,,True,True,True,3,0,1.0,5,5,1,0,True,False,,,,,,,,,0.1464371182731168,,False,False,False,False,
role_conditioned_ar_ppo_order_120,learning,medium,medium,0,0,200,1,201,8,2,laser,1-2-0,1,5,,True,True,True,10,0,1.0,1,1,0,0,True,False,,,,,,,,,0.0007526952032062032,,False,False,False,False,
role_conditioned_ar_ppo_order_120,learning,medium,medium,0,0,200,1,201,8,0,missile,1-2-0,2,5,,True,True,True,3,0,1.0,4,4,1,0,True,False,,,,,,,,,0.32156560317425675,,False,False,False,False,
role_conditioned_ar_ppo_order_120,learning,medium,medium,0,0,200,1,201,9,1,missile,1-2-0,0,5,,True,True,True,3,0,1.0,5,5,1,0,True,False,,,,,,,,,0.16604779737909803,,False,False,False,False,
role_conditioned_ar_ppo_order_120,learning,medium,medium,0,0,200,1,201,9,2,laser,1-2-0,1,5,,True,True,True,10,0,1.0,1,1,0,0,True,False,,,,,,,,,0.0075194977298956535,,False,False,False,False,
role_conditioned_ar_ppo_order_120,learning,medium,medium,0,0,200,1,201,9,0,missile,1-2-0,2,5,,True,True,True,3,0,1.0,4,4,1,0,True,False,,,,,,,,,0.34186254288549606,,False,False,False,False,
role_conditioned_ar_ppo_order_120,learning,medium,medium,0,0,200,1,201,10,1,missile,1-2-0,0,5,,True,True,True,3,0,1.0,5,5,1,0,True,False,,,,,,,,,0.18561393426019424,,False,False,False,False,
role_conditioned_ar_ppo_order_120,learning,medium,medium,0,0,200,1,201,10,2,laser,1-2-0,1,5,,True,True,True,10,0,1.0,1,1,0,0,True,False,,,,,,,,,0.014281141406196836,,False,False,False,False,
role_conditioned_ar_ppo_order_120,learning,medium,medium,0,0,200,1,201,10,0,missile,1-2-0,2,5,,True,True,True,3,0,1.0,4,4,1,0,True,False,,,,,,,,,0.36215653548962523,,False,False,False,False,
role_conditioned_ar_ppo_order_120,learning,medium,medium,0,0,200,1,201,11,1,missile,1-2-0,0,5,,True,True,True,3,0,1.0,5,5,1,0,True,False,,,,,,,,,0.20512859954258708,,False,False,False,False,
role_conditioned_ar_ppo_order_120,learning,medium,medium,0,0,200,1,201,11,2,laser,1-2-0,1,5,,True,True,True,10,0,1.0,1,1,0,0,True,False,,,,,,,,,0.021037318594242564,,False,False,False,False,
role_conditioned_ar_ppo_order_120,learning,medium,medium,0,0,200,1,201,11,0,missile,1-2-0,2,5,,True,True,True,3,0,1.0,4,4,1,0,True,False,,,,,,,,,0.38244711939155474,,False,False,False,False,
role_conditioned_ar_ppo_order_120,learning,medium,medium,0,0,200,1,201,12,1,missile,1-2-0,0,5,,True,True,True,3,0,1.0,5,5,1,0,True,False,,,,,,,,,0.2245834727281689,,False,False,False,False,
role_conditioned_ar_ppo_order_120,learning,medium,medium,0,0,200,1,201,12,2,laser,1-2-0,1,5,,True,True,True,10,0,1.0,2,2,0,0,True,False,,,,,,,,,0.027787650662811712,,False,False,False,False,
role_conditioned_ar_ppo_order_120,learning,medium,medium,0,0,200,1,201,12,0,missile,1-2-0,2,5,,True,True,True,3,0,1.0,4,4,1,0,True,False,,,,,,,,,0.40273376198156596,,False,False,False,False,
role_conditioned_ar_ppo_order_120,learning,medium,medium,0,0,200,1,201,13,1,missile,1-2-0,0,5,,True,True,True,3,0,1.0,5,5,1,0,True,False,,,,,,,,,0.24396829099435285,,False,False,False,False,
role_conditioned_ar_ppo_order_120,learning,medium,medium,0,0,200,1,201,13,2,laser,1-2-0,1,5,,True,True,True,10,0,1.0,2,2,0,0,True,False,,,,,,,,,0.039397572747822046,,False,False,False,False,
role_conditioned_ar_ppo_order_120,learning,medium,medium,0,0,200,1,201,13,0,missile,1-2-0,2,5,,True,True,True,3,0,1.0,4,4,1,0,True,False,,,,,,,,,0.42301582412799643,,False,False,False,False,
role_conditioned_ar_ppo_order_120,learning,medium,medium,0,0,200,1,201,14,1,missile,1-2-0,0,5,,True,True,True,3,0,1.0,5,5,1,0,True,False,,,,,,,,,0.2632704029843949,,False,False,False,False,
role_conditioned_ar_ppo_order_120,learning,medium,medium,0,0,200,1,201,14,2,laser,1-2-0,1,5,,True,True,True,10,0,1.0,2,2,0,0,True,False,,,,,,,,,0.05936465928502111,,False,False,False,False,
role_conditioned_ar_ppo_order_120,learning,medium,medium,0,0,200,1,201,14,0,missile,1-2-0,2,5,,True,True,True,3,0,1.0,4,4,1,0,True,False,,,,,,,,,0.4432924891626108,,False,False,False,False,
role_conditioned_ar_ppo_order_120,learning,medium,medium,0,0,200,1,201,15,1,missile,1-2-0,0,5,,True,True,True,3,0,1.0,5,5,1,0,True,False,,,,,,,,,0.2824739551309229,,False,False,False,False,
role_conditioned_ar_ppo_order_120,learning,medium,medium,0,0,200,1,201,15,2,laser,1-2-0,1,5,,True,True,True,10,0,1.0,3,3,1,0,True,False,,,,,,,,,0.07886197369216606,,False,False,False,False,
role_conditioned_ar_ppo_order_120,learning,medium,medium,0,0,200,1,201,15,0,missile,1-2-0,2,5,,True,True,True,3,0,1.0,4,4,1,0,True,False,,,,,,,,,0.4635627273732862,,False,False,False,False,
role_conditioned_ar_ppo_order_120,learning,medium,medium,0,0,200,1,201,16,1,missile,1-2-0,0,5,,True,True,True,3,0,1.0,5,5,1,0,True,False,,,,,,,,,0.3015588942460687,,False,False,False,False,
role_conditioned_ar_ppo_order_120,learning,medium,medium,0,0,200,1,201,16,2,laser,1-2-0,1,5,,True,True,True,10,0,1.0,4,4,1,0,True,False,,,,,,,,,0.09781187364149657,,False,False,False,False,
role_conditioned_ar_ppo_order_120,learning,medium,medium,0,0,200,1,201,16,0,missile,1-2-0,2,5,,True,True,True,3,0,1.0,4,4,1,0,True,False,,,,,,,,,0.48382533151132695,,False,False,False,False,
role_conditioned_ar_ppo_order_120,learning,medium,medium,0,0,200,1,201,17,1,missile,1-2-0,0,5,,True,True,True,3,0,1.0,5,5,1,0,True,False,,,,,,,,,0.3204995763971789,,False,False,False,False,
role_conditioned_ar_ppo_order_120,learning,medium,medium,0,0,200,1,201,17,2,laser,1-2-0,1,5,,True,True,True,10,0,1.0,4,4,1,0,True,False,,,,,,,,,0.11612173374805827,,False,False,False,False,
role_conditioned_ar_ppo_order_120,learning,medium,medium,0,0,200,1,201,17,0,missile,1-2-0,2,5,,True,True,True,3,0,1.0,4,4,1,0,True,False,,,,,,,,,0.504078650486605,,False,False,False,False,
role_conditioned_ar_ppo_order_120,learning,medium,medium,0,0,200,1,201,18,1,missile,1-2-0,0,5,,True,True,True,3,0,1.0,5,5,1,0,True,False,,,,,,,,,0.3392625621060547,,False,False,False,False,
role_conditioned_ar_ppo_order_120,learning,medium,medium,0,0,200,1,201,18,2,laser,1-2-0,1,5,,True,True,True,10,0,1.0,4,4,1,0,True,False,,,,,,,,,0.13368103045606486,,False,False,False,False,
role_conditioned_ar_ppo_order_120,learning,medium,medium,0,0,200,1,201,18,0,missile,1-2-0,2,5,,True,True,True,3,0,1.0,4,4,1,0,True,False,,,,,,,,,0.5243205716139032,,False,False,False,False,
role_conditioned_ar_ppo_order_120,learning,medium,medium,0,0,200,1,201,19,1,missile,1-2-0,0,5,,True,True,True,3,0,1.0,5,5,1,0,True,False,,,,,,,,,0.3578038341003729,,False,False,False,False,
role_conditioned_ar_ppo_order_120,learning,medium,medium,0,0,200,1,201,19,2,laser,1-2-0,1,5,,True,True,True,10,0,1.0,4,4,1,0,True,False,,,,,,,,,0.15035858365179933,,False,False,False,False,
role_conditioned_ar_ppo_order_120,learning,medium,medium,0,0,200,1,201,19,0,missile,1-2-0,2,5,,True,True,True,3,0,1.0,5,5,1,0,True,False,,,,,,,,,0.5445482898153694,,False,False,False,False,
role_conditioned_ar_ppo_order_120,learning,medium,medium,0,0,200,1,201,20,1,missile,1-2-0,0,5,,True,True,True,3,0,1.0,5,5,1,0,True,False,,,,,,,,,0.3760643089692814,,False,False,False,False,
role_conditioned_ar_ppo_order_120,learning,medium,medium,0,0,200,1,201,20,2,laser,1-2-0,1,5,,True,True,True,10,0,1.0,4,4,1,0,True,False,,,,,,,,,0.16600017442021076,,False,False,False,False,
role_conditioned_ar_ppo_order_120,learning,medium,medium,0,0,200,1,201,20,0,missile,1-2-0,2,5,,True,True,True,3,0,1.0,5,5,1,0,True,False,,,,,,,,,0.5647579880546865,,False,False,False,False,
role_conditioned_ar_ppo_order_120,learning,medium,medium,0,0,200,1,201,21,1,missile,1-2-0,0,5,,True,True,True,3,0,1.0,5,5,1,0,True,False,,,,,,,,,0.39396338024688615,,False,False,False,False,
role_conditioned_ar_ppo_order_120,learning,medium,medium,0,0,200,1,201,21,2,laser,1-2-0,1,5,,True,True,True,10,0,1.0,4,4,1,0,True,False,,,,,,,,,0.18042663298113049,,False,False,False,False,
role_conditioned_ar_ppo_order_120,learning,medium,medium,0,0,200,1,201,21,0,missile,1-2-0,2,5,,True,True,True,3,0,1.0,5,5,1,0,True,False,,,,,,,,,0.5849444112492965,,False,False,False,False,
role_conditioned_ar_ppo_order_120,learning,medium,medium,0,0,200,1,201,22,1,missile,1-2-0,0,5,,True,True,True,3,0,1.0,5,5,1,0,True,False,,,,,,,,,0.4113891411707844,,False,False,False,False,
role_conditioned_ar_ppo_order_120,learning,medium,medium,0,0,200,1,201,22,2,laser,1-2-0,1,5,,True,True,True,10,0,1.0,4,4,1,0,True,False,,,,,,,,,0.19343443425012255,,False,False,False,False,
role_conditioned_ar_ppo_order_120,learning,medium,medium,0,0,200,1,201,22,0,missile,1-2-0,2,5,,True,True,True,3,0,1.0,5,5,1,0,True,False,,,,,,,,,0.6050999430802222,,False,False,False,False,
role_conditioned_ar_ppo_order_120,learning,medium,medium,0,0,200,1,201,23,1,missile,1-2-0,0,5,,True,True,True,3,0,1.0,5,5,1,0,True,False,,,,,,,,,0.42818356789600237,,False,False,False,False,
role_conditioned_ar_ppo_order_120,learning,medium,medium,0,0,200,1,201,23,2,laser,1-2-0,1,5,,True,True,True,10,0,1.0,4,4,1,0,True,False,,,,,,,,,0.2047994906207443,,False,False,False,False,
role_conditioned_ar_ppo_order_120,learning,medium,medium,0,0,200,1,201,23,0,missile,1-2-0,2,5,,True,True,True,3,0,1.0,5,5,1,0,True,False,,,,,,,,,0.6252133277287419,,False,False,False,False,
role_conditioned_ar_ppo_order_120,learning,medium,medium,0,0,200,1,201,24,1,missile,1-2-0,0,5,,True,True,True,3,0,1.0,5,5,1,0,True,False,,,,,,,,,0.4441205108588338,,False,False,False,False,
role_conditioned_ar_ppo_order_120,learning,medium,medium,0,0,200,1,201,24,2,laser,1-2-0,1,5,,True,True,True,10,0,1.0,4,4,1,0,True,False,,,,,,,,,0.22705347304758325,,False,False,False,False,
role_conditioned_ar_ppo_order_120,learning,medium,medium,0,0,200,1,201,24,0,missile,1-2-0,2,5,,True,True,True,3,0,1.0,5,5,1,0,True,False,,,,,,,,,0.6452671399802254,,False,False,False,False,
role_conditioned_ar_ppo_order_120,learning,medium,medium,0,0,200,1,201,25,1,missile,1-2-0,0,5,,True,True,True,3,0,1.0,5,5,1,0,True,False,,,,,,,,,0.45887406638497963,,False,False,False,False,
role_conditioned_ar_ppo_order_120,learning,medium,medium,0,0,200,1,201,25,2,laser,1-2-0,1,5,,True,True,True,10,0,1.0,4,4,1,0,True,False,,,,,,,,,0.2499859751694275,,False,False,False,False,
role_conditioned_ar_ppo_order_120,learning,medium,medium,0,0,200,1,201,25,0,missile,1-2-0,2,5,,True,True,True,3,0,1.0,5,5,1,0,True,False,,,,,,,,,0.6652329384756948,,False,False,False,False,
role_conditioned_ar_ppo_order_120,learning,medium,medium,0,0,200,1,201,26,1,missile,1-2-0,0,5,,True,True,True,3,0,1.0,5,5,1,0,True,False,,,,,,,,,0.4719792971140972,,False,False,False,False,
role_conditioned_ar_ppo_order_120,learning,medium,medium,0,0,200,1,201,26,2,laser,1-2-0,1,5,,True,True,True,10,0,1.0,4,4,1,0,True,False,,,,,,,,,0.27273111803062317,,False,False,False,False,
role_conditioned_ar_ppo_order_120,learning,medium,medium,0,0,200,1,201,26,0,missile,1-2-0,2,5,,True,True,True,3,0,1.0,5,5,1,0,True,False,,,,,,,,,0.6850610218515666,,False,False,False,False,
role_conditioned_ar_ppo_order_120,learning,medium,medium,0,0,200,1,201,27,1,missile,1-2-0,0,5,,True,True,True,3,0,1.0,5,5,1,0,True,False,,,,,,,,,0.4899135576984173,,False,False,False,False,
role_conditioned_ar_ppo_order_120,learning,medium,medium,0,0,200,1,201,27,2,laser,1-2-0,1,5,,True,True,True,10,0,1.0,4,4,1,0,True,False,,,,,,,,,0.29524840641923894,,False,False,False,False,
role_conditioned_ar_ppo_order_120,learning,medium,medium,0,0,200,1,201,27,0,missile,1-2-0,2,5,,True,True,True,3,0,1.0,5,5,1,0,True,False,,,,,,,,,0.7046566743461999,,False,False,False,False,
role_conditioned_ar_ppo_order_120,learning,medium,medium,0,0,200,1,201,28,1,missile,1-2-0,0,5,,True,True,True,3,0,1.0,5,5,1,0,True,False,,,,,,,,,0.5101636987690407,,False,False,False,False,
role_conditioned_ar_ppo_order_120,learning,medium,medium,0,0,200,1,201,28,2,laser,1-2-0,1,5,,True,True,True,10,0,1.0,4,4,1,0,True,False,,,,,,,,,0.31748549338330684,,False,False,False,False,
role_conditioned_ar_ppo_order_120,learning,medium,medium,0,0,200,1,201,28,0,missile,1-2-0,2,5,,True,True,True,3,0,1.0,5,5,1,0,True,False,,,,,,,,,0.7238167408592271,,False,False,False,False,
role_conditioned_ar_ppo_order_120,learning,medium,medium,0,0,200,1,201,29,1,missile,1-2-0,0,5,,True,True,True,3,0,1.0,5,5,1,0,True,False,,,,,,,,,0.5304016963380777,,False,False,False,False,
role_conditioned_ar_ppo_order_120,learning,medium,medium,0,0,200,1,201,29,2,laser,1-2-0,1,5,,True,True,True,10,0,1.0,4,4,1,0,True,False,,,,,,,,,0.3393736218692698,,False,False,False,False,
role_conditioned_ar_ppo_order_120,learning,medium,medium,0,0,200,1,201,29,0,missile,1-2-0,2,5,,True,True,True,3,0,1.0,5,5,1,0,True,False,,,,,,,,,0.7420291837223373,,False,False,False,False,
role_conditioned_ar_ppo_order_120,learning,medium,medium,0,0,200,1,201,30,1,missile,1-2-0,0,5,,True,True,True,3,0,1.0,5,5,1,0,True,False,,,,,,,,,0.5506244435155028,,False,False,False,False,
role_conditioned_ar_ppo_order_120,learning,medium,medium,0,0,200,1,201,30,2,laser,1-2-0,1,5,,True,True,True,10,0,1.0,4,4,1,0,True,False,,,,,,,,,0.3608213278225352,,False,False,False,False,
role_conditioned_ar_ppo_order_120,learning,medium,medium,0,0,200,1,201,30,0,missile,1-2-0,2,5,,True,True,True,3,0,1.0,5,5,1,0,True,False,,,,,,,,,0.7577097109431286,,False,False,False,False,
role_conditioned_ar_ppo_order_120,learning,medium,medium,0,0,200,1,201,31,1,missile,1-2-0,0,5,,True,True,True,3,0,1.0,5,5,1,0,True,False,,,,,,,,,0.5708278036991673,,False,False,False,False,
role_conditioned_ar_ppo_order_120,learning,medium,medium,0,0,200,1,201,31,2,laser,1-2-0,1,5,,True,True,True,10,0,1.0,5,5,1,0,True,False,,,,,,,,,0.381705196254279,,False,False,False,False,
role_conditioned_ar_ppo_order_120,learning,medium,medium,0,0,200,1,201,31,0,missile,1-2-0,2,5,,True,True,True,3,0,1.0,5,5,1,0,True,False,,,,,,,,,0.7656622642166752,,False,False,False,False,
role_conditioned_ar_ppo_order_120,learning,medium,medium,0,0,200,1,201,32,1,missile,1-2-0,0,5,,True,True,True,3,0,1.0,4,4,1,0,True,False,,,,,,,,,0.5910058649211939,,False,False,False,False,
role_conditioned_ar_ppo_order_120,learning,medium,medium,0,0,200,1,201,32,2,laser,1-2-0,1,5,,True,True,True,10,0,1.0,4,4,1,0,True,False,,,,,,,,,0.40185654658537745,,False,False,False,False,
role_conditioned_ar_ppo_order_120,learning,medium,medium,0,0,200,1,201,32,0,missile,1-2-0,2,5,,True,True,True,3,0,1.0,4,4,1,0,True,False,,,,,,,,,0.759423830992877,,False,False,False,False,
role_conditioned_ar_ppo_order_120,learning,medium,medium,0,0,200,1,201,33,1,missile,1-2-0,0,5,,True,True,True,3,0,1.0,4,4,1,0,True,False,,,,,,,,,0.6111501231797405,,False,False,False,False,
role_conditioned_ar_ppo_order_120,learning,medium,medium,0,0,200,1,201,33,2,laser,1-2-0,1,5,,True,True,True,10,0,1.0,4,4,1,0,True,False,,,,,,,,,0.42104256314974686,,False,False,False,False,
role_conditioned_ar_ppo_order_120,learning,medium,medium,0,0,200,1,201,33,0,missile,1-2-0,2,5,,True,True,True,3,0,1.0,4,4,1,0,True,False,,,,,,,,,0.7443592136507848,,False,False,False,False,
role_conditioned_ar_ppo_order_120,learning,medium,medium,0,0,200,1,201,34,1,missile,1-2-0,0,5,,True,True,True,3,0,1.0,4,4,1,0,True,False,,,,,,,,,0.631247813595216,,False,False,False,False,
role_conditioned_ar_ppo_order_120,learning,medium,medium,0,0,200,1,201,34,2,laser,1-2-0,1,5,,True,True,True,10,0,1.0,4,4,1,0,True,False,,,,,,,,,0.43894071536544615,,False,False,False,False,
role_conditioned_ar_ppo_order_120,learning,medium,medium,0,0,200,1,201,34,0,missile,1-2-0,2,5,,True,True,True,3,0,1.0,4,4,1,0,True,False,,,,,,,,,0.726354244465178,,False,False,False,False,
role_conditioned_ar_ppo_order_120,learning,medium,medium,0,0,200,1,201,35,1,missile,1-2-0,0,5,,True,True,True,3,0,1.0,3,3,0,0,True,False,,,,,,,,,0.2682888197096588,,False,False,False,False,
role_conditioned_ar_ppo_order_120,learning,medium,medium,0,0,200,1,201,35,2,laser,1-2-0,1,5,,True,True,True,10,0,1.0,3,3,0,0,True,False,,,,,,,,,0.17975356306097984,,False,False,False,False,
role_conditioned_ar_ppo_order_120,learning,medium,medium,0,0,200,1,201,35,0,missile,1-2-0,2,5,,True,True,True,3,0,1.0,3,3,0,0,True,False,,,,,,,,,0.3522834256814326,,False,False,False,False,
role_conditioned_ar_ppo_order_120,learning,medium,medium,0,0,200,1,201,36,1,missile,1-2-0,0,5,,True,True,True,3,0,1.0,3,3,0,0,True,False,,,,,,,,,0.2676784534540481,,False,False,False,False,
role_conditioned_ar_ppo_order_120,learning,medium,medium,0,0,200,1,201,36,2,laser,1-2-0,1,5,,True,True,True,10,0,1.0,3,3,0,0,True,False,,,,,,,,,0.18606516803426046,,False,False,False,False,
role_conditioned_ar_ppo_order_120,learning,medium,medium,0,0,200,1,201,36,0,missile,1-2-0,2,5,,True,True,True,3,0,1.0,3,3,0,0,True,False,,,,,,,,,0.3575033319917687,,False,False,False,False,
role_conditioned_ar_ppo_order_120,learning,medium,medium,0,0,200,1,201,37,1,missile,1-2-0,0,5,,True,True,True,3,0,1.0,2,2,0,0,True,False,,,,,,,,,0.25873287392858063,,False,False,False,False,
role_conditioned_ar_ppo_order_120,learning,medium,medium,0,0,200,1,201,37,2,laser,1-2-0,1,5,,True,True,True,10,0,1.0,2,2,0,0,True,False,,,,,,,,,0.1923254684770745,,False,False,False,False,
role_conditioned_ar_ppo_order_120,learning,medium,medium,0,0,200,1,201,37,0,missile,1-2-0,2,5,,True,True,True,3,0,1.0,2,2,0,0,True,False,,,,,,,,,0.36264663000434544,,False,False,False,False,
role_conditioned_ar_ppo_order_120,learning,medium,medium,0,0,200,1,201,38,1,missile,1-2-0,0,5,,True,True,True,3,0,1.0,2,2,0,0,True,False,,,,,,,,,0.26447544461079975,,False,False,False,False,
role_conditioned_ar_ppo_order_120,learning,medium,medium,0,0,200,1,201,38,2,laser,1-2-0,1,5,,True,True,True,10,0,1.0,2,2,0,0,True,False,,,,,,,,,0.19852769635634382,,False,False,False,False,
role_conditioned_ar_ppo_order_120,learning,medium,medium,0,0,200,1,201,38,0,missile,1-2-0,2,5,,True,True,True,3,0,1.0,2,2,0,0,True,False,,,,,,,,,0.36769733323591997,,False,False,False,False,
role_conditioned_ar_ppo_order_120,learning,medium,medium,0,0,200,1,201,39,1,missile,1-2-0,0,5,,True,True,True,3,0,1.0,2,2,0,0,True,False,,,,,,,,,0.27021619222954396,,False,False,False,False,
role_conditioned_ar_ppo_order_120,learning,medium,medium,0,0,200,1,201,39,2,laser,1-2-0,1,5,,True,True,True,10,0,1.0,2,2,0,0,True,False,,,,,,,,,0.20466397140977802,,False,False,False,False,
role_conditioned_ar_ppo_order_120,learning,medium,medium,0,0,200,1,201,39,0,missile,1-2-0,2,5,,True,True,True,3,0,1.0,2,2,0,0,True,False,,,,,,,,,0.3726350709337512,,False,False,False,False,
role_conditioned_ar_ppo_order_120,learning,medium,medium,0,0,200,1,201,40,1,missile,1-2-0,0,5,,True,True,True,3,0,1.0,2,2,0,0,True,False,,,,,,,,,0.2759549384416473,,False,False,False,False,
role_conditioned_ar_ppo_order_120,learning,medium,medium,0,0,200,1,201,40,2,laser,1-2-0,1,5,,True,True,True,10,0,1.0,2,2,0,0,True,False,,,,,,,,,0.21072495801133062,,False,False,False,False,
role_conditioned_ar_ppo_order_120,learning,medium,medium,0,0,200,1,201,40,0,missile,1-2-0,2,5,,True,True,True,3,0,1.0,2,2,0,0,True,False,,,,,,,,,0.3774337306859477,,False,False,False,False,
role_conditioned_ar_ppo_order_120,learning,medium,medium,0,0,200,1,201,41,1,missile,1-2-0,0,5,,True,True,True,3,0,1.0,2,2,0,0,True,False,,,,,,,,,0.28169146527212907,,False,False,False,False,
role_conditioned_ar_ppo_order_120,learning,medium,medium,0,0,200,1,201,41,2,laser,1-2-0,1,5,,True,True,True,10,0,1.0,2,2,0,0,True,False,,,,,,,,,0.21669965219113663,,False,False,False,False,
role_conditioned_ar_ppo_order_120,learning,medium,medium,0,0,200,1,201,41,0,missile,1-2-0,2,5,,True,True,True,3,0,1.0,2,2,0,0,True,False,,,,,,,,,0.38205965517390006,,False,False,False,False,
role_conditioned_ar_ppo_order_120,learning,medium,medium,0,0,200,1,201,42,1,missile,1-2-0,0,5,,True,True,True,3,0,1.0,2,2,0,0,True,False,,,,,,,,,0.28742553493010115,,False,False,False,False,
role_conditioned_ar_ppo_order_120,learning,medium,medium,0,0,200,1,201,42,2,laser,1-2-0,1,5,,True,True,True,10,0,1.0,2,2,0,0,True,False,,,,,,,,,0.2225750385009689,,False,False,False,False,
role_conditioned_ar_ppo_order_120,learning,medium,medium,0,0,200,1,201,42,0,missile,1-2-0,2,5,,True,True,True,3,0,1.0,2,2,0,0,True,False,,,,,,,,,0.38646928903328465,,False,False,False,False,
role_conditioned_ar_ppo_order_120,learning,medium,medium,0,0,200,1,201,43,1,missile,1-2-0,0,5,,True,True,True,3,0,1.0,2,2,0,0,True,False,,,,,,,,,0.2931568501769537,,False,False,False,False,
role_conditioned_ar_ppo_order_120,learning,medium,medium,0,0,200,1,201,43,2,laser,1-2-0,1,5,,True,True,True,10,0,1.0,2,2,0,0,True,False,,,,,,,,,0.22833560489298574,,False,False,False,False,
role_conditioned_ar_ppo_order_120,learning,medium,medium,0,0,200,1,201,43,0,missile,1-2-0,2,5,,True,True,True,3,0,1.0,2,2,0,0,True,False,,,,,,,,,0.3906064343508978,,False,False,False,False,
role_conditioned_ar_ppo_order_120,learning,medium,medium,0,0,200,1,201,44,1,missile,1-2-0,0,5,,True,True,True,3,0,1.0,2,2,0,0,True,False,,,,,,,,,0.2988850939581692,,False,False,False,False,
role_conditioned_ar_ppo_order_120,learning,medium,medium,0,0,200,1,201,44,2,laser,1-2-0,1,5,,True,True,True,10,0,1.0,2,2,0,0,True,False,,,,,,,,,0.2339628102695761,,False,False,False,False,
role_conditioned_ar_ppo_order_120,learning,medium,medium,0,0,200,1,201,44,0,missile,1-2-0,2,5,,True,True,True,3,0,1.0,2,2,0,0,True,False,,,,,,,,,0.39439929314048594,,False,False,False,False,
role_conditioned_ar_ppo_order_120,learning,medium,medium,0,0,200,1,201,45,1,missile,1-2-0,0,5,,True,True,True,3,0,1.0,2,2,0,0,True,False,,,,,,,,,0.30460986995560096,,False,False,False,False,
role_conditioned_ar_ppo_order_120,learning,medium,medium,0,0,200,1,201,45,2,laser,1-2-0,1,5,,True,True,True,10,0,1.0,2,2,0,0,True,False,,,,,,,,,0.23943457569765642,,False,False,False,False,
role_conditioned_ar_ppo_order_120,learning,medium,medium,0,0,200,1,201,45,0,missile,1-2-0,2,5,,True,True,True,3,0,1.0,2,2,0,0,True,False,,,,,,,,,0.3977583074088459,,False,False,False,False,
role_conditioned_ar_ppo_order_120,learning,medium,medium,0,0,200,1,201,46,1,missile,1-2-0,0,5,,True,True,True,3,0,1.0,2,2,0,0,True,False,,,,,,,,,0.3103307224033803,,False,False,False,False,
role_conditioned_ar_ppo_order_120,learning,medium,medium,0,0,200,1,201,46,2,laser,1-2-0,1,5,,True,True,True,10,0,1.0,2,2,0,0,True,False,,,,,,,,,0.24472441474008427,,False,False,False,False,
role_conditioned_ar_ppo_order_120,learning,medium,medium,0,0,200,1,201,46,0,missile,1-2-0,2,5,,True,True,True,3,0,1.0,2,2,0,0,True,False,,,,,,,,,0.4005766198756706,,False,False,False,False,
role_conditioned_ar_ppo_order_120,learning,medium,medium,0,0,200,1,201,47,1,missile,1-2-0,0,5,,True,True,True,3,0,1.0,2,2,0,0,True,False,,,,,,,,,0.31604712617996283,,False,False,False,False,
role_conditioned_ar_ppo_order_120,learning,medium,medium,0,0,200,1,201,47,2,laser,1-2-0,1,5,,True,True,True,10,0,1.0,2,2,0,0,True,False,,,,,,,,,0.2498007471865701,,False,False,False,False,
role_conditioned_ar_ppo_order_120,learning,medium,medium,0,0,200,1,201,47,0,missile,1-2-0,2,5,,True,True,True,3,0,1.0,2,2,0,0,True,False,,,,,,,,,0.40273624167470734,,False,False,False,False,
role_conditioned_ar_ppo_order_120,learning,medium,medium,0,0,200,1,201,48,1,missile,1-2-0,0,5,,True,True,True,3,0,1.0,1,1,0,0,True,False,,,,,,,,,0.3217584273604064,,False,False,False,False,
role_conditioned_ar_ppo_order_120,learning,medium,medium,0,0,200,1,201,48,2,laser,1-2-0,1,5,,True,True,True,10,0,1.0,1,1,0,0,True,False,,,,,,,,,0.25462599388841417,,False,False,False,False,
role_conditioned_ar_ppo_order_120,learning,medium,medium,0,0,200,1,201,48,0,missile,1-2-0,2,5,,True,True,True,3,0,1.0,1,1,0,0,True,False,,,,,,,,,0.40412295143908533,,False,False,False,False,
role_conditioned_ar_ppo_order_120,learning,medium,medium,0,0,200,1,201,49,1,missile,1-2-0,0,5,,True,True,True,3,0,1.0,1,1,0,0,True,False,,,,,,,,,0.32746386303227865,,False,False,False,False,
role_conditioned_ar_ppo_order_120,learning,medium,medium,0,0,200,1,201,49,2,laser,1-2-0,1,5,,True,True,True,10,0,1.0,1,1,0,0,True,False,,,,,,,,,0.2591558372444029,,False,False,False,False,
role_conditioned_ar_ppo_order_120,learning,medium,medium,0,0,200,1,201,49,0,missile,1-2-0,2,5,,True,True,True,3,0,1.0,1,1,0,0,True,False,,,,,,,,,0.4046494947748293,,False,False,False,False,
role_conditioned_ar_ppo_order_120,learning,medium,heterogeneity_pressure,0,0,202,0,202,0,1,missile,1-2-0,0,5,,True,True,True,3,0,1.0,3,3,0,0,True,False,,,,,,,,,0.08232812886067657,,False,False,False,False,
role_conditioned_ar_ppo_order_120,learning,medium,heterogeneity_pressure,0,0,202,0,202,0,2,laser,1-2-0,1,5,,True,True,True,10,0,1.0,0,0,0,0,False,False,,,,,,,,,0.0,,False,False,False,False,
role_conditioned_ar_ppo_order_120,learning,medium,heterogeneity_pressure,0,0,202,0,202,0,0,missile,1-2-0,2,5,,True,True,True,3,0,1.0,5,5,1,0,True,False,,,,,,,,,0.29847479625798334,,False,False,False,False,
role_conditioned_ar_ppo_order_120,learning,medium,heterogeneity_pressure,0,0,202,0,202,1,1,missile,1-2-0,0,5,,True,True,True,3,0,1.0,4,4,1,0,True,False,,,,,,,,,0.10817586722788357,,False,False,False,False,
role_conditioned_ar_ppo_order_120,learning,medium,heterogeneity_pressure,0,0,202,0,202,1,2,laser,1-2-0,1,5,,True,True,True,10,0,1.0,0,0,0,0,False,False,,,,,,,,,0.0,,False,False,False,False,
role_conditioned_ar_ppo_order_120,learning,medium,heterogeneity_pressure,0,0,202,0,202,1,0,missile,1-2-0,2,5,,True,True,True,3,0,1.0,5,5,1,0,True,False,,,,,,,,,0.3199528344712037,,False,False,False,False,
role_conditioned_ar_ppo_order_120,learning,medium,heterogeneity_pressure,0,0,202,0,202,2,1,missile,1-2-0,0,5,,True,True,True,3,0,1.0,4,4,1,0,True,False,,,,,,,,,0.13398797694358336,,False,False,False,False,
role_conditioned_ar_ppo_order_120,learning,medium,heterogeneity_pressure,0,0,202,0,202,2,2,laser,1-2-0,1,5,,True,True,True,10,0,1.0,0,0,0,0,False,False,,,,,,,,,0.0,,False,False,False,False,
role_conditioned_ar_ppo_order_120,learning,medium,heterogeneity_pressure,0,0,202,0,202,2,0,missile,1-2-0,2,5,,True,True,True,3,0,1.0,5,5,1,0,True,False,,,,,,,,,0.34140178940265,,False,False,False,False,
role_conditioned_ar_ppo_order_120,learning,medium,heterogeneity_pressure,0,0,202,0,202,3,1,missile,1-2-0,0,5,,True,True,True,3,0,1.0,4,4,1,0,True,False,,,,,,,,,0.15975894404980467,,False,False,False,False,
role_conditioned_ar_ppo_order_120,learning,medium,heterogeneity_pressure,0,0,202,0,202,3,2,laser,1-2-0,1,5,,True,True,True,10,0,1.0,0,0,0,0,False,False,,,,,,,,,0.0,,False,False,False,False,
role_conditioned_ar_ppo_order_120,learning,medium,heterogeneity_pressure,0,0,202,0,202,3,0,missile,1-2-0,2,5,,True,True,True,3,0,1.0,5,5,1,0,True,False,,,,,,,,,0.36281774865846417,,False,False,False,False,
role_conditioned_ar_ppo_order_120,learning,medium,heterogeneity_pressure,0,0,202,0,202,4,1,missile,1-2-0,0,5,,True,True,True,3,0,1.0,4,4,1,0,True,False,,,,,,,,,0.1854823002496965,,False,False,False,False,
role_conditioned_ar_ppo_order_120,learning,medium,heterogeneity_pressure,0,0,202,0,202,4,2,laser,1-2-0,1,5,,True,True,True,10,0,1.0,1,1,0,0,True,False,,,,,,,,,0.005119799512264171,,False,False,False,False,
role_conditioned_ar_ppo_order_120,learning,medium,heterogeneity_pressure,0,0,202,0,202,4,0,missile,1-2-0,2,5,,True,True,True,3,0,1.0,5,5,1,0,True,False,,,,,,,,,0.3841959688938809,,False,False,False,False,
role_conditioned_ar_ppo_order_120,learning,medium,heterogeneity_pressure,0,0,202,0,202,5,1,missile,1-2-0,0,5,,True,True,True,3,0,1.0,4,4,1,0,True,False,,,,,,,,,0.21114988064395512,,False,False,False,False,
role_conditioned_ar_ppo_order_120,learning,medium,heterogeneity_pressure,0,0,202,0,202,5,2,laser,1-2-0,1,5,,True,True,True,10,0,1.0,1,1,0,0,True,False,,,,,,,,,0.015176050340629452,,False,False,False,False,
role_conditioned_ar_ppo_order_120,learning,medium,heterogeneity_pressure,0,0,202,0,202,5,0,missile,1-2-0,2,5,,True,True,True,3,0,1.0,5,5,1,0,True,False,,,,,,,,,0.4055308758132268,,False,False,False,False,
role_conditioned_ar_ppo_order_120,learning,medium,heterogeneity_pressure,0,0,202,0,202,6,1,missile,1-2-0,0,5,,True,True,True,3,0,1.0,4,4,1,0,True,False,,,,,,,,,0.23675171769317085,,False,False,False,False,
role_conditioned_ar_ppo_order_120,learning,medium,heterogeneity_pressure,0,0,202,0,202,6,2,laser,1-2-0,1,5,,True,True,True,10,0,1.0,1,1,0,0,True,False,,,,,,,,,0.025225345771512604,,False,False,False,False,
role_conditioned_ar_ppo_order_120,learning,medium,heterogeneity_pressure,0,0,202,0,202,6,0,missile,1-2-0,2,5,,True,True,True,3,0,1.0,5,5,1,0,True,False,,,,,,,,,0.4268155794485577,,False,False,False,False,
role_conditioned_ar_ppo_order_120,learning,medium,heterogeneity_pressure,0,0,202,0,202,7,1,missile,1-2-0,0,5,,True,True,True,3,0,1.0,4,4,1,0,True,False,,,,,,,,,0.2622753696460236,,False,False,False,False,
role_conditioned_ar_ppo_order_120,learning,medium,heterogeneity_pressure,0,0,202,0,202,7,2,laser,1-2-0,1,5,,True,True,True,10,0,1.0,1,1,0,0,True,False,,,,,,,,,0.035266647393458514,,False,False,False,False,
role_conditioned_ar_ppo_order_120,learning,medium,heterogeneity_pressure,0,0,202,0,202,7,0,missile,1-2-0,2,5,,True,True,True,3,0,1.0,5,5,1,0,True,False,,,,,,,,,0.44804183953670407,,False,False,False,False,
role_conditioned_ar_ppo_order_120,learning,medium,heterogeneity_pressure,0,0,202,0,202,8,1,missile,1-2-0,0,5,,True,True,True,3,0,1.0,4,4,1,0,True,False,,,,,,,,,0.28770507223805697,,False,False,False,False,
role_conditioned_ar_ppo_order_120,learning,medium,heterogeneity_pressure,0,0,202,0,202,8,2,laser,1-2-0,1,5,,True,True,True,10,0,1.0,1,1,0,0,True,False,,,,,,,,,0.045298662090315606,,False,False,False,False,
role_conditioned_ar_ppo_order_120,learning,medium,heterogeneity_pressure,0,0,202,0,202,8,0,missile,1-2-0,2,5,,True,True,True,3,0,1.0,5,5,1,0,True,False,,,,,,,,,0.4691995461749541,,False,False,False,False,
role_conditioned_ar_ppo_order_120,learning,medium,heterogeneity_pressure,0,0,202,0,202,9,1,missile,1-2-0,0,5,,True,True,True,3,0,1.0,4,4,1,0,True,False,,,,,,,,,0.31302053693160703,,False,False,False,False,
role_conditioned_ar_ppo_order_120,learning,medium,heterogeneity_pressure,0,0,202,0,202,9,2,laser,1-2-0,1,5,,True,True,True,10,0,1.0,1,1,0,0,True,False,,,,,,,,,0.05531976367055986,,False,False,False,False,
role_conditioned_ar_ppo_order_120,learning,medium,heterogeneity_pressure,0,0,202,0,202,9,0,missile,1-2-0,2,5,,True,True,True,3,0,1.0,5,5,1,0,True,False,,,,,,,,,0.49027595811605423,,False,False,False,False,
role_conditioned_ar_ppo_order_120,learning,medium,heterogeneity_pressure,0,0,202,0,202,10,1,missile,1-2-0,0,5,,True,True,True,3,0,1.0,4,4,1,0,True,False,,,,,,,,,0.33819539569688795,,False,False,False,False,
role_conditioned_ar_ppo_order_120,learning,medium,heterogeneity_pressure,0,0,202,0,202,10,2,laser,1-2-0,1,5,,True,True,True,10,0,1.0,1,1,0,0,True,False,,,,,,,,,0.06532801245996385,,False,False,False,False,
role_conditioned_ar_ppo_order_120,learning,medium,heterogeneity_pressure,0,0,202,0,202,10,0,missile,1-2-0,2,5,,True,True,True,3,0,1.0,5,5,1,0,True,False,,,,,,,,,0.5112553219157101,,False,False,False,False,
role_conditioned_ar_ppo_order_120,learning,medium,heterogeneity_pressure,0,0,202,0,202,11,1,missile,1-2-0,0,5,,True,True,True,3,0,1.0,4,4,1,0,True,False,,,,,,,,,0.363194726800081,,False,False,False,False,
role_conditioned_ar_ppo_order_120,learning,medium,heterogeneity_pressure,0,0,202,0,202,11,2,laser,1-2-0,1,5,,True,True,True,10,0,1.0,2,2,0,0,True,False,,,,,,,,,0.0753208810042313,,False,False,False,False,
role_conditioned_ar_ppo_order_120,learning,medium,heterogeneity_pressure,0,0,202,0,202,11,0,missile,1-2-0,2,5,,True,True,True,3,0,1.0,5,5,1,0,True,False,,,,,,,,,0.5321173831455434,,False,False,False,False,
role_conditioned_ar_ppo_order_120,learning,medium,heterogeneity_pressure,0,0,202,0,202,12,1,missile,1-2-0,0,5,,True,True,True,3,0,1.0,4,4,1,0,True,False,,,,,,,,,0.38797137883135435,,False,False,False,False,
role_conditioned_ar_ppo_order_120,learning,medium,heterogeneity_pressure,0,0,202,0,202,12,2,laser,1-2-0,1,5,,True,True,True,10,0,1.0,3,3,0,0,True,False,,,,,,,,,0.08529526386533141,,False,False,False,False,
role_conditioned_ar_ppo_order_120,learning,medium,heterogeneity_pressure,0,0,202,0,202,12,0,missile,1-2-0,2,5,,True,True,True,3,0,1.0,5,5,1,0,True,False,,,,,,,,,0.552836174589684,,False,False,False,False,
role_conditioned_ar_ppo_order_120,learning,medium,heterogeneity_pressure,0,0,202,0,202,13,1,missile,1-2-0,0,5,,True,True,True,3,0,1.0,4,4,1,0,True,False,,,,,,,,,0.41246031536335387,,False,False,False,False,
role_conditioned_ar_ppo_order_120,learning,medium,heterogeneity_pressure,0,0,202,0,202,13,2,laser,1-2-0,1,5,,True,True,True,10,0,1.0,3,3,0,0,True,False,,,,,,,,,0.09524704658278178,,False,False,False,False,
role_conditioned_ar_ppo_order_120,learning,medium,heterogeneity_pressure,0,0,202,0,202,13,0,missile,1-2-0,2,5,,True,True,True,3,0,1.0,5,5,1,0,True,False,,,,,,,,,0.5733776099494338,,False,False,False,False,
role_conditioned_ar_ppo_order_120,learning,medium,heterogeneity_pressure,0,0,202,0,202,14,1,missile,1-2-0,0,5,,True,True,True,3,0,1.0,5,5,1,0,True,False,,,,,,,,,0.4365698845177479,,False,False,False,False,
role_conditioned_ar_ppo_order_120,learning,medium,heterogeneity_pressure,0,0,202,0,202,14,2,laser,1-2-0,1,5,,True,True,True,10,0,1.0,4,4,1,0,True,False,,,,,,,,,0.1051709097469588,,False,False,False,False,
role_conditioned_ar_ppo_order_120,learning,medium,heterogeneity_pressure,0,0,202,0,202,14,0,missile,1-2-0,2,5,,True,True,True,3,0,1.0,5,5,1,0,True,False,,,,,,,,,0.5936964370232697,,False,False,False,False,
role_conditioned_ar_ppo_order_120,learning,medium,heterogeneity_pressure,0,0,202,0,202,15,1,missile,1-2-0,0,5,,True,True,True,3,0,1.0,5,5,1,0,True,False,,,,,,,,,0.46016743319026465,,False,False,False,False,
role_conditioned_ar_ppo_order_120,learning,medium,heterogeneity_pressure,0,0,202,0,202,15,2,laser,1-2-0,1,5,,True,True,True,10,0,1.0,4,4,1,0,True,False,,,,,,,,,0.11505966284835269,,False,False,False,False,
role_conditioned_ar_ppo_order_120,learning,medium,heterogeneity_pressure,0,0,202,0,202,15,0,missile,1-2-0,2,5,,True,True,True,3,0,1.0,5,5,1,0,True,False,,,,,,,,,0.6137313039358304,,False,False,False,False,
role_conditioned_ar_ppo_order_120,learning,medium,heterogeneity_pressure,0,0,202,0,202,16,1,missile,1-2-0,0,5,,True,True,True,3,0,1.0,5,5,1,0,True,False,,,,,,,,,0.48305596109402377,,False,False,False,False,
role_conditioned_ar_ppo_order_120,learning,medium,heterogeneity_pressure,0,0,202,0,202,16,2,laser,1-2-0,1,5,,True,True,True,10,0,1.0,4,4,1,0,True,False,,,,,,,,,0.12490349975614712,,False,False,False,False,
role_conditioned_ar_ppo_order_120,learning,medium,heterogeneity_pressure,0,0,202,0,202,16,0,missile,1-2-0,2,5,,True,True,True,3,0,1.0,5,5,1,0,True,False,,,,,,,,,0.6333975229404256,,False,False,False,False,
role_conditioned_ar_ppo_order_120,learning,medium,heterogeneity_pressure,0,0,202,0,202,17,1,missile,1-2-0,0,5,,True,True,True,3,0,1.0,5,5,1,0,True,False,,,,,,,,,0.5049349928654716,,False,False,False,False,
role_conditioned_ar_ppo_order_120,learning,medium,heterogeneity_pressure,0,0,202,0,202,17,2,laser,1-2-0,1,5,,True,True,True,10,0,1.0,4,4,1,0,True,False,,,,,,,,,0.1386882418409488,,False,False,False,False,
role_conditioned_ar_ppo_order_120,learning,medium,heterogeneity_pressure,0,0,202,0,202,17,0,missile,1-2-0,2,5,,True,True,True,3,0,1.0,5,5,1,0,True,False,,,,,,,,,0.6525758525817809,,False,False,False,False,
role_conditioned_ar_ppo_order_120,learning,medium,heterogeneity_pressure,0,0,202,0,202,18,1,missile,1-2-0,0,5,,True,True,True,3,0,1.0,5,5,1,0,True,False,,,,,,,,,0.5253364959759059,,False,False,False,False,
role_conditioned_ar_ppo_order_120,learning,medium,heterogeneity_pressure,0,0,202,0,202,18,2,laser,1-2-0,1,5,,True,True,True,10,0,1.0,4,4,1,0,True,False,,,,,,,,,0.164311579157251,,False,False,False,False,
role_conditioned_ar_ppo_order_120,learning,medium,heterogeneity_pressure,0,0,202,0,202,18,0,missile,1-2-0,2,5,,True,True,True,3,0,1.0,5,5,1,0,True,False,,,,,,,,,0.6710949265466324,,False,False,False,False,
role_conditioned_ar_ppo_order_120,learning,medium,heterogeneity_pressure,0,0,202,0,202,19,1,missile,1-2-0,0,5,,True,True,True,3,0,1.0,5,5,1,0,True,False,,,,,,,,,0.5435266456821691,,False,False,False,False,
role_conditioned_ar_ppo_order_120,learning,medium,heterogeneity_pressure,0,0,202,0,202,19,2,laser,1-2-0,1,5,,True,True,True,10,0,1.0,4,4,1,0,True,False,,,,,,,,,0.189656409030326,,False,False,False,False,
role_conditioned_ar_ppo_order_120,learning,medium,heterogeneity_pressure,0,0,202,0,202,19,0,missile,1-2-0,2,5,,True,True,True,3,0,1.0,5,5,1,0,True,False,,,,,,,,,0.6887042477592227,,False,False,False,False,
role_conditioned_ar_ppo_order_120,learning,medium,heterogeneity_pressure,0,0,202,0,202,20,1,missile,1-2-0,0,5,,True,True,True,3,0,1.0,5,5,1,0,True,False,,,,,,,,,0.5583899965633662,,False,False,False,False,
role_conditioned_ar_ppo_order_120,learning,medium,heterogeneity_pressure,0,0,202,0,202,20,2,laser,1-2-0,1,5,,True,True,True,10,0,1.0,4,4,1,0,True,False,,,,,,,,,0.21462330983140063,,False,False,False,False,
role_conditioned_ar_ppo_order_120,learning,medium,heterogeneity_pressure,0,0,202,0,202,20,0,missile,1-2-0,2,5,,True,True,True,3,0,1.0,5,5,1,0,True,False,,,,,,,,,0.7050334631310772,,False,False,False,False,
role_conditioned_ar_ppo_order_120,learning,medium,heterogeneity_pressure,0,0,202,0,202,21,1,missile,1-2-0,0,5,,True,True,True,3,0,1.0,5,5,1,0,True,False,,,,,,,,,0.5684122514022033,,False,False,False,False,
role_conditioned_ar_ppo_order_120,learning,medium,heterogeneity_pressure,0,0,202,0,202,21,2,laser,1-2-0,1,5,,True,True,True,10,0,1.0,5,5,1,0,True,False,,,,,,,,,0.2390621431190658,,False,False,False,False,
role_conditioned_ar_ppo_order_120,learning,medium,heterogeneity_pressure,0,0,202,0,202,21,0,missile,1-2-0,2,5,,True,True,True,3,0,1.0,5,5,1,0,True,False,,,,,,,,,0.7195382565388709,,False,False,False,False,
role_conditioned_ar_ppo_order_120,learning,medium,heterogeneity_pressure,0,0,202,0,202,22,1,missile,1-2-0,0,5,,True,True,True,3,0,1.0,5,5,1,0,True,False,,,,,,,,,0.5720500409914419,,False,False,False,False,
role_conditioned_ar_ppo_order_120,learning,medium,heterogeneity_pressure,0,0,202,0,202,22,2,laser,1-2-0,1,5,,True,True,True,10,0,1.0,5,5,1,0,True,False,,,,,,,,,0.2627379403292764,,False,False,False,False,
role_conditioned_ar_ppo_order_120,learning,medium,heterogeneity_pressure,0,0,202,0,202,22,0,missile,1-2-0,2,5,,True,True,True,3,0,1.0,5,5,1,0,True,False,,,,,,,,,0.7314491760976872,,False,False,False,False,
role_conditioned_ar_ppo_order_120,learning,medium,heterogeneity_pressure,0,0,202,0,202,23,1,missile,1-2-0,0,5,,True,True,True,3,0,1.0,4,4,1,0,True,False,,,,,,,,,0.5103906671577698,,False,False,False,False,
role_conditioned_ar_ppo_order_120,learning,medium,heterogeneity_pressure,0,0,202,0,202,23,2,laser,1-2-0,1,5,,True,True,True,10,0,1.0,4,4,1,0,True,False,,,,,,,,,0.23091718438377187,,False,False,False,False,
role_conditioned_ar_ppo_order_120,learning,medium,heterogeneity_pressure,0,0,202,0,202,23,0,missile,1-2-0,2,5,,True,True,True,3,0,1.0,4,4,1,0,True,False,,,,,,,,,0.7397878203922434,,False,False,False,False,
role_conditioned_ar_ppo_order_120,learning,medium,heterogeneity_pressure,0,0,202,0,202,24,1,missile,1-2-0,0,5,,True,True,True,3,0,1.0,4,4,1,0,True,False,,,,,,,,,0.5295333604479426,,False,False,False,False,
role_conditioned_ar_ppo_order_120,learning,medium,heterogeneity_pressure,0,0,202,0,202,24,2,laser,1-2-0,1,5,,True,True,True,10,0,1.0,4,4,1,0,True,False,,,,,,,,,0.254166214303088,,False,False,False,False,
role_conditioned_ar_ppo_order_120,learning,medium,heterogeneity_pressure,0,0,202,0,202,24,0,missile,1-2-0,2,5,,True,True,True,3,0,1.0,4,4,1,0,True,False,,,,,,,,,0.7435716159412407,,False,False,False,False,
role_conditioned_ar_ppo_order_120,learning,medium,heterogeneity_pressure,0,0,202,0,202,25,1,missile,1-2-0,0,5,,True,True,True,3,0,1.0,3,3,0,0,True,False,,,,,,,,,0.31557919547482755,,False,False,False,False,
role_conditioned_ar_ppo_order_120,learning,medium,heterogeneity_pressure,0,0,202,0,202,25,2,laser,1-2-0,1,5,,True,True,True,10,0,1.0,3,3,0,0,True,False,,,,,,,,,0.20249506823176885,,False,False,False,False,
role_conditioned_ar_ppo_order_120,learning,medium,heterogeneity_pressure,0,0,202,0,202,25,0,missile,1-2-0,2,5,,True,True,True,3,0,1.0,3,3,0,0,True,False,,,,,,,,,0.46066402910586846,,False,False,False,False,
role_conditioned_ar_ppo_order_120,learning,medium,heterogeneity_pressure,0,0,202,0,202,26,1,missile,1-2-0,0,5,,True,True,True,3,0,1.0,3,3,0,0,True,False,,,,,,,,,0.32224320124191713,,False,False,False,False,
role_conditioned_ar_ppo_order_120,learning,medium,heterogeneity_pressure,0,0,202,0,202,26,2,laser,1-2-0,1,5,,True,True,True,10,0,1.0,3,3,0,0,True,False,,,,,,,,,0.20499742676823793,,False,False,False,False,
role_conditioned_ar_ppo_order_120,learning,medium,heterogeneity_pressure,0,0,202,0,202,26,0,missile,1-2-0,2,5,,True,True,True,3,0,1.0,3,3,0,0,True,False,,,,,,,,,0.47607527959893814,,False,False,False,False,
role_conditioned_ar_ppo_order_120,learning,medium,heterogeneity_pressure,0,0,202,0,202,27,1,missile,1-2-0,0,5,,True,True,True,3,0,1.0,3,3,0,0,True,False,,,,,,,,,0.327749487427718,,False,False,False,False,
role_conditioned_ar_ppo_order_120,learning,medium,heterogeneity_pressure,0,0,202,0,202,27,2,laser,1-2-0,1,5,,True,True,True,10,0,1.0,3,3,0,0,True,False,,,,,,,,,0.2037253017123393,,False,False,False,False,
role_conditioned_ar_ppo_order_120,learning,medium,heterogeneity_pressure,0,0,202,0,202,27,0,missile,1-2-0,2,5,,True,True,True,3,0,1.0,3,3,0,0,True,False,,,,,,,,,0.49140545664586843,,False,False,False,False,
role_conditioned_ar_ppo_order_120,learning,medium,heterogeneity_pressure,0,0,202,0,202,28,1,missile,1-2-0,0,5,,True,True,True,3,0,1.0,3,3,0,0,True,False,,,,,,,,,0.33186610610775447,,False,False,False,False,
role_conditioned_ar_ppo_order_120,learning,medium,heterogeneity_pressure,0,0,202,0,202,28,2,laser,1-2-0,1,5,,True,True,True,10,0,1.0,3,3,0,0,True,False,,,,,,,,,0.19912573409365233,,False,False,False,False,
role_conditioned_ar_ppo_order_120,learning,medium,heterogeneity_pressure,0,0,202,0,202,28,0,missile,1-2-0,2,5,,True,True,True,3,0,1.0,3,3,0,0,True,False,,,,,,,,,0.506618037435449,,False,False,False,False,
role_conditioned_ar_ppo_order_120,learning,medium,heterogeneity_pressure,0,0,202,0,202,29,1,missile,1-2-0,0,5,,True,True,True,3,0,1.0,3,3,0,0,True,False,,,,,,,,,0.33437835106695313,,False,False,False,False,
role_conditioned_ar_ppo_order_120,learning,medium,heterogeneity_pressure,0,0,202,0,202,29,2,laser,1-2-0,1,5,,True,True,True,10,0,1.0,3,3,0,0,True,False,,,,,,,,,0.1923657759335066,,False,False,False,False,
role_conditioned_ar_ppo_order_120,learning,medium,heterogeneity_pressure,0,0,202,0,202,29,0,missile,1-2-0,2,5,,True,True,True,3,0,1.0,3,3,0,0,True,False,,,,,,,,,0.5216514626968061,,False,False,False,False,
role_conditioned_ar_ppo_order_120,learning,medium,heterogeneity_pressure,0,0,202,0,202,30,1,missile,1-2-0,0,5,,True,True,True,3,0,1.0,3,3,0,0,True,False,,,,,,,,,0.33513357746129974,,False,False,False,False,
role_conditioned_ar_ppo_order_120,learning,medium,heterogeneity_pressure,0,0,202,0,202,30,2,laser,1-2-0,1,5,,True,True,True,10,0,1.0,3,3,0,0,True,False,,,,,,,,,0.1843733531776121,,False,False,False,False,
role_conditioned_ar_ppo_order_120,learning,medium,heterogeneity_pressure,0,0,202,0,202,30,0,missile,1-2-0,2,5,,True,True,True,3,0,1.0,3,3,0,0,True,False,,,,,,,,,0.5363941002397393,,False,False,False,False,
role_conditioned_ar_ppo_order_120,learning,medium,heterogeneity_pressure,0,0,202,0,202,31,1,missile,1-2-0,0,5,,True,True,True,3,0,1.0,3,3,0,0,True,False,,,,,,,,,0.3340822229239717,,False,False,False,False,
role_conditioned_ar_ppo_order_120,learning,medium,heterogeneity_pressure,0,0,202,0,202,31,2,laser,1-2-0,1,5,,True,True,True,10,0,1.0,3,3,0,0,True,False,,,,,,,,,0.17567891039824357,,False,False,False,False,
role_conditioned_ar_ppo_order_120,learning,medium,heterogeneity_pressure,0,0,202,0,202,31,0,missile,1-2-0,2,5,,True,True,True,3,0,1.0,3,3,0,0,True,False,,,,,,,,,0.5506245790384988,,False,False,False,False,
role_conditioned_ar_ppo_order_120,learning,medium,heterogeneity_pressure,0,0,202,0,202,32,1,missile,1-2-0,0,5,,True,True,True,3,0,1.0,3,3,0,0,True,False,,,,,,,,,0.3312927986854832,,False,False,False,False,
role_conditioned_ar_ppo_order_120,learning,medium,heterogeneity_pressure,0,0,202,0,202,32,2,laser,1-2-0,1,5,,True,True,True,10,0,1.0,3,3,0,0,True,False,,,,,,,,,0.1826748946544273,,False,False,False,False,
role_conditioned_ar_ppo_order_120,learning,medium,heterogeneity_pressure,0,0,202,0,202,32,0,missile,1-2-0,2,5,,True,True,True,3,0,1.0,3,3,0,0,True,False,,,,,,,,,0.5638541548347565,,False,False,False,False,
role_conditioned_ar_ppo_order_120,learning,medium,heterogeneity_pressure,0,0,202,0,202,33,1,missile,1-2-0,0,5,,True,True,True,3,0,1.0,2,2,0,0,True,False,,,,,,,,,0.3355884756016747,,False,False,False,False,
role_conditioned_ar_ppo_order_120,learning,medium,heterogeneity_pressure,0,0,202,0,202,33,2,laser,1-2-0,1,5,,True,True,True,10,0,1.0,2,2,0,0,True,False,,,,,,,,,0.1955442908963948,,False,False,False,False,
role_conditioned_ar_ppo_order_120,learning,medium,heterogeneity_pressure,0,0,202,0,202,33,0,missile,1-2-0,2,5,,True,True,True,3,0,1.0,2,2,0,0,True,False,,,,,,,,,0.5748915320379361,,False,False,False,False,
role_conditioned_ar_ppo_order_120,learning,medium,heterogeneity_pressure,0,0,202,0,202,34,1,missile,1-2-0,0,5,,True,True,True,3,0,1.0,2,2,0,0,True,False,,,,,,,,,0.3402561000843556,,False,False,False,False,
role_conditioned_ar_ppo_order_120,learning,medium,heterogeneity_pressure,0,0,202,0,202,34,2,laser,1-2-0,1,5,,True,True,True,10,0,1.0,2,2,0,0,True,False,,,,,,,,,0.20732291493090513,,False,False,False,False,
role_conditioned_ar_ppo_order_120,learning,medium,heterogeneity_pressure,0,0,202,0,202,34,0,missile,1-2-0,2,5,,True,True,True,3,0,1.0,2,2,0,0,True,False,,,,,,,,,0.5809942179925306,,False,False,False,False,
role_conditioned_ar_ppo_order_120,learning,medium,heterogeneity_pressure,0,0,202,0,202,35,1,missile,1-2-0,0,5,,True,True,True,3,0,1.0,2,2,0,0,True,False,,,,,,,,,0.3566283434990585,,False,False,False,False,
role_conditioned_ar_ppo_order_120,learning,medium,heterogeneity_pressure,0,0,202,0,202,35,2,laser,1-2-0,1,5,,True,True,True,10,0,1.0,2,2,0,0,True,False,,,,,,,,,0.21764718746084613,,False,False,False,False,
role_conditioned_ar_ppo_order_120,learning,medium,heterogeneity_pressure,0,0,202,0,202,35,0,missile,1-2-0,2,5,,True,True,True,3,0,1.0,2,2,0,0,True,False,,,,,,,,,0.5789663373383971,,False,False,False,False,
role_conditioned_ar_ppo_order_120,learning,medium,heterogeneity_pressure,0,0,202,0,202,36,1,missile,1-2-0,0,5,,True,True,True,3,0,1.0,2,2,0,0,True,False,,,,,,,,,0.3729275676998333,,False,False,False,False,
role_conditioned_ar_ppo_order_120,learning,medium,heterogeneity_pressure,0,0,202,0,202,36,2,laser,1-2-0,1,5,,True,True,True,10,0,1.0,2,2,0,0,True,False,,,,,,,,,0.22605539194758772,,False,False,False,False,
role_conditioned_ar_ppo_order_120,learning,medium,heterogeneity_pressure,0,0,202,0,202,36,0,missile,1-2-0,2,5,,True,True,True,3,0,1.0,2,2,0,0,True,False,,,,,,,,,0.5700633766999502,,False,False,False,False,
role_conditioned_ar_ppo_order_120,learning,medium,heterogeneity_pressure,0,0,202,1,203,0,1,missile,1-2-0,0,5,,True,True,True,3,0,1.0,2,2,0,0,True,False,,,,,,,,,0.04992999857808592,,False,False,False,False,
role_conditioned_ar_ppo_order_120,learning,medium,heterogeneity_pressure,0,0,202,1,203,0,2,laser,1-2-0,1,5,,True,True,True,10,0,1.0,0,0,0,0,False,False,,,,,,,,,0.0,,False,False,False,False,
role_conditioned_ar_ppo_order_120,learning,medium,heterogeneity_pressure,0,0,202,1,203,0,0,missile,1-2-0,2,5,,True,True,True,3,0,1.0,5,5,1,0,True,False,,,,,,,,,0.31788360582787806,,False,False,False,False,
role_conditioned_ar_ppo_order_120,learning,medium,heterogeneity_pressure,0,0,202,1,203,1,1,missile,1-2-0,0,5,,True,True,True,3,0,1.0,3,3,0,0,True,False,,,,,,,,,0.06441153883231948,,False,False,False,False,
role_conditioned_ar_ppo_order_120,learning,medium,heterogeneity_pressure,0,0,202,1,203,1,2,laser,1-2-0,1,5,,True,True,True,10,0,1.0,0,0,0,0,False,False,,,,,,,,,0.0,,False,False,False,False,
role_conditioned_ar_ppo_order_120,learning,medium,heterogeneity_pressure,0,0,202,1,203,1,0,missile,1-2-0,2,5,,True,True,True,3,0,1.0,5,5,1,0,True,False,,,,,,,,,0.3312091062048339,,False,False,False,False,
role_conditioned_ar_ppo_order_120,learning,medium,heterogeneity_pressure,0,0,202,1,203,2,1,missile,1-2-0,0,5,,True,True,True,3,0,1.0,3,3,0,0,True,False,,,,,,,,,0.0788731385318427,,False,False,False,False,
role_conditioned_ar_ppo_order_120,learning,medium,heterogeneity_pressure,0,0,202,1,203,2,2,laser,1-2-0,1,5,,True,True,True,10,0,1.0,0,0,0,0,False,False,,,,,,,,,0.0,,False,False,False,False,
role_conditioned_ar_ppo_order_120,learning,medium,heterogeneity_pressure,0,0,202,1,203,2,0,missile,1-2-0,2,5,,True,True,True,3,0,1.0,5,5,1,0,True,False,,,,,,,,,0.3445235885473923,,False,False,False,False,
role_conditioned_ar_ppo_order_120,learning,medium,heterogeneity_pressure,0,0,202,1,203,3,1,missile,1-2-0,0,5,,True,True,True,3,0,1.0,4,4,0,0,True,False,,,,,,,,,0.09331157651012542,,False,False,False,False,
role_conditioned_ar_ppo_order_120,learning,medium,heterogeneity_pressure,0,0,202,1,203,3,2,laser,1-2-0,1,5,,True,True,True,10,0,1.0,0,0,0,0,False,False,,,,,,,,,0.0,,False,False,False,False,
role_conditioned_ar_ppo_order_120,learning,medium,heterogeneity_pressure,0,0,202,1,203,3,0,missile,1-2-0,2,5,,True,True,True,3,0,1.0,5,5,1,0,True,False,,,,,,,,,0.3578261346860198,,False,False,False,False,
role_conditioned_ar_ppo_order_120,learning,medium,heterogeneity_pressure,0,0,202,1,203,4,1,missile,1-2-0,0,5,,True,True,True,3,0,1.0,4,4,0,0,True,False,,,,,,,,,0.10772292217705651,,False,False,False,False,
role_conditioned_ar_ppo_order_120,learning,medium,heterogeneity_pressure,0,0,202,1,203,4,2,laser,1-2-0,1,5,,True,True,True,10,0,1.0,0,0,0,0,False,False,,,,,,,,,0.0,,False,False,False,False,
role_conditioned_ar_ppo_order_120,learning,medium,heterogeneity_pressure,0,0,202,1,203,4,0,missile,1-2-0,2,5,,True,True,True,3,0,1.0,5,5,1,0,True,False,,,,,,,,,0.371115755822758,,False,False,False,False,
role_conditioned_ar_ppo_order_120,learning,medium,heterogeneity_pressure,0,0,202,1,203,5,1,missile,1-2-0,0,5,,True,True,True,3,0,1.0,4,4,0,0,True,False,,,,,,,,,0.12210226708839958,,False,False,False,False,
role_conditioned_ar_ppo_order_120,learning,medium,heterogeneity_pressure,0,0,202,1,203,5,2,laser,1-2-0,1,5,,True,True,True,10,0,1.0,0,0,0,0,False,False,,,,,,,,,0.0,,False,False,False,False,
role_conditioned_ar_ppo_order_120,learning,medium,heterogeneity_pressure,0,0,202,1,203,5,0,missile,1-2-0,2,5,,True,True,True,3,0,1.0,5,5,1,0,True,False,,,,,,,,,0.38439135721700957,,False,False,False,False,
role_conditioned_ar_ppo_order_120,learning,medium,heterogeneity_pressure,0,0,202,1,203,6,1,missile,1-2-0,0,5,,True,True,True,3,0,1.0,4,4,0,0,True,False,,,,,,,,,0.13644349486246937,,False,False,False,False,
role_conditioned_ar_ppo_order_120,learning,medium,heterogeneity_pressure,0,0,202,1,203,6,2,laser,1-2-0,1,5,,True,True,True,10,0,1.0,0,0,0,0,False,False,,,,,,,,,0.0,,False,False,False,False,
role_conditioned_ar_ppo_order_120,learning,medium,heterogeneity_pressure,0,0,202,1,203,6,0,missile,1-2-0,2,5,,True,True,True,3,0,1.0,5,5,1,0,True,False,,,,,,,,,0.397651702871326,,False,False,False,False,
role_conditioned_ar_ppo_order_120,learning,medium,heterogeneity_pressure,0,0,202,1,203,7,1,missile,1-2-0,0,5,,True,True,True,3,0,1.0,4,4,0,0,True,False,,,,,,,,,0.1507388401870951,,False,False,False,False,
role_conditioned_ar_ppo_order_120,learning,medium,heterogeneity_pressure,0,0,202,1,203,7,2,laser,1-2-0,1,5,,True,True,True,10,0,1.0,1,1,0,0,True,False,,,,,,,,,0.009705240486666775,,False,False,False,False,
role_conditioned_ar_ppo_order_120,learning,medium,heterogeneity_pressure,0,0,202,1,203,7,0,missile,1-2-0,2,5,,True,True,True,3,0,1.0,5,5,1,0,True,False,,,,,,,,,0.41089538021719485,,False,False,False,False,
role_conditioned_ar_ppo_order_120,learning,medium,heterogeneity_pressure,0,0,202,1,203,8,1,missile,1-2-0,0,5,,True,True,True,3,0,1.0,4,4,0,0,True,False,,,,,,,,,0.16497831361131127,,False,False,False,False,
role_conditioned_ar_ppo_order_120,learning,medium,heterogeneity_pressure,0,0,202,1,203,8,2,laser,1-2-0,1,5,,True,True,True,10,0,1.0,3,3,0,0,True,False,,,,,,,,,0.019578027960818,,False,False,False,False,
role_conditioned_ar_ppo_order_120,learning,medium,heterogeneity_pressure,0,0,202,1,203,8,0,missile,1-2-0,2,5,,True,True,True,3,0,1.0,5,5,1,0,True,False,,,,,,,,,0.4241209413718909,,False,False,False,False,
role_conditioned_ar_ppo_order_120,learning,medium,heterogeneity_pressure,0,0,202,1,203,9,1,missile,1-2-0,0,5,,True,True,True,3,0,1.0,4,4,0,0,True,False,,,,,,,,,0.17914883873289433,,False,False,False,False,
role_conditioned_ar_ppo_order_120,learning,medium,heterogeneity_pressure,0,0,202,1,203,9,2,laser,1-2-0,1,5,,True,True,True,10,0,1.0,3,3,0,0,True,False,,,,,,,,,0.029382277372463888,,False,False,False,False,
role_conditioned_ar_ppo_order_120,learning,medium,heterogeneity_pressure,0,0,202,1,203,9,0,missile,1-2-0,2,5,,True,True,True,3,0,1.0,5,5,1,0,True,False,,,,,,,,,0.43732651468213474,,False,False,False,False,
role_conditioned_ar_ppo_order_120,learning,medium,heterogeneity_pressure,0,0,202,1,203,10,1,missile,1-2-0,0,5,,True,True,True,3,0,1.0,4,4,0,0,True,False,,,,,,,,,0.19323304426091398,,False,False,False,False,
role_conditioned_ar_ppo_order_120,learning,medium,heterogeneity_pressure,0,0,202,1,203,10,2,laser,1-2-0,1,5,,True,True,True,10,0,1.0,3,3,0,0,True,False,,,,,,,,,0.04266447359463776,,False,False,False,False,
role_conditioned_ar_ppo_order_120,learning,medium,heterogeneity_pressure,0,0,202,1,203,10,0,missile,1-2-0,2,5,,True,True,True,3,0,1.0,5,5,1,0,True,False,,,,,,,,,0.45051022849464767,,False,False,False,False,
role_conditioned_ar_ppo_order_120,learning,medium,heterogeneity_pressure,0,0,202,1,203,11,1,missile,1-2-0,0,5,,True,True,True,3,0,1.0,4,4,0,0,True,False,,,,,,,,,0.2072073658283134,,False,False,False,False,
role_conditioned_ar_ppo_order_120,learning,medium,heterogeneity_pressure,0,0,202,1,203,11,2,laser,1-2-0,1,5,,True,True,True,10,0,1.0,3,3,0,0,True,False,,,,,,,,,0.05912314787519947,,False,False,False,False,
role_conditioned_ar_ppo_order_120,learning,medium,heterogeneity_pressure,0,0,202,1,203,11,0,missile,1-2-0,2,5,,True,True,True,3,0,1.0,5,5,1,0,True,False,,,,,,,,,0.46366985801402233,,False,False,False,False,
role_conditioned_ar_ppo_order_120,learning,medium,heterogeneity_pressure,0,0,202,1,203,12,1,missile,1-2-0,0,5,,True,True,True,3,0,1.0,4,4,0,0,True,False,,,,,,,,,0.2210390644955082,,False,False,False,False,
role_conditioned_ar_ppo_order_120,learning,medium,heterogeneity_pressure,0,0,202,1,203,12,2,laser,1-2-0,1,5,,True,True,True,10,0,1.0,4,4,0,0,True,False,,,,,,,,,0.07541540957165986,,False,False,False,False,
role_conditioned_ar_ppo_order_120,learning,medium,heterogeneity_pressure,0,0,202,1,203,12,0,missile,1-2-0,2,5,,True,True,True,3,0,1.0,5,5,1,0,True,False,,,,,,,,,0.4768028253027234,,False,False,False,False,
role_conditioned_ar_ppo_order_120,learning,medium,heterogeneity_pressure,0,0,202,1,203,13,1,missile,1-2-0,0,5,,True,True,True,3,0,1.0,4,4,0,0,True,False,,,,,,,,,0.23468162508391427,,False,False,False,False,
role_conditioned_ar_ppo_order_120,learning,medium,heterogeneity_pressure,0,0,202,1,203,13,2,laser,1-2-0,1,5,,True,True,True,10,0,1.0,4,4,0,0,True,False,,,,,,,,,0.09149404135000841,,False,False,False,False,
role_conditioned_ar_ppo_order_120,learning,medium,heterogeneity_pressure,0,0,202,1,203,13,0,missile,1-2-0,2,5,,True,True,True,3,0,1.0,5,5,1,0,True,False,,,,,,,,,0.4899061992810873,,False,False,False,False,
role_conditioned_ar_ppo_order_120,learning,medium,heterogeneity_pressure,0,0,202,1,203,14,1,missile,1-2-0,0,5,,True,True,True,3,0,1.0,4,4,0,0,True,False,,,,,,,,,0.24806703879780323,,False,False,False,False,
role_conditioned_ar_ppo_order_120,learning,medium,heterogeneity_pressure,0,0,202,1,203,14,2,laser,1-2-0,1,5,,True,True,True,10,0,1.0,4,4,0,0,True,False,,,,,,,,,0.10729323866422015,,False,False,False,False,
role_conditioned_ar_ppo_order_120,learning,medium,heterogeneity_pressure,0,0,202,1,203,14,0,missile,1-2-0,2,5,,True,True,True,3,0,1.0,5,5,1,0,True,False,,,,,,,,,0.5029766957273227,,False,False,False,False,
role_conditioned_ar_ppo_order_120,learning,medium,heterogeneity_pressure,0,0,202,1,203,15,1,missile,1-2-0,0,5,,True,True,True,3,0,1.0,4,4,0,0,True,False,,,,,,,,,0.2610927747561044,,False,False,False,False,
role_conditioned_ar_ppo_order_120,learning,medium,heterogeneity_pressure,0,0,202,1,203,15,2,laser,1-2-0,1,5,,True,True,True,10,0,1.0,4,4,0,0,True,False,,,,,,,,,0.12271912602834434,,False,False,False,False,
role_conditioned_ar_ppo_order_120,learning,medium,heterogeneity_pressure,0,0,202,1,203,15,0,missile,1-2-0,2,5,,True,True,True,3,0,1.0,5,5,1,0,True,False,,,,,,,,,0.5160104653922329,,False,False,False,False,
role_conditioned_ar_ppo_order_120,learning,medium,heterogeneity_pressure,0,0,202,1,203,16,1,missile,1-2-0,0,5,,True,True,True,3,0,1.0,4,4,0,0,True,False,,,,,,,,,0.2735995098440431,,False,False,False,False,
role_conditioned_ar_ppo_order_120,learning,medium,heterogeneity_pressure,0,0,202,1,203,16,2,laser,1-2-0,1,5,,True,True,True,10,0,1.0,4,4,0,0,True,False,,,,,,,,,0.13763473738609808,,False,False,False,False,
role_conditioned_ar_ppo_order_120,learning,medium,heterogeneity_pressure,0,0,202,1,203,16,0,missile,1-2-0,2,5,,True,True,True,3,0,1.0,5,5,1,0,True,False,,,,,,,,,0.5290030586850035,,False,False,False,False,
role_conditioned_ar_ppo_order_120,learning,medium,heterogeneity_pressure,0,0,202,1,203,17,1,missile,1-2-0,0,5,,True,True,True,3,0,1.0,5,5,1,0,True,False,,,,,,,,,0.28533246992137656,,False,False,False,False,
role_conditioned_ar_ppo_order_120,learning,medium,heterogeneity_pressure,0,0,202,1,203,17,2,laser,1-2-0,1,5,,True,True,True,10,0,1.0,4,4,0,0,True,False,,,,,,,,,0.15183607193461898,,False,False,False,False,
role_conditioned_ar_ppo_order_120,learning,medium,heterogeneity_pressure,0,0,202,1,203,17,0,missile,1-2-0,2,5,,True,True,True,3,0,1.0,5,5,1,0,True,False,,,,,,,,,0.5419492844163512,,False,False,False,False,
role_conditioned_ar_ppo_order_120,learning,medium,heterogeneity_pressure,0,0,202,1,203,18,1,missile,1-2-0,0,5,,True,True,True,3,0,1.0,5,5,1,0,True,False,,,,,,,,,0.2958777590559958,,False,False,False,False,
role_conditioned_ar_ppo_order_120,learning,medium,heterogeneity_pressure,0,0,202,1,203,18,2,laser,1-2-0,1,5,,True,True,True,10,0,1.0,4,4,0,0,True,False,,,,,,,,,0.1650147743130978,,False,False,False,False,
role_conditioned_ar_ppo_order_120,learning,medium,heterogeneity_pressure,0,0,202,1,203,18,0,missile,1-2-0,2,5,,True,True,True,3,0,1.0,5,5,1,0,True,False,,,,,,,,,0.5548430685416718,,False,False,False,False,
role_conditioned_ar_ppo_order_120,learning,medium,heterogeneity_pressure,0,0,202,1,203,19,1,missile,1-2-0,0,5,,True,True,True,3,0,1.0,5,5,1,0,True,False,,,,,,,,,0.3045760063765435,,False,False,False,False,
role_conditioned_ar_ppo_order_120,learning,medium,heterogeneity_pressure,0,0,202,1,203,19,2,laser,1-2-0,1,5,,True,True,True,10,0,1.0,4,4,0,0,True,False,,,,,,,,,0.17670567214094907,,False,False,False,False,
role_conditioned_ar_ppo_order_120,learning,medium,heterogeneity_pressure,0,0,202,1,203,19,0,missile,1-2-0,2,5,,True,True,True,3,0,1.0,5,5,1,0,True,False,,,,,,,,,0.5676772775899773,,False,False,False,False,
role_conditioned_ar_ppo_order_120,learning,medium,heterogeneity_pressure,0,0,202,1,203,20,1,missile,1-2-0,0,5,,True,True,True,3,0,1.0,5,5,1,0,True,False,,,,,,,,,0.31048097504118305,,False,False,False,False,
role_conditioned_ar_ppo_order_120,learning,medium,heterogeneity_pressure,0,0,202,1,203,20,2,laser,1-2-0,1,5,,True,True,True,10,0,1.0,4,4,0,0,True,False,,,,,,,,,0.1862335586601871,,False,False,False,False,
role_conditioned_ar_ppo_order_120,learning,medium,heterogeneity_pressure,0,0,202,1,203,20,0,missile,1-2-0,2,5,,True,True,True,3,0,1.0,5,5,1,0,True,False,,,,,,,,,0.5804434361501929,,False,False,False,False,
role_conditioned_ar_ppo_order_120,learning,medium,heterogeneity_pressure,0,0,202,1,203,21,1,missile,1-2-0,0,5,,True,True,True,3,0,1.0,5,5,1,0,True,False,,,,,,,,,0.31257875495052934,,False,False,False,False,
role_conditioned_ar_ppo_order_120,learning,medium,heterogeneity_pressure,0,0,202,1,203,21,2,laser,1-2-0,1,5,,True,True,True,10,0,1.0,4,4,0,0,True,False,,,,,,,,,0.19272388429660892,,False,False,False,False,
role_conditioned_ar_ppo_order_120,learning,medium,heterogeneity_pressure,0,0,202,1,203,21,0,missile,1-2-0,2,5,,True,True,True,3,0,1.0,5,5,1,0,True,False,,,,,,,,,0.5931314973287731,,False,False,False,False,
role_conditioned_ar_ppo_order_120,learning,medium,heterogeneity_pressure,0,0,202,1,203,22,1,missile,1-2-0,0,5,,True,True,True,3,0,1.0,3,3,1,0,True,False,,,,,,,,,0.3207950432753458,,False,False,False,False,
role_conditioned_ar_ppo_order_120,learning,medium,heterogeneity_pressure,0,0,202,1,203,22,2,laser,1-2-0,1,5,,True,True,True,10,0,1.0,2,2,0,0,True,False,,,,,,,,,0.20315386447348602,,False,False,False,False,
role_conditioned_ar_ppo_order_120,learning,medium,heterogeneity_pressure,0,0,202,1,203,22,0,missile,1-2-0,2,5,,True,True,True,3,0,1.0,3,3,1,0,True,False,,,,,,,,,0.6057293660078298,,False,False,False,False,
role_conditioned_ar_ppo_order_120,learning,medium,heterogeneity_pressure,0,0,202,1,203,23,1,missile,1-2-0,0,5,,True,True,True,3,0,1.0,3,3,1,0,True,False,,,,,,,,,0.33465961811635236,,False,False,False,False,
role_conditioned_ar_ppo_order_120,learning,medium,heterogeneity_pressure,0,0,202,1,203,23,2,laser,1-2-0,1,5,,True,True,True,10,0,1.0,2,2,0,0,True,False,,,,,,,,,0.21676263968693457,,False,False,False,False,
role_conditioned_ar_ppo_order_120,learning,medium,heterogeneity_pressure,0,0,202,1,203,23,0,missile,1-2-0,2,5,,True,True,True,3,0,1.0,3,3,1,0,True,False,,,,,,,,,0.6182224221032585,,False,False,False,False,
role_conditioned_ar_ppo_order_120,learning,medium,heterogeneity_pressure,0,0,202,1,203,24,1,missile,1-2-0,0,5,,True,True,True,3,0,1.0,3,3,1,0,True,False,,,,,,,,,0.34848596356880135,,False,False,False,False,
role_conditioned_ar_ppo_order_120,learning,medium,heterogeneity_pressure,0,0,202,1,203,24,2,laser,1-2-0,1,5,,True,True,True,10,0,1.0,2,2,0,0,True,False,,,,,,,,,0.23023037928474446,,False,False,False,False,
role_conditioned_ar_ppo_order_120,learning,medium,heterogeneity_pressure,0,0,202,1,203,24,0,missile,1-2-0,2,5,,True,True,True,3,0,1.0,3,3,1,0,True,False,,,,,,,,,0.6305929025660142,,False,False,False,False,
role_conditioned_ar_ppo_order_120,learning,medium,heterogeneity_pressure,0,0,202,1,203,25,1,missile,1-2-0,0,5,,True,True,True,3,0,1.0,3,3,1,0,True,False,,,,,,,,,0.3622695115764694,,False,False,False,False,
role_conditioned_ar_ppo_order_120,learning,medium,heterogeneity_pressure,0,0,202,1,203,25,2,laser,1-2-0,1,5,,True,True,True,10,0,1.0,2,2,0,0,True,False,,,,,,,,,0.24352989382760407,,False,False,False,False,
role_conditioned_ar_ppo_order_120,learning,medium,heterogeneity_pressure,0,0,202,1,203,25,0,missile,1-2-0,2,5,,True,True,True,3,0,1.0,3,3,1,0,True,False,,,,,,,,,0.6428190361838979,,False,False,False,False,
role_conditioned_ar_ppo_order_120,learning,medium,heterogeneity_pressure,0,0,202,1,203,26,1,missile,1-2-0,0,5,,True,True,True,3,0,1.0,3,3,1,0,True,False,,,,,,,,,0.3760048703352897,,False,False,False,False,
role_conditioned_ar_ppo_order_120,learning,medium,heterogeneity_pressure,0,0,202,1,203,26,2,laser,1-2-0,1,5,,True,True,True,10,0,1.0,2,2,0,0,True,False,,,,,,,,,0.25662694689581517,,False,False,False,False,
role_conditioned_ar_ppo_order_120,learning,medium,heterogeneity_pressure,0,0,202,1,203,26,0,missile,1-2-0,2,5,,True,True,True,3,0,1.0,3,3,1,0,True,False,,,,,,,,,0.654873931183853,,False,False,False,False,
role_conditioned_ar_ppo_order_120,learning,medium,heterogeneity_pressure,0,0,202,1,203,27,1,missile,1-2-0,0,5,,True,True,True,3,0,1.0,3,3,1,0,True,False,,,,,,,,,0.38968578685026767,,False,False,False,False,
role_conditioned_ar_ppo_order_120,learning,medium,heterogeneity_pressure,0,0,202,1,203,27,2,laser,1-2-0,1,5,,True,True,True,10,0,1.0,2,2,0,0,True,False,,,,,,,,,0.2694782389232422,,False,False,False,False,
role_conditioned_ar_ppo_order_120,learning,medium,heterogeneity_pressure,0,0,202,1,203,27,0,missile,1-2-0,2,5,,True,True,True,3,0,1.0,3,3,1,0,True,False,,,,,,,,,0.66672407437792,,False,False,False,False,
role_conditioned_ar_ppo_order_120,learning,medium,heterogeneity_pressure,0,0,202,1,203,28,1,missile,1-2-0,0,5,,True,True,True,3,0,1.0,3,3,1,0,True,False,,,,,,,,,0.4033048848338956,,False,False,False,False,
role_conditioned_ar_ppo_order_120,learning,medium,heterogeneity_pressure,0,0,202,1,203,28,2,laser,1-2-0,1,5,,True,True,True,10,0,1.0,2,2,0,0,True,False,,,,,,,,,0.28202833494428303,,False,False,False,False,
role_conditioned_ar_ppo_order_120,learning,medium,heterogeneity_pressure,0,0,202,1,203,28,0,missile,1-2-0,2,5,,True,True,True,3,0,1.0,3,3,1,0,True,False,,,,,,,,,0.6783274771670647,,False,False,False,False,
role_conditioned_ar_ppo_order_120,learning,medium,heterogeneity_pressure,0,0,202,1,203,29,1,missile,1-2-0,0,5,,True,True,True,3,0,1.0,3,3,1,0,True,False,,,,,,,,,0.4168534774907321,,False,False,False,False,
role_conditioned_ar_ppo_order_120,learning,medium,heterogeneity_pressure,0,0,202,1,203,29,2,laser,1-2-0,1,5,,True,True,True,10,0,1.0,2,2,0,0,True,False,,,,,,,,,0.2942058242775815,,False,False,False,False,
role_conditioned_ar_ppo_order_120,learning,medium,heterogeneity_pressure,0,0,202,1,203,29,0,missile,1-2-0,2,5,,True,True,True,3,0,1.0,3,3,1,0,True,False,,,,,,,,,0.6896311505749617,,False,False,False,False,
role_conditioned_ar_ppo_order_120,learning,medium,heterogeneity_pressure,0,0,202,1,203,30,1,missile,1-2-0,0,5,,True,True,True,3,0,1.0,3,3,1,0,True,False,,,,,,,,,0.43032119308656525,,False,False,False,False,
role_conditioned_ar_ppo_order_120,learning,medium,heterogeneity_pressure,0,0,202,1,203,30,2,laser,1-2-0,1,5,,True,True,True,10,0,1.0,2,2,0,0,True,False,,,,,,,,,0.3059181264982499,,False,False,False,False,
role_conditioned_ar_ppo_order_120,learning,medium,heterogeneity_pressure,0,0,202,1,203,30,0,missile,1-2-0,2,5,,True,True,True,3,0,1.0,3,3,1,0,True,False,,,,,,,,,0.7005677857119899,,False,False,False,False,
role_conditioned_ar_ppo_order_120,learning,medium,heterogeneity_pressure,0,0,202,1,203,31,1,missile,1-2-0,0,5,,True,True,True,3,0,1.0,2,2,1,0,True,False,,,,,,,,,0.44369558179603213,,False,False,False,False,
role_conditioned_ar_ppo_order_120,learning,medium,heterogeneity_pressure,0,0,202,1,203,31,2,laser,1-2-0,1,5,,True,True,True,10,0,1.0,1,1,0,0,True,False,,,,,,,,,0.3170449917025527,,False,False,False,False,
role_conditioned_ar_ppo_order_120,learning,medium,heterogeneity_pressure,0,0,202,1,203,31,0,missile,1-2-0,2,5,,True,True,True,3,0,1.0,2,2,1,0,True,False,,,,,,,,,0.7110517544406316,,False,False,False,False,
role_conditioned_ar_ppo_order_120,learning,medium,heterogeneity_pressure,0,0,202,1,203,32,1,missile,1-2-0,0,5,,True,True,True,3,0,1.0,2,2,1,0,True,False,,,,,,,,,0.4569616663856137,,False,False,False,False,
role_conditioned_ar_ppo_order_120,learning,medium,heterogeneity_pressure,0,0,202,1,203,32,2,laser,1-2-0,1,5,,True,True,True,10,0,1.0,1,1,0,0,True,False,,,,,,,,,0.327430714266635,,False,False,False,False,
role_conditioned_ar_ppo_order_120,learning,medium,heterogeneity_pressure,0,0,202,1,203,32,0,missile,1-2-0,2,5,,True,True,True,3,0,1.0,2,2,1,0,True,False,,,,,,,,,0.720974068271594,,False,False,False,False,
role_conditioned_ar_ppo_order_120,learning,medium,heterogeneity_pressure,0,0,202,1,203,33,1,missile,1-2-0,0,5,,True,True,True,3,0,1.0,2,2,1,0,True,False,,,,,,,,,0.4701012495165843,,False,False,False,False,
role_conditioned_ar_ppo_order_120,learning,medium,heterogeneity_pressure,0,0,202,1,203,33,2,laser,1-2-0,1,5,,True,True,True,10,0,1.0,1,1,0,0,True,False,,,,,,,,,0.3368763274036696,,False,False,False,False,
role_conditioned_ar_ppo_order_120,learning,medium,heterogeneity_pressure,0,0,202,1,203,33,0,missile,1-2-0,2,5,,True,True,True,3,0,1.0,2,2,1,0,True,False,,,,,,,,,0.7301970282605668,,False,False,False,False,
role_conditioned_ar_ppo_order_120,learning,medium,heterogeneity_pressure,0,0,202,1,203,34,1,missile,1-2-0,0,5,,True,True,True,3,0,1.0,2,2,1,0,True,False,,,,,,,,,0.48309201511100025,,False,False,False,False,
role_conditioned_ar_ppo_order_120,learning,medium,heterogeneity_pressure,0,0,202,1,203,34,2,laser,1-2-0,1,5,,True,True,True,10,0,1.0,1,1,0,0,True,False,,,,,,,,,0.34513460115189254,,False,False,False,False,
role_conditioned_ar_ppo_order_120,learning,medium,heterogeneity_pressure,0,0,202,1,203,34,0,missile,1-2-0,2,5,,True,True,True,3,0,1.0,2,2,1,0,True,False,,,,,,,,,0.7385494752466002,,False,False,False,False,
role_conditioned_ar_ppo_order_120,learning,medium,heterogeneity_pressure,0,0,202,1,203,35,1,missile,1-2-0,0,5,,True,True,True,3,0,1.0,2,2,1,0,True,False,,,,,,,,,0.4959064237807283,,False,False,False,False,
role_conditioned_ar_ppo_order_120,learning,medium,heterogeneity_pressure,0,0,202,1,203,35,2,laser,1-2-0,1,5,,True,True,True,10,0,1.0,1,1,0,0,True,False,,,,,,,,,0.35191419951698444,,False,False,False,False,
role_conditioned_ar_ppo_order_120,learning,medium,heterogeneity_pressure,0,0,202,1,203,35,0,missile,1-2-0,2,5,,True,True,True,3,0,1.0,2,2,1,0,True,False,,,,,,,,,0.7458251477412084,,False,False,False,False,
role_conditioned_ar_ppo_order_120,learning,medium,heterogeneity_pressure,0,0,202,1,203,36,1,missile,1-2-0,0,5,,True,True,True,3,0,1.0,2,2,1,0,True,False,,,,,,,,,0.508510289990261,,False,False,False,False,
role_conditioned_ar_ppo_order_120,learning,medium,heterogeneity_pressure,0,0,202,1,203,36,2,laser,1-2-0,1,5,,True,True,True,10,0,1.0,1,1,0,0,True,False,,,,,,,,,0.35690170468597576,,False,False,False,False,
role_conditioned_ar_ppo_order_120,learning,medium,heterogeneity_pressure,0,0,202,1,203,36,0,missile,1-2-0,2,5,,True,True,True,3,0,1.0,2,2,1,0,True,False,,,,,,,,,0.7517884734592715,,False,False,False,False,
role_conditioned_ar_ppo_order_120,learning,medium,heterogeneity_pressure,0,0,202,1,203,37,1,missile,1-2-0,0,5,,True,True,True,3,0,1.0,2,2,1,0,True,False,,,,,,,,,0.5208607788517335,,False,False,False,False,
role_conditioned_ar_ppo_order_120,learning,medium,heterogeneity_pressure,0,0,202,1,203,37,2,laser,1-2-0,1,5,,True,True,True,10,0,1.0,1,1,0,0,True,False,,,,,,,,,0.3598090257318095,,False,False,False,False,
role_conditioned_ar_ppo_order_120,learning,medium,heterogeneity_pressure,0,0,202,1,203,37,0,missile,1-2-0,2,5,,True,True,True,3,0,1.0,2,2,1,0,True,False,,,,,,,,,0.7561932770232715,,False,False,False,False,
role_conditioned_ar_ppo_order_120,learning,medium,heterogeneity_pressure,0,0,202,1,203,38,1,missile,1-2-0,0,5,,True,True,True,3,0,1.0,2,2,1,0,True,False,,,,,,,,,0.5329038599952257,,False,False,False,False,
role_conditioned_ar_ppo_order_120,learning,medium,heterogeneity_pressure,0,0,202,1,203,38,2,laser,1-2-0,1,5,,True,True,True,10,0,1.0,1,1,0,0,True,False,,,,,,,,,0.3604399704961756,,False,False,False,False,
role_conditioned_ar_ppo_order_120,learning,medium,heterogeneity_pressure,0,0,202,1,203,38,0,missile,1-2-0,2,5,,True,True,True,3,0,1.0,2,2,1,0,True,False,,,,,,,,,0.7588175114915958,,False,False,False,False,
role_conditioned_ar_ppo_order_120,learning,medium,heterogeneity_pressure,0,0,202,1,203,39,1,missile,1-2-0,0,5,,True,True,True,3,0,1.0,2,2,1,0,True,False,,,,,,,,,0.5445710312989293,,False,False,False,False,
role_conditioned_ar_ppo_order_120,learning,medium,heterogeneity_pressure,0,0,202,1,203,39,2,laser,1-2-0,1,5,,True,True,True,10,0,1.0,1,1,0,0,True,False,,,,,,,,,0.35874883921525924,,False,False,False,False,
role_conditioned_ar_ppo_order_120,learning,medium,heterogeneity_pressure,0,0,202,1,203,39,0,missile,1-2-0,2,5,,True,True,True,3,0,1.0,2,2,1,0,True,False,,,,,,,,,0.7595089814355749,,False,False,False,False,
role_conditioned_ar_ppo_order_120,learning,medium,heterogeneity_pressure,0,0,202,1,203,40,1,missile,1-2-0,0,5,,True,True,True,3,0,1.0,2,2,1,0,True,False,,,,,,,,,0.5557750971814499,,False,False,False,False,
role_conditioned_ar_ppo_order_120,learning,medium,heterogeneity_pressure,0,0,202,1,203,40,2,laser,1-2-0,1,5,,True,True,True,10,0,1.0,1,1,0,0,True,False,,,,,,,,,0.35485556496670206,,False,False,False,False,
role_conditioned_ar_ppo_order_120,learning,medium,heterogeneity_pressure,0,0,202,1,203,40,0,missile,1-2-0,2,5,,True,True,True,3,0,1.0,2,2,1,0,True,False,,,,,,,,,0.7582247447724283,,False,False,False,False,
role_conditioned_ar_ppo_order_120,learning,medium,heterogeneity_pressure,0,0,202,1,203,41,1,missile,1-2-0,0,5,,True,True,True,3,0,1.0,1,1,1,0,True,False,,,,,,,,,0.38666817945495213,,False,False,False,False,
role_conditioned_ar_ppo_order_120,learning,medium,heterogeneity_pressure,0,0,202,1,203,41,2,laser,1-2-0,1,5,,True,True,True,10,0,1.0,0,0,0,0,False,False,,,,,,,,,0.0,,False,False,False,False,
role_conditioned_ar_ppo_order_120,learning,medium,heterogeneity_pressure,0,0,202,1,203,41,0,missile,1-2-0,2,5,,True,True,True,3,0,1.0,1,1,1,0,True,False,,,,,,,,,0.6874727394762585,,False,False,False,False,
role_conditioned_ar_ppo_order_120,learning,medium,heterogeneity_pressure,0,0,202,1,203,42,1,missile,1-2-0,0,5,,True,True,True,3,0,1.0,1,1,1,0,True,False,,,,,,,,,0.40235316832070844,,False,False,False,False,
role_conditioned_ar_ppo_order_120,learning,medium,heterogeneity_pressure,0,0,202,1,203,42,2,laser,1-2-0,1,5,,True,True,True,10,0,1.0,1,1,1,0,True,False,,,,,,,,,0.01395834787826375,,False,False,False,False,
role_conditioned_ar_ppo_order_120,learning,medium,heterogeneity_pressure,0,0,202,1,203,42,0,missile,1-2-0,2,5,,True,True,True,3,0,1.0,1,1,1,0,True,False,,,,,,,,,0.701803310658247,,False,False,False,False,
role_conditioned_ar_ppo_order_120,learning,medium,heterogeneity_pressure,0,0,202,1,203,43,1,missile,1-2-0,0,5,,True,True,True,3,0,1.0,1,1,1,0,True,False,,,,,,,,,0.41798766036557283,,False,False,False,False,
role_conditioned_ar_ppo_order_120,learning,medium,heterogeneity_pressure,0,0,202,1,203,43,2,laser,1-2-0,1,5,,True,True,True,10,0,1.0,1,1,1,0,True,False,,,,,,,,,0.030727407997787726,,False,False,False,False,
role_conditioned_ar_ppo_order_120,learning,medium,heterogeneity_pressure,0,0,202,1,203,43,0,missile,1-2-0,2,5,,True,True,True,3,0,1.0,1,1,1,0,True,False,,,,,,,,,0.7160274892848848,,False,False,False,False,
role_conditioned_ar_ppo_order_120,learning,medium,heterogeneity_pressure,0,0,202,1,203,44,1,missile,1-2-0,0,5,,True,True,True,3,0,1.0,1,1,1,0,True,False,,,,,,,,,0.43356606487008936,,False,False,False,False,
role_conditioned_ar_ppo_order_120,learning,medium,heterogeneity_pressure,0,0,202,1,203,44,2,laser,1-2-0,1,5,,True,True,True,10,0,1.0,1,1,1,0,True,False,,,,,,,,,0.047495265812052385,,False,False,False,False,
role_conditioned_ar_ppo_order_120,learning,medium,heterogeneity_pressure,0,0,202,1,203,44,0,missile,1-2-0,2,5,,True,True,True,3,0,1.0,1,1,1,0,True,False,,,,,,,,,0.7301299883363284,,False,False,False,False,
role_conditioned_ar_ppo_order_120,learning,medium,heterogeneity_pressure,0,0,202,1,203,45,1,missile,1-2-0,0,5,,True,True,True,3,0,1.0,1,1,1,0,True,False,,,,,,,,,0.4490817541265158,,False,False,False,False,
role_conditioned_ar_ppo_order_120,learning,medium,heterogeneity_pressure,0,0,202,1,203,45,2,laser,1-2-0,1,5,,True,True,True,10,0,1.0,1,1,1,0,True,False,,,,,,,,,0.06426182883603772,,False,False,False,False,
role_conditioned_ar_ppo_order_120,learning,medium,heterogeneity_pressure,0,0,202,1,203,45,0,missile,1-2-0,2,5,,True,True,True,3,0,1.0,1,1,1,0,True,False,,,,,,,,,0.7440924166134614,,False,False,False,False,
role_conditioned_ar_ppo_order_120,learning,medium,heterogeneity_pressure,0,0,202,1,203,46,1,missile,1-2-0,0,5,,True,True,True,3,0,1.0,1,1,1,0,True,False,,,,,,,,,0.4645271986981658,,False,False,False,False,
role_conditioned_ar_ppo_order_120,learning,medium,heterogeneity_pressure,0,0,202,1,203,46,2,laser,1-2-0,1,5,,True,True,True,10,0,1.0,1,1,1,0,True,False,,,,,,,,,0.08102700458472385,,False,False,False,False,
role_conditioned_ar_ppo_order_120,learning,medium,heterogeneity_pressure,0,0,202,1,203,46,0,missile,1-2-0,2,5,,True,True,True,3,0,1.0,1,1,1,0,True,False,,,,,,,,,0.7578928960308611,,False,False,False,False,
role_conditioned_ar_ppo_order_120,learning,medium,heterogeneity_pressure,0,0,202,1,203,47,1,missile,1-2-0,0,5,,True,True,True,3,0,1.0,1,1,1,0,True,False,,,,,,,,,0.47989367435750124,,False,False,False,False,
role_conditioned_ar_ppo_order_120,learning,medium,heterogeneity_pressure,0,0,202,1,203,47,2,laser,1-2-0,1,5,,True,True,True,10,0,1.0,1,1,1,0,True,False,,,,,,,,,0.09779051560305087,,False,False,False,False,
role_conditioned_ar_ppo_order_120,learning,medium,heterogeneity_pressure,0,0,202,1,203,47,0,missile,1-2-0,2,5,,True,True,True,3,0,1.0,1,1,1,0,True,False,,,,,,,,,0.7715050623262101,,False,False,False,False,
role_conditioned_ar_ppo_order_120,learning,medium,heterogeneity_pressure,0,0,202,1,203,48,1,missile,1-2-0,0,5,,True,True,True,3,0,1.0,1,1,1,0,True,False,,,,,,,,,0.49517087885133126,,False,False,False,False,
role_conditioned_ar_ppo_order_120,learning,medium,heterogeneity_pressure,0,0,202,1,203,48,2,laser,1-2-0,1,5,,True,True,True,10,0,1.0,1,1,1,0,True,False,,,,,,,,,0.11455217692097894,,False,False,False,False,
role_conditioned_ar_ppo_order_120,learning,medium,heterogeneity_pressure,0,0,202,1,203,48,0,missile,1-2-0,2,5,,True,True,True,3,0,1.0,1,1,1,0,True,False,,,,,,,,,0.7848968956776946,,False,False,False,False,
role_conditioned_ar_ppo_order_120,learning,medium,heterogeneity_pressure,0,0,202,1,203,49,1,missile,1-2-0,0,5,,True,True,True,3,0,1.0,1,1,1,0,True,False,,,,,,,,,0.5103468642711412,,False,False,False,False,
role_conditioned_ar_ppo_order_120,learning,medium,heterogeneity_pressure,0,0,202,1,203,49,2,laser,1-2-0,1,5,,True,True,True,10,0,1.0,1,1,1,0,True,False,,,,,,,,,0.13131189605348811,,False,False,False,False,
role_conditioned_ar_ppo_order_120,learning,medium,heterogeneity_pressure,0,0,202,1,203,49,0,missile,1-2-0,2,5,,True,True,True,3,0,1.0,1,1,1,0,True,False,,,,,,,,,0.7980295513214004,,False,False,False,False,
role_conditioned_ar_ppo_order_201,learning,medium,medium,0,0,200,0,200,0,2,laser,2-0-1,0,5,,True,True,True,10,0,1.0,0,0,0,0,False,False,,,,,,,,,0.0,,False,False,False,False,
role_conditioned_ar_ppo_order_201,learning,medium,medium,0,0,200,0,200,0,0,missile,2-0-1,1,5,,True,True,True,3,0,1.0,4,4,2,0,True,False,,,,,,,,,0.2686379961159966,,False,False,False,False,
role_conditioned_ar_ppo_order_201,learning,medium,medium,0,0,200,0,200,0,1,missile,2-0-1,2,5,,True,True,True,3,0,1.0,4,4,2,0,True,False,,,,,,,,,0.33966777144363136,,False,False,False,False,
role_conditioned_ar_ppo_order_201,learning,medium,medium,0,0,200,0,200,1,2,laser,2-0-1,0,5,,True,True,True,10,0,1.0,0,0,0,0,False,False,,,,,,,,,0.0,,False,False,False,False,
role_conditioned_ar_ppo_order_201,learning,medium,medium,0,0,200,0,200,1,0,missile,2-0-1,1,5,,True,True,True,3,0,1.0,4,4,2,0,True,False,,,,,,,,,0.2893935508541203,,False,False,False,False,
role_conditioned_ar_ppo_order_201,learning,medium,medium,0,0,200,0,200,1,1,missile,2-0-1,2,5,,True,True,True,3,0,1.0,4,4,2,0,True,False,,,,,,,,,0.3603588719859385,,False,False,False,False,
role_conditioned_ar_ppo_order_201,learning,medium,medium,0,0,200,0,200,2,2,laser,2-0-1,0,5,,True,True,True,10,0,1.0,1,1,0,0,True,False,,,,,,,,,0.009662318398424132,,False,False,False,False,
role_conditioned_ar_ppo_order_201,learning,medium,medium,0,0,200,0,200,2,0,missile,2-0-1,1,5,,True,True,True,3,0,1.0,4,4,2,0,True,False,,,,,,,,,0.31013194909513725,,False,False,False,False,
role_conditioned_ar_ppo_order_201,learning,medium,medium,0,0,200,0,200,2,1,missile,2-0-1,2,5,,True,True,True,3,0,1.0,4,4,2,0,True,False,,,,,,,,,0.3810278098800076,,False,False,False,False,
role_conditioned_ar_ppo_order_201,learning,medium,medium,0,0,200,0,200,3,2,laser,2-0-1,0,5,,True,True,True,10,0,1.0,1,1,0,0,True,False,,,,,,,,,0.021355310958783732,,False,False,False,False,
role_conditioned_ar_ppo_order_201,learning,medium,medium,0,0,200,0,200,3,0,missile,2-0-1,1,5,,True,True,True,3,0,1.0,4,4,2,0,True,False,,,,,,,,,0.33085183500644977,,False,False,False,False,
role_conditioned_ar_ppo_order_201,learning,medium,medium,0,0,200,0,200,3,1,missile,2-0-1,2,5,,True,True,True,3,0,1.0,4,4,2,0,True,False,,,,,,,,,0.40167275996657215,,False,False,False,False,
role_conditioned_ar_ppo_order_201,learning,medium,medium,0,0,200,0,200,4,2,laser,2-0-1,0,5,,True,True,True,10,0,1.0,1,1,0,0,True,False,,,,,,,,,0.03303166122277987,,False,False,False,False,
role_conditioned_ar_ppo_order_201,learning,medium,medium,0,0,200,0,200,4,0,missile,2-0-1,1,5,,True,True,True,3,0,1.0,4,4,2,0,True,False,,,,,,,,,0.3515518527554596,,False,False,False,False,
role_conditioned_ar_ppo_order_201,learning,medium,medium,0,0,200,0,200,4,1,missile,2-0-1,2,5,,True,True,True,3,0,1.0,4,4,2,0,True,False,,,,,,,,,0.42229179279155027,,False,False,False,False,
role_conditioned_ar_ppo_order_201,learning,medium,medium,0,0,200,0,200,5,2,laser,2-0-1,0,5,,True,True,True,10,0,1.0,1,1,0,0,True,False,,,,,,,,,0.04468958982539251,,False,False,False,False,
role_conditioned_ar_ppo_order_201,learning,medium,medium,0,0,200,0,200,5,0,missile,2-0-1,1,5,,True,True,True,3,0,1.0,4,4,2,0,True,False,,,,,,,,,0.3722304379199382,,False,False,False,False,
role_conditioned_ar_ppo_order_201,learning,medium,medium,0,0,200,0,200,5,1,missile,2-0-1,2,5,,True,True,True,3,0,1.0,4,4,2,0,True,False,,,,,,,,,0.4428825617215992,,False,False,False,False,
role_conditioned_ar_ppo_order_201,learning,medium,medium,0,0,200,0,200,6,2,laser,2-0-1,0,5,,True,True,True,10,0,1.0,1,1,0,0,True,False,,,,,,,,,0.056327134231673175,,False,False,False,False,
role_conditioned_ar_ppo_order_201,learning,medium,medium,0,0,200,0,200,6,0,missile,2-0-1,1,5,,True,True,True,3,0,1.0,4,4,2,0,True,False,,,,,,,,,0.39288586963543415,,False,False,False,False,
role_conditioned_ar_ppo_order_201,learning,medium,medium,0,0,200,0,200,6,1,missile,2-0-1,2,5,,True,True,True,3,0,1.0,4,4,2,0,True,False,,,,,,,,,0.46344272012337595,,False,False,False,False,
role_conditioned_ar_ppo_order_201,learning,medium,medium,0,0,200,0,200,7,2,laser,2-0-1,0,5,,True,True,True,10,0,1.0,1,1,0,0,True,False,,,,,,,,,0.06794196556681625,,False,False,False,False,
role_conditioned_ar_ppo_order_201,learning,medium,medium,0,0,200,0,200,7,0,missile,2-0-1,1,5,,True,True,True,3,0,1.0,4,4,2,0,True,False,,,,,,,,,0.41351616630045795,,False,False,False,False,
role_conditioned_ar_ppo_order_201,learning,medium,medium,0,0,200,0,200,7,1,missile,2-0-1,2,5,,True,True,True,3,0,1.0,4,4,2,0,True,False,,,,,,,,,0.48396934774205397,,False,False,False,False,
role_conditioned_ar_ppo_order_201,learning,medium,medium,0,0,200,0,200,8,2,laser,2-0-1,0,5,,True,True,True,10,0,1.0,1,1,0,0,True,False,,,,,,,,,0.07953144095042443,,False,False,False,False,
role_conditioned_ar_ppo_order_201,learning,medium,medium,0,0,200,0,200,8,0,missile,2-0-1,1,5,,True,True,True,3,0,1.0,4,4,2,0,True,False,,,,,,,,,0.4341192941661124,,False,False,False,False,
role_conditioned_ar_ppo_order_201,learning,medium,medium,0,0,200,0,200,8,1,missile,2-0-1,2,5,,True,True,True,3,0,1.0,4,4,2,0,True,False,,,,,,,,,0.5044593157331764,,False,False,False,False,
role_conditioned_ar_ppo_order_201,learning,medium,medium,0,0,200,0,200,9,2,laser,2-0-1,0,5,,True,True,True,10,0,1.0,1,1,0,0,True,False,,,,,,,,,0.09109247266084534,,False,False,False,False,
role_conditioned_ar_ppo_order_201,learning,medium,medium,0,0,200,0,200,9,0,missile,2-0-1,1,5,,True,True,True,3,0,1.0,4,4,2,0,True,False,,,,,,,,,0.4546928023042396,,False,False,False,False,
role_conditioned_ar_ppo_order_201,learning,medium,medium,0,0,200,0,200,9,1,missile,2-0-1,2,5,,True,True,True,3,0,1.0,4,4,2,0,True,False,,,,,,,,,0.5249091823678397,,False,False,False,False,
role_conditioned_ar_ppo_order_201,learning,medium,medium,0,0,200,0,200,10,2,laser,2-0-1,0,5,,True,True,True,10,0,1.0,1,1,0,0,True,False,,,,,,,,,0.10262144963377372,,False,False,False,False,
role_conditioned_ar_ppo_order_201,learning,medium,medium,0,0,200,0,200,10,0,missile,2-0-1,1,5,,True,True,True,3,0,1.0,4,4,2,0,True,False,,,,,,,,,0.4752340311970509,,False,False,False,False,
role_conditioned_ar_ppo_order_201,learning,medium,medium,0,0,200,0,200,10,1,missile,2-0-1,2,5,,True,True,True,3,0,1.0,4,4,2,0,True,False,,,,,,,,,0.5453148801482504,,False,False,False,False,
role_conditioned_ar_ppo_order_201,learning,medium,medium,0,0,200,0,200,11,2,laser,2-0-1,0,5,,True,True,True,10,0,1.0,1,1,0,0,True,False,,,,,,,,,0.1141141589608534,,False,False,False,False,
role_conditioned_ar_ppo_order_201,learning,medium,medium,0,0,200,0,200,11,0,missile,2-0-1,1,5,,True,True,True,3,0,1.0,4,4,2,0,True,False,,,,,,,,,0.495740008442312,,False,False,False,False,
role_conditioned_ar_ppo_order_201,learning,medium,medium,0,0,200,0,200,11,1,missile,2-0-1,2,5,,True,True,True,3,0,1.0,5,5,2,0,True,False,,,,,,,,,0.5656718201025375,,False,False,False,False,
role_conditioned_ar_ppo_order_201,learning,medium,medium,0,0,200,0,200,12,2,laser,2-0-1,0,5,,True,True,True,10,0,1.0,2,2,1,0,True,False,,,,,,,,,0.12556568122114675,,False,False,False,False,
role_conditioned_ar_ppo_order_201,learning,medium,medium,0,0,200,0,200,12,0,missile,2-0-1,1,5,,True,True,True,3,0,1.0,4,4,2,0,True,False,,,,,,,,,0.5162074487533429,,False,False,False,False,
role_conditioned_ar_ppo_order_201,learning,medium,medium,0,0,200,0,200,12,1,missile,2-0-1,2,5,,True,True,True,3,0,1.0,5,5,2,0,True,False,,,,,,,,,0.5859749960795699,,False,False,False,False,
role_conditioned_ar_ppo_order_201,learning,medium,medium,0,0,200,0,200,13,2,laser,2-0-1,0,5,,True,True,True,10,0,1.0,3,3,2,0,True,False,,,,,,,,,0.13697007647554293,,False,False,False,False,
role_conditioned_ar_ppo_order_201,learning,medium,medium,0,0,200,0,200,13,0,missile,2-0-1,1,5,,True,True,True,3,0,1.0,4,4,2,0,True,False,,,,,,,,,0.5366324410745723,,False,False,False,False,
role_conditioned_ar_ppo_order_201,learning,medium,medium,0,0,200,0,200,13,1,missile,2-0-1,2,5,,True,True,True,3,0,1.0,5,5,2,0,True,False,,,,,,,,,0.6062183589800638,,False,False,False,False,
role_conditioned_ar_ppo_order_201,learning,medium,medium,0,0,200,0,200,14,2,laser,2-0-1,0,5,,True,True,True,10,0,1.0,4,4,2,0,True,False,,,,,,,,,0.14832033193249253,,False,False,False,False,
role_conditioned_ar_ppo_order_201,learning,medium,medium,0,0,200,0,200,14,0,missile,2-0-1,1,5,,True,True,True,3,0,1.0,4,4,2,0,True,False,,,,,,,,,0.557010761465983,,False,False,False,False,
role_conditioned_ar_ppo_order_201,learning,medium,medium,0,0,200,0,200,14,1,missile,2-0-1,2,5,,True,True,True,3,0,1.0,5,5,2,0,True,False,,,,,,,,,0.6263952339358442,,False,False,False,False,
role_conditioned_ar_ppo_order_201,learning,medium,medium,0,0,200,0,200,15,2,laser,2-0-1,0,5,,True,True,True,10,0,1.0,4,4,2,0,True,False,,,,,,,,,0.1596079694410179,,False,False,False,False,
role_conditioned_ar_ppo_order_201,learning,medium,medium,0,0,200,0,200,15,0,missile,2-0-1,1,5,,True,True,True,3,0,1.0,4,4,2,0,True,False,,,,,,,,,0.5773375080712592,,False,False,False,False,
role_conditioned_ar_ppo_order_201,learning,medium,medium,0,0,200,0,200,15,1,missile,2-0-1,2,5,,True,True,True,3,0,1.0,5,5,2,0,True,False,,,,,,,,,0.6464977988357679,,False,False,False,False,
role_conditioned_ar_ppo_order_201,learning,medium,medium,0,0,200,0,200,16,2,laser,2-0-1,0,5,,True,True,True,10,0,1.0,4,4,2,0,True,False,,,,,,,,,0.17082270531798882,,False,False,False,False,
role_conditioned_ar_ppo_order_201,learning,medium,medium,0,0,200,0,200,16,0,missile,2-0-1,1,5,,True,True,True,3,0,1.0,4,4,2,0,True,False,,,,,,,,,0.5976071011177851,,False,False,False,False,
role_conditioned_ar_ppo_order_201,learning,medium,medium,0,0,200,0,200,16,1,missile,2-0-1,2,5,,True,True,True,3,0,1.0,5,5,2,0,True,False,,,,,,,,,0.666516927883502,,False,False,False,False,
role_conditioned_ar_ppo_order_201,learning,medium,medium,0,0,200,0,200,17,2,laser,2-0-1,0,5,,True,True,True,10,0,1.0,4,4,2,0,True,False,,,,,,,,,0.18195199242330104,,False,False,False,False,
role_conditioned_ar_ppo_order_201,learning,medium,medium,0,0,200,0,200,17,0,missile,2-0-1,1,5,,True,True,True,3,0,1.0,4,4,2,0,True,False,,,,,,,,,0.6178131786218318,,False,False,False,False,
role_conditioned_ar_ppo_order_201,learning,medium,medium,0,0,200,0,200,17,1,missile,2-0-1,2,5,,True,True,True,3,0,1.0,5,5,2,0,True,False,,,,,,,,,0.686442139450115,,False,False,False,False,
role_conditioned_ar_ppo_order_201,learning,medium,medium,0,0,200,0,200,18,2,laser,2-0-1,0,5,,True,True,True,10,0,1.0,4,4,2,0,True,False,,,,,,,,,0.19298036598156026,,False,False,False,False,
role_conditioned_ar_ppo_order_201,learning,medium,medium,0,0,200,0,200,18,0,missile,2-0-1,1,5,,True,True,True,3,0,1.0,4,4,2,0,True,False,,,,,,,,,0.6379484399463325,,False,False,False,False,
role_conditioned_ar_ppo_order_201,learning,medium,medium,0,0,200,0,200,18,1,missile,2-0-1,2,5,,True,True,True,3,0,1.0,5,5,2,0,True,False,,,,,,,,,0.7062611267474089,,False,False,False,False,
role_conditioned_ar_ppo_order_201,learning,medium,medium,0,0,200,0,200,19,2,laser,2-0-1,0,5,,True,True,True,10,0,1.0,4,4,2,0,True,False,,,,,,,,,0.20388852773243932,,False,False,False,False,
role_conditioned_ar_ppo_order_201,learning,medium,medium,0,0,200,0,200,19,0,missile,2-0-1,1,5,,True,True,True,3,0,1.0,4,4,2,0,True,False,,,,,,,,,0.6580042286216224,,False,False,False,False,
role_conditioned_ar_ppo_order_201,learning,medium,medium,0,0,200,0,200,19,1,missile,2-0-1,2,5,,True,True,True,3,0,1.0,5,5,2,0,True,False,,,,,,,,,0.7259593667223622,,False,False,False,False,
role_conditioned_ar_ppo_order_201,learning,medium,medium,0,0,200,0,200,20,2,laser,2-0-1,0,5,,True,True,True,10,0,1.0,4,4,2,0,True,False,,,,,,,,,0.21465233849607127,,False,False,False,False,
role_conditioned_ar_ppo_order_201,learning,medium,medium,0,0,200,0,200,20,0,missile,2-0-1,1,5,,True,True,True,3,0,1.0,4,4,2,0,True,False,,,,,,,,,0.6779708973772921,,False,False,False,False,
role_conditioned_ar_ppo_order_201,learning,medium,medium,0,0,200,0,200,20,1,missile,2-0-1,2,5,,True,True,True,3,0,1.0,5,5,2,0,True,False,,,,,,,,,0.7455197810989792,,False,False,False,False,
role_conditioned_ar_ppo_order_201,learning,medium,medium,0,0,200,0,200,21,2,laser,2-0-1,0,5,,True,True,True,10,0,1.0,4,4,2,0,True,False,,,,,,,,,0.23421407531659097,,False,False,False,False,
role_conditioned_ar_ppo_order_201,learning,medium,medium,0,0,200,0,200,21,0,missile,2-0-1,1,5,,True,True,True,3,0,1.0,4,4,2,0,True,False,,,,,,,,,0.6978367130466274,,False,False,False,False,
role_conditioned_ar_ppo_order_201,learning,medium,medium,0,0,200,0,200,21,1,missile,2-0-1,2,5,,True,True,True,3,0,1.0,5,5,2,0,True,False,,,,,,,,,0.7649219280934739,,False,False,False,False,
role_conditioned_ar_ppo_order_201,learning,medium,medium,0,0,200,0,200,22,2,laser,2-0-1,0,5,,True,True,True,10,0,1.0,4,4,2,0,True,False,,,,,,,,,0.2591709279691106,,False,False,False,False,
role_conditioned_ar_ppo_order_201,learning,medium,medium,0,0,200,0,200,22,0,missile,2-0-1,1,5,,True,True,True,3,0,1.0,4,4,2,0,True,False,,,,,,,,,0.7175882737458708,,False,False,False,False,
role_conditioned_ar_ppo_order_201,learning,medium,medium,0,0,200,0,200,22,1,missile,2-0-1,2,5,,True,True,True,3,0,1.0,5,5,2,0,True,False,,,,,,,,,0.7841414548664887,,False,False,False,False,
role_conditioned_ar_ppo_order_201,learning,medium,medium,0,0,200,0,200,23,2,laser,2-0-1,0,5,,True,True,True,10,0,1.0,4,4,2,0,True,False,,,,,,,,,0.2841076034536147,,False,False,False,False,
role_conditioned_ar_ppo_order_201,learning,medium,medium,0,0,200,0,200,23,0,missile,2-0-1,1,5,,True,True,True,3,0,1.0,4,4,2,0,True,False,,,,,,,,,0.737209648441994,,False,False,False,False,
role_conditioned_ar_ppo_order_201,learning,medium,medium,0,0,200,0,200,23,1,missile,2-0-1,2,5,,True,True,True,3,0,1.0,5,5,2,0,True,False,,,,,,,,,0.8031490285012376,,False,False,False,False,
role_conditioned_ar_ppo_order_201,learning,medium,medium,0,0,200,0,200,24,2,laser,2-0-1,0,5,,True,True,True,10,0,1.0,4,4,2,0,True,False,,,,,,,,,0.30902148621128633,,False,False,False,False,
role_conditioned_ar_ppo_order_201,learning,medium,medium,0,0,200,0,200,24,0,missile,2-0-1,1,5,,True,True,True,3,0,1.0,4,4,2,0,True,False,,,,,,,,,0.7566819336997358,,False,False,False,False,
role_conditioned_ar_ppo_order_201,learning,medium,medium,0,0,200,0,200,24,1,missile,2-0-1,2,5,,True,True,True,3,0,1.0,5,5,2,0,True,False,,,,,,,,,0.8219090844657249,,False,False,False,False,
role_conditioned_ar_ppo_order_201,learning,medium,medium,0,0,200,0,200,25,2,laser,2-0-1,0,5,,True,True,True,10,0,1.0,4,4,2,0,True,False,,,,,,,,,0.33390958703204915,,False,False,False,False,
role_conditioned_ar_ppo_order_201,learning,medium,medium,0,0,200,0,200,25,0,missile,2-0-1,1,5,,True,True,True,3,0,1.0,4,4,2,0,True,False,,,,,,,,,0.7759824714704859,,False,False,False,False,
role_conditioned_ar_ppo_order_201,learning,medium,medium,0,0,200,0,200,25,1,missile,2-0-1,2,5,,True,True,True,3,0,1.0,5,5,2,0,True,False,,,,,,,,,0.840378340411627,,False,False,False,False,
role_conditioned_ar_ppo_order_201,learning,medium,medium,0,0,200,0,200,26,2,laser,2-0-1,0,5,,True,True,True,10,0,1.0,4,4,2,0,True,False,,,,,,,,,0.35876841850414737,,False,False,False,False,
role_conditioned_ar_ppo_order_201,learning,medium,medium,0,0,200,0,200,26,0,missile,2-0-1,1,5,,True,True,True,3,0,1.0,4,4,2,0,True,False,,,,,,,,,0.7950842754708014,,False,False,False,False,
role_conditioned_ar_ppo_order_201,learning,medium,medium,0,0,200,0,200,26,1,missile,2-0-1,2,5,,True,True,True,3,0,1.0,5,5,2,0,True,False,,,,,,,,,0.8585036320568772,,False,False,False,False,
role_conditioned_ar_ppo_order_201,learning,medium,medium,0,0,200,0,200,27,2,laser,2-0-1,0,5,,True,True,True,10,0,1.0,4,4,2,0,True,False,,,,,,,,,0.38359359022528133,,False,False,False,False,
role_conditioned_ar_ppo_order_201,learning,medium,medium,0,0,200,0,200,27,0,missile,2-0-1,1,5,,True,True,True,3,0,1.0,4,4,2,0,True,False,,,,,,,,,0.8139545189075869,,False,False,False,False,
role_conditioned_ar_ppo_order_201,learning,medium,medium,0,0,200,0,200,27,1,missile,2-0-1,2,5,,True,True,True,3,0,1.0,5,5,2,0,True,False,,,,,,,,,0.8762195665523215,,False,False,False,False,
role_conditioned_ar_ppo_order_201,learning,medium,medium,0,0,200,0,200,28,2,laser,2-0-1,0,5,,True,True,True,10,0,1.0,4,4,2,0,True,False,,,,,,,,,0.4083800267658423,,False,False,False,False,
role_conditioned_ar_ppo_order_201,learning,medium,medium,0,0,200,0,200,28,0,missile,2-0-1,1,5,,True,True,True,3,0,1.0,5,5,2,0,True,False,,,,,,,,,0.8325534654562365,,False,False,False,False,
role_conditioned_ar_ppo_order_201,learning,medium,medium,0,0,200,0,200,28,1,missile,2-0-1,2,5,,True,True,True,3,0,1.0,5,5,2,0,True,False,,,,,,,,,0.8934450546791132,,False,False,False,False,
role_conditioned_ar_ppo_order_201,learning,medium,medium,0,0,200,0,200,29,2,laser,2-0-1,0,5,,True,True,True,10,0,1.0,4,4,2,0,True,False,,,,,,,,,0.43312159401765227,,False,False,False,False,
role_conditioned_ar_ppo_order_201,learning,medium,medium,0,0,200,0,200,29,0,missile,2-0-1,1,5,,True,True,True,3,0,1.0,5,5,2,0,True,False,,,,,,,,,0.8508324094380348,,False,False,False,False,
role_conditioned_ar_ppo_order_201,learning,medium,medium,0,0,200,0,200,29,1,missile,2-0-1,2,5,,True,True,True,3,0,1.0,5,5,2,0,True,False,,,,,,,,,0.9100794519405481,,False,False,False,False,
role_conditioned_ar_ppo_order_201,learning,medium,medium,0,0,200,0,200,30,2,laser,2-0-1,0,5,,True,True,True,10,0,1.0,4,4,2,0,True,False,,,,,,,,,0.4578106944051009,,False,False,False,False,
role_conditioned_ar_ppo_order_201,learning,medium,medium,0,0,200,0,200,30,0,missile,2-0-1,1,5,,True,True,True,3,0,1.0,5,5,2,0,True,False,,,,,,,,,0.8687315377764433,,False,False,False,False,
role_conditioned_ar_ppo_order_201,learning,medium,medium,0,0,200,0,200,30,1,missile,2-0-1,2,5,,True,True,True,3,0,1.0,5,5,2,0,True,False,,,,,,,,,0.9259977610005647,,False,False,False,False,
role_conditioned_ar_ppo_order_201,learning,medium,medium,0,0,200,0,200,31,2,laser,2-0-1,0,5,,True,True,True,10,0,1.0,4,4,2,0,True,False,,,,,,,,,0.48243792437148925,,False,False,False,False,
role_conditioned_ar_ppo_order_201,learning,medium,medium,0,0,200,0,200,31,0,missile,2-0-1,1,5,,True,True,True,3,0,1.0,5,5,2,0,True,False,,,,,,,,,0.8861769054474586,,False,False,False,False,
role_conditioned_ar_ppo_order_201,learning,medium,medium,0,0,200,0,200,31,1,missile,2-0-1,2,5,,True,True,True,3,0,1.0,5,5,2,0,True,False,,,,,,,,,0.9410451040585359,,False,False,False,False,
role_conditioned_ar_ppo_order_201,learning,medium,medium,0,0,200,0,200,32,2,laser,2-0-1,0,5,,True,True,True,10,0,1.0,4,4,2,0,True,False,,,,,,,,,0.5069916384525617,,False,False,False,False,
role_conditioned_ar_ppo_order_201,learning,medium,medium,0,0,200,0,200,32,0,missile,2-0-1,1,5,,True,True,True,3,0,1.0,5,5,2,0,True,False,,,,,,,,,0.9030767330136722,,False,False,False,False,
role_conditioned_ar_ppo_order_201,learning,medium,medium,0,0,200,0,200,32,1,missile,2-0-1,2,5,,True,True,True,3,0,1.0,5,5,2,0,True,False,,,,,,,,,0.9550313907768402,,False,False,False,False,
role_conditioned_ar_ppo_order_201,learning,medium,medium,0,0,200,0,200,33,2,laser,2-0-1,0,5,,True,True,True,10,0,1.0,4,4,2,0,True,False,,,,,,,,,0.5314570462859608,,False,False,False,False,
role_conditioned_ar_ppo_order_201,learning,medium,medium,0,0,200,0,200,33,0,missile,2-0-1,1,5,,True,True,True,3,0,1.0,5,5,2,0,True,False,,,,,,,,,0.919317000168326,,False,False,False,False,
role_conditioned_ar_ppo_order_201,learning,medium,medium,0,0,200,0,200,33,1,missile,2-0-1,2,5,,True,True,True,3,0,1.0,5,5,2,0,True,False,,,,,,,,,0.9677272898936226,,False,False,False,False,
role_conditioned_ar_ppo_order_201,learning,medium,medium,0,0,200,0,200,34,2,laser,2-0-1,0,5,,True,True,True,10,0,1.0,3,3,2,0,True,False,,,,,,,,,0.5558151850702647,,False,False,False,False,
role_conditioned_ar_ppo_order_201,learning,medium,medium,0,0,200,0,200,34,0,missile,2-0-1,1,5,,True,True,True,3,0,1.0,4,4,2,0,True,False,,,,,,,,,0.9347562570682545,,False,False,False,False,
role_conditioned_ar_ppo_order_201,learning,medium,medium,0,0,200,0,200,34,1,missile,2-0-1,2,5,,True,True,True,3,0,1.0,4,4,2,0,True,False,,,,,,,,,0.9788641640385359,,False,False,False,False,
role_conditioned_ar_ppo_order_201,learning,medium,medium,0,0,200,0,200,35,2,laser,2-0-1,0,5,,True,True,True,10,0,1.0,3,3,2,0,True,False,,,,,,,,,0.5800413938223433,,False,False,False,False,
role_conditioned_ar_ppo_order_201,learning,medium,medium,0,0,200,0,200,35,0,missile,2-0-1,1,5,,True,True,True,3,0,1.0,4,4,2,0,True,False,,,,,,,,,0.9492199924138625,,False,False,False,False,
role_conditioned_ar_ppo_order_201,learning,medium,medium,0,0,200,0,200,35,1,missile,2-0-1,2,5,,True,True,True,3,0,1.0,4,4,2,0,True,False,,,,,,,,,0.9881421004335142,,False,False,False,False,
role_conditioned_ar_ppo_order_201,learning,medium,medium,0,0,200,0,200,36,2,laser,2-0-1,0,5,,True,True,True,10,0,1.0,3,3,2,0,True,False,,,,,,,,,0.6041030714698008,,False,False,False,False,
role_conditioned_ar_ppo_order_201,learning,medium,medium,0,0,200,0,200,36,0,missile,2-0-1,1,5,,True,True,True,3,0,1.0,4,4,2,0,True,False,,,,,,,,,0.9624959271455863,,False,False,False,False,
role_conditioned_ar_ppo_order_201,learning,medium,medium,0,0,200,0,200,36,1,missile,2-0-1,2,5,,True,True,True,3,0,1.0,4,4,2,0,True,False,,,,,,,,,0.9952504178608179,,False,False,False,False,
role_conditioned_ar_ppo_order_201,learning,medium,medium,0,0,200,0,200,37,2,laser,2-0-1,0,5,,True,True,True,10,0,1.0,2,2,1,0,True,False,,,,,,,,,0.3395525318609927,,False,False,False,False,
role_conditioned_ar_ppo_order_201,learning,medium,medium,0,0,200,0,200,37,0,missile,2-0-1,1,5,,True,True,True,3,0,1.0,3,3,1,0,True,False,,,,,,,,,0.6572713467013526,,False,False,False,False,
role_conditioned_ar_ppo_order_201,learning,medium,medium,0,0,200,0,200,37,1,missile,2-0-1,2,5,,True,True,True,3,0,1.0,3,3,1,0,True,False,,,,,,,,,0.579799894831866,,False,False,False,False,
role_conditioned_ar_ppo_order_201,learning,medium,medium,0,0,200,0,200,38,2,laser,2-0-1,0,5,,True,True,True,10,0,1.0,2,2,1,0,True,False,,,,,,,,,0.35381834295075665,,False,False,False,False,
role_conditioned_ar_ppo_order_201,learning,medium,medium,0,0,200,0,200,38,0,missile,2-0-1,1,5,,True,True,True,3,0,1.0,3,3,1,0,True,False,,,,,,,,,0.6618202354406719,,False,False,False,False,
role_conditioned_ar_ppo_order_201,learning,medium,medium,0,0,200,0,200,38,1,missile,2-0-1,2,5,,True,True,True,3,0,1.0,3,3,1,0,True,False,,,,,,,,,0.5900747034124616,,False,False,False,False,
role_conditioned_ar_ppo_order_201,learning,medium,medium,0,0,200,0,200,39,2,laser,2-0-1,0,5,,True,True,True,10,0,1.0,2,2,1,0,True,False,,,,,,,,,0.36805950816935523,,False,False,False,False,
role_conditioned_ar_ppo_order_201,learning,medium,medium,0,0,200,0,200,39,0,missile,2-0-1,1,5,,True,True,True,3,0,1.0,3,3,1,0,True,False,,,,,,,,,0.6650186987763268,,False,False,False,False,
role_conditioned_ar_ppo_order_201,learning,medium,medium,0,0,200,0,200,39,1,missile,2-0-1,2,5,,True,True,True,3,0,1.0,3,3,1,0,True,False,,,,,,,,,0.6000916596989634,,False,False,False,False,
role_conditioned_ar_ppo_order_201,learning,medium,medium,0,0,200,0,200,40,2,laser,2-0-1,0,5,,True,True,True,10,0,1.0,2,2,1,0,True,False,,,,,,,,,0.38227086245798,,False,False,False,False,
role_conditioned_ar_ppo_order_201,learning,medium,medium,0,0,200,0,200,40,0,missile,2-0-1,1,5,,True,True,True,3,0,1.0,3,3,1,0,True,False,,,,,,,,,0.6667259506839126,,False,False,False,False,
role_conditioned_ar_ppo_order_201,learning,medium,medium,0,0,200,0,200,40,1,missile,2-0-1,2,5,,True,True,True,3,0,1.0,3,3,1,0,True,False,,,,,,,,,0.609798726670256,,False,False,False,False,
role_conditioned_ar_ppo_order_201,learning,medium,medium,0,0,200,0,200,41,2,laser,2-0-1,0,5,,True,True,True,10,0,1.0,2,2,1,0,True,False,,,,,,,,,0.39644567497227795,,False,False,False,False,
role_conditioned_ar_ppo_order_201,learning,medium,medium,0,0,200,0,200,41,0,missile,2-0-1,1,5,,True,True,True,3,0,1.0,3,3,1,0,True,False,,,,,,,,,0.6668588868828156,,False,False,False,False,
role_conditioned_ar_ppo_order_201,learning,medium,medium,0,0,200,0,200,41,1,missile,2-0-1,2,5,,True,True,True,3,0,1.0,3,3,1,0,True,False,,,,,,,,,0.6191313178011136,,False,False,False,False,
role_conditioned_ar_ppo_order_201,learning,medium,medium,0,0,200,1,201,0,2,laser,2-0-1,0,5,,True,True,True,10,0,1.0,0,0,0,0,False,False,,,,,,,,,0.0,,False,False,False,False,
role_conditioned_ar_ppo_order_201,learning,medium,medium,0,0,200,1,201,0,0,missile,2-0-1,1,5,,True,True,True,3,0,1.0,4,4,1,0,True,False,,,,,,,,,0.15911757954797048,,False,False,False,False,
role_conditioned_ar_ppo_order_201,learning,medium,medium,0,0,200,1,201,0,1,missile,2-0-1,2,5,,True,True,True,3,0,1.0,1,1,0,0,True,False,,,,,,,,,0.04570618290578777,,False,False,False,False,
role_conditioned_ar_ppo_order_201,learning,medium,medium,0,0,200,1,201,1,2,laser,2-0-1,0,5,,True,True,True,10,0,1.0,0,0,0,0,False,False,,,,,,,,,0.0,,False,False,False,False,
role_conditioned_ar_ppo_order_201,learning,medium,medium,0,0,200,1,201,1,0,missile,2-0-1,1,5,,True,True,True,3,0,1.0,4,4,1,0,True,False,,,,,,,,,0.17942875769235628,,False,False,False,False,
role_conditioned_ar_ppo_order_201,learning,medium,medium,0,0,200,1,201,1,1,missile,2-0-1,2,5,,True,True,True,3,0,1.0,2,2,0,0,True,False,,,,,,,,,0.051470075504299946,,False,False,False,False,
role_conditioned_ar_ppo_order_201,learning,medium,medium,0,0,200,1,201,2,2,laser,2-0-1,0,5,,True,True,True,10,0,1.0,0,0,0,0,False,False,,,,,,,,,0.0,,False,False,False,False,
role_conditioned_ar_ppo_order_201,learning,medium,medium,0,0,200,1,201,2,0,missile,2-0-1,1,5,,True,True,True,3,0,1.0,4,4,1,0,True,False,,,,,,,,,0.19973872858804628,,False,False,False,False,
role_conditioned_ar_ppo_order_201,learning,medium,medium,0,0,200,1,201,2,1,missile,2-0-1,2,5,,True,True,True,3,0,1.0,2,2,0,0,True,False,,,,,,,,,0.057233809575553476,,False,False,False,False,
role_conditioned_ar_ppo_order_201,learning,medium,medium,0,0,200,1,201,3,2,laser,2-0-1,0,5,,True,True,True,10,0,1.0,0,0,0,0,False,False,,,,,,,,,0.0,,False,False,False,False,
role_conditioned_ar_ppo_order_201,learning,medium,medium,0,0,200,1,201,3,0,missile,2-0-1,1,5,,True,True,True,3,0,1.0,4,4,1,0,True,False,,,,,,,,,0.22004745672772608,,False,False,False,False,
role_conditioned_ar_ppo_order_201,learning,medium,medium,0,0,200,1,201,3,1,missile,2-0-1,2,5,,True,True,True,3,0,1.0,5,5,1,0,True,False,,,,,,,,,0.0629973454877336,,False,False,False,False,
role_conditioned_ar_ppo_order_201,learning,medium,medium,0,0,200,1,201,4,2,laser,2-0-1,0,5,,True,True,True,10,0,1.0,0,0,0,0,False,False,,,,,,,,,0.0,,False,False,False,False,
role_conditioned_ar_ppo_order_201,learning,medium,medium,0,0,200,1,201,4,0,missile,2-0-1,1,5,,True,True,True,3,0,1.0,4,4,1,0,True,False,,,,,,,,,0.24035469356019346,,False,False,False,False,
role_conditioned_ar_ppo_order_201,learning,medium,medium,0,0,200,1,201,4,1,missile,2-0-1,2,5,,True,True,True,3,0,1.0,5,5,1,0,True,False,,,,,,,,,0.06876072287265508,,False,False,False,False,
role_conditioned_ar_ppo_order_201,learning,medium,medium,0,0,200,1,201,5,2,laser,2-0-1,0,5,,True,True,True,10,0,1.0,0,0,0,0,False,False,,,,,,,,,0.0,,False,False,False,False,
role_conditioned_ar_ppo_order_201,learning,medium,medium,0,0,200,1,201,5,0,missile,2-0-1,1,5,,True,True,True,3,0,1.0,4,4,1,0,True,False,,,,,,,,,0.26066033256350485,,False,False,False,False,
role_conditioned_ar_ppo_order_201,learning,medium,medium,0,0,200,1,201,5,1,missile,2-0-1,2,5,,True,True,True,3,0,1.0,5,5,1,0,True,False,,,,,,,,,0.08739042785257439,,False,False,False,False,
role_conditioned_ar_ppo_order_201,learning,medium,medium,0,0,200,1,201,6,2,laser,2-0-1,0,5,,True,True,True,10,0,1.0,0,0,0,0,False,False,,,,,,,,,0.0,,False,False,False,False,
role_conditioned_ar_ppo_order_201,learning,medium,medium,0,0,200,1,201,6,0,missile,2-0-1,1,5,,True,True,True,3,0,1.0,4,4,1,0,True,False,,,,,,,,,0.28096423170840173,,False,False,False,False,
role_conditioned_ar_ppo_order_201,learning,medium,medium,0,0,200,1,201,6,1,missile,2-0-1,2,5,,True,True,True,3,0,1.0,5,5,1,0,True,False,,,,,,,,,0.10710402390833425,,False,False,False,False,
role_conditioned_ar_ppo_order_201,learning,medium,medium,0,0,200,1,201,7,2,laser,2-0-1,0,5,,True,True,True,10,0,1.0,0,0,0,0,False,False,,,,,,,,,0.0,,False,False,False,False,
role_conditioned_ar_ppo_order_201,learning,medium,medium,0,0,200,1,201,7,0,missile,2-0-1,1,5,,True,True,True,3,0,1.0,4,4,1,0,True,False,,,,,,,,,0.30126607142905304,,False,False,False,False,
role_conditioned_ar_ppo_order_201,learning,medium,medium,0,0,200,1,201,7,1,missile,2-0-1,2,5,,True,True,True,3,0,1.0,5,5,1,0,True,False,,,,,,,,,0.12678759267754816,,False,False,False,False,
role_conditioned_ar_ppo_order_201,learning,medium,medium,0,0,200,1,201,8,2,laser,2-0-1,0,5,,True,True,True,10,0,1.0,1,1,0,0,True,False,,,,,,,,,0.0007526952032062032,,False,False,False,False,
role_conditioned_ar_ppo_order_201,learning,medium,medium,0,0,200,1,201,8,0,missile,2-0-1,1,5,,True,True,True,3,0,1.0,4,4,1,0,True,False,,,,,,,,,0.32156560317425675,,False,False,False,False,
role_conditioned_ar_ppo_order_201,learning,medium,medium,0,0,200,1,201,8,1,missile,2-0-1,2,5,,True,True,True,3,0,1.0,5,5,1,0,True,False,,,,,,,,,0.1464371182731168,,False,False,False,False,
role_conditioned_ar_ppo_order_201,learning,medium,medium,0,0,200,1,201,9,2,laser,2-0-1,0,5,,True,True,True,10,0,1.0,1,1,0,0,True,False,,,,,,,,,0.0075194977298956535,,False,False,False,False,
role_conditioned_ar_ppo_order_201,learning,medium,medium,0,0,200,1,201,9,0,missile,2-0-1,1,5,,True,True,True,3,0,1.0,4,4,1,0,True,False,,,,,,,,,0.34186254288549606,,False,False,False,False,
role_conditioned_ar_ppo_order_201,learning,medium,medium,0,0,200,1,201,9,1,missile,2-0-1,2,5,,True,True,True,3,0,1.0,5,5,1,0,True,False,,,,,,,,,0.16604779737909803,,False,False,False,False,
role_conditioned_ar_ppo_order_201,learning,medium,medium,0,0,200,1,201,10,2,laser,2-0-1,0,5,,True,True,True,10,0,1.0,1,1,0,0,True,False,,,,,,,,,0.014281141406196836,,False,False,False,False,
role_conditioned_ar_ppo_order_201,learning,medium,medium,0,0,200,1,201,10,0,missile,2-0-1,1,5,,True,True,True,3,0,1.0,4,4,1,0,True,False,,,,,,,,,0.36215653548962523,,False,False,False,False,
role_conditioned_ar_ppo_order_201,learning,medium,medium,0,0,200,1,201,10,1,missile,2-0-1,2,5,,True,True,True,3,0,1.0,5,5,1,0,True,False,,,,,,,,,0.18561393426019424,,False,False,False,False,
role_conditioned_ar_ppo_order_201,learning,medium,medium,0,0,200,1,201,11,2,laser,2-0-1,0,5,,True,True,True,10,0,1.0,1,1,0,0,True,False,,,,,,,,,0.021037318594242564,,False,False,False,False,
role_conditioned_ar_ppo_order_201,learning,medium,medium,0,0,200,1,201,11,0,missile,2-0-1,1,5,,True,True,True,3,0,1.0,4,4,1,0,True,False,,,,,,,,,0.38244711939155474,,False,False,False,False,
role_conditioned_ar_ppo_order_201,learning,medium,medium,0,0,200,1,201,11,1,missile,2-0-1,2,5,,True,True,True,3,0,1.0,5,5,1,0,True,False,,,,,,,,,0.20512859954258708,,False,False,False,False,
role_conditioned_ar_ppo_order_201,learning,medium,medium,0,0,200,1,201,12,2,laser,2-0-1,0,5,,True,True,True,10,0,1.0,2,2,0,0,True,False,,,,,,,,,0.027787650662811712,,False,False,False,False,
role_conditioned_ar_ppo_order_201,learning,medium,medium,0,0,200,1,201,12,0,missile,2-0-1,1,5,,True,True,True,3,0,1.0,4,4,1,0,True,False,,,,,,,,,0.40273376198156596,,False,False,False,False,
role_conditioned_ar_ppo_order_201,learning,medium,medium,0,0,200,1,201,12,1,missile,2-0-1,2,5,,True,True,True,3,0,1.0,5,5,1,0,True,False,,,,,,,,,0.2245834727281689,,False,False,False,False,
role_conditioned_ar_ppo_order_201,learning,medium,medium,0,0,200,1,201,13,2,laser,2-0-1,0,5,,True,True,True,10,0,1.0,2,2,0,0,True,False,,,,,,,,,0.039397572747822046,,False,False,False,False,
role_conditioned_ar_ppo_order_201,learning,medium,medium,0,0,200,1,201,13,0,missile,2-0-1,1,5,,True,True,True,3,0,1.0,4,4,1,0,True,False,,,,,,,,,0.42301582412799643,,False,False,False,False,
role_conditioned_ar_ppo_order_201,learning,medium,medium,0,0,200,1,201,13,1,missile,2-0-1,2,5,,True,True,True,3,0,1.0,5,5,1,0,True,False,,,,,,,,,0.24396829099435285,,False,False,False,False,
role_conditioned_ar_ppo_order_201,learning,medium,medium,0,0,200,1,201,14,2,laser,2-0-1,0,5,,True,True,True,10,0,1.0,2,2,0,0,True,False,,,,,,,,,0.05936465928502111,,False,False,False,False,
role_conditioned_ar_ppo_order_201,learning,medium,medium,0,0,200,1,201,14,0,missile,2-0-1,1,5,,True,True,True,3,0,1.0,4,4,1,0,True,False,,,,,,,,,0.4432924891626108,,False,False,False,False,
role_conditioned_ar_ppo_order_201,learning,medium,medium,0,0,200,1,201,14,1,missile,2-0-1,2,5,,True,True,True,3,0,1.0,5,5,1,0,True,False,,,,,,,,,0.2632704029843949,,False,False,False,False,
role_conditioned_ar_ppo_order_201,learning,medium,medium,0,0,200,1,201,15,2,laser,2-0-1,0,5,,True,True,True,10,0,1.0,3,3,1,0,True,False,,,,,,,,,0.07886197369216606,,False,False,False,False,
role_conditioned_ar_ppo_order_201,learning,medium,medium,0,0,200,1,201,15,0,missile,2-0-1,1,5,,True,True,True,3,0,1.0,4,4,1,0,True,False,,,,,,,,,0.4635627273732862,,False,False,False,False,
role_conditioned_ar_ppo_order_201,learning,medium,medium,0,0,200,1,201,15,1,missile,2-0-1,2,5,,True,True,True,3,0,1.0,5,5,1,0,True,False,,,,,,,,,0.2824739551309229,,False,False,False,False,
role_conditioned_ar_ppo_order_201,learning,medium,medium,0,0,200,1,201,16,2,laser,2-0-1,0,5,,True,True,True,10,0,1.0,4,4,1,0,True,False,,,,,,,,,0.09781187364149657,,False,False,False,False,
role_conditioned_ar_ppo_order_201,learning,medium,medium,0,0,200,1,201,16,0,missile,2-0-1,1,5,,True,True,True,3,0,1.0,4,4,1,0,True,False,,,,,,,,,0.48382533151132695,,False,False,False,False,
role_conditioned_ar_ppo_order_201,learning,medium,medium,0,0,200,1,201,16,1,missile,2-0-1,2,5,,True,True,True,3,0,1.0,5,5,1,0,True,False,,,,,,,,,0.3015588942460687,,False,False,False,False,
role_conditioned_ar_ppo_order_201,learning,medium,medium,0,0,200,1,201,17,2,laser,2-0-1,0,5,,True,True,True,10,0,1.0,4,4,1,0,True,False,,,,,,,,,0.11612173374805827,,False,False,False,False,
role_conditioned_ar_ppo_order_201,learning,medium,medium,0,0,200,1,201,17,0,missile,2-0-1,1,5,,True,True,True,3,0,1.0,4,4,1,0,True,False,,,,,,,,,0.504078650486605,,False,False,False,False,
role_conditioned_ar_ppo_order_201,learning,medium,medium,0,0,200,1,201,17,1,missile,2-0-1,2,5,,True,True,True,3,0,1.0,5,5,1,0,True,False,,,,,,,,,0.3204995763971789,,False,False,False,False,
role_conditioned_ar_ppo_order_201,learning,medium,medium,0,0,200,1,201,18,2,laser,2-0-1,0,5,,True,True,True,10,0,1.0,4,4,1,0,True,False,,,,,,,,,0.13368103045606486,,False,False,False,False,
role_conditioned_ar_ppo_order_201,learning,medium,medium,0,0,200,1,201,18,0,missile,2-0-1,1,5,,True,True,True,3,0,1.0,4,4,1,0,True,False,,,,,,,,,0.5243205716139032,,False,False,False,False,
role_conditioned_ar_ppo_order_201,learning,medium,medium,0,0,200,1,201,18,1,missile,2-0-1,2,5,,True,True,True,3,0,1.0,5,5,1,0,True,False,,,,,,,,,0.3392625621060547,,False,False,False,False,
role_conditioned_ar_ppo_order_201,learning,medium,medium,0,0,200,1,201,19,2,laser,2-0-1,0,5,,True,True,True,10,0,1.0,4,4,1,0,True,False,,,,,,,,,0.15035858365179933,,False,False,False,False,
role_conditioned_ar_ppo_order_201,learning,medium,medium,0,0,200,1,201,19,0,missile,2-0-1,1,5,,True,True,True,3,0,1.0,5,5,1,0,True,False,,,,,,,,,0.5445482898153694,,False,False,False,False,
role_conditioned_ar_ppo_order_201,learning,medium,medium,0,0,200,1,201,19,1,missile,2-0-1,2,5,,True,True,True,3,0,1.0,5,5,1,0,True,False,,,,,,,,,0.3578038341003729,,False,False,False,False,
role_conditioned_ar_ppo_order_201,learning,medium,medium,0,0,200,1,201,20,2,laser,2-0-1,0,5,,True,True,True,10,0,1.0,4,4,1,0,True,False,,,,,,,,,0.16600017442021076,,False,False,False,False,
role_conditioned_ar_ppo_order_201,learning,medium,medium,0,0,200,1,201,20,0,missile,2-0-1,1,5,,True,True,True,3,0,1.0,5,5,1,0,True,False,,,,,,,,,0.5647579880546865,,False,False,False,False,
role_conditioned_ar_ppo_order_201,learning,medium,medium,0,0,200,1,201,20,1,missile,2-0-1,2,5,,True,True,True,3,0,1.0,5,5,1,0,True,False,,,,,,,,,0.3760643089692814,,False,False,False,False,
role_conditioned_ar_ppo_order_201,learning,medium,medium,0,0,200,1,201,21,2,laser,2-0-1,0,5,,True,True,True,10,0,1.0,4,4,1,0,True,False,,,,,,,,,0.18042663298113049,,False,False,False,False,
role_conditioned_ar_ppo_order_201,learning,medium,medium,0,0,200,1,201,21,0,missile,2-0-1,1,5,,True,True,True,3,0,1.0,5,5,1,0,True,False,,,,,,,,,0.5849444112492965,,False,False,False,False,
role_conditioned_ar_ppo_order_201,learning,medium,medium,0,0,200,1,201,21,1,missile,2-0-1,2,5,,True,True,True,3,0,1.0,5,5,1,0,True,False,,,,,,,,,0.39396338024688615,,False,False,False,False,
role_conditioned_ar_ppo_order_201,learning,medium,medium,0,0,200,1,201,22,2,laser,2-0-1,0,5,,True,True,True,10,0,1.0,4,4,1,0,True,False,,,,,,,,,0.19343443425012255,,False,False,False,False,
role_conditioned_ar_ppo_order_201,learning,medium,medium,0,0,200,1,201,22,0,missile,2-0-1,1,5,,True,True,True,3,0,1.0,5,5,1,0,True,False,,,,,,,,,0.6050999430802222,,False,False,False,False,
role_conditioned_ar_ppo_order_201,learning,medium,medium,0,0,200,1,201,22,1,missile,2-0-1,2,5,,True,True,True,3,0,1.0,5,5,1,0,True,False,,,,,,,,,0.4113891411707844,,False,False,False,False,
role_conditioned_ar_ppo_order_201,learning,medium,medium,0,0,200,1,201,23,2,laser,2-0-1,0,5,,True,True,True,10,0,1.0,4,4,1,0,True,False,,,,,,,,,0.2047994906207443,,False,False,False,False,
role_conditioned_ar_ppo_order_201,learning,medium,medium,0,0,200,1,201,23,0,missile,2-0-1,1,5,,True,True,True,3,0,1.0,5,5,1,0,True,False,,,,,,,,,0.6252133277287419,,False,False,False,False,
role_conditioned_ar_ppo_order_201,learning,medium,medium,0,0,200,1,201,23,1,missile,2-0-1,2,5,,True,True,True,3,0,1.0,5,5,1,0,True,False,,,,,,,,,0.42818356789600237,,False,False,False,False,
role_conditioned_ar_ppo_order_201,learning,medium,medium,0,0,200,1,201,24,2,laser,2-0-1,0,5,,True,True,True,10,0,1.0,4,4,1,0,True,False,,,,,,,,,0.22705347304758325,,False,False,False,False,
role_conditioned_ar_ppo_order_201,learning,medium,medium,0,0,200,1,201,24,0,missile,2-0-1,1,5,,True,True,True,3,0,1.0,5,5,1,0,True,False,,,,,,,,,0.6452671399802254,,False,False,False,False,
role_conditioned_ar_ppo_order_201,learning,medium,medium,0,0,200,1,201,24,1,missile,2-0-1,2,5,,True,True,True,3,0,1.0,5,5,1,0,True,False,,,,,,,,,0.4441205108588338,,False,False,False,False,
role_conditioned_ar_ppo_order_201,learning,medium,medium,0,0,200,1,201,25,2,laser,2-0-1,0,5,,True,True,True,10,0,1.0,4,4,1,0,True,False,,,,,,,,,0.2499859751694275,,False,False,False,False,
role_conditioned_ar_ppo_order_201,learning,medium,medium,0,0,200,1,201,25,0,missile,2-0-1,1,5,,True,True,True,3,0,1.0,5,5,1,0,True,False,,,,,,,,,0.6652329384756948,,False,False,False,False,
role_conditioned_ar_ppo_order_201,learning,medium,medium,0,0,200,1,201,25,1,missile,2-0-1,2,5,,True,True,True,3,0,1.0,5,5,1,0,True,False,,,,,,,,,0.45887406638497963,,False,False,False,False,
role_conditioned_ar_ppo_order_201,learning,medium,medium,0,0,200,1,201,26,2,laser,2-0-1,0,5,,True,True,True,10,0,1.0,4,4,1,0,True,False,,,,,,,,,0.27273111803062317,,False,False,False,False,
role_conditioned_ar_ppo_order_201,learning,medium,medium,0,0,200,1,201,26,0,missile,2-0-1,1,5,,True,True,True,3,0,1.0,5,5,1,0,True,False,,,,,,,,,0.6850610218515666,,False,False,False,False,
role_conditioned_ar_ppo_order_201,learning,medium,medium,0,0,200,1,201,26,1,missile,2-0-1,2,5,,True,True,True,3,0,1.0,5,5,1,0,True,False,,,,,,,,,0.4719792971140972,,False,False,False,False,
role_conditioned_ar_ppo_order_201,learning,medium,medium,0,0,200,1,201,27,2,laser,2-0-1,0,5,,True,True,True,10,0,1.0,4,4,1,0,True,False,,,,,,,,,0.29524840641923894,,False,False,False,False,
role_conditioned_ar_ppo_order_201,learning,medium,medium,0,0,200,1,201,27,0,missile,2-0-1,1,5,,True,True,True,3,0,1.0,5,5,1,0,True,False,,,,,,,,,0.7046566743461999,,False,False,False,False,
role_conditioned_ar_ppo_order_201,learning,medium,medium,0,0,200,1,201,27,1,missile,2-0-1,2,5,,True,True,True,3,0,1.0,5,5,1,0,True,False,,,,,,,,,0.4899135576984173,,False,False,False,False,
role_conditioned_ar_ppo_order_201,learning,medium,medium,0,0,200,1,201,28,2,laser,2-0-1,0,5,,True,True,True,10,0,1.0,4,4,1,0,True,False,,,,,,,,,0.31748549338330684,,False,False,False,False,
role_conditioned_ar_ppo_order_201,learning,medium,medium,0,0,200,1,201,28,0,missile,2-0-1,1,5,,True,True,True,3,0,1.0,5,5,1,0,True,False,,,,,,,,,0.7238167408592271,,False,False,False,False,
role_conditioned_ar_ppo_order_201,learning,medium,medium,0,0,200,1,201,28,1,missile,2-0-1,2,5,,True,True,True,3,0,1.0,5,5,1,0,True,False,,,,,,,,,0.5101636987690407,,False,False,False,False,
role_conditioned_ar_ppo_order_201,learning,medium,medium,0,0,200,1,201,29,2,laser,2-0-1,0,5,,True,True,True,10,0,1.0,4,4,1,0,True,False,,,,,,,,,0.3393736218692698,,False,False,False,False,
role_conditioned_ar_ppo_order_201,learning,medium,medium,0,0,200,1,201,29,0,missile,2-0-1,1,5,,True,True,True,3,0,1.0,5,5,1,0,True,False,,,,,,,,,0.7420291837223373,,False,False,False,False,
role_conditioned_ar_ppo_order_201,learning,medium,medium,0,0,200,1,201,29,1,missile,2-0-1,2,5,,True,True,True,3,0,1.0,5,5,1,0,True,False,,,,,,,,,0.5304016963380777,,False,False,False,False,
role_conditioned_ar_ppo_order_201,learning,medium,medium,0,0,200,1,201,30,2,laser,2-0-1,0,5,,True,True,True,10,0,1.0,4,4,1,0,True,False,,,,,,,,,0.3608213278225352,,False,False,False,False,
role_conditioned_ar_ppo_order_201,learning,medium,medium,0,0,200,1,201,30,0,missile,2-0-1,1,5,,True,True,True,3,0,1.0,5,5,1,0,True,False,,,,,,,,,0.7577097109431286,,False,False,False,False,
role_conditioned_ar_ppo_order_201,learning,medium,medium,0,0,200,1,201,30,1,missile,2-0-1,2,5,,True,True,True,3,0,1.0,5,5,1,0,True,False,,,,,,,,,0.5506244435155028,,False,False,False,False,
role_conditioned_ar_ppo_order_201,learning,medium,medium,0,0,200,1,201,31,2,laser,2-0-1,0,5,,True,True,True,10,0,1.0,5,5,1,0,True,False,,,,,,,,,0.381705196254279,,False,False,False,False,
role_conditioned_ar_ppo_order_201,learning,medium,medium,0,0,200,1,201,31,0,missile,2-0-1,1,5,,True,True,True,3,0,1.0,5,5,1,0,True,False,,,,,,,,,0.7656622642166752,,False,False,False,False,
role_conditioned_ar_ppo_order_201,learning,medium,medium,0,0,200,1,201,31,1,missile,2-0-1,2,5,,True,True,True,3,0,1.0,5,5,1,0,True,False,,,,,,,,,0.5708278036991673,,False,False,False,False,
role_conditioned_ar_ppo_order_201,learning,medium,medium,0,0,200,1,201,32,2,laser,2-0-1,0,5,,True,True,True,10,0,1.0,4,4,1,0,True,False,,,,,,,,,0.40185654658537745,,False,False,False,False,
role_conditioned_ar_ppo_order_201,learning,medium,medium,0,0,200,1,201,32,0,missile,2-0-1,1,5,,True,True,True,3,0,1.0,4,4,1,0,True,False,,,,,,,,,0.759423830992877,,False,False,False,False,
role_conditioned_ar_ppo_order_201,learning,medium,medium,0,0,200,1,201,32,1,missile,2-0-1,2,5,,True,True,True,3,0,1.0,4,4,1,0,True,False,,,,,,,,,0.5910058649211939,,False,False,False,False,
role_conditioned_ar_ppo_order_201,learning,medium,medium,0,0,200,1,201,33,2,laser,2-0-1,0,5,,True,True,True,10,0,1.0,4,4,1,0,True,False,,,,,,,,,0.42104256314974686,,False,False,False,False,
role_conditioned_ar_ppo_order_201,learning,medium,medium,0,0,200,1,201,33,0,missile,2-0-1,1,5,,True,True,True,3,0,1.0,4,4,1,0,True,False,,,,,,,,,0.7443592136507848,,False,False,False,False,
role_conditioned_ar_ppo_order_201,learning,medium,medium,0,0,200,1,201,33,1,missile,2-0-1,2,5,,True,True,True,3,0,1.0,4,4,1,0,True,False,,,,,,,,,0.6111501231797405,,False,False,False,False,
role_conditioned_ar_ppo_order_201,learning,medium,medium,0,0,200,1,201,34,2,laser,2-0-1,0,5,,True,True,True,10,0,1.0,4,4,1,0,True,False,,,,,,,,,0.43894071536544615,,False,False,False,False,
role_conditioned_ar_ppo_order_201,learning,medium,medium,0,0,200,1,201,34,0,missile,2-0-1,1,5,,True,True,True,3,0,1.0,4,4,1,0,True,False,,,,,,,,,0.726354244465178,,False,False,False,False,
role_conditioned_ar_ppo_order_201,learning,medium,medium,0,0,200,1,201,34,1,missile,2-0-1,2,5,,True,True,True,3,0,1.0,4,4,1,0,True,False,,,,,,,,,0.631247813595216,,False,False,False,False,
role_conditioned_ar_ppo_order_201,learning,medium,medium,0,0,200,1,201,35,2,laser,2-0-1,0,5,,True,True,True,10,0,1.0,3,3,0,0,True,False,,,,,,,,,0.17975356306097984,,False,False,False,False,
role_conditioned_ar_ppo_order_201,learning,medium,medium,0,0,200,1,201,35,0,missile,2-0-1,1,5,,True,True,True,3,0,1.0,3,3,0,0,True,False,,,,,,,,,0.3522834256814326,,False,False,False,False,
role_conditioned_ar_ppo_order_201,learning,medium,medium,0,0,200,1,201,35,1,missile,2-0-1,2,5,,True,True,True,3,0,1.0,3,3,0,0,True,False,,,,,,,,,0.2682888197096588,,False,False,False,False,
role_conditioned_ar_ppo_order_201,learning,medium,medium,0,0,200,1,201,36,2,laser,2-0-1,0,5,,True,True,True,10,0,1.0,3,3,0,0,True,False,,,,,,,,,0.18606516803426046,,False,False,False,False,
role_conditioned_ar_ppo_order_201,learning,medium,medium,0,0,200,1,201,36,0,missile,2-0-1,1,5,,True,True,True,3,0,1.0,3,3,0,0,True,False,,,,,,,,,0.3575033319917687,,False,False,False,False,
role_conditioned_ar_ppo_order_201,learning,medium,medium,0,0,200,1,201,36,1,missile,2-0-1,2,5,,True,True,True,3,0,1.0,3,3,0,0,True,False,,,,,,,,,0.2676784534540481,,False,False,False,False,
role_conditioned_ar_ppo_order_201,learning,medium,medium,0,0,200,1,201,37,2,laser,2-0-1,0,5,,True,True,True,10,0,1.0,2,2,0,0,True,False,,,,,,,,,0.1923254684770745,,False,False,False,False,
role_conditioned_ar_ppo_order_201,learning,medium,medium,0,0,200,1,201,37,0,missile,2-0-1,1,5,,True,True,True,3,0,1.0,2,2,0,0,True,False,,,,,,,,,0.36264663000434544,,False,False,False,False,
role_conditioned_ar_ppo_order_201,learning,medium,medium,0,0,200,1,201,37,1,missile,2-0-1,2,5,,True,True,True,3,0,1.0,2,2,0,0,True,False,,,,,,,,,0.25873287392858063,,False,False,False,False,
role_conditioned_ar_ppo_order_201,learning,medium,medium,0,0,200,1,201,38,2,laser,2-0-1,0,5,,True,True,True,10,0,1.0,2,2,0,0,True,False,,,,,,,,,0.19852769635634382,,False,False,False,False,
role_conditioned_ar_ppo_order_201,learning,medium,medium,0,0,200,1,201,38,0,missile,2-0-1,1,5,,True,True,True,3,0,1.0,2,2,0,0,True,False,,,,,,,,,0.36769733323591997,,False,False,False,False,
role_conditioned_ar_ppo_order_201,learning,medium,medium,0,0,200,1,201,38,1,missile,2-0-1,2,5,,True,True,True,3,0,1.0,2,2,0,0,True,False,,,,,,,,,0.26447544461079975,,False,False,False,False,
role_conditioned_ar_ppo_order_201,learning,medium,medium,0,0,200,1,201,39,2,laser,2-0-1,0,5,,True,True,True,10,0,1.0,2,2,0,0,True,False,,,,,,,,,0.20466397140977802,,False,False,False,False,
role_conditioned_ar_ppo_order_201,learning,medium,medium,0,0,200,1,201,39,0,missile,2-0-1,1,5,,True,True,True,3,0,1.0,2,2,0,0,True,False,,,,,,,,,0.3726350709337512,,False,False,False,False,
role_conditioned_ar_ppo_order_201,learning,medium,medium,0,0,200,1,201,39,1,missile,2-0-1,2,5,,True,True,True,3,0,1.0,2,2,0,0,True,False,,,,,,,,,0.27021619222954396,,False,False,False,False,
role_conditioned_ar_ppo_order_201,learning,medium,medium,0,0,200,1,201,40,2,laser,2-0-1,0,5,,True,True,True,10,0,1.0,2,2,0,0,True,False,,,,,,,,,0.21072495801133062,,False,False,False,False,
role_conditioned_ar_ppo_order_201,learning,medium,medium,0,0,200,1,201,40,0,missile,2-0-1,1,5,,True,True,True,3,0,1.0,2,2,0,0,True,False,,,,,,,,,0.3774337306859477,,False,False,False,False,
role_conditioned_ar_ppo_order_201,learning,medium,medium,0,0,200,1,201,40,1,missile,2-0-1,2,5,,True,True,True,3,0,1.0,2,2,0,0,True,False,,,,,,,,,0.2759549384416473,,False,False,False,False,
role_conditioned_ar_ppo_order_201,learning,medium,medium,0,0,200,1,201,41,2,laser,2-0-1,0,5,,True,True,True,10,0,1.0,2,2,0,0,True,False,,,,,,,,,0.21669965219113663,,False,False,False,False,
role_conditioned_ar_ppo_order_201,learning,medium,medium,0,0,200,1,201,41,0,missile,2-0-1,1,5,,True,True,True,3,0,1.0,2,2,0,0,True,False,,,,,,,,,0.38205965517390006,,False,False,False,False,
role_conditioned_ar_ppo_order_201,learning,medium,medium,0,0,200,1,201,41,1,missile,2-0-1,2,5,,True,True,True,3,0,1.0,2,2,0,0,True,False,,,,,,,,,0.28169146527212907,,False,False,False,False,
role_conditioned_ar_ppo_order_201,learning,medium,medium,0,0,200,1,201,42,2,laser,2-0-1,0,5,,True,True,True,10,0,1.0,2,2,0,0,True,False,,,,,,,,,0.2225750385009689,,False,False,False,False,
role_conditioned_ar_ppo_order_201,learning,medium,medium,0,0,200,1,201,42,0,missile,2-0-1,1,5,,True,True,True,3,0,1.0,2,2,0,0,True,False,,,,,,,,,0.38646928903328465,,False,False,False,False,
role_conditioned_ar_ppo_order_201,learning,medium,medium,0,0,200,1,201,42,1,missile,2-0-1,2,5,,True,True,True,3,0,1.0,2,2,0,0,True,False,,,,,,,,,0.28742553493010115,,False,False,False,False,
role_conditioned_ar_ppo_order_201,learning,medium,medium,0,0,200,1,201,43,2,laser,2-0-1,0,5,,True,True,True,10,0,1.0,2,2,0,0,True,False,,,,,,,,,0.22833560489298574,,False,False,False,False,
role_conditioned_ar_ppo_order_201,learning,medium,medium,0,0,200,1,201,43,0,missile,2-0-1,1,5,,True,True,True,3,0,1.0,2,2,0,0,True,False,,,,,,,,,0.3906064343508978,,False,False,False,False,
role_conditioned_ar_ppo_order_201,learning,medium,medium,0,0,200,1,201,43,1,missile,2-0-1,2,5,,True,True,True,3,0,1.0,2,2,0,0,True,False,,,,,,,,,0.2931568501769537,,False,False,False,False,
role_conditioned_ar_ppo_order_201,learning,medium,medium,0,0,200,1,201,44,2,laser,2-0-1,0,5,,True,True,True,10,0,1.0,2,2,0,0,True,False,,,,,,,,,0.2339628102695761,,False,False,False,False,
role_conditioned_ar_ppo_order_201,learning,medium,medium,0,0,200,1,201,44,0,missile,2-0-1,1,5,,True,True,True,3,0,1.0,2,2,0,0,True,False,,,,,,,,,0.39439929314048594,,False,False,False,False,
role_conditioned_ar_ppo_order_201,learning,medium,medium,0,0,200,1,201,44,1,missile,2-0-1,2,5,,True,True,True,3,0,1.0,2,2,0,0,True,False,,,,,,,,,0.2988850939581692,,False,False,False,False,
role_conditioned_ar_ppo_order_201,learning,medium,medium,0,0,200,1,201,45,2,laser,2-0-1,0,5,,True,True,True,10,0,1.0,2,2,0,0,True,False,,,,,,,,,0.23943457569765642,,False,False,False,False,
role_conditioned_ar_ppo_order_201,learning,medium,medium,0,0,200,1,201,45,0,missile,2-0-1,1,5,,True,True,True,3,0,1.0,2,2,0,0,True,False,,,,,,,,,0.3977583074088459,,False,False,False,False,
role_conditioned_ar_ppo_order_201,learning,medium,medium,0,0,200,1,201,45,1,missile,2-0-1,2,5,,True,True,True,3,0,1.0,2,2,0,0,True,False,,,,,,,,,0.30460986995560096,,False,False,False,False,
role_conditioned_ar_ppo_order_201,learning,medium,medium,0,0,200,1,201,46,2,laser,2-0-1,0,5,,True,True,True,10,0,1.0,2,2,0,0,True,False,,,,,,,,,0.24472441474008427,,False,False,False,False,
role_conditioned_ar_ppo_order_201,learning,medium,medium,0,0,200,1,201,46,0,missile,2-0-1,1,5,,True,True,True,3,0,1.0,2,2,0,0,True,False,,,,,,,,,0.4005766198756706,,False,False,False,False,
role_conditioned_ar_ppo_order_201,learning,medium,medium,0,0,200,1,201,46,1,missile,2-0-1,2,5,,True,True,True,3,0,1.0,2,2,0,0,True,False,,,,,,,,,0.3103307224033803,,False,False,False,False,
role_conditioned_ar_ppo_order_201,learning,medium,medium,0,0,200,1,201,47,2,laser,2-0-1,0,5,,True,True,True,10,0,1.0,2,2,0,0,True,False,,,,,,,,,0.2498007471865701,,False,False,False,False,
role_conditioned_ar_ppo_order_201,learning,medium,medium,0,0,200,1,201,47,0,missile,2-0-1,1,5,,True,True,True,3,0,1.0,2,2,0,0,True,False,,,,,,,,,0.40273624167470734,,False,False,False,False,
role_conditioned_ar_ppo_order_201,learning,medium,medium,0,0,200,1,201,47,1,missile,2-0-1,2,5,,True,True,True,3,0,1.0,2,2,0,0,True,False,,,,,,,,,0.31604712617996283,,False,False,False,False,
role_conditioned_ar_ppo_order_201,learning,medium,medium,0,0,200,1,201,48,2,laser,2-0-1,0,5,,True,True,True,10,0,1.0,1,1,0,0,True,False,,,,,,,,,0.25462599388841417,,False,False,False,False,
role_conditioned_ar_ppo_order_201,learning,medium,medium,0,0,200,1,201,48,0,missile,2-0-1,1,5,,True,True,True,3,0,1.0,1,1,0,0,True,False,,,,,,,,,0.40412295143908533,,False,False,False,False,
role_conditioned_ar_ppo_order_201,learning,medium,medium,0,0,200,1,201,48,1,missile,2-0-1,2,5,,True,True,True,3,0,1.0,1,1,0,0,True,False,,,,,,,,,0.3217584273604064,,False,False,False,False,
role_conditioned_ar_ppo_order_201,learning,medium,medium,0,0,200,1,201,49,2,laser,2-0-1,0,5,,True,True,True,10,0,1.0,1,1,0,0,True,False,,,,,,,,,0.2591558372444029,,False,False,False,False,
role_conditioned_ar_ppo_order_201,learning,medium,medium,0,0,200,1,201,49,0,missile,2-0-1,1,5,,True,True,True,3,0,1.0,1,1,0,0,True,False,,,,,,,,,0.4046494947748293,,False,False,False,False,
role_conditioned_ar_ppo_order_201,learning,medium,medium,0,0,200,1,201,49,1,missile,2-0-1,2,5,,True,True,True,3,0,1.0,1,1,0,0,True,False,,,,,,,,,0.32746386303227865,,False,False,False,False,
role_conditioned_ar_ppo_order_201,learning,medium,heterogeneity_pressure,0,0,202,0,202,0,2,laser,2-0-1,0,5,,True,True,True,10,0,1.0,0,0,0,0,False,False,,,,,,,,,0.0,,False,False,False,False,
role_conditioned_ar_ppo_order_201,learning,medium,heterogeneity_pressure,0,0,202,0,202,0,0,missile,2-0-1,1,5,,True,True,True,3,0,1.0,5,5,1,0,True,False,,,,,,,,,0.29847479625798334,,False,False,False,False,
role_conditioned_ar_ppo_order_201,learning,medium,heterogeneity_pressure,0,0,202,0,202,0,1,missile,2-0-1,2,5,,True,True,True,3,0,1.0,3,3,0,0,True,False,,,,,,,,,0.08232812886067657,,False,False,False,False,
role_conditioned_ar_ppo_order_201,learning,medium,heterogeneity_pressure,0,0,202,0,202,1,2,laser,2-0-1,0,5,,True,True,True,10,0,1.0,0,0,0,0,False,False,,,,,,,,,0.0,,False,False,False,False,
role_conditioned_ar_ppo_order_201,learning,medium,heterogeneity_pressure,0,0,202,0,202,1,0,missile,2-0-1,1,5,,True,True,True,3,0,1.0,5,5,1,0,True,False,,,,,,,,,0.3199528344712037,,False,False,False,False,
role_conditioned_ar_ppo_order_201,learning,medium,heterogeneity_pressure,0,0,202,0,202,1,1,missile,2-0-1,2,5,,True,True,True,3,0,1.0,4,4,1,0,True,False,,,,,,,,,0.10817586722788357,,False,False,False,False,
role_conditioned_ar_ppo_order_201,learning,medium,heterogeneity_pressure,0,0,202,0,202,2,2,laser,2-0-1,0,5,,True,True,True,10,0,1.0,0,0,0,0,False,False,,,,,,,,,0.0,,False,False,False,False,
role_conditioned_ar_ppo_order_201,learning,medium,heterogeneity_pressure,0,0,202,0,202,2,0,missile,2-0-1,1,5,,True,True,True,3,0,1.0,5,5,1,0,True,False,,,,,,,,,0.34140178940265,,False,False,False,False,
role_conditioned_ar_ppo_order_201,learning,medium,heterogeneity_pressure,0,0,202,0,202,2,1,missile,2-0-1,2,5,,True,True,True,3,0,1.0,4,4,1,0,True,False,,,,,,,,,0.13398797694358336,,False,False,False,False,
role_conditioned_ar_ppo_order_201,learning,medium,heterogeneity_pressure,0,0,202,0,202,3,2,laser,2-0-1,0,5,,True,True,True,10,0,1.0,0,0,0,0,False,False,,,,,,,,,0.0,,False,False,False,False,
role_conditioned_ar_ppo_order_201,learning,medium,heterogeneity_pressure,0,0,202,0,202,3,0,missile,2-0-1,1,5,,True,True,True,3,0,1.0,5,5,1,0,True,False,,,,,,,,,0.36281774865846417,,False,False,False,False,
role_conditioned_ar_ppo_order_201,learning,medium,heterogeneity_pressure,0,0,202,0,202,3,1,missile,2-0-1,2,5,,True,True,True,3,0,1.0,4,4,1,0,True,False,,,,,,,,,0.15975894404980467,,False,False,False,False,
role_conditioned_ar_ppo_order_201,learning,medium,heterogeneity_pressure,0,0,202,0,202,4,2,laser,2-0-1,0,5,,True,True,True,10,0,1.0,1,1,0,0,True,False,,,,,,,,,0.005119799512264171,,False,False,False,False,
role_conditioned_ar_ppo_order_201,learning,medium,heterogeneity_pressure,0,0,202,0,202,4,0,missile,2-0-1,1,5,,True,True,True,3,0,1.0,5,5,1,0,True,False,,,,,,,,,0.3841959688938809,,False,False,False,False,
role_conditioned_ar_ppo_order_201,learning,medium,heterogeneity_pressure,0,0,202,0,202,4,1,missile,2-0-1,2,5,,True,True,True,3,0,1.0,4,4,1,0,True,False,,,,,,,,,0.1854823002496965,,False,False,False,False,
role_conditioned_ar_ppo_order_201,learning,medium,heterogeneity_pressure,0,0,202,0,202,5,2,laser,2-0-1,0,5,,True,True,True,10,0,1.0,1,1,0,0,True,False,,,,,,,,,0.015176050340629452,,False,False,False,False,
role_conditioned_ar_ppo_order_201,learning,medium,heterogeneity_pressure,0,0,202,0,202,5,0,missile,2-0-1,1,5,,True,True,True,3,0,1.0,5,5,1,0,True,False,,,,,,,,,0.4055308758132268,,False,False,False,False,
role_conditioned_ar_ppo_order_201,learning,medium,heterogeneity_pressure,0,0,202,0,202,5,1,missile,2-0-1,2,5,,True,True,True,3,0,1.0,4,4,1,0,True,False,,,,,,,,,0.21114988064395512,,False,False,False,False,
role_conditioned_ar_ppo_order_201,learning,medium,heterogeneity_pressure,0,0,202,0,202,6,2,laser,2-0-1,0,5,,True,True,True,10,0,1.0,1,1,0,0,True,False,,,,,,,,,0.025225345771512604,,False,False,False,False,
role_conditioned_ar_ppo_order_201,learning,medium,heterogeneity_pressure,0,0,202,0,202,6,0,missile,2-0-1,1,5,,True,True,True,3,0,1.0,5,5,1,0,True,False,,,,,,,,,0.4268155794485577,,False,False,False,False,
role_conditioned_ar_ppo_order_201,learning,medium,heterogeneity_pressure,0,0,202,0,202,6,1,missile,2-0-1,2,5,,True,True,True,3,0,1.0,4,4,1,0,True,False,,,,,,,,,0.23675171769317085,,False,False,False,False,
role_conditioned_ar_ppo_order_201,learning,medium,heterogeneity_pressure,0,0,202,0,202,7,2,laser,2-0-1,0,5,,True,True,True,10,0,1.0,1,1,0,0,True,False,,,,,,,,,0.035266647393458514,,False,False,False,False,
role_conditioned_ar_ppo_order_201,learning,medium,heterogeneity_pressure,0,0,202,0,202,7,0,missile,2-0-1,1,5,,True,True,True,3,0,1.0,5,5,1,0,True,False,,,,,,,,,0.44804183953670407,,False,False,False,False,
role_conditioned_ar_ppo_order_201,learning,medium,heterogeneity_pressure,0,0,202,0,202,7,1,missile,2-0-1,2,5,,True,True,True,3,0,1.0,4,4,1,0,True,False,,,,,,,,,0.2622753696460236,,False,False,False,False,
role_conditioned_ar_ppo_order_201,learning,medium,heterogeneity_pressure,0,0,202,0,202,8,2,laser,2-0-1,0,5,,True,True,True,10,0,1.0,1,1,0,0,True,False,,,,,,,,,0.045298662090315606,,False,False,False,False,
role_conditioned_ar_ppo_order_201,learning,medium,heterogeneity_pressure,0,0,202,0,202,8,0,missile,2-0-1,1,5,,True,True,True,3,0,1.0,5,5,1,0,True,False,,,,,,,,,0.4691995461749541,,False,False,False,False,
role_conditioned_ar_ppo_order_201,learning,medium,heterogeneity_pressure,0,0,202,0,202,8,1,missile,2-0-1,2,5,,True,True,True,3,0,1.0,4,4,1,0,True,False,,,,,,,,,0.28770507223805697,,False,False,False,False,
role_conditioned_ar_ppo_order_201,learning,medium,heterogeneity_pressure,0,0,202,0,202,9,2,laser,2-0-1,0,5,,True,True,True,10,0,1.0,1,1,0,0,True,False,,,,,,,,,0.05531976367055986,,False,False,False,False,
role_conditioned_ar_ppo_order_201,learning,medium,heterogeneity_pressure,0,0,202,0,202,9,0,missile,2-0-1,1,5,,True,True,True,3,0,1.0,5,5,1,0,True,False,,,,,,,,,0.49027595811605423,,False,False,False,False,
role_conditioned_ar_ppo_order_201,learning,medium,heterogeneity_pressure,0,0,202,0,202,9,1,missile,2-0-1,2,5,,True,True,True,3,0,1.0,4,4,1,0,True,False,,,,,,,,,0.31302053693160703,,False,False,False,False,
role_conditioned_ar_ppo_order_201,learning,medium,heterogeneity_pressure,0,0,202,0,202,10,2,laser,2-0-1,0,5,,True,True,True,10,0,1.0,1,1,0,0,True,False,,,,,,,,,0.06532801245996385,,False,False,False,False,
role_conditioned_ar_ppo_order_201,learning,medium,heterogeneity_pressure,0,0,202,0,202,10,0,missile,2-0-1,1,5,,True,True,True,3,0,1.0,5,5,1,0,True,False,,,,,,,,,0.5112553219157101,,False,False,False,False,
role_conditioned_ar_ppo_order_201,learning,medium,heterogeneity_pressure,0,0,202,0,202,10,1,missile,2-0-1,2,5,,True,True,True,3,0,1.0,4,4,1,0,True,False,,,,,,,,,0.33819539569688795,,False,False,False,False,
role_conditioned_ar_ppo_order_201,learning,medium,heterogeneity_pressure,0,0,202,0,202,11,2,laser,2-0-1,0,5,,True,True,True,10,0,1.0,2,2,0,0,True,False,,,,,,,,,0.0753208810042313,,False,False,False,False,
role_conditioned_ar_ppo_order_201,learning,medium,heterogeneity_pressure,0,0,202,0,202,11,0,missile,2-0-1,1,5,,True,True,True,3,0,1.0,5,5,1,0,True,False,,,,,,,,,0.5321173831455434,,False,False,False,False,
role_conditioned_ar_ppo_order_201,learning,medium,heterogeneity_pressure,0,0,202,0,202,11,1,missile,2-0-1,2,5,,True,True,True,3,0,1.0,4,4,1,0,True,False,,,,,,,,,0.363194726800081,,False,False,False,False,
role_conditioned_ar_ppo_order_201,learning,medium,heterogeneity_pressure,0,0,202,0,202,12,2,laser,2-0-1,0,5,,True,True,True,10,0,1.0,3,3,0,0,True,False,,,,,,,,,0.08529526386533141,,False,False,False,False,
role_conditioned_ar_ppo_order_201,learning,medium,heterogeneity_pressure,0,0,202,0,202,12,0,missile,2-0-1,1,5,,True,True,True,3,0,1.0,5,5,1,0,True,False,,,,,,,,,0.552836174589684,,False,False,False,False,
role_conditioned_ar_ppo_order_201,learning,medium,heterogeneity_pressure,0,0,202,0,202,12,1,missile,2-0-1,2,5,,True,True,True,3,0,1.0,4,4,1,0,True,False,,,,,,,,,0.38797137883135435,,False,False,False,False,
role_conditioned_ar_ppo_order_201,learning,medium,heterogeneity_pressure,0,0,202,0,202,13,2,laser,2-0-1,0,5,,True,True,True,10,0,1.0,3,3,0,0,True,False,,,,,,,,,0.09524704658278178,,False,False,False,False,
role_conditioned_ar_ppo_order_201,learning,medium,heterogeneity_pressure,0,0,202,0,202,13,0,missile,2-0-1,1,5,,True,True,True,3,0,1.0,5,5,1,0,True,False,,,,,,,,,0.5733776099494338,,False,False,False,False,
role_conditioned_ar_ppo_order_201,learning,medium,heterogeneity_pressure,0,0,202,0,202,13,1,missile,2-0-1,2,5,,True,True,True,3,0,1.0,4,4,1,0,True,False,,,,,,,,,0.41246031536335387,,False,False,False,False,
role_conditioned_ar_ppo_order_201,learning,medium,heterogeneity_pressure,0,0,202,0,202,14,2,laser,2-0-1,0,5,,True,True,True,10,0,1.0,4,4,1,0,True,False,,,,,,,,,0.1051709097469588,,False,False,False,False,
role_conditioned_ar_ppo_order_201,learning,medium,heterogeneity_pressure,0,0,202,0,202,14,0,missile,2-0-1,1,5,,True,True,True,3,0,1.0,5,5,1,0,True,False,,,,,,,,,0.5936964370232697,,False,False,False,False,
role_conditioned_ar_ppo_order_201,learning,medium,heterogeneity_pressure,0,0,202,0,202,14,1,missile,2-0-1,2,5,,True,True,True,3,0,1.0,5,5,1,0,True,False,,,,,,,,,0.4365698845177479,,False,False,False,False,
role_conditioned_ar_ppo_order_201,learning,medium,heterogeneity_pressure,0,0,202,0,202,15,2,laser,2-0-1,0,5,,True,True,True,10,0,1.0,4,4,1,0,True,False,,,,,,,,,0.11505966284835269,,False,False,False,False,
role_conditioned_ar_ppo_order_201,learning,medium,heterogeneity_pressure,0,0,202,0,202,15,0,missile,2-0-1,1,5,,True,True,True,3,0,1.0,5,5,1,0,True,False,,,,,,,,,0.6137313039358304,,False,False,False,False,
role_conditioned_ar_ppo_order_201,learning,medium,heterogeneity_pressure,0,0,202,0,202,15,1,missile,2-0-1,2,5,,True,True,True,3,0,1.0,5,5,1,0,True,False,,,,,,,,,0.46016743319026465,,False,False,False,False,
role_conditioned_ar_ppo_order_201,learning,medium,heterogeneity_pressure,0,0,202,0,202,16,2,laser,2-0-1,0,5,,True,True,True,10,0,1.0,4,4,1,0,True,False,,,,,,,,,0.12490349975614712,,False,False,False,False,
role_conditioned_ar_ppo_order_201,learning,medium,heterogeneity_pressure,0,0,202,0,202,16,0,missile,2-0-1,1,5,,True,True,True,3,0,1.0,5,5,1,0,True,False,,,,,,,,,0.6333975229404256,,False,False,False,False,
role_conditioned_ar_ppo_order_201,learning,medium,heterogeneity_pressure,0,0,202,0,202,16,1,missile,2-0-1,2,5,,True,True,True,3,0,1.0,5,5,1,0,True,False,,,,,,,,,0.48305596109402377,,False,False,False,False,
role_conditioned_ar_ppo_order_201,learning,medium,heterogeneity_pressure,0,0,202,0,202,17,2,laser,2-0-1,0,5,,True,True,True,10,0,1.0,4,4,1,0,True,False,,,,,,,,,0.1386882418409488,,False,False,False,False,
role_conditioned_ar_ppo_order_201,learning,medium,heterogeneity_pressure,0,0,202,0,202,17,0,missile,2-0-1,1,5,,True,True,True,3,0,1.0,5,5,1,0,True,False,,,,,,,,,0.6525758525817809,,False,False,False,False,
role_conditioned_ar_ppo_order_201,learning,medium,heterogeneity_pressure,0,0,202,0,202,17,1,missile,2-0-1,2,5,,True,True,True,3,0,1.0,5,5,1,0,True,False,,,,,,,,,0.5049349928654716,,False,False,False,False,
role_conditioned_ar_ppo_order_201,learning,medium,heterogeneity_pressure,0,0,202,0,202,18,2,laser,2-0-1,0,5,,True,True,True,10,0,1.0,4,4,1,0,True,False,,,,,,,,,0.164311579157251,,False,False,False,False,
role_conditioned_ar_ppo_order_201,learning,medium,heterogeneity_pressure,0,0,202,0,202,18,0,missile,2-0-1,1,5,,True,True,True,3,0,1.0,5,5,1,0,True,False,,,,,,,,,0.6710949265466324,,False,False,False,False,
role_conditioned_ar_ppo_order_201,learning,medium,heterogeneity_pressure,0,0,202,0,202,18,1,missile,2-0-1,2,5,,True,True,True,3,0,1.0,5,5,1,0,True,False,,,,,,,,,0.5253364959759059,,False,False,False,False,
role_conditioned_ar_ppo_order_201,learning,medium,heterogeneity_pressure,0,0,202,0,202,19,2,laser,2-0-1,0,5,,True,True,True,10,0,1.0,4,4,1,0,True,False,,,,,,,,,0.189656409030326,,False,False,False,False,
role_conditioned_ar_ppo_order_201,learning,medium,heterogeneity_pressure,0,0,202,0,202,19,0,missile,2-0-1,1,5,,True,True,True,3,0,1.0,5,5,1,0,True,False,,,,,,,,,0.6887042477592227,,False,False,False,False,
role_conditioned_ar_ppo_order_201,learning,medium,heterogeneity_pressure,0,0,202,0,202,19,1,missile,2-0-1,2,5,,True,True,True,3,0,1.0,5,5,1,0,True,False,,,,,,,,,0.5435266456821691,,False,False,False,False,
role_conditioned_ar_ppo_order_201,learning,medium,heterogeneity_pressure,0,0,202,0,202,20,2,laser,2-0-1,0,5,,True,True,True,10,0,1.0,4,4,1,0,True,False,,,,,,,,,0.21462330983140063,,False,False,False,False,
role_conditioned_ar_ppo_order_201,learning,medium,heterogeneity_pressure,0,0,202,0,202,20,0,missile,2-0-1,1,5,,True,True,True,3,0,1.0,5,5,1,0,True,False,,,,,,,,,0.7050334631310772,,False,False,False,False,
role_conditioned_ar_ppo_order_201,learning,medium,heterogeneity_pressure,0,0,202,0,202,20,1,missile,2-0-1,2,5,,True,True,True,3,0,1.0,5,5,1,0,True,False,,,,,,,,,0.5583899965633662,,False,False,False,False,
role_conditioned_ar_ppo_order_201,learning,medium,heterogeneity_pressure,0,0,202,0,202,21,2,laser,2-0-1,0,5,,True,True,True,10,0,1.0,5,5,1,0,True,False,,,,,,,,,0.2390621431190658,,False,False,False,False,
role_conditioned_ar_ppo_order_201,learning,medium,heterogeneity_pressure,0,0,202,0,202,21,0,missile,2-0-1,1,5,,True,True,True,3,0,1.0,5,5,1,0,True,False,,,,,,,,,0.7195382565388709,,False,False,False,False,
role_conditioned_ar_ppo_order_201,learning,medium,heterogeneity_pressure,0,0,202,0,202,21,1,missile,2-0-1,2,5,,True,True,True,3,0,1.0,5,5,1,0,True,False,,,,,,,,,0.5684122514022033,,False,False,False,False,
role_conditioned_ar_ppo_order_201,learning,medium,heterogeneity_pressure,0,0,202,0,202,22,2,laser,2-0-1,0,5,,True,True,True,10,0,1.0,5,5,1,0,True,False,,,,,,,,,0.2627379403292764,,False,False,False,False,
role_conditioned_ar_ppo_order_201,learning,medium,heterogeneity_pressure,0,0,202,0,202,22,0,missile,2-0-1,1,5,,True,True,True,3,0,1.0,5,5,1,0,True,False,,,,,,,,,0.7314491760976872,,False,False,False,False,
role_conditioned_ar_ppo_order_201,learning,medium,heterogeneity_pressure,0,0,202,0,202,22,1,missile,2-0-1,2,5,,True,True,True,3,0,1.0,5,5,1,0,True,False,,,,,,,,,0.5720500409914419,,False,False,False,False,
role_conditioned_ar_ppo_order_201,learning,medium,heterogeneity_pressure,0,0,202,0,202,23,2,laser,2-0-1,0,5,,True,True,True,10,0,1.0,4,4,1,0,True,False,,,,,,,,,0.23091718438377187,,False,False,False,False,
role_conditioned_ar_ppo_order_201,learning,medium,heterogeneity_pressure,0,0,202,0,202,23,0,missile,2-0-1,1,5,,True,True,True,3,0,1.0,4,4,1,0,True,False,,,,,,,,,0.7397878203922434,,False,False,False,False,
role_conditioned_ar_ppo_order_201,learning,medium,heterogeneity_pressure,0,0,202,0,202,23,1,missile,2-0-1,2,5,,True,True,True,3,0,1.0,4,4,1,0,True,False,,,,,,,,,0.5103906671577698,,False,False,False,False,
role_conditioned_ar_ppo_order_201,learning,medium,heterogeneity_pressure,0,0,202,0,202,24,2,laser,2-0-1,0,5,,True,True,True,10,0,1.0,4,4,1,0,True,False,,,,,,,,,0.254166214303088,,False,False,False,False,
role_conditioned_ar_ppo_order_201,learning,medium,heterogeneity_pressure,0,0,202,0,202,24,0,missile,2-0-1,1,5,,True,True,True,3,0,1.0,4,4,1,0,True,False,,,,,,,,,0.7435716159412407,,False,False,False,False,
role_conditioned_ar_ppo_order_201,learning,medium,heterogeneity_pressure,0,0,202,0,202,24,1,missile,2-0-1,2,5,,True,True,True,3,0,1.0,4,4,1,0,True,False,,,,,,,,,0.5295333604479426,,False,False,False,False,
role_conditioned_ar_ppo_order_201,learning,medium,heterogeneity_pressure,0,0,202,0,202,25,2,laser,2-0-1,0,5,,True,True,True,10,0,1.0,3,3,0,0,True,False,,,,,,,,,0.20249506823176885,,False,False,False,False,
role_conditioned_ar_ppo_order_201,learning,medium,heterogeneity_pressure,0,0,202,0,202,25,0,missile,2-0-1,1,5,,True,True,True,3,0,1.0,3,3,0,0,True,False,,,,,,,,,0.46066402910586846,,False,False,False,False,
role_conditioned_ar_ppo_order_201,learning,medium,heterogeneity_pressure,0,0,202,0,202,25,1,missile,2-0-1,2,5,,True,True,True,3,0,1.0,3,3,0,0,True,False,,,,,,,,,0.31557919547482755,,False,False,False,False,
role_conditioned_ar_ppo_order_201,learning,medium,heterogeneity_pressure,0,0,202,0,202,26,2,laser,2-0-1,0,5,,True,True,True,10,0,1.0,3,3,0,0,True,False,,,,,,,,,0.20499742676823793,,False,False,False,False,
role_conditioned_ar_ppo_order_201,learning,medium,heterogeneity_pressure,0,0,202,0,202,26,0,missile,2-0-1,1,5,,True,True,True,3,0,1.0,3,3,0,0,True,False,,,,,,,,,0.47607527959893814,,False,False,False,False,
role_conditioned_ar_ppo_order_201,learning,medium,heterogeneity_pressure,0,0,202,0,202,26,1,missile,2-0-1,2,5,,True,True,True,3,0,1.0,3,3,0,0,True,False,,,,,,,,,0.32224320124191713,,False,False,False,False,
role_conditioned_ar_ppo_order_201,learning,medium,heterogeneity_pressure,0,0,202,0,202,27,2,laser,2-0-1,0,5,,True,True,True,10,0,1.0,3,3,0,0,True,False,,,,,,,,,0.2037253017123393,,False,False,False,False,
role_conditioned_ar_ppo_order_201,learning,medium,heterogeneity_pressure,0,0,202,0,202,27,0,missile,2-0-1,1,5,,True,True,True,3,0,1.0,3,3,0,0,True,False,,,,,,,,,0.49140545664586843,,False,False,False,False,
role_conditioned_ar_ppo_order_201,learning,medium,heterogeneity_pressure,0,0,202,0,202,27,1,missile,2-0-1,2,5,,True,True,True,3,0,1.0,3,3,0,0,True,False,,,,,,,,,0.327749487427718,,False,False,False,False,
role_conditioned_ar_ppo_order_201,learning,medium,heterogeneity_pressure,0,0,202,0,202,28,2,laser,2-0-1,0,5,,True,True,True,10,0,1.0,3,3,0,0,True,False,,,,,,,,,0.19912573409365233,,False,False,False,False,
role_conditioned_ar_ppo_order_201,learning,medium,heterogeneity_pressure,0,0,202,0,202,28,0,missile,2-0-1,1,5,,True,True,True,3,0,1.0,3,3,0,0,True,False,,,,,,,,,0.506618037435449,,False,False,False,False,
role_conditioned_ar_ppo_order_201,learning,medium,heterogeneity_pressure,0,0,202,0,202,28,1,missile,2-0-1,2,5,,True,True,True,3,0,1.0,3,3,0,0,True,False,,,,,,,,,0.33186610610775447,,False,False,False,False,
role_conditioned_ar_ppo_order_201,learning,medium,heterogeneity_pressure,0,0,202,0,202,29,2,laser,2-0-1,0,5,,True,True,True,10,0,1.0,3,3,0,0,True,False,,,,,,,,,0.1923657759335066,,False,False,False,False,
role_conditioned_ar_ppo_order_201,learning,medium,heterogeneity_pressure,0,0,202,0,202,29,0,missile,2-0-1,1,5,,True,True,True,3,0,1.0,3,3,0,0,True,False,,,,,,,,,0.5216514626968061,,False,False,False,False,
role_conditioned_ar_ppo_order_201,learning,medium,heterogeneity_pressure,0,0,202,0,202,29,1,missile,2-0-1,2,5,,True,True,True,3,0,1.0,3,3,0,0,True,False,,,,,,,,,0.33437835106695313,,False,False,False,False,
role_conditioned_ar_ppo_order_201,learning,medium,heterogeneity_pressure,0,0,202,0,202,30,2,laser,2-0-1,0,5,,True,True,True,10,0,1.0,3,3,0,0,True,False,,,,,,,,,0.1843733531776121,,False,False,False,False,
role_conditioned_ar_ppo_order_201,learning,medium,heterogeneity_pressure,0,0,202,0,202,30,0,missile,2-0-1,1,5,,True,True,True,3,0,1.0,3,3,0,0,True,False,,,,,,,,,0.5363941002397393,,False,False,False,False,
role_conditioned_ar_ppo_order_201,learning,medium,heterogeneity_pressure,0,0,202,0,202,30,1,missile,2-0-1,2,5,,True,True,True,3,0,1.0,3,3,0,0,True,False,,,,,,,,,0.33513357746129974,,False,False,False,False,
role_conditioned_ar_ppo_order_201,learning,medium,heterogeneity_pressure,0,0,202,0,202,31,2,laser,2-0-1,0,5,,True,True,True,10,0,1.0,3,3,0,0,True,False,,,,,,,,,0.17567891039824357,,False,False,False,False,
role_conditioned_ar_ppo_order_201,learning,medium,heterogeneity_pressure,0,0,202,0,202,31,0,missile,2-0-1,1,5,,True,True,True,3,0,1.0,3,3,0,0,True,False,,,,,,,,,0.5506245790384988,,False,False,False,False,
role_conditioned_ar_ppo_order_201,learning,medium,heterogeneity_pressure,0,0,202,0,202,31,1,missile,2-0-1,2,5,,True,True,True,3,0,1.0,3,3,0,0,True,False,,,,,,,,,0.3340822229239717,,False,False,False,False,
role_conditioned_ar_ppo_order_201,learning,medium,heterogeneity_pressure,0,0,202,0,202,32,2,laser,2-0-1,0,5,,True,True,True,10,0,1.0,3,3,0,0,True,False,,,,,,,,,0.1826748946544273,,False,False,False,False,
role_conditioned_ar_ppo_order_201,learning,medium,heterogeneity_pressure,0,0,202,0,202,32,0,missile,2-0-1,1,5,,True,True,True,3,0,1.0,3,3,0,0,True,False,,,,,,,,,0.5638541548347565,,False,False,False,False,
role_conditioned_ar_ppo_order_201,learning,medium,heterogeneity_pressure,0,0,202,0,202,32,1,missile,2-0-1,2,5,,True,True,True,3,0,1.0,3,3,0,0,True,False,,,,,,,,,0.3312927986854832,,False,False,False,False,
role_conditioned_ar_ppo_order_201,learning,medium,heterogeneity_pressure,0,0,202,0,202,33,2,laser,2-0-1,0,5,,True,True,True,10,0,1.0,2,2,0,0,True,False,,,,,,,,,0.1955442908963948,,False,False,False,False,
role_conditioned_ar_ppo_order_201,learning,medium,heterogeneity_pressure,0,0,202,0,202,33,0,missile,2-0-1,1,5,,True,True,True,3,0,1.0,2,2,0,0,True,False,,,,,,,,,0.5748915320379361,,False,False,False,False,
role_conditioned_ar_ppo_order_201,learning,medium,heterogeneity_pressure,0,0,202,0,202,33,1,missile,2-0-1,2,5,,True,True,True,3,0,1.0,2,2,0,0,True,False,,,,,,,,,0.3355884756016747,,False,False,False,False,
role_conditioned_ar_ppo_order_201,learning,medium,heterogeneity_pressure,0,0,202,0,202,34,2,laser,2-0-1,0,5,,True,True,True,10,0,1.0,2,2,0,0,True,False,,,,,,,,,0.20732291493090513,,False,False,False,False,
role_conditioned_ar_ppo_order_201,learning,medium,heterogeneity_pressure,0,0,202,0,202,34,0,missile,2-0-1,1,5,,True,True,True,3,0,1.0,2,2,0,0,True,False,,,,,,,,,0.5809942179925306,,False,False,False,False,
role_conditioned_ar_ppo_order_201,learning,medium,heterogeneity_pressure,0,0,202,0,202,34,1,missile,2-0-1,2,5,,True,True,True,3,0,1.0,2,2,0,0,True,False,,,,,,,,,0.3402561000843556,,False,False,False,False,
role_conditioned_ar_ppo_order_201,learning,medium,heterogeneity_pressure,0,0,202,0,202,35,2,laser,2-0-1,0,5,,True,True,True,10,0,1.0,2,2,0,0,True,False,,,,,,,,,0.21764718746084613,,False,False,False,False,
role_conditioned_ar_ppo_order_201,learning,medium,heterogeneity_pressure,0,0,202,0,202,35,0,missile,2-0-1,1,5,,True,True,True,3,0,1.0,2,2,0,0,True,False,,,,,,,,,0.5789663373383971,,False,False,False,False,
role_conditioned_ar_ppo_order_201,learning,medium,heterogeneity_pressure,0,0,202,0,202,35,1,missile,2-0-1,2,5,,True,True,True,3,0,1.0,2,2,0,0,True,False,,,,,,,,,0.3566283434990585,,False,False,False,False,
role_conditioned_ar_ppo_order_201,learning,medium,heterogeneity_pressure,0,0,202,0,202,36,2,laser,2-0-1,0,5,,True,True,True,10,0,1.0,2,2,0,0,True,False,,,,,,,,,0.22605539194758772,,False,False,False,False,
role_conditioned_ar_ppo_order_201,learning,medium,heterogeneity_pressure,0,0,202,0,202,36,0,missile,2-0-1,1,5,,True,True,True,3,0,1.0,2,2,0,0,True,False,,,,,,,,,0.5700633766999502,,False,False,False,False,
role_conditioned_ar_ppo_order_201,learning,medium,heterogeneity_pressure,0,0,202,0,202,36,1,missile,2-0-1,2,5,,True,True,True,3,0,1.0,2,2,0,0,True,False,,,,,,,,,0.3729275676998333,,False,False,False,False,
role_conditioned_ar_ppo_order_201,learning,medium,heterogeneity_pressure,0,0,202,1,203,0,2,laser,2-0-1,0,5,,True,True,True,10,0,1.0,0,0,0,0,False,False,,,,,,,,,0.0,,False,False,False,False,
role_conditioned_ar_ppo_order_201,learning,medium,heterogeneity_pressure,0,0,202,1,203,0,0,missile,2-0-1,1,5,,True,True,True,3,0,1.0,5,5,1,0,True,False,,,,,,,,,0.31788360582787806,,False,False,False,False,
role_conditioned_ar_ppo_order_201,learning,medium,heterogeneity_pressure,0,0,202,1,203,0,1,missile,2-0-1,2,5,,True,True,True,3,0,1.0,2,2,0,0,True,False,,,,,,,,,0.04992999857808592,,False,False,False,False,
role_conditioned_ar_ppo_order_201,learning,medium,heterogeneity_pressure,0,0,202,1,203,1,2,laser,2-0-1,0,5,,True,True,True,10,0,1.0,0,0,0,0,False,False,,,,,,,,,0.0,,False,False,False,False,
role_conditioned_ar_ppo_order_201,learning,medium,heterogeneity_pressure,0,0,202,1,203,1,0,missile,2-0-1,1,5,,True,True,True,3,0,1.0,5,5,1,0,True,False,,,,,,,,,0.3312091062048339,,False,False,False,False,
role_conditioned_ar_ppo_order_201,learning,medium,heterogeneity_pressure,0,0,202,1,203,1,1,missile,2-0-1,2,5,,True,True,True,3,0,1.0,3,3,0,0,True,False,,,,,,,,,0.06441153883231948,,False,False,False,False,
role_conditioned_ar_ppo_order_201,learning,medium,heterogeneity_pressure,0,0,202,1,203,2,2,laser,2-0-1,0,5,,True,True,True,10,0,1.0,0,0,0,0,False,False,,,,,,,,,0.0,,False,False,False,False,
role_conditioned_ar_ppo_order_201,learning,medium,heterogeneity_pressure,0,0,202,1,203,2,0,missile,2-0-1,1,5,,True,True,True,3,0,1.0,5,5,1,0,True,False,,,,,,,,,0.3445235885473923,,False,False,False,False,
role_conditioned_ar_ppo_order_201,learning,medium,heterogeneity_pressure,0,0,202,1,203,2,1,missile,2-0-1,2,5,,True,True,True,3,0,1.0,3,3,0,0,True,False,,,,,,,,,0.0788731385318427,,False,False,False,False,
role_conditioned_ar_ppo_order_201,learning,medium,heterogeneity_pressure,0,0,202,1,203,3,2,laser,2-0-1,0,5,,True,True,True,10,0,1.0,0,0,0,0,False,False,,,,,,,,,0.0,,False,False,False,False,
role_conditioned_ar_ppo_order_201,learning,medium,heterogeneity_pressure,0,0,202,1,203,3,0,missile,2-0-1,1,5,,True,True,True,3,0,1.0,5,5,1,0,True,False,,,,,,,,,0.3578261346860198,,False,False,False,False,
role_conditioned_ar_ppo_order_201,learning,medium,heterogeneity_pressure,0,0,202,1,203,3,1,missile,2-0-1,2,5,,True,True,True,3,0,1.0,4,4,0,0,True,False,,,,,,,,,0.09331157651012542,,False,False,False,False,
role_conditioned_ar_ppo_order_201,learning,medium,heterogeneity_pressure,0,0,202,1,203,4,2,laser,2-0-1,0,5,,True,True,True,10,0,1.0,0,0,0,0,False,False,,,,,,,,,0.0,,False,False,False,False,
role_conditioned_ar_ppo_order_201,learning,medium,heterogeneity_pressure,0,0,202,1,203,4,0,missile,2-0-1,1,5,,True,True,True,3,0,1.0,5,5,1,0,True,False,,,,,,,,,0.371115755822758,,False,False,False,False,
role_conditioned_ar_ppo_order_201,learning,medium,heterogeneity_pressure,0,0,202,1,203,4,1,missile,2-0-1,2,5,,True,True,True,3,0,1.0,4,4,0,0,True,False,,,,,,,,,0.10772292217705651,,False,False,False,False,
role_conditioned_ar_ppo_order_201,learning,medium,heterogeneity_pressure,0,0,202,1,203,5,2,laser,2-0-1,0,5,,True,True,True,10,0,1.0,0,0,0,0,False,False,,,,,,,,,0.0,,False,False,False,False,
role_conditioned_ar_ppo_order_201,learning,medium,heterogeneity_pressure,0,0,202,1,203,5,0,missile,2-0-1,1,5,,True,True,True,3,0,1.0,5,5,1,0,True,False,,,,,,,,,0.38439135721700957,,False,False,False,False,
role_conditioned_ar_ppo_order_201,learning,medium,heterogeneity_pressure,0,0,202,1,203,5,1,missile,2-0-1,2,5,,True,True,True,3,0,1.0,4,4,0,0,True,False,,,,,,,,,0.12210226708839958,,False,False,False,False,
role_conditioned_ar_ppo_order_201,learning,medium,heterogeneity_pressure,0,0,202,1,203,6,2,laser,2-0-1,0,5,,True,True,True,10,0,1.0,0,0,0,0,False,False,,,,,,,,,0.0,,False,False,False,False,
role_conditioned_ar_ppo_order_201,learning,medium,heterogeneity_pressure,0,0,202,1,203,6,0,missile,2-0-1,1,5,,True,True,True,3,0,1.0,5,5,1,0,True,False,,,,,,,,,0.397651702871326,,False,False,False,False,
role_conditioned_ar_ppo_order_201,learning,medium,heterogeneity_pressure,0,0,202,1,203,6,1,missile,2-0-1,2,5,,True,True,True,3,0,1.0,4,4,0,0,True,False,,,,,,,,,0.13644349486246937,,False,False,False,False,
role_conditioned_ar_ppo_order_201,learning,medium,heterogeneity_pressure,0,0,202,1,203,7,2,laser,2-0-1,0,5,,True,True,True,10,0,1.0,1,1,0,0,True,False,,,,,,,,,0.009705240486666775,,False,False,False,False,
role_conditioned_ar_ppo_order_201,learning,medium,heterogeneity_pressure,0,0,202,1,203,7,0,missile,2-0-1,1,5,,True,True,True,3,0,1.0,5,5,1,0,True,False,,,,,,,,,0.41089538021719485,,False,False,False,False,
role_conditioned_ar_ppo_order_201,learning,medium,heterogeneity_pressure,0,0,202,1,203,7,1,missile,2-0-1,2,5,,True,True,True,3,0,1.0,4,4,0,0,True,False,,,,,,,,,0.1507388401870951,,False,False,False,False,
role_conditioned_ar_ppo_order_201,learning,medium,heterogeneity_pressure,0,0,202,1,203,8,2,laser,2-0-1,0,5,,True,True,True,10,0,1.0,3,3,0,0,True,False,,,,,,,,,0.019578027960818,,False,False,False,False,
role_conditioned_ar_ppo_order_201,learning,medium,heterogeneity_pressure,0,0,202,1,203,8,0,missile,2-0-1,1,5,,True,True,True,3,0,1.0,5,5,1,0,True,False,,,,,,,,,0.4241209413718909,,False,False,False,False,
role_conditioned_ar_ppo_order_201,learning,medium,heterogeneity_pressure,0,0,202,1,203,8,1,missile,2-0-1,2,5,,True,True,True,3,0,1.0,4,4,0,0,True,False,,,,,,,,,0.16497831361131127,,False,False,False,False,
role_conditioned_ar_ppo_order_201,learning,medium,heterogeneity_pressure,0,0,202,1,203,9,2,laser,2-0-1,0,5,,True,True,True,10,0,1.0,3,3,0,0,True,False,,,,,,,,,0.029382277372463888,,False,False,False,False,
role_conditioned_ar_ppo_order_201,learning,medium,heterogeneity_pressure,0,0,202,1,203,9,0,missile,2-0-1,1,5,,True,True,True,3,0,1.0,5,5,1,0,True,False,,,,,,,,,0.43732651468213474,,False,False,False,False,
role_conditioned_ar_ppo_order_201,learning,medium,heterogeneity_pressure,0,0,202,1,203,9,1,missile,2-0-1,2,5,,True,True,True,3,0,1.0,4,4,0,0,True,False,,,,,,,,,0.17914883873289433,,False,False,False,False,
role_conditioned_ar_ppo_order_201,learning,medium,heterogeneity_pressure,0,0,202,1,203,10,2,laser,2-0-1,0,5,,True,True,True,10,0,1.0,3,3,0,0,True,False,,,,,,,,,0.04266447359463776,,False,False,False,False,
role_conditioned_ar_ppo_order_201,learning,medium,heterogeneity_pressure,0,0,202,1,203,10,0,missile,2-0-1,1,5,,True,True,True,3,0,1.0,5,5,1,0,True,False,,,,,,,,,0.45051022849464767,,False,False,False,False,
role_conditioned_ar_ppo_order_201,learning,medium,heterogeneity_pressure,0,0,202,1,203,10,1,missile,2-0-1,2,5,,True,True,True,3,0,1.0,4,4,0,0,True,False,,,,,,,,,0.19323304426091398,,False,False,False,False,
role_conditioned_ar_ppo_order_201,learning,medium,heterogeneity_pressure,0,0,202,1,203,11,2,laser,2-0-1,0,5,,True,True,True,10,0,1.0,3,3,0,0,True,False,,,,,,,,,0.05912314787519947,,False,False,False,False,
role_conditioned_ar_ppo_order_201,learning,medium,heterogeneity_pressure,0,0,202,1,203,11,0,missile,2-0-1,1,5,,True,True,True,3,0,1.0,5,5,1,0,True,False,,,,,,,,,0.46366985801402233,,False,False,False,False,
role_conditioned_ar_ppo_order_201,learning,medium,heterogeneity_pressure,0,0,202,1,203,11,1,missile,2-0-1,2,5,,True,True,True,3,0,1.0,4,4,0,0,True,False,,,,,,,,,0.2072073658283134,,False,False,False,False,
role_conditioned_ar_ppo_order_201,learning,medium,heterogeneity_pressure,0,0,202,1,203,12,2,laser,2-0-1,0,5,,True,True,True,10,0,1.0,4,4,0,0,True,False,,,,,,,,,0.07541540957165986,,False,False,False,False,
role_conditioned_ar_ppo_order_201,learning,medium,heterogeneity_pressure,0,0,202,1,203,12,0,missile,2-0-1,1,5,,True,True,True,3,0,1.0,5,5,1,0,True,False,,,,,,,,,0.4768028253027234,,False,False,False,False,
role_conditioned_ar_ppo_order_201,learning,medium,heterogeneity_pressure,0,0,202,1,203,12,1,missile,2-0-1,2,5,,True,True,True,3,0,1.0,4,4,0,0,True,False,,,,,,,,,0.2210390644955082,,False,False,False,False,
role_conditioned_ar_ppo_order_201,learning,medium,heterogeneity_pressure,0,0,202,1,203,13,2,laser,2-0-1,0,5,,True,True,True,10,0,1.0,4,4,0,0,True,False,,,,,,,,,0.09149404135000841,,False,False,False,False,
role_conditioned_ar_ppo_order_201,learning,medium,heterogeneity_pressure,0,0,202,1,203,13,0,missile,2-0-1,1,5,,True,True,True,3,0,1.0,5,5,1,0,True,False,,,,,,,,,0.4899061992810873,,False,False,False,False,
role_conditioned_ar_ppo_order_201,learning,medium,heterogeneity_pressure,0,0,202,1,203,13,1,missile,2-0-1,2,5,,True,True,True,3,0,1.0,4,4,0,0,True,False,,,,,,,,,0.23468162508391427,,False,False,False,False,
role_conditioned_ar_ppo_order_201,learning,medium,heterogeneity_pressure,0,0,202,1,203,14,2,laser,2-0-1,0,5,,True,True,True,10,0,1.0,4,4,0,0,True,False,,,,,,,,,0.10729323866422015,,False,False,False,False,
role_conditioned_ar_ppo_order_201,learning,medium,heterogeneity_pressure,0,0,202,1,203,14,0,missile,2-0-1,1,5,,True,True,True,3,0,1.0,5,5,1,0,True,False,,,,,,,,,0.5029766957273227,,False,False,False,False,
role_conditioned_ar_ppo_order_201,learning,medium,heterogeneity_pressure,0,0,202,1,203,14,1,missile,2-0-1,2,5,,True,True,True,3,0,1.0,4,4,0,0,True,False,,,,,,,,,0.24806703879780323,,False,False,False,False,
role_conditioned_ar_ppo_order_201,learning,medium,heterogeneity_pressure,0,0,202,1,203,15,2,laser,2-0-1,0,5,,True,True,True,10,0,1.0,4,4,0,0,True,False,,,,,,,,,0.12271912602834434,,False,False,False,False,
role_conditioned_ar_ppo_order_201,learning,medium,heterogeneity_pressure,0,0,202,1,203,15,0,missile,2-0-1,1,5,,True,True,True,3,0,1.0,5,5,1,0,True,False,,,,,,,,,0.5160104653922329,,False,False,False,False,
role_conditioned_ar_ppo_order_201,learning,medium,heterogeneity_pressure,0,0,202,1,203,15,1,missile,2-0-1,2,5,,True,True,True,3,0,1.0,4,4,0,0,True,False,,,,,,,,,0.2610927747561044,,False,False,False,False,
role_conditioned_ar_ppo_order_201,learning,medium,heterogeneity_pressure,0,0,202,1,203,16,2,laser,2-0-1,0,5,,True,True,True,10,0,1.0,4,4,0,0,True,False,,,,,,,,,0.13763473738609808,,False,False,False,False,
role_conditioned_ar_ppo_order_201,learning,medium,heterogeneity_pressure,0,0,202,1,203,16,0,missile,2-0-1,1,5,,True,True,True,3,0,1.0,5,5,1,0,True,False,,,,,,,,,0.5290030586850035,,False,False,False,False,
role_conditioned_ar_ppo_order_201,learning,medium,heterogeneity_pressure,0,0,202,1,203,16,1,missile,2-0-1,2,5,,True,True,True,3,0,1.0,4,4,0,0,True,False,,,,,,,,,0.2735995098440431,,False,False,False,False,
role_conditioned_ar_ppo_order_201,learning,medium,heterogeneity_pressure,0,0,202,1,203,17,2,laser,2-0-1,0,5,,True,True,True,10,0,1.0,4,4,0,0,True,False,,,,,,,,,0.15183607193461898,,False,False,False,False,
role_conditioned_ar_ppo_order_201,learning,medium,heterogeneity_pressure,0,0,202,1,203,17,0,missile,2-0-1,1,5,,True,True,True,3,0,1.0,5,5,1,0,True,False,,,,,,,,,0.5419492844163512,,False,False,False,False,
role_conditioned_ar_ppo_order_201,learning,medium,heterogeneity_pressure,0,0,202,1,203,17,1,missile,2-0-1,2,5,,True,True,True,3,0,1.0,5,5,1,0,True,False,,,,,,,,,0.28533246992137656,,False,False,False,False,
role_conditioned_ar_ppo_order_201,learning,medium,heterogeneity_pressure,0,0,202,1,203,18,2,laser,2-0-1,0,5,,True,True,True,10,0,1.0,4,4,0,0,True,False,,,,,,,,,0.1650147743130978,,False,False,False,False,
role_conditioned_ar_ppo_order_201,learning,medium,heterogeneity_pressure,0,0,202,1,203,18,0,missile,2-0-1,1,5,,True,True,True,3,0,1.0,5,5,1,0,True,False,,,,,,,,,0.5548430685416718,,False,False,False,False,
role_conditioned_ar_ppo_order_201,learning,medium,heterogeneity_pressure,0,0,202,1,203,18,1,missile,2-0-1,2,5,,True,True,True,3,0,1.0,5,5,1,0,True,False,,,,,,,,,0.2958777590559958,,False,False,False,False,
role_conditioned_ar_ppo_order_201,learning,medium,heterogeneity_pressure,0,0,202,1,203,19,2,laser,2-0-1,0,5,,True,True,True,10,0,1.0,4,4,0,0,True,False,,,,,,,,,0.17670567214094907,,False,False,False,False,
role_conditioned_ar_ppo_order_201,learning,medium,heterogeneity_pressure,0,0,202,1,203,19,0,missile,2-0-1,1,5,,True,True,True,3,0,1.0,5,5,1,0,True,False,,,,,,,,,0.5676772775899773,,False,False,False,False,
role_conditioned_ar_ppo_order_201,learning,medium,heterogeneity_pressure,0,0,202,1,203,19,1,missile,2-0-1,2,5,,True,True,True,3,0,1.0,5,5,1,0,True,False,,,,,,,,,0.3045760063765435,,False,False,False,False,
role_conditioned_ar_ppo_order_201,learning,medium,heterogeneity_pressure,0,0,202,1,203,20,2,laser,2-0-1,0,5,,True,True,True,10,0,1.0,4,4,0,0,True,False,,,,,,,,,0.1862335586601871,,False,False,False,False,
role_conditioned_ar_ppo_order_201,learning,medium,heterogeneity_pressure,0,0,202,1,203,20,0,missile,2-0-1,1,5,,True,True,True,3,0,1.0,5,5,1,0,True,False,,,,,,,,,0.5804434361501929,,False,False,False,False,
role_conditioned_ar_ppo_order_201,learning,medium,heterogeneity_pressure,0,0,202,1,203,20,1,missile,2-0-1,2,5,,True,True,True,3,0,1.0,5,5,1,0,True,False,,,,,,,,,0.31048097504118305,,False,False,False,False,
role_conditioned_ar_ppo_order_201,learning,medium,heterogeneity_pressure,0,0,202,1,203,21,2,laser,2-0-1,0,5,,True,True,True,10,0,1.0,4,4,0,0,True,False,,,,,,,,,0.19272388429660892,,False,False,False,False,
role_conditioned_ar_ppo_order_201,learning,medium,heterogeneity_pressure,0,0,202,1,203,21,0,missile,2-0-1,1,5,,True,True,True,3,0,1.0,5,5,1,0,True,False,,,,,,,,,0.5931314973287731,,False,False,False,False,
role_conditioned_ar_ppo_order_201,learning,medium,heterogeneity_pressure,0,0,202,1,203,21,1,missile,2-0-1,2,5,,True,True,True,3,0,1.0,5,5,1,0,True,False,,,,,,,,,0.31257875495052934,,False,False,False,False,
role_conditioned_ar_ppo_order_201,learning,medium,heterogeneity_pressure,0,0,202,1,203,22,2,laser,2-0-1,0,5,,True,True,True,10,0,1.0,2,2,0,0,True,False,,,,,,,,,0.20315386447348602,,False,False,False,False,
role_conditioned_ar_ppo_order_201,learning,medium,heterogeneity_pressure,0,0,202,1,203,22,0,missile,2-0-1,1,5,,True,True,True,3,0,1.0,3,3,1,0,True,False,,,,,,,,,0.6057293660078298,,False,False,False,False,
role_conditioned_ar_ppo_order_201,learning,medium,heterogeneity_pressure,0,0,202,1,203,22,1,missile,2-0-1,2,5,,True,True,True,3,0,1.0,3,3,1,0,True,False,,,,,,,,,0.3207950432753458,,False,False,False,False,
role_conditioned_ar_ppo_order_201,learning,medium,heterogeneity_pressure,0,0,202,1,203,23,2,laser,2-0-1,0,5,,True,True,True,10,0,1.0,2,2,0,0,True,False,,,,,,,,,0.21676263968693457,,False,False,False,False,
role_conditioned_ar_ppo_order_201,learning,medium,heterogeneity_pressure,0,0,202,1,203,23,0,missile,2-0-1,1,5,,True,True,True,3,0,1.0,3,3,1,0,True,False,,,,,,,,,0.6182224221032585,,False,False,False,False,
role_conditioned_ar_ppo_order_201,learning,medium,heterogeneity_pressure,0,0,202,1,203,23,1,missile,2-0-1,2,5,,True,True,True,3,0,1.0,3,3,1,0,True,False,,,,,,,,,0.33465961811635236,,False,False,False,False,
role_conditioned_ar_ppo_order_201,learning,medium,heterogeneity_pressure,0,0,202,1,203,24,2,laser,2-0-1,0,5,,True,True,True,10,0,1.0,2,2,0,0,True,False,,,,,,,,,0.23023037928474446,,False,False,False,False,
role_conditioned_ar_ppo_order_201,learning,medium,heterogeneity_pressure,0,0,202,1,203,24,0,missile,2-0-1,1,5,,True,True,True,3,0,1.0,3,3,1,0,True,False,,,,,,,,,0.6305929025660142,,False,False,False,False,
role_conditioned_ar_ppo_order_201,learning,medium,heterogeneity_pressure,0,0,202,1,203,24,1,missile,2-0-1,2,5,,True,True,True,3,0,1.0,3,3,1,0,True,False,,,,,,,,,0.34848596356880135,,False,False,False,False,
role_conditioned_ar_ppo_order_201,learning,medium,heterogeneity_pressure,0,0,202,1,203,25,2,laser,2-0-1,0,5,,True,True,True,10,0,1.0,2,2,0,0,True,False,,,,,,,,,0.24352989382760407,,False,False,False,False,
role_conditioned_ar_ppo_order_201,learning,medium,heterogeneity_pressure,0,0,202,1,203,25,0,missile,2-0-1,1,5,,True,True,True,3,0,1.0,3,3,1,0,True,False,,,,,,,,,0.6428190361838979,,False,False,False,False,
role_conditioned_ar_ppo_order_201,learning,medium,heterogeneity_pressure,0,0,202,1,203,25,1,missile,2-0-1,2,5,,True,True,True,3,0,1.0,3,3,1,0,True,False,,,,,,,,,0.3622695115764694,,False,False,False,False,
role_conditioned_ar_ppo_order_201,learning,medium,heterogeneity_pressure,0,0,202,1,203,26,2,laser,2-0-1,0,5,,True,True,True,10,0,1.0,2,2,0,0,True,False,,,,,,,,,0.25662694689581517,,False,False,False,False,
role_conditioned_ar_ppo_order_201,learning,medium,heterogeneity_pressure,0,0,202,1,203,26,0,missile,2-0-1,1,5,,True,True,True,3,0,1.0,3,3,1,0,True,False,,,,,,,,,0.654873931183853,,False,False,False,False,
role_conditioned_ar_ppo_order_201,learning,medium,heterogeneity_pressure,0,0,202,1,203,26,1,missile,2-0-1,2,5,,True,True,True,3,0,1.0,3,3,1,0,True,False,,,,,,,,,0.3760048703352897,,False,False,False,False,
role_conditioned_ar_ppo_order_201,learning,medium,heterogeneity_pressure,0,0,202,1,203,27,2,laser,2-0-1,0,5,,True,True,True,10,0,1.0,2,2,0,0,True,False,,,,,,,,,0.2694782389232422,,False,False,False,False,
role_conditioned_ar_ppo_order_201,learning,medium,heterogeneity_pressure,0,0,202,1,203,27,0,missile,2-0-1,1,5,,True,True,True,3,0,1.0,3,3,1,0,True,False,,,,,,,,,0.66672407437792,,False,False,False,False,
role_conditioned_ar_ppo_order_201,learning,medium,heterogeneity_pressure,0,0,202,1,203,27,1,missile,2-0-1,2,5,,True,True,True,3,0,1.0,3,3,1,0,True,False,,,,,,,,,0.38968578685026767,,False,False,False,False,
role_conditioned_ar_ppo_order_201,learning,medium,heterogeneity_pressure,0,0,202,1,203,28,2,laser,2-0-1,0,5,,True,True,True,10,0,1.0,2,2,0,0,True,False,,,,,,,,,0.28202833494428303,,False,False,False,False,
role_conditioned_ar_ppo_order_201,learning,medium,heterogeneity_pressure,0,0,202,1,203,28,0,missile,2-0-1,1,5,,True,True,True,3,0,1.0,3,3,1,0,True,False,,,,,,,,,0.6783274771670647,,False,False,False,False,
role_conditioned_ar_ppo_order_201,learning,medium,heterogeneity_pressure,0,0,202,1,203,28,1,missile,2-0-1,2,5,,True,True,True,3,0,1.0,3,3,1,0,True,False,,,,,,,,,0.4033048848338956,,False,False,False,False,
role_conditioned_ar_ppo_order_201,learning,medium,heterogeneity_pressure,0,0,202,1,203,29,2,laser,2-0-1,0,5,,True,True,True,10,0,1.0,2,2,0,0,True,False,,,,,,,,,0.2942058242775815,,False,False,False,False,
role_conditioned_ar_ppo_order_201,learning,medium,heterogeneity_pressure,0,0,202,1,203,29,0,missile,2-0-1,1,5,,True,True,True,3,0,1.0,3,3,1,0,True,False,,,,,,,,,0.6896311505749617,,False,False,False,False,
role_conditioned_ar_ppo_order_201,learning,medium,heterogeneity_pressure,0,0,202,1,203,29,1,missile,2-0-1,2,5,,True,True,True,3,0,1.0,3,3,1,0,True,False,,,,,,,,,0.4168534774907321,,False,False,False,False,
role_conditioned_ar_ppo_order_201,learning,medium,heterogeneity_pressure,0,0,202,1,203,30,2,laser,2-0-1,0,5,,True,True,True,10,0,1.0,2,2,0,0,True,False,,,,,,,,,0.3059181264982499,,False,False,False,False,
role_conditioned_ar_ppo_order_201,learning,medium,heterogeneity_pressure,0,0,202,1,203,30,0,missile,2-0-1,1,5,,True,True,True,3,0,1.0,3,3,1,0,True,False,,,,,,,,,0.7005677857119899,,False,False,False,False,
role_conditioned_ar_ppo_order_201,learning,medium,heterogeneity_pressure,0,0,202,1,203,30,1,missile,2-0-1,2,5,,True,True,True,3,0,1.0,3,3,1,0,True,False,,,,,,,,,0.43032119308656525,,False,False,False,False,
role_conditioned_ar_ppo_order_201,learning,medium,heterogeneity_pressure,0,0,202,1,203,31,2,laser,2-0-1,0,5,,True,True,True,10,0,1.0,1,1,0,0,True,False,,,,,,,,,0.3170449917025527,,False,False,False,False,
role_conditioned_ar_ppo_order_201,learning,medium,heterogeneity_pressure,0,0,202,1,203,31,0,missile,2-0-1,1,5,,True,True,True,3,0,1.0,2,2,1,0,True,False,,,,,,,,,0.7110517544406316,,False,False,False,False,
role_conditioned_ar_ppo_order_201,learning,medium,heterogeneity_pressure,0,0,202,1,203,31,1,missile,2-0-1,2,5,,True,True,True,3,0,1.0,2,2,1,0,True,False,,,,,,,,,0.44369558179603213,,False,False,False,False,
role_conditioned_ar_ppo_order_201,learning,medium,heterogeneity_pressure,0,0,202,1,203,32,2,laser,2-0-1,0,5,,True,True,True,10,0,1.0,1,1,0,0,True,False,,,,,,,,,0.327430714266635,,False,False,False,False,
role_conditioned_ar_ppo_order_201,learning,medium,heterogeneity_pressure,0,0,202,1,203,32,0,missile,2-0-1,1,5,,True,True,True,3,0,1.0,2,2,1,0,True,False,,,,,,,,,0.720974068271594,,False,False,False,False,
role_conditioned_ar_ppo_order_201,learning,medium,heterogeneity_pressure,0,0,202,1,203,32,1,missile,2-0-1,2,5,,True,True,True,3,0,1.0,2,2,1,0,True,False,,,,,,,,,0.4569616663856137,,False,False,False,False,
role_conditioned_ar_ppo_order_201,learning,medium,heterogeneity_pressure,0,0,202,1,203,33,2,laser,2-0-1,0,5,,True,True,True,10,0,1.0,1,1,0,0,True,False,,,,,,,,,0.3368763274036696,,False,False,False,False,
role_conditioned_ar_ppo_order_201,learning,medium,heterogeneity_pressure,0,0,202,1,203,33,0,missile,2-0-1,1,5,,True,True,True,3,0,1.0,2,2,1,0,True,False,,,,,,,,,0.7301970282605668,,False,False,False,False,
role_conditioned_ar_ppo_order_201,learning,medium,heterogeneity_pressure,0,0,202,1,203,33,1,missile,2-0-1,2,5,,True,True,True,3,0,1.0,2,2,1,0,True,False,,,,,,,,,0.4701012495165843,,False,False,False,False,
role_conditioned_ar_ppo_order_201,learning,medium,heterogeneity_pressure,0,0,202,1,203,34,2,laser,2-0-1,0,5,,True,True,True,10,0,1.0,1,1,0,0,True,False,,,,,,,,,0.34513460115189254,,False,False,False,False,
role_conditioned_ar_ppo_order_201,learning,medium,heterogeneity_pressure,0,0,202,1,203,34,0,missile,2-0-1,1,5,,True,True,True,3,0,1.0,2,2,1,0,True,False,,,,,,,,,0.7385494752466002,,False,False,False,False,
role_conditioned_ar_ppo_order_201,learning,medium,heterogeneity_pressure,0,0,202,1,203,34,1,missile,2-0-1,2,5,,True,True,True,3,0,1.0,2,2,1,0,True,False,,,,,,,,,0.48309201511100025,,False,False,False,False,
role_conditioned_ar_ppo_order_201,learning,medium,heterogeneity_pressure,0,0,202,1,203,35,2,laser,2-0-1,0,5,,True,True,True,10,0,1.0,1,1,0,0,True,False,,,,,,,,,0.35191419951698444,,False,False,False,False,
role_conditioned_ar_ppo_order_201,learning,medium,heterogeneity_pressure,0,0,202,1,203,35,0,missile,2-0-1,1,5,,True,True,True,3,0,1.0,2,2,1,0,True,False,,,,,,,,,0.7458251477412084,,False,False,False,False,
role_conditioned_ar_ppo_order_201,learning,medium,heterogeneity_pressure,0,0,202,1,203,35,1,missile,2-0-1,2,5,,True,True,True,3,0,1.0,2,2,1,0,True,False,,,,,,,,,0.4959064237807283,,False,False,False,False,
role_conditioned_ar_ppo_order_201,learning,medium,heterogeneity_pressure,0,0,202,1,203,36,2,laser,2-0-1,0,5,,True,True,True,10,0,1.0,1,1,0,0,True,False,,,,,,,,,0.35690170468597576,,False,False,False,False,
role_conditioned_ar_ppo_order_201,learning,medium,heterogeneity_pressure,0,0,202,1,203,36,0,missile,2-0-1,1,5,,True,True,True,3,0,1.0,2,2,1,0,True,False,,,,,,,,,0.7517884734592715,,False,False,False,False,
role_conditioned_ar_ppo_order_201,learning,medium,heterogeneity_pressure,0,0,202,1,203,36,1,missile,2-0-1,2,5,,True,True,True,3,0,1.0,2,2,1,0,True,False,,,,,,,,,0.508510289990261,,False,False,False,False,
role_conditioned_ar_ppo_order_201,learning,medium,heterogeneity_pressure,0,0,202,1,203,37,2,laser,2-0-1,0,5,,True,True,True,10,0,1.0,1,1,0,0,True,False,,,,,,,,,0.3598090257318095,,False,False,False,False,
role_conditioned_ar_ppo_order_201,learning,medium,heterogeneity_pressure,0,0,202,1,203,37,0,missile,2-0-1,1,5,,True,True,True,3,0,1.0,2,2,1,0,True,False,,,,,,,,,0.7561932770232715,,False,False,False,False,
role_conditioned_ar_ppo_order_201,learning,medium,heterogeneity_pressure,0,0,202,1,203,37,1,missile,2-0-1,2,5,,True,True,True,3,0,1.0,2,2,1,0,True,False,,,,,,,,,0.5208607788517335,,False,False,False,False,
role_conditioned_ar_ppo_order_201,learning,medium,heterogeneity_pressure,0,0,202,1,203,38,2,laser,2-0-1,0,5,,True,True,True,10,0,1.0,1,1,0,0,True,False,,,,,,,,,0.3604399704961756,,False,False,False,False,
role_conditioned_ar_ppo_order_201,learning,medium,heterogeneity_pressure,0,0,202,1,203,38,0,missile,2-0-1,1,5,,True,True,True,3,0,1.0,2,2,1,0,True,False,,,,,,,,,0.7588175114915958,,False,False,False,False,
role_conditioned_ar_ppo_order_201,learning,medium,heterogeneity_pressure,0,0,202,1,203,38,1,missile,2-0-1,2,5,,True,True,True,3,0,1.0,2,2,1,0,True,False,,,,,,,,,0.5329038599952257,,False,False,False,False,
role_conditioned_ar_ppo_order_201,learning,medium,heterogeneity_pressure,0,0,202,1,203,39,2,laser,2-0-1,0,5,,True,True,True,10,0,1.0,1,1,0,0,True,False,,,,,,,,,0.35874883921525924,,False,False,False,False,
role_conditioned_ar_ppo_order_201,learning,medium,heterogeneity_pressure,0,0,202,1,203,39,0,missile,2-0-1,1,5,,True,True,True,3,0,1.0,2,2,1,0,True,False,,,,,,,,,0.7595089814355749,,False,False,False,False,
role_conditioned_ar_ppo_order_201,learning,medium,heterogeneity_pressure,0,0,202,1,203,39,1,missile,2-0-1,2,5,,True,True,True,3,0,1.0,2,2,1,0,True,False,,,,,,,,,0.5445710312989293,,False,False,False,False,
role_conditioned_ar_ppo_order_201,learning,medium,heterogeneity_pressure,0,0,202,1,203,40,2,laser,2-0-1,0,5,,True,True,True,10,0,1.0,1,1,0,0,True,False,,,,,,,,,0.35485556496670206,,False,False,False,False,
role_conditioned_ar_ppo_order_201,learning,medium,heterogeneity_pressure,0,0,202,1,203,40,0,missile,2-0-1,1,5,,True,True,True,3,0,1.0,2,2,1,0,True,False,,,,,,,,,0.7582247447724283,,False,False,False,False,
role_conditioned_ar_ppo_order_201,learning,medium,heterogeneity_pressure,0,0,202,1,203,40,1,missile,2-0-1,2,5,,True,True,True,3,0,1.0,2,2,1,0,True,False,,,,,,,,,0.5557750971814499,,False,False,False,False,
role_conditioned_ar_ppo_order_201,learning,medium,heterogeneity_pressure,0,0,202,1,203,41,2,laser,2-0-1,0,5,,True,True,True,10,0,1.0,0,0,0,0,False,False,,,,,,,,,0.0,,False,False,False,False,
role_conditioned_ar_ppo_order_201,learning,medium,heterogeneity_pressure,0,0,202,1,203,41,0,missile,2-0-1,1,5,,True,True,True,3,0,1.0,1,1,1,0,True,False,,,,,,,,,0.6874727394762585,,False,False,False,False,
role_conditioned_ar_ppo_order_201,learning,medium,heterogeneity_pressure,0,0,202,1,203,41,1,missile,2-0-1,2,5,,True,True,True,3,0,1.0,1,1,1,0,True,False,,,,,,,,,0.38666817945495213,,False,False,False,False,
role_conditioned_ar_ppo_order_201,learning,medium,heterogeneity_pressure,0,0,202,1,203,42,2,laser,2-0-1,0,5,,True,True,True,10,0,1.0,1,1,1,0,True,False,,,,,,,,,0.01395834787826375,,False,False,False,False,
role_conditioned_ar_ppo_order_201,learning,medium,heterogeneity_pressure,0,0,202,1,203,42,0,missile,2-0-1,1,5,,True,True,True,3,0,1.0,1,1,1,0,True,False,,,,,,,,,0.701803310658247,,False,False,False,False,
role_conditioned_ar_ppo_order_201,learning,medium,heterogeneity_pressure,0,0,202,1,203,42,1,missile,2-0-1,2,5,,True,True,True,3,0,1.0,1,1,1,0,True,False,,,,,,,,,0.40235316832070844,,False,False,False,False,
role_conditioned_ar_ppo_order_201,learning,medium,heterogeneity_pressure,0,0,202,1,203,43,2,laser,2-0-1,0,5,,True,True,True,10,0,1.0,1,1,1,0,True,False,,,,,,,,,0.030727407997787726,,False,False,False,False,
role_conditioned_ar_ppo_order_201,learning,medium,heterogeneity_pressure,0,0,202,1,203,43,0,missile,2-0-1,1,5,,True,True,True,3,0,1.0,1,1,1,0,True,False,,,,,,,,,0.7160274892848848,,False,False,False,False,
role_conditioned_ar_ppo_order_201,learning,medium,heterogeneity_pressure,0,0,202,1,203,43,1,missile,2-0-1,2,5,,True,True,True,3,0,1.0,1,1,1,0,True,False,,,,,,,,,0.41798766036557283,,False,False,False,False,
role_conditioned_ar_ppo_order_201,learning,medium,heterogeneity_pressure,0,0,202,1,203,44,2,laser,2-0-1,0,5,,True,True,True,10,0,1.0,1,1,1,0,True,False,,,,,,,,,0.047495265812052385,,False,False,False,False,
role_conditioned_ar_ppo_order_201,learning,medium,heterogeneity_pressure,0,0,202,1,203,44,0,missile,2-0-1,1,5,,True,True,True,3,0,1.0,1,1,1,0,True,False,,,,,,,,,0.7301299883363284,,False,False,False,False,
role_conditioned_ar_ppo_order_201,learning,medium,heterogeneity_pressure,0,0,202,1,203,44,1,missile,2-0-1,2,5,,True,True,True,3,0,1.0,1,1,1,0,True,False,,,,,,,,,0.43356606487008936,,False,False,False,False,
role_conditioned_ar_ppo_order_201,learning,medium,heterogeneity_pressure,0,0,202,1,203,45,2,laser,2-0-1,0,5,,True,True,True,10,0,1.0,1,1,1,0,True,False,,,,,,,,,0.06426182883603772,,False,False,False,False,
role_conditioned_ar_ppo_order_201,learning,medium,heterogeneity_pressure,0,0,202,1,203,45,0,missile,2-0-1,1,5,,True,True,True,3,0,1.0,1,1,1,0,True,False,,,,,,,,,0.7440924166134614,,False,False,False,False,
role_conditioned_ar_ppo_order_201,learning,medium,heterogeneity_pressure,0,0,202,1,203,45,1,missile,2-0-1,2,5,,True,True,True,3,0,1.0,1,1,1,0,True,False,,,,,,,,,0.4490817541265158,,False,False,False,False,
role_conditioned_ar_ppo_order_201,learning,medium,heterogeneity_pressure,0,0,202,1,203,46,2,laser,2-0-1,0,5,,True,True,True,10,0,1.0,1,1,1,0,True,False,,,,,,,,,0.08102700458472385,,False,False,False,False,
role_conditioned_ar_ppo_order_201,learning,medium,heterogeneity_pressure,0,0,202,1,203,46,0,missile,2-0-1,1,5,,True,True,True,3,0,1.0,1,1,1,0,True,False,,,,,,,,,0.7578928960308611,,False,False,False,False,
role_conditioned_ar_ppo_order_201,learning,medium,heterogeneity_pressure,0,0,202,1,203,46,1,missile,2-0-1,2,5,,True,True,True,3,0,1.0,1,1,1,0,True,False,,,,,,,,,0.4645271986981658,,False,False,False,False,
role_conditioned_ar_ppo_order_201,learning,medium,heterogeneity_pressure,0,0,202,1,203,47,2,laser,2-0-1,0,5,,True,True,True,10,0,1.0,1,1,1,0,True,False,,,,,,,,,0.09779051560305087,,False,False,False,False,
role_conditioned_ar_ppo_order_201,learning,medium,heterogeneity_pressure,0,0,202,1,203,47,0,missile,2-0-1,1,5,,True,True,True,3,0,1.0,1,1,1,0,True,False,,,,,,,,,0.7715050623262101,,False,False,False,False,
role_conditioned_ar_ppo_order_201,learning,medium,heterogeneity_pressure,0,0,202,1,203,47,1,missile,2-0-1,2,5,,True,True,True,3,0,1.0,1,1,1,0,True,False,,,,,,,,,0.47989367435750124,,False,False,False,False,
role_conditioned_ar_ppo_order_201,learning,medium,heterogeneity_pressure,0,0,202,1,203,48,2,laser,2-0-1,0,5,,True,True,True,10,0,1.0,1,1,1,0,True,False,,,,,,,,,0.11455217692097894,,False,False,False,False,
role_conditioned_ar_ppo_order_201,learning,medium,heterogeneity_pressure,0,0,202,1,203,48,0,missile,2-0-1,1,5,,True,True,True,3,0,1.0,1,1,1,0,True,False,,,,,,,,,0.7848968956776946,,False,False,False,False,
role_conditioned_ar_ppo_order_201,learning,medium,heterogeneity_pressure,0,0,202,1,203,48,1,missile,2-0-1,2,5,,True,True,True,3,0,1.0,1,1,1,0,True,False,,,,,,,,,0.49517087885133126,,False,False,False,False,
role_conditioned_ar_ppo_order_201,learning,medium,heterogeneity_pressure,0,0,202,1,203,49,2,laser,2-0-1,0,5,,True,True,True,10,0,1.0,1,1,1,0,True,False,,,,,,,,,0.13131189605348811,,False,False,False,False,
role_conditioned_ar_ppo_order_201,learning,medium,heterogeneity_pressure,0,0,202,1,203,49,0,missile,2-0-1,1,5,,True,True,True,3,0,1.0,1,1,1,0,True,False,,,,,,,,,0.7980295513214004,,False,False,False,False,
role_conditioned_ar_ppo_order_201,learning,medium,heterogeneity_pressure,0,0,202,1,203,49,1,missile,2-0-1,2,5,,True,True,True,3,0,1.0,1,1,1,0,True,False,,,,,,,,,0.5103468642711412,,False,False,False,False,
role_conditioned_ar_ppo_order_012,learning,medium,medium,1,1,204,0,204,0,0,missile,0-1-2,0,2,2,False,True,True,3,0,1.0,1,1,0,0,False,False,True,0.7675004289164268,0.7584549121680804,45.16613570697695,78.664794921875,0.06558800551470592,0.465691576322218,0.03054378167597373,0.03054378167597373,1.0,False,True,False,False,alive
role_conditioned_ar_ppo_order_012,learning,medium,medium,1,1,204,0,204,0,1,missile,0-1-2,1,3,3,False,True,True,3,0,1.0,2,1,1,1,False,True,True,0.837353892472961,1.2587968749770213,34.49303077223928,74.19706726074219,0.11184212718290441,1.054058463094808,0.11788814068766627,0.11788814068766627,1.0,False,True,False,False,alive
role_conditioned_ar_ppo_order_012,learning,medium,medium,1,1,204,0,204,0,2,laser,0-1-2,2,5,,True,True,True,10,0,1.0,0,0,0,0,False,False,,,,,,,,,0.0,,False,False,False,False,
role_conditioned_ar_ppo_order_012,learning,medium,medium,1,1,204,0,204,1,0,missile,0-1-2,0,5,,True,True,True,2,1,1.0,0,0,0,0,False,False,,,,,,,,,0.0,,False,False,False,False,
role_conditioned_ar_ppo_order_012,learning,medium,medium,1,1,204,0,204,1,1,missile,0-1-2,1,5,,True,True,True,2,1,1.0,0,0,0,0,False,False,,,,,,,,,0.0,,False,False,False,False,
role_conditioned_ar_ppo_order_012,learning,medium,medium,1,1,204,0,204,1,2,laser,0-1-2,2,5,,True,True,True,10,0,1.0,0,0,0,0,False,False,,,,,,,,,0.0,,False,False,False,False,
role_conditioned_ar_ppo_order_012,learning,medium,medium,1,1,204,0,204,2,0,missile,0-1-2,0,3,3,False,True,True,2,0,1.0,2,2,1,0,False,True,True,0.837353892472961,1.2587968749770213,32.493030472637884,81.876708984375,0.0323352481617647,1.054058463094808,0.034083241981178916,0.04243354664475467,0.8032145478320993,False,True,False,False,alive
role_conditioned_ar_ppo_order_012,learning,medium,medium,1,1,204,0,204,2,1,missile,0-1-2,1,2,2,False,True,True,2,0,1.0,2,1,0,1,False,False,True,0.7675004289164268,0.7584549121680804,43.16613473754078,61.16774368286133,0.24673394775390622,0.465691576322218,0.11490192106172037,0.11490192106172037,1.0,False,True,False,False,alive
role_conditioned_ar_ppo_order_012,learning,medium,medium,1,1,204,0,204,2,2,laser,0-1-2,2,5,,True,True,True,10,0,1.0,0,0,0,0,False,False,,,,,,,,,0.0,,False,False,False,False,
role_conditioned_ar_ppo_order_012,learning,medium,medium,1,1,204,0,204,3,0,missile,0-1-2,0,5,,True,True,True,1,1,1.0,0,0,0,0,False,False,,,,,,,,,0.0,,False,False,False,False,
role_conditioned_ar_ppo_order_012,learning,medium,medium,1,1,204,0,204,3,1,missile,0-1-2,1,5,,True,True,True,1,1,1.0,0,0,0,0,False,False,,,,,,,,,0.0,,False,False,False,False,
role_conditioned_ar_ppo_order_012,learning,medium,medium,1,1,204,0,204,3,2,laser,0-1-2,2,5,,True,True,True,10,0,1.0,0,0,0,0,False,False,,,,,,,,,0.0,,False,False,False,False,
role_conditioned_ar_ppo_order_012,learning,medium,medium,1,1,204,0,204,4,0,missile,0-1-2,0,3,3,False,True,True,1,0,1.0,2,2,1,0,False,True,True,0.837353892472961,1.2587968749770213,30.49303017303648,77.59357452392578,0.07667828728170954,1.054058463094808,0.08082339764490093,0.08082339764490093,1.0,False,True,False,False,alive
role_conditioned_ar_ppo_order_012,learning,medium,medium,1,1,204,0,204,4,1,missile,0-1-2,1,4,4,False,True,True,1,0,1.0,3,2,0,1,False,False,True,0.7389826555826526,1.2679408966295502,26.969996299128226,82.89632415771484,0.02177923224954047,0.7495890647305238,0.016325474332481903,0.12813264429585897,0.12741073457273147,False,True,False,False,alive
role_conditioned_ar_ppo_order_012,learning,medium,medium,1,1,204,0,204,4,2,laser,0-1-2,2,2,2,False,True,True,10,0,1.0,1,1,0,0,False,False,True,0.7675004289164268,0.7584549121680804,41.166131080003524,54.613590240478516,0.0047774297540837864,0.465691576322218,0.0022248087929479447,0.0022248087929479447,1.0,False,True,False,False,alive
role_conditioned_ar_ppo_order_012,learning,medium,medium,1,1,204,0,204,5,0,missile,0-1-2,0,5,,True,True,True,0,1,1.0,0,0,0,0,False,False,,,,,,,,,0.0,,False,False,False,False,
role_conditioned_ar_ppo_order_012,learning,medium,medium,1,1,204,0,204,5,1,missile,0-1-2,1,5,,True,True,True,0,1,1.0,0,0,0,0,False,False,,,,,,,,,0.0,,False,False,False,False,
role_conditioned_ar_ppo_order_012,learning,medium,medium,1,1,204,0,204,5,2,laser,0-1-2,2,2,2,False,True,True,9,0,1.0,1,1,0,0,False,False,True,0.7675004289164268,0.7584549121680804,40.166130595285445,53.387969970703125,0.01993055308948865,0.465691576322218,0.009281490685217622,0.009281490685217622,1.0,False,True,False,False,alive
role_conditioned_ar_ppo_order_012,learning,medium,medium,1,1,204,0,204,6,0,missile,0-1-2,0,5,,True,True,True,0,0,1.0,0,0,0,0,False,False,,,,,,,,,0.0,,False,False,False,False,
role_conditioned_ar_ppo_order_012,learning,medium,medium,1,1,204,0,204,6,1,missile,0-1-2,1,5,,True,True,True,0,0,1.0,0,0,0,0,False,False,,,,,,,,,0.0,,False,False,False,False,
role_conditioned_ar_ppo_order_012,learning,medium,medium,1,1,204,0,204,6,2,laser,0-1-2,2,3,3,False,True,True,8,0,1.0,2,2,1,0,False,True,True,0.837353892472961,1.2587968749770213,28.49302987343508,54.770263671875,0.002840376420454529,1.054058463094808,0.002993922804355033,0.0162816820476935,0.18388289340038788,False,True,False,False,alive
role_conditioned_ar_ppo_order_012,learning,medium,medium,1,1,204,0,204,7,0,missile,0-1-2,0,5,,True,True,True,0,0,1.0,0,0,0,0,False,False,,,,,,,,,0.0,,False,False,False,False,
role_conditioned_ar_ppo_order_012,learning,medium,medium,1,1,204,0,204,7,1,missile,0-1-2,1,5,,True,True,True,0,0,1.0,0,0,0,0,False,False,,,,,,,,,0.0,,False,False,False,False,
role_conditioned_ar_ppo_order_012,learning,medium,medium,1,1,204,0,204,7,2,laser,0-1-2,2,3,3,False,True,True,7,0,1.0,2,2,1,0,False,True,True,0.837353892472961,1.2587968749770213,27.493033255868305,52.61477279663086,0.029490081787109393,1.054058463094808,0.031084270285060715,0.031084270285060715,1.0,False,True,False,False,alive
role_conditioned_ar_ppo_order_012,learning,medium,medium,1,1,204,0,204,8,0,missile,0-1-2,0,5,,True,True,True,0,0,1.0,0,0,0,0,False,False,,,,,,,,,0.0,,False,False,False,False,
role_conditioned_ar_ppo_order_012,learning,medium,medium,1,1,204,0,204,8,1,missile,0-1-2,1,5,,True,True,True,0,0,1.0,0,0,0,0,False,False,,,,,,,,,0.0,,False,False,False,False,
role_conditioned_ar_ppo_order_012,learning,medium,medium,1,1,204,0,204,8,2,laser,0-1-2,2,3,3,False,True,True,6,0,1.0,2,2,1,0,False,True,True,0.837353892472961,1.2587968749770213,26.49303133995064,50.45965576171875,0.05613516512784093,1.054058463094808,0.05916974588022528,0.05916974588022528,1.0,False,True,False,False,alive
role_conditioned_ar_ppo_order_012,learning,medium,medium,1,1,204,0,204,9,0,missile,0-1-2,0,5,,True,True,True,0,0,1.0,0,0,0,0,False,False,,,,,,,,,0.0,,False,False,False,False,
role_conditioned_ar_ppo_order_012,learning,medium,medium,1,1,204,0,204,9,1,missile,0-1-2,1,5,,True,True,True,0,0,1.0,0,0,0,0,False,False,,,,,,,,,0.0,,False,False,False,False,
role_conditioned_ar_ppo_order_012,learning,medium,medium,1,1,204,0,204,9,2,laser,0-1-2,2,3,3,False,True,True,5,0,1.0,2,2,1,0,False,True,True,0.837353892472961,1.2587968749770213,25.49303119014994,48.30497360229492,0.08277487182617191,1.054058463094808,0.08724955417996448,0.08724955417996448,1.0,False,True,False,False,alive
role_conditioned_ar_ppo_order_012,learning,medium,medium,1,1,204,0,204,10,0,missile,0-1-2,0,5,,True,True,True,0,0,1.0,0,0,0,0,False,False,,,,,,,,,0.0,,False,False,False,False,
role_conditioned_ar_ppo_order_012,learning,medium,medium,1,1,204,0,204,10,1,missile,0-1-2,1,5,,True,True,True,0,0,1.0,0,0,0,0,False,False,,,,,,,,,0.0,,False,False,False,False,
role_conditioned_ar_ppo_order_012,learning,medium,medium,1,1,204,0,204,10,2,laser,0-1-2,2,3,3,False,True,True,4,0,1.0,2,2,1,0,False,True,True,0.837353892472961,1.2587968749770213,24.493032806466204,46.150787353515625,0.10940844726562503,1.054058463094808,0.11532289977439407,0.11532289977439407,1.0,False,True,False,False,alive
role_conditioned_ar_ppo_order_012,learning,medium,medium,1,1,204,0,204,11,0,missile,0-1-2,0,5,,True,True,True,0,0,1.0,0,0,0,0,False,False,,,,,,,,,0.0,,False,False,False,False,
role_conditioned_ar_ppo_order_012,learning,medium,medium,1,1,204,0,204,11,1,missile,0-1-2,1,5,,True,True,True,0,0,1.0,0,0,0,0,False,False,,,,,,,,,0.0,,False,False,False,False,
role_conditioned_ar_ppo_order_012,learning,medium,medium,1,1,204,0,204,11,2,laser,0-1-2,2,3,3,False,True,True,3,0,1.0,2,2,1,0,False,True,True,0.837353892472961,1.2587968749770213,23.49303089054854,43.99715805053711,0.13603513682972304,1.054058463094808,0.14338898725362978,0.14338898725362978,1.0,False,True,False,False,alive
role_conditioned_ar_ppo_order_012,learning,medium,medium,1,1,204,0,204,12,0,missile,0-1-2,0,5,,True,True,True,0,0,1.0,0,0,0,0,False,False,,,,,,,,,0.0,,False,False,False,False,
role_conditioned_ar_ppo_order_012,learning,medium,medium,1,1,204,0,204,12,1,missile,0-1-2,1,5,,True,True,True,0,0,1.0,0,0,0,0,False,False,,,,,,,,,0.0,,False,False,False,False,
role_conditioned_ar_ppo_order_012,learning,medium,medium,1,1,204,0,204,12,2,laser,0-1-2,2,3,3,False,True,True,2,0,1.0,2,2,1,0,False,True,True,0.837353892472961,1.2587968749770213,22.493030740747837,41.844181060791016,0.16265376143022017,1.054058463094808,0.17144657378972744,0.17144657378972744,1.0,False,True,False,False,alive
role_conditioned_ar_ppo_order_012,learning,medium,medium,1,1,204,0,204,13,0,missile,0-1-2,0,5,,True,True,True,0,0,1.0,0,0,0,0,False,False,,,,,,,,,0.0,,False,False,False,False,
role_conditioned_ar_ppo_order_012,learning,medium,medium,1,1,204,0,204,13,1,missile,0-1-2,1,5,,True,True,True,0,0,1.0,0,0,0,0,False,False,,,,,,,,,0.0,,False,False,False,False,
role_conditioned_ar_ppo_order_012,learning,medium,medium,1,1,204,0,204,13,2,laser,0-1-2,2,3,3,False,True,True,1,0,1.0,3,3,1,0,False,True,True,0.837353892472961,1.2587968749770213,21.49303059094714,39.691959381103516,0.18926304765181112,1.054058463094808,0.19949431712850743,0.19949431712850743,1.0,False,True,False,False,alive
role_conditioned_ar_ppo_order_012,learning,medium,medium,1,1,204,0,204,14,0,missile,0-1-2,0,5,,True,True,True,0,0,1.0,0,0,0,0,False,False,,,,,,,,,0.0,,False,False,False,False,
role_conditioned_ar_ppo_order_012,learning,medium,medium,1,1,204,0,204,14,1,missile,0-1-2,1,5,,True,True,True,0,0,1.0,0,0,0,0,False,False,,,,,,,,,0.0,,False,False,False,False,
role_conditioned_ar_ppo_order_012,learning,medium,medium,1,1,204,0,204,14,2,laser,0-1-2,2,5,,True,True,True,0,0,1.0,0,0,0,0,False,False,,,,,,,,,0.0,,False,False,False,False,
role_conditioned_ar_ppo_order_012,learning,medium,medium,1,1,204,0,204,15,0,missile,0-1-2,0,5,,True,True,True,0,0,1.0,0,0,0,0,False,False,,,,,,,,,0.0,,False,False,False,False,
role_conditioned_ar_ppo_order_012,learning,medium,medium,1,1,204,0,204,15,1,missile,0-1-2,1,5,,True,True,True,0,0,1.0,0,0,0,0,False,False,,,,,,,,,0.0,,False,False,False,False,
role_conditioned_ar_ppo_order_012,learning,medium,medium,1,1,204,0,204,15,2,laser,0-1-2,2,5,,True,True,True,0,0,1.0,0,0,0,0,False,False,,,,,,,,,0.0,,False,False,False,False,
role_conditioned_ar_ppo_order_012,learning,medium,medium,1,1,204,0,204,16,0,missile,0-1-2,0,5,,True,True,True,0,0,1.0,0,0,0,0,False,False,,,,,,,,,0.0,,False,False,False,False,
role_conditioned_ar_ppo_order_012,learning,medium,medium,1,1,204,0,204,16,1,missile,0-1-2,1,5,,True,True,True,0,0,1.0,0,0,0,0,False,False,,,,,,,,,0.0,,False,False,False,False,
role_conditioned_ar_ppo_order_012,learning,medium,medium,1,1,204,0,204,16,2,laser,0-1-2,2,5,,True,True,True,0,0,1.0,0,0,0,0,False,False,,,,,,,,,0.0,,False,False,False,False,
role_conditioned_ar_ppo_order_012,learning,medium,medium,1,1,204,0,204,17,0,missile,0-1-2,0,5,,True,True,True,0,0,1.0,0,0,0,0,False,False,,,,,,,,,0.0,,False,False,False,False,
role_conditioned_ar_ppo_order_012,learning,medium,medium,1,1,204,0,204,17,1,missile,0-1-2,1,5,,True,True,True,0,0,1.0,0,0,0,0,False,False,,,,,,,,,0.0,,False,False,False,False,
role_conditioned_ar_ppo_order_012,learning,medium,medium,1,1,204,0,204,17,2,laser,0-1-2,2,5,,True,True,True,0,0,1.0,0,0,0,0,False,False,,,,,,,,,0.0,,False,False,False,False,
role_conditioned_ar_ppo_order_012,learning,medium,medium,1,1,204,0,204,18,0,missile,0-1-2,0,5,,True,True,True,0,0,1.0,0,0,0,0,False,False,,,,,,,,,0.0,,False,False,False,False,
role_conditioned_ar_ppo_order_012,learning,medium,medium,1,1,204,0,204,18,1,missile,0-1-2,1,5,,True,True,True,0,0,1.0,0,0,0,0,False,False,,,,,,,,,0.0,,False,False,False,False,
role_conditioned_ar_ppo_order_012,learning,medium,medium,1,1,204,0,204,18,2,laser,0-1-2,2,5,,True,True,True,0,0,1.0,0,0,0,0,False,False,,,,,,,,,0.0,,False,False,False,False,
role_conditioned_ar_ppo_order_012,learning,medium,medium,1,1,204,0,204,19,0,missile,0-1-2,0,5,,True,True,True,0,0,1.0,0,0,0,0,False,False,,,,,,,,,0.0,,False,False,False,False,
role_conditioned_ar_ppo_order_012,learning,medium,medium,1,1,204,0,204,19,1,missile,0-1-2,1,5,,True,True,True,0,0,1.0,0,0,0,0,False,False,,,,,,,,,0.0,,False,False,False,False,
role_conditioned_ar_ppo_order_012,learning,medium,medium,1,1,204,0,204,19,2,laser,0-1-2,2,5,,True,True,True,0,0,1.0,0,0,0,0,False,False,,,,,,,,,0.0,,False,False,False,False,
role_conditioned_ar_ppo_order_012,learning,medium,medium,1,1,204,0,204,20,0,missile,0-1-2,0,5,,True,True,True,0,0,1.0,0,0,0,0,False,False,,,,,,,,,0.0,,False,False,False,False,
role_conditioned_ar_ppo_order_012,learning,medium,medium,1,1,204,0,204,20,1,missile,0-1-2,1,5,,True,True,True,0,0,1.0,0,0,0,0,False,False,,,,,,,,,0.0,,False,False,False,False,
role_conditioned_ar_ppo_order_012,learning,medium,medium,1,1,204,0,204,20,2,laser,0-1-2,2,5,,True,True,True,0,0,1.0,0,0,0,0,False,False,,,,,,,,,0.0,,False,False,False,False,
role_conditioned_ar_ppo_order_012,learning,medium,medium,1,1,204,0,204,21,0,missile,0-1-2,0,5,,True,True,True,0,0,1.0,0,0,0,0,False,False,,,,,,,,,0.0,,False,False,False,False,
role_conditioned_ar_ppo_order_012,learning,medium,medium,1,1,204,0,204,21,1,missile,0-1-2,1,5,,True,True,True,0,0,1.0,0,0,0,0,False,False,,,,,,,,,0.0,,False,False,False,False,
role_conditioned_ar_ppo_order_012,learning,medium,medium,1,1,204,0,204,21,2,laser,0-1-2,2,5,,True,True,True,0,0,1.0,0,0,0,0,False,False,,,,,,,,,0.0,,False,False,False,False,
role_conditioned_ar_ppo_order_012,learning,medium,medium,1,1,204,0,204,22,0,missile,0-1-2,0,5,,True,True,True,0,0,1.0,0,0,0,0,False,False,,,,,,,,,0.0,,False,False,False,False,
role_conditioned_ar_ppo_order_012,learning,medium,medium,1,1,204,0,204,22,1,missile,0-1-2,1,5,,True,True,True,0,0,1.0,0,0,0,0,False,False,,,,,,,,,0.0,,False,False,False,False,
role_conditioned_ar_ppo_order_012,learning,medium,medium,1,1,204,0,204,22,2,laser,0-1-2,2,5,,True,True,True,0,0,1.0,0,0,0,0,False,False,,,,,,,,,0.0,,False,False,False,False,
role_conditioned_ar_ppo_order_012,learning,medium,medium,1,1,204,0,204,23,0,missile,0-1-2,0,5,,True,True,True,0,0,1.0,0,0,0,0,False,False,,,,,,,,,0.0,,False,False,False,False,
role_conditioned_ar_ppo_order_012,learning,medium,medium,1,1,204,0,204,23,1,missile,0-1-2,1,5,,True,True,True,0,0,1.0,0,0,0,0,False,False,,,,,,,,,0.0,,False,False,False,False,
role_conditioned_ar_ppo_order_012,learning,medium,medium,1,1,204,0,204,23,2,laser,0-1-2,2,5,,True,True,True,0,0,1.0,0,0,0,0,False,False,,,,,,,,,0.0,,False,False,False,False,
role_conditioned_ar_ppo_order_012,learning,medium,medium,1,1,204,0,204,24,0,missile,0-1-2,0,5,,True,True,True,0,0,1.0,0,0,0,0,False,False,,,,,,,,,0.0,,False,False,False,False,
role_conditioned_ar_ppo_order_012,learning,medium,medium,1,1,204,0,204,24,1,missile,0-1-2,1,5,,True,True,True,0,0,1.0,0,0,0,0,False,False,,,,,,,,,0.0,,False,False,False,False,
role_conditioned_ar_ppo_order_012,learning,medium,medium,1,1,204,0,204,24,2,laser,0-1-2,2,5,,True,True,True,0,0,1.0,0,0,0,0,False,False,,,,,,,,,0.0,,False,False,False,False,
role_conditioned_ar_ppo_order_012,learning,medium,medium,1,1,204,0,204,25,0,missile,0-1-2,0,5,,True,True,True,0,0,1.0,0,0,0,0,False,False,,,,,,,,,0.0,,False,False,False,False,
role_conditioned_ar_ppo_order_012,learning,medium,medium,1,1,204,0,204,25,1,missile,0-1-2,1,5,,True,True,True,0,0,1.0,0,0,0,0,False,False,,,,,,,,,0.0,,False,False,False,False,
role_conditioned_ar_ppo_order_012,learning,medium,medium,1,1,204,0,204,25,2,laser,0-1-2,2,5,,True,True,True,0,0,1.0,0,0,0,0,False,False,,,,,,,,,0.0,,False,False,False,False,
role_conditioned_ar_ppo_order_012,learning,medium,medium,1,1,204,0,204,26,0,missile,0-1-2,0,5,,True,True,True,0,0,1.0,0,0,0,0,False,False,,,,,,,,,0.0,,False,False,False,False,
role_conditioned_ar_ppo_order_012,learning,medium,medium,1,1,204,0,204,26,1,missile,0-1-2,1,5,,True,True,True,0,0,1.0,0,0,0,0,False,False,,,,,,,,,0.0,,False,False,False,False,
role_conditioned_ar_ppo_order_012,learning,medium,medium,1,1,204,0,204,26,2,laser,0-1-2,2,5,,True,True,True,0,0,1.0,0,0,0,0,False,False,,,,,,,,,0.0,,False,False,False,False,
role_conditioned_ar_ppo_order_012,learning,medium,medium,1,1,204,0,204,27,0,missile,0-1-2,0,5,,True,True,True,0,0,1.0,0,0,0,0,False,False,,,,,,,,,0.0,,False,False,False,False,
role_conditioned_ar_ppo_order_012,learning,medium,medium,1,1,204,0,204,27,1,missile,0-1-2,1,5,,True,True,True,0,0,1.0,0,0,0,0,False,False,,,,,,,,,0.0,,False,False,False,False,
role_conditioned_ar_ppo_order_012,learning,medium,medium,1,1,204,0,204,27,2,laser,0-1-2,2,5,,True,True,True,0,0,1.0,0,0,0,0,False,False,,,,,,,,,0.0,,False,False,False,False,
role_conditioned_ar_ppo_order_012,learning,medium,medium,1,1,204,0,204,28,0,missile,0-1-2,0,5,,True,True,True,0,0,1.0,0,0,0,0,False,False,,,,,,,,,0.0,,False,False,False,False,
role_conditioned_ar_ppo_order_012,learning,medium,medium,1,1,204,0,204,28,1,missile,0-1-2,1,5,,True,True,True,0,0,1.0,0,0,0,0,False,False,,,,,,,,,0.0,,False,False,False,False,
role_conditioned_ar_ppo_order_012,learning,medium,medium,1,1,204,0,204,28,2,laser,0-1-2,2,5,,True,True,True,0,0,1.0,0,0,0,0,False,False,,,,,,,,,0.0,,False,False,False,False,
role_conditioned_ar_ppo_order_012,learning,medium,medium,1,1,204,0,204,29,0,missile,0-1-2,0,5,,True,True,True,0,0,1.0,0,0,0,0,False,False,,,,,,,,,0.0,,False,False,False,False,
role_conditioned_ar_ppo_order_012,learning,medium,medium,1,1,204,0,204,29,1,missile,0-1-2,1,5,,True,True,True,0,0,1.0,0,0,0,0,False,False,,,,,,,,,0.0,,False,False,False,False,
role_conditioned_ar_ppo_order_012,learning,medium,medium,1,1,204,0,204,29,2,laser,0-1-2,2,5,,True,True,True,0,0,1.0,0,0,0,0,False,False,,,,,,,,,0.0,,False,False,False,False,
role_conditioned_ar_ppo_order_012,learning,medium,medium,1,1,204,0,204,30,0,missile,0-1-2,0,5,,True,True,True,0,0,1.0,0,0,0,0,False,False,,,,,,,,,0.0,,False,False,False,False,
role_conditioned_ar_ppo_order_012,learning,medium,medium,1,1,204,0,204,30,1,missile,0-1-2,1,5,,True,True,True,0,0,1.0,0,0,0,0,False,False,,,,,,,,,0.0,,False,False,False,False,
role_conditioned_ar_ppo_order_012,learning,medium,medium,1,1,204,0,204,30,2,laser,0-1-2,2,5,,True,True,True,0,0,1.0,0,0,0,0,False,False,,,,,,,,,0.0,,False,False,False,False,
role_conditioned_ar_ppo_order_012,learning,medium,medium,1,1,204,0,204,31,0,missile,0-1-2,0,5,,True,True,True,0,0,1.0,0,0,0,0,False,False,,,,,,,,,0.0,,False,False,False,False,
role_conditioned_ar_ppo_order_012,learning,medium,medium,1,1,204,0,204,31,1,missile,0-1-2,1,5,,True,True,True,0,0,1.0,0,0,0,0,False,False,,,,,,,,,0.0,,False,False,False,False,
role_conditioned_ar_ppo_order_012,learning,medium,medium,1,1,204,0,204,31,2,laser,0-1-2,2,5,,True,True,True,0,0,1.0,0,0,0,0,False,False,,,,,,,,,0.0,,False,False,False,False,
role_conditioned_ar_ppo_order_012,learning,medium,medium,1,1,204,0,204,32,0,missile,0-1-2,0,5,,True,True,True,0,0,1.0,0,0,0,0,False,False,,,,,,,,,0.0,,False,False,False,False,
role_conditioned_ar_ppo_order_012,learning,medium,medium,1,1,204,0,204,32,1,missile,0-1-2,1,5,,True,True,True,0,0,1.0,0,0,0,0,False,False,,,,,,,,,0.0,,False,False,False,False,
role_conditioned_ar_ppo_order_012,learning,medium,medium,1,1,204,0,204,32,2,laser,0-1-2,2,5,,True,True,True,0,0,1.0,0,0,0,0,False,False,,,,,,,,,0.0,,False,False,False,False,
role_conditioned_ar_ppo_order_012,learning,medium,medium,1,1,204,0,204,33,0,missile,0-1-2,0,5,,True,True,True,0,0,1.0,0,0,0,0,False,False,,,,,,,,,0.0,,False,False,False,False,
role_conditioned_ar_ppo_order_012,learning,medium,medium,1,1,204,0,204,33,1,missile,0-1-2,1,5,,True,True,True,0,0,1.0,0,0,0,0,False,False,,,,,,,,,0.0,,False,False,False,False,
role_conditioned_ar_ppo_order_012,learning,medium,medium,1,1,204,0,204,33,2,laser,0-1-2,2,5,,True,True,True,0,0,1.0,0,0,0,0,False,False,,,,,,,,,0.0,,False,False,False,False,
role_conditioned_ar_ppo_order_012,learning,medium,medium,1,1,204,0,204,34,0,missile,0-1-2,0,5,,True,True,True,0,0,1.0,0,0,0,0,False,False,,,,,,,,,0.0,,False,False,False,False,
role_conditioned_ar_ppo_order_012,learning,medium,medium,1,1,204,0,204,34,1,missile,0-1-2,1,5,,True,True,True,0,0,1.0,0,0,0,0,False,False,,,,,,,,,0.0,,False,False,False,False,
role_conditioned_ar_ppo_order_012,learning,medium,medium,1,1,204,0,204,34,2,laser,0-1-2,2,5,,True,True,True,0,0,1.0,0,0,0,0,False,False,,,,,,,,,0.0,,False,False,False,False,
role_conditioned_ar_ppo_order_012,learning,medium,medium,1,1,204,0,204,35,0,missile,0-1-2,0,5,,True,True,True,0,0,1.0,0,0,0,0,False,False,,,,,,,,,0.0,,False,False,False,False,
role_conditioned_ar_ppo_order_012,learning,medium,medium,1,1,204,0,204,35,1,missile,0-1-2,1,5,,True,True,True,0,0,1.0,0,0,0,0,False,False,,,,,,,,,0.0,,False,False,False,False,
role_conditioned_ar_ppo_order_012,learning,medium,medium,1,1,204,0,204,35,2,laser,0-1-2,2,5,,True,True,True,0,0,1.0,0,0,0,0,False,False,,,,,,,,,0.0,,False,False,False,False,
role_conditioned_ar_ppo_order_012,learning,medium,medium,1,1,204,0,204,36,0,missile,0-1-2,0,5,,True,True,True,0,0,1.0,0,0,0,0,False,False,,,,,,,,,0.0,,False,False,False,False,
role_conditioned_ar_ppo_order_012,learning,medium,medium,1,1,204,0,204,36,1,missile,0-1-2,1,5,,True,True,True,0,0,1.0,0,0,0,0,False,False,,,,,,,,,0.0,,False,False,False,False,
role_conditioned_ar_ppo_order_012,learning,medium,medium,1,1,204,0,204,36,2,laser,0-1-2,2,5,,True,True,True,0,0,1.0,0,0,0,0,False,False,,,,,,,,,0.0,,False,False,False,False,
role_conditioned_ar_ppo_order_012,learning,medium,medium,1,1,204,0,204,37,0,missile,0-1-2,0,5,,True,True,True,0,0,1.0,0,0,0,0,False,False,,,,,,,,,0.0,,False,False,False,False,
role_conditioned_ar_ppo_order_012,learning,medium,medium,1,1,204,0,204,37,1,missile,0-1-2,1,5,,True,True,True,0,0,1.0,0,0,0,0,False,False,,,,,,,,,0.0,,False,False,False,False,
role_conditioned_ar_ppo_order_012,learning,medium,medium,1,1,204,0,204,37,2,laser,0-1-2,2,5,,True,True,True,0,0,1.0,0,0,0,0,False,False,,,,,,,,,0.0,,False,False,False,False,
role_conditioned_ar_ppo_order_012,learning,medium,medium,1,1,204,0,204,38,0,missile,0-1-2,0,5,,True,True,True,0,0,1.0,0,0,0,0,False,False,,,,,,,,,0.0,,False,False,False,False,
role_conditioned_ar_ppo_order_012,learning,medium,medium,1,1,204,0,204,38,1,missile,0-1-2,1,5,,True,True,True,0,0,1.0,0,0,0,0,False,False,,,,,,,,,0.0,,False,False,False,False,
role_conditioned_ar_ppo_order_012,learning,medium,medium,1,1,204,0,204,38,2,laser,0-1-2,2,5,,True,True,True,0,0,1.0,0,0,0,0,False,False,,,,,,,,,0.0,,False,False,False,False,
role_conditioned_ar_ppo_order_012,learning,medium,medium,1,1,204,0,204,39,0,missile,0-1-2,0,5,,True,True,True,0,0,1.0,0,0,0,0,False,False,,,,,,,,,0.0,,False,False,False,False,
role_conditioned_ar_ppo_order_012,learning,medium,medium,1,1,204,0,204,39,1,missile,0-1-2,1,5,,True,True,True,0,0,1.0,0,0,0,0,False,False,,,,,,,,,0.0,,False,False,False,False,
role_conditioned_ar_ppo_order_012,learning,medium,medium,1,1,204,0,204,39,2,laser,0-1-2,2,5,,True,True,True,0,0,1.0,0,0,0,0,False,False,,,,,,,,,0.0,,False,False,False,False,
role_conditioned_ar_ppo_order_012,learning,medium,medium,1,1,204,0,204,40,0,missile,0-1-2,0,5,,True,True,True,0,0,1.0,0,0,0,0,False,False,,,,,,,,,0.0,,False,False,False,False,
role_conditioned_ar_ppo_order_012,learning,medium,medium,1,1,204,0,204,40,1,missile,0-1-2,1,5,,True,True,True,0,0,1.0,0,0,0,0,False,False,,,,,,,,,0.0,,False,False,False,False,
role_conditioned_ar_ppo_order_012,learning,medium,medium,1,1,204,0,204,40,2,laser,0-1-2,2,5,,True,True,True,0,0,1.0,0,0,0,0,False,False,,,,,,,,,0.0,,False,False,False,False,
role_conditioned_ar_ppo_order_012,learning,medium,medium,1,1,204,0,204,41,0,missile,0-1-2,0,5,,True,True,True,0,0,1.0,0,0,0,0,False,False,,,,,,,,,0.0,,False,False,False,False,
role_conditioned_ar_ppo_order_012,learning,medium,medium,1,1,204,0,204,41,1,missile,0-1-2,1,5,,True,True,True,0,0,1.0,0,0,0,0,False,False,,,,,,,,,0.0,,False,False,False,False,
role_conditioned_ar_ppo_order_012,learning,medium,medium,1,1,204,0,204,41,2,laser,0-1-2,2,5,,True,True,True,0,0,1.0,0,0,0,0,False,False,,,,,,,,,0.0,,False,False,False,False,
role_conditioned_ar_ppo_order_012,learning,medium,medium,1,1,204,0,204,42,0,missile,0-1-2,0,5,,True,True,True,0,0,1.0,0,0,0,0,False,False,,,,,,,,,0.0,,False,False,False,False,
role_conditioned_ar_ppo_order_012,learning,medium,medium,1,1,204,0,204,42,1,missile,0-1-2,1,5,,True,True,True,0,0,1.0,0,0,0,0,False,False,,,,,,,,,0.0,,False,False,False,False,
role_conditioned_ar_ppo_order_012,learning,medium,medium,1,1,204,0,204,42,2,laser,0-1-2,2,5,,True,True,True,0,0,1.0,0,0,0,0,False,False,,,,,,,,,0.0,,False,False,False,False,
role_conditioned_ar_ppo_order_012,learning,medium,medium,1,1,204,0,204,43,0,missile,0-1-2,0,5,,True,True,True,0,0,1.0,0,0,0,0,False,False,,,,,,,,,0.0,,False,False,False,False,
role_conditioned_ar_ppo_order_012,learning,medium,medium,1,1,204,0,204,43,1,missile,0-1-2,1,5,,True,True,True,0,0,1.0,0,0,0,0,False,False,,,,,,,,,0.0,,False,False,False,False,
role_conditioned_ar_ppo_order_012,learning,medium,medium,1,1,204,0,204,43,2,laser,0-1-2,2,5,,True,True,True,0,0,1.0,0,0,0,0,False,False,,,,,,,,,0.0,,False,False,False,False,
role_conditioned_ar_ppo_order_012,learning,medium,medium,1,1,204,0,204,44,0,missile,0-1-2,0,5,,True,True,True,0,0,1.0,0,0,0,0,False,False,,,,,,,,,0.0,,False,False,False,False,
role_conditioned_ar_ppo_order_012,learning,medium,medium,1,1,204,0,204,44,1,missile,0-1-2,1,5,,True,True,True,0,0,1.0,0,0,0,0,False,False,,,,,,,,,0.0,,False,False,False,False,
role_conditioned_ar_ppo_order_012,learning,medium,medium,1,1,204,0,204,44,2,laser,0-1-2,2,5,,True,True,True,0,0,1.0,0,0,0,0,False,False,,,,,,,,,0.0,,False,False,False,False,
role_conditioned_ar_ppo_order_012,learning,medium,medium,1,1,204,0,204,45,0,missile,0-1-2,0,5,,True,True,True,0,0,1.0,0,0,0,0,False,False,,,,,,,,,0.0,,False,False,False,False,
role_conditioned_ar_ppo_order_012,learning,medium,medium,1,1,204,0,204,45,1,missile,0-1-2,1,5,,True,True,True,0,0,1.0,0,0,0,0,False,False,,,,,,,,,0.0,,False,False,False,False,
role_conditioned_ar_ppo_order_012,learning,medium,medium,1,1,204,0,204,45,2,laser,0-1-2,2,5,,True,True,True,0,0,1.0,0,0,0,0,False,False,,,,,,,,,0.0,,False,False,False,False,
role_conditioned_ar_ppo_order_012,learning,medium,medium,1,1,204,1,205,0,0,missile,0-1-2,0,3,3,False,True,True,3,0,1.0,1,1,0,0,False,False,True,0.7396522685298149,0.8703227156047656,35.274503913177284,75.23392486572266,0.10110760139016542,0.6437361709500938,0.06508662017285347,0.06508662017285347,1.0,False,True,False,False,alive
role_conditioned_ar_ppo_order_012,learning,medium,medium,1,1,204,1,205,0,1,missile,0-1-2,1,1,1,False,True,True,3,0,1.0,2,1,1,1,False,True,True,0.9489907371034737,1.146926557288364,23.98616020275858,65.78102111816406,0.19897295783547794,1.088422679004634,0.216566679816767,0.216566679816767,1.0,False,True,True,True,intercepted
role_conditioned_ar_ppo_order_012,learning,medium,medium,1,1,204,1,205,0,2,laser,0-1-2,2,5,,True,True,True,10,0,1.0,0,0,0,0,False,False,,,,,,,,,0.0,,False,False,False,False,
role_conditioned_ar_ppo_order_012,learning,medium,medium,1,1,204,1,205,1,0,missile,0-1-2,0,5,,True,True,True,2,1,1.0,0,0,0,0,False,False,,,,,,,,,0.0,,False,False,False,False,
role_conditioned_ar_ppo_order_012,learning,medium,medium,1,1,204,1,205,1,1,missile,0-1-2,1,5,,True,True,True,2,1,1.0,0,0,0,0,False,False,,,,,,,,,0.0,,False,False,False,False,
role_conditioned_ar_ppo_order_012,learning,medium,medium,1,1,204,1,205,1,2,laser,0-1-2,2,5,,True,True,True,10,0,1.0,0,0,0,0,False,False,,,,,,,,,0.0,,False,False,False,False,
role_conditioned_ar_ppo_order_012,learning,medium,medium,1,1,204,1,205,2,0,missile,0-1-2,0,3,3,False,True,True,2,0,1.0,1,1,0,0,False,False,True,0.7396522685298149,0.8703227156047656,33.27450643917791,71.73778533935547,0.13730292825137863,0.6437361709500938,0.08838686129277794,0.08838686129277794,1.0,False,True,False,False,alive
role_conditioned_ar_ppo_order_012,learning,medium,medium,1,1,204,1,205,2,1,missile,0-1-2,1,2,2,False,True,True,2,0,1.0,4,3,0,1,False,False,True,0.7198606706060082,0.8236628477249822,29.58837177554159,83.32341766357422,0.01735755830652571,0.5929224899165602,0.010291686689977096,0.010291686689977096,1.0,False,True,False,False,alive
role_conditioned_ar_ppo_order_012,learning,medium,medium,1,1,204,1,205,2,2,laser,0-1-2,2,5,,True,True,True,10,0,1.0,0,0,0,0,False,False,,,,,,,,,0.0,,False,False,False,False,
role_conditioned_ar_ppo_order_012,learning,medium,medium,1,1,204,1,205,3,0,missile,0-1-2,0,5,,True,True,True,1,1,1.0,0,0,0,0,False,False,,,,,,,,,0.0,,False,False,False,False,
role_conditioned_ar_ppo_order_012,learning,medium,medium,1,1,204,1,205,3,1,missile,0-1-2,1,5,,True,True,True,1,1,1.0,0,0,0,0,False,False,,,,,,,,,0.0,,False,False,False,False,
role_conditioned_ar_ppo_order_012,learning,medium,medium,1,1,204,1,205,3,2,laser,0-1-2,2,5,,True,True,True,10,0,1.0,0,0,0,0,False,False,,,,,,,,,0.0,,False,False,False,False,
role_conditioned_ar_ppo_order_012,learning,medium,medium,1,1,204,1,205,4,0,missile,0-1-2,0,3,3,False,True,True,1,0,1.0,1,1,0,0,False,False,True,0.7396522685298149,0.8703227156047656,31.274508965178544,68.24461364746094,0.17346752929687498,0.6437361709500938,0.11166732309374353,0.11166732309374353,1.0,False,True,False,False,alive
role_conditioned_ar_ppo_order_012,learning,medium,medium,1,1,204,1,205,4,1,missile,0-1-2,1,2,2,False,True,True,1,0,1.0,4,3,0,1,False,False,True,0.7198606706060082,0.8236628477249822,27.588367257581826,77.60191345214844,0.07659195484834555,0.5929224899165602,0.045413092576257794,0.045413092576257794,1.0,False,True,False,False,alive
role_conditioned_ar_ppo_order_012,learning,medium,medium,1,1,204,1,205,4,2,laser,0-1-2,2,5,,True,True,True,10,0,1.0,0,0,0,0,False,False,,,,,,,,,0.0,,False,False,False,False,
role_conditioned_ar_ppo_order_012,learning,medium,medium,1,1,204,1,205,5,0,missile,0-1-2,0,5,,True,True,True,0,1,1.0,0,0,0,0,False,False,,,,,,,,,0.0,,False,False,False,False,
role_conditioned_ar_ppo_order_012,learning,medium,medium,1,1,204,1,205,5,1,missile,0-1-2,1,5,,True,True,True,0,1,1.0,0,0,0,0,False,False,,,,,,,,,0.0,,False,False,False,False,
role_conditioned_ar_ppo_order_012,learning,medium,medium,1,1,204,1,205,5,2,laser,0-1-2,2,5,,True,True,True,10,0,1.0,0,0,0,0,False,False,,,,,,,,,0.0,,False,False,False,False,
role_conditioned_ar_ppo_order_012,learning,medium,medium,1,1,204,1,205,6,0,missile,0-1-2,0,5,,True,True,True,0,0,1.0,0,0,0,0,False,False,,,,,,,,,0.0,,False,False,False,False,
role_conditioned_ar_ppo_order_012,learning,medium,medium,1,1,204,1,205,6,1,missile,0-1-2,1,5,,True,True,True,0,0,1.0,0,0,0,0,False,False,,,,,,,,,0.0,,False,False,False,False,
role_conditioned_ar_ppo_order_012,learning,medium,medium,1,1,204,1,205,6,2,laser,0-1-2,2,5,,True,True,True,10,0,1.0,0,0,0,0,False,False,,,,,,,,,0.0,,False,False,False,False,
role_conditioned_ar_ppo_order_012,learning,medium,medium,1,1,204,1,205,7,0,missile,0-1-2,0,5,,True,True,True,0,0,1.0,0,0,0,0,False,False,,,,,,,,,0.0,,False,False,False,False,
role_conditioned_ar_ppo_order_012,learning,medium,medium,1,1,204,1,205,7,1,missile,0-1-2,1,5,,True,True,True,0,0,1.0,0,0,0,0,False,False,,,,,,,,,0.0,,False,False,False,False,
role_conditioned_ar_ppo_order_012,learning,medium,medium,1,1,204,1,205,7,2,laser,0-1-2,2,5,,True,True,True,10,0,1.0,0,0,0,0,False,False,,,,,,,,,0.0,,False,False,False,False,
role_conditioned_ar_ppo_order_012,learning,medium,medium,1,1,204,1,205,8,0,missile,0-1-2,0,5,,True,True,True,0,0,1.0,0,0,0,0,False,False,,,,,,,,,0.0,,False,False,False,False,
role_conditioned_ar_ppo_order_012,learning,medium,medium,1,1,204,1,205,8,1,missile,0-1-2,1,5,,True,True,True,0,0,1.0,0,0,0,0,False,False,,,,,,,,,0.0,,False,False,False,False,
role_conditioned_ar_ppo_order_012,learning,medium,medium,1,1,204,1,205,8,2,laser,0-1-2,2,5,,True,True,True,10,0,1.0,0,0,0,0,False,False,,,,,,,,,0.0,,False,False,False,False,
role_conditioned_ar_ppo_order_012,learning,medium,medium,1,1,204,1,205,9,0,missile,0-1-2,0,5,,True,True,True,0,0,1.0,0,0,0,0,False,False,,,,,,,,,0.0,,False,False,False,False,
role_conditioned_ar_ppo_order_012,learning,medium,medium,1,1,204,1,205,9,1,missile,0-1-2,1,5,,True,True,True,0,0,1.0,0,0,0,0,False,False,,,,,,,,,0.0,,False,False,False,False,
role_conditioned_ar_ppo_order_012,learning,medium,medium,1,1,204,1,205,9,2,laser,0-1-2,2,5,,True,True,True,10,0,1.0,0,0,0,0,False,False,,,,,,,,,0.0,,False,False,False,False,
role_conditioned_ar_ppo_order_012,learning,medium,medium,1,1,204,1,205,10,0,missile,0-1-2,0,5,,True,True,True,0,0,1.0,0,0,0,0,False,False,,,,,,,,,0.0,,False,False,False,False,
role_conditioned_ar_ppo_order_012,learning,medium,medium,1,1,204,1,205,10,1,missile,0-1-2,1,5,,True,True,True,0,0,1.0,0,0,0,0,False,False,,,,,,,,,0.0,,False,False,False,False,
role_conditioned_ar_ppo_order_012,learning,medium,medium,1,1,204,1,205,10,2,laser,0-1-2,2,5,,True,True,True,10,0,1.0,0,0,0,0,False,False,,,,,,,,,0.0,,False,False,False,False,
role_conditioned_ar_ppo_order_012,learning,medium,medium,1,1,204,1,205,11,0,missile,0-1-2,0,5,,True,True,True,0,0,1.0,0,0,0,0,False,False,,,,,,,,,0.0,,False,False,False,False,
role_conditioned_ar_ppo_order_012,learning,medium,medium,1,1,204,1,205,11,1,missile,0-1-2,1,5,,True,True,True,0,0,1.0,0,0,0,0,False,False,,,,,,,,,0.0,,False,False,False,False,
role_conditioned_ar_ppo_order_012,learning,medium,medium,1,1,204,1,205,11,2,laser,0-1-2,2,5,,True,True,True,10,0,1.0,0,0,0,0,False,False,,,,,,,,,0.0,,False,False,False,False,
role_conditioned_ar_ppo_order_012,learning,medium,medium,1,1,204,1,205,12,0,missile,0-1-2,0,5,,True,True,True,0,0,1.0,0,0,0,0,False,False,,,,,,,,,0.0,,False,False,False,False,
role_conditioned_ar_ppo_order_012,learning,medium,medium,1,1,204,1,205,12,1,missile,0-1-2,1,5,,True,True,True,0,0,1.0,0,0,0,0,False,False,,,,,,,,,0.0,,False,False,False,False,
role_conditioned_ar_ppo_order_012,learning,medium,medium,1,1,204,1,205,12,2,laser,0-1-2,2,3,3,False,True,True,10,0,1.0,1,1,0,0,False,False,True,0.7396522685298149,0.8703227156047656,23.27451474051014,54.435333251953125,0.006981334339488648,0.6437361709500938,0.004494137435824825,0.004494137435824825,1.0,False,True,False,False,alive
role_conditioned_ar_ppo_order_012,learning,medium,medium,1,1,204,1,205,13,0,missile,0-1-2,0,5,,True,True,True,0,0,1.0,0,0,0,0,False,False,,,,,,,,,0.0,,False,False,False,False,
role_conditioned_ar_ppo_order_012,learning,medium,medium,1,1,204,1,205,13,1,missile,0-1-2,1,5,,True,True,True,0,0,1.0,0,0,0,0,False,False,,,,,,,,,0.0,,False,False,False,False,
role_conditioned_ar_ppo_order_012,learning,medium,medium,1,1,204,1,205,13,2,laser,0-1-2,2,3,3,False,True,True,9,0,1.0,1,1,0,0,False,False,True,0.7396522685298149,0.8703227156047656,22.27451383917499,52.70268249511719,0.028403198242187518,0.6437361709500938,0.01828416607916223,0.01828416607916223,1.0,False,True,False,False,alive
role_conditioned_ar_ppo_order_012,learning,medium,medium,1,1,204,1,205,14,0,missile,0-1-2,0,5,,True,True,True,0,0,1.0,0,0,0,0,False,False,,,,,,,,,0.0,,False,False,False,False,
role_conditioned_ar_ppo_order_012,learning,medium,medium,1,1,204,1,205,14,1,missile,0-1-2,1,5,,True,True,True,0,0,1.0,0,0,0,0,False,False,,,,,,,,,0.0,,False,False,False,False,
role_conditioned_ar_ppo_order_012,learning,medium,medium,1,1,204,1,205,14,2,laser,0-1-2,2,3,3,False,True,True,8,0,1.0,1,1,0,0,False,False,True,0.7396522685298149,0.8703227156047656,21.274512937839837,50.97208786010742,0.049799641002308215,0.6437361709500938,0.03205783021351518,0.03205783021351518,1.0,False,True,False,False,alive
role_conditioned_ar_ppo_order_012,learning,medium,medium,1,1,204,1,205,15,0,missile,0-1-2,0,5,,True,True,True,0,0,1.0,0,0,0,0,False,False,,,,,,,,,0.0,,False,False,False,False,
role_conditioned_ar_ppo_order_012,learning,medium,medium,1,1,204,1,205,15,1,missile,0-1-2,1,5,,True,True,True,0,0,1.0,0,0,0,0,False,False,,,,,,,,,0.0,,False,False,False,False,
role_conditioned_ar_ppo_order_012,learning,medium,medium,1,1,204,1,205,15,2,laser,0-1-2,2,3,3,False,True,True,7,0,1.0,1,1,0,0,False,False,True,0.7396522685298149,0.8703227156047656,20.274514200840155,49.24375534057617,0.07116811578924004,0.6437361709500938,0.0458134903518983,0.0458134903518983,1.0,False,True,False,False,alive
role_conditioned_ar_ppo_order_012,learning,medium,medium,1,1,204,1,205,16,0,missile,0-1-2,0,5,,True,True,True,0,0,1.0,0,0,0,0,False,False,,,,,,,,,0.0,,False,False,False,False,
role_conditioned_ar_ppo_order_012,learning,medium,medium,1,1,204,1,205,16,1,missile,0-1-2,1,5,,True,True,True,0,0,1.0,0,0,0,0,False,False,,,,,,,,,0.0,,False,False,False,False,
role_conditioned_ar_ppo_order_012,learning,medium,medium,1,1,204,1,205,16,2,laser,0-1-2,2,3,3,False,True,True,6,0,1.0,1,1,0,0,False,False,True,0.7396522685298149,0.8703227156047656,19.274513299505003,47.5179328918457,0.09250555697354405,0.6437361709500938,0.059549173037755,0.059549173037755,1.0,False,True,False,False,alive
role_conditioned_ar_ppo_order_012,learning,medium,medium,1,1,204,1,205,17,0,missile,0-1-2,0,5,,True,True,True,0,0,1.0,0,0,0,0,False,False,,,,,,,,,0.0,,False,False,False,False,
role_conditioned_ar_ppo_order_012,learning,medium,medium,1,1,204,1,205,17,1,missile,0-1-2,1,5,,True,True,True,0,0,1.0,0,0,0,0,False,False,,,,,,,,,0.0,,False,False,False,False,
role_conditioned_ar_ppo_order_012,learning,medium,medium,1,1,204,1,205,17,2,laser,0-1-2,2,3,3,False,True,True,5,0,1.0,2,2,0,0,False,False,True,0.7396522685298149,0.8703227156047656,18.274512398169854,45.7949104309082,0.1138083801269531,0.6437361709500938,0.07326257084495755,0.07326257084495755,1.0,False,True,True,True,intercepted
role_conditioned_ar_ppo_order_012,learning,medium,medium,1,1,204,1,205,18,0,missile,0-1-2,0,5,,True,True,True,0,0,1.0,0,0,0,0,False,False,,,,,,,,,0.0,,False,False,False,False,
role_conditioned_ar_ppo_order_012,learning,medium,medium,1,1,204,1,205,18,1,missile,0-1-2,1,5,,True,True,True,0,0,1.0,0,0,0,0,False,False,,,,,,,,,0.0,,False,False,False,False,
role_conditioned_ar_ppo_order_012,learning,medium,medium,1,1,204,1,205,18,2,laser,0-1-2,2,2,2,False,True,True,4,0,1.0,2,2,0,0,False,False,True,0.7198606706060082,0.8236628477249822,13.588366090586653,52.61583709716797,0.02947692316228696,0.5929224899165602,0.017477530676462308,0.01967080081030989,0.8885012280385635,False,True,False,False,alive
role_conditioned_ar_ppo_order_012,learning,medium,medium,1,1,204,1,205,19,0,missile,0-1-2,0,5,,True,True,True,0,0,1.0,0,0,0,0,False,False,,,,,,,,,0.0,,False,False,False,False,
role_conditioned_ar_ppo_order_012,learning,medium,medium,1,1,204,1,205,19,1,missile,0-1-2,1,5,,True,True,True,0,0,1.0,0,0,0,0,False,False,,,,,,,,,0.0,,False,False,False,False,
role_conditioned_ar_ppo_order_012,learning,medium,medium,1,1,204,1,205,19,2,laser,0-1-2,2,2,2,False,True,True,3,0,1.0,3,3,0,0,False,False,True,0.7198606706060082,0.8236628477249822,12.588366480191395,49.78852081298828,0.06443283358487215,0.5929224899165602,0.03820367612152176,0.03820367612152176,1.0,False,True,False,False,alive
role_conditioned_ar_ppo_order_012,learning,medium,medium,1,1,204,1,205,20,0,missile,0-1-2,0,5,,True,True,True,0,0,1.0,0,0,0,0,False,False,,,,,,,,,0.0,,False,False,False,False,
role_conditioned_ar_ppo_order_012,learning,medium,medium,1,1,204,1,205,20,1,missile,0-1-2,1,5,,True,True,True,0,0,1.0,0,0,0,0,False,False,,,,,,,,,0.0,,False,False,False,False,
role_conditioned_ar_ppo_order_012,learning,medium,medium,1,1,204,1,205,20,2,laser,0-1-2,2,2,2,False,True,True,2,0,1.0,3,3,0,0,False,False,True,0.7198606706060082,0.8236628477249822,11.588366869796138,46.96767807006836,0.09930870749733667,0.5929224899165602,0.05888236611971622,0.05888236611971622,1.0,False,True,False,False,alive
role_conditioned_ar_ppo_order_012,learning,medium,medium,1,1,204,1,205,21,0,missile,0-1-2,0,5,,True,True,True,0,0,1.0,0,0,0,0,False,False,,,,,,,,,0.0,,False,False,False,False,
role_conditioned_ar_ppo_order_012,learning,medium,medium,1,1,204,1,205,21,1,missile,0-1-2,1,5,,True,True,True,0,0,1.0,0,0,0,0,False,False,,,,,,,,,0.0,,False,False,False,False,
role_conditioned_ar_ppo_order_012,learning,medium,medium,1,1,204,1,205,21,2,laser,0-1-2,2,2,2,False,True,True,1,0,1.0,3,3,0,0,False,False,True,0.7198606706060082,0.8236628477249822,10.58836725940088,44.154541015625,0.13408931107954544,0.5929224899165602,0.07950456819648027,0.07950456819648027,1.0,False,True,True,True,intercepted
role_conditioned_ar_ppo_order_012,learning,medium,medium,1,1,204,1,205,22,0,missile,0-1-2,0,5,,True,True,True,0,0,1.0,0,0,0,0,False,False,,,,,,,,,0.0,,False,False,False,False,
role_conditioned_ar_ppo_order_012,learning,medium,medium,1,1,204,1,205,22,1,missile,0-1-2,1,5,,True,True,True,0,0,1.0,0,0,0,0,False,False,,,,,,,,,0.0,,False,False,False,False,
role_conditioned_ar_ppo_order_012,learning,medium,medium,1,1,204,1,205,22,2,laser,0-1-2,2,5,,True,True,True,0,0,1.0,0,0,0,0,False,False,,,,,,,,,0.0,,False,False,False,False,
role_conditioned_ar_ppo_order_012,learning,medium,medium,1,1,204,1,205,23,0,missile,0-1-2,0,5,,True,True,True,0,0,1.0,0,0,0,0,False,False,,,,,,,,,0.0,,False,False,False,False,
role_conditioned_ar_ppo_order_012,learning,medium,medium,1,1,204,1,205,23,1,missile,0-1-2,1,5,,True,True,True,0,0,1.0,0,0,0,0,False,False,,,,,,,,,0.0,,False,False,False,False,
role_conditioned_ar_ppo_order_012,learning,medium,medium,1,1,204,1,205,23,2,laser,0-1-2,2,5,,True,True,True,0,0,1.0,0,0,0,0,False,False,,,,,,,,,0.0,,False,False,False,False,
role_conditioned_ar_ppo_order_012,learning,medium,medium,1,1,204,1,205,24,0,missile,0-1-2,0,5,,True,True,True,0,0,1.0,0,0,0,0,False,False,,,,,,,,,0.0,,False,False,False,False,
role_conditioned_ar_ppo_order_012,learning,medium,medium,1,1,204,1,205,24,1,missile,0-1-2,1,5,,True,True,True,0,0,1.0,0,0,0,0,False,False,,,,,,,,,0.0,,False,False,False,False,
role_conditioned_ar_ppo_order_012,learning,medium,medium,1,1,204,1,205,24,2,laser,0-1-2,2,5,,True,True,True,0,0,1.0,0,0,0,0,False,False,,,,,,,,,0.0,,False,False,False,False,
role_conditioned_ar_ppo_order_012,learning,medium,medium,1,1,204,1,205,25,0,missile,0-1-2,0,5,,True,True,True,0,0,1.0,0,0,0,0,False,False,,,,,,,,,0.0,,False,False,False,False,
role_conditioned_ar_ppo_order_012,learning,medium,medium,1,1,204,1,205,25,1,missile,0-1-2,1,5,,True,True,True,0,0,1.0,0,0,0,0,False,False,,,,,,,,,0.0,,False,False,False,False,
role_conditioned_ar_ppo_order_012,learning,medium,medium,1,1,204,1,205,25,2,laser,0-1-2,2,5,,True,True,True,0,0,1.0,0,0,0,0,False,False,,,,,,,,,0.0,,False,False,False,False,
role_conditioned_ar_ppo_order_012,learning,medium,medium,1,1,204,1,205,26,0,missile,0-1-2,0,5,,True,True,True,0,0,1.0,0,0,0,0,False,False,,,,,,,,,0.0,,False,False,False,False,
role_conditioned_ar_ppo_order_012,learning,medium,medium,1,1,204,1,205,26,1,missile,0-1-2,1,5,,True,True,True,0,0,1.0,0,0,0,0,False,False,,,,,,,,,0.0,,False,False,False,False,
role_conditioned_ar_ppo_order_012,learning,medium,medium,1,1,204,1,205,26,2,laser,0-1-2,2,5,,True,True,True,0,0,1.0,0,0,0,0,False,False,,,,,,,,,0.0,,False,False,False,False,
role_conditioned_ar_ppo_order_012,learning,medium,medium,1,1,204,1,205,27,0,missile,0-1-2,0,5,,True,True,True,0,0,1.0,0,0,0,0,False,False,,,,,,,,,0.0,,False,False,False,False,
role_conditioned_ar_ppo_order_012,learning,medium,medium,1,1,204,1,205,27,1,missile,0-1-2,1,5,,True,True,True,0,0,1.0,0,0,0,0,False,False,,,,,,,,,0.0,,False,False,False,False,
role_conditioned_ar_ppo_order_012,learning,medium,medium,1,1,204,1,205,27,2,laser,0-1-2,2,5,,True,True,True,0,0,1.0,0,0,0,0,False,False,,,,,,,,,0.0,,False,False,False,False,
role_conditioned_ar_ppo_order_012,learning,medium,medium,1,1,204,1,205,28,0,missile,0-1-2,0,5,,True,True,True,0,0,1.0,0,0,0,0,False,False,,,,,,,,,0.0,,False,False,False,False,
role_conditioned_ar_ppo_order_012,learning,medium,medium,1,1,204,1,205,28,1,missile,0-1-2,1,5,,True,True,True,0,0,1.0,0,0,0,0,False,False,,,,,,,,,0.0,,False,False,False,False,
role_conditioned_ar_ppo_order_012,learning,medium,medium,1,1,204,1,205,28,2,laser,0-1-2,2,5,,True,True,True,0,0,1.0,0,0,0,0,False,False,,,,,,,,,0.0,,False,False,False,False,
role_conditioned_ar_ppo_order_012,learning,medium,medium,1,1,204,1,205,29,0,missile,0-1-2,0,5,,True,True,True,0,0,1.0,0,0,0,0,False,False,,,,,,,,,0.0,,False,False,False,False,
role_conditioned_ar_ppo_order_012,learning,medium,medium,1,1,204,1,205,29,1,missile,0-1-2,1,5,,True,True,True,0,0,1.0,0,0,0,0,False,False,,,,,,,,,0.0,,False,False,False,False,
role_conditioned_ar_ppo_order_012,learning,medium,medium,1,1,204,1,205,29,2,laser,0-1-2,2,5,,True,True,True,0,0,1.0,0,0,0,0,False,False,,,,,,,,,0.0,,False,False,False,False,
role_conditioned_ar_ppo_order_012,learning,medium,medium,1,1,204,1,205,30,0,missile,0-1-2,0,5,,True,True,True,0,0,1.0,0,0,0,0,False,False,,,,,,,,,0.0,,False,False,False,False,
role_conditioned_ar_ppo_order_012,learning,medium,medium,1,1,204,1,205,30,1,missile,0-1-2,1,5,,True,True,True,0,0,1.0,0,0,0,0,False,False,,,,,,,,,0.0,,False,False,False,False,
role_conditioned_ar_ppo_order_012,learning,medium,medium,1,1,204,1,205,30,2,laser,0-1-2,2,5,,True,True,True,0,0,1.0,0,0,0,0,False,False,,,,,,,,,0.0,,False,False,False,False,
role_conditioned_ar_ppo_order_012,learning,medium,medium,1,1,204,1,205,31,0,missile,0-1-2,0,5,,True,True,True,0,0,1.0,0,0,0,0,False,False,,,,,,,,,0.0,,False,False,False,False,
role_conditioned_ar_ppo_order_012,learning,medium,medium,1,1,204,1,205,31,1,missile,0-1-2,1,5,,True,True,True,0,0,1.0,0,0,0,0,False,False,,,,,,,,,0.0,,False,False,False,False,
role_conditioned_ar_ppo_order_012,learning,medium,medium,1,1,204,1,205,31,2,laser,0-1-2,2,5,,True,True,True,0,0,1.0,0,0,0,0,False,False,,,,,,,,,0.0,,False,False,False,False,
role_conditioned_ar_ppo_order_012,learning,medium,medium,1,1,204,1,205,32,0,missile,0-1-2,0,5,,True,True,True,0,0,1.0,0,0,0,0,False,False,,,,,,,,,0.0,,False,False,False,False,
role_conditioned_ar_ppo_order_012,learning,medium,medium,1,1,204,1,205,32,1,missile,0-1-2,1,5,,True,True,True,0,0,1.0,0,0,0,0,False,False,,,,,,,,,0.0,,False,False,False,False,
role_conditioned_ar_ppo_order_012,learning,medium,medium,1,1,204,1,205,32,2,laser,0-1-2,2,5,,True,True,True,0,0,1.0,0,0,0,0,False,False,,,,,,,,,0.0,,False,False,False,False,
role_conditioned_ar_ppo_order_012,learning,medium,medium,1,1,204,1,205,33,0,missile,0-1-2,0,5,,True,True,True,0,0,1.0,0,0,0,0,False,False,,,,,,,,,0.0,,False,False,False,False,
role_conditioned_ar_ppo_order_012,learning,medium,medium,1,1,204,1,205,33,1,missile,0-1-2,1,5,,True,True,True,0,0,1.0,0,0,0,0,False,False,,,,,,,,,0.0,,False,False,False,False,
role_conditioned_ar_ppo_order_012,learning,medium,medium,1,1,204,1,205,33,2,laser,0-1-2,2,5,,True,True,True,0,0,1.0,0,0,0,0,False,False,,,,,,,,,0.0,,False,False,False,False,
role_conditioned_ar_ppo_order_012,learning,medium,medium,1,1,204,1,205,34,0,missile,0-1-2,0,5,,True,True,True,0,0,1.0,0,0,0,0,False,False,,,,,,,,,0.0,,False,False,False,False,
role_conditioned_ar_ppo_order_012,learning,medium,medium,1,1,204,1,205,34,1,missile,0-1-2,1,5,,True,True,True,0,0,1.0,0,0,0,0,False,False,,,,,,,,,0.0,,False,False,False,False,
role_conditioned_ar_ppo_order_012,learning,medium,medium,1,1,204,1,205,34,2,laser,0-1-2,2,5,,True,True,True,0,0,1.0,0,0,0,0,False,False,,,,,,,,,0.0,,False,False,False,False,
role_conditioned_ar_ppo_order_012,learning,medium,medium,1,1,204,1,205,35,0,missile,0-1-2,0,5,,True,True,True,0,0,1.0,0,0,0,0,False,False,,,,,,,,,0.0,,False,False,False,False,
role_conditioned_ar_ppo_order_012,learning,medium,medium,1,1,204,1,205,35,1,missile,0-1-2,1,5,,True,True,True,0,0,1.0,0,0,0,0,False,False,,,,,,,,,0.0,,False,False,False,False,
role_conditioned_ar_ppo_order_012,learning,medium,medium,1,1,204,1,205,35,2,laser,0-1-2,2,5,,True,True,True,0,0,1.0,0,0,0,0,False,False,,,,,,,,,0.0,,False,False,False,False,
role_conditioned_ar_ppo_order_012,learning,medium,medium,1,1,204,1,205,36,0,missile,0-1-2,0,5,,True,True,True,0,0,1.0,0,0,0,0,False,False,,,,,,,,,0.0,,False,False,False,False,
role_conditioned_ar_ppo_order_012,learning,medium,medium,1,1,204,1,205,36,1,missile,0-1-2,1,5,,True,True,True,0,0,1.0,0,0,0,0,False,False,,,,,,,,,0.0,,False,False,False,False,
role_conditioned_ar_ppo_order_012,learning,medium,medium,1,1,204,1,205,36,2,laser,0-1-2,2,5,,True,True,True,0,0,1.0,0,0,0,0,False,False,,,,,,,,,0.0,,False,False,False,False,
role_conditioned_ar_ppo_order_012,learning,medium,medium,1,1,204,1,205,37,0,missile,0-1-2,0,5,,True,True,True,0,0,1.0,0,0,0,0,False,False,,,,,,,,,0.0,,False,False,False,False,
role_conditioned_ar_ppo_order_012,learning,medium,medium,1,1,204,1,205,37,1,missile,0-1-2,1,5,,True,True,True,0,0,1.0,0,0,0,0,False,False,,,,,,,,,0.0,,False,False,False,False,
role_conditioned_ar_ppo_order_012,learning,medium,medium,1,1,204,1,205,37,2,laser,0-1-2,2,5,,True,True,True,0,0,1.0,0,0,0,0,False,False,,,,,,,,,0.0,,False,False,False,False,
role_conditioned_ar_ppo_order_012,learning,medium,medium,1,1,204,1,205,38,0,missile,0-1-2,0,5,,True,True,True,0,0,1.0,0,0,0,0,False,False,,,,,,,,,0.0,,False,False,False,False,
role_conditioned_ar_ppo_order_012,learning,medium,medium,1,1,204,1,205,38,1,missile,0-1-2,1,5,,True,True,True,0,0,1.0,0,0,0,0,False,False,,,,,,,,,0.0,,False,False,False,False,
role_conditioned_ar_ppo_order_012,learning,medium,medium,1,1,204,1,205,38,2,laser,0-1-2,2,5,,True,True,True,0,0,1.0,0,0,0,0,False,False,,,,,,,,,0.0,,False,False,False,False,
role_conditioned_ar_ppo_order_012,learning,medium,medium,1,1,204,1,205,39,0,missile,0-1-2,0,5,,True,True,True,0,0,1.0,0,0,0,0,False,False,,,,,,,,,0.0,,False,False,False,False,
role_conditioned_ar_ppo_order_012,learning,medium,medium,1,1,204,1,205,39,1,missile,0-1-2,1,5,,True,True,True,0,0,1.0,0,0,0,0,False,False,,,,,,,,,0.0,,False,False,False,False,
role_conditioned_ar_ppo_order_012,learning,medium,medium,1,1,204,1,205,39,2,laser,0-1-2,2,5,,True,True,True,0,0,1.0,0,0,0,0,False,False,,,,,,,,,0.0,,False,False,False,False,
role_conditioned_ar_ppo_order_012,learning,medium,medium,1,1,204,1,205,40,0,missile,0-1-2,0,5,,True,True,True,0,0,1.0,0,0,0,0,False,False,,,,,,,,,0.0,,False,False,False,False,
role_conditioned_ar_ppo_order_012,learning,medium,medium,1,1,204,1,205,40,1,missile,0-1-2,1,5,,True,True,True,0,0,1.0,0,0,0,0,False,False,,,,,,,,,0.0,,False,False,False,False,
role_conditioned_ar_ppo_order_012,learning,medium,medium,1,1,204,1,205,40,2,laser,0-1-2,2,5,,True,True,True,0,0,1.0,0,0,0,0,False,False,,,,,,,,,0.0,,False,False,False,False,
role_conditioned_ar_ppo_order_012,learning,medium,medium,1,1,204,1,205,41,0,missile,0-1-2,0,5,,True,True,True,0,0,1.0,0,0,0,0,False,False,,,,,,,,,0.0,,False,False,False,False,
role_conditioned_ar_ppo_order_012,learning,medium,medium,1,1,204,1,205,41,1,missile,0-1-2,1,5,,True,True,True,0,0,1.0,0,0,0,0,False,False,,,,,,,,,0.0,,False,False,False,False,
role_conditioned_ar_ppo_order_012,learning,medium,medium,1,1,204,1,205,41,2,laser,0-1-2,2,5,,True,True,True,0,0,1.0,0,0,0,0,False,False,,,,,,,,,0.0,,False,False,False,False,
role_conditioned_ar_ppo_order_012,learning,medium,medium,1,1,204,1,205,42,0,missile,0-1-2,0,5,,True,True,True,0,0,1.0,0,0,0,0,False,False,,,,,,,,,0.0,,False,False,False,False,
role_conditioned_ar_ppo_order_012,learning,medium,medium,1,1,204,1,205,42,1,missile,0-1-2,1,5,,True,True,True,0,0,1.0,0,0,0,0,False,False,,,,,,,,,0.0,,False,False,False,False,
role_conditioned_ar_ppo_order_012,learning,medium,medium,1,1,204,1,205,42,2,laser,0-1-2,2,5,,True,True,True,0,0,1.0,0,0,0,0,False,False,,,,,,,,,0.0,,False,False,False,False,
role_conditioned_ar_ppo_order_012,learning,medium,medium,1,1,204,1,205,43,0,missile,0-1-2,0,5,,True,True,True,0,0,1.0,0,0,0,0,False,False,,,,,,,,,0.0,,False,False,False,False,
role_conditioned_ar_ppo_order_012,learning,medium,medium,1,1,204,1,205,43,1,missile,0-1-2,1,5,,True,True,True,0,0,1.0,0,0,0,0,False,False,,,,,,,,,0.0,,False,False,False,False,
role_conditioned_ar_ppo_order_012,learning,medium,medium,1,1,204,1,205,43,2,laser,0-1-2,2,5,,True,True,True,0,0,1.0,0,0,0,0,False,False,,,,,,,,,0.0,,False,False,False,False,
role_conditioned_ar_ppo_order_012,learning,medium,medium,1,1,204,1,205,44,0,missile,0-1-2,0,5,,True,True,True,0,0,1.0,0,0,0,0,False,False,,,,,,,,,0.0,,False,False,False,False,
role_conditioned_ar_ppo_order_012,learning,medium,medium,1,1,204,1,205,44,1,missile,0-1-2,1,5,,True,True,True,0,0,1.0,0,0,0,0,False,False,,,,,,,,,0.0,,False,False,False,False,
role_conditioned_ar_ppo_order_012,learning,medium,medium,1,1,204,1,205,44,2,laser,0-1-2,2,5,,True,True,True,0,0,1.0,0,0,0,0,False,False,,,,,,,,,0.0,,False,False,False,False,
role_conditioned_ar_ppo_order_012,learning,medium,medium,1,1,204,1,205,45,0,missile,0-1-2,0,5,,True,True,True,0,0,1.0,0,0,0,0,False,False,,,,,,,,,0.0,,False,False,False,False,
role_conditioned_ar_ppo_order_012,learning,medium,medium,1,1,204,1,205,45,1,missile,0-1-2,1,5,,True,True,True,0,0,1.0,0,0,0,0,False,False,,,,,,,,,0.0,,False,False,False,False,
role_conditioned_ar_ppo_order_012,learning,medium,medium,1,1,204,1,205,45,2,laser,0-1-2,2,5,,True,True,True,0,0,1.0,0,0,0,0,False,False,,,,,,,,,0.0,,False,False,False,False,
role_conditioned_ar_ppo_order_012,learning,medium,medium,1,1,204,1,205,46,0,missile,0-1-2,0,5,,True,True,True,0,0,1.0,0,0,0,0,False,False,,,,,,,,,0.0,,False,False,False,False,
role_conditioned_ar_ppo_order_012,learning,medium,medium,1,1,204,1,205,46,1,missile,0-1-2,1,5,,True,True,True,0,0,1.0,0,0,0,0,False,False,,,,,,,,,0.0,,False,False,False,False,
role_conditioned_ar_ppo_order_012,learning,medium,medium,1,1,204,1,205,46,2,laser,0-1-2,2,5,,True,True,True,0,0,1.0,0,0,0,0,False,False,,,,,,,,,0.0,,False,False,False,False,
role_conditioned_ar_ppo_order_012,learning,medium,medium,1,1,204,1,205,47,0,missile,0-1-2,0,5,,True,True,True,0,0,1.0,0,0,0,0,False,False,,,,,,,,,0.0,,False,False,False,False,
role_conditioned_ar_ppo_order_012,learning,medium,medium,1,1,204,1,205,47,1,missile,0-1-2,1,5,,True,True,True,0,0,1.0,0,0,0,0,False,False,,,,,,,,,0.0,,False,False,False,False,
role_conditioned_ar_ppo_order_012,learning,medium,medium,1,1,204,1,205,47,2,laser,0-1-2,2,5,,True,True,True,0,0,1.0,0,0,0,0,False,False,,,,,,,,,0.0,,False,False,False,False,
role_conditioned_ar_ppo_order_012,learning,medium,medium,1,1,204,1,205,48,0,missile,0-1-2,0,5,,True,True,True,0,0,1.0,0,0,0,0,False,False,,,,,,,,,0.0,,False,False,False,False,
role_conditioned_ar_ppo_order_012,learning,medium,medium,1,1,204,1,205,48,1,missile,0-1-2,1,5,,True,True,True,0,0,1.0,0,0,0,0,False,False,,,,,,,,,0.0,,False,False,False,False,
role_conditioned_ar_ppo_order_012,learning,medium,medium,1,1,204,1,205,48,2,laser,0-1-2,2,5,,True,True,True,0,0,1.0,0,0,0,0,False,False,,,,,,,,,0.0,,False,False,False,False,
role_conditioned_ar_ppo_order_012,learning,medium,medium,1,1,204,1,205,49,0,missile,0-1-2,0,5,,True,True,True,0,0,1.0,0,0,0,0,False,False,,,,,,,,,0.0,,False,False,False,False,
role_conditioned_ar_ppo_order_012,learning,medium,medium,1,1,204,1,205,49,1,missile,0-1-2,1,5,,True,True,True,0,0,1.0,0,0,0,0,False,False,,,,,,,,,0.0,,False,False,False,False,
role_conditioned_ar_ppo_order_012,learning,medium,medium,1,1,204,1,205,49,2,laser,0-1-2,2,5,,True,True,True,0,0,1.0,0,0,0,0,False,False,,,,,,,,,0.0,,False,False,False,False,
role_conditioned_ar_ppo_order_012,learning,medium,heterogeneity_pressure,1,1,206,0,206,0,0,missile,0-1-2,0,0,0,False,True,True,3,0,1.0,1,1,1,0,False,True,True,0.9457109023138026,0.6962325948308277,58.33357327355016,67.14640808105469,0.2539388739544412,0.5267478043821938,0.13376174430278856,0.13376174430278856,1.0,False,True,False,False,alive
role_conditioned_ar_ppo_order_012,learning,medium,heterogeneity_pressure,1,1,206,0,206,0,1,missile,0-1-2,1,5,,True,True,True,3,0,1.0,0,0,0,0,False,False,,,,,,,,,0.0,,False,False,False,False,
role_conditioned_ar_ppo_order_012,learning,medium,heterogeneity_pressure,1,1,206,0,206,0,2,laser,0-1-2,2,5,,True,True,True,10,0,1.0,0,0,0,0,False,False,,,,,,,,,0.0,,False,False,False,False,
role_conditioned_ar_ppo_order_012,learning,medium,heterogeneity_pressure,1,1,206,0,206,1,0,missile,0-1-2,0,5,,True,True,True,2,1,1.0,0,0,0,0,False,False,,,,,,,,,0.0,,False,False,False,False,
role_conditioned_ar_ppo_order_012,learning,medium,heterogeneity_pressure,1,1,206,0,206,1,1,missile,0-1-2,1,5,,True,True,True,3,0,1.0,0,0,0,0,False,False,,,,,,,,,0.0,,False,False,False,False,
role_conditioned_ar_ppo_order_012,learning,medium,heterogeneity_pressure,1,1,206,0,206,1,2,laser,0-1-2,2,5,,True,True,True,10,0,1.0,0,0,0,0,False,False,,,,,,,,,0.0,,False,False,False,False,
role_conditioned_ar_ppo_order_012,learning,medium,heterogeneity_pressure,1,1,206,0,206,2,0,missile,0-1-2,0,1,1,False,True,True,2,0,1.0,2,2,2,0,False,True,True,0.8944048812044247,1.4572351588422823,27.244440092866494,87.78202056884766,0.04309674636177398,1.3033582391312426,0.05617049945036752,0.15090395972112033,0.37222680938375646,False,True,False,False,alive
role_conditioned_ar_ppo_order_012,learning,medium,heterogeneity_pressure,1,1,206,0,206,2,1,missile,0-1-2,1,5,,True,True,True,3,0,1.0,0,0,0,0,False,False,,,,,,,,,0.0,,False,False,False,False,
role_conditioned_ar_ppo_order_012,learning,medium,heterogeneity_pressure,1,1,206,0,206,2,2,laser,0-1-2,2,5,,True,True,True,10,0,1.0,0,0,0,0,False,False,,,,,,,,,0.0,,False,False,False,False,
role_conditioned_ar_ppo_order_012,learning,medium,heterogeneity_pressure,1,1,206,0,206,3,0,missile,0-1-2,0,5,,True,True,True,1,1,1.0,0,0,0,0,False,False,,,,,,,,,0.0,,False,False,False,False,
role_conditioned_ar_ppo_order_012,learning,medium,heterogeneity_pressure,1,1,206,0,206,3,1,missile,0-1-2,1,1,1,False,True,True,3,0,1.0,1,1,1,0,False,True,True,0.8944048812044247,1.4572351588422823,26.244438887060877,69.81541442871094,0.023666343688964874,1.3033582391312426,0.030845724037124055,0.030845724037124055,1.0,False,True,False,False,alive
role_conditioned_ar_ppo_order_012,learning,medium,heterogeneity_pressure,1,1,206,0,206,3,2,laser,0-1-2,2,5,,True,True,True,10,0,1.0,0,0,0,0,False,False,,,,,,,,,0.0,,False,False,False,False,
role_conditioned_ar_ppo_order_012,learning,medium,heterogeneity_pressure,1,1,206,0,206,4,0,missile,0-1-2,0,1,1,False,True,True,1,0,1.0,3,3,3,0,False,True,True,0.8944048812044247,1.4572351588422823,25.244437681255256,82.33657836914062,0.09873496014138922,1.3033582391312426,0.12868702379057448,0.16798753958428606,0.7660510065748481,False,True,False,False,alive
role_conditioned_ar_ppo_order_012,learning,medium,heterogeneity_pressure,1,1,206,0,206,4,1,missile,0-1-2,1,5,,True,True,True,2,1,1.0,0,0,0,0,False,False,,,,,,,,,0.0,,False,False,False,False,
role_conditioned_ar_ppo_order_012,learning,medium,heterogeneity_pressure,1,1,206,0,206,4,2,laser,0-1-2,2,5,,True,True,True,10,0,1.0,0,0,0,0,False,False,,,,,,,,,0.0,,False,False,False,False,
role_conditioned_ar_ppo_order_012,learning,medium,heterogeneity_pressure,1,1,206,0,206,5,0,missile,0-1-2,0,5,,True,True,True,0,1,1.0,0,0,0,0,False,False,,,,,,,,,0.0,,False,False,False,False,
role_conditioned_ar_ppo_order_012,learning,medium,heterogeneity_pressure,1,1,206,0,206,5,1,missile,0-1-2,1,1,1,False,True,True,2,0,1.0,2,2,2,0,False,True,True,0.8944048812044247,1.4572351588422823,24.244439261038153,64.38972473144531,0.08244464874267575,1.3033582391312426,0.10745491221104768,0.10745491221104768,1.0,False,True,False,False,alive
role_conditioned_ar_ppo_order_012,learning,medium,heterogeneity_pressure,1,1,206,0,206,5,2,laser,0-1-2,2,5,,True,True,True,10,0,1.0,0,0,0,0,False,False,,,,,,,,,0.0,,False,False,False,False,
role_conditioned_ar_ppo_order_012,learning,medium,heterogeneity_pressure,1,1,206,0,206,6,0,missile,0-1-2,0,5,,True,True,True,0,0,1.0,0,0,0,0,False,False,,,,,,,,,0.0,,False,False,False,False,
role_conditioned_ar_ppo_order_012,learning,medium,heterogeneity_pressure,1,1,206,0,206,6,1,missile,0-1-2,1,5,,True,True,True,1,1,1.0,0,0,0,0,False,False,,,,,,,,,0.0,,False,False,False,False,
role_conditioned_ar_ppo_order_012,learning,medium,heterogeneity_pressure,1,1,206,0,206,6,2,laser,0-1-2,2,5,,True,True,True,10,0,1.0,0,0,0,0,False,False,,,,,,,,,0.0,,False,False,False,False,
role_conditioned_ar_ppo_order_012,learning,medium,heterogeneity_pressure,1,1,206,0,206,7,0,missile,0-1-2,0,5,,True,True,True,0,0,1.0,0,0,0,0,False,False,,,,,,,,,0.0,,False,False,False,False,
role_conditioned_ar_ppo_order_012,learning,medium,heterogeneity_pressure,1,1,206,0,206,7,1,missile,0-1-2,1,1,1,False,True,True,1,0,1.0,4,4,3,0,False,True,True,0.8944048812044247,1.4572351588422823,22.244436849426915,58.973670959472656,0.14111856460571287,1.3033582391312426,0.18392804387323042,0.18392804387323042,1.0,False,True,False,False,alive
role_conditioned_ar_ppo_order_012,learning,medium,heterogeneity_pressure,1,1,206,0,206,7,2,laser,0-1-2,2,5,,True,True,True,10,0,1.0,0,0,0,0,False,False,,,,,,,,,0.0,,False,False,False,False,
role_conditioned_ar_ppo_order_012,learning,medium,heterogeneity_pressure,1,1,206,0,206,8,0,missile,0-1-2,0,5,,True,True,True,0,0,1.0,0,0,0,0,False,False,,,,,,,,,0.0,,False,False,False,False,
role_conditioned_ar_ppo_order_012,learning,medium,heterogeneity_pressure,1,1,206,0,206,8,1,missile,0-1-2,1,5,,True,True,True,0,1,1.0,0,0,0,0,False,False,,,,,,,,,0.0,,False,False,False,False,
role_conditioned_ar_ppo_order_012,learning,medium,heterogeneity_pressure,1,1,206,0,206,8,2,laser,0-1-2,2,5,,True,True,True,10,0,1.0,0,0,0,0,False,False,,,,,,,,,0.0,,False,False,False,False,
role_conditioned_ar_ppo_order_012,learning,medium,heterogeneity_pressure,1,1,206,0,206,9,0,missile,0-1-2,0,5,,True,True,True,0,0,1.0,0,0,0,0,False,False,,,,,,,,,0.0,,False,False,False,False,
role_conditioned_ar_ppo_order_012,learning,medium,heterogeneity_pressure,1,1,206,0,206,9,1,missile,0-1-2,1,5,,True,True,True,0,0,1.0,0,0,0,0,False,False,,,,,,,,,0.0,,False,False,False,False,
role_conditioned_ar_ppo_order_012,learning,medium,heterogeneity_pressure,1,1,206,0,206,9,2,laser,0-1-2,2,5,,True,True,True,10,0,1.0,0,0,0,0,False,False,,,,,,,,,0.0,,False,False,False,False,
role_conditioned_ar_ppo_order_012,learning,medium,heterogeneity_pressure,1,1,206,0,206,10,0,missile,0-1-2,0,5,,True,True,True,0,0,1.0,0,0,0,0,False,False,,,,,,,,,0.0,,False,False,False,False,
role_conditioned_ar_ppo_order_012,learning,medium,heterogeneity_pressure,1,1,206,0,206,10,1,missile,0-1-2,1,5,,True,True,True,0,0,1.0,0,0,0,0,False,False,,,,,,,,,0.0,,False,False,False,False,
role_conditioned_ar_ppo_order_012,learning,medium,heterogeneity_pressure,1,1,206,0,206,10,2,laser,0-1-2,2,5,,True,True,True,10,0,1.0,0,0,0,0,False,False,,,,,,,,,0.0,,False,False,False,False,
role_conditioned_ar_ppo_order_012,learning,medium,heterogeneity_pressure,1,1,206,0,206,11,0,missile,0-1-2,0,5,,True,True,True,0,0,1.0,0,0,0,0,False,False,,,,,,,,,0.0,,False,False,False,False,
role_conditioned_ar_ppo_order_012,learning,medium,heterogeneity_pressure,1,1,206,0,206,11,1,missile,0-1-2,1,5,,True,True,True,0,0,1.0,0,0,0,0,False,False,,,,,,,,,0.0,,False,False,False,False,
role_conditioned_ar_ppo_order_012,learning,medium,heterogeneity_pressure,1,1,206,0,206,11,2,laser,0-1-2,2,5,,True,True,True,10,0,1.0,0,0,0,0,False,False,,,,,,,,,0.0,,False,False,False,False,
role_conditioned_ar_ppo_order_012,learning,medium,heterogeneity_pressure,1,1,206,0,206,12,0,missile,0-1-2,0,5,,True,True,True,0,0,1.0,0,0,0,0,False,False,,,,,,,,,0.0,,False,False,False,False,
role_conditioned_ar_ppo_order_012,learning,medium,heterogeneity_pressure,1,1,206,0,206,12,1,missile,0-1-2,1,5,,True,True,True,0,0,1.0,0,0,0,0,False,False,,,,,,,,,0.0,,False,False,False,False,
role_conditioned_ar_ppo_order_012,learning,medium,heterogeneity_pressure,1,1,206,0,206,12,2,laser,0-1-2,2,5,,True,True,True,10,0,1.0,0,0,0,0,False,False,,,,,,,,,0.0,,False,False,False,False,
role_conditioned_ar_ppo_order_012,learning,medium,heterogeneity_pressure,1,1,206,0,206,13,0,missile,0-1-2,0,5,,True,True,True,0,0,1.0,0,0,0,0,False,False,,,,,,,,,0.0,,False,False,False,False,
role_conditioned_ar_ppo_order_012,learning,medium,heterogeneity_pressure,1,1,206,0,206,13,1,missile,0-1-2,1,5,,True,True,True,0,0,1.0,0,0,0,0,False,False,,,,,,,,,0.0,,False,False,False,False,
role_conditioned_ar_ppo_order_012,learning,medium,heterogeneity_pressure,1,1,206,0,206,13,2,laser,0-1-2,2,5,,True,True,True,10,0,1.0,0,0,0,0,False,False,,,,,,,,,0.0,,False,False,False,False,
role_conditioned_ar_ppo_order_012,learning,medium,heterogeneity_pressure,1,1,206,0,206,14,0,missile,0-1-2,0,5,,True,True,True,0,0,1.0,0,0,0,0,False,False,,,,,,,,,0.0,,False,False,False,False,
role_conditioned_ar_ppo_order_012,learning,medium,heterogeneity_pressure,1,1,206,0,206,14,1,missile,0-1-2,1,5,,True,True,True,0,0,1.0,0,0,0,0,False,False,,,,,,,,,0.0,,False,False,False,False,
role_conditioned_ar_ppo_order_012,learning,medium,heterogeneity_pressure,1,1,206,0,206,14,2,laser,0-1-2,2,5,,True,True,True,10,0,1.0,0,0,0,0,False,False,,,,,,,,,0.0,,False,False,False,False,
role_conditioned_ar_ppo_order_012,learning,medium,heterogeneity_pressure,1,1,206,0,206,15,0,missile,0-1-2,0,5,,True,True,True,0,0,1.0,0,0,0,0,False,False,,,,,,,,,0.0,,False,False,False,False,
role_conditioned_ar_ppo_order_012,learning,medium,heterogeneity_pressure,1,1,206,0,206,15,1,missile,0-1-2,1,5,,True,True,True,0,0,1.0,0,0,0,0,False,False,,,,,,,,,0.0,,False,False,False,False,
role_conditioned_ar_ppo_order_012,learning,medium,heterogeneity_pressure,1,1,206,0,206,15,2,laser,0-1-2,2,0,0,False,True,True,10,0,1.0,1,1,1,0,False,True,True,0.9457109023138026,0.6962325948308277,43.33358040269426,44.30350112915039,0.007738876342773426,0.5267478043821938,0.004076436121941205,0.004076436121941205,1.0,False,True,False,False,alive
role_conditioned_ar_ppo_order_012,learning,medium,heterogeneity_pressure,1,1,206,0,206,16,0,missile,0-1-2,0,5,,True,True,True,0,0,1.0,0,0,0,0,False,False,,,,,,,,,0.0,,False,False,False,False,
role_conditioned_ar_ppo_order_012,learning,medium,heterogeneity_pressure,1,1,206,0,206,16,1,missile,0-1-2,1,5,,True,True,True,0,0,1.0,0,0,0,0,False,False,,,,,,,,,0.0,,False,False,False,False,
role_conditioned_ar_ppo_order_012,learning,medium,heterogeneity_pressure,1,1,206,0,206,16,2,laser,0-1-2,2,0,0,False,True,True,9,0,1.0,1,1,1,0,False,True,True,0.9457109023138026,0.6962325948308277,42.33357902133701,42.66278839111328,0.025969017876519118,0.5267478043821938,0.013679123148418387,0.013679123148418387,1.0,False,True,False,False,alive
role_conditioned_ar_ppo_order_012,learning,medium,heterogeneity_pressure,1,1,206,0,206,17,0,missile,0-1-2,0,5,,True,True,True,0,0,1.0,0,0,0,0,False,False,,,,,,,,,0.0,,False,False,False,False,
role_conditioned_ar_ppo_order_012,learning,medium,heterogeneity_pressure,1,1,206,0,206,17,1,missile,0-1-2,1,5,,True,True,True,0,0,1.0,0,0,0,0,False,False,,,,,,,,,0.0,,False,False,False,False,
role_conditioned_ar_ppo_order_012,learning,medium,heterogeneity_pressure,1,1,206,0,206,17,2,laser,0-1-2,2,0,0,False,True,True,8,0,1.0,1,1,1,0,False,True,True,0.9457109023138026,0.6962325948308277,41.333577639979765,41.02231979370117,0.04419644673665363,0.5267478043821938,0.023280381280026873,0.023280381280026873,1.0,False,True,False,False,alive
role_conditioned_ar_ppo_order_012,learning,medium,heterogeneity_pressure,1,1,206,0,206,18,0,missile,0-1-2,0,5,,True,True,True,0,0,1.0,0,0,0,0,False,False,,,,,,,,,0.0,,False,False,False,False,
role_conditioned_ar_ppo_order_012,learning,medium,heterogeneity_pressure,1,1,206,0,206,18,1,missile,0-1-2,1,5,,True,True,True,0,0,1.0,0,0,0,0,False,False,,,,,,,,,0.0,,False,False,False,False,
role_conditioned_ar_ppo_order_012,learning,medium,heterogeneity_pressure,1,1,206,0,206,18,2,laser,0-1-2,2,1,1,False,True,True,7,0,1.0,3,3,3,0,False,True,True,0.8944048812044247,1.4572351588422823,11.24443472791916,44.24198913574219,0.008422342936197924,1.3033582391312426,0.010977330058682386,0.03288007655787279,0.3338596258850249,False,True,False,False,alive
role_conditioned_ar_ppo_order_012,learning,medium,heterogeneity_pressure,1,1,206,0,206,19,0,missile,0-1-2,0,5,,True,True,True,0,0,1.0,0,0,0,0,False,False,,,,,,,,,0.0,,False,False,False,False,
role_conditioned_ar_ppo_order_012,learning,medium,heterogeneity_pressure,1,1,206,0,206,19,1,missile,0-1-2,1,5,,True,True,True,0,0,1.0,0,0,0,0,False,False,,,,,,,,,0.0,,False,False,False,False,
role_conditioned_ar_ppo_order_012,learning,medium,heterogeneity_pressure,1,1,206,0,206,19,2,laser,0-1-2,2,1,1,False,True,True,6,0,1.0,3,3,3,0,False,True,True,0.8944048812044247,1.4572351588422823,10.244434914907798,41.578338623046875,0.038018459743923594,1.3033582391312426,0.04955167274632229,0.04955167274632229,1.0,False,True,False,False,alive
role_conditioned_ar_ppo_order_012,learning,medium,heterogeneity_pressure,1,1,206,0,206,20,0,missile,0-1-2,0,5,,True,True,True,0,0,1.0,0,0,0,0,False,False,,,,,,,,,0.0,,False,False,False,False,
role_conditioned_ar_ppo_order_012,learning,medium,heterogeneity_pressure,1,1,206,0,206,20,1,missile,0-1-2,1,5,,True,True,True,0,0,1.0,0,0,0,0,False,False,,,,,,,,,0.0,,False,False,False,False,
role_conditioned_ar_ppo_order_012,learning,medium,heterogeneity_pressure,1,1,206,0,206,20,2,laser,0-1-2,2,1,1,False,True,True,5,0,1.0,4,4,3,0,False,True,True,0.8944048812044247,1.4572351588422823,9.244435101896435,38.92512512207031,0.06749860975477429,1.3033582391312426,0.08797486915378953,0.08797486915378953,1.0,False,True,False,False,alive
role_conditioned_ar_ppo_order_012,learning,medium,heterogeneity_pressure,1,1,206,0,206,21,0,missile,0-1-2,0,5,,True,True,True,0,0,1.0,0,0,0,0,False,False,,,,,,,,,0.0,,False,False,False,False,
role_conditioned_ar_ppo_order_012,learning,medium,heterogeneity_pressure,1,1,206,0,206,21,1,missile,0-1-2,1,5,,True,True,True,0,0,1.0,0,0,0,0,False,False,,,,,,,,,0.0,,False,False,False,False,
role_conditioned_ar_ppo_order_012,learning,medium,heterogeneity_pressure,1,1,206,0,206,21,2,laser,0-1-2,2,1,1,False,True,True,4,0,1.0,4,4,3,0,False,True,True,0.8944048812044247,1.4572351588422823,8.244435288885073,36.28464126586914,0.09683731926812067,1.3033582391312426,0.1262137179234877,0.1262137179234877,1.0,False,True,False,False,alive
role_conditioned_ar_ppo_order_012,learning,medium,heterogeneity_pressure,1,1,206,0,206,22,0,missile,0-1-2,0,5,,True,True,True,0,0,1.0,0,0,0,0,False,False,,,,,,,,,0.0,,False,False,False,False,
role_conditioned_ar_ppo_order_012,learning,medium,heterogeneity_pressure,1,1,206,0,206,22,1,missile,0-1-2,1,5,,True,True,True,0,0,1.0,0,0,0,0,False,False,,,,,,,,,0.0,,False,False,False,False,
role_conditioned_ar_ppo_order_012,learning,medium,heterogeneity_pressure,1,1,206,0,206,22,2,laser,0-1-2,2,1,1,False,True,True,3,0,1.0,4,4,3,0,False,True,True,0.8944048812044247,1.4572351588422823,7.244434779476583,33.65989303588867,0.12600118849012587,1.3033582391312426,0.16422468715893423,0.16422468715893423,1.0,False,True,False,False,alive
role_conditioned_ar_ppo_order_012,learning,medium,heterogeneity_pressure,1,1,206,0,206,23,0,missile,0-1-2,0,5,,True,True,True,0,0,1.0,0,0,0,0,False,False,,,,,,,,,0.0,,False,False,False,False,
role_conditioned_ar_ppo_order_012,learning,medium,heterogeneity_pressure,1,1,206,0,206,23,1,missile,0-1-2,1,5,,True,True,True,0,0,1.0,0,0,0,0,False,False,,,,,,,,,0.0,,False,False,False,False,
role_conditioned_ar_ppo_order_012,learning,medium,heterogeneity_pressure,1,1,206,0,206,23,2,laser,0-1-2,2,1,1,False,True,True,2,0,1.0,4,4,3,0,False,True,True,0.8944048812044247,1.4572351588422823,6.244434966465221,31.054859161376953,0.15494600931803387,1.3033582391312426,0.20195015786516574,0.20195015786516574,1.0,False,True,False,False,alive
role_conditioned_ar_ppo_order_012,learning,medium,heterogeneity_pressure,1,1,206,0,206,24,0,missile,0-1-2,0,5,,True,True,True,0,0,1.0,0,0,0,0,False,False,,,,,,,,,0.0,,False,False,False,False,
role_conditioned_ar_ppo_order_012,learning,medium,heterogeneity_pressure,1,1,206,0,206,24,1,missile,0-1-2,1,5,,True,True,True,0,0,1.0,0,0,0,0,False,False,,,,,,,,,0.0,,False,False,False,False,
role_conditioned_ar_ppo_order_012,learning,medium,heterogeneity_pressure,1,1,206,0,206,24,2,laser,0-1-2,2,1,1,False,True,True,1,0,1.0,4,4,3,0,False,True,True,0.8944048812044247,1.4572351588422823,5.244435153453859,28.474956512451172,0.18361159430609808,1.3033582391312426,0.23931168423887608,0.23931168423887608,1.0,False,True,False,False,alive
role_conditioned_ar_ppo_order_012,learning,medium,heterogeneity_pressure,1,1,206,0,206,25,0,missile,0-1-2,0,5,,True,True,True,0,0,1.0,0,0,0,0,False,False,,,,,,,,,0.0,,False,False,False,False,
role_conditioned_ar_ppo_order_012,learning,medium,heterogeneity_pressure,1,1,206,0,206,25,1,missile,0-1-2,1,5,,True,True,True,0,0,1.0,0,0,0,0,False,False,,,,,,,,,0.0,,False,False,False,False,
role_conditioned_ar_ppo_order_012,learning,medium,heterogeneity_pressure,1,1,206,0,206,25,2,laser,0-1-2,2,5,,True,True,True,0,0,1.0,0,0,0,0,False,False,,,,,,,,,0.0,,False,False,False,False,
role_conditioned_ar_ppo_order_012,learning,medium,heterogeneity_pressure,1,1,206,0,206,26,0,missile,0-1-2,0,5,,True,True,True,0,0,1.0,0,0,0,0,False,False,,,,,,,,,0.0,,False,False,False,False,
role_conditioned_ar_ppo_order_012,learning,medium,heterogeneity_pressure,1,1,206,0,206,26,1,missile,0-1-2,1,5,,True,True,True,0,0,1.0,0,0,0,0,False,False,,,,,,,,,0.0,,False,False,False,False,
role_conditioned_ar_ppo_order_012,learning,medium,heterogeneity_pressure,1,1,206,0,206,26,2,laser,0-1-2,2,5,,True,True,True,0,0,1.0,0,0,0,0,False,False,,,,,,,,,0.0,,False,False,False,False,
role_conditioned_ar_ppo_order_012,learning,medium,heterogeneity_pressure,1,1,206,0,206,27,0,missile,0-1-2,0,5,,True,True,True,0,0,1.0,0,0,0,0,False,False,,,,,,,,,0.0,,False,False,False,False,
role_conditioned_ar_ppo_order_012,learning,medium,heterogeneity_pressure,1,1,206,0,206,27,1,missile,0-1-2,1,5,,True,True,True,0,0,1.0,0,0,0,0,False,False,,,,,,,,,0.0,,False,False,False,False,
role_conditioned_ar_ppo_order_012,learning,medium,heterogeneity_pressure,1,1,206,0,206,27,2,laser,0-1-2,2,5,,True,True,True,0,0,1.0,0,0,0,0,False,False,,,,,,,,,0.0,,False,False,False,False,
role_conditioned_ar_ppo_order_012,learning,medium,heterogeneity_pressure,1,1,206,0,206,28,0,missile,0-1-2,0,5,,True,True,True,0,0,1.0,0,0,0,0,False,False,,,,,,,,,0.0,,False,False,False,False,
role_conditioned_ar_ppo_order_012,learning,medium,heterogeneity_pressure,1,1,206,0,206,28,1,missile,0-1-2,1,5,,True,True,True,0,0,1.0,0,0,0,0,False,False,,,,,,,,,0.0,,False,False,False,False,
role_conditioned_ar_ppo_order_012,learning,medium,heterogeneity_pressure,1,1,206,0,206,28,2,laser,0-1-2,2,5,,True,True,True,0,0,1.0,0,0,0,0,False,False,,,,,,,,,0.0,,False,False,False,False,
role_conditioned_ar_ppo_order_012,learning,medium,heterogeneity_pressure,1,1,206,0,206,29,0,missile,0-1-2,0,5,,True,True,True,0,0,1.0,0,0,0,0,False,False,,,,,,,,,0.0,,False,False,False,False,
role_conditioned_ar_ppo_order_012,learning,medium,heterogeneity_pressure,1,1,206,0,206,29,1,missile,0-1-2,1,5,,True,True,True,0,0,1.0,0,0,0,0,False,False,,,,,,,,,0.0,,False,False,False,False,
role_conditioned_ar_ppo_order_012,learning,medium,heterogeneity_pressure,1,1,206,0,206,29,2,laser,0-1-2,2,5,,True,True,True,0,0,1.0,0,0,0,0,False,False,,,,,,,,,0.0,,False,False,False,False,
role_conditioned_ar_ppo_order_012,learning,medium,heterogeneity_pressure,1,1,206,0,206,30,0,missile,0-1-2,0,5,,True,True,True,0,0,1.0,0,0,0,0,False,False,,,,,,,,,0.0,,False,False,False,False,
role_conditioned_ar_ppo_order_012,learning,medium,heterogeneity_pressure,1,1,206,0,206,30,1,missile,0-1-2,1,5,,True,True,True,0,0,1.0,0,0,0,0,False,False,,,,,,,,,0.0,,False,False,False,False,
role_conditioned_ar_ppo_order_012,learning,medium,heterogeneity_pressure,1,1,206,0,206,30,2,laser,0-1-2,2,5,,True,True,True,0,0,1.0,0,0,0,0,False,False,,,,,,,,,0.0,,False,False,False,False,
role_conditioned_ar_ppo_order_012,learning,medium,heterogeneity_pressure,1,1,206,0,206,31,0,missile,0-1-2,0,5,,True,True,True,0,0,1.0,0,0,0,0,False,False,,,,,,,,,0.0,,False,False,False,False,
role_conditioned_ar_ppo_order_012,learning,medium,heterogeneity_pressure,1,1,206,0,206,31,1,missile,0-1-2,1,5,,True,True,True,0,0,1.0,0,0,0,0,False,False,,,,,,,,,0.0,,False,False,False,False,
role_conditioned_ar_ppo_order_012,learning,medium,heterogeneity_pressure,1,1,206,0,206,31,2,laser,0-1-2,2,5,,True,True,True,0,0,1.0,0,0,0,0,False,False,,,,,,,,,0.0,,False,False,False,False,
role_conditioned_ar_ppo_order_012,learning,medium,heterogeneity_pressure,1,1,206,0,206,32,0,missile,0-1-2,0,5,,True,True,True,0,0,1.0,0,0,0,0,False,False,,,,,,,,,0.0,,False,False,False,False,
role_conditioned_ar_ppo_order_012,learning,medium,heterogeneity_pressure,1,1,206,0,206,32,1,missile,0-1-2,1,5,,True,True,True,0,0,1.0,0,0,0,0,False,False,,,,,,,,,0.0,,False,False,False,False,
role_conditioned_ar_ppo_order_012,learning,medium,heterogeneity_pressure,1,1,206,0,206,32,2,laser,0-1-2,2,5,,True,True,True,0,0,1.0,0,0,0,0,False,False,,,,,,,,,0.0,,False,False,False,False,
role_conditioned_ar_ppo_order_012,learning,medium,heterogeneity_pressure,1,1,206,0,206,33,0,missile,0-1-2,0,5,,True,True,True,0,0,1.0,0,0,0,0,False,False,,,,,,,,,0.0,,False,False,False,False,
role_conditioned_ar_ppo_order_012,learning,medium,heterogeneity_pressure,1,1,206,0,206,33,1,missile,0-1-2,1,5,,True,True,True,0,0,1.0,0,0,0,0,False,False,,,,,,,,,0.0,,False,False,False,False,
role_conditioned_ar_ppo_order_012,learning,medium,heterogeneity_pressure,1,1,206,0,206,33,2,laser,0-1-2,2,5,,True,True,True,0,0,1.0,0,0,0,0,False,False,,,,,,,,,0.0,,False,False,False,False,
role_conditioned_ar_ppo_order_012,learning,medium,heterogeneity_pressure,1,1,206,0,206,34,0,missile,0-1-2,0,5,,True,True,True,0,0,1.0,0,0,0,0,False,False,,,,,,,,,0.0,,False,False,False,False,
role_conditioned_ar_ppo_order_012,learning,medium,heterogeneity_pressure,1,1,206,0,206,34,1,missile,0-1-2,1,5,,True,True,True,0,0,1.0,0,0,0,0,False,False,,,,,,,,,0.0,,False,False,False,False,
role_conditioned_ar_ppo_order_012,learning,medium,heterogeneity_pressure,1,1,206,0,206,34,2,laser,0-1-2,2,5,,True,True,True,0,0,1.0,0,0,0,0,False,False,,,,,,,,,0.0,,False,False,False,False,
role_conditioned_ar_ppo_order_012,learning,medium,heterogeneity_pressure,1,1,206,0,206,35,0,missile,0-1-2,0,5,,True,True,True,0,0,1.0,0,0,0,0,False,False,,,,,,,,,0.0,,False,False,False,False,
role_conditioned_ar_ppo_order_012,learning,medium,heterogeneity_pressure,1,1,206,0,206,35,1,missile,0-1-2,1,5,,True,True,True,0,0,1.0,0,0,0,0,False,False,,,,,,,,,0.0,,False,False,False,False,
role_conditioned_ar_ppo_order_012,learning,medium,heterogeneity_pressure,1,1,206,0,206,35,2,laser,0-1-2,2,5,,True,True,True,0,0,1.0,0,0,0,0,False,False,,,,,,,,,0.0,,False,False,False,False,
role_conditioned_ar_ppo_order_012,learning,medium,heterogeneity_pressure,1,1,206,0,206,36,0,missile,0-1-2,0,5,,True,True,True,0,0,1.0,0,0,0,0,False,False,,,,,,,,,0.0,,False,False,False,False,
role_conditioned_ar_ppo_order_012,learning,medium,heterogeneity_pressure,1,1,206,0,206,36,1,missile,0-1-2,1,5,,True,True,True,0,0,1.0,0,0,0,0,False,False,,,,,,,,,0.0,,False,False,False,False,
role_conditioned_ar_ppo_order_012,learning,medium,heterogeneity_pressure,1,1,206,0,206,36,2,laser,0-1-2,2,5,,True,True,True,0,0,1.0,0,0,0,0,False,False,,,,,,,,,0.0,,False,False,False,False,
role_conditioned_ar_ppo_order_012,learning,medium,heterogeneity_pressure,1,1,206,0,206,37,0,missile,0-1-2,0,5,,True,True,True,0,0,1.0,0,0,0,0,False,False,,,,,,,,,0.0,,False,False,False,False,
role_conditioned_ar_ppo_order_012,learning,medium,heterogeneity_pressure,1,1,206,0,206,37,1,missile,0-1-2,1,5,,True,True,True,0,0,1.0,0,0,0,0,False,False,,,,,,,,,0.0,,False,False,False,False,
role_conditioned_ar_ppo_order_012,learning,medium,heterogeneity_pressure,1,1,206,0,206,37,2,laser,0-1-2,2,5,,True,True,True,0,0,1.0,0,0,0,0,False,False,,,,,,,,,0.0,,False,False,False,False,
role_conditioned_ar_ppo_order_012,learning,medium,heterogeneity_pressure,1,1,206,0,206,38,0,missile,0-1-2,0,5,,True,True,True,0,0,1.0,0,0,0,0,False,False,,,,,,,,,0.0,,False,False,False,False,
role_conditioned_ar_ppo_order_012,learning,medium,heterogeneity_pressure,1,1,206,0,206,38,1,missile,0-1-2,1,5,,True,True,True,0,0,1.0,0,0,0,0,False,False,,,,,,,,,0.0,,False,False,False,False,
role_conditioned_ar_ppo_order_012,learning,medium,heterogeneity_pressure,1,1,206,0,206,38,2,laser,0-1-2,2,5,,True,True,True,0,0,1.0,0,0,0,0,False,False,,,,,,,,,0.0,,False,False,False,False,
role_conditioned_ar_ppo_order_012,learning,medium,heterogeneity_pressure,1,1,206,0,206,39,0,missile,0-1-2,0,5,,True,True,True,0,0,1.0,0,0,0,0,False,False,,,,,,,,,0.0,,False,False,False,False,
role_conditioned_ar_ppo_order_012,learning,medium,heterogeneity_pressure,1,1,206,0,206,39,1,missile,0-1-2,1,5,,True,True,True,0,0,1.0,0,0,0,0,False,False,,,,,,,,,0.0,,False,False,False,False,
role_conditioned_ar_ppo_order_012,learning,medium,heterogeneity_pressure,1,1,206,0,206,39,2,laser,0-1-2,2,5,,True,True,True,0,0,1.0,0,0,0,0,False,False,,,,,,,,,0.0,,False,False,False,False,
role_conditioned_ar_ppo_order_012,learning,medium,heterogeneity_pressure,1,1,206,1,207,0,0,missile,0-1-2,0,3,3,False,True,True,3,0,1.0,5,5,1,0,False,False,True,0.7265501942909749,1.035965003924803,61.10231546817011,42.19694519042969,0.5088572991412619,0.602144459904173,0.3064056035597113,0.3064056035597113,1.0,False,True,False,False,alive
role_conditioned_ar_ppo_order_012,learning,medium,heterogeneity_pressure,1,1,206,1,207,0,1,missile,0-1-2,1,5,,True,True,True,3,0,1.0,1,0,0,1,False,False,,,,,,,,,0.0,,False,False,False,False,
role_conditioned_ar_ppo_order_012,learning,medium,heterogeneity_pressure,1,1,206,1,207,0,2,laser,0-1-2,2,5,,True,True,True,10,0,1.0,0,0,0,0,False,False,,,,,,,,,0.0,,False,False,False,False,
role_conditioned_ar_ppo_order_012,learning,medium,heterogeneity_pressure,1,1,206,1,207,1,0,missile,0-1-2,0,5,,True,True,True,2,1,1.0,0,0,0,0,False,False,,,,,,,,,0.0,,False,False,False,False,
role_conditioned_ar_ppo_order_012,learning,medium,heterogeneity_pressure,1,1,206,1,207,1,1,missile,0-1-2,1,3,3,False,True,True,3,0,1.0,2,2,0,0,False,False,True,0.7265501942909749,1.035965003924803,60.1023128227201,62.47412109375,0.10319702148437497,0.602144459904173,0.062139514765428304,0.062139514765428304,1.0,False,True,False,False,alive
role_conditioned_ar_ppo_order_012,learning,medium,heterogeneity_pressure,1,1,206,1,207,1,2,laser,0-1-2,2,5,,True,True,True,10,0,1.0,0,0,0,0,False,False,,,,,,,,,0.0,,False,False,False,False,
role_conditioned_ar_ppo_order_012,learning,medium,heterogeneity_pressure,1,1,206,1,207,2,0,missile,0-1-2,0,3,3,False,True,True,2,0,1.0,5,5,1,0,False,False,True,0.7265501942909749,1.035965003924803,59.10231689749215,40.1186408996582,0.5300921473295792,0.602144459904173,0.31919204975321275,0.31919204975321275,1.0,False,True,False,False,alive
role_conditioned_ar_ppo_order_012,learning,medium,heterogeneity_pressure,1,1,206,1,207,2,1,missile,0-1-2,1,5,,True,True,True,2,1,1.0,0,0,0,0,False,False,,,,,,,,,0.0,,False,False,False,False,
role_conditioned_ar_ppo_order_012,learning,medium,heterogeneity_pressure,1,1,206,1,207,2,2,laser,0-1-2,2,5,,True,True,True,10,0,1.0,0,0,0,0,False,False,,,,,,,,,0.0,,False,False,False,False,
role_conditioned_ar_ppo_order_012,learning,medium,heterogeneity_pressure,1,1,206,1,207,3,0,missile,0-1-2,0,5,,True,True,True,1,1,1.0,0,0,0,0,False,False,,,,,,,,,0.0,,False,False,False,False,
role_conditioned_ar_ppo_order_012,learning,medium,heterogeneity_pressure,1,1,206,1,207,3,1,missile,0-1-2,1,3,3,False,True,True,2,0,1.0,3,3,0,0,False,False,True,0.7265501942909749,1.035965003924803,58.10232097226421,60.24888610839844,0.1273037338256836,0.602144459904173,0.07665523804825085,0.07665523804825085,1.0,False,True,False,False,alive
role_conditioned_ar_ppo_order_012,learning,medium,heterogeneity_pressure,1,1,206,1,207,3,2,laser,0-1-2,2,5,,True,True,True,10,0,1.0,0,0,0,0,False,False,,,,,,,,,0.0,,False,False,False,False,
role_conditioned_ar_ppo_order_012,learning,medium,heterogeneity_pressure,1,1,206,1,207,4,0,missile,0-1-2,0,3,3,False,True,True,1,0,1.0,5,5,1,0,False,False,True,0.7265501942909749,1.035965003924803,57.10231832681419,38.06231689453125,0.551102414338485,0.602144459904173,0.3318432656337328,0.3318432656337328,1.0,False,True,False,False,alive
role_conditioned_ar_ppo_order_012,learning,medium,heterogeneity_pressure,1,1,206,1,207,4,1,missile,0-1-2,1,5,,True,True,True,1,1,1.0,0,0,0,0,False,False,,,,,,,,,0.0,,False,False,False,False,
role_conditioned_ar_ppo_order_012,learning,medium,heterogeneity_pressure,1,1,206,1,207,4,2,laser,0-1-2,2,5,,True,True,True,10,0,1.0,0,0,0,0,False,False,,,,,,,,,0.0,,False,False,False,False,
role_conditioned_ar_ppo_order_012,learning,medium,heterogeneity_pressure,1,1,206,1,207,5,0,missile,0-1-2,0,5,,True,True,True,0,1,1.0,0,0,0,0,False,False,,,,,,,,,0.0,,False,False,False,False,
role_conditioned_ar_ppo_order_012,learning,medium,heterogeneity_pressure,1,1,206,1,207,5,1,missile,0-1-2,1,3,3,False,True,True,1,0,1.0,3,3,0,0,False,False,True,0.7265501942909749,1.035965003924803,56.10231568136418,58.02716827392578,0.15137234369913738,0.602144459904173,0.09114801814114593,0.09114801814114593,1.0,False,True,False,False,alive
role_conditioned_ar_ppo_order_012,learning,medium,heterogeneity_pressure,1,1,206,1,207,5,2,laser,0-1-2,2,5,,True,True,True,10,0,1.0,0,0,0,0,False,False,,,,,,,,,0.0,,False,False,False,False,
role_conditioned_ar_ppo_order_012,learning,medium,heterogeneity_pressure,1,1,206,1,207,6,0,missile,0-1-2,0,5,,True,True,True,0,0,1.0,0,0,0,0,False,False,,,,,,,,,0.0,,False,False,False,False,
role_conditioned_ar_ppo_order_012,learning,medium,heterogeneity_pressure,1,1,206,1,207,6,1,missile,0-1-2,1,5,,True,True,True,0,1,1.0,0,0,0,0,False,False,,,,,,,,,0.0,,False,False,False,False,
role_conditioned_ar_ppo_order_012,learning,medium,heterogeneity_pressure,1,1,206,1,207,6,2,laser,0-1-2,2,5,,True,True,True,10,0,1.0,0,0,0,0,False,False,,,,,,,,,0.0,,False,False,False,False,
role_conditioned_ar_ppo_order_012,learning,medium,heterogeneity_pressure,1,1,206,1,207,7,0,missile,0-1-2,0,5,,True,True,True,0,0,1.0,0,0,0,0,False,False,,,,,,,,,0.0,,False,False,False,False,
role_conditioned_ar_ppo_order_012,learning,medium,heterogeneity_pressure,1,1,206,1,207,7,1,missile,0-1-2,1,5,,True,True,True,0,0,1.0,0,0,0,0,False,False,,,,,,,,,0.0,,False,False,False,False,
role_conditioned_ar_ppo_order_012,learning,medium,heterogeneity_pressure,1,1,206,1,207,7,2,laser,0-1-2,2,1,1,False,True,True,10,0,1.0,1,1,0,0,False,False,True,0.745035291964848,1.1275632198649101,20.52413975727856,42.48473358154297,0.027947404649522556,0.672059514176702,0.01878231919125783,0.01878231919125783,1.0,False,True,False,False,alive
role_conditioned_ar_ppo_order_012,learning,medium,heterogeneity_pressure,1,1,206,1,207,8,0,missile,0-1-2,0,5,,True,True,True,0,0,1.0,0,0,0,0,False,False,,,,,,,,,0.0,,False,False,False,False,
role_conditioned_ar_ppo_order_012,learning,medium,heterogeneity_pressure,1,1,206,1,207,8,1,missile,0-1-2,1,5,,True,True,True,0,0,1.0,0,0,0,0,False,False,,,,,,,,,0.0,,False,False,False,False,
role_conditioned_ar_ppo_order_012,learning,medium,heterogeneity_pressure,1,1,206,1,207,8,2,laser,0-1-2,2,1,1,False,True,True,9,0,1.0,1,1,0,0,False,False,True,0.745035291964848,1.1275632198649101,19.52414013696998,39.73965835571289,0.05844824049207897,0.672059514176702,0.03928069610958963,0.03928069610958963,1.0,False,True,False,False,alive
role_conditioned_ar_ppo_order_012,learning,medium,heterogeneity_pressure,1,1,206,1,207,9,0,missile,0-1-2,0,5,,True,True,True,0,0,1.0,0,0,0,0,False,False,,,,,,,,,0.0,,False,False,False,False,
role_conditioned_ar_ppo_order_012,learning,medium,heterogeneity_pressure,1,1,206,1,207,9,1,missile,0-1-2,1,5,,True,True,True,0,0,1.0,0,0,0,0,False,False,,,,,,,,,0.0,,False,False,False,False,
role_conditioned_ar_ppo_order_012,learning,medium,heterogeneity_pressure,1,1,206,1,207,9,2,laser,0-1-2,2,1,1,False,True,True,8,0,1.0,1,1,0,0,False,False,True,0.745035291964848,1.1275632198649101,18.524139244063722,37.03375244140625,0.08851386176215276,0.672059514176702,0.059486582933776136,0.059486582933776136,1.0,False,True,False,False,alive
role_conditioned_ar_ppo_order_012,learning,medium,heterogeneity_pressure,1,1,206,1,207,10,0,missile,0-1-2,0,5,,True,True,True,0,0,1.0,0,0,0,0,False,False,,,,,,,,,0.0,,False,False,False,False,
role_conditioned_ar_ppo_order_012,learning,medium,heterogeneity_pressure,1,1,206,1,207,10,1,missile,0-1-2,1,5,,True,True,True,0,0,1.0,0,0,0,0,False,False,,,,,,,,,0.0,,False,False,False,False,
role_conditioned_ar_ppo_order_012,learning,medium,heterogeneity_pressure,1,1,206,1,207,10,2,laser,0-1-2,2,1,1,False,True,True,7,0,1.0,1,1,0,0,False,False,True,0.745035291964848,1.1275632198649101,17.52413835115746,34.37627410888672,0.11804139879014758,0.672059514176702,0.07933084512364491,0.07933084512364491,1.0,False,True,False,False,alive
role_conditioned_ar_ppo_order_012,learning,medium,heterogeneity_pressure,1,1,206,1,207,11,0,missile,0-1-2,0,5,,True,True,True,0,0,1.0,0,0,0,0,False,False,,,,,,,,,0.0,,False,False,False,False,
role_conditioned_ar_ppo_order_012,learning,medium,heterogeneity_pressure,1,1,206,1,207,11,1,missile,0-1-2,1,5,,True,True,True,0,0,1.0,0,0,0,0,False,False,,,,,,,,,0.0,,False,False,False,False,
role_conditioned_ar_ppo_order_012,learning,medium,heterogeneity_pressure,1,1,206,1,207,11,2,laser,0-1-2,2,1,1,False,True,True,6,0,1.0,1,1,0,0,False,False,True,0.745035291964848,1.1275632198649101,16.524137458251204,31.779373168945312,0.14689585367838542,0.672059514176702,0.0987227560576676,0.0987227560576676,1.0,False,True,True,True,intercepted
role_conditioned_ar_ppo_order_012,learning,medium,heterogeneity_pressure,1,1,206,1,207,12,0,missile,0-1-2,0,5,,True,True,True,0,0,1.0,0,0,0,0,False,False,,,,,,,,,0.0,,False,False,False,False,
role_conditioned_ar_ppo_order_012,learning,medium,heterogeneity_pressure,1,1,206,1,207,12,1,missile,0-1-2,1,5,,True,True,True,0,0,1.0,0,0,0,0,False,False,,,,,,,,,0.0,,False,False,False,False,
role_conditioned_ar_ppo_order_012,learning,medium,heterogeneity_pressure,1,1,206,1,207,12,2,laser,0-1-2,2,5,,True,True,True,5,0,1.0,0,0,0,0,False,False,,,,,,,,,0.0,,False,False,False,False,
role_conditioned_ar_ppo_order_012,learning,medium,heterogeneity_pressure,1,1,206,1,207,13,0,missile,0-1-2,0,5,,True,True,True,0,0,1.0,0,0,0,0,False,False,,,,,,,,,0.0,,False,False,False,False,
role_conditioned_ar_ppo_order_012,learning,medium,heterogeneity_pressure,1,1,206,1,207,13,1,missile,0-1-2,1,5,,True,True,True,0,0,1.0,0,0,0,0,False,False,,,,,,,,,0.0,,False,False,False,False,
role_conditioned_ar_ppo_order_012,learning,medium,heterogeneity_pressure,1,1,206,1,207,13,2,laser,0-1-2,2,5,,True,True,True,5,0,1.0,0,0,0,0,False,False,,,,,,,,,0.0,,False,False,False,False,
role_conditioned_ar_ppo_order_012,learning,medium,heterogeneity_pressure,1,1,206,1,207,14,0,missile,0-1-2,0,5,,True,True,True,0,0,1.0,0,0,0,0,False,False,,,,,,,,,0.0,,False,False,False,False,
role_conditioned_ar_ppo_order_012,learning,medium,heterogeneity_pressure,1,1,206,1,207,14,1,missile,0-1-2,1,5,,True,True,True,0,0,1.0,0,0,0,0,False,False,,,,,,,,,0.0,,False,False,False,False,
role_conditioned_ar_ppo_order_012,learning,medium,heterogeneity_pressure,1,1,206,1,207,14,2,laser,0-1-2,2,5,,True,True,True,5,0,1.0,0,0,0,0,False,False,,,,,,,,,0.0,,False,False,False,False,
role_conditioned_ar_ppo_order_012,learning,medium,heterogeneity_pressure,1,1,206,1,207,15,0,missile,0-1-2,0,5,,True,True,True,0,0,1.0,0,0,0,0,False,False,,,,,,,,,0.0,,False,False,False,False,
role_conditioned_ar_ppo_order_012,learning,medium,heterogeneity_pressure,1,1,206,1,207,15,1,missile,0-1-2,1,5,,True,True,True,0,0,1.0,0,0,0,0,False,False,,,,,,,,,0.0,,False,False,False,False,
role_conditioned_ar_ppo_order_012,learning,medium,heterogeneity_pressure,1,1,206,1,207,15,2,laser,0-1-2,2,2,2,False,True,True,5,0,1.0,1,1,0,0,False,False,True,0.5003953163358233,1.252686461289437,19.283384894075613,44.44113540649414,0.006209606594509531,0.626838438066531,0.003892420098709985,0.003892420098709985,1.0,False,True,False,False,alive
role_conditioned_ar_ppo_order_012,learning,medium,heterogeneity_pressure,1,1,206,1,207,16,0,missile,0-1-2,0,5,,True,True,True,0,0,1.0,0,0,0,0,False,False,,,,,,,,,0.0,,False,False,False,False,
role_conditioned_ar_ppo_order_012,learning,medium,heterogeneity_pressure,1,1,206,1,207,16,1,missile,0-1-2,1,5,,True,True,True,0,0,1.0,0,0,0,0,False,False,,,,,,,,,0.0,,False,False,False,False,
role_conditioned_ar_ppo_order_012,learning,medium,heterogeneity_pressure,1,1,206,1,207,16,2,laser,0-1-2,2,2,2,False,True,True,4,0,1.0,1,1,0,0,False,False,True,0.5003953163358233,1.252686461289437,18.28338601439893,42.817100524902344,0.024254438612196172,0.626838438066531,0.015203614415849607,0.015203614415849607,1.0,False,True,False,False,alive
role_conditioned_ar_ppo_order_012,learning,medium,heterogeneity_pressure,1,1,206,1,207,17,0,missile,0-1-2,0,5,,True,True,True,0,0,1.0,0,0,0,0,False,False,,,,,,,,,0.0,,False,False,False,False,
role_conditioned_ar_ppo_order_012,learning,medium,heterogeneity_pressure,1,1,206,1,207,17,1,missile,0-1-2,1,5,,True,True,True,0,0,1.0,0,0,0,0,False,False,,,,,,,,,0.0,,False,False,False,False,
role_conditioned_ar_ppo_order_012,learning,medium,heterogeneity_pressure,1,1,206,1,207,17,2,laser,0-1-2,2,3,3,False,True,True,3,0,1.0,2,2,0,0,False,False,True,0.7265501942909749,1.035965003924803,44.10232089718538,44.5567626953125,0.004924858940972221,0.602144459904173,0.0029654765271159554,0.026484679627155634,0.1119695072344901,False,True,False,False,alive
role_conditioned_ar_ppo_order_012,learning,medium,heterogeneity_pressure,1,1,206,1,207,18,0,missile,0-1-2,0,5,,True,True,True,0,0,1.0,0,0,0,0,False,False,,,,,,,,,0.0,,False,False,False,False,
role_conditioned_ar_ppo_order_012,learning,medium,heterogeneity_pressure,1,1,206,1,207,18,1,missile,0-1-2,1,5,,True,True,True,0,0,1.0,0,0,0,0,False,False,,,,,,,,,0.0,,False,False,False,False,
role_conditioned_ar_ppo_order_012,learning,medium,heterogeneity_pressure,1,1,206,1,207,18,2,laser,0-1-2,2,3,3,False,True,True,2,0,1.0,2,2,0,0,False,False,True,0.7265501942909749,1.035965003924803,43.10232497195744,43.63312530517578,0.015187496609157969,0.602144459904173,0.009145066943017883,0.03773189608993258,0.24236966308878177,False,True,False,False,alive
role_conditioned_ar_ppo_order_012,learning,medium,heterogeneity_pressure,1,1,206,1,207,19,0,missile,0-1-2,0,5,,True,True,True,0,0,1.0,0,0,0,0,False,False,,,,,,,,,0.0,,False,False,False,False,
role_conditioned_ar_ppo_order_012,learning,medium,heterogeneity_pressure,1,1,206,1,207,19,1,missile,0-1-2,1,5,,True,True,True,0,0,1.0,0,0,0,0,False,False,,,,,,,,,0.0,,False,False,False,False,
role_conditioned_ar_ppo_order_012,learning,medium,heterogeneity_pressure,1,1,206,1,207,19,2,laser,0-1-2,2,3,3,False,True,True,1,0,1.0,2,2,0,0,False,False,True,0.7265501942909749,1.035965003924803,42.10231896639639,42.719688415527344,0.02533679538302952,0.602144459904173,0.015256410971616854,0.04894098621508063,0.3117307629349683,False,True,False,False,alive
role_conditioned_ar_ppo_order_012,learning,medium,heterogeneity_pressure,1,1,206,1,207,20,0,missile,0-1-2,0,5,,True,True,True,0,0,1.0,0,0,0,0,False,False,,,,,,,,,0.0,,False,False,False,False,
role_conditioned_ar_ppo_order_012,learning,medium,heterogeneity_pressure,1,1,206,1,207,20,1,missile,0-1-2,1,5,,True,True,True,0,0,1.0,0,0,0,0,False,False,,,,,,,,,0.0,,False,False,False,False,
role_conditioned_ar_ppo_order_012,learning,medium,heterogeneity_pressure,1,1,206,1,207,20,2,laser,0-1-2,2,5,,True,True,True,0,0,1.0,0,0,0,0,False,False,,,,,,,,,0.0,,False,False,False,False,
role_conditioned_ar_ppo_order_012,learning,medium,heterogeneity_pressure,1,1,206,1,207,21,0,missile,0-1-2,0,5,,True,True,True,0,0,1.0,0,0,0,0,False,False,,,,,,,,,0.0,,False,False,False,False,
role_conditioned_ar_ppo_order_012,learning,medium,heterogeneity_pressure,1,1,206,1,207,21,1,missile,0-1-2,1,5,,True,True,True,0,0,1.0,0,0,0,0,False,False,,,,,,,,,0.0,,False,False,False,False,
role_conditioned_ar_ppo_order_012,learning,medium,heterogeneity_pressure,1,1,206,1,207,21,2,laser,0-1-2,2,5,,True,True,True,0,0,1.0,0,0,0,0,False,False,,,,,,,,,0.0,,False,False,False,False,
role_conditioned_ar_ppo_order_012,learning,medium,heterogeneity_pressure,1,1,206,1,207,22,0,missile,0-1-2,0,5,,True,True,True,0,0,1.0,0,0,0,0,False,False,,,,,,,,,0.0,,False,False,False,False,
role_conditioned_ar_ppo_order_012,learning,medium,heterogeneity_pressure,1,1,206,1,207,22,1,missile,0-1-2,1,5,,True,True,True,0,0,1.0,0,0,0,0,False,False,,,,,,,,,0.0,,False,False,False,False,
role_conditioned_ar_ppo_order_012,learning,medium,heterogeneity_pressure,1,1,206,1,207,22,2,laser,0-1-2,2,5,,True,True,True,0,0,1.0,0,0,0,0,False,False,,,,,,,,,0.0,,False,False,False,False,
role_conditioned_ar_ppo_order_012,learning,medium,heterogeneity_pressure,1,1,206,1,207,23,0,missile,0-1-2,0,5,,True,True,True,0,0,1.0,0,0,0,0,False,False,,,,,,,,,0.0,,False,False,False,False,
role_conditioned_ar_ppo_order_012,learning,medium,heterogeneity_pressure,1,1,206,1,207,23,1,missile,0-1-2,1,5,,True,True,True,0,0,1.0,0,0,0,0,False,False,,,,,,,,,0.0,,False,False,False,False,
role_conditioned_ar_ppo_order_012,learning,medium,heterogeneity_pressure,1,1,206,1,207,23,2,laser,0-1-2,2,5,,True,True,True,0,0,1.0,0,0,0,0,False,False,,,,,,,,,0.0,,False,False,False,False,
role_conditioned_ar_ppo_order_012,learning,medium,heterogeneity_pressure,1,1,206,1,207,24,0,missile,0-1-2,0,5,,True,True,True,0,0,1.0,0,0,0,0,False,False,,,,,,,,,0.0,,False,False,False,False,
role_conditioned_ar_ppo_order_012,learning,medium,heterogeneity_pressure,1,1,206,1,207,24,1,missile,0-1-2,1,5,,True,True,True,0,0,1.0,0,0,0,0,False,False,,,,,,,,,0.0,,False,False,False,False,
role_conditioned_ar_ppo_order_012,learning,medium,heterogeneity_pressure,1,1,206,1,207,24,2,laser,0-1-2,2,5,,True,True,True,0,0,1.0,0,0,0,0,False,False,,,,,,,,,0.0,,False,False,False,False,
role_conditioned_ar_ppo_order_012,learning,medium,heterogeneity_pressure,1,1,206,1,207,25,0,missile,0-1-2,0,5,,True,True,True,0,0,1.0,0,0,0,0,False,False,,,,,,,,,0.0,,False,False,False,False,
role_conditioned_ar_ppo_order_012,learning,medium,heterogeneity_pressure,1,1,206,1,207,25,1,missile,0-1-2,1,5,,True,True,True,0,0,1.0,0,0,0,0,False,False,,,,,,,,,0.0,,False,False,False,False,
role_conditioned_ar_ppo_order_012,learning,medium,heterogeneity_pressure,1,1,206,1,207,25,2,laser,0-1-2,2,5,,True,True,True,0,0,1.0,0,0,0,0,False,False,,,,,,,,,0.0,,False,False,False,False,
role_conditioned_ar_ppo_order_012,learning,medium,heterogeneity_pressure,1,1,206,1,207,26,0,missile,0-1-2,0,5,,True,True,True,0,0,1.0,0,0,0,0,False,False,,,,,,,,,0.0,,False,False,False,False,
role_conditioned_ar_ppo_order_012,learning,medium,heterogeneity_pressure,1,1,206,1,207,26,1,missile,0-1-2,1,5,,True,True,True,0,0,1.0,0,0,0,0,False,False,,,,,,,,,0.0,,False,False,False,False,
role_conditioned_ar_ppo_order_012,learning,medium,heterogeneity_pressure,1,1,206,1,207,26,2,laser,0-1-2,2,5,,True,True,True,0,0,1.0,0,0,0,0,False,False,,,,,,,,,0.0,,False,False,False,False,
role_conditioned_ar_ppo_order_012,learning,medium,heterogeneity_pressure,1,1,206,1,207,27,0,missile,0-1-2,0,5,,True,True,True,0,0,1.0,0,0,0,0,False,False,,,,,,,,,0.0,,False,False,False,False,
role_conditioned_ar_ppo_order_012,learning,medium,heterogeneity_pressure,1,1,206,1,207,27,1,missile,0-1-2,1,5,,True,True,True,0,0,1.0,0,0,0,0,False,False,,,,,,,,,0.0,,False,False,False,False,
role_conditioned_ar_ppo_order_012,learning,medium,heterogeneity_pressure,1,1,206,1,207,27,2,laser,0-1-2,2,5,,True,True,True,0,0,1.0,0,0,0,0,False,False,,,,,,,,,0.0,,False,False,False,False,
role_conditioned_ar_ppo_order_012,learning,medium,heterogeneity_pressure,1,1,206,1,207,28,0,missile,0-1-2,0,5,,True,True,True,0,0,1.0,0,0,0,0,False,False,,,,,,,,,0.0,,False,False,False,False,
role_conditioned_ar_ppo_order_012,learning,medium,heterogeneity_pressure,1,1,206,1,207,28,1,missile,0-1-2,1,5,,True,True,True,0,0,1.0,0,0,0,0,False,False,,,,,,,,,0.0,,False,False,False,False,
role_conditioned_ar_ppo_order_012,learning,medium,heterogeneity_pressure,1,1,206,1,207,28,2,laser,0-1-2,2,5,,True,True,True,0,0,1.0,0,0,0,0,False,False,,,,,,,,,0.0,,False,False,False,False,
role_conditioned_ar_ppo_order_012,learning,medium,heterogeneity_pressure,1,1,206,1,207,29,0,missile,0-1-2,0,5,,True,True,True,0,0,1.0,0,0,0,0,False,False,,,,,,,,,0.0,,False,False,False,False,
role_conditioned_ar_ppo_order_012,learning,medium,heterogeneity_pressure,1,1,206,1,207,29,1,missile,0-1-2,1,5,,True,True,True,0,0,1.0,0,0,0,0,False,False,,,,,,,,,0.0,,False,False,False,False,
role_conditioned_ar_ppo_order_012,learning,medium,heterogeneity_pressure,1,1,206,1,207,29,2,laser,0-1-2,2,5,,True,True,True,0,0,1.0,0,0,0,0,False,False,,,,,,,,,0.0,,False,False,False,False,
role_conditioned_ar_ppo_order_012,learning,medium,heterogeneity_pressure,1,1,206,1,207,30,0,missile,0-1-2,0,5,,True,True,True,0,0,1.0,0,0,0,0,False,False,,,,,,,,,0.0,,False,False,False,False,
role_conditioned_ar_ppo_order_012,learning,medium,heterogeneity_pressure,1,1,206,1,207,30,1,missile,0-1-2,1,5,,True,True,True,0,0,1.0,0,0,0,0,False,False,,,,,,,,,0.0,,False,False,False,False,
role_conditioned_ar_ppo_order_012,learning,medium,heterogeneity_pressure,1,1,206,1,207,30,2,laser,0-1-2,2,5,,True,True,True,0,0,1.0,0,0,0,0,False,False,,,,,,,,,0.0,,False,False,False,False,
role_conditioned_ar_ppo_order_012,learning,medium,heterogeneity_pressure,1,1,206,1,207,31,0,missile,0-1-2,0,5,,True,True,True,0,0,1.0,0,0,0,0,False,False,,,,,,,,,0.0,,False,False,False,False,
role_conditioned_ar_ppo_order_012,learning,medium,heterogeneity_pressure,1,1,206,1,207,31,1,missile,0-1-2,1,5,,True,True,True,0,0,1.0,0,0,0,0,False,False,,,,,,,,,0.0,,False,False,False,False,
role_conditioned_ar_ppo_order_012,learning,medium,heterogeneity_pressure,1,1,206,1,207,31,2,laser,0-1-2,2,5,,True,True,True,0,0,1.0,0,0,0,0,False,False,,,,,,,,,0.0,,False,False,False,False,
role_conditioned_ar_ppo_order_012,learning,medium,heterogeneity_pressure,1,1,206,1,207,32,0,missile,0-1-2,0,5,,True,True,True,0,0,1.0,0,0,0,0,False,False,,,,,,,,,0.0,,False,False,False,False,
role_conditioned_ar_ppo_order_012,learning,medium,heterogeneity_pressure,1,1,206,1,207,32,1,missile,0-1-2,1,5,,True,True,True,0,0,1.0,0,0,0,0,False,False,,,,,,,,,0.0,,False,False,False,False,
role_conditioned_ar_ppo_order_012,learning,medium,heterogeneity_pressure,1,1,206,1,207,32,2,laser,0-1-2,2,5,,True,True,True,0,0,1.0,0,0,0,0,False,False,,,,,,,,,0.0,,False,False,False,False,
role_conditioned_ar_ppo_order_012,learning,medium,heterogeneity_pressure,1,1,206,1,207,33,0,missile,0-1-2,0,5,,True,True,True,0,0,1.0,0,0,0,0,False,False,,,,,,,,,0.0,,False,False,False,False,
role_conditioned_ar_ppo_order_012,learning,medium,heterogeneity_pressure,1,1,206,1,207,33,1,missile,0-1-2,1,5,,True,True,True,0,0,1.0,0,0,0,0,False,False,,,,,,,,,0.0,,False,False,False,False,
role_conditioned_ar_ppo_order_012,learning,medium,heterogeneity_pressure,1,1,206,1,207,33,2,laser,0-1-2,2,5,,True,True,True,0,0,1.0,0,0,0,0,False,False,,,,,,,,,0.0,,False,False,False,False,
role_conditioned_ar_ppo_order_012,learning,medium,heterogeneity_pressure,1,1,206,1,207,34,0,missile,0-1-2,0,5,,True,True,True,0,0,1.0,0,0,0,0,False,False,,,,,,,,,0.0,,False,False,False,False,
role_conditioned_ar_ppo_order_012,learning,medium,heterogeneity_pressure,1,1,206,1,207,34,1,missile,0-1-2,1,5,,True,True,True,0,0,1.0,0,0,0,0,False,False,,,,,,,,,0.0,,False,False,False,False,
role_conditioned_ar_ppo_order_012,learning,medium,heterogeneity_pressure,1,1,206,1,207,34,2,laser,0-1-2,2,5,,True,True,True,0,0,1.0,0,0,0,0,False,False,,,,,,,,,0.0,,False,False,False,False,
role_conditioned_ar_ppo_order_012,learning,medium,heterogeneity_pressure,1,1,206,1,207,35,0,missile,0-1-2,0,5,,True,True,True,0,0,1.0,0,0,0,0,False,False,,,,,,,,,0.0,,False,False,False,False,
role_conditioned_ar_ppo_order_012,learning,medium,heterogeneity_pressure,1,1,206,1,207,35,1,missile,0-1-2,1,5,,True,True,True,0,0,1.0,0,0,0,0,False,False,,,,,,,,,0.0,,False,False,False,False,
role_conditioned_ar_ppo_order_012,learning,medium,heterogeneity_pressure,1,1,206,1,207,35,2,laser,0-1-2,2,5,,True,True,True,0,0,1.0,0,0,0,0,False,False,,,,,,,,,0.0,,False,False,False,False,
role_conditioned_ar_ppo_order_012,learning,medium,heterogeneity_pressure,1,1,206,1,207,36,0,missile,0-1-2,0,5,,True,True,True,0,0,1.0,0,0,0,0,False,False,,,,,,,,,0.0,,False,False,False,False,
role_conditioned_ar_ppo_order_012,learning,medium,heterogeneity_pressure,1,1,206,1,207,36,1,missile,0-1-2,1,5,,True,True,True,0,0,1.0,0,0,0,0,False,False,,,,,,,,,0.0,,False,False,False,False,
role_conditioned_ar_ppo_order_012,learning,medium,heterogeneity_pressure,1,1,206,1,207,36,2,laser,0-1-2,2,5,,True,True,True,0,0,1.0,0,0,0,0,False,False,,,,,,,,,0.0,,False,False,False,False,
role_conditioned_ar_ppo_order_012,learning,medium,heterogeneity_pressure,1,1,206,1,207,37,0,missile,0-1-2,0,5,,True,True,True,0,0,1.0,0,0,0,0,False,False,,,,,,,,,0.0,,False,False,False,False,
role_conditioned_ar_ppo_order_012,learning,medium,heterogeneity_pressure,1,1,206,1,207,37,1,missile,0-1-2,1,5,,True,True,True,0,0,1.0,0,0,0,0,False,False,,,,,,,,,0.0,,False,False,False,False,
role_conditioned_ar_ppo_order_012,learning,medium,heterogeneity_pressure,1,1,206,1,207,37,2,laser,0-1-2,2,5,,True,True,True,0,0,1.0,0,0,0,0,False,False,,,,,,,,,0.0,,False,False,False,False,
role_conditioned_ar_ppo_order_012,learning,medium,heterogeneity_pressure,1,1,206,1,207,38,0,missile,0-1-2,0,5,,True,True,True,0,0,1.0,0,0,0,0,False,False,,,,,,,,,0.0,,False,False,False,False,
role_conditioned_ar_ppo_order_012,learning,medium,heterogeneity_pressure,1,1,206,1,207,38,1,missile,0-1-2,1,5,,True,True,True,0,0,1.0,0,0,0,0,False,False,,,,,,,,,0.0,,False,False,False,False,
role_conditioned_ar_ppo_order_012,learning,medium,heterogeneity_pressure,1,1,206,1,207,38,2,laser,0-1-2,2,5,,True,True,True,0,0,1.0,0,0,0,0,False,False,,,,,,,,,0.0,,False,False,False,False,
role_conditioned_ar_ppo_order_012,learning,medium,heterogeneity_pressure,1,1,206,1,207,39,0,missile,0-1-2,0,5,,True,True,True,0,0,1.0,0,0,0,0,False,False,,,,,,,,,0.0,,False,False,False,False,
role_conditioned_ar_ppo_order_012,learning,medium,heterogeneity_pressure,1,1,206,1,207,39,1,missile,0-1-2,1,5,,True,True,True,0,0,1.0,0,0,0,0,False,False,,,,,,,,,0.0,,False,False,False,False,
role_conditioned_ar_ppo_order_012,learning,medium,heterogeneity_pressure,1,1,206,1,207,39,2,laser,0-1-2,2,5,,True,True,True,0,0,1.0,0,0,0,0,False,False,,,,,,,,,0.0,,False,False,False,False,
role_conditioned_ar_ppo_order_012,learning,medium,heterogeneity_pressure,1,1,206,1,207,40,0,missile,0-1-2,0,5,,True,True,True,0,0,1.0,0,0,0,0,False,False,,,,,,,,,0.0,,False,False,False,False,
role_conditioned_ar_ppo_order_012,learning,medium,heterogeneity_pressure,1,1,206,1,207,40,1,missile,0-1-2,1,5,,True,True,True,0,0,1.0,0,0,0,0,False,False,,,,,,,,,0.0,,False,False,False,False,
role_conditioned_ar_ppo_order_012,learning,medium,heterogeneity_pressure,1,1,206,1,207,40,2,laser,0-1-2,2,5,,True,True,True,0,0,1.0,0,0,0,0,False,False,,,,,,,,,0.0,,False,False,False,False,
role_conditioned_ar_ppo_order_012,learning,medium,heterogeneity_pressure,1,1,206,1,207,41,0,missile,0-1-2,0,5,,True,True,True,0,0,1.0,0,0,0,0,False,False,,,,,,,,,0.0,,False,False,False,False,
role_conditioned_ar_ppo_order_012,learning,medium,heterogeneity_pressure,1,1,206,1,207,41,1,missile,0-1-2,1,5,,True,True,True,0,0,1.0,0,0,0,0,False,False,,,,,,,,,0.0,,False,False,False,False,
role_conditioned_ar_ppo_order_012,learning,medium,heterogeneity_pressure,1,1,206,1,207,41,2,laser,0-1-2,2,5,,True,True,True,0,0,1.0,0,0,0,0,False,False,,,,,,,,,0.0,,False,False,False,False,
role_conditioned_ar_ppo_order_012,learning,medium,heterogeneity_pressure,1,1,206,1,207,42,0,missile,0-1-2,0,5,,True,True,True,0,0,1.0,0,0,0,0,False,False,,,,,,,,,0.0,,False,False,False,False,
role_conditioned_ar_ppo_order_012,learning,medium,heterogeneity_pressure,1,1,206,1,207,42,1,missile,0-1-2,1,5,,True,True,True,0,0,1.0,0,0,0,0,False,False,,,,,,,,,0.0,,False,False,False,False,
role_conditioned_ar_ppo_order_012,learning,medium,heterogeneity_pressure,1,1,206,1,207,42,2,laser,0-1-2,2,5,,True,True,True,0,0,1.0,0,0,0,0,False,False,,,,,,,,,0.0,,False,False,False,False,
role_conditioned_ar_ppo_order_012,learning,medium,heterogeneity_pressure,1,1,206,1,207,43,0,missile,0-1-2,0,5,,True,True,True,0,0,1.0,0,0,0,0,False,False,,,,,,,,,0.0,,False,False,False,False,
role_conditioned_ar_ppo_order_012,learning,medium,heterogeneity_pressure,1,1,206,1,207,43,1,missile,0-1-2,1,5,,True,True,True,0,0,1.0,0,0,0,0,False,False,,,,,,,,,0.0,,False,False,False,False,
role_conditioned_ar_ppo_order_012,learning,medium,heterogeneity_pressure,1,1,206,1,207,43,2,laser,0-1-2,2,5,,True,True,True,0,0,1.0,0,0,0,0,False,False,,,,,,,,,0.0,,False,False,False,False,
role_conditioned_ar_ppo_order_012,learning,medium,heterogeneity_pressure,1,1,206,1,207,44,0,missile,0-1-2,0,5,,True,True,True,0,0,1.0,0,0,0,0,False,False,,,,,,,,,0.0,,False,False,False,False,
role_conditioned_ar_ppo_order_012,learning,medium,heterogeneity_pressure,1,1,206,1,207,44,1,missile,0-1-2,1,5,,True,True,True,0,0,1.0,0,0,0,0,False,False,,,,,,,,,0.0,,False,False,False,False,
role_conditioned_ar_ppo_order_012,learning,medium,heterogeneity_pressure,1,1,206,1,207,44,2,laser,0-1-2,2,5,,True,True,True,0,0,1.0,0,0,0,0,False,False,,,,,,,,,0.0,,False,False,False,False,
role_conditioned_ar_ppo_order_012,learning,medium,heterogeneity_pressure,1,1,206,1,207,45,0,missile,0-1-2,0,5,,True,True,True,0,0,1.0,0,0,0,0,False,False,,,,,,,,,0.0,,False,False,False,False,
role_conditioned_ar_ppo_order_012,learning,medium,heterogeneity_pressure,1,1,206,1,207,45,1,missile,0-1-2,1,5,,True,True,True,0,0,1.0,0,0,0,0,False,False,,,,,,,,,0.0,,False,False,False,False,
role_conditioned_ar_ppo_order_012,learning,medium,heterogeneity_pressure,1,1,206,1,207,45,2,laser,0-1-2,2,5,,True,True,True,0,0,1.0,0,0,0,0,False,False,,,,,,,,,0.0,,False,False,False,False,
role_conditioned_ar_ppo_order_012,learning,medium,heterogeneity_pressure,1,1,206,1,207,46,0,missile,0-1-2,0,5,,True,True,True,0,0,1.0,0,0,0,0,False,False,,,,,,,,,0.0,,False,False,False,False,
role_conditioned_ar_ppo_order_012,learning,medium,heterogeneity_pressure,1,1,206,1,207,46,1,missile,0-1-2,1,5,,True,True,True,0,0,1.0,0,0,0,0,False,False,,,,,,,,,0.0,,False,False,False,False,
role_conditioned_ar_ppo_order_012,learning,medium,heterogeneity_pressure,1,1,206,1,207,46,2,laser,0-1-2,2,5,,True,True,True,0,0,1.0,0,0,0,0,False,False,,,,,,,,,0.0,,False,False,False,False,
role_conditioned_ar_ppo_order_012,learning,medium,heterogeneity_pressure,1,1,206,1,207,47,0,missile,0-1-2,0,5,,True,True,True,0,0,1.0,0,0,0,0,False,False,,,,,,,,,0.0,,False,False,False,False,
role_conditioned_ar_ppo_order_012,learning,medium,heterogeneity_pressure,1,1,206,1,207,47,1,missile,0-1-2,1,5,,True,True,True,0,0,1.0,0,0,0,0,False,False,,,,,,,,,0.0,,False,False,False,False,
role_conditioned_ar_ppo_order_012,learning,medium,heterogeneity_pressure,1,1,206,1,207,47,2,laser,0-1-2,2,5,,True,True,True,0,0,1.0,0,0,0,0,False,False,,,,,,,,,0.0,,False,False,False,False,
role_conditioned_ar_ppo_order_012,learning,medium,heterogeneity_pressure,1,1,206,1,207,48,0,missile,0-1-2,0,5,,True,True,True,0,0,1.0,0,0,0,0,False,False,,,,,,,,,0.0,,False,False,False,False,
role_conditioned_ar_ppo_order_012,learning,medium,heterogeneity_pressure,1,1,206,1,207,48,1,missile,0-1-2,1,5,,True,True,True,0,0,1.0,0,0,0,0,False,False,,,,,,,,,0.0,,False,False,False,False,
role_conditioned_ar_ppo_order_012,learning,medium,heterogeneity_pressure,1,1,206,1,207,48,2,laser,0-1-2,2,5,,True,True,True,0,0,1.0,0,0,0,0,False,False,,,,,,,,,0.0,,False,False,False,False,
role_conditioned_ar_ppo_order_012,learning,medium,heterogeneity_pressure,1,1,206,1,207,49,0,missile,0-1-2,0,5,,True,True,True,0,0,1.0,0,0,0,0,False,False,,,,,,,,,0.0,,False,False,False,False,
role_conditioned_ar_ppo_order_012,learning,medium,heterogeneity_pressure,1,1,206,1,207,49,1,missile,0-1-2,1,5,,True,True,True,0,0,1.0,0,0,0,0,False,False,,,,,,,,,0.0,,False,False,False,False,
role_conditioned_ar_ppo_order_012,learning,medium,heterogeneity_pressure,1,1,206,1,207,49,2,laser,0-1-2,2,5,,True,True,True,0,0,1.0,0,0,0,0,False,False,,,,,,,,,0.0,,False,False,False,False,
role_conditioned_ar_ppo_order_120,learning,medium,medium,1,1,204,0,204,0,1,missile,1-2-0,0,5,,True,True,True,3,0,1.0,2,2,1,0,True,False,,,,,,,,,0.11788814068766627,,False,False,False,False,
role_conditioned_ar_ppo_order_120,learning,medium,medium,1,1,204,0,204,0,2,laser,1-2-0,1,5,,True,True,True,10,0,1.0,0,0,0,0,False,False,,,,,,,,,0.0,,False,False,False,False,
role_conditioned_ar_ppo_order_120,learning,medium,medium,1,1,204,0,204,0,0,missile,1-2-0,2,5,,True,True,True,3,0,1.0,1,1,0,0,True,False,,,,,,,,,0.03054378167597373,,False,False,False,False,
role_conditioned_ar_ppo_order_120,learning,medium,medium,1,1,204,0,204,1,1,missile,1-2-0,0,5,,True,True,True,3,0,1.0,2,2,1,0,True,False,,,,,,,,,0.1412202118948976,,False,False,False,False,
role_conditioned_ar_ppo_order_120,learning,medium,medium,1,1,204,0,204,1,2,laser,1-2-0,1,5,,True,True,True,10,0,1.0,0,0,0,0,False,False,,,,,,,,,0.0,,False,False,False,False,
role_conditioned_ar_ppo_order_120,learning,medium,medium,1,1,204,0,204,1,0,missile,1-2-0,2,5,,True,True,True,3,0,1.0,2,2,1,0,True,False,,,,,,,,,0.03650402124162178,,False,False,False,False,
role_conditioned_ar_ppo_order_120,learning,medium,medium,1,1,204,0,204,2,1,missile,1-2-0,0,5,,True,True,True,3,0,1.0,2,2,1,0,True,False,,,,,,,,,0.16453779645878705,,False,False,False,False,
role_conditioned_ar_ppo_order_120,learning,medium,medium,1,1,204,0,204,2,2,laser,1-2-0,1,5,,True,True,True,10,0,1.0,0,0,0,0,False,False,,,,,,,,,0.0,,False,False,False,False,
role_conditioned_ar_ppo_order_120,learning,medium,medium,1,1,204,0,204,2,0,missile,1-2-0,2,5,,True,True,True,3,0,1.0,2,2,1,0,True,False,,,,,,,,,0.04243354664475467,,False,False,False,False,
role_conditioned_ar_ppo_order_120,learning,medium,medium,1,1,204,0,204,3,1,missile,1-2-0,0,5,,True,True,True,3,0,1.0,2,2,1,0,True,False,,,,,,,,,0.187839229247916,,False,False,False,False,
role_conditioned_ar_ppo_order_120,learning,medium,medium,1,1,204,0,204,3,2,laser,1-2-0,1,5,,True,True,True,10,0,1.0,0,0,0,0,False,False,,,,,,,,,0.0,,False,False,False,False,
role_conditioned_ar_ppo_order_120,learning,medium,medium,1,1,204,0,204,3,0,missile,1-2-0,2,5,,True,True,True,3,0,1.0,2,2,1,0,True,False,,,,,,,,,0.05745868986186497,,False,False,False,False,
role_conditioned_ar_ppo_order_120,learning,medium,medium,1,1,204,0,204,4,1,missile,1-2-0,0,5,,True,True,True,3,0,1.0,3,3,1,0,True,False,,,,,,,,,0.21112309490057865,,False,False,False,False,
role_conditioned_ar_ppo_order_120,learning,medium,medium,1,1,204,0,204,4,2,laser,1-2-0,1,5,,True,True,True,10,0,1.0,1,1,0,0,True,False,,,,,,,,,0.0022248087929479447,,False,False,False,False,
role_conditioned_ar_ppo_order_120,learning,medium,medium,1,1,204,0,204,4,0,missile,1-2-0,2,5,,True,True,True,3,0,1.0,2,2,1,0,True,False,,,,,,,,,0.08082339764490093,,False,False,False,False,
role_conditioned_ar_ppo_order_120,learning,medium,medium,1,1,204,0,204,5,1,missile,1-2-0,0,5,,True,True,True,3,0,1.0,3,3,1,0,True,False,,,,,,,,,0.23438756177221445,,False,False,False,False,
role_conditioned_ar_ppo_order_120,learning,medium,medium,1,1,204,0,204,5,2,laser,1-2-0,1,5,,True,True,True,10,0,1.0,1,1,0,0,True,False,,,,,,,,,0.009281490685217622,,False,False,False,False,
role_conditioned_ar_ppo_order_120,learning,medium,medium,1,1,204,0,204,5,0,missile,1-2-0,2,5,,True,True,True,3,0,1.0,2,2,1,0,True,False,,,,,,,,,0.10417628299486485,,False,False,False,False,
role_conditioned_ar_ppo_order_120,learning,medium,medium,1,1,204,0,204,6,1,missile,1-2-0,0,5,,True,True,True,3,0,1.0,3,3,1,0,True,False,,,,,,,,,0.2576306317051213,,False,False,False,False,
role_conditioned_ar_ppo_order_120,learning,medium,medium,1,1,204,0,204,6,2,laser,1-2-0,1,5,,True,True,True,10,0,1.0,2,2,1,0,True,False,,,,,,,,,0.0162816820476935,,False,False,False,False,
role_conditioned_ar_ppo_order_120,learning,medium,medium,1,1,204,0,204,6,0,missile,1-2-0,2,5,,True,True,True,3,0,1.0,3,3,1,0,True,False,,,,,,,,,0.12751651334604733,,False,False,False,False,
role_conditioned_ar_ppo_order_120,learning,medium,medium,1,1,204,0,204,7,1,missile,1-2-0,0,5,,True,True,True,3,0,1.0,4,4,1,0,True,False,,,,,,,,,0.28085005677188385,,False,False,False,False,
role_conditioned_ar_ppo_order_120,learning,medium,medium,1,1,204,0,204,7,2,laser,1-2-0,1,5,,True,True,True,10,0,1.0,2,2,1,0,True,False,,,,,,,,,0.031084270285060715,,False,False,False,False,
role_conditioned_ar_ppo_order_120,learning,medium,medium,1,1,204,0,204,7,0,missile,1-2-0,2,5,,True,True,True,3,0,1.0,3,3,1,0,True,False,,,,,,,,,0.15084275659331348,,False,False,False,False,
role_conditioned_ar_ppo_order_120,learning,medium,medium,1,1,204,0,204,8,1,missile,1-2-0,0,5,,True,True,True,3,0,1.0,4,4,1,0,True,False,,,,,,,,,0.30404308950566145,,False,False,False,False,
role_conditioned_ar_ppo_order_120,learning,medium,medium,1,1,204,0,204,8,2,laser,1-2-0,1,5,,True,True,True,10,0,1.0,2,2,1,0,True,False,,,,,,,,,0.05916974588022528,,False,False,False,False,
role_conditioned_ar_ppo_order_120,learning,medium,medium,1,1,204,0,204,8,0,missile,1-2-0,2,5,,True,True,True,3,0,1.0,3,3,1,0,True,False,,,,,,,,,0.17415384714467042,,False,False,False,False,
role_conditioned_ar_ppo_order_120,learning,medium,medium,1,1,204,0,204,9,1,missile,1-2-0,0,5,,True,True,True,3,0,1.0,4,4,1,0,True,False,,,,,,,,,0.32720669104161526,,False,False,False,False,
role_conditioned_ar_ppo_order_120,learning,medium,medium,1,1,204,0,204,9,2,laser,1-2-0,1,5,,True,True,True,10,0,1.0,2,2,1,0,True,False,,,,,,,,,0.08724955417996448,,False,False,False,False,
role_conditioned_ar_ppo_order_120,learning,medium,medium,1,1,204,0,204,9,0,missile,1-2-0,2,5,,True,True,True,3,0,1.0,3,3,1,0,True,False,,,,,,,,,0.19744820312527026,,False,False,False,False,
role_conditioned_ar_ppo_order_120,learning,medium,medium,1,1,204,0,204,10,1,missile,1-2-0,0,5,,True,True,True,3,0,1.0,5,5,1,0,True,False,,,,,,,,,0.3503374062320515,,False,False,False,False,
role_conditioned_ar_ppo_order_120,learning,medium,medium,1,1,204,0,204,10,2,laser,1-2-0,1,5,,True,True,True,10,0,1.0,2,2,1,0,True,False,,,,,,,,,0.11532289977439407,,False,False,False,False,
role_conditioned_ar_ppo_order_120,learning,medium,medium,1,1,204,0,204,10,0,missile,1-2-0,2,5,,True,True,True,3,0,1.0,4,4,1,0,True,False,,,,,,,,,0.22072432591683636,,False,False,False,False,
role_conditioned_ar_ppo_order_120,learning,medium,medium,1,1,204,0,204,11,1,missile,1-2-0,0,5,,True,True,True,3,0,1.0,5,5,1,0,True,False,,,,,,,,,0.3734310722484238,,False,False,False,False,
role_conditioned_ar_ppo_order_120,learning,medium,medium,1,1,204,0,204,11,2,laser,1-2-0,1,5,,True,True,True,10,0,1.0,2,2,1,0,True,False,,,,,,,,,0.14338898725362978,,False,False,False,False,
role_conditioned_ar_ppo_order_120,learning,medium,medium,1,1,204,0,204,11,0,missile,1-2-0,2,5,,True,True,True,3,0,1.0,4,4,1,0,True,False,,,,,,,,,0.24398025898995182,,False,False,False,False,
role_conditioned_ar_ppo_order_120,learning,medium,medium,1,1,204,0,204,12,1,missile,1-2-0,0,5,,True,True,True,3,0,1.0,5,5,1,0,True,False,,,,,,,,,0.3964827769530471,,False,False,False,False,
role_conditioned_ar_ppo_order_120,learning,medium,medium,1,1,204,0,204,12,2,laser,1-2-0,1,5,,True,True,True,10,0,1.0,2,2,1,0,True,False,,,,,,,,,0.17144657378972744,,False,False,False,False,
role_conditioned_ar_ppo_order_120,learning,medium,medium,1,1,204,0,204,12,0,missile,1-2-0,2,5,,True,True,True,3,0,1.0,4,4,1,0,True,False,,,,,,,,,0.2672138793020581,,False,False,False,False,
role_conditioned_ar_ppo_order_120,learning,medium,medium,1,1,204,0,204,13,1,missile,1-2-0,0,5,,True,True,True,3,0,1.0,5,5,1,0,True,False,,,,,,,,,0.4194869005273839,,False,False,False,False,
role_conditioned_ar_ppo_order_120,learning,medium,medium,1,1,204,0,204,13,2,laser,1-2-0,1,5,,True,True,True,10,0,1.0,3,3,1,0,True,False,,,,,,,,,0.19949431712850743,,False,False,False,False,
role_conditioned_ar_ppo_order_120,learning,medium,medium,1,1,204,0,204,13,0,missile,1-2-0,2,5,,True,True,True,3,0,1.0,4,4,1,0,True,False,,,,,,,,,0.2904226891560269,,False,False,False,False,
role_conditioned_ar_ppo_order_120,learning,medium,medium,1,1,204,0,204,14,1,missile,1-2-0,0,5,,True,True,True,3,0,1.0,5,5,1,0,True,False,,,,,,,,,0.44243665756090306,,False,False,False,False,
role_conditioned_ar_ppo_order_120,learning,medium,medium,1,1,204,0,204,14,2,laser,1-2-0,1,5,,True,True,True,10,0,1.0,3,3,1,0,True,False,,,,,,,,,0.22753052702396562,,False,False,False,False,
role_conditioned_ar_ppo_order_120,learning,medium,medium,1,1,204,0,204,14,0,missile,1-2-0,2,5,,True,True,True,3,0,1.0,4,4,1,0,True,False,,,,,,,,,0.3136040243415889,,False,False,False,False,
role_conditioned_ar_ppo_order_120,learning,medium,medium,1,1,204,0,204,15,1,missile,1-2-0,0,5,,True,True,True,3,0,1.0,5,5,1,0,True,False,,,,,,,,,0.4653238889096536,,False,False,False,False,
role_conditioned_ar_ppo_order_120,learning,medium,medium,1,1,204,0,204,15,2,laser,1-2-0,1,5,,True,True,True,10,0,1.0,3,3,1,0,True,False,,,,,,,,,0.25555306581203807,,False,False,False,False,
role_conditioned_ar_ppo_order_120,learning,medium,medium,1,1,204,0,204,15,0,missile,1-2-0,2,5,,True,True,True,3,0,1.0,4,4,1,0,True,False,,,,,,,,,0.33675451296762116,,False,False,False,False,
role_conditioned_ar_ppo_order_120,learning,medium,medium,1,1,204,0,204,16,1,missile,1-2-0,0,5,,True,True,True,3,0,1.0,5,5,1,0,True,False,,,,,,,,,0.4881389368114074,,False,False,False,False,
role_conditioned_ar_ppo_order_120,learning,medium,medium,1,1,204,0,204,16,2,laser,1-2-0,1,5,,True,True,True,10,0,1.0,3,3,1,0,True,False,,,,,,,,,0.28355929869748325,,False,False,False,False,
role_conditioned_ar_ppo_order_120,learning,medium,medium,1,1,204,0,204,16,0,missile,1-2-0,2,5,,True,True,True,3,0,1.0,4,4,1,0,True,False,,,,,,,,,0.35987049174500274,,False,False,False,False,
role_conditioned_ar_ppo_order_120,learning,medium,medium,1,1,204,0,204,17,1,missile,1-2-0,0,5,,True,True,True,3,0,1.0,5,5,1,0,True,False,,,,,,,,,0.5108698539482363,,False,False,False,False,
role_conditioned_ar_ppo_order_120,learning,medium,medium,1,1,204,0,204,17,2,laser,1-2-0,1,5,,True,True,True,10,0,1.0,3,3,1,0,True,False,,,,,,,,,0.3115458700448518,,False,False,False,False,
role_conditioned_ar_ppo_order_120,learning,medium,medium,1,1,204,0,204,17,0,missile,1-2-0,2,5,,True,True,True,3,0,1.0,4,4,1,0,True,False,,,,,,,,,0.38294746481890346,,False,False,False,False,
role_conditioned_ar_ppo_order_120,learning,medium,medium,1,1,204,0,204,18,1,missile,1-2-0,0,5,,True,True,True,3,0,1.0,5,5,1,0,True,False,,,,,,,,,0.5335021120485126,,False,False,False,False,
role_conditioned_ar_ppo_order_120,learning,medium,medium,1,1,204,0,204,18,2,laser,1-2-0,1,5,,True,True,True,10,0,1.0,3,3,1,0,True,False,,,,,,,,,0.3395083802432216,,False,False,False,False,
role_conditioned_ar_ppo_order_120,learning,medium,medium,1,1,204,0,204,18,0,missile,1-2-0,2,5,,True,True,True,3,0,1.0,4,4,1,0,True,False,,,,,,,,,0.4059802702819257,,False,False,False,False,
role_conditioned_ar_ppo_order_120,learning,medium,medium,1,1,204,0,204,19,1,missile,1-2-0,0,5,,True,True,True,3,0,1.0,5,5,1,0,True,False,,,,,,,,,0.5560176860646301,,False,False,False,False,
role_conditioned_ar_ppo_order_120,learning,medium,medium,1,1,204,0,204,19,2,laser,1-2-0,1,5,,True,True,True,10,0,1.0,3,3,1,0,True,False,,,,,,,,,0.3674410128578137,,False,False,False,False,
role_conditioned_ar_ppo_order_120,learning,medium,medium,1,1,204,0,204,19,0,missile,1-2-0,2,5,,True,True,True,3,0,1.0,4,4,1,0,True,False,,,,,,,,,0.4289629136609624,,False,False,False,False,
role_conditioned_ar_ppo_order_120,learning,medium,medium,1,1,204,0,204,20,1,missile,1-2-0,0,5,,True,True,True,3,0,1.0,5,5,1,0,True,False,,,,,,,,,0.5783939926517238,,False,False,False,False,
role_conditioned_ar_ppo_order_120,learning,medium,medium,1,1,204,0,204,20,2,laser,1-2-0,1,5,,True,True,True,10,0,1.0,3,3,1,0,True,False,,,,,,,,,0.39533606235537466,,False,False,False,False,
role_conditioned_ar_ppo_order_120,learning,medium,medium,1,1,204,0,204,20,0,missile,1-2-0,2,5,,True,True,True,3,0,1.0,5,5,1,0,True,False,,,,,,,,,0.4518879434929152,,False,False,False,False,
role_conditioned_ar_ppo_order_120,learning,medium,medium,1,1,204,0,204,21,1,missile,1-2-0,0,5,,True,True,True,3,0,1.0,5,5,1,0,True,False,,,,,,,,,0.6006024331776793,,False,False,False,False,
role_conditioned_ar_ppo_order_120,learning,medium,medium,1,1,204,0,204,21,2,laser,1-2-0,1,5,,True,True,True,10,0,1.0,3,3,1,0,True,False,,,,,,,,,0.42318276584590786,,False,False,False,False,
role_conditioned_ar_ppo_order_120,learning,medium,medium,1,1,204,0,204,21,0,missile,1-2-0,2,5,,True,True,True,3,0,1.0,5,5,1,0,True,False,,,,,,,,,0.47474665946612216,,False,False,False,False,
role_conditioned_ar_ppo_order_120,learning,medium,medium,1,1,204,0,204,22,1,missile,1-2-0,0,5,,True,True,True,3,0,1.0,5,5,1,0,True,False,,,,,,,,,0.6226063331230015,,False,False,False,False,
role_conditioned_ar_ppo_order_120,learning,medium,medium,1,1,204,0,204,22,2,laser,1-2-0,1,5,,True,True,True,10,0,1.0,3,3,1,0,True,False,,,,,,,,,0.45096588625881806,,False,False,False,False,
role_conditioned_ar_ppo_order_120,learning,medium,medium,1,1,204,0,204,22,0,missile,1-2-0,2,5,,True,True,True,3,0,1.0,5,5,1,0,True,False,,,,,,,,,0.49752857125264577,,False,False,False,False,
role_conditioned_ar_ppo_order_120,learning,medium,medium,1,1,204,0,204,23,1,missile,1-2-0,0,5,,True,True,True,3,0,1.0,5,5,1,0,True,False,,,,,,,,,0.6443580281008331,,False,False,False,False,
role_conditioned_ar_ppo_order_120,learning,medium,medium,1,1,204,0,204,23,2,laser,1-2-0,1,5,,True,True,True,10,0,1.0,4,4,1,0,True,False,,,,,,,,,0.4786632764001403,,False,False,False,False,
role_conditioned_ar_ppo_order_120,learning,medium,medium,1,1,204,0,204,23,0,missile,1-2-0,2,5,,True,True,True,3,0,1.0,5,5,1,0,True,False,,,,,,,,,0.5202207324557064,,False,False,False,False,
role_conditioned_ar_ppo_order_120,learning,medium,medium,1,1,204,0,204,24,1,missile,1-2-0,0,5,,True,True,True,3,0,1.0,5,5,1,0,True,False,,,,,,,,,0.6657946385859788,,False,False,False,False,
role_conditioned_ar_ppo_order_120,learning,medium,medium,1,1,204,0,204,24,2,laser,1-2-0,1,5,,True,True,True,10,0,1.0,4,4,1,0,True,False,,,,,,,,,0.5062409822104402,,False,False,False,False,
role_conditioned_ar_ppo_order_120,learning,medium,medium,1,1,204,0,204,24,0,missile,1-2-0,2,5,,True,True,True,3,0,1.0,5,5,1,0,True,False,,,,,,,,,0.5428072410702566,,False,False,False,False,
role_conditioned_ar_ppo_order_120,learning,medium,medium,1,1,204,0,204,25,1,missile,1-2-0,0,5,,True,True,True,3,0,1.0,5,5,1,0,True,False,,,,,,,,,0.6868319921852281,,False,False,False,False,
role_conditioned_ar_ppo_order_120,learning,medium,medium,1,1,204,0,204,25,2,laser,1-2-0,1,5,,True,True,True,10,0,1.0,4,4,1,0,True,False,,,,,,,,,0.533644990387265,,False,False,False,False,
role_conditioned_ar_ppo_order_120,learning,medium,medium,1,1,204,0,204,25,0,missile,1-2-0,2,5,,True,True,True,3,0,1.0,5,5,1,0,True,False,,,,,,,,,0.5652683652889855,,False,False,False,False,
role_conditioned_ar_ppo_order_120,learning,medium,medium,1,1,204,0,204,26,1,missile,1-2-0,0,5,,True,True,True,3,0,1.0,5,5,1,0,True,False,,,,,,,,,0.7073556111135517,,False,False,False,False,
role_conditioned_ar_ppo_order_120,learning,medium,medium,1,1,204,0,204,26,2,laser,1-2-0,1,5,,True,True,True,10,0,1.0,4,4,1,0,True,False,,,,,,,,,0.5607836920828507,,False,False,False,False,
role_conditioned_ar_ppo_order_120,learning,medium,medium,1,1,204,0,204,26,0,missile,1-2-0,2,5,,True,True,True,3,0,1.0,5,5,1,0,True,False,,,,,,,,,0.5875792946537564,,False,False,False,False,
role_conditioned_ar_ppo_order_120,learning,medium,medium,1,1,204,0,204,27,1,missile,1-2-0,0,5,,True,True,True,3,0,1.0,5,5,1,0,True,False,,,,,,,,,0.7272075576558948,,False,False,False,False,
role_conditioned_ar_ppo_order_120,learning,medium,medium,1,1,204,0,204,27,2,laser,1-2-0,1,5,,True,True,True,10,0,1.0,4,4,1,0,True,False,,,,,,,,,0.5874899145104288,,False,False,False,False,
role_conditioned_ar_ppo_order_120,learning,medium,medium,1,1,204,0,204,27,0,missile,1-2-0,2,5,,True,True,True,3,0,1.0,5,5,1,0,True,False,,,,,,,,,0.6097083500393297,,False,False,False,False,
role_conditioned_ar_ppo_order_120,learning,medium,medium,1,1,204,0,204,28,1,missile,1-2-0,0,5,,True,True,True,3,0,1.0,5,5,1,0,True,False,,,,,,,,,0.746167201899292,,False,False,False,False,
role_conditioned_ar_ppo_order_120,learning,medium,medium,1,1,204,0,204,28,2,laser,1-2-0,1,5,,True,True,True,10,0,1.0,4,4,1,0,True,False,,,,,,,,,0.6134277647756718,,False,False,False,False,
role_conditioned_ar_ppo_order_120,learning,medium,medium,1,1,204,0,204,28,0,missile,1-2-0,2,5,,True,True,True,3,0,1.0,5,5,1,0,True,False,,,,,,,,,0.6316147357259498,,False,False,False,False,
role_conditioned_ar_ppo_order_120,learning,medium,medium,1,1,204,0,204,29,1,missile,1-2-0,0,5,,True,True,True,3,0,1.0,5,5,1,0,True,False,,,,,,,,,0.7639241217190295,,False,False,False,False,
role_conditioned_ar_ppo_order_120,learning,medium,medium,1,1,204,0,204,29,2,laser,1-2-0,1,5,,True,True,True,10,0,1.0,4,4,1,0,True,False,,,,,,,,,0.6378359983345047,,False,False,False,False,
role_conditioned_ar_ppo_order_120,learning,medium,medium,1,1,204,0,204,29,0,missile,1-2-0,2,5,,True,True,True,3,0,1.0,5,5,1,0,True,False,,,,,,,,,0.6532451050657931,,False,False,False,False,
role_conditioned_ar_ppo_order_120,learning,medium,medium,1,1,204,0,204,30,1,missile,1-2-0,0,5,,True,True,True,3,0,1.0,5,5,1,0,True,False,,,,,,,,,0.7800433847885673,,False,False,False,False,
role_conditioned_ar_ppo_order_120,learning,medium,medium,1,1,204,0,204,30,2,laser,1-2-0,1,5,,True,True,True,10,0,1.0,4,4,1,0,True,False,,,,,,,,,0.6587505617584976,,False,False,False,False,
role_conditioned_ar_ppo_order_120,learning,medium,medium,1,1,204,0,204,30,0,missile,1-2-0,2,5,,True,True,True,3,0,1.0,5,5,1,0,True,False,,,,,,,,,0.6745286483452835,,False,False,False,False,
role_conditioned_ar_ppo_order_120,learning,medium,medium,1,1,204,0,204,31,1,missile,1-2-0,0,5,,True,True,True,3,0,1.0,4,4,1,0,True,False,,,,,,,,,0.7939310491379594,,False,False,False,False,
role_conditioned_ar_ppo_order_120,learning,medium,medium,1,1,204,0,204,31,2,laser,1-2-0,1,5,,True,True,True,10,0,1.0,3,3,1,0,True,False,,,,,,,,,0.6710889381336513,,False,False,False,False,
role_conditioned_ar_ppo_order_120,learning,medium,medium,1,1,204,0,204,31,0,missile,1-2-0,2,5,,True,True,True,3,0,1.0,4,4,1,0,True,False,,,,,,,,,0.6953700367907054,,False,False,False,False,
role_conditioned_ar_ppo_order_120,learning,medium,medium,1,1,204,0,204,32,1,missile,1-2-0,0,5,,True,True,True,3,0,1.0,4,4,1,0,True,False,,,,,,,,,0.8048273361150385,,False,False,False,False,
role_conditioned_ar_ppo_order_120,learning,medium,medium,1,1,204,0,204,32,2,laser,1-2-0,1,5,,True,True,True,10,0,1.0,3,3,1,0,True,False,,,,,,,,,0.6678595615752758,,False,False,False,False,
role_conditioned_ar_ppo_order_120,learning,medium,medium,1,1,204,0,204,32,0,missile,1-2-0,2,5,,True,True,True,3,0,1.0,4,4,1,0,True,False,,,,,,,,,0.7156387240988403,,False,False,False,False,
role_conditioned_ar_ppo_order_120,learning,medium,medium,1,1,204,0,204,33,1,missile,1-2-0,0,5,,True,True,True,3,0,1.0,4,4,1,0,True,False,,,,,,,,,0.8118838612620245,,False,False,False,False,
role_conditioned_ar_ppo_order_120,learning,medium,medium,1,1,204,0,204,33,2,laser,1-2-0,1,5,,True,True,True,10,0,1.0,3,3,1,0,True,False,,,,,,,,,0.6513282379225023,,False,False,False,False,
role_conditioned_ar_ppo_order_120,learning,medium,medium,1,1,204,0,204,33,0,missile,1-2-0,2,5,,True,True,True,3,0,1.0,4,4,1,0,True,False,,,,,,,,,0.7351536688562003,,False,False,False,False,
role_conditioned_ar_ppo_order_120,learning,medium,medium,1,1,204,0,204,34,1,missile,1-2-0,0,5,,True,True,True,3,0,1.0,4,4,1,0,True,False,,,,,,,,,0.8143802158777286,,False,False,False,False,
role_conditioned_ar_ppo_order_120,learning,medium,medium,1,1,204,0,204,34,2,laser,1-2-0,1,5,,True,True,True,10,0,1.0,3,3,1,0,True,False,,,,,,,,,0.6286916742404836,,False,False,False,False,
role_conditioned_ar_ppo_order_120,learning,medium,medium,1,1,204,0,204,34,0,missile,1-2-0,2,5,,True,True,True,3,0,1.0,4,4,1,0,True,False,,,,,,,,,0.7536609593355901,,False,False,False,False,
role_conditioned_ar_ppo_order_120,learning,medium,medium,1,1,204,0,204,35,1,missile,1-2-0,0,5,,True,True,True,3,0,1.0,3,3,0,0,True,False,,,,,,,,,0.3256340958107919,,False,False,False,False,
role_conditioned_ar_ppo_order_120,learning,medium,medium,1,1,204,0,204,35,2,laser,1-2-0,1,5,,True,True,True,10,0,1.0,2,2,0,0,True,False,,,,,,,,,0.28701576070341167,,False,False,False,False,
role_conditioned_ar_ppo_order_120,learning,medium,medium,1,1,204,0,204,35,0,missile,1-2-0,2,5,,True,True,True,3,0,1.0,3,3,0,0,True,False,,,,,,,,,0.3360776167874543,,False,False,False,False,
role_conditioned_ar_ppo_order_120,learning,medium,medium,1,1,204,0,204,36,1,missile,1-2-0,0,5,,True,True,True,3,0,1.0,3,3,0,0,True,False,,,,,,,,,0.3337466731790717,,False,False,False,False,
role_conditioned_ar_ppo_order_120,learning,medium,medium,1,1,204,0,204,36,2,laser,1-2-0,1,5,,True,True,True,10,0,1.0,2,2,0,0,True,False,,,,,,,,,0.28065706853914985,,False,False,False,False,
role_conditioned_ar_ppo_order_120,learning,medium,medium,1,1,204,0,204,36,0,missile,1-2-0,2,5,,True,True,True,3,0,1.0,3,3,0,0,True,False,,,,,,,,,0.34248824090638447,,False,False,False,False,
role_conditioned_ar_ppo_order_120,learning,medium,medium,1,1,204,0,204,37,1,missile,1-2-0,0,5,,True,True,True,3,0,1.0,3,3,0,0,True,False,,,,,,,,,0.3406304257849306,,False,False,False,False,
role_conditioned_ar_ppo_order_120,learning,medium,medium,1,1,204,0,204,37,2,laser,1-2-0,1,5,,True,True,True,10,0,1.0,2,2,0,0,True,False,,,,,,,,,0.2702897706202644,,False,False,False,False,
role_conditioned_ar_ppo_order_120,learning,medium,medium,1,1,204,0,204,37,0,missile,1-2-0,2,5,,True,True,True,3,0,1.0,3,3,0,0,True,False,,,,,,,,,0.3471066108862699,,False,False,False,False,
role_conditioned_ar_ppo_order_120,learning,medium,medium,1,1,204,0,204,38,1,missile,1-2-0,0,5,,True,True,True,3,0,1.0,2,2,0,0,True,False,,,,,,,,,0.3264264592606541,,False,False,False,False,
role_conditioned_ar_ppo_order_120,learning,medium,medium,1,1,204,0,204,38,2,laser,1-2-0,1,5,,True,True,True,10,0,1.0,1,1,0,0,True,False,,,,,,,,,0.15986950615411458,,False,False,False,False,
role_conditioned_ar_ppo_order_120,learning,medium,medium,1,1,204,0,204,38,0,missile,1-2-0,2,5,,True,True,True,3,0,1.0,2,2,0,0,True,False,,,,,,,,,0.2117914755371049,,False,False,False,False,
role_conditioned_ar_ppo_order_120,learning,medium,medium,1,1,204,0,204,39,1,missile,1-2-0,0,5,,True,True,True,3,0,1.0,2,2,0,0,True,False,,,,,,,,,0.3294226074222997,,False,False,False,False,
role_conditioned_ar_ppo_order_120,learning,medium,medium,1,1,204,0,204,39,2,laser,1-2-0,1,5,,True,True,True,10,0,1.0,1,1,0,0,True,False,,,,,,,,,0.159386733957329,,False,False,False,False,
role_conditioned_ar_ppo_order_120,learning,medium,medium,1,1,204,0,204,39,0,missile,1-2-0,2,5,,True,True,True,3,0,1.0,2,2,0,0,True,False,,,,,,,,,0.21414818977944036,,False,False,False,False,
role_conditioned_ar_ppo_order_120,learning,medium,medium,1,1,204,0,204,40,1,missile,1-2-0,0,5,,True,True,True,3,0,1.0,2,2,0,0,True,False,,,,,,,,,0.33193141194422776,,False,False,False,False,
role_conditioned_ar_ppo_order_120,learning,medium,medium,1,1,204,0,204,40,2,laser,1-2-0,1,5,,True,True,True,10,0,1.0,1,1,0,0,True,False,,,,,,,,,0.15848286351696977,,False,False,False,False,
role_conditioned_ar_ppo_order_120,learning,medium,medium,1,1,204,0,204,40,0,missile,1-2-0,2,5,,True,True,True,3,0,1.0,2,2,0,0,True,False,,,,,,,,,0.21629163370529297,,False,False,False,False,
role_conditioned_ar_ppo_order_120,learning,medium,medium,1,1,204,0,204,41,1,missile,1-2-0,0,5,,True,True,True,3,0,1.0,2,2,0,0,True,False,,,,,,,,,0.3339045210101194,,False,False,False,False,
role_conditioned_ar_ppo_order_120,learning,medium,medium,1,1,204,0,204,41,2,laser,1-2-0,1,5,,True,True,True,10,0,1.0,1,1,0,0,True,False,,,,,,,,,0.15716501105840752,,False,False,False,False,
role_conditioned_ar_ppo_order_120,learning,medium,medium,1,1,204,0,204,41,0,missile,1-2-0,2,5,,True,True,True,3,0,1.0,2,2,0,0,True,False,,,,,,,,,0.2182145609793147,,False,False,False,False,
role_conditioned_ar_ppo_order_120,learning,medium,medium,1,1,204,0,204,42,1,missile,1-2-0,0,5,,True,True,True,3,0,1.0,2,2,0,0,True,False,,,,,,,,,0.3352993807915199,,False,False,False,False,
role_conditioned_ar_ppo_order_120,learning,medium,medium,1,1,204,0,204,42,2,laser,1-2-0,1,5,,True,True,True,10,0,1.0,2,2,0,0,True,False,,,,,,,,,0.15544335673738063,,False,False,False,False,
role_conditioned_ar_ppo_order_120,learning,medium,medium,1,1,204,0,204,42,0,missile,1-2-0,2,5,,True,True,True,3,0,1.0,2,2,0,0,True,False,,,,,,,,,0.21991033219272238,,False,False,False,False,
role_conditioned_ar_ppo_order_120,learning,medium,medium,1,1,204,0,204,43,1,missile,1-2-0,0,5,,True,True,True,3,0,1.0,2,2,0,0,True,False,,,,,,,,,0.3360831436870804,,False,False,False,False,
role_conditioned_ar_ppo_order_120,learning,medium,medium,1,1,204,0,204,43,2,laser,1-2-0,1,5,,True,True,True,10,0,1.0,2,2,0,0,True,False,,,,,,,,,0.1533306504576782,,False,False,False,False,
role_conditioned_ar_ppo_order_120,learning,medium,medium,1,1,204,0,204,43,0,missile,1-2-0,2,5,,True,True,True,3,0,1.0,2,2,0,0,True,False,,,,,,,,,0.22137280451301294,,False,False,False,False,
role_conditioned_ar_ppo_order_120,learning,medium,medium,1,1,204,0,204,44,1,missile,1-2-0,0,5,,True,True,True,3,0,1.0,2,2,0,0,True,False,,,,,,,,,0.33623629608816114,,False,False,False,False,
role_conditioned_ar_ppo_order_120,learning,medium,medium,1,1,204,0,204,44,2,laser,1-2-0,1,5,,True,True,True,10,0,1.0,2,2,0,0,True,False,,,,,,,,,0.1508418604526029,,False,False,False,False,
role_conditioned_ar_ppo_order_120,learning,medium,medium,1,1,204,0,204,44,0,missile,1-2-0,2,5,,True,True,True,3,0,1.0,2,2,0,0,True,False,,,,,,,,,0.2225964788176762,,False,False,False,False,
role_conditioned_ar_ppo_order_120,learning,medium,medium,1,1,204,0,204,45,1,missile,1-2-0,0,5,,True,True,True,3,0,1.0,2,2,0,0,True,False,,,,,,,,,0.33575490676587727,,False,False,False,False,
role_conditioned_ar_ppo_order_120,learning,medium,medium,1,1,204,0,204,45,2,laser,1-2-0,1,5,,True,True,True,10,0,1.0,2,2,0,0,True,False,,,,,,,,,0.14799362419350726,,False,False,False,False,
role_conditioned_ar_ppo_order_120,learning,medium,medium,1,1,204,0,204,45,0,missile,1-2-0,2,5,,True,True,True,3,0,1.0,2,2,0,0,True,False,,,,,,,,,0.22357670200304963,,False,False,False,False,
role_conditioned_ar_ppo_order_120,learning,medium,medium,1,1,204,1,205,0,1,missile,1-2-0,0,5,,True,True,True,3,0,1.0,2,2,1,0,True,False,,,,,,,,,0.216566679816767,,False,False,False,False,
role_conditioned_ar_ppo_order_120,learning,medium,medium,1,1,204,1,205,0,2,laser,1-2-0,1,5,,True,True,True,10,0,1.0,0,0,0,0,False,False,,,,,,,,,0.0,,False,False,False,False,
role_conditioned_ar_ppo_order_120,learning,medium,medium,1,1,204,1,205,0,0,missile,1-2-0,2,5,,True,True,True,3,0,1.0,1,1,0,0,True,False,,,,,,,,,0.06508662017285347,,False,False,False,False,
role_conditioned_ar_ppo_order_120,learning,medium,medium,1,1,204,1,205,1,1,missile,1-2-0,0,5,,True,True,True,3,0,1.0,3,3,1,0,True,False,,,,,,,,,0.24945982857060614,,False,False,False,False,
role_conditioned_ar_ppo_order_120,learning,medium,medium,1,1,204,1,205,1,2,laser,1-2-0,1,5,,True,True,True,10,0,1.0,0,0,0,0,False,False,,,,,,,,,0.0,,False,False,False,False,
role_conditioned_ar_ppo_order_120,learning,medium,medium,1,1,204,1,205,1,0,missile,1-2-0,2,5,,True,True,True,3,0,1.0,2,2,1,0,True,False,,,,,,,,,0.07673902882883926,,False,False,False,False,
role_conditioned_ar_ppo_order_120,learning,medium,medium,1,1,204,1,205,2,1,missile,1-2-0,0,5,,True,True,True,3,0,1.0,5,5,1,0,True,False,,,,,,,,,0.2823355682200286,,False,False,False,False,
role_conditioned_ar_ppo_order_120,learning,medium,medium,1,1,204,1,205,2,2,laser,1-2-0,1,5,,True,True,True,10,0,1.0,0,0,0,0,False,False,,,,,,,,,0.0,,False,False,False,False,
role_conditioned_ar_ppo_order_120,learning,medium,medium,1,1,204,1,205,2,0,missile,1-2-0,2,5,,True,True,True,3,0,1.0,2,2,1,0,True,False,,,,,,,,,0.08838686129277794,,False,False,False,False,
role_conditioned_ar_ppo_order_120,learning,medium,medium,1,1,204,1,205,3,1,missile,1-2-0,0,5,,True,True,True,3,0,1.0,5,5,1,0,True,False,,,,,,,,,0.3151909757549102,,False,False,False,False,
role_conditioned_ar_ppo_order_120,learning,medium,medium,1,1,204,1,205,3,2,laser,1-2-0,1,5,,True,True,True,10,0,1.0,0,0,0,0,False,False,,,,,,,,,0.0,,False,False,False,False,
role_conditioned_ar_ppo_order_120,learning,medium,medium,1,1,204,1,205,3,0,missile,1-2-0,2,5,,True,True,True,3,0,1.0,2,2,1,0,True,False,,,,,,,,,0.10002976163862155,,False,False,False,False,
role_conditioned_ar_ppo_order_120,learning,medium,medium,1,1,204,1,205,4,1,missile,1-2-0,0,5,,True,True,True,3,0,1.0,5,5,1,0,True,False,,,,,,,,,0.34802295622335455,,False,False,False,False,
role_conditioned_ar_ppo_order_120,learning,medium,medium,1,1,204,1,205,4,2,laser,1-2-0,1,5,,True,True,True,10,0,1.0,0,0,0,0,False,False,,,,,,,,,0.0,,False,False,False,False,
role_conditioned_ar_ppo_order_120,learning,medium,medium,1,1,204,1,205,4,0,missile,1-2-0,2,5,,True,True,True,3,0,1.0,2,2,1,0,True,False,,,,,,,,,0.12481511143333728,,False,False,False,False,
role_conditioned_ar_ppo_order_120,learning,medium,medium,1,1,204,1,205,5,1,missile,1-2-0,0,5,,True,True,True,3,0,1.0,5,5,1,0,True,False,,,,,,,,,0.38082734003739005,,False,False,False,False,
role_conditioned_ar_ppo_order_120,learning,medium,medium,1,1,204,1,205,5,2,laser,1-2-0,1,5,,True,True,True,10,0,1.0,1,1,1,0,True,False,,,,,,,,,0.0376310527735958,,False,False,False,False,
role_conditioned_ar_ppo_order_120,learning,medium,medium,1,1,204,1,205,5,0,missile,1-2-0,2,5,,True,True,True,3,0,1.0,2,2,1,0,True,False,,,,,,,,,0.15774660320233608,,False,False,False,False,
role_conditioned_ar_ppo_order_120,learning,medium,medium,1,1,204,1,205,6,1,missile,1-2-0,0,5,,True,True,True,3,0,1.0,5,5,1,0,True,False,,,,,,,,,0.4135992698419576,,False,False,False,False,
role_conditioned_ar_ppo_order_120,learning,medium,medium,1,1,204,1,205,6,2,laser,1-2-0,1,5,,True,True,True,10,0,1.0,1,1,1,0,True,False,,,,,,,,,0.07659673445603418,,False,False,False,False,
role_conditioned_ar_ppo_order_120,learning,medium,medium,1,1,204,1,205,6,0,missile,1-2-0,2,5,,True,True,True,3,0,1.0,2,2,1,0,True,False,,,,,,,,,0.1906658011346357,,False,False,False,False,
role_conditioned_ar_ppo_order_120,learning,medium,medium,1,1,204,1,205,7,1,missile,1-2-0,0,5,,True,True,True,3,0,1.0,5,5,1,0,True,False,,,,,,,,,0.4463324697623785,,False,False,False,False,
role_conditioned_ar_ppo_order_120,learning,medium,medium,1,1,204,1,205,7,2,laser,1-2-0,1,5,,True,True,True,10,0,1.0,1,1,1,0,True,False,,,,,,,,,0.11549578479404864,,False,False,False,False,
role_conditioned_ar_ppo_order_120,learning,medium,medium,1,1,204,1,205,7,0,missile,1-2-0,2,5,,True,True,True,3,0,1.0,3,3,1,0,True,False,,,,,,,,,0.22357124372517406,,False,False,False,False,
role_conditioned_ar_ppo_order_120,learning,medium,medium,1,1,204,1,205,8,1,missile,1-2-0,0,5,,True,True,True,3,0,1.0,5,5,1,0,True,False,,,,,,,,,0.4790189445062539,,False,False,False,False,
role_conditioned_ar_ppo_order_120,learning,medium,medium,1,1,204,1,205,8,2,laser,1-2-0,1,5,,True,True,True,10,0,1.0,1,1,1,0,True,False,,,,,,,,,0.15431490831906766,,False,False,False,False,
role_conditioned_ar_ppo_order_120,learning,medium,medium,1,1,204,1,205,8,0,missile,1-2-0,2,5,,True,True,True,3,0,1.0,3,3,1,0,True,False,,,,,,,,,0.2564609536435728,,False,False,False,False,
role_conditioned_ar_ppo_order_120,learning,medium,medium,1,1,204,1,205,9,1,missile,1-2-0,0,5,,True,True,True,3,0,1.0,5,5,1,0,True,False,,,,,,,,,0.5116485065235916,,False,False,False,False,
role_conditioned_ar_ppo_order_120,learning,medium,medium,1,1,204,1,205,9,2,laser,1-2-0,1,5,,True,True,True,10,0,1.0,1,1,1,0,True,False,,,,,,,,,0.19303711352492464,,False,False,False,False,
role_conditioned_ar_ppo_order_120,learning,medium,medium,1,1,204,1,205,9,0,missile,1-2-0,2,5,,True,True,True,3,0,1.0,4,4,1,0,True,False,,,,,,,,,0.28933256669046703,,False,False,False,False,
role_conditioned_ar_ppo_order_120,learning,medium,medium,1,1,204,1,205,10,1,missile,1-2-0,0,5,,True,True,True,3,0,1.0,5,5,1,0,True,False,,,,,,,,,0.544207615399846,,False,False,False,False,
role_conditioned_ar_ppo_order_120,learning,medium,medium,1,1,204,1,205,10,2,laser,1-2-0,1,5,,True,True,True,10,0,1.0,1,1,1,0,True,False,,,,,,,,,0.23164032685375946,,False,False,False,False,
role_conditioned_ar_ppo_order_120,learning,medium,medium,1,1,204,1,205,10,0,missile,1-2-0,2,5,,True,True,True,3,0,1.0,5,5,1,0,True,False,,,,,,,,,0.32218328881206104,,False,False,False,False,
role_conditioned_ar_ppo_order_120,learning,medium,medium,1,1,204,1,205,11,1,missile,1-2-0,0,5,,True,True,True,3,0,1.0,5,5,1,0,True,False,,,,,,,,,0.5766782602343975,,False,False,False,False,
role_conditioned_ar_ppo_order_120,learning,medium,medium,1,1,204,1,205,11,2,laser,1-2-0,1,5,,True,True,True,10,0,1.0,1,1,1,0,True,False,,,,,,,,,0.2700950826725219,,False,False,False,False,
role_conditioned_ar_ppo_order_120,learning,medium,medium,1,1,204,1,205,11,0,missile,1-2-0,2,5,,True,True,True,3,0,1.0,5,5,1,0,True,False,,,,,,,,,0.35500972415835774,,False,False,False,False,
role_conditioned_ar_ppo_order_120,learning,medium,medium,1,1,204,1,205,12,1,missile,1-2-0,0,5,,True,True,True,3,0,1.0,5,5,1,0,True,False,,,,,,,,,0.6090357243975194,,False,False,False,False,
role_conditioned_ar_ppo_order_120,learning,medium,medium,1,1,204,1,205,12,2,laser,1-2-0,1,5,,True,True,True,10,0,1.0,2,2,1,0,True,False,,,,,,,,,0.30836180257863044,,False,False,False,False,
role_conditioned_ar_ppo_order_120,learning,medium,medium,1,1,204,1,205,12,0,missile,1-2-0,2,5,,True,True,True,3,0,1.0,5,5,1,0,True,False,,,,,,,,,0.3878076601559428,,False,False,False,False,
role_conditioned_ar_ppo_order_120,learning,medium,medium,1,1,204,1,205,13,1,missile,1-2-0,0,5,,True,True,True,3,0,1.0,5,5,1,0,True,False,,,,,,,,,0.6412452971439856,,False,False,False,False,
role_conditioned_ar_ppo_order_120,learning,medium,medium,1,1,204,1,205,13,2,laser,1-2-0,1,5,,True,True,True,10,0,1.0,2,2,1,0,True,False,,,,,,,,,0.34638566201442333,,False,False,False,False,
role_conditioned_ar_ppo_order_120,learning,medium,medium,1,1,204,1,205,13,0,missile,1-2-0,2,5,,True,True,True,3,0,1.0,5,5,1,0,True,False,,,,,,,,,0.4205719385516556,,False,False,False,False,
role_conditioned_ar_ppo_order_120,learning,medium,medium,1,1,204,1,205,14,1,missile,1-2-0,0,5,,True,True,True,3,0,1.0,5,5,1,0,True,False,,,,,,,,,0.6732567284909242,,False,False,False,False,
role_conditioned_ar_ppo_order_120,learning,medium,medium,1,1,204,1,205,14,2,laser,1-2-0,1,5,,True,True,True,10,0,1.0,2,2,1,0,True,False,,,,,,,,,0.3840888388549803,,False,False,False,False,
role_conditioned_ar_ppo_order_120,learning,medium,medium,1,1,204,1,205,14,0,missile,1-2-0,2,5,,True,True,True,3,0,1.0,5,5,1,0,True,False,,,,,,,,,0.45329589660183056,,False,False,False,False,
role_conditioned_ar_ppo_order_120,learning,medium,medium,1,1,204,1,205,15,1,missile,1-2-0,0,5,,True,True,True,3,0,1.0,5,5,1,0,True,False,,,,,,,,,0.7049947939130782,,False,False,False,False,
role_conditioned_ar_ppo_order_120,learning,medium,medium,1,1,204,1,205,15,2,laser,1-2-0,1,5,,True,True,True,10,0,1.0,2,2,1,0,True,False,,,,,,,,,0.42135750027575575,,False,False,False,False,
role_conditioned_ar_ppo_order_120,learning,medium,medium,1,1,204,1,205,15,0,missile,1-2-0,2,5,,True,True,True,3,0,1.0,5,5,1,0,True,False,,,,,,,,,0.4859712381159679,,False,False,False,False,
role_conditioned_ar_ppo_order_120,learning,medium,medium,1,1,204,1,205,16,1,missile,1-2-0,0,5,,True,True,True,3,0,1.0,5,5,1,0,True,False,,,,,,,,,0.7363418852383883,,False,False,False,False,
role_conditioned_ar_ppo_order_120,learning,medium,medium,1,1,204,1,205,16,2,laser,1-2-0,1,5,,True,True,True,10,0,1.0,2,2,1,0,True,False,,,,,,,,,0.4580193955246585,,False,False,False,False,
role_conditioned_ar_ppo_order_120,learning,medium,medium,1,1,204,1,205,16,0,missile,1-2-0,2,5,,True,True,True,3,0,1.0,5,5,1,0,True,False,,,,,,,,,0.5185870447915444,,False,False,False,False,
role_conditioned_ar_ppo_order_120,learning,medium,medium,1,1,204,1,205,17,1,missile,1-2-0,0,5,,True,True,True,3,0,1.0,5,5,1,0,True,False,,,,,,,,,0.7671051267840948,,False,False,False,False,
role_conditioned_ar_ppo_order_120,learning,medium,medium,1,1,204,1,205,17,2,laser,1-2-0,1,5,,True,True,True,10,0,1.0,3,3,1,0,True,False,,,,,,,,,0.49380348184470974,,False,False,False,False,
role_conditioned_ar_ppo_order_120,learning,medium,medium,1,1,204,1,205,17,0,missile,1-2-0,2,5,,True,True,True,3,0,1.0,5,5,1,0,True,False,,,,,,,,,0.5511290454614829,,False,False,False,False,
role_conditioned_ar_ppo_order_120,learning,medium,medium,1,1,204,1,205,18,1,missile,1-2-0,0,5,,True,True,True,3,0,1.0,5,5,1,0,True,False,,,,,,,,,0.7969491891093229,,False,False,False,False,
role_conditioned_ar_ppo_order_120,learning,medium,medium,1,1,204,1,205,18,2,laser,1-2-0,1,5,,True,True,True,10,0,1.0,4,4,1,0,True,False,,,,,,,,,0.5282644508730117,,False,False,False,False,
role_conditioned_ar_ppo_order_120,learning,medium,medium,1,1,204,1,205,18,0,missile,1-2-0,2,5,,True,True,True,3,0,1.0,5,5,1,0,True,False,,,,,,,,,0.5835779396618745,,False,False,False,False,
role_conditioned_ar_ppo_order_120,learning,medium,medium,1,1,204,1,205,19,1,missile,1-2-0,0,5,,True,True,True,3,0,1.0,5,5,1,0,True,False,,,,,,,,,0.8252518256875055,,False,False,False,False,
role_conditioned_ar_ppo_order_120,learning,medium,medium,1,1,204,1,205,19,2,laser,1-2-0,1,5,,True,True,True,10,0,1.0,5,5,1,0,True,False,,,,,,,,,0.5606386088414635,,False,False,False,False,
role_conditioned_ar_ppo_order_120,learning,medium,medium,1,1,204,1,205,19,0,missile,1-2-0,2,5,,True,True,True,3,0,1.0,5,5,1,0,True,False,,,,,,,,,0.6159072268671072,,False,False,False,False,
role_conditioned_ar_ppo_order_120,learning,medium,medium,1,1,204,1,205,20,1,missile,1-2-0,0,5,,True,True,True,3,0,1.0,5,5,1,0,True,False,,,,,,,,,0.8507831262770482,,False,False,False,False,
role_conditioned_ar_ppo_order_120,learning,medium,medium,1,1,204,1,205,20,2,laser,1-2-0,1,5,,True,True,True,10,0,1.0,5,5,1,0,True,False,,,,,,,,,0.5895736808283984,,False,False,False,False,
role_conditioned_ar_ppo_order_120,learning,medium,medium,1,1,204,1,205,20,0,missile,1-2-0,2,5,,True,True,True,3,0,1.0,5,5,1,0,True,False,,,,,,,,,0.6480794882490458,,False,False,False,False,
role_conditioned_ar_ppo_order_120,learning,medium,medium,1,1,204,1,205,21,1,missile,1-2-0,0,5,,True,True,True,3,0,1.0,5,5,1,0,True,False,,,,,,,,,0.8710606869176434,,False,False,False,False,
role_conditioned_ar_ppo_order_120,learning,medium,medium,1,1,204,1,205,21,2,laser,1-2-0,1,5,,True,True,True,10,0,1.0,5,5,1,0,True,False,,,,,,,,,0.612704870113033,,False,False,False,False,
role_conditioned_ar_ppo_order_120,learning,medium,medium,1,1,204,1,205,21,0,missile,1-2-0,2,5,,True,True,True,3,0,1.0,5,5,1,0,True,False,,,,,,,,,0.6800401537877966,,False,False,False,False,
role_conditioned_ar_ppo_order_120,learning,medium,medium,1,1,204,1,205,22,1,missile,1-2-0,0,5,,True,True,True,3,0,1.0,5,5,1,0,True,False,,,,,,,,,0.8817592102437897,,False,False,False,False,
role_conditioned_ar_ppo_order_120,learning,medium,medium,1,1,204,1,205,22,2,laser,1-2-0,1,5,,True,True,True,10,0,1.0,5,5,1,0,True,False,,,,,,,,,0.6264327750831599,,False,False,False,False,
role_conditioned_ar_ppo_order_120,learning,medium,medium,1,1,204,1,205,22,0,missile,1-2-0,2,5,,True,True,True,3,0,1.0,5,5,1,0,True,False,,,,,,,,,0.7117067129255131,,False,False,False,False,
role_conditioned_ar_ppo_order_120,learning,medium,medium,1,1,204,1,205,23,1,missile,1-2-0,0,5,,True,True,True,3,0,1.0,5,5,1,0,True,False,,,,,,,,,0.8788823181266727,,False,False,False,False,
role_conditioned_ar_ppo_order_120,learning,medium,medium,1,1,204,1,205,23,2,laser,1-2-0,1,5,,True,True,True,10,0,1.0,5,5,1,0,True,False,,,,,,,,,0.6272721092873227,,False,False,False,False,
role_conditioned_ar_ppo_order_120,learning,medium,medium,1,1,204,1,205,23,0,missile,1-2-0,2,5,,True,True,True,3,0,1.0,5,5,1,0,True,False,,,,,,,,,0.7429491346971082,,False,False,False,False,
role_conditioned_ar_ppo_order_120,learning,medium,medium,1,1,204,1,205,24,1,missile,1-2-0,0,5,,True,True,True,3,0,1.0,4,4,0,0,True,False,,,,,,,,,0.4347321555921497,,False,False,False,False,
role_conditioned_ar_ppo_order_120,learning,medium,medium,1,1,204,1,205,24,2,laser,1-2-0,1,5,,True,True,True,10,0,1.0,4,4,0,0,True,False,,,,,,,,,0.1683484440358764,,False,False,False,False,
role_conditioned_ar_ppo_order_120,learning,medium,medium,1,1,204,1,205,24,0,missile,1-2-0,2,5,,True,True,True,3,0,1.0,4,4,0,0,True,False,,,,,,,,,0.3420238817445398,,False,False,False,False,
role_conditioned_ar_ppo_order_120,learning,medium,medium,1,1,204,1,205,25,1,missile,1-2-0,0,5,,True,True,True,3,0,1.0,3,3,0,0,True,False,,,,,,,,,0.44494143666280866,,False,False,False,False,
role_conditioned_ar_ppo_order_120,learning,medium,medium,1,1,204,1,205,25,2,laser,1-2-0,1,5,,True,True,True,10,0,1.0,3,3,0,0,True,False,,,,,,,,,0.18174047203306026,,False,False,False,False,
role_conditioned_ar_ppo_order_120,learning,medium,medium,1,1,204,1,205,25,0,missile,1-2-0,2,5,,True,True,True,3,0,1.0,3,3,0,0,True,False,,,,,,,,,0.35327959810826903,,False,False,False,False,
role_conditioned_ar_ppo_order_120,learning,medium,medium,1,1,204,1,205,26,1,missile,1-2-0,0,5,,True,True,True,3,0,1.0,3,3,0,0,True,False,,,,,,,,,0.4548479899179105,,False,False,False,False,
role_conditioned_ar_ppo_order_120,learning,medium,medium,1,1,204,1,205,26,2,laser,1-2-0,1,5,,True,True,True,10,0,1.0,3,3,0,0,True,False,,,,,,,,,0.19506065103115025,,False,False,False,False,
role_conditioned_ar_ppo_order_120,learning,medium,medium,1,1,204,1,205,26,0,missile,1-2-0,2,5,,True,True,True,3,0,1.0,3,3,0,0,True,False,,,,,,,,,0.3644794086591569,,False,False,False,False,
role_conditioned_ar_ppo_order_120,learning,medium,medium,1,1,204,1,205,27,1,missile,1-2-0,0,5,,True,True,True,3,0,1.0,3,3,0,0,True,False,,,,,,,,,0.4643636855256159,,False,False,False,False,
role_conditioned_ar_ppo_order_120,learning,medium,medium,1,1,204,1,205,27,2,laser,1-2-0,1,5,,True,True,True,10,0,1.0,3,3,0,0,True,False,,,,,,,,,0.2082964419907946,,False,False,False,False,
role_conditioned_ar_ppo_order_120,learning,medium,medium,1,1,204,1,205,27,0,missile,1-2-0,2,5,,True,True,True,3,0,1.0,3,3,0,0,True,False,,,,,,,,,0.3756135000075911,,False,False,False,False,
role_conditioned_ar_ppo_order_120,learning,medium,medium,1,1,204,1,205,28,1,missile,1-2-0,0,5,,True,True,True,3,0,1.0,3,3,0,0,True,False,,,,,,,,,0.47336862089846965,,False,False,False,False,
role_conditioned_ar_ppo_order_120,learning,medium,medium,1,1,204,1,205,28,2,laser,1-2-0,1,5,,True,True,True,10,0,1.0,3,3,0,0,True,False,,,,,,,,,0.22143240640954695,,False,False,False,False,
role_conditioned_ar_ppo_order_120,learning,medium,medium,1,1,204,1,205,28,0,missile,1-2-0,2,5,,True,True,True,3,0,1.0,3,3,0,0,True,False,,,,,,,,,0.3866696689747797,,False,False,False,False,
role_conditioned_ar_ppo_order_120,learning,medium,medium,1,1,204,1,205,29,1,missile,1-2-0,0,5,,True,True,True,3,0,1.0,3,3,0,0,True,False,,,,,,,,,0.48169990902288606,,False,False,False,False,
role_conditioned_ar_ppo_order_120,learning,medium,medium,1,1,204,1,205,29,2,laser,1-2-0,1,5,,True,True,True,10,0,1.0,3,3,0,0,True,False,,,,,,,,,0.2398698761150092,,False,False,False,False,
role_conditioned_ar_ppo_order_120,learning,medium,medium,1,1,204,1,205,29,0,missile,1-2-0,2,5,,True,True,True,3,0,1.0,3,3,0,0,True,False,,,,,,,,,0.39763257260572066,,False,False,False,False,
role_conditioned_ar_ppo_order_120,learning,medium,medium,1,1,204,1,205,30,1,missile,1-2-0,0,5,,True,True,True,3,0,1.0,3,3,0,0,True,False,,,,,,,,,0.48913955790604585,,False,False,False,False,
role_conditioned_ar_ppo_order_120,learning,medium,medium,1,1,204,1,205,30,2,laser,1-2-0,1,5,,True,True,True,10,0,1.0,3,3,0,0,True,False,,,,,,,,,0.25853781982482277,,False,False,False,False,
role_conditioned_ar_ppo_order_120,learning,medium,medium,1,1,204,1,205,30,0,missile,1-2-0,2,5,,True,True,True,3,0,1.0,3,3,0,0,True,False,,,,,,,,,0.4084828256424366,,False,False,False,False,
role_conditioned_ar_ppo_order_120,learning,medium,medium,1,1,204,1,205,31,1,missile,1-2-0,0,5,,True,True,True,3,0,1.0,3,3,0,0,True,False,,,,,,,,,0.4954070533312871,,False,False,False,False,
role_conditioned_ar_ppo_order_120,learning,medium,medium,1,1,204,1,205,31,2,laser,1-2-0,1,5,,True,True,True,10,0,1.0,3,3,0,0,True,False,,,,,,,,,0.276434927121652,,False,False,False,False,
role_conditioned_ar_ppo_order_120,learning,medium,medium,1,1,204,1,205,31,0,missile,1-2-0,2,5,,True,True,True,3,0,1.0,3,3,0,0,True,False,,,,,,,,,0.41919552597320486,,False,False,False,False,
role_conditioned_ar_ppo_order_120,learning,medium,medium,1,1,204,1,205,32,1,missile,1-2-0,0,5,,True,True,True,3,0,1.0,2,2,0,0,True,False,,,,,,,,,0.500169216738473,,False,False,False,False,
role_conditioned_ar_ppo_order_120,learning,medium,medium,1,1,204,1,205,32,2,laser,1-2-0,1,5,,True,True,True,10,0,1.0,2,2,0,0,True,False,,,,,,,,,0.2725035493585691,,False,False,False,False,
role_conditioned_ar_ppo_order_120,learning,medium,medium,1,1,204,1,205,32,0,missile,1-2-0,2,5,,True,True,True,3,0,1.0,2,2,0,0,True,False,,,,,,,,,0.429738347885871,,False,False,False,False,
role_conditioned_ar_ppo_order_120,learning,medium,medium,1,1,204,1,205,33,1,missile,1-2-0,0,5,,True,True,True,3,0,1.0,2,2,0,0,True,False,,,,,,,,,0.5030859480769958,,False,False,False,False,
role_conditioned_ar_ppo_order_120,learning,medium,medium,1,1,204,1,205,33,2,laser,1-2-0,1,5,,True,True,True,10,0,1.0,2,2,0,0,True,False,,,,,,,,,0.28471875966976956,,False,False,False,False,
role_conditioned_ar_ppo_order_120,learning,medium,medium,1,1,204,1,205,33,0,missile,1-2-0,2,5,,True,True,True,3,0,1.0,2,2,0,0,True,False,,,,,,,,,0.44006875821768643,,False,False,False,False,
role_conditioned_ar_ppo_order_120,learning,medium,medium,1,1,204,1,205,34,1,missile,1-2-0,0,5,,True,True,True,3,0,1.0,2,2,0,0,True,False,,,,,,,,,0.5038987115636636,,False,False,False,False,
role_conditioned_ar_ppo_order_120,learning,medium,medium,1,1,204,1,205,34,2,laser,1-2-0,1,5,,True,True,True,10,0,1.0,2,2,0,0,True,False,,,,,,,,,0.29659650890979794,,False,False,False,False,
role_conditioned_ar_ppo_order_120,learning,medium,medium,1,1,204,1,205,34,0,missile,1-2-0,2,5,,True,True,True,3,0,1.0,2,2,0,0,True,False,,,,,,,,,0.4501301901502918,,False,False,False,False,
role_conditioned_ar_ppo_order_120,learning,medium,medium,1,1,204,1,205,35,1,missile,1-2-0,0,5,,True,True,True,3,0,1.0,2,2,0,0,True,False,,,,,,,,,0.5025272522304512,,False,False,False,False,
role_conditioned_ar_ppo_order_120,learning,medium,medium,1,1,204,1,205,35,2,laser,1-2-0,1,5,,True,True,True,10,0,1.0,2,2,0,0,True,False,,,,,,,,,0.30804410534223575,,False,False,False,False,
role_conditioned_ar_ppo_order_120,learning,medium,medium,1,1,204,1,205,35,0,missile,1-2-0,2,5,,True,True,True,3,0,1.0,2,2,0,0,True,False,,,,,,,,,0.4598464755093929,,False,False,False,False,
role_conditioned_ar_ppo_order_120,learning,medium,heterogeneity_pressure,1,1,206,0,206,0,1,missile,1-2-0,0,5,,True,True,True,3,0,1.0,0,0,0,0,False,False,,,,,,,,,0.0,,False,False,False,False,
role_conditioned_ar_ppo_order_120,learning,medium,heterogeneity_pressure,1,1,206,0,206,0,2,laser,1-2-0,1,5,,True,True,True,10,0,1.0,0,0,0,0,False,False,,,,,,,,,0.0,,False,False,False,False,
role_conditioned_ar_ppo_order_120,learning,medium,heterogeneity_pressure,1,1,206,0,206,0,0,missile,1-2-0,2,5,,True,True,True,3,0,1.0,1,1,1,0,True,False,,,,,,,,,0.13376174430278856,,False,False,False,False,
role_conditioned_ar_ppo_order_120,learning,medium,heterogeneity_pressure,1,1,206,0,206,1,1,missile,1-2-0,0,5,,True,True,True,3,0,1.0,0,0,0,0,False,False,,,,,,,,,0.0,,False,False,False,False,
role_conditioned_ar_ppo_order_120,learning,medium,heterogeneity_pressure,1,1,206,0,206,1,2,laser,1-2-0,1,5,,True,True,True,10,0,1.0,0,0,0,0,False,False,,,,,,,,,0.0,,False,False,False,False,
role_conditioned_ar_ppo_order_120,learning,medium,heterogeneity_pressure,1,1,206,0,206,1,0,missile,1-2-0,2,5,,True,True,True,3,0,1.0,2,2,2,0,True,False,,,,,,,,,0.14233965792460765,,False,False,False,False,
role_conditioned_ar_ppo_order_120,learning,medium,heterogeneity_pressure,1,1,206,0,206,2,1,missile,1-2-0,0,5,,True,True,True,3,0,1.0,0,0,0,0,False,False,,,,,,,,,0.0,,False,False,False,False,
role_conditioned_ar_ppo_order_120,learning,medium,heterogeneity_pressure,1,1,206,0,206,2,2,laser,1-2-0,1,5,,True,True,True,10,0,1.0,0,0,0,0,False,False,,,,,,,,,0.0,,False,False,False,False,
role_conditioned_ar_ppo_order_120,learning,medium,heterogeneity_pressure,1,1,206,0,206,2,0,missile,1-2-0,2,5,,True,True,True,3,0,1.0,2,2,2,0,True,False,,,,,,,,,0.15090395972112033,,False,False,False,False,
role_conditioned_ar_ppo_order_120,learning,medium,heterogeneity_pressure,1,1,206,0,206,3,1,missile,1-2-0,0,5,,True,True,True,3,0,1.0,1,1,1,0,True,False,,,,,,,,,0.030845724037124055,,False,False,False,False,
role_conditioned_ar_ppo_order_120,learning,medium,heterogeneity_pressure,1,1,206,0,206,3,2,laser,1-2-0,1,5,,True,True,True,10,0,1.0,0,0,0,0,False,False,,,,,,,,,0.0,,False,False,False,False,
role_conditioned_ar_ppo_order_120,learning,medium,heterogeneity_pressure,1,1,206,0,206,3,0,missile,1-2-0,2,5,,True,True,True,3,0,1.0,3,3,3,0,True,False,,,,,,,,,0.15945364369015466,,False,False,False,False,
role_conditioned_ar_ppo_order_120,learning,medium,heterogeneity_pressure,1,1,206,0,206,4,1,missile,1-2-0,0,5,,True,True,True,3,0,1.0,1,1,1,0,True,False,,,,,,,,,0.06916518415624763,,False,False,False,False,
role_conditioned_ar_ppo_order_120,learning,medium,heterogeneity_pressure,1,1,206,0,206,4,2,laser,1-2-0,1,5,,True,True,True,10,0,1.0,0,0,0,0,False,False,,,,,,,,,0.0,,False,False,False,False,
role_conditioned_ar_ppo_order_120,learning,medium,heterogeneity_pressure,1,1,206,0,206,4,0,missile,1-2-0,2,5,,True,True,True,3,0,1.0,3,3,3,0,True,False,,,,,,,,,0.16798753958428606,,False,False,False,False,
role_conditioned_ar_ppo_order_120,learning,medium,heterogeneity_pressure,1,1,206,0,206,5,1,missile,1-2-0,0,5,,True,True,True,3,0,1.0,2,2,2,0,True,False,,,,,,,,,0.10745491221104768,,False,False,False,False,
role_conditioned_ar_ppo_order_120,learning,medium,heterogeneity_pressure,1,1,206,0,206,5,2,laser,1-2-0,1,5,,True,True,True,10,0,1.0,0,0,0,0,False,False,,,,,,,,,0.0,,False,False,False,False,
role_conditioned_ar_ppo_order_120,learning,medium,heterogeneity_pressure,1,1,206,0,206,5,0,missile,1-2-0,2,5,,True,True,True,3,0,1.0,4,4,3,0,True,False,,,,,,,,,0.17650439503346382,,False,False,False,False,
role_conditioned_ar_ppo_order_120,learning,medium,heterogeneity_pressure,1,1,206,0,206,6,1,missile,1-2-0,0,5,,True,True,True,3,0,1.0,3,3,2,0,True,False,,,,,,,,,0.14571070693156568,,False,False,False,False,
role_conditioned_ar_ppo_order_120,learning,medium,heterogeneity_pressure,1,1,206,0,206,6,2,laser,1-2-0,1,5,,True,True,True,10,0,1.0,0,0,0,0,False,False,,,,,,,,,0.0,,False,False,False,False,
role_conditioned_ar_ppo_order_120,learning,medium,heterogeneity_pressure,1,1,206,0,206,6,0,missile,1-2-0,2,5,,True,True,True,3,0,1.0,5,5,4,0,True,False,,,,,,,,,0.20114218170341402,,False,False,False,False,
role_conditioned_ar_ppo_order_120,learning,medium,heterogeneity_pressure,1,1,206,0,206,7,1,missile,1-2-0,0,5,,True,True,True,3,0,1.0,4,4,3,0,True,False,,,,,,,,,0.18392804387323042,,False,False,False,False,
role_conditioned_ar_ppo_order_120,learning,medium,heterogeneity_pressure,1,1,206,0,206,7,2,laser,1-2-0,1,5,,True,True,True,10,0,1.0,0,0,0,0,False,False,,,,,,,,,0.0,,False,False,False,False,
role_conditioned_ar_ppo_order_120,learning,medium,heterogeneity_pressure,1,1,206,0,206,7,0,missile,1-2-0,2,5,,True,True,True,3,0,1.0,5,5,4,0,True,False,,,,,,,,,0.23734268424775848,,False,False,False,False,
role_conditioned_ar_ppo_order_120,learning,medium,heterogeneity_pressure,1,1,206,0,206,8,1,missile,1-2-0,0,5,,True,True,True,3,0,1.0,4,4,3,0,True,False,,,,,,,,,0.22210137520519918,,False,False,False,False,
role_conditioned_ar_ppo_order_120,learning,medium,heterogeneity_pressure,1,1,206,0,206,8,2,laser,1-2-0,1,5,,True,True,True,10,0,1.0,0,0,0,0,False,False,,,,,,,,,0.0,,False,False,False,False,
role_conditioned_ar_ppo_order_120,learning,medium,heterogeneity_pressure,1,1,206,0,206,8,0,missile,1-2-0,2,5,,True,True,True,3,0,1.0,5,5,4,0,True,False,,,,,,,,,0.2735223587828143,,False,False,False,False,
role_conditioned_ar_ppo_order_120,learning,medium,heterogeneity_pressure,1,1,206,0,206,9,1,missile,1-2-0,0,5,,True,True,True,3,0,1.0,4,4,3,0,True,False,,,,,,,,,0.26022407584792134,,False,False,False,False,
role_conditioned_ar_ppo_order_120,learning,medium,heterogeneity_pressure,1,1,206,0,206,9,2,laser,1-2-0,1,5,,True,True,True,10,0,1.0,0,0,0,0,False,False,,,,,,,,,0.0,,False,False,False,False,
role_conditioned_ar_ppo_order_120,learning,medium,heterogeneity_pressure,1,1,206,0,206,9,0,missile,1-2-0,2,5,,True,True,True,3,0,1.0,5,5,4,0,True,False,,,,,,,,,0.3096786653074486,,False,False,False,False,
role_conditioned_ar_ppo_order_120,learning,medium,heterogeneity_pressure,1,1,206,0,206,10,1,missile,1-2-0,0,5,,True,True,True,3,0,1.0,4,4,3,0,True,False,,,,,,,,,0.2982879048487858,,False,False,False,False,
role_conditioned_ar_ppo_order_120,learning,medium,heterogeneity_pressure,1,1,206,0,206,10,2,laser,1-2-0,1,5,,True,True,True,10,0,1.0,0,0,0,0,False,False,,,,,,,,,0.0,,False,False,False,False,
role_conditioned_ar_ppo_order_120,learning,medium,heterogeneity_pressure,1,1,206,0,206,10,0,missile,1-2-0,2,5,,True,True,True,3,0,1.0,5,5,4,0,True,False,,,,,,,,,0.3458087590203928,,False,False,False,False,
role_conditioned_ar_ppo_order_120,learning,medium,heterogeneity_pressure,1,1,206,0,206,11,1,missile,1-2-0,0,5,,True,True,True,3,0,1.0,4,4,3,0,True,False,,,,,,,,,0.33628316696942606,,False,False,False,False,
role_conditioned_ar_ppo_order_120,learning,medium,heterogeneity_pressure,1,1,206,0,206,11,2,laser,1-2-0,1,5,,True,True,True,10,0,1.0,0,0,0,0,False,False,,,,,,,,,0.0,,False,False,False,False,
role_conditioned_ar_ppo_order_120,learning,medium,heterogeneity_pressure,1,1,206,0,206,11,0,missile,1-2-0,2,5,,True,True,True,3,0,1.0,5,5,4,0,True,False,,,,,,,,,0.38190928712015165,,False,False,False,False,
role_conditioned_ar_ppo_order_120,learning,medium,heterogeneity_pressure,1,1,206,0,206,12,1,missile,1-2-0,0,5,,True,True,True,3,0,1.0,4,4,3,0,True,False,,,,,,,,,0.37419763543701345,,False,False,False,False,
role_conditioned_ar_ppo_order_120,learning,medium,heterogeneity_pressure,1,1,206,0,206,12,2,laser,1-2-0,1,5,,True,True,True,10,0,1.0,0,0,0,0,False,False,,,,,,,,,0.0,,False,False,False,False,
role_conditioned_ar_ppo_order_120,learning,medium,heterogeneity_pressure,1,1,206,0,206,12,0,missile,1-2-0,2,5,,True,True,True,3,0,1.0,5,5,4,0,True,False,,,,,,,,,0.41797628720495805,,False,False,False,False,
role_conditioned_ar_ppo_order_120,learning,medium,heterogeneity_pressure,1,1,206,0,206,13,1,missile,1-2-0,0,5,,True,True,True,3,0,1.0,4,4,3,0,True,False,,,,,,,,,0.41201612104477403,,False,False,False,False,
role_conditioned_ar_ppo_order_120,learning,medium,heterogeneity_pressure,1,1,206,0,206,13,2,laser,1-2-0,1,5,,True,True,True,10,0,1.0,0,0,0,0,False,False,,,,,,,,,0.0,,False,False,False,False,
role_conditioned_ar_ppo_order_120,learning,medium,heterogeneity_pressure,1,1,206,0,206,13,0,missile,1-2-0,2,5,,True,True,True,3,0,1.0,5,5,4,0,True,False,,,,,,,,,0.45400503487270494,,False,False,False,False,
role_conditioned_ar_ppo_order_120,learning,medium,heterogeneity_pressure,1,1,206,0,206,14,1,missile,1-2-0,0,5,,True,True,True,3,0,1.0,5,5,4,0,True,False,,,,,,,,,0.4497194487657166,,False,False,False,False,
role_conditioned_ar_ppo_order_120,learning,medium,heterogeneity_pressure,1,1,206,0,206,14,2,laser,1-2-0,1,5,,True,True,True,10,0,1.0,0,0,0,0,False,False,,,,,,,,,0.0,,False,False,False,False,
role_conditioned_ar_ppo_order_120,learning,medium,heterogeneity_pressure,1,1,206,0,206,14,0,missile,1-2-0,2,5,,True,True,True,3,0,1.0,5,5,4,0,True,False,,,,,,,,,0.4899899421209003,,False,False,False,False,
role_conditioned_ar_ppo_order_120,learning,medium,heterogeneity_pressure,1,1,206,0,206,15,1,missile,1-2-0,0,5,,True,True,True,3,0,1.0,5,5,4,0,True,False,,,,,,,,,0.48728289574200717,,False,False,False,False,
role_conditioned_ar_ppo_order_120,learning,medium,heterogeneity_pressure,1,1,206,0,206,15,2,laser,1-2-0,1,5,,True,True,True,10,0,1.0,1,1,1,0,True,False,,,,,,,,,0.004076436121941205,,False,False,False,False,
role_conditioned_ar_ppo_order_120,learning,medium,heterogeneity_pressure,1,1,206,0,206,15,0,missile,1-2-0,2,5,,True,True,True,3,0,1.0,5,5,4,0,True,False,,,,,,,,,0.525924252546531,,False,False,False,False,
role_conditioned_ar_ppo_order_120,learning,medium,heterogeneity_pressure,1,1,206,0,206,16,1,missile,1-2-0,0,5,,True,True,True,3,0,1.0,5,5,4,0,True,False,,,,,,,,,0.524674521549472,,False,False,False,False,
role_conditioned_ar_ppo_order_120,learning,medium,heterogeneity_pressure,1,1,206,0,206,16,2,laser,1-2-0,1,5,,True,True,True,10,0,1.0,1,1,1,0,True,False,,,,,,,,,0.013679123148418387,,False,False,False,False,
role_conditioned_ar_ppo_order_120,learning,medium,heterogeneity_pressure,1,1,206,0,206,16,0,missile,1-2-0,2,5,,True,True,True,3,0,1.0,5,5,4,0,True,False,,,,,,,,,0.5617996349458815,,False,False,False,False,
role_conditioned_ar_ppo_order_120,learning,medium,heterogeneity_pressure,1,1,206,0,206,17,1,missile,1-2-0,0,5,,True,True,True,3,0,1.0,5,5,4,0,True,False,,,,,,,,,0.5618518825890406,,False,False,False,False,
role_conditioned_ar_ppo_order_120,learning,medium,heterogeneity_pressure,1,1,206,0,206,17,2,laser,1-2-0,1,5,,True,True,True,10,0,1.0,1,1,1,0,True,False,,,,,,,,,0.023280381280026873,,False,False,False,False,
role_conditioned_ar_ppo_order_120,learning,medium,heterogeneity_pressure,1,1,206,0,206,17,0,missile,1-2-0,2,5,,True,True,True,3,0,1.0,5,5,4,0,True,False,,,,,,,,,0.5976061833145343,,False,False,False,False,
role_conditioned_ar_ppo_order_120,learning,medium,heterogeneity_pressure,1,1,206,0,206,18,1,missile,1-2-0,0,5,,True,True,True,3,0,1.0,5,5,4,0,True,False,,,,,,,,,0.5987578038855694,,False,False,False,False,
role_conditioned_ar_ppo_order_120,learning,medium,heterogeneity_pressure,1,1,206,0,206,18,2,laser,1-2-0,1,5,,True,True,True,10,0,1.0,3,3,3,0,True,False,,,,,,,,,0.03288007655787279,,False,False,False,False,
role_conditioned_ar_ppo_order_120,learning,medium,heterogeneity_pressure,1,1,206,0,206,18,0,missile,1-2-0,2,5,,True,True,True,3,0,1.0,5,5,4,0,True,False,,,,,,,,,0.6333311976468251,,False,False,False,False,
role_conditioned_ar_ppo_order_120,learning,medium,heterogeneity_pressure,1,1,206,0,206,19,1,missile,1-2-0,0,5,,True,True,True,3,0,1.0,5,5,4,0,True,False,,,,,,,,,0.6353134577648966,,False,False,False,False,
role_conditioned_ar_ppo_order_120,learning,medium,heterogeneity_pressure,1,1,206,0,206,19,2,laser,1-2-0,1,5,,True,True,True,10,0,1.0,3,3,3,0,True,False,,,,,,,,,0.04955167274632229,,False,False,False,False,
role_conditioned_ar_ppo_order_120,learning,medium,heterogeneity_pressure,1,1,206,0,206,19,0,missile,1-2-0,2,5,,True,True,True,3,0,1.0,5,5,4,0,True,False,,,,,,,,,0.668959082335799,,False,False,False,False,
role_conditioned_ar_ppo_order_120,learning,medium,heterogeneity_pressure,1,1,206,0,206,20,1,missile,1-2-0,0,5,,True,True,True,3,0,1.0,5,5,4,0,True,False,,,,,,,,,0.6714075913667682,,False,False,False,False,
role_conditioned_ar_ppo_order_120,learning,medium,heterogeneity_pressure,1,1,206,0,206,20,2,laser,1-2-0,1,5,,True,True,True,10,0,1.0,4,4,3,0,True,False,,,,,,,,,0.08797486915378953,,False,False,False,False,
role_conditioned_ar_ppo_order_120,learning,medium,heterogeneity_pressure,1,1,206,0,206,20,0,missile,1-2-0,2,5,,True,True,True,3,0,1.0,5,5,4,0,True,False,,,,,,,,,0.7044697713725072,,False,False,False,False,
role_conditioned_ar_ppo_order_120,learning,medium,heterogeneity_pressure,1,1,206,0,206,21,1,missile,1-2-0,0,5,,True,True,True,3,0,1.0,5,5,4,0,True,False,,,,,,,,,0.7068787789723848,,False,False,False,False,
role_conditioned_ar_ppo_order_120,learning,medium,heterogeneity_pressure,1,1,206,0,206,21,2,laser,1-2-0,1,5,,True,True,True,10,0,1.0,4,4,3,0,True,False,,,,,,,,,0.1262137179234877,,False,False,False,False,
role_conditioned_ar_ppo_order_120,learning,medium,heterogeneity_pressure,1,1,206,0,206,21,0,missile,1-2-0,2,5,,True,True,True,3,0,1.0,5,5,4,0,True,False,,,,,,,,,0.7398377123455542,,False,False,False,False,
role_conditioned_ar_ppo_order_120,learning,medium,heterogeneity_pressure,1,1,206,0,206,22,1,missile,1-2-0,0,5,,True,True,True,3,0,1.0,5,5,4,0,True,False,,,,,,,,,0.7414859861834721,,False,False,False,False,
role_conditioned_ar_ppo_order_120,learning,medium,heterogeneity_pressure,1,1,206,0,206,22,2,laser,1-2-0,1,5,,True,True,True,10,0,1.0,4,4,3,0,True,False,,,,,,,,,0.16422468715893423,,False,False,False,False,
role_conditioned_ar_ppo_order_120,learning,medium,heterogeneity_pressure,1,1,206,0,206,22,0,missile,1-2-0,2,5,,True,True,True,3,0,1.0,5,5,4,0,True,False,,,,,,,,,0.7750291740398965,,False,False,False,False,
role_conditioned_ar_ppo_order_120,learning,medium,heterogeneity_pressure,1,1,206,0,206,23,1,missile,1-2-0,0,5,,True,True,True,3,0,1.0,5,5,4,0,True,False,,,,,,,,,0.7748579123018168,,False,False,False,False,
role_conditioned_ar_ppo_order_120,learning,medium,heterogeneity_pressure,1,1,206,0,206,23,2,laser,1-2-0,1,5,,True,True,True,10,0,1.0,4,4,3,0,True,False,,,,,,,,,0.20195015786516574,,False,False,False,False,
role_conditioned_ar_ppo_order_120,learning,medium,heterogeneity_pressure,1,1,206,0,206,23,0,missile,1-2-0,2,5,,True,True,True,3,0,1.0,5,5,4,0,True,False,,,,,,,,,0.809999249235507,,False,False,False,False,
role_conditioned_ar_ppo_order_120,learning,medium,heterogeneity_pressure,1,1,206,0,206,24,1,missile,1-2-0,0,5,,True,True,True,3,0,1.0,5,5,4,0,True,False,,,,,,,,,0.8064054369405753,,False,False,False,False,
role_conditioned_ar_ppo_order_120,learning,medium,heterogeneity_pressure,1,1,206,0,206,24,2,laser,1-2-0,1,5,,True,True,True,10,0,1.0,4,4,3,0,True,False,,,,,,,,,0.23931168423887608,,False,False,False,False,
role_conditioned_ar_ppo_order_120,learning,medium,heterogeneity_pressure,1,1,206,0,206,24,0,missile,1-2-0,2,5,,True,True,True,3,0,1.0,5,5,4,0,True,False,,,,,,,,,0.8446869271051767,,False,False,False,False,
role_conditioned_ar_ppo_order_120,learning,medium,heterogeneity_pressure,1,1,206,0,206,25,1,missile,1-2-0,0,5,,True,True,True,3,0,1.0,5,5,4,0,True,False,,,,,,,,,0.8351744005228027,,False,False,False,False,
role_conditioned_ar_ppo_order_120,learning,medium,heterogeneity_pressure,1,1,206,0,206,25,2,laser,1-2-0,1,5,,True,True,True,10,0,1.0,4,4,3,0,True,False,,,,,,,,,0.27620062989119126,,False,False,False,False,
role_conditioned_ar_ppo_order_120,learning,medium,heterogeneity_pressure,1,1,206,0,206,25,0,missile,1-2-0,2,5,,True,True,True,3,0,1.0,5,5,4,0,True,False,,,,,,,,,0.8790073208110488,,False,False,False,False,
role_conditioned_ar_ppo_order_120,learning,medium,heterogeneity_pressure,1,1,206,0,206,26,1,missile,1-2-0,0,5,,True,True,True,3,0,1.0,5,5,4,0,True,False,,,,,,,,,0.8596297640373216,,False,False,False,False,
role_conditioned_ar_ppo_order_120,learning,medium,heterogeneity_pressure,1,1,206,0,206,26,2,laser,1-2-0,1,5,,True,True,True,10,0,1.0,4,4,3,0,True,False,,,,,,,,,0.3124627825263869,,False,False,False,False,
role_conditioned_ar_ppo_order_120,learning,medium,heterogeneity_pressure,1,1,206,0,206,26,0,missile,1-2-0,2,5,,True,True,True,3,0,1.0,5,5,4,0,True,False,,,,,,,,,0.9128392468990787,,False,False,False,False,
role_conditioned_ar_ppo_order_120,learning,medium,heterogeneity_pressure,1,1,206,0,206,27,1,missile,1-2-0,0,5,,True,True,True,3,0,1.0,5,5,4,0,True,False,,,,,,,,,0.8774781727110094,,False,False,False,False,
role_conditioned_ar_ppo_order_120,learning,medium,heterogeneity_pressure,1,1,206,0,206,27,2,laser,1-2-0,1,5,,True,True,True,10,0,1.0,4,4,3,0,True,False,,,,,,,,,0.34787360484338015,,False,False,False,False,
role_conditioned_ar_ppo_order_120,learning,medium,heterogeneity_pressure,1,1,206,0,206,27,0,missile,1-2-0,2,5,,True,True,True,3,0,1.0,5,5,4,0,True,False,,,,,,,,,0.9460051084900639,,False,False,False,False,
role_conditioned_ar_ppo_order_120,learning,medium,heterogeneity_pressure,1,1,206,0,206,28,1,missile,1-2-0,0,5,,True,True,True,3,0,1.0,5,5,4,0,True,False,,,,,,,,,0.8859828896683984,,False,False,False,False,
role_conditioned_ar_ppo_order_120,learning,medium,heterogeneity_pressure,1,1,206,0,206,28,2,laser,1-2-0,1,5,,True,True,True,10,0,1.0,4,4,3,0,True,False,,,,,,,,,0.3820974095718973,,False,False,False,False,
role_conditioned_ar_ppo_order_120,learning,medium,heterogeneity_pressure,1,1,206,0,206,28,0,missile,1-2-0,2,5,,True,True,True,3,0,1.0,5,5,4,0,True,False,,,,,,,,,0.9782363512642367,,False,False,False,False,
role_conditioned_ar_ppo_order_120,learning,medium,heterogeneity_pressure,1,1,206,0,206,29,1,missile,1-2-0,0,5,,True,True,True,3,0,1.0,5,5,4,0,True,False,,,,,,,,,0.8833430109173324,,False,False,False,False,
role_conditioned_ar_ppo_order_120,learning,medium,heterogeneity_pressure,1,1,206,0,206,29,2,laser,1-2-0,1,5,,True,True,True,10,0,1.0,4,4,3,0,True,False,,,,,,,,,0.4146195480474324,,False,False,False,False,
role_conditioned_ar_ppo_order_120,learning,medium,heterogeneity_pressure,1,1,206,0,206,29,0,missile,1-2-0,2,5,,True,True,True,3,0,1.0,5,5,4,0,True,False,,,,,,,,,1.0091142814348728,,False,False,False,False,
role_conditioned_ar_ppo_order_120,learning,medium,heterogeneity_pressure,1,1,206,0,206,30,1,missile,1-2-0,0,5,,True,True,True,3,0,1.0,4,4,3,0,True,False,,,,,,,,,0.6038964467209059,,False,False,False,False,
role_conditioned_ar_ppo_order_120,learning,medium,heterogeneity_pressure,1,1,206,0,206,30,2,laser,1-2-0,1,5,,True,True,True,10,0,1.0,3,3,2,0,True,False,,,,,,,,,0.2870356951089192,,False,False,False,False,
role_conditioned_ar_ppo_order_120,learning,medium,heterogeneity_pressure,1,1,206,0,206,30,0,missile,1-2-0,2,5,,True,True,True,3,0,1.0,4,4,3,0,True,False,,,,,,,,,0.5683073364722764,,False,False,False,False,
role_conditioned_ar_ppo_order_120,learning,medium,heterogeneity_pressure,1,1,206,0,206,31,1,missile,1-2-0,0,5,,True,True,True,3,0,1.0,4,4,3,0,True,False,,,,,,,,,0.6264042896669032,,False,False,False,False,
role_conditioned_ar_ppo_order_120,learning,medium,heterogeneity_pressure,1,1,206,0,206,31,2,laser,1-2-0,1,5,,True,True,True,10,0,1.0,3,3,2,0,True,False,,,,,,,,,0.30894982708994395,,False,False,False,False,
role_conditioned_ar_ppo_order_120,learning,medium,heterogeneity_pressure,1,1,206,0,206,31,0,missile,1-2-0,2,5,,True,True,True,3,0,1.0,4,4,3,0,True,False,,,,,,,,,0.5910363165615322,,False,False,False,False,
role_conditioned_ar_ppo_order_120,learning,medium,heterogeneity_pressure,1,1,206,0,206,32,1,missile,1-2-0,0,5,,True,True,True,3,0,1.0,4,4,3,0,True,False,,,,,,,,,0.6482325147507689,,False,False,False,False,
role_conditioned_ar_ppo_order_120,learning,medium,heterogeneity_pressure,1,1,206,0,206,32,2,laser,1-2-0,1,5,,True,True,True,10,0,1.0,3,3,2,0,True,False,,,,,,,,,0.32999628688380617,,False,False,False,False,
role_conditioned_ar_ppo_order_120,learning,medium,heterogeneity_pressure,1,1,206,0,206,32,0,missile,1-2-0,2,5,,True,True,True,3,0,1.0,4,4,3,0,True,False,,,,,,,,,0.6137188515662689,,False,False,False,False,
role_conditioned_ar_ppo_order_120,learning,medium,heterogeneity_pressure,1,1,206,0,206,33,1,missile,1-2-0,0,5,,True,True,True,3,0,1.0,4,4,3,0,True,False,,,,,,,,,0.6689902219083169,,False,False,False,False,
role_conditioned_ar_ppo_order_120,learning,medium,heterogeneity_pressure,1,1,206,0,206,33,2,laser,1-2-0,1,5,,True,True,True,10,0,1.0,3,3,2,0,True,False,,,,,,,,,0.34981457449356157,,False,False,False,False,
role_conditioned_ar_ppo_order_120,learning,medium,heterogeneity_pressure,1,1,206,0,206,33,0,missile,1-2-0,2,5,,True,True,True,3,0,1.0,4,4,3,0,True,False,,,,,,,,,0.6363446507895795,,False,False,False,False,
role_conditioned_ar_ppo_order_120,learning,medium,heterogeneity_pressure,1,1,206,0,206,34,1,missile,1-2-0,0,5,,True,True,True,3,0,1.0,4,4,3,0,True,False,,,,,,,,,0.6879735856637934,,False,False,False,False,
role_conditioned_ar_ppo_order_120,learning,medium,heterogeneity_pressure,1,1,206,0,206,34,2,laser,1-2-0,1,5,,True,True,True,10,0,1.0,4,4,3,0,True,False,,,,,,,,,0.367858988088432,,False,False,False,False,
role_conditioned_ar_ppo_order_120,learning,medium,heterogeneity_pressure,1,1,206,0,206,34,0,missile,1-2-0,2,5,,True,True,True,3,0,1.0,4,4,3,0,True,False,,,,,,,,,0.6589002541564224,,False,False,False,False,
role_conditioned_ar_ppo_order_120,learning,medium,heterogeneity_pressure,1,1,206,0,206,35,1,missile,1-2-0,0,5,,True,True,True,3,0,1.0,4,4,3,0,True,False,,,,,,,,,0.7038953604583821,,False,False,False,False,
role_conditioned_ar_ppo_order_120,learning,medium,heterogeneity_pressure,1,1,206,0,206,35,2,laser,1-2-0,1,5,,True,True,True,10,0,1.0,4,4,3,0,True,False,,,,,,,,,0.38331732029237553,,False,False,False,False,
role_conditioned_ar_ppo_order_120,learning,medium,heterogeneity_pressure,1,1,206,0,206,35,0,missile,1-2-0,2,5,,True,True,True,3,0,1.0,4,4,3,0,True,False,,,,,,,,,0.6813675062167412,,False,False,False,False,
role_conditioned_ar_ppo_order_120,learning,medium,heterogeneity_pressure,1,1,206,0,206,36,1,missile,1-2-0,0,5,,True,True,True,3,0,1.0,3,3,3,0,True,False,,,,,,,,,0.7145848265533344,,False,False,False,False,
role_conditioned_ar_ppo_order_120,learning,medium,heterogeneity_pressure,1,1,206,0,206,36,2,laser,1-2-0,1,5,,True,True,True,10,0,1.0,3,3,3,0,True,False,,,,,,,,,0.3950615632215369,,False,False,False,False,
role_conditioned_ar_ppo_order_120,learning,medium,heterogeneity_pressure,1,1,206,0,206,36,0,missile,1-2-0,2,5,,True,True,True,3,0,1.0,3,3,3,0,True,False,,,,,,,,,0.7037216193032718,,False,False,False,False,
role_conditioned_ar_ppo_order_120,learning,medium,heterogeneity_pressure,1,1,206,0,206,37,1,missile,1-2-0,0,5,,True,True,True,3,0,1.0,3,3,3,0,True,False,,,,,,,,,0.7174325712221639,,False,False,False,False,
role_conditioned_ar_ppo_order_120,learning,medium,heterogeneity_pressure,1,1,206,0,206,37,2,laser,1-2-0,1,5,,True,True,True,10,0,1.0,3,3,3,0,True,False,,,,,,,,,0.401776794493365,,False,False,False,False,
role_conditioned_ar_ppo_order_120,learning,medium,heterogeneity_pressure,1,1,206,0,206,37,0,missile,1-2-0,2,5,,True,True,True,3,0,1.0,3,3,3,0,True,False,,,,,,,,,0.7259277106924681,,False,False,False,False,
role_conditioned_ar_ppo_order_120,learning,medium,heterogeneity_pressure,1,1,206,0,206,38,1,missile,1-2-0,0,5,,True,True,True,3,0,1.0,3,3,3,0,True,False,,,,,,,,,0.7114959651331408,,False,False,False,False,
role_conditioned_ar_ppo_order_120,learning,medium,heterogeneity_pressure,1,1,206,0,206,38,2,laser,1-2-0,1,5,,True,True,True,10,0,1.0,3,3,3,0,True,False,,,,,,,,,0.4024395851572857,,False,False,False,False,
role_conditioned_ar_ppo_order_120,learning,medium,heterogeneity_pressure,1,1,206,0,206,38,0,missile,1-2-0,2,5,,True,True,True,3,0,1.0,3,3,3,0,True,False,,,,,,,,,0.7479353833591739,,False,False,False,False,
role_conditioned_ar_ppo_order_120,learning,medium,heterogeneity_pressure,1,1,206,0,206,39,1,missile,1-2-0,0,5,,True,True,True,3,0,1.0,3,3,3,0,True,False,,,,,,,,,0.6986080764134139,,False,False,False,False,
role_conditioned_ar_ppo_order_120,learning,medium,heterogeneity_pressure,1,1,206,0,206,39,2,laser,1-2-0,1,5,,True,True,True,10,0,1.0,3,3,3,0,True,False,,,,,,,,,0.396935282406575,,False,False,False,False,
role_conditioned_ar_ppo_order_120,learning,medium,heterogeneity_pressure,1,1,206,0,206,39,0,missile,1-2-0,2,5,,True,True,True,3,0,1.0,3,3,3,0,True,False,,,,,,,,,0.7696693743547182,,False,False,False,False,
role_conditioned_ar_ppo_order_120,learning,medium,heterogeneity_pressure,1,1,206,1,207,0,1,missile,1-2-0,0,5,,True,True,True,3,0,1.0,1,1,0,0,True,False,,,,,,,,,0.05487383949968166,,False,False,False,False,
role_conditioned_ar_ppo_order_120,learning,medium,heterogeneity_pressure,1,1,206,1,207,0,2,laser,1-2-0,1,5,,True,True,True,10,0,1.0,0,0,0,0,False,False,,,,,,,,,0.0,,False,False,False,False,
role_conditioned_ar_ppo_order_120,learning,medium,heterogeneity_pressure,1,1,206,1,207,0,0,missile,1-2-0,2,5,,True,True,True,3,0,1.0,5,5,1,0,True,False,,,,,,,,,0.3064056035597113,,False,False,False,False,
role_conditioned_ar_ppo_order_120,learning,medium,heterogeneity_pressure,1,1,206,1,207,1,1,missile,1-2-0,0,5,,True,True,True,3,0,1.0,2,2,0,0,True,False,,,,,,,,,0.062139514765428304,,False,False,False,False,
role_conditioned_ar_ppo_order_120,learning,medium,heterogeneity_pressure,1,1,206,1,207,1,2,laser,1-2-0,1,5,,True,True,True,10,0,1.0,0,0,0,0,False,False,,,,,,,,,0.0,,False,False,False,False,
role_conditioned_ar_ppo_order_120,learning,medium,heterogeneity_pressure,1,1,206,1,207,1,0,missile,1-2-0,2,5,,True,True,True,3,0,1.0,5,5,1,0,True,False,,,,,,,,,0.3128144454994487,,False,False,False,False,
role_conditioned_ar_ppo_order_120,learning,medium,heterogeneity_pressure,1,1,206,1,207,2,1,missile,1-2-0,0,5,,True,True,True,3,0,1.0,3,3,0,0,True,False,,,,,,,,,0.06940008877961842,,False,False,False,False,
role_conditioned_ar_ppo_order_120,learning,medium,heterogeneity_pressure,1,1,206,1,207,2,2,laser,1-2-0,1,5,,True,True,True,10,0,1.0,0,0,0,0,False,False,,,,,,,,,0.0,,False,False,False,False,
role_conditioned_ar_ppo_order_120,learning,medium,heterogeneity_pressure,1,1,206,1,207,2,0,missile,1-2-0,2,5,,True,True,True,3,0,1.0,5,5,1,0,True,False,,,,,,,,,0.31919204975321275,,False,False,False,False,
role_conditioned_ar_ppo_order_120,learning,medium,heterogeneity_pressure,1,1,206,1,207,3,1,missile,1-2-0,0,5,,True,True,True,3,0,1.0,3,3,0,0,True,False,,,,,,,,,0.07665523804825085,,False,False,False,False,
role_conditioned_ar_ppo_order_120,learning,medium,heterogeneity_pressure,1,1,206,1,207,3,2,laser,1-2-0,1,5,,True,True,True,10,0,1.0,0,0,0,0,False,False,,,,,,,,,0.0,,False,False,False,False,
role_conditioned_ar_ppo_order_120,learning,medium,heterogeneity_pressure,1,1,206,1,207,3,0,missile,1-2-0,2,5,,True,True,True,3,0,1.0,5,5,1,0,True,False,,,,,,,,,0.32553590510207103,,False,False,False,False,
role_conditioned_ar_ppo_order_120,learning,medium,heterogeneity_pressure,1,1,206,1,207,4,1,missile,1-2-0,0,5,,True,True,True,3,0,1.0,3,3,0,0,True,False,,,,,,,,,0.08390463907732443,,False,False,False,False,
role_conditioned_ar_ppo_order_120,learning,medium,heterogeneity_pressure,1,1,206,1,207,4,2,laser,1-2-0,1,5,,True,True,True,10,0,1.0,0,0,0,0,False,False,,,,,,,,,0.0,,False,False,False,False,
role_conditioned_ar_ppo_order_120,learning,medium,heterogeneity_pressure,1,1,206,1,207,4,0,missile,1-2-0,2,5,,True,True,True,3,0,1.0,5,5,1,0,True,False,,,,,,,,,0.3318432656337328,,False,False,False,False,
role_conditioned_ar_ppo_order_120,learning,medium,heterogeneity_pressure,1,1,206,1,207,5,1,missile,1-2-0,0,5,,True,True,True,3,0,1.0,3,3,0,0,True,False,,,,,,,,,0.09114801814114593,,False,False,False,False,
role_conditioned_ar_ppo_order_120,learning,medium,heterogeneity_pressure,1,1,206,1,207,5,2,laser,1-2-0,1,5,,True,True,True,10,0,1.0,0,0,0,0,False,False,,,,,,,,,0.0,,False,False,False,False,
role_conditioned_ar_ppo_order_120,learning,medium,heterogeneity_pressure,1,1,206,1,207,5,0,missile,1-2-0,2,5,,True,True,True,3,0,1.0,5,5,1,0,True,False,,,,,,,,,0.33811115074254927,,False,False,False,False,
role_conditioned_ar_ppo_order_120,learning,medium,heterogeneity_pressure,1,1,206,1,207,6,1,missile,1-2-0,0,5,,True,True,True,3,0,1.0,3,3,0,0,True,False,,,,,,,,,0.11049655411754511,,False,False,False,False,
role_conditioned_ar_ppo_order_120,learning,medium,heterogeneity_pressure,1,1,206,1,207,6,2,laser,1-2-0,1,5,,True,True,True,10,0,1.0,0,0,0,0,False,False,,,,,,,,,0.0,,False,False,False,False,
role_conditioned_ar_ppo_order_120,learning,medium,heterogeneity_pressure,1,1,206,1,207,6,0,missile,1-2-0,2,5,,True,True,True,3,0,1.0,5,5,1,0,True,False,,,,,,,,,0.3443361573748269,,False,False,False,False,
role_conditioned_ar_ppo_order_120,learning,medium,heterogeneity_pressure,1,1,206,1,207,7,1,missile,1-2-0,0,5,,True,True,True,3,0,1.0,3,3,0,0,True,False,,,,,,,,,0.13192988524994365,,False,False,False,False,
role_conditioned_ar_ppo_order_120,learning,medium,heterogeneity_pressure,1,1,206,1,207,7,2,laser,1-2-0,1,5,,True,True,True,10,0,1.0,1,1,0,0,True,False,,,,,,,,,0.01878231919125783,,False,False,False,False,
role_conditioned_ar_ppo_order_120,learning,medium,heterogeneity_pressure,1,1,206,1,207,7,0,missile,1-2-0,2,5,,True,True,True,3,0,1.0,5,5,1,0,True,False,,,,,,,,,0.35051460084484226,,False,False,False,False,
role_conditioned_ar_ppo_order_120,learning,medium,heterogeneity_pressure,1,1,206,1,207,8,1,missile,1-2-0,0,5,,True,True,True,3,0,1.0,3,3,0,0,True,False,,,,,,,,,0.15331761236829644,,False,False,False,False,
role_conditioned_ar_ppo_order_120,learning,medium,heterogeneity_pressure,1,1,206,1,207,8,2,laser,1-2-0,1,5,,True,True,True,10,0,1.0,1,1,0,0,True,False,,,,,,,,,0.03928069610958963,,False,False,False,False,
role_conditioned_ar_ppo_order_120,learning,medium,heterogeneity_pressure,1,1,206,1,207,8,0,missile,1-2-0,2,5,,True,True,True,3,0,1.0,5,5,1,0,True,False,,,,,,,,,0.3566423505494915,,False,False,False,False,
role_conditioned_ar_ppo_order_120,learning,medium,heterogeneity_pressure,1,1,206,1,207,9,1,missile,1-2-0,0,5,,True,True,True,3,0,1.0,4,4,0,0,True,False,,,,,,,,,0.1746514034359324,,False,False,False,False,
role_conditioned_ar_ppo_order_120,learning,medium,heterogeneity_pressure,1,1,206,1,207,9,2,laser,1-2-0,1,5,,True,True,True,10,0,1.0,1,1,0,0,True,False,,,,,,,,,0.059486582933776136,,False,False,False,False,
role_conditioned_ar_ppo_order_120,learning,medium,heterogeneity_pressure,1,1,206,1,207,9,0,missile,1-2-0,2,5,,True,True,True,3,0,1.0,5,5,1,0,True,False,,,,,,,,,0.3627148299682901,,False,False,False,False,
role_conditioned_ar_ppo_order_120,learning,medium,heterogeneity_pressure,1,1,206,1,207,10,1,missile,1-2-0,0,5,,True,True,True,3,0,1.0,4,4,0,0,True,False,,,,,,,,,0.19592067676627964,,False,False,False,False,
role_conditioned_ar_ppo_order_120,learning,medium,heterogeneity_pressure,1,1,206,1,207,10,2,laser,1-2-0,1,5,,True,True,True,10,0,1.0,1,1,0,0,True,False,,,,,,,,,0.07933084512364491,,False,False,False,False,
role_conditioned_ar_ppo_order_120,learning,medium,heterogeneity_pressure,1,1,206,1,207,10,0,missile,1-2-0,2,5,,True,True,True,3,0,1.0,5,5,1,0,True,False,,,,,,,,,0.3702513479822957,,False,False,False,False,
role_conditioned_ar_ppo_order_120,learning,medium,heterogeneity_pressure,1,1,206,1,207,11,1,missile,1-2-0,0,5,,True,True,True,3,0,1.0,4,4,0,0,True,False,,,,,,,,,0.21711210110066437,,False,False,False,False,
role_conditioned_ar_ppo_order_120,learning,medium,heterogeneity_pressure,1,1,206,1,207,11,2,laser,1-2-0,1,5,,True,True,True,10,0,1.0,1,1,0,0,True,False,,,,,,,,,0.0987227560576676,,False,False,False,False,
role_conditioned_ar_ppo_order_120,learning,medium,heterogeneity_pressure,1,1,206,1,207,11,0,missile,1-2-0,2,5,,True,True,True,3,0,1.0,5,5,1,0,True,False,,,,,,,,,0.3809606918665163,,False,False,False,False,
role_conditioned_ar_ppo_order_120,learning,medium,heterogeneity_pressure,1,1,206,1,207,12,1,missile,1-2-0,0,5,,True,True,True,3,0,1.0,4,4,0,0,True,False,,,,,,,,,0.23820831802935552,,False,False,False,False,
role_conditioned_ar_ppo_order_120,learning,medium,heterogeneity_pressure,1,1,206,1,207,12,2,laser,1-2-0,1,5,,True,True,True,10,0,1.0,1,1,0,0,True,False,,,,,,,,,0.11754186439545726,,False,False,False,False,
role_conditioned_ar_ppo_order_120,learning,medium,heterogeneity_pressure,1,1,206,1,207,12,0,missile,1-2-0,2,5,,True,True,True,3,0,1.0,5,5,1,0,True,False,,,,,,,,,0.39166593120588417,,False,False,False,False,
role_conditioned_ar_ppo_order_120,learning,medium,heterogeneity_pressure,1,1,206,1,207,13,1,missile,1-2-0,0,5,,True,True,True,3,0,1.0,4,4,0,0,True,False,,,,,,,,,0.2591865810922414,,False,False,False,False,
role_conditioned_ar_ppo_order_120,learning,medium,heterogeneity_pressure,1,1,206,1,207,13,2,laser,1-2-0,1,5,,True,True,True,10,0,1.0,1,1,0,0,True,False,,,,,,,,,0.13562671378196753,,False,False,False,False,
role_conditioned_ar_ppo_order_120,learning,medium,heterogeneity_pressure,1,1,206,1,207,13,0,missile,1-2-0,2,5,,True,True,True,3,0,1.0,5,5,1,0,True,False,,,,,,,,,0.4023663819095906,,False,False,False,False,
role_conditioned_ar_ppo_order_120,learning,medium,heterogeneity_pressure,1,1,206,1,207,14,1,missile,1-2-0,0,5,,True,True,True,3,0,1.0,4,4,0,0,True,False,,,,,,,,,0.28001653390238396,,False,False,False,False,
role_conditioned_ar_ppo_order_120,learning,medium,heterogeneity_pressure,1,1,206,1,207,14,2,laser,1-2-0,1,5,,True,True,True,10,0,1.0,1,1,0,0,True,False,,,,,,,,,0.15275981669588964,,False,False,False,False,
role_conditioned_ar_ppo_order_120,learning,medium,heterogeneity_pressure,1,1,206,1,207,14,0,missile,1-2-0,2,5,,True,True,True,3,0,1.0,5,5,1,0,True,False,,,,,,,,,0.41306116443230995,,False,False,False,False,
role_conditioned_ar_ppo_order_120,learning,medium,heterogeneity_pressure,1,1,206,1,207,15,1,missile,1-2-0,0,5,,True,True,True,3,0,1.0,4,4,0,0,True,False,,,,,,,,,0.3006566968038897,,False,False,False,False,
role_conditioned_ar_ppo_order_120,learning,medium,heterogeneity_pressure,1,1,206,1,207,15,2,laser,1-2-0,1,5,,True,True,True,10,0,1.0,2,2,0,0,True,False,,,,,,,,,0.16864864031468502,,False,False,False,False,
role_conditioned_ar_ppo_order_120,learning,medium,heterogeneity_pressure,1,1,206,1,207,15,0,missile,1-2-0,2,5,,True,True,True,3,0,1.0,5,5,1,0,True,False,,,,,,,,,0.42374917934238526,,False,False,False,False,
role_conditioned_ar_ppo_order_120,learning,medium,heterogeneity_pressure,1,1,206,1,207,16,1,missile,1-2-0,0,5,,True,True,True,3,0,1.0,4,4,0,0,True,False,,,,,,,,,0.3210491899153508,,False,False,False,False,
role_conditioned_ar_ppo_order_120,learning,medium,heterogeneity_pressure,1,1,206,1,207,16,2,laser,1-2-0,1,5,,True,True,True,10,0,1.0,2,2,0,0,True,False,,,,,,,,,0.1829053817418116,,False,False,False,False,
role_conditioned_ar_ppo_order_120,learning,medium,heterogeneity_pressure,1,1,206,1,207,16,0,missile,1-2-0,2,5,,True,True,True,3,0,1.0,5,5,1,0,True,False,,,,,,,,,0.4344290218104772,,False,False,False,False,
role_conditioned_ar_ppo_order_120,learning,medium,heterogeneity_pressure,1,1,206,1,207,17,1,missile,1-2-0,0,5,,True,True,True,3,0,1.0,5,5,1,0,True,False,,,,,,,,,0.34111127611262476,,False,False,False,False,
role_conditioned_ar_ppo_order_120,learning,medium,heterogeneity_pressure,1,1,206,1,207,17,2,laser,1-2-0,1,5,,True,True,True,10,0,1.0,3,3,0,0,True,False,,,,,,,,,0.19503406403198198,,False,False,False,False,
role_conditioned_ar_ppo_order_120,learning,medium,heterogeneity_pressure,1,1,206,1,207,17,0,missile,1-2-0,2,5,,True,True,True,3,0,1.0,5,5,1,0,True,False,,,,,,,,,0.4450988716663979,,False,False,False,False,
role_conditioned_ar_ppo_order_120,learning,medium,heterogeneity_pressure,1,1,206,1,207,18,1,missile,1-2-0,0,5,,True,True,True,3,0,1.0,5,5,1,0,True,False,,,,,,,,,0.360721266000132,,False,False,False,False,
role_conditioned_ar_ppo_order_120,learning,medium,heterogeneity_pressure,1,1,206,1,207,18,2,laser,1-2-0,1,5,,True,True,True,10,0,1.0,3,3,0,0,True,False,,,,,,,,,0.20444493565966668,,False,False,False,False,
role_conditioned_ar_ppo_order_120,learning,medium,heterogeneity_pressure,1,1,206,1,207,18,0,missile,1-2-0,2,5,,True,True,True,3,0,1.0,5,5,1,0,True,False,,,,,,,,,0.4557563345923168,,False,False,False,False,
role_conditioned_ar_ppo_order_120,learning,medium,heterogeneity_pressure,1,1,206,1,207,19,1,missile,1-2-0,0,5,,True,True,True,3,0,1.0,5,5,1,0,True,False,,,,,,,,,0.3796949937939886,,False,False,False,False,
role_conditioned_ar_ppo_order_120,learning,medium,heterogeneity_pressure,1,1,206,1,207,19,2,laser,1-2-0,1,5,,True,True,True,10,0,1.0,3,3,0,0,True,False,,,,,,,,,0.2105251290386233,,False,False,False,False,
role_conditioned_ar_ppo_order_120,learning,medium,heterogeneity_pressure,1,1,206,1,207,19,0,missile,1-2-0,2,5,,True,True,True,3,0,1.0,5,5,1,0,True,False,,,,,,,,,0.4725056921595614,,False,False,False,False,
role_conditioned_ar_ppo_order_120,learning,medium,heterogeneity_pressure,1,1,206,1,207,20,1,missile,1-2-0,0,5,,True,True,True,3,0,1.0,5,5,1,0,True,False,,,,,,,,,0.39774574022561854,,False,False,False,False,
role_conditioned_ar_ppo_order_120,learning,medium,heterogeneity_pressure,1,1,206,1,207,20,2,laser,1-2-0,1,5,,True,True,True,10,0,1.0,3,3,0,0,True,False,,,,,,,,,0.2127806897008419,,False,False,False,False,
role_conditioned_ar_ppo_order_120,learning,medium,heterogeneity_pressure,1,1,206,1,207,20,0,missile,1-2-0,2,5,,True,True,True,3,0,1.0,5,5,1,0,True,False,,,,,,,,,0.4930346793978798,,False,False,False,False,
role_conditioned_ar_ppo_order_120,learning,medium,heterogeneity_pressure,1,1,206,1,207,21,1,missile,1-2-0,0,5,,True,True,True,3,0,1.0,5,5,1,0,True,False,,,,,,,,,0.4144173193439227,,False,False,False,False,
role_conditioned_ar_ppo_order_120,learning,medium,heterogeneity_pressure,1,1,206,1,207,21,2,laser,1-2-0,1,5,,True,True,True,10,0,1.0,3,3,0,0,True,False,,,,,,,,,0.21100447039616424,,False,False,False,False,
role_conditioned_ar_ppo_order_120,learning,medium,heterogeneity_pressure,1,1,206,1,207,21,0,missile,1-2-0,2,5,,True,True,True,3,0,1.0,5,5,1,0,True,False,,,,,,,,,0.5135635574034342,,False,False,False,False,
role_conditioned_ar_ppo_order_120,learning,medium,heterogeneity_pressure,1,1,206,1,207,22,1,missile,1-2-0,0,5,,True,True,True,3,0,1.0,5,5,1,0,True,False,,,,,,,,,0.42898255959180603,,False,False,False,False,
role_conditioned_ar_ppo_order_120,learning,medium,heterogeneity_pressure,1,1,206,1,207,22,2,laser,1-2-0,1,5,,True,True,True,10,0,1.0,3,3,0,0,True,False,,,,,,,,,0.20536076179638452,,False,False,False,False,
role_conditioned_ar_ppo_order_120,learning,medium,heterogeneity_pressure,1,1,206,1,207,22,0,missile,1-2-0,2,5,,True,True,True,3,0,1.0,5,5,1,0,True,False,,,,,,,,,0.5340923261762243,,False,False,False,False,
role_conditioned_ar_ppo_order_120,learning,medium,heterogeneity_pressure,1,1,206,1,207,23,1,missile,1-2-0,0,5,,True,True,True,3,0,1.0,5,5,1,0,True,False,,,,,,,,,0.44033679954743166,,False,False,False,False,
role_conditioned_ar_ppo_order_120,learning,medium,heterogeneity_pressure,1,1,206,1,207,23,2,laser,1-2-0,1,5,,True,True,True,10,0,1.0,3,3,0,0,True,False,,,,,,,,,0.19631749677806337,,False,False,False,False,
role_conditioned_ar_ppo_order_120,learning,medium,heterogeneity_pressure,1,1,206,1,207,23,0,missile,1-2-0,2,5,,True,True,True,3,0,1.0,5,5,1,0,True,False,,,,,,,,,0.5546209493053288,,False,False,False,False,
role_conditioned_ar_ppo_order_120,learning,medium,heterogeneity_pressure,1,1,206,1,207,24,1,missile,1-2-0,0,5,,True,True,True,3,0,1.0,5,5,1,0,True,False,,,,,,,,,0.4470491854966581,,False,False,False,False,
role_conditioned_ar_ppo_order_120,learning,medium,heterogeneity_pressure,1,1,206,1,207,24,2,laser,1-2-0,1,5,,True,True,True,10,0,1.0,4,4,0,0,True,False,,,,,,,,,0.1844820167219247,,False,False,False,False,
role_conditioned_ar_ppo_order_120,learning,medium,heterogeneity_pressure,1,1,206,1,207,24,0,missile,1-2-0,2,5,,True,True,True,3,0,1.0,5,5,1,0,True,False,,,,,,,,,0.5751494085852871,,False,False,False,False,
role_conditioned_ar_ppo_order_120,learning,medium,heterogeneity_pressure,1,1,206,1,207,25,1,missile,1-2-0,0,5,,True,True,True,3,0,1.0,5,5,1,0,True,False,,,,,,,,,0.4478850276420341,,False,False,False,False,
role_conditioned_ar_ppo_order_120,learning,medium,heterogeneity_pressure,1,1,206,1,207,25,2,laser,1-2-0,1,5,,True,True,True,10,0,1.0,4,4,0,0,True,False,,,,,,,,,0.17045202063463027,,False,False,False,False,
role_conditioned_ar_ppo_order_120,learning,medium,heterogeneity_pressure,1,1,206,1,207,25,0,missile,1-2-0,2,5,,True,True,True,3,0,1.0,5,5,1,0,True,False,,,,,,,,,0.5956776493997168,,False,False,False,False,
role_conditioned_ar_ppo_order_120,learning,medium,heterogeneity_pressure,1,1,206,1,207,26,1,missile,1-2-0,0,5,,True,True,True,3,0,1.0,5,5,1,0,True,False,,,,,,,,,0.4426633749771578,,False,False,False,False,
role_conditioned_ar_ppo_order_120,learning,medium,heterogeneity_pressure,1,1,206,1,207,26,2,laser,1-2-0,1,5,,True,True,True,10,0,1.0,5,5,1,0,True,False,,,,,,,,,0.15473626125102968,,False,False,False,False,
role_conditioned_ar_ppo_order_120,learning,medium,heterogeneity_pressure,1,1,206,1,207,26,0,missile,1-2-0,2,5,,True,True,True,3,0,1.0,5,5,1,0,True,False,,,,,,,,,0.6162056171322361,,False,False,False,False,
role_conditioned_ar_ppo_order_120,learning,medium,heterogeneity_pressure,1,1,206,1,207,27,1,missile,1-2-0,0,5,,True,True,True,3,0,1.0,5,5,1,0,True,False,,,,,,,,,0.4324122411298572,,False,False,False,False,
role_conditioned_ar_ppo_order_120,learning,medium,heterogeneity_pressure,1,1,206,1,207,27,2,laser,1-2-0,1,5,,True,True,True,10,0,1.0,5,5,1,0,True,False,,,,,,,,,0.13773516058645208,,False,False,False,False,
role_conditioned_ar_ppo_order_120,learning,medium,heterogeneity_pressure,1,1,206,1,207,27,0,missile,1-2-0,2,5,,True,True,True,3,0,1.0,5,5,1,0,True,False,,,,,,,,,0.6367332753719235,,False,False,False,False,
role_conditioned_ar_ppo_order_120,learning,medium,heterogeneity_pressure,1,1,206,1,207,28,1,missile,1-2-0,0,5,,True,True,True,3,0,1.0,4,4,1,0,True,False,,,,,,,,,0.30315695166815265,,False,False,False,False,
role_conditioned_ar_ppo_order_120,learning,medium,heterogeneity_pressure,1,1,206,1,207,28,2,laser,1-2-0,1,5,,True,True,True,10,0,1.0,4,4,1,0,True,False,,,,,,,,,0.1468396173307425,,False,False,False,False,
role_conditioned_ar_ppo_order_120,learning,medium,heterogeneity_pressure,1,1,206,1,207,28,0,missile,1-2-0,2,5,,True,True,True,3,0,1.0,4,4,1,0,True,False,,,,,,,,,0.6572605148860148,,False,False,False,False,
role_conditioned_ar_ppo_order_120,learning,medium,heterogeneity_pressure,1,1,206,1,207,29,1,missile,1-2-0,0,5,,True,True,True,3,0,1.0,4,4,1,0,True,False,,,,,,,,,0.31448855420347427,,False,False,False,False,
role_conditioned_ar_ppo_order_120,learning,medium,heterogeneity_pressure,1,1,206,1,207,29,2,laser,1-2-0,1,5,,True,True,True,10,0,1.0,4,4,1,0,True,False,,,,,,,,,0.1571318421003252,,False,False,False,False,
role_conditioned_ar_ppo_order_120,learning,medium,heterogeneity_pressure,1,1,206,1,207,29,0,missile,1-2-0,2,5,,True,True,True,3,0,1.0,4,4,1,0,True,False,,,,,,,,,0.6777871900308243,,False,False,False,False,
role_conditioned_ar_ppo_order_120,learning,medium,heterogeneity_pressure,1,1,206,1,207,30,1,missile,1-2-0,0,5,,True,True,True,3,0,1.0,4,4,1,0,True,False,,,,,,,,,0.32581133620394326,,False,False,False,False,
role_conditioned_ar_ppo_order_120,learning,medium,heterogeneity_pressure,1,1,206,1,207,30,2,laser,1-2-0,1,5,,True,True,True,10,0,1.0,4,4,1,0,True,False,,,,,,,,,0.16721421259969055,,False,False,False,False,
role_conditioned_ar_ppo_order_120,learning,medium,heterogeneity_pressure,1,1,206,1,207,30,0,missile,1-2-0,2,5,,True,True,True,3,0,1.0,4,4,1,0,True,False,,,,,,,,,0.6983131551626667,,False,False,False,False,
role_conditioned_ar_ppo_order_120,learning,medium,heterogeneity_pressure,1,1,206,1,207,31,1,missile,1-2-0,0,5,,True,True,True,3,0,1.0,4,4,1,0,True,False,,,,,,,,,0.33712335482047306,,False,False,False,False,
role_conditioned_ar_ppo_order_120,learning,medium,heterogeneity_pressure,1,1,206,1,207,31,2,laser,1-2-0,1,5,,True,True,True,10,0,1.0,4,4,1,0,True,False,,,,,,,,,0.17704020672626827,,False,False,False,False,
role_conditioned_ar_ppo_order_120,learning,medium,heterogeneity_pressure,1,1,206,1,207,31,0,missile,1-2-0,2,5,,True,True,True,3,0,1.0,4,4,1,0,True,False,,,,,,,,,0.7188380825832491,,False,False,False,False,
role_conditioned_ar_ppo_order_120,learning,medium,heterogeneity_pressure,1,1,206,1,207,32,1,missile,1-2-0,0,5,,True,True,True,3,0,1.0,4,4,1,0,True,False,,,,,,,,,0.3484219677783061,,False,False,False,False,
role_conditioned_ar_ppo_order_120,learning,medium,heterogeneity_pressure,1,1,206,1,207,32,2,laser,1-2-0,1,5,,True,True,True,10,0,1.0,4,4,1,0,True,False,,,,,,,,,0.18655023049030112,,False,False,False,False,
role_conditioned_ar_ppo_order_120,learning,medium,heterogeneity_pressure,1,1,206,1,207,32,0,missile,1-2-0,2,5,,True,True,True,3,0,1.0,4,4,1,0,True,False,,,,,,,,,0.7393615444642452,,False,False,False,False,
role_conditioned_ar_ppo_order_120,learning,medium,heterogeneity_pressure,1,1,206,1,207,33,1,missile,1-2-0,0,5,,True,True,True,3,0,1.0,4,4,1,0,True,False,,,,,,,,,0.3605672716412778,,False,False,False,False,
role_conditioned_ar_ppo_order_120,learning,medium,heterogeneity_pressure,1,1,206,1,207,33,2,laser,1-2-0,1,5,,True,True,True,10,0,1.0,4,4,1,0,True,False,,,,,,,,,0.1956676858211382,,False,False,False,False,
role_conditioned_ar_ppo_order_120,learning,medium,heterogeneity_pressure,1,1,206,1,207,33,0,missile,1-2-0,2,5,,True,True,True,3,0,1.0,4,4,1,0,True,False,,,,,,,,,0.759882767073575,,False,False,False,False,
role_conditioned_ar_ppo_order_120,learning,medium,heterogeneity_pressure,1,1,206,1,207,34,1,missile,1-2-0,0,5,,True,True,True,3,0,1.0,4,4,1,0,True,False,,,,,,,,,0.3823334744869081,,False,False,False,False,
role_conditioned_ar_ppo_order_120,learning,medium,heterogeneity_pressure,1,1,206,1,207,34,2,laser,1-2-0,1,5,,True,True,True,10,0,1.0,4,4,1,0,True,False,,,,,,,,,0.20429417488504512,,False,False,False,False,
role_conditioned_ar_ppo_order_120,learning,medium,heterogeneity_pressure,1,1,206,1,207,34,0,missile,1-2-0,2,5,,True,True,True,3,0,1.0,4,4,1,0,True,False,,,,,,,,,0.780400348590765,,False,False,False,False,
role_conditioned_ar_ppo_order_120,learning,medium,heterogeneity_pressure,1,1,206,1,207,35,1,missile,1-2-0,0,5,,True,True,True,3,0,1.0,3,3,1,0,True,False,,,,,,,,,0.4040994843030083,,False,False,False,False,
role_conditioned_ar_ppo_order_120,learning,medium,heterogeneity_pressure,1,1,206,1,207,35,2,laser,1-2-0,1,5,,True,True,True,10,0,1.0,3,3,1,0,True,False,,,,,,,,,0.2002882521643078,,False,False,False,False,
role_conditioned_ar_ppo_order_120,learning,medium,heterogeneity_pressure,1,1,206,1,207,35,0,missile,1-2-0,2,5,,True,True,True,3,0,1.0,3,3,1,0,True,False,,,,,,,,,0.8009113761421028,,False,False,False,False,
role_conditioned_ar_ppo_order_120,learning,medium,heterogeneity_pressure,1,1,206,1,207,36,1,missile,1-2-0,0,5,,True,True,True,3,0,1.0,3,3,1,0,True,False,,,,,,,,,0.4258652817866254,,False,False,False,False,
role_conditioned_ar_ppo_order_120,learning,medium,heterogeneity_pressure,1,1,206,1,207,36,2,laser,1-2-0,1,5,,True,True,True,10,0,1.0,3,3,1,0,True,False,,,,,,,,,0.2197665353831516,,False,False,False,False,
role_conditioned_ar_ppo_order_120,learning,medium,heterogeneity_pressure,1,1,206,1,207,36,0,missile,1-2-0,2,5,,True,True,True,3,0,1.0,3,3,1,0,True,False,,,,,,,,,0.8214087359438201,,False,False,False,False,
role_conditioned_ar_ppo_order_120,learning,medium,heterogeneity_pressure,1,1,206,1,207,37,1,missile,1-2-0,0,5,,True,True,True,3,0,1.0,3,3,1,0,True,False,,,,,,,,,0.4476308090289003,,False,False,False,False,
role_conditioned_ar_ppo_order_120,learning,medium,heterogeneity_pressure,1,1,206,1,207,37,2,laser,1-2-0,1,5,,True,True,True,10,0,1.0,3,3,1,0,True,False,,,,,,,,,0.2387229855399596,,False,False,False,False,
role_conditioned_ar_ppo_order_120,learning,medium,heterogeneity_pressure,1,1,206,1,207,37,0,missile,1-2-0,2,5,,True,True,True,3,0,1.0,3,3,1,0,True,False,,,,,,,,,0.8418692683742236,,False,False,False,False,
role_conditioned_ar_ppo_order_120,learning,medium,heterogeneity_pressure,1,1,206,1,207,38,1,missile,1-2-0,0,5,,True,True,True,3,0,1.0,3,3,1,0,True,False,,,,,,,,,0.469396008120974,,False,False,False,False,
role_conditioned_ar_ppo_order_120,learning,medium,heterogeneity_pressure,1,1,206,1,207,38,2,laser,1-2-0,1,5,,True,True,True,10,0,1.0,3,3,1,0,True,False,,,,,,,,,0.25701630501868544,,False,False,False,False,
role_conditioned_ar_ppo_order_120,learning,medium,heterogeneity_pressure,1,1,206,1,207,38,0,missile,1-2-0,2,5,,True,True,True,3,0,1.0,3,3,1,0,True,False,,,,,,,,,0.8621508502286758,,False,False,False,False,
role_conditioned_ar_ppo_order_120,learning,medium,heterogeneity_pressure,1,1,206,1,207,39,1,missile,1-2-0,0,5,,True,True,True,3,0,1.0,3,3,1,0,True,False,,,,,,,,,0.4911607825480814,,False,False,False,False,
role_conditioned_ar_ppo_order_120,learning,medium,heterogeneity_pressure,1,1,206,1,207,39,2,laser,1-2-0,1,5,,True,True,True,10,0,1.0,3,3,1,0,True,False,,,,,,,,,0.2744574436672168,,False,False,False,False,
role_conditioned_ar_ppo_order_120,learning,medium,heterogeneity_pressure,1,1,206,1,207,39,0,missile,1-2-0,2,5,,True,True,True,3,0,1.0,3,3,1,0,True,False,,,,,,,,,0.8719047296023732,,False,False,False,False,
role_conditioned_ar_ppo_order_120,learning,medium,heterogeneity_pressure,1,1,206,1,207,40,1,missile,1-2-0,0,5,,True,True,True,3,0,1.0,3,3,1,0,True,False,,,,,,,,,0.5129249778865984,,False,False,False,False,
role_conditioned_ar_ppo_order_120,learning,medium,heterogeneity_pressure,1,1,206,1,207,40,2,laser,1-2-0,1,5,,True,True,True,10,0,1.0,3,3,1,0,True,False,,,,,,,,,0.29079334472104407,,False,False,False,False,
role_conditioned_ar_ppo_order_120,learning,medium,heterogeneity_pressure,1,1,206,1,207,40,0,missile,1-2-0,2,5,,True,True,True,3,0,1.0,3,3,1,0,True,False,,,,,,,,,0.8523412996939987,,False,False,False,False,
role_conditioned_ar_ppo_order_120,learning,medium,heterogeneity_pressure,1,1,206,1,207,41,1,missile,1-2-0,0,5,,True,True,True,3,0,1.0,3,3,1,0,True,False,,,,,,,,,0.534688459015854,,False,False,False,False,
role_conditioned_ar_ppo_order_120,learning,medium,heterogeneity_pressure,1,1,206,1,207,41,2,laser,1-2-0,1,5,,True,True,True,10,0,1.0,3,3,1,0,True,False,,,,,,,,,0.3056880774040604,,False,False,False,False,
role_conditioned_ar_ppo_order_120,learning,medium,heterogeneity_pressure,1,1,206,1,207,41,0,missile,1-2-0,2,5,,True,True,True,3,0,1.0,3,3,1,0,True,False,,,,,,,,,0.8319313875470717,,False,False,False,False,
role_conditioned_ar_ppo_order_120,learning,medium,heterogeneity_pressure,1,1,206,1,207,42,1,missile,1-2-0,0,5,,True,True,True,3,0,1.0,3,3,1,0,True,False,,,,,,,,,0.5564508977856472,,False,False,False,False,
role_conditioned_ar_ppo_order_120,learning,medium,heterogeneity_pressure,1,1,206,1,207,42,2,laser,1-2-0,1,5,,True,True,True,10,0,1.0,3,3,1,0,True,False,,,,,,,,,0.3187069887091915,,False,False,False,False,
role_conditioned_ar_ppo_order_120,learning,medium,heterogeneity_pressure,1,1,206,1,207,42,0,missile,1-2-0,2,5,,True,True,True,3,0,1.0,3,3,1,0,True,False,,,,,,,,,0.8114477592140876,,False,False,False,False,
role_conditioned_ar_ppo_order_120,learning,medium,heterogeneity_pressure,1,1,206,1,207,43,1,missile,1-2-0,0,5,,True,True,True,3,0,1.0,2,2,0,0,True,False,,,,,,,,,0.3505456146566548,,False,False,False,False,
role_conditioned_ar_ppo_order_120,learning,medium,heterogeneity_pressure,1,1,206,1,207,43,2,laser,1-2-0,1,5,,True,True,True,10,0,1.0,2,2,0,0,True,False,,,,,,,,,0.12339739288973642,,False,False,False,False,
role_conditioned_ar_ppo_order_120,learning,medium,heterogeneity_pressure,1,1,206,1,207,43,0,missile,1-2-0,2,5,,True,True,True,3,0,1.0,2,2,0,0,True,False,,,,,,,,,0.4469190517883432,,False,False,False,False,
role_conditioned_ar_ppo_order_120,learning,medium,heterogeneity_pressure,1,1,206,1,207,44,1,missile,1-2-0,0,5,,True,True,True,3,0,1.0,2,2,0,0,True,False,,,,,,,,,0.3559487732108015,,False,False,False,False,
role_conditioned_ar_ppo_order_120,learning,medium,heterogeneity_pressure,1,1,206,1,207,44,2,laser,1-2-0,1,5,,True,True,True,10,0,1.0,2,2,0,0,True,False,,,,,,,,,0.12522496172130135,,False,False,False,False,
role_conditioned_ar_ppo_order_120,learning,medium,heterogeneity_pressure,1,1,206,1,207,44,0,missile,1-2-0,2,5,,True,True,True,3,0,1.0,2,2,0,0,True,False,,,,,,,,,0.4431618458172931,,False,False,False,False,
role_conditioned_ar_ppo_order_120,learning,medium,heterogeneity_pressure,1,1,206,1,207,45,1,missile,1-2-0,0,5,,True,True,True,3,0,1.0,2,2,0,0,True,False,,,,,,,,,0.36111539543972526,,False,False,False,False,
role_conditioned_ar_ppo_order_120,learning,medium,heterogeneity_pressure,1,1,206,1,207,45,2,laser,1-2-0,1,5,,True,True,True,10,0,1.0,2,2,0,0,True,False,,,,,,,,,0.12674045774032058,,False,False,False,False,
role_conditioned_ar_ppo_order_120,learning,medium,heterogeneity_pressure,1,1,206,1,207,45,0,missile,1-2-0,2,5,,True,True,True,3,0,1.0,2,2,0,0,True,False,,,,,,,,,0.43913110473728817,,False,False,False,False,
role_conditioned_ar_ppo_order_120,learning,medium,heterogeneity_pressure,1,1,206,1,207,46,1,missile,1-2-0,0,5,,True,True,True,3,0,1.0,2,2,0,0,True,False,,,,,,,,,0.3660100960765316,,False,False,False,False,
role_conditioned_ar_ppo_order_120,learning,medium,heterogeneity_pressure,1,1,206,1,207,46,2,laser,1-2-0,1,5,,True,True,True,10,0,1.0,2,2,0,0,True,False,,,,,,,,,0.12793568831765265,,False,False,False,False,
role_conditioned_ar_ppo_order_120,learning,medium,heterogeneity_pressure,1,1,206,1,207,46,0,missile,1-2-0,2,5,,True,True,True,3,0,1.0,2,2,0,0,True,False,,,,,,,,,0.4348520580843323,,False,False,False,False,
role_conditioned_ar_ppo_order_120,learning,medium,heterogeneity_pressure,1,1,206,1,207,47,1,missile,1-2-0,0,5,,True,True,True,3,0,1.0,2,2,0,0,True,False,,,,,,,,,0.37059255657080853,,False,False,False,False,
role_conditioned_ar_ppo_order_120,learning,medium,heterogeneity_pressure,1,1,206,1,207,47,2,laser,1-2-0,1,5,,True,True,True,10,0,1.0,2,2,0,0,True,False,,,,,,,,,0.12880400491781047,,False,False,False,False,
role_conditioned_ar_ppo_order_120,learning,medium,heterogeneity_pressure,1,1,206,1,207,47,0,missile,1-2-0,2,5,,True,True,True,3,0,1.0,2,2,0,0,True,False,,,,,,,,,0.4303481751942432,,False,False,False,False,
role_conditioned_ar_ppo_order_120,learning,medium,heterogeneity_pressure,1,1,206,1,207,48,1,missile,1-2-0,0,5,,True,True,True,3,0,1.0,2,2,0,0,True,False,,,,,,,,,0.3748175313096648,,False,False,False,False,
role_conditioned_ar_ppo_order_120,learning,medium,heterogeneity_pressure,1,1,206,1,207,48,2,laser,1-2-0,1,5,,True,True,True,10,0,1.0,2,2,0,0,True,False,,,,,,,,,0.1293404434711118,,False,False,False,False,
role_conditioned_ar_ppo_order_120,learning,medium,heterogeneity_pressure,1,1,206,1,207,48,0,missile,1-2-0,2,5,,True,True,True,3,0,1.0,2,2,0,0,True,False,,,,,,,,,0.42564111826398054,,False,False,False,False,
role_conditioned_ar_ppo_order_120,learning,medium,heterogeneity_pressure,1,1,206,1,207,49,1,missile,1-2-0,0,5,,True,True,True,3,0,1.0,2,2,0,0,True,False,,,,,,,,,0.37863522088003926,,False,False,False,False,
role_conditioned_ar_ppo_order_120,learning,medium,heterogeneity_pressure,1,1,206,1,207,49,2,laser,1-2-0,1,5,,True,True,True,10,0,1.0,2,2,0,0,True,False,,,,,,,,,0.12954187750693408,,False,False,False,False,
role_conditioned_ar_ppo_order_120,learning,medium,heterogeneity_pressure,1,1,206,1,207,49,0,missile,1-2-0,2,5,,True,True,True,3,0,1.0,2,2,0,0,True,False,,,,,,,,,0.420750636739635,,False,False,False,False,
role_conditioned_ar_ppo_order_201,learning,medium,medium,1,1,204,0,204,0,2,laser,2-0-1,0,5,,True,True,True,10,0,1.0,0,0,0,0,False,False,,,,,,,,,0.0,,False,False,False,False,
role_conditioned_ar_ppo_order_201,learning,medium,medium,1,1,204,0,204,0,0,missile,2-0-1,1,5,,True,True,True,3,0,1.0,1,1,0,0,True,False,,,,,,,,,0.03054378167597373,,False,False,False,False,
role_conditioned_ar_ppo_order_201,learning,medium,medium,1,1,204,0,204,0,1,missile,2-0-1,2,5,,True,True,True,3,0,1.0,2,2,1,0,True,False,,,,,,,,,0.11788814068766627,,False,False,False,False,
role_conditioned_ar_ppo_order_201,learning,medium,medium,1,1,204,0,204,1,2,laser,2-0-1,0,5,,True,True,True,10,0,1.0,0,0,0,0,False,False,,,,,,,,,0.0,,False,False,False,False,
role_conditioned_ar_ppo_order_201,learning,medium,medium,1,1,204,0,204,1,0,missile,2-0-1,1,5,,True,True,True,3,0,1.0,2,2,1,0,True,False,,,,,,,,,0.03650402124162178,,False,False,False,False,
role_conditioned_ar_ppo_order_201,learning,medium,medium,1,1,204,0,204,1,1,missile,2-0-1,2,5,,True,True,True,3,0,1.0,2,2,1,0,True,False,,,,,,,,,0.1412202118948976,,False,False,False,False,
role_conditioned_ar_ppo_order_201,learning,medium,medium,1,1,204,0,204,2,2,laser,2-0-1,0,5,,True,True,True,10,0,1.0,0,0,0,0,False,False,,,,,,,,,0.0,,False,False,False,False,
role_conditioned_ar_ppo_order_201,learning,medium,medium,1,1,204,0,204,2,0,missile,2-0-1,1,5,,True,True,True,3,0,1.0,2,2,1,0,True,False,,,,,,,,,0.04243354664475467,,False,False,False,False,
role_conditioned_ar_ppo_order_201,learning,medium,medium,1,1,204,0,204,2,1,missile,2-0-1,2,5,,True,True,True,3,0,1.0,2,2,1,0,True,False,,,,,,,,,0.16453779645878705,,False,False,False,False,
role_conditioned_ar_ppo_order_201,learning,medium,medium,1,1,204,0,204,3,2,laser,2-0-1,0,5,,True,True,True,10,0,1.0,0,0,0,0,False,False,,,,,,,,,0.0,,False,False,False,False,
role_conditioned_ar_ppo_order_201,learning,medium,medium,1,1,204,0,204,3,0,missile,2-0-1,1,5,,True,True,True,3,0,1.0,2,2,1,0,True,False,,,,,,,,,0.05745868986186497,,False,False,False,False,
role_conditioned_ar_ppo_order_201,learning,medium,medium,1,1,204,0,204,3,1,missile,2-0-1,2,5,,True,True,True,3,0,1.0,2,2,1,0,True,False,,,,,,,,,0.187839229247916,,False,False,False,False,
role_conditioned_ar_ppo_order_201,learning,medium,medium,1,1,204,0,204,4,2,laser,2-0-1,0,5,,True,True,True,10,0,1.0,1,1,0,0,True,False,,,,,,,,,0.0022248087929479447,,False,False,False,False,
role_conditioned_ar_ppo_order_201,learning,medium,medium,1,1,204,0,204,4,0,missile,2-0-1,1,5,,True,True,True,3,0,1.0,2,2,1,0,True,False,,,,,,,,,0.08082339764490093,,False,False,False,False,
role_conditioned_ar_ppo_order_201,learning,medium,medium,1,1,204,0,204,4,1,missile,2-0-1,2,5,,True,True,True,3,0,1.0,3,3,1,0,True,False,,,,,,,,,0.21112309490057865,,False,False,False,False,
role_conditioned_ar_ppo_order_201,learning,medium,medium,1,1,204,0,204,5,2,laser,2-0-1,0,5,,True,True,True,10,0,1.0,1,1,0,0,True,False,,,,,,,,,0.009281490685217622,,False,False,False,False,
role_conditioned_ar_ppo_order_201,learning,medium,medium,1,1,204,0,204,5,0,missile,2-0-1,1,5,,True,True,True,3,0,1.0,2,2,1,0,True,False,,,,,,,,,0.10417628299486485,,False,False,False,False,
role_conditioned_ar_ppo_order_201,learning,medium,medium,1,1,204,0,204,5,1,missile,2-0-1,2,5,,True,True,True,3,0,1.0,3,3,1,0,True,False,,,,,,,,,0.23438756177221445,,False,False,False,False,
role_conditioned_ar_ppo_order_201,learning,medium,medium,1,1,204,0,204,6,2,laser,2-0-1,0,5,,True,True,True,10,0,1.0,2,2,1,0,True,False,,,,,,,,,0.0162816820476935,,False,False,False,False,
role_conditioned_ar_ppo_order_201,learning,medium,medium,1,1,204,0,204,6,0,missile,2-0-1,1,5,,True,True,True,3,0,1.0,3,3,1,0,True,False,,,,,,,,,0.12751651334604733,,False,False,False,False,
role_conditioned_ar_ppo_order_201,learning,medium,medium,1,1,204,0,204,6,1,missile,2-0-1,2,5,,True,True,True,3,0,1.0,3,3,1,0,True,False,,,,,,,,,0.2576306317051213,,False,False,False,False,
role_conditioned_ar_ppo_order_201,learning,medium,medium,1,1,204,0,204,7,2,laser,2-0-1,0,5,,True,True,True,10,0,1.0,2,2,1,0,True,False,,,,,,,,,0.031084270285060715,,False,False,False,False,
role_conditioned_ar_ppo_order_201,learning,medium,medium,1,1,204,0,204,7,0,missile,2-0-1,1,5,,True,True,True,3,0,1.0,3,3,1,0,True,False,,,,,,,,,0.15084275659331348,,False,False,False,False,
role_conditioned_ar_ppo_order_201,learning,medium,medium,1,1,204,0,204,7,1,missile,2-0-1,2,5,,True,True,True,3,0,1.0,4,4,1,0,True,False,,,,,,,,,0.28085005677188385,,False,False,False,False,
role_conditioned_ar_ppo_order_201,learning,medium,medium,1,1,204,0,204,8,2,laser,2-0-1,0,5,,True,True,True,10,0,1.0,2,2,1,0,True,False,,,,,,,,,0.05916974588022528,,False,False,False,False,
role_conditioned_ar_ppo_order_201,learning,medium,medium,1,1,204,0,204,8,0,missile,2-0-1,1,5,,True,True,True,3,0,1.0,3,3,1,0,True,False,,,,,,,,,0.17415384714467042,,False,False,False,False,
role_conditioned_ar_ppo_order_201,learning,medium,medium,1,1,204,0,204,8,1,missile,2-0-1,2,5,,True,True,True,3,0,1.0,4,4,1,0,True,False,,,,,,,,,0.30404308950566145,,False,False,False,False,
role_conditioned_ar_ppo_order_201,learning,medium,medium,1,1,204,0,204,9,2,laser,2-0-1,0,5,,True,True,True,10,0,1.0,2,2,1,0,True,False,,,,,,,,,0.08724955417996448,,False,False,False,False,
role_conditioned_ar_ppo_order_201,learning,medium,medium,1,1,204,0,204,9,0,missile,2-0-1,1,5,,True,True,True,3,0,1.0,3,3,1,0,True,False,,,,,,,,,0.19744820312527026,,False,False,False,False,
role_conditioned_ar_ppo_order_201,learning,medium,medium,1,1,204,0,204,9,1,missile,2-0-1,2,5,,True,True,True,3,0,1.0,4,4,1,0,True,False,,,,,,,,,0.32720669104161526,,False,False,False,False,
role_conditioned_ar_ppo_order_201,learning,medium,medium,1,1,204,0,204,10,2,laser,2-0-1,0,5,,True,True,True,10,0,1.0,2,2,1,0,True,False,,,,,,,,,0.11532289977439407,,False,False,False,False,
role_conditioned_ar_ppo_order_201,learning,medium,medium,1,1,204,0,204,10,0,missile,2-0-1,1,5,,True,True,True,3,0,1.0,4,4,1,0,True,False,,,,,,,,,0.22072432591683636,,False,False,False,False,
role_conditioned_ar_ppo_order_201,learning,medium,medium,1,1,204,0,204,10,1,missile,2-0-1,2,5,,True,True,True,3,0,1.0,5,5,1,0,True,False,,,,,,,,,0.3503374062320515,,False,False,False,False,
role_conditioned_ar_ppo_order_201,learning,medium,medium,1,1,204,0,204,11,2,laser,2-0-1,0,5,,True,True,True,10,0,1.0,2,2,1,0,True,False,,,,,,,,,0.14338898725362978,,False,False,False,False,
role_conditioned_ar_ppo_order_201,learning,medium,medium,1,1,204,0,204,11,0,missile,2-0-1,1,5,,True,True,True,3,0,1.0,4,4,1,0,True,False,,,,,,,,,0.24398025898995182,,False,False,False,False,
role_conditioned_ar_ppo_order_201,learning,medium,medium,1,1,204,0,204,11,1,missile,2-0-1,2,5,,True,True,True,3,0,1.0,5,5,1,0,True,False,,,,,,,,,0.3734310722484238,,False,False,False,False,
role_conditioned_ar_ppo_order_201,learning,medium,medium,1,1,204,0,204,12,2,laser,2-0-1,0,5,,True,True,True,10,0,1.0,2,2,1,0,True,False,,,,,,,,,0.17144657378972744,,False,False,False,False,
role_conditioned_ar_ppo_order_201,learning,medium,medium,1,1,204,0,204,12,0,missile,2-0-1,1,5,,True,True,True,3,0,1.0,4,4,1,0,True,False,,,,,,,,,0.2672138793020581,,False,False,False,False,
role_conditioned_ar_ppo_order_201,learning,medium,medium,1,1,204,0,204,12,1,missile,2-0-1,2,5,,True,True,True,3,0,1.0,5,5,1,0,True,False,,,,,,,,,0.3964827769530471,,False,False,False,False,
role_conditioned_ar_ppo_order_201,learning,medium,medium,1,1,204,0,204,13,2,laser,2-0-1,0,5,,True,True,True,10,0,1.0,3,3,1,0,True,False,,,,,,,,,0.19949431712850743,,False,False,False,False,
role_conditioned_ar_ppo_order_201,learning,medium,medium,1,1,204,0,204,13,0,missile,2-0-1,1,5,,True,True,True,3,0,1.0,4,4,1,0,True,False,,,,,,,,,0.2904226891560269,,False,False,False,False,
role_conditioned_ar_ppo_order_201,learning,medium,medium,1,1,204,0,204,13,1,missile,2-0-1,2,5,,True,True,True,3,0,1.0,5,5,1,0,True,False,,,,,,,,,0.4194869005273839,,False,False,False,False,
role_conditioned_ar_ppo_order_201,learning,medium,medium,1,1,204,0,204,14,2,laser,2-0-1,0,5,,True,True,True,10,0,1.0,3,3,1,0,True,False,,,,,,,,,0.22753052702396562,,False,False,False,False,
role_conditioned_ar_ppo_order_201,learning,medium,medium,1,1,204,0,204,14,0,missile,2-0-1,1,5,,True,True,True,3,0,1.0,4,4,1,0,True,False,,,,,,,,,0.3136040243415889,,False,False,False,False,
role_conditioned_ar_ppo_order_201,learning,medium,medium,1,1,204,0,204,14,1,missile,2-0-1,2,5,,True,True,True,3,0,1.0,5,5,1,0,True,False,,,,,,,,,0.44243665756090306,,False,False,False,False,
role_conditioned_ar_ppo_order_201,learning,medium,medium,1,1,204,0,204,15,2,laser,2-0-1,0,5,,True,True,True,10,0,1.0,3,3,1,0,True,False,,,,,,,,,0.25555306581203807,,False,False,False,False,
role_conditioned_ar_ppo_order_201,learning,medium,medium,1,1,204,0,204,15,0,missile,2-0-1,1,5,,True,True,True,3,0,1.0,4,4,1,0,True,False,,,,,,,,,0.33675451296762116,,False,False,False,False,
role_conditioned_ar_ppo_order_201,learning,medium,medium,1,1,204,0,204,15,1,missile,2-0-1,2,5,,True,True,True,3,0,1.0,5,5,1,0,True,False,,,,,,,,,0.4653238889096536,,False,False,False,False,
role_conditioned_ar_ppo_order_201,learning,medium,medium,1,1,204,0,204,16,2,laser,2-0-1,0,5,,True,True,True,10,0,1.0,3,3,1,0,True,False,,,,,,,,,0.28355929869748325,,False,False,False,False,
role_conditioned_ar_ppo_order_201,learning,medium,medium,1,1,204,0,204,16,0,missile,2-0-1,1,5,,True,True,True,3,0,1.0,4,4,1,0,True,False,,,,,,,,,0.35987049174500274,,False,False,False,False,
role_conditioned_ar_ppo_order_201,learning,medium,medium,1,1,204,0,204,16,1,missile,2-0-1,2,5,,True,True,True,3,0,1.0,5,5,1,0,True,False,,,,,,,,,0.4881389368114074,,False,False,False,False,
role_conditioned_ar_ppo_order_201,learning,medium,medium,1,1,204,0,204,17,2,laser,2-0-1,0,5,,True,True,True,10,0,1.0,3,3,1,0,True,False,,,,,,,,,0.3115458700448518,,False,False,False,False,
role_conditioned_ar_ppo_order_201,learning,medium,medium,1,1,204,0,204,17,0,missile,2-0-1,1,5,,True,True,True,3,0,1.0,4,4,1,0,True,False,,,,,,,,,0.38294746481890346,,False,False,False,False,
role_conditioned_ar_ppo_order_201,learning,medium,medium,1,1,204,0,204,17,1,missile,2-0-1,2,5,,True,True,True,3,0,1.0,5,5,1,0,True,False,,,,,,,,,0.5108698539482363,,False,False,False,False,
role_conditioned_ar_ppo_order_201,learning,medium,medium,1,1,204,0,204,18,2,laser,2-0-1,0,5,,True,True,True,10,0,1.0,3,3,1,0,True,False,,,,,,,,,0.3395083802432216,,False,False,False,False,
role_conditioned_ar_ppo_order_201,learning,medium,medium,1,1,204,0,204,18,0,missile,2-0-1,1,5,,True,True,True,3,0,1.0,4,4,1,0,True,False,,,,,,,,,0.4059802702819257,,False,False,False,False,
role_conditioned_ar_ppo_order_201,learning,medium,medium,1,1,204,0,204,18,1,missile,2-0-1,2,5,,True,True,True,3,0,1.0,5,5,1,0,True,False,,,,,,,,,0.5335021120485126,,False,False,False,False,
role_conditioned_ar_ppo_order_201,learning,medium,medium,1,1,204,0,204,19,2,laser,2-0-1,0,5,,True,True,True,10,0,1.0,3,3,1,0,True,False,,,,,,,,,0.3674410128578137,,False,False,False,False,
role_conditioned_ar_ppo_order_201,learning,medium,medium,1,1,204,0,204,19,0,missile,2-0-1,1,5,,True,True,True,3,0,1.0,4,4,1,0,True,False,,,,,,,,,0.4289629136609624,,False,False,False,False,
role_conditioned_ar_ppo_order_201,learning,medium,medium,1,1,204,0,204,19,1,missile,2-0-1,2,5,,True,True,True,3,0,1.0,5,5,1,0,True,False,,,,,,,,,0.5560176860646301,,False,False,False,False,
role_conditioned_ar_ppo_order_201,learning,medium,medium,1,1,204,0,204,20,2,laser,2-0-1,0,5,,True,True,True,10,0,1.0,3,3,1,0,True,False,,,,,,,,,0.39533606235537466,,False,False,False,False,
role_conditioned_ar_ppo_order_201,learning,medium,medium,1,1,204,0,204,20,0,missile,2-0-1,1,5,,True,True,True,3,0,1.0,5,5,1,0,True,False,,,,,,,,,0.4518879434929152,,False,False,False,False,
role_conditioned_ar_ppo_order_201,learning,medium,medium,1,1,204,0,204,20,1,missile,2-0-1,2,5,,True,True,True,3,0,1.0,5,5,1,0,True,False,,,,,,,,,0.5783939926517238,,False,False,False,False,
role_conditioned_ar_ppo_order_201,learning,medium,medium,1,1,204,0,204,21,2,laser,2-0-1,0,5,,True,True,True,10,0,1.0,3,3,1,0,True,False,,,,,,,,,0.42318276584590786,,False,False,False,False,
role_conditioned_ar_ppo_order_201,learning,medium,medium,1,1,204,0,204,21,0,missile,2-0-1,1,5,,True,True,True,3,0,1.0,5,5,1,0,True,False,,,,,,,,,0.47474665946612216,,False,False,False,False,
role_conditioned_ar_ppo_order_201,learning,medium,medium,1,1,204,0,204,21,1,missile,2-0-1,2,5,,True,True,True,3,0,1.0,5,5,1,0,True,False,,,,,,,,,0.6006024331776793,,False,False,False,False,
role_conditioned_ar_ppo_order_201,learning,medium,medium,1,1,204,0,204,22,2,laser,2-0-1,0,5,,True,True,True,10,0,1.0,3,3,1,0,True,False,,,,,,,,,0.45096588625881806,,False,False,False,False,
role_conditioned_ar_ppo_order_201,learning,medium,medium,1,1,204,0,204,22,0,missile,2-0-1,1,5,,True,True,True,3,0,1.0,5,5,1,0,True,False,,,,,,,,,0.49752857125264577,,False,False,False,False,
role_conditioned_ar_ppo_order_201,learning,medium,medium,1,1,204,0,204,22,1,missile,2-0-1,2,5,,True,True,True,3,0,1.0,5,5,1,0,True,False,,,,,,,,,0.6226063331230015,,False,False,False,False,
role_conditioned_ar_ppo_order_201,learning,medium,medium,1,1,204,0,204,23,2,laser,2-0-1,0,5,,True,True,True,10,0,1.0,4,4,1,0,True,False,,,,,,,,,0.4786632764001403,,False,False,False,False,
role_conditioned_ar_ppo_order_201,learning,medium,medium,1,1,204,0,204,23,0,missile,2-0-1,1,5,,True,True,True,3,0,1.0,5,5,1,0,True,False,,,,,,,,,0.5202207324557064,,False,False,False,False,
role_conditioned_ar_ppo_order_201,learning,medium,medium,1,1,204,0,204,23,1,missile,2-0-1,2,5,,True,True,True,3,0,1.0,5,5,1,0,True,False,,,,,,,,,0.6443580281008331,,False,False,False,False,
role_conditioned_ar_ppo_order_201,learning,medium,medium,1,1,204,0,204,24,2,laser,2-0-1,0,5,,True,True,True,10,0,1.0,4,4,1,0,True,False,,,,,,,,,0.5062409822104402,,False,False,False,False,
role_conditioned_ar_ppo_order_201,learning,medium,medium,1,1,204,0,204,24,0,missile,2-0-1,1,5,,True,True,True,3,0,1.0,5,5,1,0,True,False,,,,,,,,,0.5428072410702566,,False,False,False,False,
role_conditioned_ar_ppo_order_201,learning,medium,medium,1,1,204,0,204,24,1,missile,2-0-1,2,5,,True,True,True,3,0,1.0,5,5,1,0,True,False,,,,,,,,,0.6657946385859788,,False,False,False,False,
role_conditioned_ar_ppo_order_201,learning,medium,medium,1,1,204,0,204,25,2,laser,2-0-1,0,5,,True,True,True,10,0,1.0,4,4,1,0,True,False,,,,,,,,,0.533644990387265,,False,False,False,False,
role_conditioned_ar_ppo_order_201,learning,medium,medium,1,1,204,0,204,25,0,missile,2-0-1,1,5,,True,True,True,3,0,1.0,5,5,1,0,True,False,,,,,,,,,0.5652683652889855,,False,False,False,False,
role_conditioned_ar_ppo_order_201,learning,medium,medium,1,1,204,0,204,25,1,missile,2-0-1,2,5,,True,True,True,3,0,1.0,5,5,1,0,True,False,,,,,,,,,0.6868319921852281,,False,False,False,False,
role_conditioned_ar_ppo_order_201,learning,medium,medium,1,1,204,0,204,26,2,laser,2-0-1,0,5,,True,True,True,10,0,1.0,4,4,1,0,True,False,,,,,,,,,0.5607836920828507,,False,False,False,False,
role_conditioned_ar_ppo_order_201,learning,medium,medium,1,1,204,0,204,26,0,missile,2-0-1,1,5,,True,True,True,3,0,1.0,5,5,1,0,True,False,,,,,,,,,0.5875792946537564,,False,False,False,False,
role_conditioned_ar_ppo_order_201,learning,medium,medium,1,1,204,0,204,26,1,missile,2-0-1,2,5,,True,True,True,3,0,1.0,5,5,1,0,True,False,,,,,,,,,0.7073556111135517,,False,False,False,False,
role_conditioned_ar_ppo_order_201,learning,medium,medium,1,1,204,0,204,27,2,laser,2-0-1,0,5,,True,True,True,10,0,1.0,4,4,1,0,True,False,,,,,,,,,0.5874899145104288,,False,False,False,False,
role_conditioned_ar_ppo_order_201,learning,medium,medium,1,1,204,0,204,27,0,missile,2-0-1,1,5,,True,True,True,3,0,1.0,5,5,1,0,True,False,,,,,,,,,0.6097083500393297,,False,False,False,False,
role_conditioned_ar_ppo_order_201,learning,medium,medium,1,1,204,0,204,27,1,missile,2-0-1,2,5,,True,True,True,3,0,1.0,5,5,1,0,True,False,,,,,,,,,0.7272075576558948,,False,False,False,False,
role_conditioned_ar_ppo_order_201,learning,medium,medium,1,1,204,0,204,28,2,laser,2-0-1,0,5,,True,True,True,10,0,1.0,4,4,1,0,True,False,,,,,,,,,0.6134277647756718,,False,False,False,False,
role_conditioned_ar_ppo_order_201,learning,medium,medium,1,1,204,0,204,28,0,missile,2-0-1,1,5,,True,True,True,3,0,1.0,5,5,1,0,True,False,,,,,,,,,0.6316147357259498,,False,False,False,False,
role_conditioned_ar_ppo_order_201,learning,medium,medium,1,1,204,0,204,28,1,missile,2-0-1,2,5,,True,True,True,3,0,1.0,5,5,1,0,True,False,,,,,,,,,0.746167201899292,,False,False,False,False,
role_conditioned_ar_ppo_order_201,learning,medium,medium,1,1,204,0,204,29,2,laser,2-0-1,0,5,,True,True,True,10,0,1.0,4,4,1,0,True,False,,,,,,,,,0.6378359983345047,,False,False,False,False,
role_conditioned_ar_ppo_order_201,learning,medium,medium,1,1,204,0,204,29,0,missile,2-0-1,1,5,,True,True,True,3,0,1.0,5,5,1,0,True,False,,,,,,,,,0.6532451050657931,,False,False,False,False,
role_conditioned_ar_ppo_order_201,learning,medium,medium,1,1,204,0,204,29,1,missile,2-0-1,2,5,,True,True,True,3,0,1.0,5,5,1,0,True,False,,,,,,,,,0.7639241217190295,,False,False,False,False,
role_conditioned_ar_ppo_order_201,learning,medium,medium,1,1,204,0,204,30,2,laser,2-0-1,0,5,,True,True,True,10,0,1.0,4,4,1,0,True,False,,,,,,,,,0.6587505617584976,,False,False,False,False,
role_conditioned_ar_ppo_order_201,learning,medium,medium,1,1,204,0,204,30,0,missile,2-0-1,1,5,,True,True,True,3,0,1.0,5,5,1,0,True,False,,,,,,,,,0.6745286483452835,,False,False,False,False,
role_conditioned_ar_ppo_order_201,learning,medium,medium,1,1,204,0,204,30,1,missile,2-0-1,2,5,,True,True,True,3,0,1.0,5,5,1,0,True,False,,,,,,,,,0.7800433847885673,,False,False,False,False,
role_conditioned_ar_ppo_order_201,learning,medium,medium,1,1,204,0,204,31,2,laser,2-0-1,0,5,,True,True,True,10,0,1.0,3,3,1,0,True,False,,,,,,,,,0.6710889381336513,,False,False,False,False,
role_conditioned_ar_ppo_order_201,learning,medium,medium,1,1,204,0,204,31,0,missile,2-0-1,1,5,,True,True,True,3,0,1.0,4,4,1,0,True,False,,,,,,,,,0.6953700367907054,,False,False,False,False,
role_conditioned_ar_ppo_order_201,learning,medium,medium,1,1,204,0,204,31,1,missile,2-0-1,2,5,,True,True,True,3,0,1.0,4,4,1,0,True,False,,,,,,,,,0.7939310491379594,,False,False,False,False,
role_conditioned_ar_ppo_order_201,learning,medium,medium,1,1,204,0,204,32,2,laser,2-0-1,0,5,,True,True,True,10,0,1.0,3,3,1,0,True,False,,,,,,,,,0.6678595615752758,,False,False,False,False,
role_conditioned_ar_ppo_order_201,learning,medium,medium,1,1,204,0,204,32,0,missile,2-0-1,1,5,,True,True,True,3,0,1.0,4,4,1,0,True,False,,,,,,,,,0.7156387240988403,,False,False,False,False,
role_conditioned_ar_ppo_order_201,learning,medium,medium,1,1,204,0,204,32,1,missile,2-0-1,2,5,,True,True,True,3,0,1.0,4,4,1,0,True,False,,,,,,,,,0.8048273361150385,,False,False,False,False,
role_conditioned_ar_ppo_order_201,learning,medium,medium,1,1,204,0,204,33,2,laser,2-0-1,0,5,,True,True,True,10,0,1.0,3,3,1,0,True,False,,,,,,,,,0.6513282379225023,,False,False,False,False,
role_conditioned_ar_ppo_order_201,learning,medium,medium,1,1,204,0,204,33,0,missile,2-0-1,1,5,,True,True,True,3,0,1.0,4,4,1,0,True,False,,,,,,,,,0.7351536688562003,,False,False,False,False,
role_conditioned_ar_ppo_order_201,learning,medium,medium,1,1,204,0,204,33,1,missile,2-0-1,2,5,,True,True,True,3,0,1.0,4,4,1,0,True,False,,,,,,,,,0.8118838612620245,,False,False,False,False,
role_conditioned_ar_ppo_order_201,learning,medium,medium,1,1,204,0,204,34,2,laser,2-0-1,0,5,,True,True,True,10,0,1.0,3,3,1,0,True,False,,,,,,,,,0.6286916742404836,,False,False,False,False,
role_conditioned_ar_ppo_order_201,learning,medium,medium,1,1,204,0,204,34,0,missile,2-0-1,1,5,,True,True,True,3,0,1.0,4,4,1,0,True,False,,,,,,,,,0.7536609593355901,,False,False,False,False,
role_conditioned_ar_ppo_order_201,learning,medium,medium,1,1,204,0,204,34,1,missile,2-0-1,2,5,,True,True,True,3,0,1.0,4,4,1,0,True,False,,,,,,,,,0.8143802158777286,,False,False,False,False,
role_conditioned_ar_ppo_order_201,learning,medium,medium,1,1,204,0,204,35,2,laser,2-0-1,0,5,,True,True,True,10,0,1.0,2,2,0,0,True,False,,,,,,,,,0.28701576070341167,,False,False,False,False,
role_conditioned_ar_ppo_order_201,learning,medium,medium,1,1,204,0,204,35,0,missile,2-0-1,1,5,,True,True,True,3,0,1.0,3,3,0,0,True,False,,,,,,,,,0.3360776167874543,,False,False,False,False,
role_conditioned_ar_ppo_order_201,learning,medium,medium,1,1,204,0,204,35,1,missile,2-0-1,2,5,,True,True,True,3,0,1.0,3,3,0,0,True,False,,,,,,,,,0.3256340958107919,,False,False,False,False,
role_conditioned_ar_ppo_order_201,learning,medium,medium,1,1,204,0,204,36,2,laser,2-0-1,0,5,,True,True,True,10,0,1.0,2,2,0,0,True,False,,,,,,,,,0.28065706853914985,,False,False,False,False,
role_conditioned_ar_ppo_order_201,learning,medium,medium,1,1,204,0,204,36,0,missile,2-0-1,1,5,,True,True,True,3,0,1.0,3,3,0,0,True,False,,,,,,,,,0.34248824090638447,,False,False,False,False,
role_conditioned_ar_ppo_order_201,learning,medium,medium,1,1,204,0,204,36,1,missile,2-0-1,2,5,,True,True,True,3,0,1.0,3,3,0,0,True,False,,,,,,,,,0.3337466731790717,,False,False,False,False,
role_conditioned_ar_ppo_order_201,learning,medium,medium,1,1,204,0,204,37,2,laser,2-0-1,0,5,,True,True,True,10,0,1.0,2,2,0,0,True,False,,,,,,,,,0.2702897706202644,,False,False,False,False,
role_conditioned_ar_ppo_order_201,learning,medium,medium,1,1,204,0,204,37,0,missile,2-0-1,1,5,,True,True,True,3,0,1.0,3,3,0,0,True,False,,,,,,,,,0.3471066108862699,,False,False,False,False,
role_conditioned_ar_ppo_order_201,learning,medium,medium,1,1,204,0,204,37,1,missile,2-0-1,2,5,,True,True,True,3,0,1.0,3,3,0,0,True,False,,,,,,,,,0.3406304257849306,,False,False,False,False,
role_conditioned_ar_ppo_order_201,learning,medium,medium,1,1,204,0,204,38,2,laser,2-0-1,0,5,,True,True,True,10,0,1.0,1,1,0,0,True,False,,,,,,,,,0.15986950615411458,,False,False,False,False,
role_conditioned_ar_ppo_order_201,learning,medium,medium,1,1,204,0,204,38,0,missile,2-0-1,1,5,,True,True,True,3,0,1.0,2,2,0,0,True,False,,,,,,,,,0.2117914755371049,,False,False,False,False,
role_conditioned_ar_ppo_order_201,learning,medium,medium,1,1,204,0,204,38,1,missile,2-0-1,2,5,,True,True,True,3,0,1.0,2,2,0,0,True,False,,,,,,,,,0.3264264592606541,,False,False,False,False,
role_conditioned_ar_ppo_order_201,learning,medium,medium,1,1,204,0,204,39,2,laser,2-0-1,0,5,,True,True,True,10,0,1.0,1,1,0,0,True,False,,,,,,,,,0.159386733957329,,False,False,False,False,
role_conditioned_ar_ppo_order_201,learning,medium,medium,1,1,204,0,204,39,0,missile,2-0-1,1,5,,True,True,True,3,0,1.0,2,2,0,0,True,False,,,,,,,,,0.21414818977944036,,False,False,False,False,
role_conditioned_ar_ppo_order_201,learning,medium,medium,1,1,204,0,204,39,1,missile,2-0-1,2,5,,True,True,True,3,0,1.0,2,2,0,0,True,False,,,,,,,,,0.3294226074222997,,False,False,False,False,
role_conditioned_ar_ppo_order_201,learning,medium,medium,1,1,204,0,204,40,2,laser,2-0-1,0,5,,True,True,True,10,0,1.0,1,1,0,0,True,False,,,,,,,,,0.15848286351696977,,False,False,False,False,
role_conditioned_ar_ppo_order_201,learning,medium,medium,1,1,204,0,204,40,0,missile,2-0-1,1,5,,True,True,True,3,0,1.0,2,2,0,0,True,False,,,,,,,,,0.21629163370529297,,False,False,False,False,
role_conditioned_ar_ppo_order_201,learning,medium,medium,1,1,204,0,204,40,1,missile,2-0-1,2,5,,True,True,True,3,0,1.0,2,2,0,0,True,False,,,,,,,,,0.33193141194422776,,False,False,False,False,
role_conditioned_ar_ppo_order_201,learning,medium,medium,1,1,204,0,204,41,2,laser,2-0-1,0,5,,True,True,True,10,0,1.0,1,1,0,0,True,False,,,,,,,,,0.15716501105840752,,False,False,False,False,
role_conditioned_ar_ppo_order_201,learning,medium,medium,1,1,204,0,204,41,0,missile,2-0-1,1,5,,True,True,True,3,0,1.0,2,2,0,0,True,False,,,,,,,,,0.2182145609793147,,False,False,False,False,
role_conditioned_ar_ppo_order_201,learning,medium,medium,1,1,204,0,204,41,1,missile,2-0-1,2,5,,True,True,True,3,0,1.0,2,2,0,0,True,False,,,,,,,,,0.3339045210101194,,False,False,False,False,
role_conditioned_ar_ppo_order_201,learning,medium,medium,1,1,204,0,204,42,2,laser,2-0-1,0,5,,True,True,True,10,0,1.0,2,2,0,0,True,False,,,,,,,,,0.15544335673738063,,False,False,False,False,
role_conditioned_ar_ppo_order_201,learning,medium,medium,1,1,204,0,204,42,0,missile,2-0-1,1,5,,True,True,True,3,0,1.0,2,2,0,0,True,False,,,,,,,,,0.21991033219272238,,False,False,False,False,
role_conditioned_ar_ppo_order_201,learning,medium,medium,1,1,204,0,204,42,1,missile,2-0-1,2,5,,True,True,True,3,0,1.0,2,2,0,0,True,False,,,,,,,,,0.3352993807915199,,False,False,False,False,
role_conditioned_ar_ppo_order_201,learning,medium,medium,1,1,204,0,204,43,2,laser,2-0-1,0,5,,True,True,True,10,0,1.0,2,2,0,0,True,False,,,,,,,,,0.1533306504576782,,False,False,False,False,
role_conditioned_ar_ppo_order_201,learning,medium,medium,1,1,204,0,204,43,0,missile,2-0-1,1,5,,True,True,True,3,0,1.0,2,2,0,0,True,False,,,,,,,,,0.22137280451301294,,False,False,False,False,
role_conditioned_ar_ppo_order_201,learning,medium,medium,1,1,204,0,204,43,1,missile,2-0-1,2,5,,True,True,True,3,0,1.0,2,2,0,0,True,False,,,,,,,,,0.3360831436870804,,False,False,False,False,
role_conditioned_ar_ppo_order_201,learning,medium,medium,1,1,204,0,204,44,2,laser,2-0-1,0,5,,True,True,True,10,0,1.0,2,2,0,0,True,False,,,,,,,,,0.1508418604526029,,False,False,False,False,
role_conditioned_ar_ppo_order_201,learning,medium,medium,1,1,204,0,204,44,0,missile,2-0-1,1,5,,True,True,True,3,0,1.0,2,2,0,0,True,False,,,,,,,,,0.2225964788176762,,False,False,False,False,
role_conditioned_ar_ppo_order_201,learning,medium,medium,1,1,204,0,204,44,1,missile,2-0-1,2,5,,True,True,True,3,0,1.0,2,2,0,0,True,False,,,,,,,,,0.33623629608816114,,False,False,False,False,
role_conditioned_ar_ppo_order_201,learning,medium,medium,1,1,204,0,204,45,2,laser,2-0-1,0,5,,True,True,True,10,0,1.0,2,2,0,0,True,False,,,,,,,,,0.14799362419350726,,False,False,False,False,
role_conditioned_ar_ppo_order_201,learning,medium,medium,1,1,204,0,204,45,0,missile,2-0-1,1,5,,True,True,True,3,0,1.0,2,2,0,0,True,False,,,,,,,,,0.22357670200304963,,False,False,False,False,
role_conditioned_ar_ppo_order_201,learning,medium,medium,1,1,204,0,204,45,1,missile,2-0-1,2,5,,True,True,True,3,0,1.0,2,2,0,0,True,False,,,,,,,,,0.33575490676587727,,False,False,False,False,
role_conditioned_ar_ppo_order_201,learning,medium,medium,1,1,204,1,205,0,2,laser,2-0-1,0,5,,True,True,True,10,0,1.0,0,0,0,0,False,False,,,,,,,,,0.0,,False,False,False,False,
role_conditioned_ar_ppo_order_201,learning,medium,medium,1,1,204,1,205,0,0,missile,2-0-1,1,5,,True,True,True,3,0,1.0,1,1,0,0,True,False,,,,,,,,,0.06508662017285347,,False,False,False,False,
role_conditioned_ar_ppo_order_201,learning,medium,medium,1,1,204,1,205,0,1,missile,2-0-1,2,5,,True,True,True,3,0,1.0,2,2,1,0,True,False,,,,,,,,,0.216566679816767,,False,False,False,False,
role_conditioned_ar_ppo_order_201,learning,medium,medium,1,1,204,1,205,1,2,laser,2-0-1,0,5,,True,True,True,10,0,1.0,0,0,0,0,False,False,,,,,,,,,0.0,,False,False,False,False,
role_conditioned_ar_ppo_order_201,learning,medium,medium,1,1,204,1,205,1,0,missile,2-0-1,1,5,,True,True,True,3,0,1.0,2,2,1,0,True,False,,,,,,,,,0.07673902882883926,,False,False,False,False,
role_conditioned_ar_ppo_order_201,learning,medium,medium,1,1,204,1,205,1,1,missile,2-0-1,2,5,,True,True,True,3,0,1.0,3,3,1,0,True,False,,,,,,,,,0.24945982857060614,,False,False,False,False,
role_conditioned_ar_ppo_order_201,learning,medium,medium,1,1,204,1,205,2,2,laser,2-0-1,0,5,,True,True,True,10,0,1.0,0,0,0,0,False,False,,,,,,,,,0.0,,False,False,False,False,
role_conditioned_ar_ppo_order_201,learning,medium,medium,1,1,204,1,205,2,0,missile,2-0-1,1,5,,True,True,True,3,0,1.0,2,2,1,0,True,False,,,,,,,,,0.08838686129277794,,False,False,False,False,
role_conditioned_ar_ppo_order_201,learning,medium,medium,1,1,204,1,205,2,1,missile,2-0-1,2,5,,True,True,True,3,0,1.0,5,5,1,0,True,False,,,,,,,,,0.2823355682200286,,False,False,False,False,
role_conditioned_ar_ppo_order_201,learning,medium,medium,1,1,204,1,205,3,2,laser,2-0-1,0,5,,True,True,True,10,0,1.0,0,0,0,0,False,False,,,,,,,,,0.0,,False,False,False,False,
role_conditioned_ar_ppo_order_201,learning,medium,medium,1,1,204,1,205,3,0,missile,2-0-1,1,5,,True,True,True,3,0,1.0,2,2,1,0,True,False,,,,,,,,,0.10002976163862155,,False,False,False,False,
role_conditioned_ar_ppo_order_201,learning,medium,medium,1,1,204,1,205,3,1,missile,2-0-1,2,5,,True,True,True,3,0,1.0,5,5,1,0,True,False,,,,,,,,,0.3151909757549102,,False,False,False,False,
role_conditioned_ar_ppo_order_201,learning,medium,medium,1,1,204,1,205,4,2,laser,2-0-1,0,5,,True,True,True,10,0,1.0,0,0,0,0,False,False,,,,,,,,,0.0,,False,False,False,False,
role_conditioned_ar_ppo_order_201,learning,medium,medium,1,1,204,1,205,4,0,missile,2-0-1,1,5,,True,True,True,3,0,1.0,2,2,1,0,True,False,,,,,,,,,0.12481511143333728,,False,False,False,False,
role_conditioned_ar_ppo_order_201,learning,medium,medium,1,1,204,1,205,4,1,missile,2-0-1,2,5,,True,True,True,3,0,1.0,5,5,1,0,True,False,,,,,,,,,0.34802295622335455,,False,False,False,False,
role_conditioned_ar_ppo_order_201,learning,medium,medium,1,1,204,1,205,5,2,laser,2-0-1,0,5,,True,True,True,10,0,1.0,1,1,1,0,True,False,,,,,,,,,0.0376310527735958,,False,False,False,False,
role_conditioned_ar_ppo_order_201,learning,medium,medium,1,1,204,1,205,5,0,missile,2-0-1,1,5,,True,True,True,3,0,1.0,2,2,1,0,True,False,,,,,,,,,0.15774660320233608,,False,False,False,False,
role_conditioned_ar_ppo_order_201,learning,medium,medium,1,1,204,1,205,5,1,missile,2-0-1,2,5,,True,True,True,3,0,1.0,5,5,1,0,True,False,,,,,,,,,0.38082734003739005,,False,False,False,False,
role_conditioned_ar_ppo_order_201,learning,medium,medium,1,1,204,1,205,6,2,laser,2-0-1,0,5,,True,True,True,10,0,1.0,1,1,1,0,True,False,,,,,,,,,0.07659673445603418,,False,False,False,False,
role_conditioned_ar_ppo_order_201,learning,medium,medium,1,1,204,1,205,6,0,missile,2-0-1,1,5,,True,True,True,3,0,1.0,2,2,1,0,True,False,,,,,,,,,0.1906658011346357,,False,False,False,False,
role_conditioned_ar_ppo_order_201,learning,medium,medium,1,1,204,1,205,6,1,missile,2-0-1,2,5,,True,True,True,3,0,1.0,5,5,1,0,True,False,,,,,,,,,0.4135992698419576,,False,False,False,False,
role_conditioned_ar_ppo_order_201,learning,medium,medium,1,1,204,1,205,7,2,laser,2-0-1,0,5,,True,True,True,10,0,1.0,1,1,1,0,True,False,,,,,,,,,0.11549578479404864,,False,False,False,False,
role_conditioned_ar_ppo_order_201,learning,medium,medium,1,1,204,1,205,7,0,missile,2-0-1,1,5,,True,True,True,3,0,1.0,3,3,1,0,True,False,,,,,,,,,0.22357124372517406,,False,False,False,False,
role_conditioned_ar_ppo_order_201,learning,medium,medium,1,1,204,1,205,7,1,missile,2-0-1,2,5,,True,True,True,3,0,1.0,5,5,1,0,True,False,,,,,,,,,0.4463324697623785,,False,False,False,False,
role_conditioned_ar_ppo_order_201,learning,medium,medium,1,1,204,1,205,8,2,laser,2-0-1,0,5,,True,True,True,10,0,1.0,1,1,1,0,True,False,,,,,,,,,0.15431490831906766,,False,False,False,False,
role_conditioned_ar_ppo_order_201,learning,medium,medium,1,1,204,1,205,8,0,missile,2-0-1,1,5,,True,True,True,3,0,1.0,3,3,1,0,True,False,,,,,,,,,0.2564609536435728,,False,False,False,False,
role_conditioned_ar_ppo_order_201,learning,medium,medium,1,1,204,1,205,8,1,missile,2-0-1,2,5,,True,True,True,3,0,1.0,5,5,1,0,True,False,,,,,,,,,0.4790189445062539,,False,False,False,False,
role_conditioned_ar_ppo_order_201,learning,medium,medium,1,1,204,1,205,9,2,laser,2-0-1,0,5,,True,True,True,10,0,1.0,1,1,1,0,True,False,,,,,,,,,0.19303711352492464,,False,False,False,False,
role_conditioned_ar_ppo_order_201,learning,medium,medium,1,1,204,1,205,9,0,missile,2-0-1,1,5,,True,True,True,3,0,1.0,4,4,1,0,True,False,,,,,,,,,0.28933256669046703,,False,False,False,False,
role_conditioned_ar_ppo_order_201,learning,medium,medium,1,1,204,1,205,9,1,missile,2-0-1,2,5,,True,True,True,3,0,1.0,5,5,1,0,True,False,,,,,,,,,0.5116485065235916,,False,False,False,False,
role_conditioned_ar_ppo_order_201,learning,medium,medium,1,1,204,1,205,10,2,laser,2-0-1,0,5,,True,True,True,10,0,1.0,1,1,1,0,True,False,,,,,,,,,0.23164032685375946,,False,False,False,False,
role_conditioned_ar_ppo_order_201,learning,medium,medium,1,1,204,1,205,10,0,missile,2-0-1,1,5,,True,True,True,3,0,1.0,5,5,1,0,True,False,,,,,,,,,0.32218328881206104,,False,False,False,False,
role_conditioned_ar_ppo_order_201,learning,medium,medium,1,1,204,1,205,10,1,missile,2-0-1,2,5,,True,True,True,3,0,1.0,5,5,1,0,True,False,,,,,,,,,0.544207615399846,,False,False,False,False,
role_conditioned_ar_ppo_order_201,learning,medium,medium,1,1,204,1,205,11,2,laser,2-0-1,0,5,,True,True,True,10,0,1.0,1,1,1,0,True,False,,,,,,,,,0.2700950826725219,,False,False,False,False,
role_conditioned_ar_ppo_order_201,learning,medium,medium,1,1,204,1,205,11,0,missile,2-0-1,1,5,,True,True,True,3,0,1.0,5,5,1,0,True,False,,,,,,,,,0.35500972415835774,,False,False,False,False,
role_conditioned_ar_ppo_order_201,learning,medium,medium,1,1,204,1,205,11,1,missile,2-0-1,2,5,,True,True,True,3,0,1.0,5,5,1,0,True,False,,,,,,,,,0.5766782602343975,,False,False,False,False,
role_conditioned_ar_ppo_order_201,learning,medium,medium,1,1,204,1,205,12,2,laser,2-0-1,0,5,,True,True,True,10,0,1.0,2,2,1,0,True,False,,,,,,,,,0.30836180257863044,,False,False,False,False,
role_conditioned_ar_ppo_order_201,learning,medium,medium,1,1,204,1,205,12,0,missile,2-0-1,1,5,,True,True,True,3,0,1.0,5,5,1,0,True,False,,,,,,,,,0.3878076601559428,,False,False,False,False,
role_conditioned_ar_ppo_order_201,learning,medium,medium,1,1,204,1,205,12,1,missile,2-0-1,2,5,,True,True,True,3,0,1.0,5,5,1,0,True,False,,,,,,,,,0.6090357243975194,,False,False,False,False,
role_conditioned_ar_ppo_order_201,learning,medium,medium,1,1,204,1,205,13,2,laser,2-0-1,0,5,,True,True,True,10,0,1.0,2,2,1,0,True,False,,,,,,,,,0.34638566201442333,,False,False,False,False,
role_conditioned_ar_ppo_order_201,learning,medium,medium,1,1,204,1,205,13,0,missile,2-0-1,1,5,,True,True,True,3,0,1.0,5,5,1,0,True,False,,,,,,,,,0.4205719385516556,,False,False,False,False,
role_conditioned_ar_ppo_order_201,learning,medium,medium,1,1,204,1,205,13,1,missile,2-0-1,2,5,,True,True,True,3,0,1.0,5,5,1,0,True,False,,,,,,,,,0.6412452971439856,,False,False,False,False,
role_conditioned_ar_ppo_order_201,learning,medium,medium,1,1,204,1,205,14,2,laser,2-0-1,0,5,,True,True,True,10,0,1.0,2,2,1,0,True,False,,,,,,,,,0.3840888388549803,,False,False,False,False,
role_conditioned_ar_ppo_order_201,learning,medium,medium,1,1,204,1,205,14,0,missile,2-0-1,1,5,,True,True,True,3,0,1.0,5,5,1,0,True,False,,,,,,,,,0.45329589660183056,,False,False,False,False,
role_conditioned_ar_ppo_order_201,learning,medium,medium,1,1,204,1,205,14,1,missile,2-0-1,2,5,,True,True,True,3,0,1.0,5,5,1,0,True,False,,,,,,,,,0.6732567284909242,,False,False,False,False,
role_conditioned_ar_ppo_order_201,learning,medium,medium,1,1,204,1,205,15,2,laser,2-0-1,0,5,,True,True,True,10,0,1.0,2,2,1,0,True,False,,,,,,,,,0.42135750027575575,,False,False,False,False,
role_conditioned_ar_ppo_order_201,learning,medium,medium,1,1,204,1,205,15,0,missile,2-0-1,1,5,,True,True,True,3,0,1.0,5,5,1,0,True,False,,,,,,,,,0.4859712381159679,,False,False,False,False,
role_conditioned_ar_ppo_order_201,learning,medium,medium,1,1,204,1,205,15,1,missile,2-0-1,2,5,,True,True,True,3,0,1.0,5,5,1,0,True,False,,,,,,,,,0.7049947939130782,,False,False,False,False,
role_conditioned_ar_ppo_order_201,learning,medium,medium,1,1,204,1,205,16,2,laser,2-0-1,0,5,,True,True,True,10,0,1.0,2,2,1,0,True,False,,,,,,,,,0.4580193955246585,,False,False,False,False,
role_conditioned_ar_ppo_order_201,learning,medium,medium,1,1,204,1,205,16,0,missile,2-0-1,1,5,,True,True,True,3,0,1.0,5,5,1,0,True,False,,,,,,,,,0.5185870447915444,,False,False,False,False,
role_conditioned_ar_ppo_order_201,learning,medium,medium,1,1,204,1,205,16,1,missile,2-0-1,2,5,,True,True,True,3,0,1.0,5,5,1,0,True,False,,,,,,,,,0.7363418852383883,,False,False,False,False,
role_conditioned_ar_ppo_order_201,learning,medium,medium,1,1,204,1,205,17,2,laser,2-0-1,0,5,,True,True,True,10,0,1.0,3,3,1,0,True,False,,,,,,,,,0.49380348184470974,,False,False,False,False,
role_conditioned_ar_ppo_order_201,learning,medium,medium,1,1,204,1,205,17,0,missile,2-0-1,1,5,,True,True,True,3,0,1.0,5,5,1,0,True,False,,,,,,,,,0.5511290454614829,,False,False,False,False,
role_conditioned_ar_ppo_order_201,learning,medium,medium,1,1,204,1,205,17,1,missile,2-0-1,2,5,,True,True,True,3,0,1.0,5,5,1,0,True,False,,,,,,,,,0.7671051267840948,,False,False,False,False,
role_conditioned_ar_ppo_order_201,learning,medium,medium,1,1,204,1,205,18,2,laser,2-0-1,0,5,,True,True,True,10,0,1.0,4,4,1,0,True,False,,,,,,,,,0.5282644508730117,,False,False,False,False,
role_conditioned_ar_ppo_order_201,learning,medium,medium,1,1,204,1,205,18,0,missile,2-0-1,1,5,,True,True,True,3,0,1.0,5,5,1,0,True,False,,,,,,,,,0.5835779396618745,,False,False,False,False,
role_conditioned_ar_ppo_order_201,learning,medium,medium,1,1,204,1,205,18,1,missile,2-0-1,2,5,,True,True,True,3,0,1.0,5,5,1,0,True,False,,,,,,,,,0.7969491891093229,,False,False,False,False,
role_conditioned_ar_ppo_order_201,learning,medium,medium,1,1,204,1,205,19,2,laser,2-0-1,0,5,,True,True,True,10,0,1.0,5,5,1,0,True,False,,,,,,,,,0.5606386088414635,,False,False,False,False,
role_conditioned_ar_ppo_order_201,learning,medium,medium,1,1,204,1,205,19,0,missile,2-0-1,1,5,,True,True,True,3,0,1.0,5,5,1,0,True,False,,,,,,,,,0.6159072268671072,,False,False,False,False,
role_conditioned_ar_ppo_order_201,learning,medium,medium,1,1,204,1,205,19,1,missile,2-0-1,2,5,,True,True,True,3,0,1.0,5,5,1,0,True,False,,,,,,,,,0.8252518256875055,,False,False,False,False,
role_conditioned_ar_ppo_order_201,learning,medium,medium,1,1,204,1,205,20,2,laser,2-0-1,0,5,,True,True,True,10,0,1.0,5,5,1,0,True,False,,,,,,,,,0.5895736808283984,,False,False,False,False,
role_conditioned_ar_ppo_order_201,learning,medium,medium,1,1,204,1,205,20,0,missile,2-0-1,1,5,,True,True,True,3,0,1.0,5,5,1,0,True,False,,,,,,,,,0.6480794882490458,,False,False,False,False,
role_conditioned_ar_ppo_order_201,learning,medium,medium,1,1,204,1,205,20,1,missile,2-0-1,2,5,,True,True,True,3,0,1.0,5,5,1,0,True,False,,,,,,,,,0.8507831262770482,,False,False,False,False,
role_conditioned_ar_ppo_order_201,learning,medium,medium,1,1,204,1,205,21,2,laser,2-0-1,0,5,,True,True,True,10,0,1.0,5,5,1,0,True,False,,,,,,,,,0.612704870113033,,False,False,False,False,
role_conditioned_ar_ppo_order_201,learning,medium,medium,1,1,204,1,205,21,0,missile,2-0-1,1,5,,True,True,True,3,0,1.0,5,5,1,0,True,False,,,,,,,,,0.6800401537877966,,False,False,False,False,
role_conditioned_ar_ppo_order_201,learning,medium,medium,1,1,204,1,205,21,1,missile,2-0-1,2,5,,True,True,True,3,0,1.0,5,5,1,0,True,False,,,,,,,,,0.8710606869176434,,False,False,False,False,
role_conditioned_ar_ppo_order_201,learning,medium,medium,1,1,204,1,205,22,2,laser,2-0-1,0,5,,True,True,True,10,0,1.0,5,5,1,0,True,False,,,,,,,,,0.6264327750831599,,False,False,False,False,
role_conditioned_ar_ppo_order_201,learning,medium,medium,1,1,204,1,205,22,0,missile,2-0-1,1,5,,True,True,True,3,0,1.0,5,5,1,0,True,False,,,,,,,,,0.7117067129255131,,False,False,False,False,
role_conditioned_ar_ppo_order_201,learning,medium,medium,1,1,204,1,205,22,1,missile,2-0-1,2,5,,True,True,True,3,0,1.0,5,5,1,0,True,False,,,,,,,,,0.8817592102437897,,False,False,False,False,
role_conditioned_ar_ppo_order_201,learning,medium,medium,1,1,204,1,205,23,2,laser,2-0-1,0,5,,True,True,True,10,0,1.0,5,5,1,0,True,False,,,,,,,,,0.6272721092873227,,False,False,False,False,
role_conditioned_ar_ppo_order_201,learning,medium,medium,1,1,204,1,205,23,0,missile,2-0-1,1,5,,True,True,True,3,0,1.0,5,5,1,0,True,False,,,,,,,,,0.7429491346971082,,False,False,False,False,
role_conditioned_ar_ppo_order_201,learning,medium,medium,1,1,204,1,205,23,1,missile,2-0-1,2,5,,True,True,True,3,0,1.0,5,5,1,0,True,False,,,,,,,,,0.8788823181266727,,False,False,False,False,
role_conditioned_ar_ppo_order_201,learning,medium,medium,1,1,204,1,205,24,2,laser,2-0-1,0,5,,True,True,True,10,0,1.0,4,4,0,0,True,False,,,,,,,,,0.1683484440358764,,False,False,False,False,
role_conditioned_ar_ppo_order_201,learning,medium,medium,1,1,204,1,205,24,0,missile,2-0-1,1,5,,True,True,True,3,0,1.0,4,4,0,0,True,False,,,,,,,,,0.3420238817445398,,False,False,False,False,
role_conditioned_ar_ppo_order_201,learning,medium,medium,1,1,204,1,205,24,1,missile,2-0-1,2,5,,True,True,True,3,0,1.0,4,4,0,0,True,False,,,,,,,,,0.4347321555921497,,False,False,False,False,
role_conditioned_ar_ppo_order_201,learning,medium,medium,1,1,204,1,205,25,2,laser,2-0-1,0,5,,True,True,True,10,0,1.0,3,3,0,0,True,False,,,,,,,,,0.18174047203306026,,False,False,False,False,
role_conditioned_ar_ppo_order_201,learning,medium,medium,1,1,204,1,205,25,0,missile,2-0-1,1,5,,True,True,True,3,0,1.0,3,3,0,0,True,False,,,,,,,,,0.35327959810826903,,False,False,False,False,
role_conditioned_ar_ppo_order_201,learning,medium,medium,1,1,204,1,205,25,1,missile,2-0-1,2,5,,True,True,True,3,0,1.0,3,3,0,0,True,False,,,,,,,,,0.44494143666280866,,False,False,False,False,
role_conditioned_ar_ppo_order_201,learning,medium,medium,1,1,204,1,205,26,2,laser,2-0-1,0,5,,True,True,True,10,0,1.0,3,3,0,0,True,False,,,,,,,,,0.19506065103115025,,False,False,False,False,
role_conditioned_ar_ppo_order_201,learning,medium,medium,1,1,204,1,205,26,0,missile,2-0-1,1,5,,True,True,True,3,0,1.0,3,3,0,0,True,False,,,,,,,,,0.3644794086591569,,False,False,False,False,
role_conditioned_ar_ppo_order_201,learning,medium,medium,1,1,204,1,205,26,1,missile,2-0-1,2,5,,True,True,True,3,0,1.0,3,3,0,0,True,False,,,,,,,,,0.4548479899179105,,False,False,False,False,
role_conditioned_ar_ppo_order_201,learning,medium,medium,1,1,204,1,205,27,2,laser,2-0-1,0,5,,True,True,True,10,0,1.0,3,3,0,0,True,False,,,,,,,,,0.2082964419907946,,False,False,False,False,
role_conditioned_ar_ppo_order_201,learning,medium,medium,1,1,204,1,205,27,0,missile,2-0-1,1,5,,True,True,True,3,0,1.0,3,3,0,0,True,False,,,,,,,,,0.3756135000075911,,False,False,False,False,
role_conditioned_ar_ppo_order_201,learning,medium,medium,1,1,204,1,205,27,1,missile,2-0-1,2,5,,True,True,True,3,0,1.0,3,3,0,0,True,False,,,,,,,,,0.4643636855256159,,False,False,False,False,
role_conditioned_ar_ppo_order_201,learning,medium,medium,1,1,204,1,205,28,2,laser,2-0-1,0,5,,True,True,True,10,0,1.0,3,3,0,0,True,False,,,,,,,,,0.22143240640954695,,False,False,False,False,
role_conditioned_ar_ppo_order_201,learning,medium,medium,1,1,204,1,205,28,0,missile,2-0-1,1,5,,True,True,True,3,0,1.0,3,3,0,0,True,False,,,,,,,,,0.3866696689747797,,False,False,False,False,
role_conditioned_ar_ppo_order_201,learning,medium,medium,1,1,204,1,205,28,1,missile,2-0-1,2,5,,True,True,True,3,0,1.0,3,3,0,0,True,False,,,,,,,,,0.47336862089846965,,False,False,False,False,
role_conditioned_ar_ppo_order_201,learning,medium,medium,1,1,204,1,205,29,2,laser,2-0-1,0,5,,True,True,True,10,0,1.0,3,3,0,0,True,False,,,,,,,,,0.2398698761150092,,False,False,False,False,
role_conditioned_ar_ppo_order_201,learning,medium,medium,1,1,204,1,205,29,0,missile,2-0-1,1,5,,True,True,True,3,0,1.0,3,3,0,0,True,False,,,,,,,,,0.39763257260572066,,False,False,False,False,
role_conditioned_ar_ppo_order_201,learning,medium,medium,1,1,204,1,205,29,1,missile,2-0-1,2,5,,True,True,True,3,0,1.0,3,3,0,0,True,False,,,,,,,,,0.48169990902288606,,False,False,False,False,
role_conditioned_ar_ppo_order_201,learning,medium,medium,1,1,204,1,205,30,2,laser,2-0-1,0,5,,True,True,True,10,0,1.0,3,3,0,0,True,False,,,,,,,,,0.25853781982482277,,False,False,False,False,
role_conditioned_ar_ppo_order_201,learning,medium,medium,1,1,204,1,205,30,0,missile,2-0-1,1,5,,True,True,True,3,0,1.0,3,3,0,0,True,False,,,,,,,,,0.4084828256424366,,False,False,False,False,
role_conditioned_ar_ppo_order_201,learning,medium,medium,1,1,204,1,205,30,1,missile,2-0-1,2,5,,True,True,True,3,0,1.0,3,3,0,0,True,False,,,,,,,,,0.48913955790604585,,False,False,False,False,
role_conditioned_ar_ppo_order_201,learning,medium,medium,1,1,204,1,205,31,2,laser,2-0-1,0,5,,True,True,True,10,0,1.0,3,3,0,0,True,False,,,,,,,,,0.276434927121652,,False,False,False,False,
role_conditioned_ar_ppo_order_201,learning,medium,medium,1,1,204,1,205,31,0,missile,2-0-1,1,5,,True,True,True,3,0,1.0,3,3,0,0,True,False,,,,,,,,,0.41919552597320486,,False,False,False,False,
role_conditioned_ar_ppo_order_201,learning,medium,medium,1,1,204,1,205,31,1,missile,2-0-1,2,5,,True,True,True,3,0,1.0,3,3,0,0,True,False,,,,,,,,,0.4954070533312871,,False,False,False,False,
role_conditioned_ar_ppo_order_201,learning,medium,medium,1,1,204,1,205,32,2,laser,2-0-1,0,5,,True,True,True,10,0,1.0,2,2,0,0,True,False,,,,,,,,,0.2725035493585691,,False,False,False,False,
role_conditioned_ar_ppo_order_201,learning,medium,medium,1,1,204,1,205,32,0,missile,2-0-1,1,5,,True,True,True,3,0,1.0,2,2,0,0,True,False,,,,,,,,,0.429738347885871,,False,False,False,False,
role_conditioned_ar_ppo_order_201,learning,medium,medium,1,1,204,1,205,32,1,missile,2-0-1,2,5,,True,True,True,3,0,1.0,2,2,0,0,True,False,,,,,,,,,0.500169216738473,,False,False,False,False,
role_conditioned_ar_ppo_order_201,learning,medium,medium,1,1,204,1,205,33,2,laser,2-0-1,0,5,,True,True,True,10,0,1.0,2,2,0,0,True,False,,,,,,,,,0.28471875966976956,,False,False,False,False,
role_conditioned_ar_ppo_order_201,learning,medium,medium,1,1,204,1,205,33,0,missile,2-0-1,1,5,,True,True,True,3,0,1.0,2,2,0,0,True,False,,,,,,,,,0.44006875821768643,,False,False,False,False,
role_conditioned_ar_ppo_order_201,learning,medium,medium,1,1,204,1,205,33,1,missile,2-0-1,2,5,,True,True,True,3,0,1.0,2,2,0,0,True,False,,,,,,,,,0.5030859480769958,,False,False,False,False,
role_conditioned_ar_ppo_order_201,learning,medium,medium,1,1,204,1,205,34,2,laser,2-0-1,0,5,,True,True,True,10,0,1.0,2,2,0,0,True,False,,,,,,,,,0.29659650890979794,,False,False,False,False,
role_conditioned_ar_ppo_order_201,learning,medium,medium,1,1,204,1,205,34,0,missile,2-0-1,1,5,,True,True,True,3,0,1.0,2,2,0,0,True,False,,,,,,,,,0.4501301901502918,,False,False,False,False,
role_conditioned_ar_ppo_order_201,learning,medium,medium,1,1,204,1,205,34,1,missile,2-0-1,2,5,,True,True,True,3,0,1.0,2,2,0,0,True,False,,,,,,,,,0.5038987115636636,,False,False,False,False,
role_conditioned_ar_ppo_order_201,learning,medium,medium,1,1,204,1,205,35,2,laser,2-0-1,0,5,,True,True,True,10,0,1.0,2,2,0,0,True,False,,,,,,,,,0.30804410534223575,,False,False,False,False,
role_conditioned_ar_ppo_order_201,learning,medium,medium,1,1,204,1,205,35,0,missile,2-0-1,1,5,,True,True,True,3,0,1.0,2,2,0,0,True,False,,,,,,,,,0.4598464755093929,,False,False,False,False,
role_conditioned_ar_ppo_order_201,learning,medium,medium,1,1,204,1,205,35,1,missile,2-0-1,2,5,,True,True,True,3,0,1.0,2,2,0,0,True,False,,,,,,,,,0.5025272522304512,,False,False,False,False,
role_conditioned_ar_ppo_order_201,learning,medium,heterogeneity_pressure,1,1,206,0,206,0,2,laser,2-0-1,0,5,,True,True,True,10,0,1.0,0,0,0,0,False,False,,,,,,,,,0.0,,False,False,False,False,
role_conditioned_ar_ppo_order_201,learning,medium,heterogeneity_pressure,1,1,206,0,206,0,0,missile,2-0-1,1,5,,True,True,True,3,0,1.0,1,1,1,0,True,False,,,,,,,,,0.13376174430278856,,False,False,False,False,
role_conditioned_ar_ppo_order_201,learning,medium,heterogeneity_pressure,1,1,206,0,206,0,1,missile,2-0-1,2,5,,True,True,True,3,0,1.0,0,0,0,0,False,False,,,,,,,,,0.0,,False,False,False,False,
role_conditioned_ar_ppo_order_201,learning,medium,heterogeneity_pressure,1,1,206,0,206,1,2,laser,2-0-1,0,5,,True,True,True,10,0,1.0,0,0,0,0,False,False,,,,,,,,,0.0,,False,False,False,False,
role_conditioned_ar_ppo_order_201,learning,medium,heterogeneity_pressure,1,1,206,0,206,1,0,missile,2-0-1,1,5,,True,True,True,3,0,1.0,2,2,2,0,True,False,,,,,,,,,0.14233965792460765,,False,False,False,False,
role_conditioned_ar_ppo_order_201,learning,medium,heterogeneity_pressure,1,1,206,0,206,1,1,missile,2-0-1,2,5,,True,True,True,3,0,1.0,0,0,0,0,False,False,,,,,,,,,0.0,,False,False,False,False,
role_conditioned_ar_ppo_order_201,learning,medium,heterogeneity_pressure,1,1,206,0,206,2,2,laser,2-0-1,0,5,,True,True,True,10,0,1.0,0,0,0,0,False,False,,,,,,,,,0.0,,False,False,False,False,
role_conditioned_ar_ppo_order_201,learning,medium,heterogeneity_pressure,1,1,206,0,206,2,0,missile,2-0-1,1,5,,True,True,True,3,0,1.0,2,2,2,0,True,False,,,,,,,,,0.15090395972112033,,False,False,False,False,
role_conditioned_ar_ppo_order_201,learning,medium,heterogeneity_pressure,1,1,206,0,206,2,1,missile,2-0-1,2,5,,True,True,True,3,0,1.0,0,0,0,0,False,False,,,,,,,,,0.0,,False,False,False,False,
role_conditioned_ar_ppo_order_201,learning,medium,heterogeneity_pressure,1,1,206,0,206,3,2,laser,2-0-1,0,5,,True,True,True,10,0,1.0,0,0,0,0,False,False,,,,,,,,,0.0,,False,False,False,False,
role_conditioned_ar_ppo_order_201,learning,medium,heterogeneity_pressure,1,1,206,0,206,3,0,missile,2-0-1,1,5,,True,True,True,3,0,1.0,3,3,3,0,True,False,,,,,,,,,0.15945364369015466,,False,False,False,False,
role_conditioned_ar_ppo_order_201,learning,medium,heterogeneity_pressure,1,1,206,0,206,3,1,missile,2-0-1,2,5,,True,True,True,3,0,1.0,1,1,1,0,True,False,,,,,,,,,0.030845724037124055,,False,False,False,False,
role_conditioned_ar_ppo_order_201,learning,medium,heterogeneity_pressure,1,1,206,0,206,4,2,laser,2-0-1,0,5,,True,True,True,10,0,1.0,0,0,0,0,False,False,,,,,,,,,0.0,,False,False,False,False,
role_conditioned_ar_ppo_order_201,learning,medium,heterogeneity_pressure,1,1,206,0,206,4,0,missile,2-0-1,1,5,,True,True,True,3,0,1.0,3,3,3,0,True,False,,,,,,,,,0.16798753958428606,,False,False,False,False,
role_conditioned_ar_ppo_order_201,learning,medium,heterogeneity_pressure,1,1,206,0,206,4,1,missile,2-0-1,2,5,,True,True,True,3,0,1.0,1,1,1,0,True,False,,,,,,,,,0.06916518415624763,,False,False,False,False,
role_conditioned_ar_ppo_order_201,learning,medium,heterogeneity_pressure,1,1,206,0,206,5,2,laser,2-0-1,0,5,,True,True,True,10,0,1.0,0,0,0,0,False,False,,,,,,,,,0.0,,False,False,False,False,
role_conditioned_ar_ppo_order_201,learning,medium,heterogeneity_pressure,1,1,206,0,206,5,0,missile,2-0-1,1,5,,True,True,True,3,0,1.0,4,4,3,0,True,False,,,,,,,,,0.17650439503346382,,False,False,False,False,
role_conditioned_ar_ppo_order_201,learning,medium,heterogeneity_pressure,1,1,206,0,206,5,1,missile,2-0-1,2,5,,True,True,True,3,0,1.0,2,2,2,0,True,False,,,,,,,,,0.10745491221104768,,False,False,False,False,
role_conditioned_ar_ppo_order_201,learning,medium,heterogeneity_pressure,1,1,206,0,206,6,2,laser,2-0-1,0,5,,True,True,True,10,0,1.0,0,0,0,0,False,False,,,,,,,,,0.0,,False,False,False,False,
role_conditioned_ar_ppo_order_201,learning,medium,heterogeneity_pressure,1,1,206,0,206,6,0,missile,2-0-1,1,5,,True,True,True,3,0,1.0,5,5,4,0,True,False,,,,,,,,,0.20114218170341402,,False,False,False,False,
role_conditioned_ar_ppo_order_201,learning,medium,heterogeneity_pressure,1,1,206,0,206,6,1,missile,2-0-1,2,5,,True,True,True,3,0,1.0,3,3,2,0,True,False,,,,,,,,,0.14571070693156568,,False,False,False,False,
role_conditioned_ar_ppo_order_201,learning,medium,heterogeneity_pressure,1,1,206,0,206,7,2,laser,2-0-1,0,5,,True,True,True,10,0,1.0,0,0,0,0,False,False,,,,,,,,,0.0,,False,False,False,False,
role_conditioned_ar_ppo_order_201,learning,medium,heterogeneity_pressure,1,1,206,0,206,7,0,missile,2-0-1,1,5,,True,True,True,3,0,1.0,5,5,4,0,True,False,,,,,,,,,0.23734268424775848,,False,False,False,False,
role_conditioned_ar_ppo_order_201,learning,medium,heterogeneity_pressure,1,1,206,0,206,7,1,missile,2-0-1,2,5,,True,True,True,3,0,1.0,4,4,3,0,True,False,,,,,,,,,0.18392804387323042,,False,False,False,False,
role_conditioned_ar_ppo_order_201,learning,medium,heterogeneity_pressure,1,1,206,0,206,8,2,laser,2-0-1,0,5,,True,True,True,10,0,1.0,0,0,0,0,False,False,,,,,,,,,0.0,,False,False,False,False,
role_conditioned_ar_ppo_order_201,learning,medium,heterogeneity_pressure,1,1,206,0,206,8,0,missile,2-0-1,1,5,,True,True,True,3,0,1.0,5,5,4,0,True,False,,,,,,,,,0.2735223587828143,,False,False,False,False,
role_conditioned_ar_ppo_order_201,learning,medium,heterogeneity_pressure,1,1,206,0,206,8,1,missile,2-0-1,2,5,,True,True,True,3,0,1.0,4,4,3,0,True,False,,,,,,,,,0.22210137520519918,,False,False,False,False,
role_conditioned_ar_ppo_order_201,learning,medium,heterogeneity_pressure,1,1,206,0,206,9,2,laser,2-0-1,0,5,,True,True,True,10,0,1.0,0,0,0,0,False,False,,,,,,,,,0.0,,False,False,False,False,
role_conditioned_ar_ppo_order_201,learning,medium,heterogeneity_pressure,1,1,206,0,206,9,0,missile,2-0-1,1,5,,True,True,True,3,0,1.0,5,5,4,0,True,False,,,,,,,,,0.3096786653074486,,False,False,False,False,
role_conditioned_ar_ppo_order_201,learning,medium,heterogeneity_pressure,1,1,206,0,206,9,1,missile,2-0-1,2,5,,True,True,True,3,0,1.0,4,4,3,0,True,False,,,,,,,,,0.26022407584792134,,False,False,False,False,
role_conditioned_ar_ppo_order_201,learning,medium,heterogeneity_pressure,1,1,206,0,206,10,2,laser,2-0-1,0,5,,True,True,True,10,0,1.0,0,0,0,0,False,False,,,,,,,,,0.0,,False,False,False,False,
role_conditioned_ar_ppo_order_201,learning,medium,heterogeneity_pressure,1,1,206,0,206,10,0,missile,2-0-1,1,5,,True,True,True,3,0,1.0,5,5,4,0,True,False,,,,,,,,,0.3458087590203928,,False,False,False,False,
role_conditioned_ar_ppo_order_201,learning,medium,heterogeneity_pressure,1,1,206,0,206,10,1,missile,2-0-1,2,5,,True,True,True,3,0,1.0,4,4,3,0,True,False,,,,,,,,,0.2982879048487858,,False,False,False,False,
role_conditioned_ar_ppo_order_201,learning,medium,heterogeneity_pressure,1,1,206,0,206,11,2,laser,2-0-1,0,5,,True,True,True,10,0,1.0,0,0,0,0,False,False,,,,,,,,,0.0,,False,False,False,False,
role_conditioned_ar_ppo_order_201,learning,medium,heterogeneity_pressure,1,1,206,0,206,11,0,missile,2-0-1,1,5,,True,True,True,3,0,1.0,5,5,4,0,True,False,,,,,,,,,0.38190928712015165,,False,False,False,False,
role_conditioned_ar_ppo_order_201,learning,medium,heterogeneity_pressure,1,1,206,0,206,11,1,missile,2-0-1,2,5,,True,True,True,3,0,1.0,4,4,3,0,True,False,,,,,,,,,0.33628316696942606,,False,False,False,False,
role_conditioned_ar_ppo_order_201,learning,medium,heterogeneity_pressure,1,1,206,0,206,12,2,laser,2-0-1,0,5,,True,True,True,10,0,1.0,0,0,0,0,False,False,,,,,,,,,0.0,,False,False,False,False,
role_conditioned_ar_ppo_order_201,learning,medium,heterogeneity_pressure,1,1,206,0,206,12,0,missile,2-0-1,1,5,,True,True,True,3,0,1.0,5,5,4,0,True,False,,,,,,,,,0.41797628720495805,,False,False,False,False,
role_conditioned_ar_ppo_order_201,learning,medium,heterogeneity_pressure,1,1,206,0,206,12,1,missile,2-0-1,2,5,,True,True,True,3,0,1.0,4,4,3,0,True,False,,,,,,,,,0.37419763543701345,,False,False,False,False,
role_conditioned_ar_ppo_order_201,learning,medium,heterogeneity_pressure,1,1,206,0,206,13,2,laser,2-0-1,0,5,,True,True,True,10,0,1.0,0,0,0,0,False,False,,,,,,,,,0.0,,False,False,False,False,
role_conditioned_ar_ppo_order_201,learning,medium,heterogeneity_pressure,1,1,206,0,206,13,0,missile,2-0-1,1,5,,True,True,True,3,0,1.0,5,5,4,0,True,False,,,,,,,,,0.45400503487270494,,False,False,False,False,
role_conditioned_ar_ppo_order_201,learning,medium,heterogeneity_pressure,1,1,206,0,206,13,1,missile,2-0-1,2,5,,True,True,True,3,0,1.0,4,4,3,0,True,False,,,,,,,,,0.41201612104477403,,False,False,False,False,
role_conditioned_ar_ppo_order_201,learning,medium,heterogeneity_pressure,1,1,206,0,206,14,2,laser,2-0-1,0,5,,True,True,True,10,0,1.0,0,0,0,0,False,False,,,,,,,,,0.0,,False,False,False,False,
role_conditioned_ar_ppo_order_201,learning,medium,heterogeneity_pressure,1,1,206,0,206,14,0,missile,2-0-1,1,5,,True,True,True,3,0,1.0,5,5,4,0,True,False,,,,,,,,,0.4899899421209003,,False,False,False,False,
role_conditioned_ar_ppo_order_201,learning,medium,heterogeneity_pressure,1,1,206,0,206,14,1,missile,2-0-1,2,5,,True,True,True,3,0,1.0,5,5,4,0,True,False,,,,,,,,,0.4497194487657166,,False,False,False,False,
role_conditioned_ar_ppo_order_201,learning,medium,heterogeneity_pressure,1,1,206,0,206,15,2,laser,2-0-1,0,5,,True,True,True,10,0,1.0,1,1,1,0,True,False,,,,,,,,,0.004076436121941205,,False,False,False,False,
role_conditioned_ar_ppo_order_201,learning,medium,heterogeneity_pressure,1,1,206,0,206,15,0,missile,2-0-1,1,5,,True,True,True,3,0,1.0,5,5,4,0,True,False,,,,,,,,,0.525924252546531,,False,False,False,False,
role_conditioned_ar_ppo_order_201,learning,medium,heterogeneity_pressure,1,1,206,0,206,15,1,missile,2-0-1,2,5,,True,True,True,3,0,1.0,5,5,4,0,True,False,,,,,,,,,0.48728289574200717,,False,False,False,False,
role_conditioned_ar_ppo_order_201,learning,medium,heterogeneity_pressure,1,1,206,0,206,16,2,laser,2-0-1,0,5,,True,True,True,10,0,1.0,1,1,1,0,True,False,,,,,,,,,0.013679123148418387,,False,False,False,False,
role_conditioned_ar_ppo_order_201,learning,medium,heterogeneity_pressure,1,1,206,0,206,16,0,missile,2-0-1,1,5,,True,True,True,3,0,1.0,5,5,4,0,True,False,,,,,,,,,0.5617996349458815,,False,False,False,False,
role_conditioned_ar_ppo_order_201,learning,medium,heterogeneity_pressure,1,1,206,0,206,16,1,missile,2-0-1,2,5,,True,True,True,3,0,1.0,5,5,4,0,True,False,,,,,,,,,0.524674521549472,,False,False,False,False,
role_conditioned_ar_ppo_order_201,learning,medium,heterogeneity_pressure,1,1,206,0,206,17,2,laser,2-0-1,0,5,,True,True,True,10,0,1.0,1,1,1,0,True,False,,,,,,,,,0.023280381280026873,,False,False,False,False,
role_conditioned_ar_ppo_order_201,learning,medium,heterogeneity_pressure,1,1,206,0,206,17,0,missile,2-0-1,1,5,,True,True,True,3,0,1.0,5,5,4,0,True,False,,,,,,,,,0.5976061833145343,,False,False,False,False,
role_conditioned_ar_ppo_order_201,learning,medium,heterogeneity_pressure,1,1,206,0,206,17,1,missile,2-0-1,2,5,,True,True,True,3,0,1.0,5,5,4,0,True,False,,,,,,,,,0.5618518825890406,,False,False,False,False,
role_conditioned_ar_ppo_order_201,learning,medium,heterogeneity_pressure,1,1,206,0,206,18,2,laser,2-0-1,0,5,,True,True,True,10,0,1.0,3,3,3,0,True,False,,,,,,,,,0.03288007655787279,,False,False,False,False,
role_conditioned_ar_ppo_order_201,learning,medium,heterogeneity_pressure,1,1,206,0,206,18,0,missile,2-0-1,1,5,,True,True,True,3,0,1.0,5,5,4,0,True,False,,,,,,,,,0.6333311976468251,,False,False,False,False,
role_conditioned_ar_ppo_order_201,learning,medium,heterogeneity_pressure,1,1,206,0,206,18,1,missile,2-0-1,2,5,,True,True,True,3,0,1.0,5,5,4,0,True,False,,,,,,,,,0.5987578038855694,,False,False,False,False,
role_conditioned_ar_ppo_order_201,learning,medium,heterogeneity_pressure,1,1,206,0,206,19,2,laser,2-0-1,0,5,,True,True,True,10,0,1.0,3,3,3,0,True,False,,,,,,,,,0.04955167274632229,,False,False,False,False,
role_conditioned_ar_ppo_order_201,learning,medium,heterogeneity_pressure,1,1,206,0,206,19,0,missile,2-0-1,1,5,,True,True,True,3,0,1.0,5,5,4,0,True,False,,,,,,,,,0.668959082335799,,False,False,False,False,
role_conditioned_ar_ppo_order_201,learning,medium,heterogeneity_pressure,1,1,206,0,206,19,1,missile,2-0-1,2,5,,True,True,True,3,0,1.0,5,5,4,0,True,False,,,,,,,,,0.6353134577648966,,False,False,False,False,
role_conditioned_ar_ppo_order_201,learning,medium,heterogeneity_pressure,1,1,206,0,206,20,2,laser,2-0-1,0,5,,True,True,True,10,0,1.0,4,4,3,0,True,False,,,,,,,,,0.08797486915378953,,False,False,False,False,
role_conditioned_ar_ppo_order_201,learning,medium,heterogeneity_pressure,1,1,206,0,206,20,0,missile,2-0-1,1,5,,True,True,True,3,0,1.0,5,5,4,0,True,False,,,,,,,,,0.7044697713725072,,False,False,False,False,
role_conditioned_ar_ppo_order_201,learning,medium,heterogeneity_pressure,1,1,206,0,206,20,1,missile,2-0-1,2,5,,True,True,True,3,0,1.0,5,5,4,0,True,False,,,,,,,,,0.6714075913667682,,False,False,False,False,
role_conditioned_ar_ppo_order_201,learning,medium,heterogeneity_pressure,1,1,206,0,206,21,2,laser,2-0-1,0,5,,True,True,True,10,0,1.0,4,4,3,0,True,False,,,,,,,,,0.1262137179234877,,False,False,False,False,
role_conditioned_ar_ppo_order_201,learning,medium,heterogeneity_pressure,1,1,206,0,206,21,0,missile,2-0-1,1,5,,True,True,True,3,0,1.0,5,5,4,0,True,False,,,,,,,,,0.7398377123455542,,False,False,False,False,
role_conditioned_ar_ppo_order_201,learning,medium,heterogeneity_pressure,1,1,206,0,206,21,1,missile,2-0-1,2,5,,True,True,True,3,0,1.0,5,5,4,0,True,False,,,,,,,,,0.7068787789723848,,False,False,False,False,
role_conditioned_ar_ppo_order_201,learning,medium,heterogeneity_pressure,1,1,206,0,206,22,2,laser,2-0-1,0,5,,True,True,True,10,0,1.0,4,4,3,0,True,False,,,,,,,,,0.16422468715893423,,False,False,False,False,
role_conditioned_ar_ppo_order_201,learning,medium,heterogeneity_pressure,1,1,206,0,206,22,0,missile,2-0-1,1,5,,True,True,True,3,0,1.0,5,5,4,0,True,False,,,,,,,,,0.7750291740398965,,False,False,False,False,
role_conditioned_ar_ppo_order_201,learning,medium,heterogeneity_pressure,1,1,206,0,206,22,1,missile,2-0-1,2,5,,True,True,True,3,0,1.0,5,5,4,0,True,False,,,,,,,,,0.7414859861834721,,False,False,False,False,
role_conditioned_ar_ppo_order_201,learning,medium,heterogeneity_pressure,1,1,206,0,206,23,2,laser,2-0-1,0,5,,True,True,True,10,0,1.0,4,4,3,0,True,False,,,,,,,,,0.20195015786516574,,False,False,False,False,
role_conditioned_ar_ppo_order_201,learning,medium,heterogeneity_pressure,1,1,206,0,206,23,0,missile,2-0-1,1,5,,True,True,True,3,0,1.0,5,5,4,0,True,False,,,,,,,,,0.809999249235507,,False,False,False,False,
role_conditioned_ar_ppo_order_201,learning,medium,heterogeneity_pressure,1,1,206,0,206,23,1,missile,2-0-1,2,5,,True,True,True,3,0,1.0,5,5,4,0,True,False,,,,,,,,,0.7748579123018168,,False,False,False,False,
role_conditioned_ar_ppo_order_201,learning,medium,heterogeneity_pressure,1,1,206,0,206,24,2,laser,2-0-1,0,5,,True,True,True,10,0,1.0,4,4,3,0,True,False,,,,,,,,,0.23931168423887608,,False,False,False,False,
role_conditioned_ar_ppo_order_201,learning,medium,heterogeneity_pressure,1,1,206,0,206,24,0,missile,2-0-1,1,5,,True,True,True,3,0,1.0,5,5,4,0,True,False,,,,,,,,,0.8446869271051767,,False,False,False,False,
role_conditioned_ar_ppo_order_201,learning,medium,heterogeneity_pressure,1,1,206,0,206,24,1,missile,2-0-1,2,5,,True,True,True,3,0,1.0,5,5,4,0,True,False,,,,,,,,,0.8064054369405753,,False,False,False,False,
role_conditioned_ar_ppo_order_201,learning,medium,heterogeneity_pressure,1,1,206,0,206,25,2,laser,2-0-1,0,5,,True,True,True,10,0,1.0,4,4,3,0,True,False,,,,,,,,,0.27620062989119126,,False,False,False,False,
role_conditioned_ar_ppo_order_201,learning,medium,heterogeneity_pressure,1,1,206,0,206,25,0,missile,2-0-1,1,5,,True,True,True,3,0,1.0,5,5,4,0,True,False,,,,,,,,,0.8790073208110488,,False,False,False,False,
role_conditioned_ar_ppo_order_201,learning,medium,heterogeneity_pressure,1,1,206,0,206,25,1,missile,2-0-1,2,5,,True,True,True,3,0,1.0,5,5,4,0,True,False,,,,,,,,,0.8351744005228027,,False,False,False,False,
role_conditioned_ar_ppo_order_201,learning,medium,heterogeneity_pressure,1,1,206,0,206,26,2,laser,2-0-1,0,5,,True,True,True,10,0,1.0,4,4,3,0,True,False,,,,,,,,,0.3124627825263869,,False,False,False,False,
role_conditioned_ar_ppo_order_201,learning,medium,heterogeneity_pressure,1,1,206,0,206,26,0,missile,2-0-1,1,5,,True,True,True,3,0,1.0,5,5,4,0,True,False,,,,,,,,,0.9128392468990787,,False,False,False,False,
role_conditioned_ar_ppo_order_201,learning,medium,heterogeneity_pressure,1,1,206,0,206,26,1,missile,2-0-1,2,5,,True,True,True,3,0,1.0,5,5,4,0,True,False,,,,,,,,,0.8596297640373216,,False,False,False,False,
role_conditioned_ar_ppo_order_201,learning,medium,heterogeneity_pressure,1,1,206,0,206,27,2,laser,2-0-1,0,5,,True,True,True,10,0,1.0,4,4,3,0,True,False,,,,,,,,,0.34787360484338015,,False,False,False,False,
role_conditioned_ar_ppo_order_201,learning,medium,heterogeneity_pressure,1,1,206,0,206,27,0,missile,2-0-1,1,5,,True,True,True,3,0,1.0,5,5,4,0,True,False,,,,,,,,,0.9460051084900639,,False,False,False,False,
role_conditioned_ar_ppo_order_201,learning,medium,heterogeneity_pressure,1,1,206,0,206,27,1,missile,2-0-1,2,5,,True,True,True,3,0,1.0,5,5,4,0,True,False,,,,,,,,,0.8774781727110094,,False,False,False,False,
role_conditioned_ar_ppo_order_201,learning,medium,heterogeneity_pressure,1,1,206,0,206,28,2,laser,2-0-1,0,5,,True,True,True,10,0,1.0,4,4,3,0,True,False,,,,,,,,,0.3820974095718973,,False,False,False,False,
role_conditioned_ar_ppo_order_201,learning,medium,heterogeneity_pressure,1,1,206,0,206,28,0,missile,2-0-1,1,5,,True,True,True,3,0,1.0,5,5,4,0,True,False,,,,,,,,,0.9782363512642367,,False,False,False,False,
role_conditioned_ar_ppo_order_201,learning,medium,heterogeneity_pressure,1,1,206,0,206,28,1,missile,2-0-1,2,5,,True,True,True,3,0,1.0,5,5,4,0,True,False,,,,,,,,,0.8859828896683984,,False,False,False,False,
role_conditioned_ar_ppo_order_201,learning,medium,heterogeneity_pressure,1,1,206,0,206,29,2,laser,2-0-1,0,5,,True,True,True,10,0,1.0,4,4,3,0,True,False,,,,,,,,,0.4146195480474324,,False,False,False,False,
role_conditioned_ar_ppo_order_201,learning,medium,heterogeneity_pressure,1,1,206,0,206,29,0,missile,2-0-1,1,5,,True,True,True,3,0,1.0,5,5,4,0,True,False,,,,,,,,,1.0091142814348728,,False,False,False,False,
role_conditioned_ar_ppo_order_201,learning,medium,heterogeneity_pressure,1,1,206,0,206,29,1,missile,2-0-1,2,5,,True,True,True,3,0,1.0,5,5,4,0,True,False,,,,,,,,,0.8833430109173324,,False,False,False,False,
role_conditioned_ar_ppo_order_201,learning,medium,heterogeneity_pressure,1,1,206,0,206,30,2,laser,2-0-1,0,5,,True,True,True,10,0,1.0,3,3,2,0,True,False,,,,,,,,,0.2870356951089192,,False,False,False,False,
role_conditioned_ar_ppo_order_201,learning,medium,heterogeneity_pressure,1,1,206,0,206,30,0,missile,2-0-1,1,5,,True,True,True,3,0,1.0,4,4,3,0,True,False,,,,,,,,,0.5683073364722764,,False,False,False,False,
role_conditioned_ar_ppo_order_201,learning,medium,heterogeneity_pressure,1,1,206,0,206,30,1,missile,2-0-1,2,5,,True,True,True,3,0,1.0,4,4,3,0,True,False,,,,,,,,,0.6038964467209059,,False,False,False,False,
role_conditioned_ar_ppo_order_201,learning,medium,heterogeneity_pressure,1,1,206,0,206,31,2,laser,2-0-1,0,5,,True,True,True,10,0,1.0,3,3,2,0,True,False,,,,,,,,,0.30894982708994395,,False,False,False,False,
role_conditioned_ar_ppo_order_201,learning,medium,heterogeneity_pressure,1,1,206,0,206,31,0,missile,2-0-1,1,5,,True,True,True,3,0,1.0,4,4,3,0,True,False,,,,,,,,,0.5910363165615322,,False,False,False,False,
role_conditioned_ar_ppo_order_201,learning,medium,heterogeneity_pressure,1,1,206,0,206,31,1,missile,2-0-1,2,5,,True,True,True,3,0,1.0,4,4,3,0,True,False,,,,,,,,,0.6264042896669032,,False,False,False,False,
role_conditioned_ar_ppo_order_201,learning,medium,heterogeneity_pressure,1,1,206,0,206,32,2,laser,2-0-1,0,5,,True,True,True,10,0,1.0,3,3,2,0,True,False,,,,,,,,,0.32999628688380617,,False,False,False,False,
role_conditioned_ar_ppo_order_201,learning,medium,heterogeneity_pressure,1,1,206,0,206,32,0,missile,2-0-1,1,5,,True,True,True,3,0,1.0,4,4,3,0,True,False,,,,,,,,,0.6137188515662689,,False,False,False,False,
role_conditioned_ar_ppo_order_201,learning,medium,heterogeneity_pressure,1,1,206,0,206,32,1,missile,2-0-1,2,5,,True,True,True,3,0,1.0,4,4,3,0,True,False,,,,,,,,,0.6482325147507689,,False,False,False,False,
role_conditioned_ar_ppo_order_201,learning,medium,heterogeneity_pressure,1,1,206,0,206,33,2,laser,2-0-1,0,5,,True,True,True,10,0,1.0,3,3,2,0,True,False,,,,,,,,,0.34981457449356157,,False,False,False,False,
role_conditioned_ar_ppo_order_201,learning,medium,heterogeneity_pressure,1,1,206,0,206,33,0,missile,2-0-1,1,5,,True,True,True,3,0,1.0,4,4,3,0,True,False,,,,,,,,,0.6363446507895795,,False,False,False,False,
role_conditioned_ar_ppo_order_201,learning,medium,heterogeneity_pressure,1,1,206,0,206,33,1,missile,2-0-1,2,5,,True,True,True,3,0,1.0,4,4,3,0,True,False,,,,,,,,,0.6689902219083169,,False,False,False,False,
role_conditioned_ar_ppo_order_201,learning,medium,heterogeneity_pressure,1,1,206,0,206,34,2,laser,2-0-1,0,5,,True,True,True,10,0,1.0,4,4,3,0,True,False,,,,,,,,,0.367858988088432,,False,False,False,False,
role_conditioned_ar_ppo_order_201,learning,medium,heterogeneity_pressure,1,1,206,0,206,34,0,missile,2-0-1,1,5,,True,True,True,3,0,1.0,4,4,3,0,True,False,,,,,,,,,0.6589002541564224,,False,False,False,False,
role_conditioned_ar_ppo_order_201,learning,medium,heterogeneity_pressure,1,1,206,0,206,34,1,missile,2-0-1,2,5,,True,True,True,3,0,1.0,4,4,3,0,True,False,,,,,,,,,0.6879735856637934,,False,False,False,False,
role_conditioned_ar_ppo_order_201,learning,medium,heterogeneity_pressure,1,1,206,0,206,35,2,laser,2-0-1,0,5,,True,True,True,10,0,1.0,4,4,3,0,True,False,,,,,,,,,0.38331732029237553,,False,False,False,False,
role_conditioned_ar_ppo_order_201,learning,medium,heterogeneity_pressure,1,1,206,0,206,35,0,missile,2-0-1,1,5,,True,True,True,3,0,1.0,4,4,3,0,True,False,,,,,,,,,0.6813675062167412,,False,False,False,False,
role_conditioned_ar_ppo_order_201,learning,medium,heterogeneity_pressure,1,1,206,0,206,35,1,missile,2-0-1,2,5,,True,True,True,3,0,1.0,4,4,3,0,True,False,,,,,,,,,0.7038953604583821,,False,False,False,False,
role_conditioned_ar_ppo_order_201,learning,medium,heterogeneity_pressure,1,1,206,0,206,36,2,laser,2-0-1,0,5,,True,True,True,10,0,1.0,3,3,3,0,True,False,,,,,,,,,0.3950615632215369,,False,False,False,False,
role_conditioned_ar_ppo_order_201,learning,medium,heterogeneity_pressure,1,1,206,0,206,36,0,missile,2-0-1,1,5,,True,True,True,3,0,1.0,3,3,3,0,True,False,,,,,,,,,0.7037216193032718,,False,False,False,False,
role_conditioned_ar_ppo_order_201,learning,medium,heterogeneity_pressure,1,1,206,0,206,36,1,missile,2-0-1,2,5,,True,True,True,3,0,1.0,3,3,3,0,True,False,,,,,,,,,0.7145848265533344,,False,False,False,False,
role_conditioned_ar_ppo_order_201,learning,medium,heterogeneity_pressure,1,1,206,0,206,37,2,laser,2-0-1,0,5,,True,True,True,10,0,1.0,3,3,3,0,True,False,,,,,,,,,0.401776794493365,,False,False,False,False,
role_conditioned_ar_ppo_order_201,learning,medium,heterogeneity_pressure,1,1,206,0,206,37,0,missile,2-0-1,1,5,,True,True,True,3,0,1.0,3,3,3,0,True,False,,,,,,,,,0.7259277106924681,,False,False,False,False,
role_conditioned_ar_ppo_order_201,learning,medium,heterogeneity_pressure,1,1,206,0,206,37,1,missile,2-0-1,2,5,,True,True,True,3,0,1.0,3,3,3,0,True,False,,,,,,,,,0.7174325712221639,,False,False,False,False,
role_conditioned_ar_ppo_order_201,learning,medium,heterogeneity_pressure,1,1,206,0,206,38,2,laser,2-0-1,0,5,,True,True,True,10,0,1.0,3,3,3,0,True,False,,,,,,,,,0.4024395851572857,,False,False,False,False,
role_conditioned_ar_ppo_order_201,learning,medium,heterogeneity_pressure,1,1,206,0,206,38,0,missile,2-0-1,1,5,,True,True,True,3,0,1.0,3,3,3,0,True,False,,,,,,,,,0.7479353833591739,,False,False,False,False,
role_conditioned_ar_ppo_order_201,learning,medium,heterogeneity_pressure,1,1,206,0,206,38,1,missile,2-0-1,2,5,,True,True,True,3,0,1.0,3,3,3,0,True,False,,,,,,,,,0.7114959651331408,,False,False,False,False,
role_conditioned_ar_ppo_order_201,learning,medium,heterogeneity_pressure,1,1,206,0,206,39,2,laser,2-0-1,0,5,,True,True,True,10,0,1.0,3,3,3,0,True,False,,,,,,,,,0.396935282406575,,False,False,False,False,
role_conditioned_ar_ppo_order_201,learning,medium,heterogeneity_pressure,1,1,206,0,206,39,0,missile,2-0-1,1,5,,True,True,True,3,0,1.0,3,3,3,0,True,False,,,,,,,,,0.7696693743547182,,False,False,False,False,
role_conditioned_ar_ppo_order_201,learning,medium,heterogeneity_pressure,1,1,206,0,206,39,1,missile,2-0-1,2,5,,True,True,True,3,0,1.0,3,3,3,0,True,False,,,,,,,,,0.6986080764134139,,False,False,False,False,
role_conditioned_ar_ppo_order_201,learning,medium,heterogeneity_pressure,1,1,206,1,207,0,2,laser,2-0-1,0,5,,True,True,True,10,0,1.0,0,0,0,0,False,False,,,,,,,,,0.0,,False,False,False,False,
role_conditioned_ar_ppo_order_201,learning,medium,heterogeneity_pressure,1,1,206,1,207,0,0,missile,2-0-1,1,5,,True,True,True,3,0,1.0,5,5,1,0,True,False,,,,,,,,,0.3064056035597113,,False,False,False,False,
role_conditioned_ar_ppo_order_201,learning,medium,heterogeneity_pressure,1,1,206,1,207,0,1,missile,2-0-1,2,5,,True,True,True,3,0,1.0,1,1,0,0,True,False,,,,,,,,,0.05487383949968166,,False,False,False,False,
role_conditioned_ar_ppo_order_201,learning,medium,heterogeneity_pressure,1,1,206,1,207,1,2,laser,2-0-1,0,5,,True,True,True,10,0,1.0,0,0,0,0,False,False,,,,,,,,,0.0,,False,False,False,False,
role_conditioned_ar_ppo_order_201,learning,medium,heterogeneity_pressure,1,1,206,1,207,1,0,missile,2-0-1,1,5,,True,True,True,3,0,1.0,5,5,1,0,True,False,,,,,,,,,0.3128144454994487,,False,False,False,False,
role_conditioned_ar_ppo_order_201,learning,medium,heterogeneity_pressure,1,1,206,1,207,1,1,missile,2-0-1,2,5,,True,True,True,3,0,1.0,2,2,0,0,True,False,,,,,,,,,0.062139514765428304,,False,False,False,False,
role_conditioned_ar_ppo_order_201,learning,medium,heterogeneity_pressure,1,1,206,1,207,2,2,laser,2-0-1,0,5,,True,True,True,10,0,1.0,0,0,0,0,False,False,,,,,,,,,0.0,,False,False,False,False,
role_conditioned_ar_ppo_order_201,learning,medium,heterogeneity_pressure,1,1,206,1,207,2,0,missile,2-0-1,1,5,,True,True,True,3,0,1.0,5,5,1,0,True,False,,,,,,,,,0.31919204975321275,,False,False,False,False,
role_conditioned_ar_ppo_order_201,learning,medium,heterogeneity_pressure,1,1,206,1,207,2,1,missile,2-0-1,2,5,,True,True,True,3,0,1.0,3,3,0,0,True,False,,,,,,,,,0.06940008877961842,,False,False,False,False,
role_conditioned_ar_ppo_order_201,learning,medium,heterogeneity_pressure,1,1,206,1,207,3,2,laser,2-0-1,0,5,,True,True,True,10,0,1.0,0,0,0,0,False,False,,,,,,,,,0.0,,False,False,False,False,
role_conditioned_ar_ppo_order_201,learning,medium,heterogeneity_pressure,1,1,206,1,207,3,0,missile,2-0-1,1,5,,True,True,True,3,0,1.0,5,5,1,0,True,False,,,,,,,,,0.32553590510207103,,False,False,False,False,
role_conditioned_ar_ppo_order_201,learning,medium,heterogeneity_pressure,1,1,206,1,207,3,1,missile,2-0-1,2,5,,True,True,True,3,0,1.0,3,3,0,0,True,False,,,,,,,,,0.07665523804825085,,False,False,False,False,
role_conditioned_ar_ppo_order_201,learning,medium,heterogeneity_pressure,1,1,206,1,207,4,2,laser,2-0-1,0,5,,True,True,True,10,0,1.0,0,0,0,0,False,False,,,,,,,,,0.0,,False,False,False,False,
role_conditioned_ar_ppo_order_201,learning,medium,heterogeneity_pressure,1,1,206,1,207,4,0,missile,2-0-1,1,5,,True,True,True,3,0,1.0,5,5,1,0,True,False,,,,,,,,,0.3318432656337328,,False,False,False,False,
role_conditioned_ar_ppo_order_201,learning,medium,heterogeneity_pressure,1,1,206,1,207,4,1,missile,2-0-1,2,5,,True,True,True,3,0,1.0,3,3,0,0,True,False,,,,,,,,,0.08390463907732443,,False,False,False,False,
role_conditioned_ar_ppo_order_201,learning,medium,heterogeneity_pressure,1,1,206,1,207,5,2,laser,2-0-1,0,5,,True,True,True,10,0,1.0,0,0,0,0,False,False,,,,,,,,,0.0,,False,False,False,False,
role_conditioned_ar_ppo_order_201,learning,medium,heterogeneity_pressure,1,1,206,1,207,5,0,missile,2-0-1,1,5,,True,True,True,3,0,1.0,5,5,1,0,True,False,,,,,,,,,0.33811115074254927,,False,False,False,False,
role_conditioned_ar_ppo_order_201,learning,medium,heterogeneity_pressure,1,1,206,1,207,5,1,missile,2-0-1,2,5,,True,True,True,3,0,1.0,3,3,0,0,True,False,,,,,,,,,0.09114801814114593,,False,False,False,False,
role_conditioned_ar_ppo_order_201,learning,medium,heterogeneity_pressure,1,1,206,1,207,6,2,laser,2-0-1,0,5,,True,True,True,10,0,1.0,0,0,0,0,False,False,,,,,,,,,0.0,,False,False,False,False,
role_conditioned_ar_ppo_order_201,learning,medium,heterogeneity_pressure,1,1,206,1,207,6,0,missile,2-0-1,1,5,,True,True,True,3,0,1.0,5,5,1,0,True,False,,,,,,,,,0.3443361573748269,,False,False,False,False,
role_conditioned_ar_ppo_order_201,learning,medium,heterogeneity_pressure,1,1,206,1,207,6,1,missile,2-0-1,2,5,,True,True,True,3,0,1.0,3,3,0,0,True,False,,,,,,,,,0.11049655411754511,,False,False,False,False,
role_conditioned_ar_ppo_order_201,learning,medium,heterogeneity_pressure,1,1,206,1,207,7,2,laser,2-0-1,0,5,,True,True,True,10,0,1.0,1,1,0,0,True,False,,,,,,,,,0.01878231919125783,,False,False,False,False,
role_conditioned_ar_ppo_order_201,learning,medium,heterogeneity_pressure,1,1,206,1,207,7,0,missile,2-0-1,1,5,,True,True,True,3,0,1.0,5,5,1,0,True,False,,,,,,,,,0.35051460084484226,,False,False,False,False,
role_conditioned_ar_ppo_order_201,learning,medium,heterogeneity_pressure,1,1,206,1,207,7,1,missile,2-0-1,2,5,,True,True,True,3,0,1.0,3,3,0,0,True,False,,,,,,,,,0.13192988524994365,,False,False,False,False,
role_conditioned_ar_ppo_order_201,learning,medium,heterogeneity_pressure,1,1,206,1,207,8,2,laser,2-0-1,0,5,,True,True,True,10,0,1.0,1,1,0,0,True,False,,,,,,,,,0.03928069610958963,,False,False,False,False,
role_conditioned_ar_ppo_order_201,learning,medium,heterogeneity_pressure,1,1,206,1,207,8,0,missile,2-0-1,1,5,,True,True,True,3,0,1.0,5,5,1,0,True,False,,,,,,,,,0.3566423505494915,,False,False,False,False,
role_conditioned_ar_ppo_order_201,learning,medium,heterogeneity_pressure,1,1,206,1,207,8,1,missile,2-0-1,2,5,,True,True,True,3,0,1.0,3,3,0,0,True,False,,,,,,,,,0.15331761236829644,,False,False,False,False,
role_conditioned_ar_ppo_order_201,learning,medium,heterogeneity_pressure,1,1,206,1,207,9,2,laser,2-0-1,0,5,,True,True,True,10,0,1.0,1,1,0,0,True,False,,,,,,,,,0.059486582933776136,,False,False,False,False,
role_conditioned_ar_ppo_order_201,learning,medium,heterogeneity_pressure,1,1,206,1,207,9,0,missile,2-0-1,1,5,,True,True,True,3,0,1.0,5,5,1,0,True,False,,,,,,,,,0.3627148299682901,,False,False,False,False,
role_conditioned_ar_ppo_order_201,learning,medium,heterogeneity_pressure,1,1,206,1,207,9,1,missile,2-0-1,2,5,,True,True,True,3,0,1.0,4,4,0,0,True,False,,,,,,,,,0.1746514034359324,,False,False,False,False,
role_conditioned_ar_ppo_order_201,learning,medium,heterogeneity_pressure,1,1,206,1,207,10,2,laser,2-0-1,0,5,,True,True,True,10,0,1.0,1,1,0,0,True,False,,,,,,,,,0.07933084512364491,,False,False,False,False,
role_conditioned_ar_ppo_order_201,learning,medium,heterogeneity_pressure,1,1,206,1,207,10,0,missile,2-0-1,1,5,,True,True,True,3,0,1.0,5,5,1,0,True,False,,,,,,,,,0.3702513479822957,,False,False,False,False,
role_conditioned_ar_ppo_order_201,learning,medium,heterogeneity_pressure,1,1,206,1,207,10,1,missile,2-0-1,2,5,,True,True,True,3,0,1.0,4,4,0,0,True,False,,,,,,,,,0.19592067676627964,,False,False,False,False,
role_conditioned_ar_ppo_order_201,learning,medium,heterogeneity_pressure,1,1,206,1,207,11,2,laser,2-0-1,0,5,,True,True,True,10,0,1.0,1,1,0,0,True,False,,,,,,,,,0.0987227560576676,,False,False,False,False,
role_conditioned_ar_ppo_order_201,learning,medium,heterogeneity_pressure,1,1,206,1,207,11,0,missile,2-0-1,1,5,,True,True,True,3,0,1.0,5,5,1,0,True,False,,,,,,,,,0.3809606918665163,,False,False,False,False,
role_conditioned_ar_ppo_order_201,learning,medium,heterogeneity_pressure,1,1,206,1,207,11,1,missile,2-0-1,2,5,,True,True,True,3,0,1.0,4,4,0,0,True,False,,,,,,,,,0.21711210110066437,,False,False,False,False,
role_conditioned_ar_ppo_order_201,learning,medium,heterogeneity_pressure,1,1,206,1,207,12,2,laser,2-0-1,0,5,,True,True,True,10,0,1.0,1,1,0,0,True,False,,,,,,,,,0.11754186439545726,,False,False,False,False,
role_conditioned_ar_ppo_order_201,learning,medium,heterogeneity_pressure,1,1,206,1,207,12,0,missile,2-0-1,1,5,,True,True,True,3,0,1.0,5,5,1,0,True,False,,,,,,,,,0.39166593120588417,,False,False,False,False,
role_conditioned_ar_ppo_order_201,learning,medium,heterogeneity_pressure,1,1,206,1,207,12,1,missile,2-0-1,2,5,,True,True,True,3,0,1.0,4,4,0,0,True,False,,,,,,,,,0.23820831802935552,,False,False,False,False,
role_conditioned_ar_ppo_order_201,learning,medium,heterogeneity_pressure,1,1,206,1,207,13,2,laser,2-0-1,0,5,,True,True,True,10,0,1.0,1,1,0,0,True,False,,,,,,,,,0.13562671378196753,,False,False,False,False,
role_conditioned_ar_ppo_order_201,learning,medium,heterogeneity_pressure,1,1,206,1,207,13,0,missile,2-0-1,1,5,,True,True,True,3,0,1.0,5,5,1,0,True,False,,,,,,,,,0.4023663819095906,,False,False,False,False,
role_conditioned_ar_ppo_order_201,learning,medium,heterogeneity_pressure,1,1,206,1,207,13,1,missile,2-0-1,2,5,,True,True,True,3,0,1.0,4,4,0,0,True,False,,,,,,,,,0.2591865810922414,,False,False,False,False,
role_conditioned_ar_ppo_order_201,learning,medium,heterogeneity_pressure,1,1,206,1,207,14,2,laser,2-0-1,0,5,,True,True,True,10,0,1.0,1,1,0,0,True,False,,,,,,,,,0.15275981669588964,,False,False,False,False,
role_conditioned_ar_ppo_order_201,learning,medium,heterogeneity_pressure,1,1,206,1,207,14,0,missile,2-0-1,1,5,,True,True,True,3,0,1.0,5,5,1,0,True,False,,,,,,,,,0.41306116443230995,,False,False,False,False,
role_conditioned_ar_ppo_order_201,learning,medium,heterogeneity_pressure,1,1,206,1,207,14,1,missile,2-0-1,2,5,,True,True,True,3,0,1.0,4,4,0,0,True,False,,,,,,,,,0.28001653390238396,,False,False,False,False,
role_conditioned_ar_ppo_order_201,learning,medium,heterogeneity_pressure,1,1,206,1,207,15,2,laser,2-0-1,0,5,,True,True,True,10,0,1.0,2,2,0,0,True,False,,,,,,,,,0.16864864031468502,,False,False,False,False,
role_conditioned_ar_ppo_order_201,learning,medium,heterogeneity_pressure,1,1,206,1,207,15,0,missile,2-0-1,1,5,,True,True,True,3,0,1.0,5,5,1,0,True,False,,,,,,,,,0.42374917934238526,,False,False,False,False,
role_conditioned_ar_ppo_order_201,learning,medium,heterogeneity_pressure,1,1,206,1,207,15,1,missile,2-0-1,2,5,,True,True,True,3,0,1.0,4,4,0,0,True,False,,,,,,,,,0.3006566968038897,,False,False,False,False,
role_conditioned_ar_ppo_order_201,learning,medium,heterogeneity_pressure,1,1,206,1,207,16,2,laser,2-0-1,0,5,,True,True,True,10,0,1.0,2,2,0,0,True,False,,,,,,,,,0.1829053817418116,,False,False,False,False,
role_conditioned_ar_ppo_order_201,learning,medium,heterogeneity_pressure,1,1,206,1,207,16,0,missile,2-0-1,1,5,,True,True,True,3,0,1.0,5,5,1,0,True,False,,,,,,,,,0.4344290218104772,,False,False,False,False,
role_conditioned_ar_ppo_order_201,learning,medium,heterogeneity_pressure,1,1,206,1,207,16,1,missile,2-0-1,2,5,,True,True,True,3,0,1.0,4,4,0,0,True,False,,,,,,,,,0.3210491899153508,,False,False,False,False,
role_conditioned_ar_ppo_order_201,learning,medium,heterogeneity_pressure,1,1,206,1,207,17,2,laser,2-0-1,0,5,,True,True,True,10,0,1.0,3,3,0,0,True,False,,,,,,,,,0.19503406403198198,,False,False,False,False,
role_conditioned_ar_ppo_order_201,learning,medium,heterogeneity_pressure,1,1,206,1,207,17,0,missile,2-0-1,1,5,,True,True,True,3,0,1.0,5,5,1,0,True,False,,,,,,,,,0.4450988716663979,,False,False,False,False,
role_conditioned_ar_ppo_order_201,learning,medium,heterogeneity_pressure,1,1,206,1,207,17,1,missile,2-0-1,2,5,,True,True,True,3,0,1.0,5,5,1,0,True,False,,,,,,,,,0.34111127611262476,,False,False,False,False,
role_conditioned_ar_ppo_order_201,learning,medium,heterogeneity_pressure,1,1,206,1,207,18,2,laser,2-0-1,0,5,,True,True,True,10,0,1.0,3,3,0,0,True,False,,,,,,,,,0.20444493565966668,,False,False,False,False,
role_conditioned_ar_ppo_order_201,learning,medium,heterogeneity_pressure,1,1,206,1,207,18,0,missile,2-0-1,1,5,,True,True,True,3,0,1.0,5,5,1,0,True,False,,,,,,,,,0.4557563345923168,,False,False,False,False,
role_conditioned_ar_ppo_order_201,learning,medium,heterogeneity_pressure,1,1,206,1,207,18,1,missile,2-0-1,2,5,,True,True,True,3,0,1.0,5,5,1,0,True,False,,,,,,,,,0.360721266000132,,False,False,False,False,
role_conditioned_ar_ppo_order_201,learning,medium,heterogeneity_pressure,1,1,206,1,207,19,2,laser,2-0-1,0,5,,True,True,True,10,0,1.0,3,3,0,0,True,False,,,,,,,,,0.2105251290386233,,False,False,False,False,
role_conditioned_ar_ppo_order_201,learning,medium,heterogeneity_pressure,1,1,206,1,207,19,0,missile,2-0-1,1,5,,True,True,True,3,0,1.0,5,5,1,0,True,False,,,,,,,,,0.4725056921595614,,False,False,False,False,
role_conditioned_ar_ppo_order_201,learning,medium,heterogeneity_pressure,1,1,206,1,207,19,1,missile,2-0-1,2,5,,True,True,True,3,0,1.0,5,5,1,0,True,False,,,,,,,,,0.3796949937939886,,False,False,False,False,
role_conditioned_ar_ppo_order_201,learning,medium,heterogeneity_pressure,1,1,206,1,207,20,2,laser,2-0-1,0,5,,True,True,True,10,0,1.0,3,3,0,0,True,False,,,,,,,,,0.2127806897008419,,False,False,False,False,
role_conditioned_ar_ppo_order_201,learning,medium,heterogeneity_pressure,1,1,206,1,207,20,0,missile,2-0-1,1,5,,True,True,True,3,0,1.0,5,5,1,0,True,False,,,,,,,,,0.4930346793978798,,False,False,False,False,
role_conditioned_ar_ppo_order_201,learning,medium,heterogeneity_pressure,1,1,206,1,207,20,1,missile,2-0-1,2,5,,True,True,True,3,0,1.0,5,5,1,0,True,False,,,,,,,,,0.39774574022561854,,False,False,False,False,
role_conditioned_ar_ppo_order_201,learning,medium,heterogeneity_pressure,1,1,206,1,207,21,2,laser,2-0-1,0,5,,True,True,True,10,0,1.0,3,3,0,0,True,False,,,,,,,,,0.21100447039616424,,False,False,False,False,
role_conditioned_ar_ppo_order_201,learning,medium,heterogeneity_pressure,1,1,206,1,207,21,0,missile,2-0-1,1,5,,True,True,True,3,0,1.0,5,5,1,0,True,False,,,,,,,,,0.5135635574034342,,False,False,False,False,
role_conditioned_ar_ppo_order_201,learning,medium,heterogeneity_pressure,1,1,206,1,207,21,1,missile,2-0-1,2,5,,True,True,True,3,0,1.0,5,5,1,0,True,False,,,,,,,,,0.4144173193439227,,False,False,False,False,
role_conditioned_ar_ppo_order_201,learning,medium,heterogeneity_pressure,1,1,206,1,207,22,2,laser,2-0-1,0,5,,True,True,True,10,0,1.0,3,3,0,0,True,False,,,,,,,,,0.20536076179638452,,False,False,False,False,
role_conditioned_ar_ppo_order_201,learning,medium,heterogeneity_pressure,1,1,206,1,207,22,0,missile,2-0-1,1,5,,True,True,True,3,0,1.0,5,5,1,0,True,False,,,,,,,,,0.5340923261762243,,False,False,False,False,
role_conditioned_ar_ppo_order_201,learning,medium,heterogeneity_pressure,1,1,206,1,207,22,1,missile,2-0-1,2,5,,True,True,True,3,0,1.0,5,5,1,0,True,False,,,,,,,,,0.42898255959180603,,False,False,False,False,
role_conditioned_ar_ppo_order_201,learning,medium,heterogeneity_pressure,1,1,206,1,207,23,2,laser,2-0-1,0,5,,True,True,True,10,0,1.0,3,3,0,0,True,False,,,,,,,,,0.19631749677806337,,False,False,False,False,
role_conditioned_ar_ppo_order_201,learning,medium,heterogeneity_pressure,1,1,206,1,207,23,0,missile,2-0-1,1,5,,True,True,True,3,0,1.0,5,5,1,0,True,False,,,,,,,,,0.5546209493053288,,False,False,False,False,
role_conditioned_ar_ppo_order_201,learning,medium,heterogeneity_pressure,1,1,206,1,207,23,1,missile,2-0-1,2,5,,True,True,True,3,0,1.0,5,5,1,0,True,False,,,,,,,,,0.44033679954743166,,False,False,False,False,
role_conditioned_ar_ppo_order_201,learning,medium,heterogeneity_pressure,1,1,206,1,207,24,2,laser,2-0-1,0,5,,True,True,True,10,0,1.0,4,4,0,0,True,False,,,,,,,,,0.1844820167219247,,False,False,False,False,
role_conditioned_ar_ppo_order_201,learning,medium,heterogeneity_pressure,1,1,206,1,207,24,0,missile,2-0-1,1,5,,True,True,True,3,0,1.0,5,5,1,0,True,False,,,,,,,,,0.5751494085852871,,False,False,False,False,
role_conditioned_ar_ppo_order_201,learning,medium,heterogeneity_pressure,1,1,206,1,207,24,1,missile,2-0-1,2,5,,True,True,True,3,0,1.0,5,5,1,0,True,False,,,,,,,,,0.4470491854966581,,False,False,False,False,
role_conditioned_ar_ppo_order_201,learning,medium,heterogeneity_pressure,1,1,206,1,207,25,2,laser,2-0-1,0,5,,True,True,True,10,0,1.0,4,4,0,0,True,False,,,,,,,,,0.17045202063463027,,False,False,False,False,
role_conditioned_ar_ppo_order_201,learning,medium,heterogeneity_pressure,1,1,206,1,207,25,0,missile,2-0-1,1,5,,True,True,True,3,0,1.0,5,5,1,0,True,False,,,,,,,,,0.5956776493997168,,False,False,False,False,
role_conditioned_ar_ppo_order_201,learning,medium,heterogeneity_pressure,1,1,206,1,207,25,1,missile,2-0-1,2,5,,True,True,True,3,0,1.0,5,5,1,0,True,False,,,,,,,,,0.4478850276420341,,False,False,False,False,
role_conditioned_ar_ppo_order_201,learning,medium,heterogeneity_pressure,1,1,206,1,207,26,2,laser,2-0-1,0,5,,True,True,True,10,0,1.0,5,5,1,0,True,False,,,,,,,,,0.15473626125102968,,False,False,False,False,
role_conditioned_ar_ppo_order_201,learning,medium,heterogeneity_pressure,1,1,206,1,207,26,0,missile,2-0-1,1,5,,True,True,True,3,0,1.0,5,5,1,0,True,False,,,,,,,,,0.6162056171322361,,False,False,False,False,
role_conditioned_ar_ppo_order_201,learning,medium,heterogeneity_pressure,1,1,206,1,207,26,1,missile,2-0-1,2,5,,True,True,True,3,0,1.0,5,5,1,0,True,False,,,,,,,,,0.4426633749771578,,False,False,False,False,
role_conditioned_ar_ppo_order_201,learning,medium,heterogeneity_pressure,1,1,206,1,207,27,2,laser,2-0-1,0,5,,True,True,True,10,0,1.0,5,5,1,0,True,False,,,,,,,,,0.13773516058645208,,False,False,False,False,
role_conditioned_ar_ppo_order_201,learning,medium,heterogeneity_pressure,1,1,206,1,207,27,0,missile,2-0-1,1,5,,True,True,True,3,0,1.0,5,5,1,0,True,False,,,,,,,,,0.6367332753719235,,False,False,False,False,
role_conditioned_ar_ppo_order_201,learning,medium,heterogeneity_pressure,1,1,206,1,207,27,1,missile,2-0-1,2,5,,True,True,True,3,0,1.0,5,5,1,0,True,False,,,,,,,,,0.4324122411298572,,False,False,False,False,
role_conditioned_ar_ppo_order_201,learning,medium,heterogeneity_pressure,1,1,206,1,207,28,2,laser,2-0-1,0,5,,True,True,True,10,0,1.0,4,4,1,0,True,False,,,,,,,,,0.1468396173307425,,False,False,False,False,
role_conditioned_ar_ppo_order_201,learning,medium,heterogeneity_pressure,1,1,206,1,207,28,0,missile,2-0-1,1,5,,True,True,True,3,0,1.0,4,4,1,0,True,False,,,,,,,,,0.6572605148860148,,False,False,False,False,
role_conditioned_ar_ppo_order_201,learning,medium,heterogeneity_pressure,1,1,206,1,207,28,1,missile,2-0-1,2,5,,True,True,True,3,0,1.0,4,4,1,0,True,False,,,,,,,,,0.30315695166815265,,False,False,False,False,
role_conditioned_ar_ppo_order_201,learning,medium,heterogeneity_pressure,1,1,206,1,207,29,2,laser,2-0-1,0,5,,True,True,True,10,0,1.0,4,4,1,0,True,False,,,,,,,,,0.1571318421003252,,False,False,False,False,
role_conditioned_ar_ppo_order_201,learning,medium,heterogeneity_pressure,1,1,206,1,207,29,0,missile,2-0-1,1,5,,True,True,True,3,0,1.0,4,4,1,0,True,False,,,,,,,,,0.6777871900308243,,False,False,False,False,
role_conditioned_ar_ppo_order_201,learning,medium,heterogeneity_pressure,1,1,206,1,207,29,1,missile,2-0-1,2,5,,True,True,True,3,0,1.0,4,4,1,0,True,False,,,,,,,,,0.31448855420347427,,False,False,False,False,
role_conditioned_ar_ppo_order_201,learning,medium,heterogeneity_pressure,1,1,206,1,207,30,2,laser,2-0-1,0,5,,True,True,True,10,0,1.0,4,4,1,0,True,False,,,,,,,,,0.16721421259969055,,False,False,False,False,
role_conditioned_ar_ppo_order_201,learning,medium,heterogeneity_pressure,1,1,206,1,207,30,0,missile,2-0-1,1,5,,True,True,True,3,0,1.0,4,4,1,0,True,False,,,,,,,,,0.6983131551626667,,False,False,False,False,
role_conditioned_ar_ppo_order_201,learning,medium,heterogeneity_pressure,1,1,206,1,207,30,1,missile,2-0-1,2,5,,True,True,True,3,0,1.0,4,4,1,0,True,False,,,,,,,,,0.32581133620394326,,False,False,False,False,
role_conditioned_ar_ppo_order_201,learning,medium,heterogeneity_pressure,1,1,206,1,207,31,2,laser,2-0-1,0,5,,True,True,True,10,0,1.0,4,4,1,0,True,False,,,,,,,,,0.17704020672626827,,False,False,False,False,
role_conditioned_ar_ppo_order_201,learning,medium,heterogeneity_pressure,1,1,206,1,207,31,0,missile,2-0-1,1,5,,True,True,True,3,0,1.0,4,4,1,0,True,False,,,,,,,,,0.7188380825832491,,False,False,False,False,
role_conditioned_ar_ppo_order_201,learning,medium,heterogeneity_pressure,1,1,206,1,207,31,1,missile,2-0-1,2,5,,True,True,True,3,0,1.0,4,4,1,0,True,False,,,,,,,,,0.33712335482047306,,False,False,False,False,
role_conditioned_ar_ppo_order_201,learning,medium,heterogeneity_pressure,1,1,206,1,207,32,2,laser,2-0-1,0,5,,True,True,True,10,0,1.0,4,4,1,0,True,False,,,,,,,,,0.18655023049030112,,False,False,False,False,
role_conditioned_ar_ppo_order_201,learning,medium,heterogeneity_pressure,1,1,206,1,207,32,0,missile,2-0-1,1,5,,True,True,True,3,0,1.0,4,4,1,0,True,False,,,,,,,,,0.7393615444642452,,False,False,False,False,
role_conditioned_ar_ppo_order_201,learning,medium,heterogeneity_pressure,1,1,206,1,207,32,1,missile,2-0-1,2,5,,True,True,True,3,0,1.0,4,4,1,0,True,False,,,,,,,,,0.3484219677783061,,False,False,False,False,
role_conditioned_ar_ppo_order_201,learning,medium,heterogeneity_pressure,1,1,206,1,207,33,2,laser,2-0-1,0,5,,True,True,True,10,0,1.0,4,4,1,0,True,False,,,,,,,,,0.1956676858211382,,False,False,False,False,
role_conditioned_ar_ppo_order_201,learning,medium,heterogeneity_pressure,1,1,206,1,207,33,0,missile,2-0-1,1,5,,True,True,True,3,0,1.0,4,4,1,0,True,False,,,,,,,,,0.759882767073575,,False,False,False,False,
role_conditioned_ar_ppo_order_201,learning,medium,heterogeneity_pressure,1,1,206,1,207,33,1,missile,2-0-1,2,5,,True,True,True,3,0,1.0,4,4,1,0,True,False,,,,,,,,,0.3605672716412778,,False,False,False,False,
role_conditioned_ar_ppo_order_201,learning,medium,heterogeneity_pressure,1,1,206,1,207,34,2,laser,2-0-1,0,5,,True,True,True,10,0,1.0,4,4,1,0,True,False,,,,,,,,,0.20429417488504512,,False,False,False,False,
role_conditioned_ar_ppo_order_201,learning,medium,heterogeneity_pressure,1,1,206,1,207,34,0,missile,2-0-1,1,5,,True,True,True,3,0,1.0,4,4,1,0,True,False,,,,,,,,,0.780400348590765,,False,False,False,False,
role_conditioned_ar_ppo_order_201,learning,medium,heterogeneity_pressure,1,1,206,1,207,34,1,missile,2-0-1,2,5,,True,True,True,3,0,1.0,4,4,1,0,True,False,,,,,,,,,0.3823334744869081,,False,False,False,False,
role_conditioned_ar_ppo_order_201,learning,medium,heterogeneity_pressure,1,1,206,1,207,35,2,laser,2-0-1,0,5,,True,True,True,10,0,1.0,3,3,1,0,True,False,,,,,,,,,0.2002882521643078,,False,False,False,False,
role_conditioned_ar_ppo_order_201,learning,medium,heterogeneity_pressure,1,1,206,1,207,35,0,missile,2-0-1,1,5,,True,True,True,3,0,1.0,3,3,1,0,True,False,,,,,,,,,0.8009113761421028,,False,False,False,False,
role_conditioned_ar_ppo_order_201,learning,medium,heterogeneity_pressure,1,1,206,1,207,35,1,missile,2-0-1,2,5,,True,True,True,3,0,1.0,3,3,1,0,True,False,,,,,,,,,0.4040994843030083,,False,False,False,False,
role_conditioned_ar_ppo_order_201,learning,medium,heterogeneity_pressure,1,1,206,1,207,36,2,laser,2-0-1,0,5,,True,True,True,10,0,1.0,3,3,1,0,True,False,,,,,,,,,0.2197665353831516,,False,False,False,False,
role_conditioned_ar_ppo_order_201,learning,medium,heterogeneity_pressure,1,1,206,1,207,36,0,missile,2-0-1,1,5,,True,True,True,3,0,1.0,3,3,1,0,True,False,,,,,,,,,0.8214087359438201,,False,False,False,False,
role_conditioned_ar_ppo_order_201,learning,medium,heterogeneity_pressure,1,1,206,1,207,36,1,missile,2-0-1,2,5,,True,True,True,3,0,1.0,3,3,1,0,True,False,,,,,,,,,0.4258652817866254,,False,False,False,False,
role_conditioned_ar_ppo_order_201,learning,medium,heterogeneity_pressure,1,1,206,1,207,37,2,laser,2-0-1,0,5,,True,True,True,10,0,1.0,3,3,1,0,True,False,,,,,,,,,0.2387229855399596,,False,False,False,False,
role_conditioned_ar_ppo_order_201,learning,medium,heterogeneity_pressure,1,1,206,1,207,37,0,missile,2-0-1,1,5,,True,True,True,3,0,1.0,3,3,1,0,True,False,,,,,,,,,0.8418692683742236,,False,False,False,False,
role_conditioned_ar_ppo_order_201,learning,medium,heterogeneity_pressure,1,1,206,1,207,37,1,missile,2-0-1,2,5,,True,True,True,3,0,1.0,3,3,1,0,True,False,,,,,,,,,0.4476308090289003,,False,False,False,False,
role_conditioned_ar_ppo_order_201,learning,medium,heterogeneity_pressure,1,1,206,1,207,38,2,laser,2-0-1,0,5,,True,True,True,10,0,1.0,3,3,1,0,True,False,,,,,,,,,0.25701630501868544,,False,False,False,False,
role_conditioned_ar_ppo_order_201,learning,medium,heterogeneity_pressure,1,1,206,1,207,38,0,missile,2-0-1,1,5,,True,True,True,3,0,1.0,3,3,1,0,True,False,,,,,,,,,0.8621508502286758,,False,False,False,False,
role_conditioned_ar_ppo_order_201,learning,medium,heterogeneity_pressure,1,1,206,1,207,38,1,missile,2-0-1,2,5,,True,True,True,3,0,1.0,3,3,1,0,True,False,,,,,,,,,0.469396008120974,,False,False,False,False,
role_conditioned_ar_ppo_order_201,learning,medium,heterogeneity_pressure,1,1,206,1,207,39,2,laser,2-0-1,0,5,,True,True,True,10,0,1.0,3,3,1,0,True,False,,,,,,,,,0.2744574436672168,,False,False,False,False,
role_conditioned_ar_ppo_order_201,learning,medium,heterogeneity_pressure,1,1,206,1,207,39,0,missile,2-0-1,1,5,,True,True,True,3,0,1.0,3,3,1,0,True,False,,,,,,,,,0.8719047296023732,,False,False,False,False,
role_conditioned_ar_ppo_order_201,learning,medium,heterogeneity_pressure,1,1,206,1,207,39,1,missile,2-0-1,2,5,,True,True,True,3,0,1.0,3,3,1,0,True,False,,,,,,,,,0.4911607825480814,,False,False,False,False,
role_conditioned_ar_ppo_order_201,learning,medium,heterogeneity_pressure,1,1,206,1,207,40,2,laser,2-0-1,0,5,,True,True,True,10,0,1.0,3,3,1,0,True,False,,,,,,,,,0.29079334472104407,,False,False,False,False,
role_conditioned_ar_ppo_order_201,learning,medium,heterogeneity_pressure,1,1,206,1,207,40,0,missile,2-0-1,1,5,,True,True,True,3,0,1.0,3,3,1,0,True,False,,,,,,,,,0.8523412996939987,,False,False,False,False,
role_conditioned_ar_ppo_order_201,learning,medium,heterogeneity_pressure,1,1,206,1,207,40,1,missile,2-0-1,2,5,,True,True,True,3,0,1.0,3,3,1,0,True,False,,,,,,,,,0.5129249778865984,,False,False,False,False,
role_conditioned_ar_ppo_order_201,learning,medium,heterogeneity_pressure,1,1,206,1,207,41,2,laser,2-0-1,0,5,,True,True,True,10,0,1.0,3,3,1,0,True,False,,,,,,,,,0.3056880774040604,,False,False,False,False,
role_conditioned_ar_ppo_order_201,learning,medium,heterogeneity_pressure,1,1,206,1,207,41,0,missile,2-0-1,1,5,,True,True,True,3,0,1.0,3,3,1,0,True,False,,,,,,,,,0.8319313875470717,,False,False,False,False,
role_conditioned_ar_ppo_order_201,learning,medium,heterogeneity_pressure,1,1,206,1,207,41,1,missile,2-0-1,2,5,,True,True,True,3,0,1.0,3,3,1,0,True,False,,,,,,,,,0.534688459015854,,False,False,False,False,
role_conditioned_ar_ppo_order_201,learning,medium,heterogeneity_pressure,1,1,206,1,207,42,2,laser,2-0-1,0,5,,True,True,True,10,0,1.0,3,3,1,0,True,False,,,,,,,,,0.3187069887091915,,False,False,False,False,
role_conditioned_ar_ppo_order_201,learning,medium,heterogeneity_pressure,1,1,206,1,207,42,0,missile,2-0-1,1,5,,True,True,True,3,0,1.0,3,3,1,0,True,False,,,,,,,,,0.8114477592140876,,False,False,False,False,
role_conditioned_ar_ppo_order_201,learning,medium,heterogeneity_pressure,1,1,206,1,207,42,1,missile,2-0-1,2,5,,True,True,True,3,0,1.0,3,3,1,0,True,False,,,,,,,,,0.5564508977856472,,False,False,False,False,
role_conditioned_ar_ppo_order_201,learning,medium,heterogeneity_pressure,1,1,206,1,207,43,2,laser,2-0-1,0,5,,True,True,True,10,0,1.0,2,2,0,0,True,False,,,,,,,,,0.12339739288973642,,False,False,False,False,
role_conditioned_ar_ppo_order_201,learning,medium,heterogeneity_pressure,1,1,206,1,207,43,0,missile,2-0-1,1,5,,True,True,True,3,0,1.0,2,2,0,0,True,False,,,,,,,,,0.4469190517883432,,False,False,False,False,
role_conditioned_ar_ppo_order_201,learning,medium,heterogeneity_pressure,1,1,206,1,207,43,1,missile,2-0-1,2,5,,True,True,True,3,0,1.0,2,2,0,0,True,False,,,,,,,,,0.3505456146566548,,False,False,False,False,
role_conditioned_ar_ppo_order_201,learning,medium,heterogeneity_pressure,1,1,206,1,207,44,2,laser,2-0-1,0,5,,True,True,True,10,0,1.0,2,2,0,0,True,False,,,,,,,,,0.12522496172130135,,False,False,False,False,
role_conditioned_ar_ppo_order_201,learning,medium,heterogeneity_pressure,1,1,206,1,207,44,0,missile,2-0-1,1,5,,True,True,True,3,0,1.0,2,2,0,0,True,False,,,,,,,,,0.4431618458172931,,False,False,False,False,
role_conditioned_ar_ppo_order_201,learning,medium,heterogeneity_pressure,1,1,206,1,207,44,1,missile,2-0-1,2,5,,True,True,True,3,0,1.0,2,2,0,0,True,False,,,,,,,,,0.3559487732108015,,False,False,False,False,
role_conditioned_ar_ppo_order_201,learning,medium,heterogeneity_pressure,1,1,206,1,207,45,2,laser,2-0-1,0,5,,True,True,True,10,0,1.0,2,2,0,0,True,False,,,,,,,,,0.12674045774032058,,False,False,False,False,
role_conditioned_ar_ppo_order_201,learning,medium,heterogeneity_pressure,1,1,206,1,207,45,0,missile,2-0-1,1,5,,True,True,True,3,0,1.0,2,2,0,0,True,False,,,,,,,,,0.43913110473728817,,False,False,False,False,
role_conditioned_ar_ppo_order_201,learning,medium,heterogeneity_pressure,1,1,206,1,207,45,1,missile,2-0-1,2,5,,True,True,True,3,0,1.0,2,2,0,0,True,False,,,,,,,,,0.36111539543972526,,False,False,False,False,
role_conditioned_ar_ppo_order_201,learning,medium,heterogeneity_pressure,1,1,206,1,207,46,2,laser,2-0-1,0,5,,True,True,True,10,0,1.0,2,2,0,0,True,False,,,,,,,,,0.12793568831765265,,False,False,False,False,
role_conditioned_ar_ppo_order_201,learning,medium,heterogeneity_pressure,1,1,206,1,207,46,0,missile,2-0-1,1,5,,True,True,True,3,0,1.0,2,2,0,0,True,False,,,,,,,,,0.4348520580843323,,False,False,False,False,
role_conditioned_ar_ppo_order_201,learning,medium,heterogeneity_pressure,1,1,206,1,207,46,1,missile,2-0-1,2,5,,True,True,True,3,0,1.0,2,2,0,0,True,False,,,,,,,,,0.3660100960765316,,False,False,False,False,
role_conditioned_ar_ppo_order_201,learning,medium,heterogeneity_pressure,1,1,206,1,207,47,2,laser,2-0-1,0,5,,True,True,True,10,0,1.0,2,2,0,0,True,False,,,,,,,,,0.12880400491781047,,False,False,False,False,
role_conditioned_ar_ppo_order_201,learning,medium,heterogeneity_pressure,1,1,206,1,207,47,0,missile,2-0-1,1,5,,True,True,True,3,0,1.0,2,2,0,0,True,False,,,,,,,,,0.4303481751942432,,False,False,False,False,
role_conditioned_ar_ppo_order_201,learning,medium,heterogeneity_pressure,1,1,206,1,207,47,1,missile,2-0-1,2,5,,True,True,True,3,0,1.0,2,2,0,0,True,False,,,,,,,,,0.37059255657080853,,False,False,False,False,
role_conditioned_ar_ppo_order_201,learning,medium,heterogeneity_pressure,1,1,206,1,207,48,2,laser,2-0-1,0,5,,True,True,True,10,0,1.0,2,2,0,0,True,False,,,,,,,,,0.1293404434711118,,False,False,False,False,
role_conditioned_ar_ppo_order_201,learning,medium,heterogeneity_pressure,1,1,206,1,207,48,0,missile,2-0-1,1,5,,True,True,True,3,0,1.0,2,2,0,0,True,False,,,,,,,,,0.42564111826398054,,False,False,False,False,
role_conditioned_ar_ppo_order_201,learning,medium,heterogeneity_pressure,1,1,206,1,207,48,1,missile,2-0-1,2,5,,True,True,True,3,0,1.0,2,2,0,0,True,False,,,,,,,,,0.3748175313096648,,False,False,False,False,
role_conditioned_ar_ppo_order_201,learning,medium,heterogeneity_pressure,1,1,206,1,207,49,2,laser,2-0-1,0,5,,True,True,True,10,0,1.0,2,2,0,0,True,False,,,,,,,,,0.12954187750693408,,False,False,False,False,
role_conditioned_ar_ppo_order_201,learning,medium,heterogeneity_pressure,1,1,206,1,207,49,0,missile,2-0-1,1,5,,True,True,True,3,0,1.0,2,2,0,0,True,False,,,,,,,,,0.420750636739635,,False,False,False,False,
role_conditioned_ar_ppo_order_201,learning,medium,heterogeneity_pressure,1,1,206,1,207,49,1,missile,2-0-1,2,5,,True,True,True,3,0,1.0,2,2,0,0,True,False,,,,,,,,,0.37863522088003926,,False,False,False,False,
