budget_multiplier,cost_prediction,fold,group_id,model_seed,objective,oracle_label,safety_prediction,scenario,score
0.7872164249420166,0.28471556305885315,2,task14u/seed8/medium/episode25/step23/unit0,20,standard,0,0.7883009910583496,medium,-0.7165821194648743
0.6554218530654907,0.2506730556488037,2,task14u/seed8/medium/episode25/step23/unit2,20,standard,1,3.4790682792663574,medium,0.02805936336517334
1.813514232635498,0.34552881121635437,1,task14u/seed8/medium/episode0/step26/unit2,20,standard,0,2.737297534942627,medium,-1.3764976263046265
0.670847475528717,0.16369964182376862,0,task14u/seed8/medium/episode18/step31/unit2,20,standard,0,3.2530860900878906,medium,0.3016475737094879
0.653200626373291,0.2577163875102997,2,task14u/seed8/medium/episode5/step12/unit2,20,standard,0,2.4662768840789795,medium,-0.18074780702590942
0.5558107495307922,0.22746877372264862,2,task14u/seed8/medium/episode21/step37/unit2,20,standard,0,4.780701637268066,medium,0.42278173565864563
0.6695305705070496,0.27638906240463257,2,task14u/seed8/medium/episode30/step17/unit2,20,standard,1,1.0914583206176758,medium,-0.5075961351394653
0.6252391338348389,0.1563352793455124,0,task14u/seed8/medium/episode20/step26/unit2,20,standard,1,4.655118942260742,medium,0.6067183017730713
5.0,0.1959918588399887,1,task14u/seed8/medium/episode1/step27/unit2,20,standard,0,1.204150915145874,medium,-2.7018356323242188
1.377772569656372,0.1145789697766304,1,task14u/seed8/medium/episode20/step18/unit1,20,standard,-1,9.287165641784668,medium,1.1878302097320557
0.14864976704120636,0.2920306324958801,1,task14u/seed8/medium/episode20/step18/unit2,20,standard,0,9.761713981628418,medium,1.6131954193115234
0.649644136428833,0.159932941198349,0,task14u/seed8/medium/episode35/step38/unit2,20,standard,0,4.995262145996094,medium,0.6539671421051025
0.6293467283248901,0.12329421937465668,0,task14u/seed8/medium/episode24/step30/unit2,20,standard,0,3.6106348037719727,medium,0.46534183621406555
5.0,0.27502134442329407,1,task14u/seed8/time_pressure/episode6/step1/unit0,20,standard,-1,1.804809808731079,time_pressure,-3.7707457542419434
5.0,0.16607311367988586,1,task14u/seed8/time_pressure/episode6/step1/unit1,20,standard,0,2.436436414718628,time_pressure,-2.0366270542144775
5.0,0.3238871991634369,1,task14u/seed8/time_pressure/episode12/step0/unit0,20,standard,0,2.1979568004608154,time_pressure,-4.427797794342041
5.0,0.251994788646698,1,task14u/seed8/time_pressure/episode12/step0/unit1,20,standard,0,3.6876065731048584,time_pressure,-3.0919957160949707
2.9011337757110596,0.3679954409599304,1,task14u/seed8/time_pressure/episode35/step22/unit2,20,standard,0,2.3830745220184326,time_pressure,-2.752272844314575
0.6149458289146423,0.26823094487190247,2,task14u/seed8/time_pressure/episode19/step23/unit2,20,standard,1,3.962724208831787,time_pressure,0.11778736114501953
0.8110077381134033,0.20901232957839966,0,task14u/seed8/time_pressure/episode4/step5/unit0,20,standard,-1,-2.942453145980835,time_pressure,-1.0651757717132568
0.8216738104820251,0.1825529783964157,0,task14u/seed8/time_pressure/episode4/step5/unit1,20,standard,0,-2.3370728492736816,time_pressure,-0.8913059234619141
0.1414964646100998,0.3996102213859558,1,task14u/seed8/time_pressure/episode33/step18/unit0,20,standard,-1,11.812884330749512,time_pressure,1.9402261972427368
1.2248116731643677,0.38218268752098083,1,task14u/seed8/time_pressure/episode27/step7/unit0,20,standard,0,4.894020080566406,time_pressure,-0.5197160243988037
0.09759528189897537,0.4119672477245331,1,task14u/seed8/time_pressure/episode27/step7/unit2,20,standard,1,7.786953926086426,time_pressure,1.270250678062439
0.596263587474823,0.14426657557487488,0,task14u/seed8/time_pressure/episode2/step25/unit2,20,standard,0,5.965659141540527,time_pressure,0.8931870460510254
0.6267906427383423,0.2244361937046051,2,task14u/seed8/time_pressure/episode15/step15/unit2,20,standard,1,3.216554880142212,time_pressure,0.06936001777648926
0.7563854455947876,0.2408270388841629,0,task14u/seed8/time_pressure/episode27/step12/unit0,20,standard,0,-0.7826557159423828,time_pressure,-0.687298059463501
0.7301176190376282,0.2167385369539261,0,task14u/seed8/time_pressure/episode27/step12/unit2,20,standard,1,1.020552158355713,time_pressure,-0.27021080255508423
0.8655855059623718,0.27902525663375854,2,task14u/seed8/time_pressure/episode22/step8/unit0,20,standard,0,-0.5650521516799927,time_pressure,-1.0419551134109497
0.8356532454490662,0.27068576216697693,2,task14u/seed8/time_pressure/episode22/step8/unit1,20,standard,-1,-0.12355407327413559,time_pressure,-0.8984902501106262
0.7522848844528198,0.25975313782691956,2,task14u/seed8/time_pressure/episode22/step8/unit2,20,standard,0,1.6852673292160034,time_pressure,-0.4344032406806946
0.6806086897850037,0.1891164779663086,0,task14u/seed8/heterogeneity_pressure/episode20/step29/unit0,20,standard,1,2.9361467361450195,heterogeneity_pressure,0.18503326177597046
0.6254769563674927,0.17038841545581818,0,task14u/seed8/heterogeneity_pressure/episode20/step29/unit2,20,standard,-1,5.386393070220947,heterogeneity_pressure,0.7212672233581543
0.6038998961448669,0.1992829591035843,2,task14u/seed8/heterogeneity_pressure/episode35/step28/unit2,20,standard,0,4.530930519104004,heterogeneity_pressure,0.39867112040519714
0.5635128021240234,0.09174519032239914,0,task14u/seed8/heterogeneity_pressure/episode16/step48/unit2,20,standard,0,7.68756628036499,heterogeneity_pressure,1.325320839881897
0.5698528289794922,0.15662389993667603,0,task14u/seed8/heterogeneity_pressure/episode12/step25/unit2,20,standard,1,7.410767078399658,heterogeneity_pressure,1.1614387035369873
5.0,0.11392346769571304,1,task14u/seed8/heterogeneity_pressure/episode21/step21/unit2,20,standard,0,-3.7810161113739014,heterogeneity_pressure,-2.3703064918518066
0.9544496536254883,0.23212765157222748,2,task14u/seed8/heterogeneity_pressure/episode4/step5/unit0,20,standard,0,-2.876328706741333,heterogeneity_pressure,-1.4055479764938354
0.8363977074623108,0.21075347065925598,2,task14u/seed8/heterogeneity_pressure/episode4/step5/unit2,20,standard,0,-0.806559145450592,heterogeneity_pressure,-0.835647463798523
0.6215720772743225,0.13629774749279022,0,task14u/seed8/heterogeneity_pressure/episode6/step38/unit2,20,standard,0,6.2466278076171875,heterogeneity_pressure,0.9510316848754883
2.0518243312835693,0.19067257642745972,1,task14u/seed8/heterogeneity_pressure/episode25/step17/unit2,20,standard,0,6.49053955078125,heterogeneity_pressure,-0.005934953689575195
5.0,0.2485746145248413,1,task14u/seed8/heterogeneity_pressure/episode11/step49/unit2,20,standard,0,-1.6377222537994385,heterogeneity_pressure,-3.9916329383850098
0.75241619348526,0.2134699523448944,0,task14u/seed8/heterogeneity_pressure/episode19/step11/unit0,20,standard,0,0.3404884934425354,heterogeneity_pressure,-0.4079269766807556
0.7584038376808167,0.2765454649925232,2,task14u/seed8/heterogeneity_pressure/episode30/step25/unit2,20,standard,0,1.147864818572998,heterogeneity_pressure,-0.5923071503639221
0.8171004056930542,0.2457231730222702,0,task14u/seed10/medium/episode30/step5/unit0,20,standard,0,-3.441657543182373,medium,-1.2532908916473389
0.8075530529022217,0.22912944853305817,0,task14u/seed10/medium/episode30/step5/unit1,20,standard,0,-2.6550309658050537,medium,-1.0556790828704834
5.0,0.09147150069475174,1,task14u/seed10/medium/episode33/step12/unit2,20,standard,-1,0.5367467999458313,medium,-1.2654814720153809
0.6964560151100159,0.17360594868659973,0,task14u/seed10/medium/episode32/step36/unit2,20,standard,0,1.6216402053833008,medium,-0.04463469982147217
0.8043527603149414,0.25720295310020447,2,task14u/seed10/medium/episode21/step6/unit1,20,standard,-1,-0.3374209702014923,medium,-0.864561140537262
0.6670135259628296,0.24862965941429138,2,task14u/seed10/medium/episode21/step6/unit2,20,standard,0,1.9316389560699463,medium,-0.2730427384376526
0.49686869978904724,0.18778008222579956,2,task14u/seed10/medium/episode35/step28/unit2,20,standard,0,5.621541976928711,medium,0.7112870216369629
0.6735017895698547,0.1762733906507492,0,task14u/seed10/medium/episode8/step13/unit2,20,standard,0,0.25922128558158875,medium,-0.30006659030914307
0.6438980102539062,0.1537112444639206,0,task14u/seed10/medium/episode13/step19/unit2,20,standard,0,4.8083977699279785,medium,0.6325637698173523
0.8473227620124817,0.23717060685157776,2,task14u/seed10/medium/episode19/step7/unit0,20,standard,-1,-0.9030561447143555,medium,-0.9495370984077454
0.7343136072158813,0.21772241592407227,2,task14u/seed10/medium/episode19/step7/unit2,20,standard,-1,1.346542477607727,medium,-0.3615719974040985
0.8331438899040222,0.29569318890571594,0,task14u/seed10/medium/episode9/step0/unit0,20,standard,0,-4.465562343597412,medium,-1.5844213962554932
0.8303868174552917,0.2771334946155548,0,task14u/seed10/medium/episode9/step0/unit1,20,standard,0,-3.9215807914733887,medium,-1.4320340156555176
0.7090774178504944,0.2884981036186218,2,task14u/seed10/medium/episode28/step24/unit2,20,standard,0,1.9660736322402954,medium,-0.41627317667007446
0.6364527344703674,0.20718984305858612,2,task14u/seed10/medium/episode17/step30/unit2,20,standard,0,2.9061777591705322,medium,0.04423171281814575
3.384680986404419,0.1746901571750641,1,task14u/seed10/time_pressure/episode32/step15/unit2,20,standard,0,4.284374713897705,time_pressure,-0.9951351881027222
5.0,0.3743555247783661,1,task14u/seed10/time_pressure/episode28/step12/unit0,20,standard,-1,0.29987943172454834,time_pressure,-5.517666816711426
4.86494779586792,0.3000694811344147,1,task14u/seed10/time_pressure/episode28/step12/unit1,20,standard,-1,1.4564026594161987,time_pressure,-4.085083484649658
2.3959832191467285,0.3695066571235657,1,task14u/seed10/time_pressure/episode28/step12/unit2,20,standard,0,5.039825916290283,time_pressure,-1.735541582107544
0.7077645659446716,0.2986511290073395,2,task14u/seed10/time_pressure/episode20/step18/unit2,20,standard,0,0.902840256690979,time_pressure,-0.6453890800476074
4.843515872955322,0.15384870767593384,1,task14u/seed10/time_pressure/episode27/step14/unit2,20,standard,0,4.322427749633789,time_pressure,-1.4464082717895508
0.5386725664138794,0.14940965175628662,2,task14u/seed10/time_pressure/episode1/step27/unit2,20,standard,0,6.004008769989014,time_pressure,0.8338170051574707
1.3588868379592896,0.29927557706832886,1,task14u/seed10/time_pressure/episode18/step12/unit2,20,standard,0,2.9305527210235596,time_pressure,-0.6873701810836792
0.6969363689422607,0.24582156538963318,2,task14u/seed10/time_pressure/episode30/step14/unit2,20,standard,0,1.9004262685775757,time_pressure,-0.30020231008529663
0.6725960969924927,0.14379264414310455,0,task14u/seed10/time_pressure/episode0/step17/unit2,20,standard,0,2.3631696701049805,time_pressure,0.16920703649520874
0.69666588306427,0.16906675696372986,0,task14u/seed10/time_pressure/episode27/step15/unit2,20,standard,0,0.5561102032661438,time_pressure,-0.24023641645908356
0.559524416923523,0.3309329152107239,1,task14u/seed10/time_pressure/episode8/step25/unit2,20,standard,0,6.3307294845581055,time_pressure,0.5788654685020447
0.841880738735199,0.24051804840564728,0,task14u/seed10/time_pressure/episode6/step3/unit0,20,standard,0,-4.566030025482178,time_pressure,-1.4744465351104736
0.825604259967804,0.2095983922481537,0,task14u/seed10/time_pressure/episode6/step3/unit1,20,standard,0,-3.464341163635254,time_pressure,-1.1759097576141357
5.0,0.10886311531066895,1,task14u/seed10/heterogeneity_pressure/episode12/step30/unit2,20,standard,0,-1.5908139944076538,heterogeneity_pressure,-1.9040608406066895
0.6589377522468567,0.26320740580558777,2,task14u/seed10/heterogeneity_pressure/episode28/step27/unit2,20,standard,0,1.3459558486938477,heterogeneity_pressure,-0.4141360819339752
0.9305495619773865,0.24944613873958588,2,task14u/seed10/heterogeneity_pressure/episode9/step4/unit1,20,standard,0,-2.3557026386260986,heterogeneity_pressure,-1.3471267223358154
0.8422887325286865,0.2440926879644394,2,task14u/seed10/heterogeneity_pressure/episode9/step4/unit2,20,standard,0,-0.6220995187759399,heterogeneity_pressure,-0.9138849973678589
0.6875123381614685,0.163184255361557,0,task14u/seed10/heterogeneity_pressure/episode16/step10/unit2,20,standard,0,1.1322773694992065,heterogeneity_pressure,-0.11300623416900635
0.6588752269744873,0.18738999962806702,2,task14u/seed10/heterogeneity_pressure/episode19/step13/unit2,20,standard,0,2.774726629257202,heterogeneity_pressure,0.05165091156959534
0.033750079572200775,0.05796043202280998,1,task14u/seed10/heterogeneity_pressure/episode31/step34/unit2,20,standard,0,17.462379455566406,heterogeneity_pressure,3.1110990047454834
0.6677793860435486,0.1676831841468811,0,task14u/seed10/heterogeneity_pressure/episode12/step24/unit2,20,standard,0,2.0486364364624023,heterogeneity_pressure,0.06377071142196655
0.6357563138008118,0.12832379341125488,0,task14u/seed10/heterogeneity_pressure/episode16/step29/unit2,20,standard,0,3.5316131114959717,heterogeneity_pressure,0.43839940428733826
0.7477480173110962,0.22688935697078705,0,task14u/seed10/heterogeneity_pressure/episode16/step7/unit0,20,standard,0,-1.6225382089614868,heterogeneity_pressure,-0.8118928670883179
0.7080020308494568,0.19661715626716614,0,task14u/seed10/heterogeneity_pressure/episode16/step7/unit2,20,standard,0,0.8347066640853882,heterogeneity_pressure,-0.2498210221529007
0.6722981929779053,0.22305665910243988,2,task14u/seed10/heterogeneity_pressure/episode10/step24/unit2,20,standard,0,3.0375359058380127,heterogeneity_pressure,-0.0007015466690063477
0.8959637880325317,0.28042250871658325,0,task14u/seed10/heterogeneity_pressure/episode9/step1/unit0,20,standard,0,-6.365069389343262,heterogeneity_pressure,-1.9639630317687988
0.876848578453064,0.2638995945453644,0,task14u/seed10/heterogeneity_pressure/episode9/step1/unit1,20,standard,0,-5.928594589233398,heterogeneity_pressure,-1.8215672969818115
0.46185001730918884,0.12111689150333405,2,task14b/seed8/medium/episode26/step38/unit2,20,standard,1,7.826785087585449,medium,1.2764062881469727
0.0850508064031601,0.17340241372585297,1,task14b/seed8/medium/episode15/step27/unit2,20,standard,1,10.687637329101562,medium,1.8637775182724
3.2025182247161865,0.08916574716567993,1,task14b/seed8/medium/episode40/step32/unit2,20,standard,1,8.224937438964844,medium,0.618166983127594
0.18383929133415222,0.08741623908281326,1,task14b/seed8/medium/episode28/step33/unit2,20,standard,1,12.043588638305664,medium,2.101869583129883
0.708373486995697,0.2546193599700928,2,task14b/seed8/medium/episode46/step31/unit0,20,standard,-1,1.6110750436782837,medium,-0.3903692364692688
0.6083067655563354,0.23658739030361176,2,task14b/seed8/medium/episode46/step31/unit2,20,standard,1,3.7789885997772217,medium,0.16408616304397583
0.6626384258270264,0.19108711183071136,0,task14b/seed8/medium/episode42/step20/unit2,20,standard,1,2.13482666015625,medium,0.037172406911849976
0.7172010540962219,0.1946752667427063,0,task14b/seed8/medium/episode32/step24/unit2,20,standard,1,-0.5162762403488159,medium,-0.510730504989624
5.0,0.2659035325050354,1,task14b/seed8/medium/episode30/step38/unit2,20,standard,1,-8.963296890258789,medium,-5.557091236114502
0.46961116790771484,0.12482371181249619,2,task14b/seed8/medium/episode26/step35/unit2,20,standard,1,7.603733062744141,medium,1.2234954833984375
0.5909948348999023,0.11961787194013596,0,task14b/seed8/medium/episode39/step28/unit2,20,standard,1,5.3794050216674805,medium,0.8256711363792419
0.6347616314888,0.13325639069080353,0,task14b/seed8/medium/episode28/step30/unit2,20,standard,1,4.147914886474609,medium,0.5480123162269592
0.6570359468460083,0.10592065751552582,0,task14b/seed8/medium/episode15/step24/unit2,20,standard,1,4.460955619812012,medium,0.6523699760437012
3.504112482070923,0.28121158480644226,1,task14b/seed8/medium/episode46/step27/unit0,20,standard,0,6.221524715423584,medium,-1.8224518299102783
0.41177302598953247,0.30020198225975037,1,task14b/seed8/medium/episode46/step27/unit2,20,standard,1,8.489304542541504,medium,1.147355556488037
0.5703728199005127,0.194013774394989,2,task14b/seed8/medium/episode8/step25/unit2,20,standard,0,5.176986217498779,medium,0.5593584775924683
0.6788925528526306,0.17962965369224548,0,task14b/seed8/time_pressure/episode15/step17/unit1,20,standard,-1,2.6421523094177246,time_pressure,0.1484602391719818
0.665235698223114,0.17875638604164124,0,task14b/seed8/time_pressure/episode15/step17/unit2,20,standard,1,3.822761297225952,time_pressure,0.384336918592453
0.6570056080818176,0.1847246289253235,0,task14b/seed8/time_pressure/episode36/step32/unit2,20,standard,1,4.4619574546813965,time_pressure,0.49998146295547485
0.5000802278518677,0.16252027451992035,2,task14b/seed8/time_pressure/episode17/step37/unit2,20,standard,1,6.523440361022949,time_pressure,0.9298292398452759
0.6012061238288879,0.23692309856414795,2,task14b/seed8/time_pressure/episode15/step24/unit0,20,standard,1,4.498697757720947,time_pressure,0.30707043409347534
0.516326904296875,0.21053098142147064,2,task14b/seed8/time_pressure/episode15/step24/unit2,20,standard,1,6.6491780281066895,time_pressure,0.8477145433425903
0.9942275285720825,0.2629571557044983,1,task14b/seed8/time_pressure/episode34/step27/unit2,20,standard,1,5.35942268371582,time_pressure,0.17846959829330444
0.6813511252403259,0.16006043553352356,0,task14b/seed8/time_pressure/episode38/step24/unit0,20,standard,0,2.850759983062744,time_pressure,0.22655344009399414
0.6750161051750183,0.14157265424728394,0,task14b/seed8/time_pressure/episode38/step24/unit2,20,standard,1,3.8036179542541504,time_pressure,0.4494783580303192
0.7565956115722656,0.21849443018436432,0,task14b/seed8/time_pressure/episode28/step19/unit0,20,standard,0,0.33499854803085327,time_pressure,-0.4228155016899109
0.7537107467651367,0.19824881851673126,0,task14b/seed8/time_pressure/episode28/step19/unit1,20,standard,0,0.8582764267921448,time_pressure,-0.27540186047554016
0.7028284668922424,0.18614721298217773,0,task14b/seed8/time_pressure/episode28/step19/unit2,20,standard,0,2.9522106647491455,time_pressure,0.1818869709968567
0.11293642222881317,0.1671905815601349,1,task14b/seed8/time_pressure/episode46/step29/unit2,20,standard,1,14.368103981018066,time_pressure,2.5084128379821777
0.5722280144691467,0.18700353801250458,2,task14b/seed8/time_pressure/episode39/step15/unit2,20,standard,1,4.310268402099609,time_pressure,0.40817680954933167
0.62054842710495,0.2010406255722046,2,task14b/seed8/time_pressure/episode21/step23/unit2,20,standard,1,3.4990715980529785,time_pressure,0.18481719493865967
0.6371318101882935,0.15118718147277832,0,task14b/seed8/time_pressure/episode47/step21/unit2,20,standard,1,4.604849815368652,time_pressure,0.6012428998947144
5.0,0.35511016845703125,1,task14b/seed8/time_pressure/episode3/step0/unit0,20,standard,0,2.7511179447174072,time_pressure,-4.79372501373291
5.0,0.3077438175678253,1,task14b/seed8/time_pressure/episode3/step0/unit1,20,standard,0,0.49201700091362,time_pressure,-4.4920501708984375
0.6570958495140076,0.14532415568828583,0,task14b/seed8/time_pressure/episode14/step20/unit2,20,standard,0,2.2224037647247314,time_pressure,0.14575213193893433
0.5588290095329285,0.22078721225261688,2,task14b/seed8/time_pressure/episode44/step45/unit2,20,standard,1,4.84445333480835,time_pressure,0.44672757387161255
3.887723922729492,0.09098221361637115,1,task14b/seed8/heterogeneity_pressure/episode21/step26/unit0,20,standard,0,10.079141616821289,heterogeneity_pressure,0.7462613582611084
1.210405707359314,0.08983165770769119,1,task14b/seed8/heterogeneity_pressure/episode21/step26/unit2,20,standard,0,13.785683631896973,heterogeneity_pressure,2.1370208263397217
0.7523737549781799,0.13858351111412048,1,task14b/seed8/heterogeneity_pressure/episode14/step39/unit2,20,standard,0,6.523990154266357,heterogeneity_pressure,0.8541488647460938
0.5147179961204529,0.18237245082855225,2,task14b/seed8/heterogeneity_pressure/episode42/step28/unit2,20,standard,1,6.945714950561523,heterogeneity_pressure,0.9616427421569824
0.6106474995613098,0.13847529888153076,0,task14b/seed8/heterogeneity_pressure/episode13/step37/unit2,20,standard,1,5.360087871551514,heterogeneity_pressure,0.7810918688774109
5.0,0.2900083065032959,1,task14b/seed8/heterogeneity_pressure/episode26/step31/unit2,20,standard,1,-7.020927906036377,heterogeneity_pressure,-5.569120407104492
0.6202341318130493,0.14206793904304504,0,task14b/seed8/heterogeneity_pressure/episode31/step37/unit2,20,standard,0,4.565153121948242,heterogeneity_pressure,0.6178113222122192
0.760831892490387,0.303139865398407,2,task14b/seed8/heterogeneity_pressure/episode5/step18/unit0,20,standard,0,0.4691816568374634,heterogeneity_pressure,-0.8026101589202881
0.6951335668563843,0.29563644528388977,2,task14b/seed8/heterogeneity_pressure/episode5/step18/unit2,20,standard,0,1.6994996070861816,heterogeneity_pressure,-0.47074902057647705
0.6558054685592651,0.12860849499702454,0,task14b/seed8/heterogeneity_pressure/episode41/step27/unit2,20,standard,1,3.4811346530914307,heterogeneity_pressure,0.4205637574195862
5.0,0.18585656583309174,1,task14b/seed8/heterogeneity_pressure/episode6/step25/unit2,20,standard,0,-2.333019495010376,heterogeneity_pressure,-3.182363271713257
0.597216010093689,0.1256168931722641,0,task14b/seed8/heterogeneity_pressure/episode30/step32/unit2,20,standard,1,4.6263813972473145,heterogeneity_pressure,0.668174147605896
0.6282116770744324,0.21075652539730072,2,task14b/seed8/heterogeneity_pressure/episode31/step29/unit2,20,standard,0,3.3301517963409424,heterogeneity_pressure,0.12303227186203003
0.5206208229064941,0.14076705276966095,2,task14b/seed8/heterogeneity_pressure/episode33/step49/unit2,20,standard,1,6.494689464569092,heterogeneity_pressure,0.9552385807037354
5.0,0.2507060468196869,1,task14b/seed8/heterogeneity_pressure/episode29/step0/unit0,20,standard,0,-2.2361934185028076,heterogeneity_pressure,-4.130176544189453
0.46937984228134155,0.10408980399370193,2,task14b/seed8/heterogeneity_pressure/episode43/step49/unit2,20,standard,0,7.4271321296691895,heterogeneity_pressure,1.2275679111480713
5.0,0.05081640183925629,1,task14b/seed10/medium/episode9/step27/unit2,20,standard,0,0.7590872645378113,medium,-0.6207621693611145
0.653904378414154,0.12641024589538574,0,task14b/seed10/medium/episode20/step25/unit2,20,standard,0,2.598496675491333,medium,0.25586169958114624
5.0,0.26627957820892334,1,task14b/seed10/medium/episode33/step0/unit0,20,standard,0,1.9162582159042358,medium,-3.6207573413848877
5.0,0.24857711791992188,1,task14b/seed10/medium/episode33/step0/unit1,20,standard,0,-1.791458249092102,medium,-4.019111156463623
0.07723605632781982,0.1648104339838028,1,task14b/seed10/medium/episode27/step20/unit2,20,standard,0,10.009187698364258,medium,1.7486873865127563
0.6456637978553772,0.1278095245361328,0,task14b/seed10/medium/episode44/step25/unit2,20,standard,0,2.8658692836761475,medium,0.3076629638671875
5.0,0.18356944620609283,1,task14b/seed10/medium/episode44/step4/unit0,20,standard,-1,-2.350001573562622,medium,-3.151357412338257
5.0,0.18287725746631622,1,task14b/seed10/medium/episode44/step4/unit1,20,standard,0,-4.65760612487793,medium,-3.552948474884033
5.0,0.3458641469478607,1,task14b/seed10/medium/episode28/step4/unit0,20,standard,0,0.5071718096733093,medium,-5.056654453277588
5.0,0.4416023790836334,1,task14b/seed10/medium/episode28/step4/unit2,20,standard,0,-3.786978006362915,medium,-7.247918128967285
1.080273151397705,0.3400596082210541,2,task14b/seed10/medium/episode44/step0/unit0,20,standard,0,-5.753779411315918,medium,-2.5183095932006836
1.0796499252319336,0.32917508482933044,2,task14b/seed10/medium/episode44/step0/unit1,20,standard,0,-5.4752421379089355,medium,-2.4189114570617676
0.4526333212852478,0.09823475033044815,1,task14b/seed10/medium/episode39/step28/unit2,20,standard,1,6.425850868225098,medium,1.0146281719207764
0.6393852829933167,0.13736169040203094,0,task14b/seed10/medium/episode2/step30/unit2,20,standard,0,5.403364658355713,medium,0.7797807455062866
5.0,0.29209771752357483,1,task14b/seed10/medium/episode12/step4/unit0,20,standard,0,-3.7831807136535645,medium,-5.0222978591918945
5.0,0.21968096494674683,1,task14b/seed10/medium/episode12/step4/unit1,20,standard,0,-2.1414976119995117,medium,-3.6515557765960693
0.6575841307640076,0.27238088846206665,2,task14b/seed10/medium/episode24/step20/unit2,20,standard,0,2.356163740158081,medium,-0.2434179186820984
0.8187318444252014,0.24106459319591522,2,task14b/seed10/medium/episode35/step7/unit1,20,standard,0,0.02447045035660267,medium,-0.7587370872497559
0.7020420432090759,0.2213122546672821,2,task14b/seed10/medium/episode35/step7/unit2,20,standard,0,2.3235321044921875,medium,-0.15780574083328247
0.5778023600578308,0.10793277621269226,0,task14b/seed10/medium/episode22/step46/unit2,20,standard,0,6.883439064025879,medium,1.139323353767395
0.5440033078193665,0.1517694592475891,2,task14b/seed10/time_pressure/episode44/step22/unit2,20,standard,0,5.964897155761719,time_pressure,0.8183112740516663
0.6881473660469055,0.32743045687675476,1,task14b/seed10/time_pressure/episode18/step26/unit2,20,standard,0,2.445988655090332,time_pressure,-0.23405462503433228
0.6883788108825684,0.13818375766277313,0,task14b/seed10/time_pressure/episode31/step21/unit2,20,standard,1,1.953704595565796,time_pressure,0.09519118070602417
0.614326536655426,0.20772354304790497,2,task14b/seed10/time_pressure/episode41/step18/unit2,20,standard,0,4.740726947784424,time_pressure,0.4105914533138275
0.8201801180839539,0.28368011116981506,2,task14b/seed10/time_pressure/episode28/step8/unit0,20,standard,0,-1.175626277923584,time_pressure,-1.1241707801818848
0.7027311325073242,0.2508225739002228,2,task14b/seed10/time_pressure/episode28/step8/unit2,20,standard,0,1.0227547883987427,time_pressure,-0.4867001175880432
0.5990434885025024,0.24196232855319977,2,task14b/seed10/time_pressure/episode16/step22/unit2,20,standard,0,3.736518144607544,time_pressure,0.15200871229171753
0.4021105170249939,0.1133975014090538,1,task14b/seed10/time_pressure/episode26/step20/unit2,20,standard,0,4.3905487060546875,time_pressure,0.6479647159576416
0.6020486354827881,0.09378430992364883,0,task14b/seed10/time_pressure/episode5/step22/unit2,20,standard,0,5.638810157775879,time_pressure,0.9174746870994568
0.616270899772644,0.14483627676963806,0,task14b/seed10/time_pressure/episode47/step24/unit2,20,standard,0,4.532000541687012,time_pressure,0.6080701351165771
0.5622491240501404,0.15511998534202576,2,task14b/seed10/time_pressure/episode44/step19/unit2,20,standard,0,5.556791305541992,time_pressure,0.7224775552749634
5.0,0.3065009117126465,1,task14b/seed10/time_pressure/episode41/step12/unit0,20,standard,-1,4.311469554901123,time_pressure,-3.7918052673339844
0.6555382609367371,0.11301617324352264,0,task14b/seed10/time_pressure/episode3/step24/unit2,20,standard,1,2.9234375953674316,time_pressure,0.3435899615287781
0.6791122555732727,0.14737987518310547,0,task14b/seed10/time_pressure/episode12/step18/unit2,20,standard,0,2.183135747909546,time_pressure,0.12465998530387878
0.872278094291687,0.26960936188697815,0,task14b/seed10/time_pressure/episode30/step0/unit1,20,standard,0,-5.713024139404297,time_pressure,-1.7912545204162598
0.8387681841850281,0.21584059298038483,2,task14b/seed10/heterogeneity_pressure/episode18/step5/unit0,20,standard,0,-0.8398279547691345,heterogeneity_pressure,-0.8604292273521423
0.8187640309333801,0.19908039271831512,2,task14b/seed10/heterogeneity_pressure/episode18/step5/unit1,20,standard,0,-0.1629420667886734,heterogeneity_pressure,-0.6615505814552307
0.7438400983810425,0.18808506429195404,2,task14b/seed10/heterogeneity_pressure/episode18/step5/unit2,20,standard,0,1.2561246156692505,heterogeneity_pressure,-0.3015691637992859
5.0,0.159772589802742,1,task14b/seed10/heterogeneity_pressure/episode10/step4/unit0,20,standard,0,-3.536892890930176,heterogeneity_pressure,-3.0090627670288086
5.0,-0.012328645214438438,1,task14b/seed10/heterogeneity_pressure/episode10/step4/unit1,20,standard,1,0.09656589478254318,heterogeneity_pressure,0.017236385494470596
5.0,0.0943375900387764,1,task14b/seed10/heterogeneity_pressure/episode10/step4/unit2,20,standard,0,-0.703424334526062,heterogeneity_pressure,-1.5294973850250244
1.0052953958511353,0.30449578166007996,2,task14b/seed10/heterogeneity_pressure/episode10/step0/unit0,20,standard,0,-3.627753734588623,heterogeneity_pressure,-1.8759139776229858
0.9335445165634155,0.2802940011024475,2,task14b/seed10/heterogeneity_pressure/episode10/step0/unit1,20,standard,1,-2.680476427078247,heterogeneity_pressure,-1.5233476161956787
5.0,0.17762643098831177,1,task14b/seed10/heterogeneity_pressure/episode40/step5/unit0,20,standard,0,-0.42587733268737793,heterogeneity_pressure,-2.7194693088531494
5.0,0.11548034101724625,1,task14b/seed10/heterogeneity_pressure/episode40/step5/unit1,20,standard,0,-2.2568817138671875,heterogeneity_pressure,-2.1214277744293213
5.0,0.2453664243221283,1,task14b/seed10/heterogeneity_pressure/episode21/step5/unit0,20,standard,0,-2.3764710426330566,heterogeneity_pressure,-4.075750350952148
5.0,0.14061321318149567,1,task14b/seed10/heterogeneity_pressure/episode21/step5/unit1,20,standard,0,-1.4860639572143555,heterogeneity_pressure,-2.3578715324401855
5.0,0.29768532514572144,1,task14b/seed10/heterogeneity_pressure/episode21/step5/unit2,20,standard,-1,-3.365471124649048,heterogeneity_pressure,-5.030895233154297
0.9642618298530579,0.2597753703594208,2,task14b/seed10/heterogeneity_pressure/episode8/step6/unit0,20,standard,0,-2.1706738471984863,heterogeneity_pressure,-1.3828890323638916
0.9951972365379333,0.2631669044494629,2,task14b/seed10/heterogeneity_pressure/episode8/step6/unit1,20,standard,-1,-2.757396936416626,heterogeneity_pressure,-1.5389312505722046
0.8592634797096252,0.25655025243759155,2,task14b/seed10/heterogeneity_pressure/episode8/step6/unit2,20,standard,0,-0.6094992756843567,heterogeneity_pressure,-0.9689119458198547
5.0,0.23028446733951569,1,task14b/seed10/heterogeneity_pressure/episode40/step2/unit0,20,standard,0,-0.16322948038578033,heterogeneity_pressure,-3.456249952316284
0.5036172270774841,0.15757687389850616,2,task14b/seed10/heterogeneity_pressure/episode32/step32/unit2,20,standard,1,5.825514316558838,heterogeneity_pressure,0.804122805595398
0.8040214776992798,0.2549019753932953,0,task14b/seed10/heterogeneity_pressure/episode8/step3/unit0,20,standard,0,-4.294378757476807,heterogeneity_pressure,-1.4294779300689697
5.0,0.3335533142089844,1,task14b/seed10/heterogeneity_pressure/episode4/step6/unit0,20,standard,0,1.3488452434539795,heterogeneity_pressure,-4.72321081161499
0.786568820476532,0.20313529670238495,0,task14b/seed10/heterogeneity_pressure/episode27/step5/unit0,20,standard,0,-2.911248207092285,heterogeneity_pressure,-1.0304992198944092
0.7773367166519165,0.1735864281654358,0,task14b/seed10/heterogeneity_pressure/episode27/step5/unit1,20,standard,-1,-2.8142764568328857,heterogeneity_pressure,-0.9386367797851562
0.7572412490844727,0.1786927580833435,0,task14b/seed10/heterogeneity_pressure/episode27/step5/unit2,20,standard,0,-1.7581868171691895,heterogeneity_pressure,-0.7367523908615112
0.8633819222450256,0.29051268100738525,0,task14b/seed10/heterogeneity_pressure/episode2/step2/unit0,20,standard,0,-5.384900093078613,heterogeneity_pressure,-1.7743041515350342
0.8285834789276123,0.2661435902118683,0,task14b/seed10/heterogeneity_pressure/episode2/step2/unit2,20,standard,0,-3.367246389389038,heterogeneity_pressure,-1.2971704006195068
5.0,0.18978333473205566,1,task14b/seed10/heterogeneity_pressure/episode5/step6/unit0,20,standard,0,-1.2630739212036133,heterogeneity_pressure,-3.049823522567749
5.0,0.08977102488279343,1,task14b/seed10/heterogeneity_pressure/episode5/step6/unit1,20,standard,0,-1.7030134201049805,heterogeneity_pressure,-1.6399574279785156
0.6321038603782654,0.13988809287548065,0,task14b/seed10/heterogeneity_pressure/episode36/step49/unit2,20,standard,0,4.000528335571289,heterogeneity_pressure,0.5083711743354797
0.589464545249939,0.20794297754764557,2,task14u/seed8/medium/episode25/step23/unit0,20,scenario_robust,0,1.2844693660736084,medium,-0.22913093864917755
0.5701669454574585,0.18835051357746124,2,task14u/seed8/medium/episode25/step23/unit2,20,scenario_robust,1,2.6403892040252686,medium,0.08820793032646179
0.7836156487464905,0.2674042880535126,1,task14u/seed8/medium/episode0/step26/unit2,20,scenario_robust,0,5.192975044250488,medium,0.30322712659835815
0.9960713982582092,0.23928551375865936,0,task14u/seed8/medium/episode18/step31/unit2,20,scenario_robust,0,1.592442274093628,medium,-0.3963567912578583
0.5523381233215332,0.19359682500362396,2,task14u/seed8/medium/episode5/step12/unit2,20,scenario_robust,0,2.0000293254852295,medium,-0.03214472532272339
0.5407450199127197,0.1775570511817932,2,task14u/seed8/medium/episode21/step37/unit2,20,scenario_robust,0,2.999145030975342,medium,0.20064184069633484
0.5437605381011963,0.19075872004032135,2,task14u/seed8/medium/episode30/step17/unit2,20,scenario_robust,1,1.4077895879745483,medium,-0.13270792365074158
0.7718793749809265,0.22416187822818756,0,task14u/seed8/medium/episode20/step26/unit2,20,scenario_robust,1,2.9405674934387207,medium,0.05528753995895386
1.4459182024002075,0.15654774010181427,1,task14u/seed8/medium/episode1/step27/unit2,20,scenario_robust,0,-0.7296184301376343,medium,-0.8039600253105164
0.6743432879447937,0.14812177419662476,1,task14u/seed8/medium/episode20/step18/unit1,20,scenario_robust,-1,7.3820343017578125,medium,1.02034592628479
0.5140383243560791,0.19597144424915314,1,task14u/seed8/medium/episode20/step18/unit2,20,scenario_robust,0,6.584273815155029,medium,0.8754152059555054
0.774853527545929,0.2189372330904007,0,task14u/seed8/medium/episode35/step38/unit2,20,scenario_robust,0,5.643437385559082,medium,0.5847947001457214
0.7147567868232727,0.09832973033189774,0,task14u/seed8/medium/episode24/step30/unit2,20,scenario_robust,0,5.63734769821167,medium,0.8764657974243164
2.4053356647491455,0.346466064453125,1,task14u/seed8/time_pressure/episode6/step1/unit0,20,scenario_robust,-1,-0.5291508436203003,time_pressure,-2.574899435043335
1.8792672157287598,0.24752168357372284,1,task14u/seed8/time_pressure/episode6/step1/unit1,20,scenario_robust,0,3.7369143962860107,time_pressure,-0.717494010925293
2.5529932975769043,0.40101906657218933,1,task14u/seed8/time_pressure/episode12/step0/unit0,20,scenario_robust,0,-0.7745718955993652,time_pressure,-3.1855101585388184
2.3864731788635254,0.34503474831581116,1,task14u/seed8/time_pressure/episode12/step0/unit1,20,scenario_robust,0,1.4235156774520874,time_pressure,-2.196742534637451
1.6855794191360474,0.41132649779319763,1,task14u/seed8/time_pressure/episode35/step22/unit2,20,scenario_robust,0,0.44310319423675537,time_pressure,-1.984529733657837
0.5584091544151306,0.19170230627059937,2,task14u/seed8/time_pressure/episode19/step23/unit2,20,scenario_robust,1,2.5787694454193115,time_pressure,0.0777817964553833
1.3173037767410278,0.20362426340579987,0,task14u/seed8/time_pressure/episode4/step5/unit0,20,scenario_robust,-1,-2.0329697132110596,time_pressure,-1.181317687034607
1.1934614181518555,0.11800815910100937,0,task14u/seed8/time_pressure/episode4/step5/unit1,20,scenario_robust,0,-0.043501436710357666,time_pressure,-0.42344093322753906
0.7184450626373291,0.38892877101898193,1,task14u/seed8/time_pressure/episode33/step18/unit0,20,scenario_robust,-1,6.241631984710693,time_pressure,0.2824082374572754
1.3535182476043701,0.30218368768692017,1,task14u/seed8/time_pressure/episode27/step7/unit0,20,scenario_robust,0,5.125357151031494,time_pressure,-0.30254530906677246
0.8189751505851746,0.23410958051681519,1,task14u/seed8/time_pressure/episode27/step7/unit2,20,scenario_robust,1,7.2701311111450195,time_pressure,0.727002739906311
0.6071751713752747,0.21403929591178894,0,task14u/seed8/time_pressure/episode2/step25/unit2,20,scenario_robust,0,8.577754974365234,time_pressure,1.2657837867736816
0.5521975159645081,0.18340378999710083,2,task14u/seed8/time_pressure/episode15/step15/unit2,20,scenario_robust,1,2.1386797428131104,time_pressure,0.01617571711540222
1.2362523078918457,0.323333740234375,0,task14u/seed8/time_pressure/episode27/step12/unit0,20,scenario_robust,0,-1.3029447793960571,time_pressure,-1.4285130500793457
1.09933602809906,0.28583651781082153,0,task14u/seed8/time_pressure/episode27/step12/unit2,20,scenario_robust,1,-0.06534142792224884,time_pressure,-0.9386615753173828
0.6226665377616882,0.20939230918884277,2,task14u/seed8/time_pressure/episode22/step8/unit0,20,scenario_robust,0,-0.28571030497550964,time_pressure,-0.5588001608848572
0.6086928844451904,0.20769040286540985,2,task14u/seed8/time_pressure/episode22/step8/unit1,20,scenario_robust,-1,-0.2497887760400772,time_pressure,-0.536624550819397
0.6064212918281555,0.19935785233974457,2,task14u/seed8/time_pressure/episode22/step8/unit2,20,scenario_robust,0,0.8611391186714172,time_pressure,-0.30337220430374146
0.805466890335083,0.25045713782310486,0,task14u/seed8/heterogeneity_pressure/episode20/step29/unit0,20,scenario_robust,1,7.260655879974365,heterogeneity_pressure,0.8010757565498352
0.6032651662826538,0.22196853160858154,0,task14u/seed8/heterogeneity_pressure/episode20/step29/unit2,20,scenario_robust,-1,9.900071144104004,heterogeneity_pressure,1.5083255767822266
0.5775841474533081,0.14622539281845093,2,task14u/seed8/heterogeneity_pressure/episode35/step28/unit2,20,scenario_robust,0,3.302277088165283,heterogeneity_pressure,0.3031534254550934
0.4696277976036072,0.08668264001607895,0,task14u/seed8/heterogeneity_pressure/episode16/step48/unit2,20,scenario_robust,0,9.913714408874512,heterogeneity_pressure,1.785619854927063
0.5390851497650146,0.28901419043540955,0,task14u/seed8/heterogeneity_pressure/episode12/step25/unit2,20,scenario_robust,1,8.96028995513916,heterogeneity_pressure,1.2631466388702393
1.9195629358291626,0.07369083911180496,1,task14u/seed8/heterogeneity_pressure/episode21/step21/unit2,20,scenario_robust,0,-3.0566294193267822,heterogeneity_pressure,-0.9666153788566589
0.5910136699676514,0.208284392952919,2,task14u/seed8/heterogeneity_pressure/episode4/step5/unit0,20,scenario_robust,0,-1.3042821884155273,heterogeneity_pressure,-0.7248992919921875
0.5801123976707458,0.19005155563354492,2,task14u/seed8/heterogeneity_pressure/episode4/step5/unit2,20,scenario_robust,0,-0.13625822961330414,heterogeneity_pressure,-0.4524329900741577
0.6748499870300293,0.23691445589065552,0,task14u/seed8/heterogeneity_pressure/episode6/step38/unit2,20,scenario_robust,0,6.293956279754639,heterogeneity_pressure,0.7386085987091064
1.3255386352539062,0.30919545888900757,1,task14u/seed8/heterogeneity_pressure/episode25/step17/unit2,20,scenario_robust,0,2.9026057720184326,heterogeneity_pressure,-0.7017903923988342
1.4965169429779053,0.2466132938861847,1,task14u/seed8/heterogeneity_pressure/episode11/step49/unit2,20,scenario_robust,0,-1.7951401472091675,heterogeneity_pressure,-1.418900728225708
1.029475450515747,0.25666171312332153,0,task14u/seed8/heterogeneity_pressure/episode19/step11/unit0,20,scenario_robust,0,3.933765172958374,heterogeneity_pressure,-0.022589921951293945
0.6053082346916199,0.19596783816814423,2,task14u/seed8/heterogeneity_pressure/episode30/step25/unit2,20,scenario_robust,0,1.7334986925125122,heterogeneity_pressure,-0.1281953752040863
1.4326496124267578,0.27483129501342773,0,task14u/seed10/medium/episode30/step5/unit0,20,scenario_robust,0,-3.71577787399292,medium,-1.8746641874313354
1.2390016317367554,0.20286522805690765,0,task14u/seed10/medium/episode30/step5/unit1,20,scenario_robust,0,-0.30753958225250244,medium,-0.7998960018157959
1.7400834560394287,0.10433938354253769,1,task14u/seed10/medium/episode33/step12/unit2,20,scenario_robust,-1,-1.589218258857727,medium,-0.824061393737793
1.0493260622024536,0.18958328664302826,0,task14u/seed10/medium/episode32/step36/unit2,20,scenario_robust,0,-0.025779765099287033,medium,-0.591256856918335
0.5832570195198059,0.21702811121940613,2,task14u/seed10/medium/episode21/step6/unit1,20,scenario_robust,-1,-0.5718690752983093,medium,-0.5986860394477844
0.5508184432983398,0.2119879275560379,2,task14u/seed10/medium/episode21/step6/unit2,20,scenario_robust,0,0.706749677658081,medium,-0.31685149669647217
0.5242052674293518,0.14824913442134857,2,task14u/seed10/medium/episode35/step28/unit2,20,scenario_robust,0,3.042802572250366,medium,0.2797522246837616
1.1165449619293213,0.2304762452840805,0,task14u/seed10/medium/episode8/step13/unit2,20,scenario_robust,0,-2.9443299770355225,medium,-1.324379324913025
0.7737088203430176,0.23134754598140717,0,task14u/seed10/medium/episode13/step19/unit2,20,scenario_robust,0,4.1190080642700195,medium,0.26421135663986206
0.6108154654502869,0.1832086145877838,2,task14u/seed10/medium/episode19/step7/unit0,20,scenario_robust,-1,0.47677138447761536,medium,-0.3419153392314911
0.5946846604347229,0.17171138525009155,2,task14u/seed10/medium/episode19/step7/unit2,20,scenario_robust,-1,1.6008265018463135,medium,-0.08965203166007996
1.5115835666656494,0.4061907231807709,0,task14u/seed10/medium/episode9/step0/unit0,20,scenario_robust,0,-3.6611404418945312,medium,-2.513296604156494
1.3728489875793457,0.3491484224796295,0,task14u/seed10/medium/episode9/step0/unit1,20,scenario_robust,0,-1.7457467317581177,medium,-1.7482430934906006
0.5737545490264893,0.21312469244003296,2,task14u/seed10/medium/episode28/step24/unit2,20,scenario_robust,0,1.6255767345428467,medium,-0.1629367470741272
0.5749098062515259,0.1546308547258377,2,task14u/seed10/medium/episode17/step30/unit2,20,scenario_robust,0,2.2704555988311768,medium,0.08917960524559021
0.8214835524559021,0.16114459931850433,1,task14u/seed10/time_pressure/episode32/step15/unit2,20,scenario_robust,0,6.584756374359131,time_pressure,0.7813249826431274
1.8197524547576904,0.37667712569236755,1,task14u/seed10/time_pressure/episode28/step12/unit0,20,scenario_robust,-1,3.402750253677368,time_pressure,-1.4328442811965942
1.5698624849319458,0.3061944544315338,1,task14u/seed10/time_pressure/episode28/step12/unit1,20,scenario_robust,-1,5.668893814086914,time_pressure,-0.41885364055633545
1.551182746887207,0.2972376048564911,1,task14u/seed10/time_pressure/episode28/step12/unit2,20,scenario_robust,0,4.555178642272949,time_pressure,-0.5592669248580933
0.5562661290168762,0.19799989461898804,2,task14u/seed10/time_pressure/episode20/step18/unit2,20,scenario_robust,0,1.9600681066513062,time_pressure,-0.0521814227104187
1.8503079414367676,0.23007380962371826,1,task14u/seed10/time_pressure/episode27/step14/unit2,20,scenario_robust,0,-2.2158589363098145,time_pressure,-1.662599802017212
0.5715956687927246,0.14508797228336334,2,task14u/seed10/time_pressure/episode1/step27/unit2,20,scenario_robust,0,2.932737350463867,time_pressure,0.23857441544532776
0.7997279167175293,0.27131566405296326,1,task14u/seed10/time_pressure/episode18/step12/unit2,20,scenario_robust,0,3.425729513168335,time_pressure,-0.034348905086517334
0.5768582224845886,0.18543870747089386,2,task14u/seed10/time_pressure/episode30/step14/unit2,20,scenario_robust,0,1.6016639471054077,time_pressure,-0.10828167200088501
0.935766875743866,0.1635275036096573,0,task14u/seed10/time_pressure/episode0/step17/unit2,20,scenario_robust,0,0.8563823103904724,time_pressure,-0.286379873752594
1.27153480052948,0.23216021060943604,0,task14u/seed10/time_pressure/episode27/step15/unit2,20,scenario_robust,0,-5.607656002044678,time_pressure,-1.9479082822799683
0.8937082290649414,0.340320348739624,1,task14u/seed10/time_pressure/episode8/step25/unit2,20,scenario_robust,0,2.972315549850464,time_pressure,-0.3747299909591675
1.4449695348739624,0.22417940199375153,0,task14u/seed10/time_pressure/episode6/step3/unit0,20,scenario_robust,0,-2.432645320892334,time_pressure,-1.4222943782806396
1.239259958267212,0.1440693587064743,0,task14u/seed10/time_pressure/episode6/step3/unit1,20,scenario_robust,0,0.20133563876152039,time_pressure,-0.48749199509620667
1.4390223026275635,0.14157329499721527,1,task14u/seed10/heterogeneity_pressure/episode12/step30/unit2,20,scenario_robust,0,0.7478193044662476,heterogeneity_pressure,-0.4728962779045105
0.5424461364746094,0.17765289545059204,2,task14u/seed10/heterogeneity_pressure/episode28/step27/unit2,20,scenario_robust,0,1.805812954902649,heterogeneity_pressure,-0.02832677960395813
0.6089102029800415,0.20654581487178802,2,task14u/seed10/heterogeneity_pressure/episode9/step4/unit1,20,scenario_robust,0,-0.9285671710968018,heterogeneity_pressure,-0.6635639667510986
0.5986713171005249,0.2041224092245102,2,task14u/seed10/heterogeneity_pressure/episode9/step4/unit2,20,scenario_robust,0,0.07932131737470627,heterogeneity_pressure,-0.45754194259643555
1.0114116668701172,0.17370809614658356,0,task14u/seed10/heterogeneity_pressure/episode16/step10/unit2,20,scenario_robust,0,-0.8092582821846008,heterogeneity_pressure,-0.6733500361442566
0.567626953125,0.18100214004516602,2,task14u/seed10/heterogeneity_pressure/episode19/step13/unit2,20,scenario_robust,0,1.358102560043335,heterogeneity_pressure,-0.13837316632270813
0.3816186487674713,0.23922932147979736,1,task14u/seed10/heterogeneity_pressure/episode31/step34/unit2,20,scenario_robust,0,6.989339828491211,heterogeneity_pressure,0.9758215546607971
0.9339513778686523,0.2092280238866806,0,task14u/seed10/heterogeneity_pressure/episode12/step24/unit2,20,scenario_robust,0,1.790014386177063,heterogeneity_pressure,-0.23183667659759521
0.8478924036026001,0.14156685769557953,0,task14u/seed10/heterogeneity_pressure/episode16/step29/unit2,20,scenario_robust,0,1.5602552890777588,heterogeneity_pressure,-0.053853899240493774
1.1776148080825806,0.25715044140815735,0,task14u/seed10/heterogeneity_pressure/episode16/step7/unit0,20,scenario_robust,0,-0.48093414306640625,heterogeneity_pressure,-0.9849295616149902
0.939139723777771,0.2015640139579773,0,task14u/seed10/heterogeneity_pressure/episode16/step7/unit2,20,scenario_robust,0,2.0284321308135986,heterogeneity_pressure,-0.16799500584602356
0.6094249486923218,0.16642796993255615,2,task14u/seed10/heterogeneity_pressure/episode10/step24/unit2,20,scenario_robust,0,2.2366549968719482,heterogeneity_pressure,0.034280985593795776
1.6521875858306885,0.32182326912879944,0,task14u/seed10/heterogeneity_pressure/episode9/step1/unit0,20,scenario_robust,0,-4.437390327453613,heterogeneity_pressure,-2.420013427734375
1.4732513427734375,0.2818988561630249,0,task14u/seed10/heterogeneity_pressure/episode9/step1/unit1,20,scenario_robust,0,-2.9788172245025635,heterogeneity_pressure,-1.7965807914733887
0.5382083058357239,0.12491028010845184,2,task14b/seed8/medium/episode26/step38/unit2,20,scenario_robust,1,4.1227264404296875,medium,0.5262778997421265
0.6452593803405762,0.1398538202047348,1,task14b/seed8/medium/episode15/step27/unit2,20,scenario_robust,1,7.333741188049316,medium,1.0404272079467773
1.6720503568649292,0.20164740085601807,1,task14b/seed8/medium/episode40/step32/unit2,20,scenario_robust,1,1.1458251476287842,medium,-0.799020528793335
0.396072655916214,0.08658114820718765,1,task14b/seed8/medium/episode28/step33/unit2,20,scenario_robust,1,8.93887710571289,medium,1.4934630393981934
0.5713461637496948,0.19223563373088837,2,task14b/seed8/medium/episode46/step31/unit0,20,scenario_robust,-1,0.9528830051422119,medium,-0.24308811128139496
0.55704665184021,0.18492349982261658,2,task14b/seed8/medium/episode46/step31/unit2,20,scenario_robust,1,2.1015875339508057,medium,0.002386927604675293
1.0012879371643066,0.31908607482910156,0,task14b/seed8/medium/episode42/step20/unit2,20,scenario_robust,1,0.06949549168348312,medium,-0.9282653331756592
1.1896411180496216,0.23157833516597748,0,task14b/seed8/medium/episode32/step24/unit2,20,scenario_robust,1,-2.7005820274353027,medium,-1.331041932106018
0.8479377627372742,0.23891285061836243,1,task14b/seed8/medium/episode30/step38/unit2,20,scenario_robust,1,3.5135107040405273,medium,0.024166405200958252
0.5384816527366638,0.12717659771442413,2,task14b/seed8/medium/episode26/step35/unit2,20,scenario_robust,1,4.009939193725586,medium,0.4999140202999115
0.7743774652481079,0.20369663834571838,0,task14b/seed8/medium/episode39/step28/unit2,20,scenario_robust,1,2.763540029525757,medium,0.06631603837013245
0.7486354112625122,0.15534456074237823,0,task14b/seed8/medium/episode28/step30/unit2,20,scenario_robust,1,4.553128242492676,medium,0.5324445366859436
0.7484308481216431,0.06092136353254318,0,task14b/seed8/medium/episode15/step24/unit2,20,scenario_robust,1,5.464611053466797,medium,0.9160186052322388
1.7090116739273071,0.34544387459754944,1,task14b/seed8/medium/episode46/step27/unit0,20,scenario_robust,0,3.5658528804779053,medium,-1.120699405670166
1.5323212146759033,0.2928715944290161,1,task14b/seed8/medium/episode46/step27/unit2,20,scenario_robust,1,2.447922945022583,medium,-0.8987988829612732
0.5678504705429077,0.15966452658176422,2,task14b/seed8/medium/episode8/step25/unit2,20,scenario_robust,0,2.9991793632507324,medium,0.22133228182792664
0.7779887318611145,0.22095003724098206,0,task14b/seed8/time_pressure/episode15/step17/unit1,20,scenario_robust,-1,7.2991862297058105,time_pressure,0.8964216113090515
0.8125097155570984,0.2673346698284149,0,task14b/seed8/time_pressure/episode15/step17/unit2,20,scenario_robust,1,5.831348896026611,time_pressure,0.4807228446006775
0.8956907987594604,0.28041526675224304,0,task14b/seed8/time_pressure/episode36/step32/unit2,20,scenario_robust,1,2.076507329940796,time_pressure,-0.3410935699939728
0.5315565466880798,0.1410592496395111,2,task14b/seed8/time_pressure/episode17/step37/unit2,20,scenario_robust,1,3.3543355464935303,time_pressure,0.3497368097305298
0.5657602548599243,0.17059139907360077,2,task14b/seed8/time_pressure/episode15/step24/unit0,20,scenario_robust,1,2.595532178878784,time_pressure,0.12172561883926392
0.5537681579589844,0.15751779079437256,2,task14b/seed8/time_pressure/episode15/step24/unit2,20,scenario_robust,1,3.7242679595947266,time_pressure,0.3729204535484314
0.7601903676986694,0.20518551766872406,1,task14b/seed8/time_pressure/episode34/step27/unit2,20,scenario_robust,1,6.986283779144287,time_pressure,0.7827444076538086
0.9031839370727539,0.22228410840034485,0,task14b/seed8/time_pressure/episode38/step24/unit0,20,scenario_robust,0,4.173780918121338,time_pressure,0.21058547496795654
0.853636622428894,0.17896613478660583,0,task14b/seed8/time_pressure/episode38/step24/unit2,20,scenario_robust,1,3.468557596206665,time_pressure,0.2164691984653473
1.240951418876648,0.2842852771282196,0,task14b/seed8/time_pressure/episode28/step19/unit0,20,scenario_robust,0,0.055304910987615585,time_pressure,-1.0290971994400024
1.0966428518295288,0.21722301840782166,0,task14b/seed8/time_pressure/episode28/step19/unit1,20,scenario_robust,0,2.0332274436950684,time_pressure,-0.3112485706806183
0.9622816443443298,0.21948346495628357,0,task14b/seed8/time_pressure/episode28/step19/unit2,20,scenario_robust,0,3.4551613330841064,time_pressure,0.04168051481246948
0.7218266129493713,0.23083117604255676,1,task14b/seed8/time_pressure/episode46/step29/unit2,20,scenario_robust,1,7.33989953994751,time_pressure,0.8141933083534241
0.5559610724449158,0.169948011636734,2,task14b/seed8/time_pressure/episode39/step15/unit2,20,scenario_robust,1,2.0410172939300537,time_pressure,0.023814737796783447
0.5598427653312683,0.1641470342874527,2,task14b/seed8/time_pressure/episode21/step23/unit2,20,scenario_robust,1,2.2803428173065186,time_pressure,0.07947033643722534
0.8369593620300293,0.258083313703537,0,task14b/seed8/time_pressure/episode47/step21/unit2,20,scenario_robust,1,3.64902400970459,time_pressure,0.06479686498641968
2.699965715408325,0.36774468421936035,1,task14b/seed8/time_pressure/episode3/step0/unit0,20,scenario_robust,0,-0.6478393077850342,time_pressure,-3.0709152221679688
2.5043811798095703,0.28484752774238586,1,task14b/seed8/time_pressure/episode3/step0/unit1,20,scenario_robust,0,0.6350763440132141,time_pressure,-2.009920835494995
0.9494312405586243,0.14235228300094604,0,task14b/seed8/time_pressure/episode14/step20/unit2,20,scenario_robust,0,-0.4998296797275543,time_pressure,-0.4944021999835968
0.5508652925491333,0.15662731230258942,2,task14b/seed8/time_pressure/episode44/step45/unit2,20,scenario_robust,1,3.1388020515441895,time_pressure,0.26492297649383545
1.4425315856933594,0.18959739804267883,1,task14b/seed8/heterogeneity_pressure/episode21/step26/unit0,20,scenario_robust,0,5.336172103881836,heterogeneity_pressure,0.13842099905014038
1.1115467548370361,0.1415206342935562,1,task14b/seed8/heterogeneity_pressure/episode21/step26/unit2,20,scenario_robust,0,5.736220836639404,heterogeneity_pressure,0.5556674003601074
1.2524044513702393,0.23499254882335663,1,task14b/seed8/heterogeneity_pressure/episode14/step39/unit2,20,scenario_robust,0,2.6404082775115967,heterogeneity_pressure,-0.40468117594718933
0.5833749771118164,0.1518598049879074,2,task14b/seed8/heterogeneity_pressure/episode42/step28/unit2,20,scenario_robust,1,3.4537551403045654,heterogeneity_pressure,0.31605517864227295
0.7203372716903687,0.18866078555583954,0,task14b/seed8/heterogeneity_pressure/episode13/step37/unit2,20,scenario_robust,1,5.1084370613098145,heterogeneity_pressure,0.5814111232757568
1.8351657390594482,0.2359963059425354,1,task14b/seed8/heterogeneity_pressure/episode26/step31/unit2,20,scenario_robust,1,-3.56587815284729,heterogeneity_pressure,-1.9255502223968506
0.7623997330665588,0.19892308115959167,0,task14b/seed8/heterogeneity_pressure/episode31/step37/unit2,20,scenario_robust,0,4.339869022369385,heterogeneity_pressure,0.3872317373752594
0.5760682225227356,0.2167842984199524,2,task14b/seed8/heterogeneity_pressure/episode5/step18/unit0,20,scenario_robust,0,0.833412230014801,heterogeneity_pressure,-0.32408463954925537
0.5694494247436523,0.20677940547466278,2,task14b/seed8/heterogeneity_pressure/episode5/step18/unit2,20,scenario_robust,0,1.5319944620132446,heterogeneity_pressure,-0.16326028108596802
0.8718584775924683,0.11739273369312286,0,task14b/seed8/heterogeneity_pressure/episode41/step27/unit2,20,scenario_robust,1,2.2148802280426025,heterogeneity_pressure,0.12409418821334839
1.5395842790603638,0.2488747537136078,1,task14b/seed8/heterogeneity_pressure/episode6/step25/unit2,20,scenario_robust,0,0.4212295711040497,heterogeneity_pressure,-1.065268635749817
0.707222044467926,0.15349607169628143,0,task14b/seed8/heterogeneity_pressure/episode30/step32/unit2,20,scenario_robust,1,3.394015312194824,heterogeneity_pressure,0.33245521783828735
0.5499386787414551,0.15754900872707367,2,task14b/seed8/heterogeneity_pressure/episode31/step29/unit2,20,scenario_robust,0,2.582510232925415,heterogeneity_pressure,0.15742453932762146
0.5564137697219849,0.12461043149232864,2,task14b/seed8/heterogeneity_pressure/episode33/step49/unit2,20,scenario_robust,1,3.627242088317871,heterogeneity_pressure,0.4236255884170532
3.087010622024536,0.27025073766708374,1,task14b/seed8/heterogeneity_pressure/episode29/step0/unit0,20,scenario_robust,0,-6.139398097991943,heterogeneity_pressure,-3.578969955444336
0.5473703145980835,0.10278934240341187,2,task14b/seed8/heterogeneity_pressure/episode43/step49/unit2,20,scenario_robust,0,3.9305734634399414,heterogeneity_pressure,0.5320370197296143
1.4393912553787231,0.2082584947347641,1,task14b/seed10/medium/episode9/step27/unit2,20,scenario_robust,0,1.404340386390686,medium,-0.64156174659729
0.8753913044929504,0.12928321957588196,0,task14b/seed10/medium/episode20/step25/unit2,20,scenario_robust,0,1.7107149362564087,medium,-0.004714787006378174
1.9708993434906006,0.2935219407081604,1,task14b/seed10/medium/episode33/step0/unit0,20,scenario_robust,0,2.118522882461548,medium,-1.343721866607666
1.875595211982727,0.2846055030822754,1,task14b/seed10/medium/episode33/step0/unit1,20,scenario_robust,0,3.984663963317871,medium,-0.8775895237922668
0.46321338415145874,0.22581304609775543,1,task14b/seed10/medium/episode27/step20/unit2,20,scenario_robust,0,8.913015365600586,medium,1.2795830965042114
0.8711378574371338,0.1677258312702179,0,task14b/seed10/medium/episode44/step25/unit2,20,scenario_robust,0,2.620239496231079,medium,0.0730346143245697
3.6234934329986572,0.3144351840019226,1,task14b/seed10/medium/episode44/step4/unit0,20,scenario_robust,-1,-6.313429832458496,medium,-4.518099784851074
3.5478665828704834,0.28534331917762756,1,task14b/seed10/medium/episode44/step4/unit1,20,scenario_robust,0,-5.235254764556885,medium,-3.9476659297943115
2.587233304977417,0.3424648344516754,1,task14b/seed10/medium/episode28/step4/unit0,20,scenario_robust,0,-0.939609706401825,medium,-2.804929256439209
2.247796058654785,0.35671523213386536,1,task14b/seed10/medium/episode28/step4/unit2,20,scenario_robust,0,-0.40326040983200073,medium,-2.458540201187134
0.6014217734336853,0.2673318684101105,2,task14b/seed10/medium/episode44/step0/unit0,20,scenario_robust,0,-2.796151876449585,medium,-1.1551823616027832
0.6121437549591064,0.2637523114681244,2,task14b/seed10/medium/episode44/step0/unit1,20,scenario_robust,0,-2.8144690990448,medium,-1.1612873077392578
0.5343466997146606,0.1858743280172348,1,task14b/seed10/medium/episode39/step28/unit2,20,scenario_robust,1,3.647116184234619,medium,0.35536471009254456
0.7534180283546448,0.18028268218040466,0,task14b/seed10/medium/episode2/step30/unit2,20,scenario_robust,0,5.610276222229004,medium,0.6780835390090942
2.9845831394195557,0.3407176733016968,1,task14b/seed10/medium/episode12/step4/unit0,20,scenario_robust,0,-3.630845069885254,medium,-3.674802780151367
3.0019471645355225,0.26463913917541504,1,task14b/seed10/medium/episode12/step4/unit1,20,scenario_robust,0,-1.8026139736175537,medium,-2.686318874359131
0.5423368215560913,0.20694874227046967,2,task14b/seed10/medium/episode24/step20/unit2,20,scenario_robust,0,1.7076711654663086,medium,-0.10842448472976685
0.6044053435325623,0.21030479669570923,2,task14b/seed10/medium/episode35/step7/unit1,20,scenario_robust,0,-0.6079263091087341,medium,-0.6075983047485352
0.592715322971344,0.19974735379219055,2,task14b/seed10/medium/episode35/step7/unit2,20,scenario_robust,0,0.5764023661613464,medium,-0.3480031192302704
0.571546196937561,0.13030606508255005,0,task14b/seed10/medium/episode22/step46/unit2,20,scenario_robust,0,6.706969261169434,medium,1.0697057247161865
0.5553733706474304,0.1533997505903244,2,task14b/seed10/time_pressure/episode44/step22/unit2,20,scenario_robust,0,2.9319043159484863,time_pressure,0.2296643853187561
0.5776095390319824,0.35980749130249023,1,task14b/seed10/time_pressure/episode18/step26/unit2,20,scenario_robust,0,5.80385684967041,time_pressure,0.41736698150634766
1.0425305366516113,0.15603333711624146,0,task14b/seed10/time_pressure/episode31/step21/unit2,20,scenario_robust,1,-0.04882848262786865,time_pressure,-0.4888063371181488
0.6043709516525269,0.17635700106620789,2,task14b/seed10/time_pressure/episode41/step18/unit2,20,scenario_robust,0,2.3177292346954346,time_pressure,0.029786646366119385
0.5806440711021423,0.2172391712665558,2,task14b/seed10/time_pressure/episode28/step8/unit0,20,scenario_robust,0,-0.02513204514980316,time_pressure,-0.49268966913223267
0.5653560757637024,0.19573618471622467,2,task14b/seed10/time_pressure/episode28/step8/unit2,20,scenario_robust,0,1.0974693298339844,time_pressure,-0.21871264278888702
0.5510385632514954,0.18158844113349915,2,task14b/seed10/time_pressure/episode16/step22/unit2,20,scenario_robust,0,2.629058599472046,time_pressure,0.11439505219459534
0.8978745937347412,0.1401233822107315,1,task14b/seed10/time_pressure/episode26/step20/unit2,20,scenario_robust,0,5.325373649597168,time_pressure,0.5760717988014221
0.6453818082809448,0.08373089134693146,0,task14b/seed10/time_pressure/episode5/step22/unit2,20,scenario_robust,0,6.322695255279541,time_pressure,1.056074857711792
0.8484746813774109,0.2651614546775818,0,task14b/seed10/time_pressure/episode47/step24/unit2,20,scenario_robust,0,3.109130859375,time_pressure,-0.06543910503387451
0.5595569014549255,0.15564636886119843,2,task14b/seed10/time_pressure/episode44/step19/unit2,20,scenario_robust,0,2.7437744140625,time_pressure,0.18643847107887268
1.767327070236206,0.29307520389556885,1,task14b/seed10/time_pressure/episode41/step12/unit0,20,scenario_robust,-1,1.0034865140914917,time_pressure,-1.362549066543579
0.8622955679893494,0.11440339684486389,0,task14b/seed10/time_pressure/episode3/step24/unit2,20,scenario_robust,1,2.2806015014648438,time_pressure,0.14763256907463074
1.0015076398849487,0.13629575073719025,0,task14b/seed10/time_pressure/episode12/step18/unit2,20,scenario_robust,0,-0.6036335229873657,time_pressure,-0.5183266401290894
1.411508321762085,0.2882000207901001,0,task14b/seed10/time_pressure/episode30/step0/unit1,20,scenario_robust,0,-1.8847578763961792,time_pressure,-1.5611985921859741
0.5896774530410767,0.19695445895195007,2,task14b/seed10/heterogeneity_pressure/episode18/step5/unit0,20,scenario_robust,0,-0.4556983709335327,heterogeneity_pressure,-0.5361342430114746
0.5981072783470154,0.18918459117412567,2,task14b/seed10/heterogeneity_pressure/episode18/step5/unit1,20,scenario_robust,0,-0.3062824308872223,heterogeneity_pressure,-0.49608346819877625
0.589260458946228,0.18641696870326996,2,task14b/seed10/heterogeneity_pressure/episode18/step5/unit2,20,scenario_robust,0,0.4110833704471588,heterogeneity_pressure,-0.3464815616607666
2.4376718997955322,0.17577926814556122,1,task14b/seed10/heterogeneity_pressure/episode10/step4/unit0,20,scenario_robust,0,-2.4628193378448486,heterogeneity_pressure,-1.714969277381897
1.9477086067199707,0.028203383088111877,1,task14b/seed10/heterogeneity_pressure/episode10/step4/unit1,20,scenario_robust,1,0.9539349675178528,heterogeneity_pressure,0.006770670413970947
1.829342246055603,0.06447497755289078,1,task14b/seed10/heterogeneity_pressure/episode10/step4/unit2,20,scenario_robust,0,-0.7420903444290161,heterogeneity_pressure,-0.4835173487663269
0.6138857007026672,0.23401349782943726,2,task14b/seed10/heterogeneity_pressure/episode10/step0/unit0,20,scenario_robust,0,-1.3135472536087036,heterogeneity_pressure,-0.8061858415603638
0.5982329845428467,0.22007733583450317,2,task14b/seed10/heterogeneity_pressure/episode10/step0/unit1,20,scenario_robust,1,-0.9270756244659424,heterogeneity_pressure,-0.68606036901474
3.314164876937866,0.20920556783676147,1,task14b/seed10/heterogeneity_pressure/episode40/step5/unit0,20,scenario_robust,0,-5.53432559967041,heterogeneity_pressure,-3.05151629447937
3.2745277881622314,0.15460480749607086,1,task14b/seed10/heterogeneity_pressure/episode40/step5/unit1,20,scenario_robust,0,-6.093101978302002,heterogeneity_pressure,-2.594413995742798
2.518275260925293,0.2963239848613739,1,task14b/seed10/heterogeneity_pressure/episode21/step5/unit0,20,scenario_robust,0,-2.5764522552490234,heterogeneity_pressure,-2.6809587478637695
2.1802775859832764,0.20277927815914154,1,task14b/seed10/heterogeneity_pressure/episode21/step5/unit1,20,scenario_robust,0,-0.4096657633781433,heterogeneity_pressure,-1.3890421390533447
2.367663860321045,0.2663881480693817,1,task14b/seed10/heterogeneity_pressure/episode21/step5/unit2,20,scenario_robust,-1,-3.662919044494629,heterogeneity_pressure,-2.5310866832733154
0.6214669346809387,0.2233436554670334,2,task14b/seed10/heterogeneity_pressure/episode8/step6/unit0,20,scenario_robust,0,-1.1373695135116577,heterogeneity_pressure,-0.753798246383667
0.6336659789085388,0.22549065947532654,2,task14b/seed10/heterogeneity_pressure/episode8/step6/unit1,20,scenario_robust,-1,-1.539672613143921,heterogeneity_pressure,-0.846328616142273
0.6054027676582336,0.2204505205154419,2,task14b/seed10/heterogeneity_pressure/episode8/step6/unit2,20,scenario_robust,0,-0.3466944396495819,heterogeneity_pressure,-0.5823438167572021
2.7017223834991455,0.19467172026634216,1,task14b/seed10/heterogeneity_pressure/episode40/step2/unit0,20,scenario_robust,0,-1.370030403137207,heterogeneity_pressure,-1.809985637664795
0.5439103245735168,0.1294485181570053,2,task14b/seed10/heterogeneity_pressure/episode32/step32/unit2,20,scenario_robust,1,3.0673437118530273,heterogeneity_pressure,0.3126865327358246
1.3556314706802368,0.2891441881656647,0,task14b/seed10/heterogeneity_pressure/episode8/step3/unit0,20,scenario_robust,0,-1.716511607170105,heterogeneity_pressure,-1.4851698875427246
1.756970763206482,0.4002382457256317,1,task14b/seed10/heterogeneity_pressure/episode4/step6/unit0,20,scenario_robust,0,3.6528613567352295,heterogeneity_pressure,-1.441025733947754
1.2674283981323242,0.16364213824272156,0,task14b/seed10/heterogeneity_pressure/episode27/step5/unit0,20,scenario_robust,0,-0.9804020524024963,heterogeneity_pressure,-0.799715518951416
1.200332760810852,0.09888435900211334,0,task14b/seed10/heterogeneity_pressure/episode27/step5/unit1,20,scenario_robust,-1,-1.0573744773864746,heterogeneity_pressure,-0.5530627369880676
1.2192820310592651,0.1423802673816681,0,task14b/seed10/heterogeneity_pressure/episode27/step5/unit2,20,scenario_robust,0,-1.7134062051773071,heterogeneity_pressure,-0.8409879207611084
1.509055495262146,0.3373853266239166,0,task14b/seed10/heterogeneity_pressure/episode2/step2/unit0,20,scenario_robust,0,-2.469214677810669,heterogeneity_pressure,-1.9751484394073486
1.3454257249832153,0.3135378360748291,0,task14b/seed10/heterogeneity_pressure/episode2/step2/unit2,20,scenario_robust,0,-1.6661255359649658,heterogeneity_pressure,-1.5635147094726562
2.6498429775238037,0.26945751905441284,1,task14b/seed10/heterogeneity_pressure/episode5/step6/unit0,20,scenario_robust,0,-2.247480630874634,heterogeneity_pressure,-2.526383399963379
2.263348340988159,0.140401229262352,1,task14b/seed10/heterogeneity_pressure/episode5/step6/unit1,20,scenario_robust,0,0.29753029346466064,heterogeneity_pressure,-0.8927298188209534
0.8575804233551025,0.2183256596326828,0,task14b/seed10/heterogeneity_pressure/episode36/step49/unit2,20,scenario_robust,0,1.8744606971740723,heterogeneity_pressure,-0.19150525331497192
0.5669165849685669,0.2877300977706909,2,task14u/seed8/medium/episode25/step23/unit0,20,scenario_robust_reliable_cost,0,2.6572041511535645,medium,-0.12413644790649414
0.5596397519111633,0.2776367664337158,2,task14u/seed8/medium/episode25/step23/unit2,20,scenario_robust_reliable_cost,1,3.5779576301574707,medium,0.08142220973968506
0.7060670852661133,0.24738623201847076,1,task14u/seed8/medium/episode0/step26/unit2,20,scenario_robust_reliable_cost,0,5.442084312438965,medium,0.4514819383621216
0.8583964109420776,0.2519170045852661,0,task14u/seed8/medium/episode18/step31/unit2,20,scenario_robust_reliable_cost,0,1.8473196029663086,medium,-0.28222912549972534
0.5432429313659668,0.2770094871520996,2,task14u/seed8/medium/episode5/step12/unit2,20,scenario_robust_reliable_cost,0,2.950446367263794,medium,-0.019334137439727783
0.5358600616455078,0.266165167093277,2,task14u/seed8/medium/episode21/step37/unit2,20,scenario_robust_reliable_cost,0,3.747431516647339,medium,0.16305869817733765
0.5336535573005676,0.2624722123146057,2,task14u/seed8/medium/episode30/step17/unit2,20,scenario_robust_reliable_cost,1,2.4819724559783936,medium,-0.06840270757675171
0.6809009313583374,0.21884770691394806,0,task14u/seed8/medium/episode20/step26/unit2,20,scenario_robust_reliable_cost,1,3.508880138397217,medium,0.2352968454360962
1.349912166595459,0.13290542364120483,1,task14u/seed8/medium/episode1/step27/unit2,20,scenario_robust_reliable_cost,0,-0.5825616717338562,medium,-0.6379846334457397
0.55905681848526,0.21297799050807953,1,task14u/seed8/medium/episode20/step18/unit1,20,scenario_robust_reliable_cost,-1,8.048264503479004,medium,1.0821703672409058
0.41386884450912476,0.2155441790819168,1,task14u/seed8/medium/episode20/step18/unit2,20,scenario_robust_reliable_cost,0,7.178532123565674,medium,1.0158040523529053
0.7159364819526672,0.25399622321128845,0,task14u/seed8/medium/episode35/step38/unit2,20,scenario_robust_reliable_cost,0,5.237739562988281,medium,0.4708538055419922
0.6612499952316284,0.15508531033992767,0,task14u/seed8/medium/episode24/step30/unit2,20,scenario_robust_reliable_cost,0,5.286622047424316,medium,0.7139486074447632
2.385707378387451,0.35763296484947205,1,task14u/seed8/time_pressure/episode6/step1/unit0,20,scenario_robust_reliable_cost,-1,-0.09461924433708191,time_pressure,-2.556391477584839
1.786500334739685,0.29274171590805054,1,task14u/seed8/time_pressure/episode6/step1/unit1,20,scenario_robust_reliable_cost,0,4.430054664611816,time_pressure,-0.7658807039260864
2.461090564727783,0.45987650752067566,1,task14u/seed8/time_pressure/episode12/step0/unit0,20,scenario_robust_reliable_cost,0,0.23414982855319977,time_pressure,-3.326909303665161
2.2729265689849854,0.4206063151359558,1,task14u/seed8/time_pressure/episode12/step0/unit1,20,scenario_robust_reliable_cost,0,2.5367023944854736,time_pressure,-2.3926925659179688
1.6234333515167236,0.415601909160614,1,task14u/seed8/time_pressure/episode35/step22/unit2,20,scenario_robust_reliable_cost,0,0.8949618339538574,time_pressure,-1.8484505414962769
0.550778865814209,0.2742585241794586,2,task14u/seed8/time_pressure/episode19/step23/unit2,20,scenario_robust_reliable_cost,1,3.505093812942505,time_pressure,0.08423763513565063
1.1215407848358154,0.2567795217037201,0,task14u/seed8/time_pressure/episode4/step5/unit0,20,scenario_robust_reliable_cost,-1,-1.8099032640457153,time_pressure,-1.1966584920883179
1.038552165031433,0.18562884628772736,0,task14u/seed8/time_pressure/episode4/step5/unit1,20,scenario_robust_reliable_cost,0,-0.11246853321790695,time_pressure,-0.5897963047027588
0.5720130801200867,0.4698276221752167,1,task14u/seed8/time_pressure/episode33/step18/unit0,20,scenario_robust_reliable_cost,-1,7.327915191650391,time_pressure,0.5080801844596863
1.2483785152435303,0.3286922872066498,1,task14u/seed8/time_pressure/episode27/step7/unit0,20,scenario_robust_reliable_cost,0,5.629332065582275,time_pressure,-0.21652162075042725
0.6945952773094177,0.2531956732273102,1,task14u/seed8/time_pressure/episode27/step7/unit2,20,scenario_robust_reliable_cost,1,7.956785678863525,time_pressure,0.8967763185501099
0.6019620895385742,0.2850574553012848,0,task14u/seed8/time_pressure/episode2/step25/unit2,20,scenario_robust_reliable_cost,0,7.622804641723633,time_pressure,0.959519624710083
0.5409924387931824,0.2647196650505066,2,task14u/seed8/time_pressure/episode15/step15/unit2,20,scenario_robust_reliable_cost,1,3.0448384284973145,time_pressure,0.026796936988830566
1.0716547966003418,0.3513014018535614,0,task14u/seed8/time_pressure/episode27/step12/unit0,20,scenario_robust_reliable_cost,0,-1.310774564743042,time_pressure,-1.3615007400512695
0.9661235809326172,0.28823551535606384,0,task14u/seed8/time_pressure/episode27/step12/unit2,20,scenario_robust_reliable_cost,1,-0.16157850623130798,time_pressure,-0.8517701625823975
0.5894021987915039,0.2816299498081207,2,task14u/seed8/time_pressure/episode22/step8/unit0,20,scenario_robust_reliable_cost,0,1.3581987619400024,time_pressure,-0.38300812244415283
0.5758377909660339,0.28043049573898315,2,task14u/seed8/time_pressure/episode22/step8/unit1,20,scenario_robust_reliable_cost,-1,1.3780871629714966,time_pressure,-0.3617672920227051
0.5829326510429382,0.2796036899089813,2,task14u/seed8/time_pressure/episode22/step8/unit2,20,scenario_robust_reliable_cost,0,2.1708285808563232,time_pressure,-0.21640241146087646
0.7608911395072937,0.3351866602897644,0,task14u/seed8/heterogeneity_pressure/episode20/step29/unit0,20,scenario_robust_reliable_cost,1,6.351326942443848,heterogeneity_pressure,0.4691835641860962
0.6034761667251587,0.28075242042541504,0,task14u/seed8/heterogeneity_pressure/episode20/step29/unit2,20,scenario_robust_reliable_cost,-1,8.715742111206055,heterogeneity_pressure,1.1759870052337646
0.575720489025116,0.22835567593574524,2,task14u/seed8/heterogeneity_pressure/episode35/step28/unit2,20,scenario_robust_reliable_cost,0,3.85813045501709,heterogeneity_pressure,0.2273312211036682
0.47261983156204224,0.12166190147399902,0,task14u/seed8/heterogeneity_pressure/episode16/step48/unit2,20,scenario_robust_reliable_cost,0,9.40986442565918,heterogeneity_pressure,1.6392834186553955
0.5340366363525391,0.29849517345428467,0,task14u/seed8/heterogeneity_pressure/episode12/step25/unit2,20,scenario_robust_reliable_cost,1,8.241381645202637,heterogeneity_pressure,1.1143373250961304
1.9436264038085938,0.02022697776556015,1,task14u/seed8/heterogeneity_pressure/episode21/step21/unit2,20,scenario_robust_reliable_cost,0,-3.45773983001709,heterogeneity_pressure,-0.7341980934143066
0.54813551902771,0.2904311716556549,2,task14u/seed8/heterogeneity_pressure/episode4/step5/unit0,20,scenario_robust_reliable_cost,0,0.7353897094726562,heterogeneity_pressure,-0.47550100088119507
0.5486391186714172,0.27935734391212463,2,task14u/seed8/heterogeneity_pressure/episode4/step5/unit2,20,scenario_robust_reliable_cost,0,1.5044548511505127,heterogeneity_pressure,-0.30588623881340027
0.6300669312477112,0.2494926154613495,0,task14u/seed8/heterogeneity_pressure/episode6/step38/unit2,20,scenario_robust_reliable_cost,0,6.220829486846924,heterogeneity_pressure,0.7324645519256592
1.2181440591812134,0.3251625597476959,1,task14u/seed8/heterogeneity_pressure/episode25/step17/unit2,20,scenario_robust_reliable_cost,0,3.5863912105560303,heterogeneity_pressure,-0.5387964248657227
1.4468517303466797,0.2445119321346283,1,task14u/seed8/heterogeneity_pressure/episode11/step49/unit2,20,scenario_robust_reliable_cost,0,-1.7175127267837524,heterogeneity_pressure,-1.3595397472381592
0.9245232939720154,0.34710273146629333,0,task14u/seed8/heterogeneity_pressure/episode19/step11/unit0,20,scenario_robust_reliable_cost,0,3.465578079223633,heterogeneity_pressure,-0.2796246409416199
0.5913845896720886,0.2718871235847473,2,task14u/seed8/heterogeneity_pressure/episode30/step25/unit2,20,scenario_robust_reliable_cost,0,2.7522470951080322,heterogeneity_pressure,-0.09700042009353638
1.209176778793335,0.3454771041870117,0,task14u/seed10/medium/episode30/step5/unit0,20,scenario_robust_reliable_cost,0,-3.293776512145996,medium,-1.8642983436584473
1.0775330066680908,0.29748937487602234,0,task14u/seed10/medium/episode30/step5/unit1,20,scenario_robust_reliable_cost,0,-0.4885050356388092,medium,-1.0386401414871216
1.718359112739563,0.049221158027648926,1,task14u/seed10/medium/episode33/step12/unit2,20,scenario_robust_reliable_cost,-1,-1.5919309854507446,medium,-0.5358936786651611
0.9266427159309387,0.2485145479440689,0,task14u/seed10/medium/episode32/step36/unit2,20,scenario_robust_reliable_cost,0,0.1176706925034523,medium,-0.6560765504837036
0.548829197883606,0.2891247570514679,2,task14u/seed10/medium/episode21/step6/unit1,20,scenario_robust_reliable_cost,-1,1.225233554840088,medium,-0.38008102774620056
0.5307815074920654,0.29304853081703186,2,task14u/seed10/medium/episode21/step6/unit2,20,scenario_robust_reliable_cost,0,2.122079372406006,medium,-0.19690191745758057
0.5234224200248718,0.23085661232471466,2,task14u/seed10/medium/episode35/step28/unit2,20,scenario_robust_reliable_cost,0,3.5863471031188965,medium,0.21662485599517822
0.9466938376426697,0.24356883764266968,0,task14u/seed10/medium/episode8/step13/unit2,20,scenario_robust_reliable_cost,0,-2.4309945106506348,medium,-1.146863341331482
0.6926946043968201,0.23980191349983215,0,task14u/seed10/medium/episode13/step19/unit2,20,scenario_robust_reliable_cost,0,4.413293838500977,medium,0.35875654220581055
0.5877904295921326,0.2563040554523468,2,task14u/seed10/medium/episode19/step7/unit0,20,scenario_robust_reliable_cost,-1,1.8300601243972778,medium,-0.23367685079574585
0.5812457799911499,0.25261637568473816,2,task14u/seed10/medium/episode19/step7/unit2,20,scenario_robust_reliable_cost,-1,2.616831064224243,medium,-0.06884050369262695
1.2947946786880493,0.4711077809333801,0,task14u/seed10/medium/episode9/step0/unit0,20,scenario_robust_reliable_cost,0,-3.914987087249756,medium,-2.5502917766571045
1.2008390426635742,0.42305004596710205,0,task14u/seed10/medium/episode9/step0/unit1,20,scenario_robust_reliable_cost,0,-2.3788137435913086,medium,-1.954476237297058
0.5576712489128113,0.2946884036064148,2,task14u/seed10/medium/episode28/step24/unit2,20,scenario_robust_reliable_cost,0,2.8232851028442383,medium,-0.09718042612075806
0.5689510703086853,0.24068959057331085,2,task14u/seed10/medium/episode17/step30/unit2,20,scenario_robust_reliable_cost,0,3.1467721462249756,medium,0.07049316167831421
0.7004777789115906,0.1748400628566742,1,task14u/seed10/time_pressure/episode32/step15/unit2,20,scenario_robust_reliable_cost,0,7.213581085205078,time_pressure,0.9230507612228394
1.7211154699325562,0.4171362519264221,1,task14u/seed10/time_pressure/episode28/step12/unit0,20,scenario_robust_reliable_cost,-1,4.043971061706543,time_pressure,-1.415066123008728
1.447152018547058,0.3646896779537201,1,task14u/seed10/time_pressure/episode28/step12/unit1,20,scenario_robust_reliable_cost,-1,6.440707206726074,time_pressure,-0.42121422290802
1.4090442657470703,0.340492844581604,1,task14u/seed10/time_pressure/episode28/step12/unit2,20,scenario_robust_reliable_cost,0,5.484652042388916,time_pressure,-0.4490199685096741
0.5531035661697388,0.27375850081443787,2,task14u/seed10/time_pressure/episode20/step18/unit2,20,scenario_robust_reliable_cost,0,2.8400964736938477,time_pressure,-0.043990910053253174
1.8346017599105835,0.1953943371772766,1,task14u/seed10/time_pressure/episode27/step14/unit2,20,scenario_robust_reliable_cost,0,-2.122049570083618,time_pressure,-1.4457311630249023
0.5642348527908325,0.23786434531211853,2,task14u/seed10/time_pressure/episode1/step27/unit2,20,scenario_robust_reliable_cost,0,3.6190359592437744,time_pressure,0.17112267017364502
0.7012203335762024,0.2511149048805237,1,task14u/seed10/time_pressure/episode18/step12/unit2,20,scenario_robust_reliable_cost,0,3.6187655925750732,time_pressure,0.121817946434021
0.5601065754890442,0.26758888363838196,2,task14u/seed10/time_pressure/episode30/step14/unit2,20,scenario_robust_reliable_cost,0,2.6711113452911377,time_pressure,-0.0702698826789856
0.8215035200119019,0.18507912755012512,0,task14u/seed10/time_pressure/episode0/step17/unit2,20,scenario_robust_reliable_cost,0,1.0214101076126099,time_pressure,-0.25176891684532166
1.0528525114059448,0.25610196590423584,0,task14u/seed10/time_pressure/episode27/step15/unit2,20,scenario_robust_reliable_cost,0,-4.4149017333984375,time_pressure,-1.6433022022247314
0.7711889147758484,0.3624647259712219,1,task14u/seed10/time_pressure/episode8/step25/unit2,20,scenario_robust_reliable_cost,0,3.8239619731903076,time_pressure,-0.14944219589233398
1.232285737991333,0.3116031289100647,0,task14u/seed10/time_pressure/episode6/step3/unit0,20,scenario_robust_reliable_cost,0,-2.4950664043426514,time_pressure,-1.611277461051941
1.0871937274932861,0.23622214794158936,0,task14u/seed10/time_pressure/episode6/step3/unit1,20,scenario_robust_reliable_cost,0,-0.2780674695968628,time_pressure,-0.8103488683700562
1.365754246711731,0.1517009735107422,1,task14u/seed10/heterogeneity_pressure/episode12/step30/unit2,20,scenario_robust_reliable_cost,0,1.1566778421401978,heterogeneity_pressure,-0.41021353006362915
0.5396822094917297,0.25481539964675903,2,task14u/seed10/heterogeneity_pressure/episode28/step27/unit2,20,scenario_robust_reliable_cost,0,2.724996328353882,heterogeneity_pressure,-0.012188911437988281
0.5663840770721436,0.28287410736083984,2,task14u/seed10/heterogeneity_pressure/episode9/step4/unit1,20,scenario_robust_reliable_cost,0,1.0538806915283203,heterogeneity_pressure,-0.41870081424713135
0.5645097494125366,0.28795263171195984,2,task14u/seed10/heterogeneity_pressure/episode9/step4/unit2,20,scenario_robust_reliable_cost,0,1.797599196434021,heterogeneity_pressure,-0.2858925461769104
0.8501840829849243,0.17760860919952393,0,task14u/seed10/heterogeneity_pressure/episode16/step10/unit2,20,scenario_robust_reliable_cost,0,-0.06317202746868134,heterogeneity_pressure,-0.4571709632873535
0.5489221215248108,0.272675484418869,2,task14u/seed10/heterogeneity_pressure/episode19/step13/unit2,20,scenario_robust_reliable_cost,0,2.577141284942627,heterogeneity_pressure,-0.08741617202758789
0.29446765780448914,0.2517387866973877,1,task14u/seed10/heterogeneity_pressure/episode31/step34/unit2,20,scenario_robust_reliable_cost,0,7.566760540008545,heterogeneity_pressure,1.129978895187378
0.8247199058532715,0.25332897901535034,0,task14u/seed10/heterogeneity_pressure/episode12/step24/unit2,20,scenario_robust_reliable_cost,0,1.906896710395813,heterogeneity_pressure,-0.24920609593391418
0.72802734375,0.1528862863779068,0,task14u/seed10/heterogeneity_pressure/episode16/step29/unit2,20,scenario_robust_reliable_cost,0,2.243100166320801,heterogeneity_pressure,0.10312473773956299
0.9965530037879944,0.2979346513748169,0,task14u/seed10/heterogeneity_pressure/episode16/step7/unit0,20,scenario_robust_reliable_cost,0,-0.3073035478591919,heterogeneity_pressure,-0.9341174364089966
0.8238062858581543,0.21257595717906952,0,task14u/seed10/heterogeneity_pressure/episode16/step7/unit2,20,scenario_robust_reliable_cost,0,1.8682570457458496,heterogeneity_pressure,-0.1570059061050415
0.5993477702140808,0.2451964169740677,2,task14u/seed10/heterogeneity_pressure/episode10/step24/unit2,20,scenario_robust_reliable_cost,0,3.0585577487945557,heterogeneity_pressure,0.014921963214874268
1.3789805173873901,0.3645602762699127,0,task14u/seed10/heterogeneity_pressure/episode9/step1/unit0,20,scenario_robust_reliable_cost,0,-4.457615852355957,heterogeneity_pressure,-2.338458776473999
1.2567877769470215,0.3190689980983734,0,task14u/seed10/heterogeneity_pressure/episode9/step1/unit1,20,scenario_robust_reliable_cost,0,-3.4346539974212646,heterogeneity_pressure,-1.842038631439209
0.5405459403991699,0.21966923773288727,2,task14b/seed8/medium/episode26/step38/unit2,20,scenario_robust_reliable_cost,1,4.401288032531738,medium,0.3801555335521698
0.5447778105735779,0.158378466963768,1,task14b/seed8/medium/episode15/step27/unit2,20,scenario_robust_reliable_cost,1,7.817338466644287,medium,1.138535499572754
1.5946214199066162,0.19779331982135773,1,task14b/seed8/medium/episode40/step32/unit2,20,scenario_robust_reliable_cost,1,1.491350769996643,medium,-0.67258220911026
0.31155189871788025,0.0959121584892273,1,task14b/seed8/medium/episode28/step33/unit2,20,scenario_robust_reliable_cost,1,9.675619125366211,medium,1.6380951404571533
0.5517627000808716,0.27060776948928833,2,task14b/seed8/medium/episode46/step31/unit0,20,scenario_robust_reliable_cost,-1,2.303762674331665,medium,-0.138139545917511
0.5467615723609924,0.2699473202228546,2,task14b/seed8/medium/episode46/step31/unit2,20,scenario_robust_reliable_cost,1,3.111948251724243,medium,0.022633731365203857
0.8766881227493286,0.30644291639328003,0,task14b/seed8/medium/episode42/step20/unit2,20,scenario_robust_reliable_cost,1,-0.12347998470067978,medium,-0.8155163526535034
1.0066864490509033,0.2629334032535553,0,task14b/seed8/medium/episode32/step24/unit2,20,scenario_robust_reliable_cost,1,-2.1775386333465576,medium,-1.1986629962921143
0.8029225468635559,0.20360633730888367,1,task14b/seed8/medium/episode30/step38/unit2,20,scenario_robust_reliable_cost,1,3.3470706939697266,medium,0.1108451783657074
0.5398520231246948,0.22190147638320923,2,task14b/seed8/medium/episode26/step35/unit2,20,scenario_robust_reliable_cost,1,4.331612586975098,medium,0.36279499530792236
0.6825324892997742,0.2339133769273758,0,task14b/seed8/medium/episode39/step28/unit2,20,scenario_robust_reliable_cost,1,3.4005205631256104,medium,0.18311026692390442
0.6823334097862244,0.17934083938598633,0,task14b/seed8/medium/episode28/step30/unit2,20,scenario_robust_reliable_cost,1,4.44661283493042,medium,0.49406957626342773
0.6799062490463257,0.11501528322696686,0,task14b/seed8/medium/episode15/step24/unit2,20,scenario_robust_reliable_cost,1,5.450138092041016,medium,0.8171454071998596
1.598769187927246,0.41308459639549255,1,task14b/seed8/medium/episode46/step27/unit0,20,scenario_robust_reliable_cost,0,4.316150188446045,medium,-1.1953020095825195
1.4339786767959595,0.3278166651725769,1,task14b/seed8/medium/episode46/step27/unit2,20,scenario_robust_reliable_cost,1,3.1310222148895264,medium,-0.8402939438819885
0.5653615593910217,0.25059330463409424,2,task14b/seed8/medium/episode8/step25/unit2,20,scenario_robust_reliable_cost,0,3.617215871810913,medium,0.14190340042114258
0.7509732842445374,0.3456465005874634,0,task14b/seed8/time_pressure/episode15/step17/unit1,20,scenario_robust_reliable_cost,-1,6.255833148956299,time_pressure,0.43747496604919434
0.7643676400184631,0.3516142964363098,0,task14b/seed8/time_pressure/episode15/step17/unit2,20,scenario_robust_reliable_cost,1,5.244699478149414,time_pressure,0.21602797508239746
0.7821627259254456,0.29320651292800903,0,task14b/seed8/time_pressure/episode36/step32/unit2,20,scenario_robust_reliable_cost,1,2.5975899696350098,time_pressure,-0.1765941083431244
0.5330554246902466,0.23711922764778137,2,task14b/seed8/time_pressure/episode17/step37/unit2,20,scenario_robust_reliable_cost,1,3.850902557373047,time_pressure,0.24556836485862732
0.5620761513710022,0.2465464174747467,2,task14b/seed8/time_pressure/episode15/step24/unit0,20,scenario_robust_reliable_cost,1,3.3997106552124023,time_pressure,0.11240226030349731
0.5585758686065674,0.24152304232120514,2,task14b/seed8/time_pressure/episode15/step24/unit2,20,scenario_robust_reliable_cost,1,4.191473007202148,time_pressure,0.2776029706001282
0.6743150353431702,0.22594647109508514,1,task14b/seed8/time_pressure/episode34/step27/unit2,20,scenario_robust_reliable_cost,1,7.2876105308532715,time_pressure,0.8473067283630371
0.7955595254898071,0.23395346105098724,0,task14b/seed8/time_pressure/episode38/step24/unit0,20,scenario_robust_reliable_cost,0,4.080153942108154,time_pressure,0.23573434352874756
0.7538555860519409,0.1578190177679062,0,task14b/seed8/time_pressure/episode38/step24/unit2,20,scenario_robust_reliable_cost,1,3.5071756839752197,time_pressure,0.32350581884384155
1.0507177114486694,0.3427280783653259,0,task14b/seed8/time_pressure/episode28/step19/unit0,20,scenario_robust_reliable_cost,0,0.3127690255641937,time_pressure,-1.0011999607086182
0.9544069766998291,0.284201055765152,0,task14b/seed8/time_pressure/episode28/step19/unit1,20,scenario_robust_reliable_cost,0,1.913977026939392,time_pressure,-0.43150922656059265
0.8487975597381592,0.25801077485084534,0,task14b/seed8/time_pressure/episode28/step19/unit2,20,scenario_robust_reliable_cost,0,3.2179501056671143,time_pressure,-0.026886343955993652
0.608505129814148,0.24181973934173584,1,task14b/seed8/time_pressure/episode46/step29/unit2,20,scenario_robust_reliable_cost,1,8.106125831604004,time_pressure,1.0089151859283447
0.5429892539978027,0.2541769742965698,2,task14b/seed8/time_pressure/episode39/step15/unit2,20,scenario_robust_reliable_cost,1,2.9817616939544678,time_pressure,0.03486424684524536
0.5522285103797913,0.25020647048950195,2,task14b/seed8/time_pressure/episode21/step23/unit2,20,scenario_robust_reliable_cost,1,3.1827316284179688,time_pressure,0.07259190082550049
0.7481874823570251,0.2645989954471588,0,task14b/seed8/time_pressure/episode47/step21/unit2,20,scenario_robust_reliable_cost,1,3.5254263877868652,time_pressure,0.09419381618499756
2.5680959224700928,0.43719738721847534,1,task14b/seed8/time_pressure/episode3/step0/unit0,20,scenario_robust_reliable_cost,0,0.6491633653640747,time_pressure,-3.2259461879730225
2.3810293674468994,0.3626564145088196,1,task14b/seed8/time_pressure/episode3/step0/unit1,20,scenario_robust_reliable_cost,0,1.868930697441101,time_pressure,-2.236532211303711
0.8090655207633972,0.14442549645900726,0,task14b/seed8/time_pressure/episode14/step20/unit2,20,scenario_robust_reliable_cost,0,0.0864676758646965,time_pressure,-0.32775944471359253
0.5516678690910339,0.24029088020324707,2,task14b/seed8/time_pressure/episode44/step45/unit2,20,scenario_robust_reliable_cost,1,3.7488608360290527,time_pressure,0.20226800441741943
1.3605380058288574,0.19682377576828003,1,task14b/seed8/heterogeneity_pressure/episode21/step26/unit0,20,scenario_robust_reliable_cost,0,5.735382080078125,heterogeneity_pressure,0.22668462991714478
1.017844319343567,0.11327652633190155,1,task14b/seed8/heterogeneity_pressure/episode21/step26/unit2,20,scenario_robust_reliable_cost,0,6.142033100128174,heterogeneity_pressure,0.7531383037567139
1.1578887701034546,0.22920727729797363,1,task14b/seed8/heterogeneity_pressure/episode14/step39/unit2,20,scenario_robust_reliable_cost,0,2.9165592193603516,heterogeneity_pressure,-0.2693442106246948
0.5814661979675293,0.23718109726905823,2,task14b/seed8/heterogeneity_pressure/episode42/step28/unit2,20,scenario_robust_reliable_cost,1,3.865892171859741,heterogeneity_pressure,0.20388752222061157
0.6562989354133606,0.2074114978313446,0,task14b/seed8/heterogeneity_pressure/episode13/step37/unit2,20,scenario_robust_reliable_cost,1,5.041810512542725,heterogeneity_pressure,0.5679425001144409
1.8721911907196045,0.19598478078842163,1,task14b/seed8/heterogeneity_pressure/episode26/step31/unit2,20,scenario_robust_reliable_cost,1,-4.269239902496338,heterogeneity_pressure,-1.8541419506072998
0.6936973333358765,0.20609678328037262,0,task14b/seed8/heterogeneity_pressure/episode31/step37/unit2,20,scenario_robust_reliable_cost,0,4.195091724395752,heterogeneity_pressure,0.3850145637989044
0.5534529685974121,0.28388074040412903,2,task14b/seed8/heterogeneity_pressure/episode5/step18/unit0,20,scenario_robust_reliable_cost,0,2.2812423706054688,heterogeneity_pressure,-0.17261767387390137
0.5542640089988708,0.278903990983963,2,task14b/seed8/heterogeneity_pressure/episode5/step18/unit2,20,scenario_robust_reliable_cost,0,2.73618745803833,heterogeneity_pressure,-0.07606899738311768
0.7541722655296326,0.15915925800800323,0,task14b/seed8/heterogeneity_pressure/episode41/step27/unit2,20,scenario_robust_reliable_cost,1,2.9916157722473145,heterogeneity_pressure,0.2212795615196228
1.5260257720947266,0.18540555238723755,1,task14b/seed8/heterogeneity_pressure/episode6/step25/unit2,20,scenario_robust_reliable_cost,0,0.16628606617450714,heterogeneity_pressure,-0.8124479055404663
0.630875289440155,0.16310001909732819,0,task14b/seed8/heterogeneity_pressure/episode30/step32/unit2,20,scenario_robust_reliable_cost,1,3.8328583240509033,heterogeneity_pressure,0.4334900975227356
0.5430607199668884,0.24303528666496277,2,task14b/seed8/heterogeneity_pressure/episode31/step29/unit2,20,scenario_robust_reliable_cost,0,3.3828511238098145,heterogeneity_pressure,0.13469552993774414
0.5583240389823914,0.21500402688980103,2,task14b/seed8/heterogeneity_pressure/episode33/step49/unit2,20,scenario_robust_reliable_cost,1,4.002717971801758,heterogeneity_pressure,0.299107164144516
3.110088348388672,0.3092164099216461,1,task14b/seed8/heterogeneity_pressure/episode29/step0/unit0,20,scenario_robust_reliable_cost,0,-5.677989959716797,heterogeneity_pressure,-3.8758773803710938
0.5489290952682495,0.19550950825214386,2,task14b/seed8/heterogeneity_pressure/episode43/step49/unit2,20,scenario_robust_reliable_cost,0,4.199886798858643,heterogeneity_pressure,0.38591668009757996
1.3621622323989868,0.18054620921611786,1,task14b/seed10/medium/episode9/step27/unit2,20,scenario_robust_reliable_cost,0,1.7140885591506958,medium,-0.4260464906692505
0.7677578330039978,0.14411425590515137,0,task14b/seed10/medium/episode20/step25/unit2,20,scenario_robust_reliable_cost,0,1.9345070123672485,medium,0.045754313468933105
1.8101963996887207,0.3532089293003082,1,task14b/seed10/medium/episode33/step0/unit0,20,scenario_robust_reliable_cost,0,3.2209548950195312,medium,-1.3281354904174805
1.7292503118515015,0.3603619635105133,1,task14b/seed10/medium/episode33/step0/unit1,20,scenario_robust_reliable_cost,0,5.07054328918457,medium,-0.949713945388794
0.37396240234375,0.2531117796897888,1,task14b/seed10/medium/episode27/step20/unit2,20,scenario_robust_reliable_cost,0,9.703747749328613,medium,1.4503252506256104
0.79709792137146,0.22370465099811554,0,task14b/seed10/medium/episode44/step25/unit2,20,scenario_robust_reliable_cost,0,2.2825446128845215,medium,-0.08678299188613892
3.699740171432495,0.3333950638771057,1,task14b/seed10/medium/episode44/step4/unit0,20,scenario_robust_reliable_cost,-1,-5.957334041595459,medium,-4.734683513641357
3.614841938018799,0.31646043062210083,1,task14b/seed10/medium/episode44/step4/unit1,20,scenario_robust_reliable_cost,0,-4.770815372467041,medium,-4.256446361541748
2.5651767253875732,0.3410794138908386,1,task14b/seed10/medium/episode28/step4/unit0,20,scenario_robust_reliable_cost,0,-0.5948777794837952,medium,-2.710336446762085
2.2302210330963135,0.32399246096611023,1,task14b/seed10/medium/episode28/step4/unit2,20,scenario_robust_reliable_cost,0,-0.1616615653038025,medium,-2.1795403957366943
0.5494769811630249,0.33858394622802734,2,task14b/seed10/medium/episode44/step0/unit0,20,scenario_robust_reliable_cost,0,-0.2279890775680542,medium,-0.7630903720855713
0.5592290163040161,0.3349163830280304,2,task14b/seed10/medium/episode44/step0/unit1,20,scenario_robust_reliable_cost,0,-0.29344865679740906,medium,-0.7804134488105774
0.4567456543445587,0.2008451521396637,1,task14b/seed10/medium/episode39/step28/unit2,20,scenario_robust_reliable_cost,1,4.105404376983643,medium,0.459745854139328
0.670878529548645,0.2071092277765274,0,task14b/seed10/medium/episode2/step30/unit2,20,scenario_robust_reliable_cost,0,5.971084117889404,medium,0.7382511496543884
2.9953064918518066,0.3823375403881073,1,task14b/seed10/medium/episode12/step4/unit0,20,scenario_robust_reliable_cost,0,-3.0075759887695312,medium,-3.9454808235168457
2.979067325592041,0.33886978030204773,1,task14b/seed10/medium/episode12/step4/unit1,20,scenario_robust_reliable_cost,0,-0.8942529559135437,medium,-3.1643600463867188
0.5327163338661194,0.28931063413619995,2,task14b/seed10/medium/episode24/step20/unit2,20,scenario_robust_reliable_cost,0,2.8576722145080566,medium,-0.051096439361572266
0.5626378655433655,0.28328466415405273,2,task14b/seed10/medium/episode35/step7/unit1,20,scenario_robust_reliable_cost,0,1.2305296659469604,medium,-0.3818039298057556
0.5629762411117554,0.2829776406288147,2,task14b/seed10/medium/episode35/step7/unit2,20,scenario_robust_reliable_cost,0,2.0305683612823486,medium,-0.22891807556152344
0.5405058860778809,0.13173288106918335,0,task14b/seed10/medium/episode22/step46/unit2,20,scenario_robust_reliable_cost,0,6.806181907653809,medium,1.098423957824707
0.5452319979667664,0.24851688742637634,2,task14b/seed10/time_pressure/episode44/step22/unit2,20,scenario_robust_reliable_cost,0,3.6443467140197754,time_pressure,0.17096811532974243
0.49154549837112427,0.36185967922210693,1,task14b/seed10/time_pressure/episode18/step26/unit2,20,scenario_robust_reliable_cost,0,6.239449977874756,time_pressure,0.5842843055725098
0.8972979784011841,0.20258916914463043,0,task14b/seed10/time_pressure/episode31/step21/unit2,20,scenario_robust_reliable_cost,1,0.44087526202201843,time_pressure,-0.45100733637809753
0.5899910926818848,0.26100417971611023,2,task14b/seed10/time_pressure/episode41/step18/unit2,20,scenario_robust_reliable_cost,0,3.174351215362549,time_pressure,0.009806692600250244
0.5568024516105652,0.2873695194721222,2,task14b/seed10/time_pressure/episode28/step8/unit0,20,scenario_robust_reliable_cost,0,1.560778260231018,time_pressure,-0.321220338344574
0.5517485737800598,0.27426961064338684,2,task14b/seed10/time_pressure/episode28/step8/unit2,20,scenario_robust_reliable_cost,0,2.3078360557556152,time_pressure,-0.14516276121139526
0.548866868019104,0.2602805495262146,2,task14b/seed10/time_pressure/episode16/step22/unit2,20,scenario_robust_reliable_cost,0,3.3461949825286865,time_pressure,0.08563482761383057
0.8081002831459045,0.12392660975456238,1,task14b/seed10/time_pressure/episode26/step20/unit2,20,scenario_robust_reliable_cost,0,5.545760154724121,time_pressure,0.6918083429336548
0.6101300716400146,0.13410624861717224,0,task14b/seed10/time_pressure/episode5/step22/unit2,20,scenario_robust_reliable_cost,0,6.069541931152344,time_pressure,0.9255294799804688
0.7514269948005676,0.2770131230354309,0,task14b/seed10/time_pressure/episode47/step24/unit2,20,scenario_robust_reliable_cost,0,3.058706521987915,time_pressure,-0.02553701400756836
0.5474696755409241,0.25069424510002136,2,task14b/seed10/time_pressure/episode44/step19/unit2,20,scenario_robust_reliable_cost,0,3.523308753967285,time_pressure,0.14112132787704468
1.692193865776062,0.3456844985485077,1,task14b/seed10/time_pressure/episode41/step12/unit0,20,scenario_robust_reliable_cost,-1,1.5311237573623657,time_pressure,-1.4678055047988892
0.7685449719429016,0.15940937399864197,0,task14b/seed10/time_pressure/episode3/step24/unit2,20,scenario_robust_reliable_cost,1,2.467316150665283,time_pressure,0.11319121718406677
0.8415353894233704,0.16045132279396057,0,task14b/seed10/time_pressure/episode12/step18/unit2,20,scenario_robust_reliable_cost,0,0.44482770562171936,time_pressure,-0.31244391202926636
1.2457786798477173,0.3831869959831238,0,task14b/seed10/time_pressure/episode30/step0/unit1,20,scenario_robust_reliable_cost,0,-2.5350840091705322,time_pressure,-1.8941859006881714
0.5541229248046875,0.27413198351860046,2,task14b/seed10/heterogeneity_pressure/episode18/step5/unit0,20,scenario_robust_reliable_cost,0,1.273837924003601,heterogeneity_pressure,-0.3445967435836792
0.5631564259529114,0.26736658811569214,2,task14b/seed10/heterogeneity_pressure/episode18/step5/unit1,20,scenario_robust_reliable_cost,0,1.3257663249969482,heterogeneity_pressure,-0.3295344114303589
0.5615577697753906,0.27211302518844604,2,task14b/seed10/heterogeneity_pressure/episode18/step5/unit2,20,scenario_robust_reliable_cost,0,1.7980536222457886,heterogeneity_pressure,-0.24811333417892456
2.4399197101593018,0.161264568567276,1,task14b/seed10/heterogeneity_pressure/episode10/step4/unit0,20,scenario_robust_reliable_cost,0,-2.4472944736480713,heterogeneity_pressure,-1.6079652309417725
1.882712960243225,0.0349341556429863,1,task14b/seed10/heterogeneity_pressure/episode10/step4/unit1,20,scenario_robust_reliable_cost,1,1.2072060108184814,heterogeneity_pressure,0.019716456532478333
1.7629814147949219,0.018678653985261917,1,task14b/seed10/heterogeneity_pressure/episode10/step4/unit2,20,scenario_robust_reliable_cost,0,-0.6833097338676453,heterogeneity_pressure,-0.2199801504611969
0.5695083737373352,0.30719345808029175,2,task14b/seed10/heterogeneity_pressure/episode10/step0/unit0,20,scenario_robust_reliable_cost,0,0.7595034837722778,heterogeneity_pressure,-0.5318357944488525
0.5588264465332031,0.2951541543006897,2,task14b/seed10/heterogeneity_pressure/episode10/step0/unit1,20,scenario_robust_reliable_cost,1,0.9934353232383728,heterogeneity_pressure,-0.44850361347198486
3.3815805912017822,0.2334415465593338,1,task14b/seed10/heterogeneity_pressure/episode40/step5/unit0,20,scenario_robust_reliable_cost,0,-5.2599639892578125,heterogeneity_pressure,-3.2884583473205566
3.3508782386779785,0.1915474832057953,1,task14b/seed10/heterogeneity_pressure/episode40/step5/unit1,20,scenario_robust_reliable_cost,0,-5.730273723602295,heterogeneity_pressure,-2.9332375526428223
2.479649305343628,0.33261266350746155,1,task14b/seed10/heterogeneity_pressure/episode21/step5/unit0,20,scenario_robust_reliable_cost,0,-2.003326416015625,heterogeneity_pressure,-2.812419891357422
2.114875555038452,0.25081121921539307,1,task14b/seed10/heterogeneity_pressure/episode21/step5/unit1,20,scenario_robust_reliable_cost,0,0.27653905749320984,heterogeneity_pressure,-1.5294345617294312
2.327514171600342,0.2864476144313812,1,task14b/seed10/heterogeneity_pressure/episode21/step5/unit2,20,scenario_robust_reliable_cost,-1,-3.011120080947876,heterogeneity_pressure,-2.5218758583068848
0.5804712772369385,0.300753653049469,2,task14b/seed10/heterogeneity_pressure/episode8/step6/unit0,20,scenario_robust_reliable_cost,0,0.8056034445762634,heterogeneity_pressure,-0.5216107368469238
0.5899813771247864,0.2995656430721283,2,task14b/seed10/heterogeneity_pressure/episode8/step6/unit1,20,scenario_robust_reliable_cost,-1,0.4426293671131134,heterogeneity_pressure,-0.5991912484169006
0.5746450424194336,0.30396273732185364,2,task14b/seed10/heterogeneity_pressure/episode8/step6/unit2,20,scenario_robust_reliable_cost,0,1.303861379623413,heterogeneity_pressure,-0.42693522572517395
2.6940906047821045,0.23503698408603668,1,task14b/seed10/heterogeneity_pressure/episode40/step2/unit0,20,scenario_robust_reliable_cost,0,-0.8977820873260498,heterogeneity_pressure,-2.0449490547180176
0.5438647270202637,0.2076742798089981,2,task14b/seed10/heterogeneity_pressure/episode32/step32/unit2,20,scenario_robust_reliable_cost,1,3.530323028564453,heterogeneity_pressure,0.2364530861377716
1.1717393398284912,0.3535480797290802,0,task14b/seed10/heterogeneity_pressure/episode8/step3/unit0,20,scenario_robust_reliable_cost,0,-2.2243220806121826,heterogeneity_pressure,-1.6484830379486084
1.5876678228378296,0.4603745639324188,1,task14b/seed10/heterogeneity_pressure/episode4/step6/unit0,20,scenario_robust_reliable_cost,0,4.747044086456299,heterogeneity_pressure,-1.3282127380371094
1.0860599279403687,0.2485710084438324,0,task14b/seed10/heterogeneity_pressure/episode27/step5/unit0,20,scenario_robust_reliable_cost,0,-0.9444983601570129,heterogeneity_pressure,-0.9771864414215088
1.0340176820755005,0.1774549037218094,0,task14b/seed10/heterogeneity_pressure/episode27/step5/unit1,20,scenario_robust_reliable_cost,-1,-1.059159278869629,heterogeneity_pressure,-0.7443770170211792
1.0364856719970703,0.18854449689388275,0,task14b/seed10/heterogeneity_pressure/episode27/step5/unit2,20,scenario_robust_reliable_cost,0,-1.499969720840454,heterogeneity_pressure,-0.864275336265564
1.2840120792388916,0.3740635812282562,0,task14b/seed10/heterogeneity_pressure/episode2/step2/unit0,20,scenario_robust_reliable_cost,0,-2.936889171600342,heterogeneity_pressure,-1.980073094367981
1.1541599035263062,0.317425012588501,0,task14b/seed10/heterogeneity_pressure/episode2/step2/unit2,20,scenario_robust_reliable_cost,0,-2.0688905715942383,heterogeneity_pressure,-1.4774147272109985
2.736427068710327,0.24436572194099426,1,task14b/seed10/heterogeneity_pressure/episode5/step6/unit0,20,scenario_robust_reliable_cost,0,-2.5133144855499268,heterogeneity_pressure,-2.438908576965332
2.3286995887756348,0.13740967214107513,1,task14b/seed10/heterogeneity_pressure/episode5/step6/unit1,20,scenario_robust_reliable_cost,0,0.09371589124202728,heterogeneity_pressure,-0.9356840252876282
0.7438791394233704,0.2254830300807953,0,task14b/seed10/heterogeneity_pressure/episode36/step49/unit2,20,scenario_robust_reliable_cost,0,2.5412566661834717,heterogeneity_pressure,-0.005865335464477539
1.6148608922958374,0.26711025834083557,2,task14u/seed8/medium/episode25/step23/unit0,21,standard,0,-1.6311196088790894,medium,-1.979515790939331
1.1127632856369019,0.2403779923915863,2,task14u/seed8/medium/episode25/step23/unit2,21,standard,1,1.366319179534912,medium,-0.7740182280540466
1.392446517944336,0.40342122316360474,1,task14u/seed8/medium/episode0/step26/unit2,21,standard,0,2.8074307441711426,medium,-1.170872449874878
1.1539998054504395,0.23766864836215973,0,task14u/seed8/medium/episode18/step31/unit2,21,standard,0,3.8184142112731934,medium,-0.07436025142669678
0.9745433926582336,0.22499407827854156,2,task14u/seed8/medium/episode5/step12/unit2,21,standard,0,1.5452580451965332,medium,-0.5533883571624756
0.8068563938140869,0.19470620155334473,2,task14u/seed8/medium/episode21/step37/unit2,21,standard,0,2.473682403564453,medium,-0.13585755228996277
1.105508804321289,0.23392289876937866,2,task14u/seed8/medium/episode30/step17/unit2,21,standard,1,-1.407063364982605,medium,-1.2686268091201782
1.0481096506118774,0.241018608212471,0,task14u/seed8/medium/episode20/step26/unit2,21,standard,1,4.710153579711914,medium,0.16087192296981812
4.894381046295166,0.24690379202365875,1,task14u/seed8/medium/episode1/step27/unit2,21,standard,0,1.6487152576446533,medium,-3.302541494369507
0.6563098430633545,0.16402460634708405,1,task14u/seed8/medium/episode20/step18/unit1,21,standard,-1,9.92507553100586,medium,1.4511473178863525
0.04360082745552063,0.3724469840526581,1,task14u/seed8/medium/episode20/step18/unit2,21,standard,0,10.791261672973633,medium,1.8778362274169922
1.0134756565093994,0.15499167144298553,0,task14u/seed8/medium/episode35/step38/unit2,21,standard,0,5.877921104431152,medium,0.6668955087661743
0.9930436015129089,0.0902000293135643,0,task14u/seed8/medium/episode24/step30/unit2,21,standard,0,5.720317840576172,medium,0.8355604410171509
5.0,0.2937937080860138,1,task14u/seed8/time_pressure/episode6/step1/unit0,21,standard,-1,1.4017914533615112,time_pressure,-4.122054100036621
5.0,0.17935910820960999,1,task14u/seed8/time_pressure/episode6/step1/unit1,21,standard,0,1.724307894706726,time_pressure,-2.3614611625671387
5.0,0.32782411575317383,1,task14u/seed8/time_pressure/episode12/step0/unit0,21,standard,0,1.3706011772155762,time_pressure,-4.6340651512146
5.0,0.27289876341819763,1,task14u/seed8/time_pressure/episode12/step0/unit1,21,standard,0,2.324348211288452,time_pressure,-3.646423578262329
3.3167128562927246,0.38811761140823364,1,task14u/seed8/time_pressure/episode35/step22/unit2,21,standard,0,1.9764528274536133,time_pressure,-3.4786839485168457
0.7124557495117188,0.2597876191139221,2,task14u/seed8/time_pressure/episode19/step23/unit2,21,standard,1,3.824262857437134,time_pressure,0.013480186462402344
1.2468411922454834,0.2230272740125656,0,task14u/seed8/time_pressure/episode4/step5/unit0,21,standard,-1,-1.9018906354904175,time_pressure,-1.1851359605789185
1.196692705154419,0.16585074365139008,0,task14u/seed8/time_pressure/episode4/step5/unit1,21,standard,0,-0.7460381984710693,time_pressure,-0.7283411026000977
0.18109874427318573,0.432871550321579,1,task14u/seed8/time_pressure/episode33/step18/unit0,21,standard,-1,13.160813331604004,time_pressure,2.115790843963623
1.4839093685150146,0.40817394852638245,1,task14u/seed8/time_pressure/episode27/step7/unit0,21,standard,0,4.878819942474365,time_pressure,-0.9319585561752319
0.07752709835767746,0.43797609210014343,1,task14u/seed8/time_pressure/episode27/step7/unit2,21,standard,1,7.719443321228027,time_pressure,1.2768062353134155
0.9495081305503845,0.12681648135185242,0,task14u/seed8/time_pressure/episode2/step25/unit2,21,standard,0,8.003142356872559,time_pressure,1.183466911315918
0.9458805918693542,0.20297937095165253,2,task14u/seed8/time_pressure/episode15/step15/unit2,21,standard,1,2.060783863067627,time_pressure,-0.3495769798755646
1.2697831392288208,0.28743141889572144,0,task14u/seed8/time_pressure/episode27/step12/unit0,21,standard,0,0.13062343001365662,time_pressure,-1.050550103187561
1.1788583993911743,0.256605863571167,0,task14u/seed8/time_pressure/episode27/step12/unit2,21,standard,1,1.8993313312530518,time_pressure,-0.5264496207237244
1.5240709781646729,0.21243856847286224,2,task14u/seed8/time_pressure/episode22/step8/unit0,21,standard,0,-1.1608314514160156,time_pressure,-1.4737284183502197
1.2390459775924683,0.19277571141719818,2,task14u/seed8/time_pressure/episode22/step8/unit1,21,standard,-1,1.674489140510559,time_pressure,-0.604519248008728
1.0678037405014038,0.21044161915779114,2,task14u/seed8/time_pressure/episode22/step8/unit2,21,standard,0,1.532913088798523,time_pressure,-0.5767993927001953
1.117224931716919,0.19461186230182648,0,task14u/seed8/heterogeneity_pressure/episode20/step29/unit0,21,standard,1,4.431008338928223,heterogeneity_pressure,0.21092349290847778
0.9949987530708313,0.16047295928001404,0,task14u/seed8/heterogeneity_pressure/episode20/step29/unit2,21,standard,-1,6.436983108520508,heterogeneity_pressure,0.7667238712310791
0.8494666814804077,0.19896002113819122,2,task14u/seed8/heterogeneity_pressure/episode35/step28/unit2,21,standard,0,1.883889079093933,heterogeneity_pressure,-0.29441341757774353
0.8543660640716553,0.09109903126955032,0,task14u/seed8/heterogeneity_pressure/episode16/step48/unit2,21,standard,0,8.779414176940918,heterogeneity_pressure,1.458176612854004
0.9366779327392578,0.187047079205513,0,task14u/seed8/heterogeneity_pressure/episode12/step25/unit2,21,standard,1,6.512753486633301,heterogeneity_pressure,0.7355108261108398
5.0,0.15067121386528015,1,task14u/seed8/heterogeneity_pressure/episode21/step21/unit2,21,standard,0,-3.6544806957244873,heterogeneity_pressure,-2.894603967666626
2.1259713172912598,0.13108614087104797,2,task14u/seed8/heterogeneity_pressure/episode4/step5/unit0,21,standard,0,-2.7632546424865723,heterogeneity_pressure,-1.6049617528915405
1.7739429473876953,0.12104625254869461,2,task14u/seed8/heterogeneity_pressure/episode4/step5/unit2,21,standard,0,-1.7259982824325562,heterogeneity_pressure,-1.1597514152526855
0.9346902966499329,0.18413591384887695,0,task14u/seed8/heterogeneity_pressure/episode6/step38/unit2,21,standard,0,6.383490562438965,heterogeneity_pressure,0.7197793126106262
1.203516960144043,0.20347963273525238,1,task14u/seed8/heterogeneity_pressure/episode25/step17/unit2,21,standard,0,7.517117023468018,heterogeneity_pressure,0.6128579378128052
5.0,0.2347920536994934,1,task14u/seed8/heterogeneity_pressure/episode11/step49/unit2,21,standard,0,-0.04067622497677803,heterogeneity_pressure,-3.5014572143554688
1.1619863510131836,0.19494003057479858,0,task14u/seed8/heterogeneity_pressure/episode19/step11/unit0,21,standard,0,2.1136839389801025,heterogeneity_pressure,-0.26130566000938416
1.4329615831375122,0.2781324088573456,2,task14u/seed8/heterogeneity_pressure/episode30/step25/unit2,21,standard,0,-3.3887157440185547,heterogeneity_pressure,-2.187894105911255
1.3151735067367554,0.2856139838695526,0,task14u/seed10/medium/episode30/step5/unit0,21,standard,0,-2.496542453765869,medium,-1.5869457721710205
1.286088228225708,0.2252911478281021,0,task14u/seed10/medium/episode30/step5/unit1,21,standard,0,-1.0445215702056885,medium,-1.0547122955322266
5.0,0.06309502571821213,1,task14u/seed10/medium/episode33/step12/unit2,21,standard,-1,1.207715630531311,medium,-0.7234165668487549
1.1180139780044556,0.20566433668136597,0,task14u/seed10/medium/episode32/step36/unit2,21,standard,0,1.886273980140686,medium,-0.31509140133857727
1.3176722526550293,0.1693071573972702,2,task14u/seed10/medium/episode21/step6/unit1,21,standard,-1,2.04215931892395,medium,-0.4734107553958893
0.9173857569694519,0.18265652656555176,2,task14u/seed10/medium/episode21/step6/unit2,21,standard,0,4.149251937866211,medium,0.14323294162750244
0.7293379306793213,0.15379884839057922,2,task14u/seed10/medium/episode35/step28/unit2,21,standard,0,2.7667031288146973,medium,0.09381011128425598
1.2251640558242798,0.23669184744358063,0,task14u/seed10/medium/episode8/step13/unit2,21,standard,0,-0.5292170643806458,medium,-0.9563747048377991
0.9901462197303772,0.16809870302677155,0,task14u/seed10/medium/episode13/step19/unit2,21,standard,0,4.728255271911621,medium,0.4183169901371002
1.6724365949630737,0.16569386422634125,2,task14u/seed10/medium/episode19/step7/unit0,21,standard,-1,-3.88460111618042,medium,-1.8127477169036865
1.208412766456604,0.1646433025598526,2,task14u/seed10/medium/episode19/step7/unit2,21,standard,-1,-1.304137110710144,medium,-1.0182862281799316
1.408768653869629,0.3568463921546936,0,task14u/seed10/medium/episode9/step0/unit0,21,standard,0,-3.9579403400421143,medium,-2.2423901557922363
1.3672205209732056,0.32427382469177246,0,task14u/seed10/medium/episode9/step0/unit1,21,standard,0,-3.163983106613159,medium,-1.9148303270339966
1.0591589212417603,0.22658725082874298,2,task14u/seed10/medium/episode28/step24/unit2,21,standard,0,1.9796148538589478,medium,-0.5507099628448486
1.034315824508667,0.18597108125686646,2,task14u/seed10/medium/episode17/step30/unit2,21,standard,0,-1.2863283157348633,medium,-0.9893448352813721
3.3625144958496094,0.1955745816230774,1,task14u/seed10/time_pressure/episode32/step15/unit2,21,standard,0,3.029449939727783,time_pressure,-1.4166221618652344
5.0,0.3810473084449768,1,task14u/seed10/time_pressure/episode28/step12/unit0,21,standard,-1,-1.1053881645202637,time_pressure,-5.868085861206055
5.0,0.30009883642196655,1,task14u/seed10/time_pressure/episode28/step12/unit1,21,standard,-1,-0.5396845936775208,time_pressure,-4.5624284744262695
2.835402488708496,0.3741645812988281,1,task14u/seed10/time_pressure/episode28/step12/unit2,21,standard,0,3.653259754180908,time_pressure,-2.5056204795837402
1.0095362663269043,0.2579350173473358,2,task14u/seed10/time_pressure/episode20/step18/unit2,21,standard,0,-0.7947537302970886,time_pressure,-1.1587707996368408
5.0,0.1517668217420578,1,task14u/seed10/time_pressure/episode27/step14/unit2,21,standard,0,4.306480407714844,time_pressure,-1.4899290800094604
0.5804467797279358,0.08716997504234314,2,task14u/seed10/time_pressure/episode1/step27/unit2,21,standard,0,6.694666385650635,time_pressure,1.081138014793396
0.709726095199585,0.30666816234588623,1,task14u/seed10/time_pressure/episode18/step12/unit2,21,standard,0,3.50909686088562,time_pressure,-0.021467626094818115
1.4740287065505981,0.2600559592247009,2,task14u/seed10/time_pressure/episode30/step14/unit2,21,standard,0,-2.901639699935913,time_pressure,-2.036113977432251
1.0643744468688965,0.1593548059463501,0,task14u/seed10/time_pressure/episode0/step17/unit2,21,standard,0,3.761215925216675,time_pressure,0.22308915853500366
1.208065390586853,0.24165765941143036,0,task14u/seed10/time_pressure/episode27/step15/unit2,21,standard,0,0.8090097308158875,time_pressure,-0.7048958539962769
0.8265702128410339,0.30144527554512024,1,task14u/seed10/time_pressure/episode8/step25/unit2,21,standard,0,7.442356586456299,time_pressure,0.586790919303894
1.3855992555618286,0.25763437151908875,0,task14u/seed10/time_pressure/episode6/step3/unit0,21,standard,0,-2.5355403423309326,time_pressure,-1.5394648313522339
1.303259253501892,0.2049008011817932,0,task14u/seed10/time_pressure/episode6/step3/unit1,21,standard,0,-1.1214100122451782,time_pressure,-1.00257408618927
5.0,0.10414633899927139,1,task14u/seed10/heterogeneity_pressure/episode12/step30/unit2,21,standard,0,-0.694724440574646,heterogeneity_pressure,-1.6739190816879272
1.1545000076293945,0.23443062603473663,2,task14u/seed10/heterogeneity_pressure/episode28/step27/unit2,21,standard,0,-2.710681915283203,heterogeneity_pressure,-1.5638551712036133
1.933269739151001,0.1429097056388855,2,task14u/seed10/heterogeneity_pressure/episode9/step4/unit1,21,standard,0,-2.712233304977417,heterogeneity_pressure,-1.5859384536743164
1.694870948791504,0.15976452827453613,2,task14u/seed10/heterogeneity_pressure/episode9/step4/unit2,21,standard,0,-1.8741371631622314,heterogeneity_pressure,-1.4048075675964355
1.1426365375518799,0.22901827096939087,0,task14u/seed10/heterogeneity_pressure/episode16/step10/unit2,21,standard,0,1.4359086751937866,heterogeneity_pressure,-0.4952308237552643
1.1357758045196533,0.1005745455622673,2,task14u/seed10/heterogeneity_pressure/episode19/step13/unit2,21,standard,0,0.7462990880012512,heterogeneity_pressure,-0.29949647188186646
0.02717328816652298,0.10850764065980911,1,task14u/seed10/heterogeneity_pressure/episode31/step34/unit2,21,standard,0,18.203956604003906,heterogeneity_pressure,3.2405121326446533
1.1151677370071411,0.19371969997882843,0,task14u/seed10/heterogeneity_pressure/episode12/step24/unit2,21,standard,0,2.6213128566741943,heterogeneity_pressure,-0.13282078504562378
1.0708935260772705,0.18191832304000854,0,task14u/seed10/heterogeneity_pressure/episode16/step29/unit2,21,standard,0,3.1477553844451904,heterogeneity_pressure,0.030895471572875977
1.3011066913604736,0.26605015993118286,0,task14u/seed10/heterogeneity_pressure/episode16/step7/unit0,21,standard,0,-1.1572068929672241,heterogeneity_pressure,-1.2426400184631348
1.1663259267807007,0.226189523935318,0,task14u/seed10/heterogeneity_pressure/episode16/step7/unit2,21,standard,0,1.126797080039978,heterogeneity_pressure,-0.5609136819839478
1.2301307916641235,0.24488309025764465,2,task14u/seed10/heterogeneity_pressure/episode10/step24/unit2,21,standard,0,-3.253514051437378,heterogeneity_pressure,-1.7856999635696411
1.5068354606628418,0.3151455521583557,0,task14u/seed10/heterogeneity_pressure/episode9/step1/unit0,21,standard,0,-4.304083824157715,heterogeneity_pressure,-2.226870536804199
1.4239104986190796,0.297878235578537,0,task14u/seed10/heterogeneity_pressure/episode9/step1/unit1,21,standard,0,-4.00145149230957,heterogeneity_pressure,-2.0192151069641113
0.45070308446884155,0.052582044154405594,2,task14b/seed8/medium/episode26/step38/unit2,21,standard,1,8.793804168701172,medium,1.5855400562286377
0.04739777371287346,0.15609855949878693,1,task14b/seed8/medium/episode15/step27/unit2,21,standard,1,10.772405624389648,medium,1.900782823562622
3.1574926376342773,0.12378857284784317,1,task14b/seed8/medium/episode40/step32/unit2,21,standard,1,8.690997123718262,medium,0.38791918754577637
0.10110640525817871,0.09746354818344116,1,task14b/seed8/medium/episode28/step33/unit2,21,standard,1,12.304816246032715,medium,2.166999578475952
1.2053756713867188,0.18384413421154022,2,task14b/seed8/medium/episode46/step31/unit0,21,standard,-1,2.4223825931549072,medium,-0.3951288163661957
0.7962744832038879,0.18229399621486664,2,task14b/seed8/medium/episode46/step31/unit2,21,standard,1,5.065523147583008,medium,0.4046717882156372
1.2008883953094482,0.2690083384513855,0,task14b/seed8/medium/episode42/step20/unit2,21,standard,1,1.3199912309646606,medium,-0.6983656883239746
1.2310870885849,0.2131962776184082,0,task14b/seed8/medium/episode32/step24/unit2,21,standard,1,0.6060839295387268,medium,-0.6570327281951904
5.0,0.3152434825897217,1,task14b/seed8/medium/episode30/step38/unit2,21,standard,1,-9.061917304992676,medium,-6.308976173400879
0.47158411145210266,0.05701722577214241,2,task14b/seed8/medium/episode26/step35/unit2,21,standard,1,8.581217765808105,medium,1.5326573848724365
0.932090163230896,0.16743417084217072,0,task14b/seed8/medium/episode39/step28/unit2,21,standard,1,4.887904644012451,medium,0.4795922636985779
0.9862622022628784,0.11944243311882019,0,task14b/seed8/medium/episode28/step30/unit2,21,standard,1,5.306943416595459,medium,0.672905683517456
0.9609253406524658,0.0515068918466568,0,task14b/seed8/medium/episode15/step24/unit2,21,standard,1,5.894508361816406,medium,0.9871619939804077
4.412853240966797,0.27679941058158875,1,task14b/seed8/medium/episode46/step27/unit0,21,standard,0,6.343819618225098,medium,-2.5032904148101807
0.3073912560939789,0.27573633193969727,1,task14b/seed8/medium/episode46/step27/unit2,21,standard,1,9.418603897094727,medium,1.4288816452026367
0.8668505549430847,0.1697387397289276,2,task14b/seed8/medium/episode8/step25/unit2,21,standard,0,2.520869731903076,medium,-0.08832600712776184
1.0597914457321167,0.1614401489496231,0,task14b/seed8/time_pressure/episode15/step17/unit1,21,standard,-1,5.1470561027526855,time_pressure,0.48511189222335815
1.015755534172058,0.18498384952545166,0,task14b/seed8/time_pressure/episode15/step17/unit2,21,standard,1,5.616846561431885,time_pressure,0.5258849263191223
1.0796678066253662,0.22738008201122284,0,task14b/seed8/time_pressure/episode36/step32/unit2,21,standard,1,4.486781120300293,time_pressure,0.13891685009002686
0.4952496290206909,0.13635580241680145,2,task14b/seed8/time_pressure/episode17/step37/unit2,21,standard,1,6.936919212341309,time_pressure,1.061847448348999
0.716690719127655,0.2422906458377838,2,task14b/seed8/time_pressure/episode15/step24/unit0,21,standard,1,4.890232086181641,time_pressure,0.2610362768173218
0.4472864270210266,0.22685469686985016,2,task14b/seed8/time_pressure/episode15/step24/unit2,21,standard,1,7.387349605560303,time_pressure,1.0164828300476074
0.8077617883682251,0.30475670099258423,1,task14b/seed8/time_pressure/episode34/step27/unit2,21,standard,1,4.654295444488525,time_pressure,0.09805423021316528
1.152364730834961,0.17887738347053528,0,task14b/seed8/time_pressure/episode38/step24/unit0,21,standard,0,3.091693162918091,time_pressure,-0.013233780860900879
1.0597078800201416,0.15830698609352112,0,task14b/seed8/time_pressure/episode38/step24/unit2,21,standard,1,3.97578763961792,time_pressure,0.2697979509830475
1.2635853290557861,0.24904239177703857,0,task14b/seed8/time_pressure/episode28/step19/unit0,21,standard,0,0.5429611802101135,time_pressure,-0.823078453540802
1.2091052532196045,0.21171729266643524,0,task14b/seed8/time_pressure/episode28/step19/unit1,21,standard,0,1.4214951992034912,time_pressure,-0.48121359944343567
1.1230781078338623,0.18696635961532593,0,task14b/seed8/time_pressure/episode28/step19/unit2,21,standard,0,3.2516345977783203,time_pressure,0.006175398826599121
0.030723845586180687,0.17503175139427185,1,task14b/seed8/time_pressure/episode46/step29/unit2,21,standard,1,14.946337699890137,time_pressure,2.651818037033081
0.614640474319458,0.07462739944458008,2,task14b/seed8/time_pressure/episode39/step15/unit2,21,standard,1,7.307460308074951,time_pressure,1.2163032293319702
1.0146976709365845,0.16005025804042816,2,task14b/seed8/time_pressure/episode21/step23/unit2,21,standard,1,1.4886512756347656,time_pressure,-0.34423890709877014
1.0799332857131958,0.2289198338985443,0,task14b/seed8/time_pressure/episode47/step21/unit2,21,standard,1,4.909080982208252,time_pressure,0.2150118350982666
5.0,0.3299793004989624,1,task14b/seed8/time_pressure/episode3/step0/unit0,21,standard,0,2.1238839626312256,time_pressure,-4.531682968139648
5.0,0.2792437672615051,1,task14b/seed8/time_pressure/episode3/step0/unit1,21,standard,0,0.24184554815292358,time_pressure,-4.112563133239746
1.0836914777755737,0.18803849816322327,0,task14b/seed8/time_pressure/episode14/step20/unit2,21,standard,0,2.125498056411743,time_pressure,-0.19200965762138367
0.5904189944267273,0.20427948236465454,2,task14b/seed8/time_pressure/episode44/step45/unit2,21,standard,1,4.0350847244262695,time_pressure,0.303081214427948
3.613147020339966,0.09000960737466812,1,task14b/seed8/heterogeneity_pressure/episode21/step26/unit0,21,standard,0,10.524942398071289,heterogeneity_pressure,0.910649299621582
0.5650066137313843,0.10767215490341187,1,task14b/seed8/heterogeneity_pressure/episode21/step26/unit2,21,standard,0,15.229199409484863,heterogeneity_pressure,2.5372414588928223
0.2602776288986206,0.1731732189655304,1,task14b/seed8/heterogeneity_pressure/episode14/step39/unit2,21,standard,0,7.371082782745361,heterogeneity_pressure,1.181533932685852
0.5618056058883667,0.19504734873771667,2,task14b/seed8/heterogeneity_pressure/episode42/step28/unit2,21,standard,1,5.340785503387451,heterogeneity_pressure,0.5947824716567993
0.9296366572380066,0.12970928847789764,0,task14b/seed8/heterogeneity_pressure/episode13/step37/unit2,21,standard,1,5.910726070404053,heterogeneity_pressure,0.7807676792144775
5.0,0.3759652078151703,1,task14b/seed8/heterogeneity_pressure/episode26/step31/unit2,21,standard,1,-6.610527038574219,heterogeneity_pressure,-6.77508544921875
1.025226354598999,0.16290633380413055,0,task14b/seed8/heterogeneity_pressure/episode31/step37/unit2,21,standard,0,4.892197608947754,heterogeneity_pressure,0.4481392800807953
1.1962988376617432,0.2614177465438843,2,task14b/seed8/heterogeneity_pressure/episode5/step18/unit0,21,standard,0,2.2319583892822266,heterogeneity_pressure,-0.7839423418045044
0.8328637480735779,0.2606434226036072,2,task14b/seed8/heterogeneity_pressure/episode5/step18/unit2,21,standard,0,4.137824058532715,heterogeneity_pressure,-0.05046355724334717
1.0102821588516235,0.13057559728622437,0,task14b/seed8/heterogeneity_pressure/episode41/step27/unit2,21,standard,1,4.743948936462402,heterogeneity_pressure,0.5230832099914551
5.0,0.21050769090652466,1,task14b/seed8/heterogeneity_pressure/episode6/step25/unit2,21,standard,0,-2.765946626663208,heterogeneity_pressure,-3.6264984607696533
1.003292441368103,0.13474954664707184,0,task14b/seed8/heterogeneity_pressure/episode30/step32/unit2,21,standard,1,4.679297924041748,heterogeneity_pressure,0.5010039806365967
1.1411768198013306,0.20834645628929138,2,task14b/seed8/heterogeneity_pressure/episode31/step29/unit2,21,standard,0,-0.3013918995857239,heterogeneity_pressure,-0.9771246314048767
0.7123072743415833,0.11478074640035629,2,task14b/seed8/heterogeneity_pressure/episode33/step49/unit2,21,standard,1,4.471557140350342,heterogeneity_pressure,0.536602258682251
5.0,0.2774142324924469,1,task14b/seed8/heterogeneity_pressure/episode29/step0/unit0,21,standard,0,-1.8046823740005493,heterogeneity_pressure,-4.450628280639648
0.5430048704147339,0.07534423470497131,2,task14b/seed8/heterogeneity_pressure/episode43/step49/unit2,21,standard,0,6.564929485321045,heterogeneity_pressure,1.0938557386398315
5.0,0.06678115576505661,1,task14b/seed10/medium/episode9/step27/unit2,21,standard,0,0.09047696739435196,medium,-0.9776937961578369
1.0735607147216797,0.1575068086385727,0,task14b/seed10/medium/episode20/step25/unit2,21,standard,0,3.2873246669769287,medium,0.133531391620636
5.0,0.2809259593486786,1,task14b/seed10/medium/episode33/step0/unit0,21,standard,0,0.7089732885360718,medium,-4.054218769073486
5.0,0.2657677233219147,1,task14b/seed10/medium/episode33/step0/unit1,21,standard,0,-2.22091007232666,medium,-4.351597309112549
0.055329062044620514,0.09890972077846527,1,task14b/seed10/medium/episode27/step20/unit2,21,standard,0,8.972113609313965,medium,1.5851753950119019
1.0059598684310913,0.152035653591156,0,task14b/seed10/medium/episode44/step25/unit2,21,standard,0,4.13892126083374,medium,0.3448251187801361
5.0,0.21039898693561554,1,task14b/seed10/medium/episode44/step4/unit0,21,standard,-1,-1.5705856084823608,medium,-3.4115164279937744
5.0,0.20798592269420624,1,task14b/seed10/medium/episode44/step4/unit1,21,standard,0,-4.953014850616455,medium,-3.979346752166748
5.0,0.3309798538684845,1,task14b/seed10/medium/episode28/step4/unit0,21,standard,0,0.4760749340057373,medium,-4.840696334838867
5.0,0.437541663646698,1,task14b/seed10/medium/episode28/step4/unit2,21,standard,0,-3.406904935836792,medium,-7.119645595550537
2.3441226482391357,0.2387709766626358,2,task14b/seed10/medium/episode44/step0/unit0,21,standard,0,-5.273829936981201,medium,-3.1707732677459717
2.119615077972412,0.21272996068000793,2,task14b/seed10/medium/episode44/step0/unit1,21,standard,0,-3.7302515506744385,medium,-2.4555301666259766
0.8130740523338318,0.11552578210830688,1,task14b/seed10/medium/episode39/step28/unit2,21,standard,1,6.850833892822266,medium,0.943251371383667
1.0219765901565552,0.14682848751544952,0,task14b/seed10/medium/episode2/step30/unit2,21,standard,0,5.252974033355713,medium,0.5674734115600586
5.0,0.3234114944934845,1,task14b/seed10/medium/episode12/step4/unit0,21,standard,0,-3.7092788219451904,medium,-5.475121974945068
5.0,0.2547197639942169,1,task14b/seed10/medium/episode12/step4/unit1,21,standard,0,-2.3493399620056152,medium,-4.210104942321777
1.0147672891616821,0.27353745698928833,2,task14b/seed10/medium/episode24/step20/unit2,21,standard,0,-0.25062814354896545,medium,-1.1214512586593628
1.4488106966018677,0.15152204036712646,2,task14b/seed10/medium/episode35/step7/unit1,21,standard,0,1.4696966409683228,medium,-0.5688066482543945
0.9680507779121399,0.1315878927707672,2,task14b/seed10/medium/episode35/step7/unit2,21,standard,0,4.068530082702637,medium,0.2832614481449127
0.9110772013664246,0.145985409617424,0,task14b/seed10/medium/episode22/step46/unit2,21,standard,0,6.4308061599731445,medium,0.844127893447876
0.719163715839386,0.09486640244722366,2,task14b/seed10/time_pressure/episode44/step22/unit2,21,standard,0,7.019575119018555,time_pressure,1.074926495552063
0.6593472957611084,0.31808874011039734,1,task14b/seed10/time_pressure/episode18/step26/unit2,21,standard,0,2.5762219429016113,time_pressure,-0.1644081175327301
1.065712332725525,0.15895897150039673,0,task14b/seed10/time_pressure/episode31/step21/unit2,21,standard,1,2.6794676780700684,time_pressure,0.015772372484207153
0.7974672317504883,0.17378099262714386,2,task14b/seed10/time_pressure/episode41/step18/unit2,21,standard,0,4.14009952545166,time_pressure,0.2535873055458069
1.5736719369888306,0.1620377004146576,2,task14b/seed10/time_pressure/episode28/step8/unit0,21,standard,0,-1.3300944566726685,time_pressure,-1.2399849891662598
1.0491691827774048,0.1031230092048645,2,task14b/seed10/time_pressure/episode28/step8/unit2,21,standard,0,2.18449330329895,time_pressure,-0.0018462836742401123
0.795387864112854,0.22388245165348053,2,task14b/seed10/time_pressure/episode16/step22/unit2,21,standard,0,2.2776973247528076,time_pressure,-0.25436094403266907
0.10020878911018372,0.12284490466117859,1,task14b/seed10/time_pressure/episode26/step20/unit2,21,standard,0,3.634941577911377,time_pressure,0.6121733784675598
0.8632192015647888,0.06167382001876831,0,task14b/seed10/time_pressure/episode5/step22/unit2,21,standard,0,6.892687797546387,time_pressure,1.1679966449737549
1.0781124830245972,0.2015066295862198,0,task14b/seed10/time_pressure/episode47/step24/unit2,21,standard,0,4.763027191162109,time_pressure,0.27526938915252686
0.7962378263473511,0.10335080325603485,2,task14b/seed10/time_pressure/episode44/step19/unit2,21,standard,0,6.181227684020996,time_pressure,0.860620379447937
5.0,0.3312995433807373,1,task14b/seed10/time_pressure/episode41/step12/unit0,21,standard,-1,3.4886629581451416,time_pressure,-4.307726860046387
0.9705185890197754,0.09394381940364838,0,task14b/seed10/time_pressure/episode3/step24/unit2,21,standard,1,3.6121768951416016,time_pressure,0.42561691999435425
1.0767481327056885,0.154611736536026,0,task14b/seed10/time_pressure/episode12/step18/unit2,21,standard,0,3.6383838653564453,time_pressure,0.2087189257144928
1.3792409896850586,0.28053879737854004,0,task14b/seed10/time_pressure/episode30/step0/unit1,21,standard,0,-3.9016921520233154,time_pressure,-1.8903405666351318
1.8141365051269531,0.07933628559112549,2,task14b/seed10/heterogeneity_pressure/episode18/step5/unit0,21,standard,0,-0.05299578234553337,heterogeneity_pressure,-0.566807746887207
1.464298963546753,0.043489113450050354,2,task14b/seed10/heterogeneity_pressure/episode18/step5/unit1,21,standard,0,2.22967529296875,heterogeneity_pressure,0.17894238233566284
1.2462137937545776,0.03576391190290451,2,task14b/seed10/heterogeneity_pressure/episode18/step5/unit2,21,standard,0,3.6133358478546143,heterogeneity_pressure,0.5167646408081055
5.0,0.18309681117534637,1,task14b/seed10/heterogeneity_pressure/episode10/step4/unit0,21,standard,0,-3.0097272396087646,heterogeneity_pressure,-3.262080192565918
5.0,0.006554873660206795,1,task14b/seed10/heterogeneity_pressure/episode10/step4/unit1,21,standard,1,1.0252348184585571,heterogeneity_pressure,0.0854475349187851
5.0,0.10398020595312119,1,task14b/seed10/heterogeneity_pressure/episode10/step4/unit2,21,standard,0,-0.38301268219947815,heterogeneity_pressure,-1.6158082485198975
2.159132242202759,0.17576012015342712,2,task14b/seed10/heterogeneity_pressure/episode10/step0/unit0,21,standard,0,-3.098663568496704,heterogeneity_pressure,-2.0588364601135254
1.745373249053955,0.1095389649271965,2,task14b/seed10/heterogeneity_pressure/episode10/step0/unit1,21,standard,1,-0.04222914204001427,heterogeneity_pressure,-0.7475511431694031
5.0,0.19602833688259125,1,task14b/seed10/heterogeneity_pressure/episode40/step5/unit0,21,standard,0,-0.3584197759628296,heterogeneity_pressure,-2.9812872409820557
5.0,0.11776676774024963,1,task14b/seed10/heterogeneity_pressure/episode40/step5/unit1,21,standard,0,-2.3159945011138916,heterogeneity_pressure,-2.166005849838257
5.0,0.2568785548210144,1,task14b/seed10/heterogeneity_pressure/episode21/step5/unit0,21,standard,0,-3.313225030899048,heterogeneity_pressure,-4.414279460906982
5.0,0.15546803176403046,1,task14b/seed10/heterogeneity_pressure/episode21/step5/unit1,21,standard,0,-2.8522350788116455,heterogeneity_pressure,-2.8227951526641846
5.0,0.2851359248161316,1,task14b/seed10/heterogeneity_pressure/episode21/step5/unit2,21,standard,-1,-5.1387410163879395,heterogeneity_pressure,-5.160651206970215
1.7830613851547241,0.1598677784204483,2,task14b/seed10/heterogeneity_pressure/episode8/step6/unit0,21,standard,0,-1.4364582300186157,heterogeneity_pressure,-1.3765411376953125
1.698614478111267,0.15617817640304565,2,task14b/seed10/heterogeneity_pressure/episode8/step6/unit1,21,standard,-1,-0.4140065312385559,heterogeneity_pressure,-1.10507333278656
1.3416904211044312,0.16784194111824036,2,task14b/seed10/heterogeneity_pressure/episode8/step6/unit2,21,standard,0,1.3864527940750122,heterogeneity_pressure,-0.6065958738327026
5.0,0.2601097822189331,1,task14b/seed10/heterogeneity_pressure/episode40/step2/unit0,21,standard,0,-1.3421789407730103,heterogeneity_pressure,-4.11054801940918
0.5710619688034058,0.14416970312595367,2,task14b/seed10/heterogeneity_pressure/episode32/step32/unit2,21,standard,1,4.4974870681762695,heterogeneity_pressure,0.5393403768539429
1.4308618307113647,0.27262356877326965,0,task14b/seed10/heterogeneity_pressure/episode8/step3/unit0,21,standard,0,-3.5570812225341797,heterogeneity_pressure,-1.8334016799926758
5.0,0.3089877963066101,1,task14b/seed10/heterogeneity_pressure/episode4/step6/unit0,21,standard,0,0.4147961139678955,heterogeneity_pressure,-4.524346351623535
1.2987154722213745,0.20203840732574463,0,task14b/seed10/heterogeneity_pressure/episode27/step5/unit0,21,standard,0,-1.656387448310852,heterogeneity_pressure,-1.0917065143585205
1.2574312686920166,0.18526969850063324,0,task14b/seed10/heterogeneity_pressure/episode27/step5/unit1,21,standard,-1,-1.767748236656189,heterogeneity_pressure,-1.0263861417770386
1.2268880605697632,0.19911974668502808,0,task14b/seed10/heterogeneity_pressure/episode27/step5/unit2,21,standard,0,-0.9174856543540955,heterogeneity_pressure,-0.8963529467582703
1.5308207273483276,0.33466747403144836,0,task14b/seed10/heterogeneity_pressure/episode2/step2/unit0,21,standard,0,-4.012287616729736,heterogeneity_pressure,-2.2811355590820312
1.4034754037857056,0.3206947147846222,0,task14b/seed10/heterogeneity_pressure/episode2/step2/unit2,21,standard,0,-2.823192834854126,heterogeneity_pressure,-1.869168758392334
5.0,0.21197763085365295,1,task14b/seed10/heterogeneity_pressure/episode5/step6/unit0,21,standard,0,-1.0637266635894775,heterogeneity_pressure,-3.344538927078247
5.0,0.10911843925714493,1,task14b/seed10/heterogeneity_pressure/episode5/step6/unit1,21,standard,0,-1.6345264911651611,heterogeneity_pressure,-1.9156630039215088
1.048584222793579,0.21865110099315643,0,task14b/seed10/heterogeneity_pressure/episode36/step49/unit2,21,standard,0,3.5525362491607666,heterogeneity_pressure,0.0071440935134887695
0.7646140456199646,0.22939607501029968,2,task14u/seed8/medium/episode25/step23/unit0,21,scenario_robust,0,-0.42634597420692444,medium,-0.7597494125366211
0.6121645569801331,0.21420013904571533,2,task14u/seed8/medium/episode25/step23/unit2,21,scenario_robust,1,1.9198236465454102,medium,-0.14102613925933838
0.6244739294052124,0.1257469654083252,1,task14u/seed8/medium/episode0/step26/unit2,21,scenario_robust,0,2.618037462234497,medium,0.23357732594013214
0.8698374032974243,0.2721255123615265,0,task14u/seed8/medium/episode18/step31/unit2,21,scenario_robust,0,2.5611698627471924,medium,-0.20531481504440308
0.5755112767219543,0.2137412577867508,2,task14u/seed8/medium/episode5/step12/unit2,21,scenario_robust,0,2.0940849781036377,medium,-0.0764007568359375
0.5530063509941101,0.18979285657405853,2,task14u/seed8/medium/episode21/step37/unit2,21,scenario_robust,0,2.675731897354126,medium,0.10436549782752991
0.6146411299705505,0.22616912424564362,2,task14u/seed8/medium/episode30/step17/unit2,21,scenario_robust,1,-0.5256065726280212,medium,-0.6379398107528687
0.7775835394859314,0.2598438858985901,0,task14u/seed8/medium/episode20/step26/unit2,21,scenario_robust,1,4.29207181930542,medium,0.22953033447265625
0.5925089120864868,0.13598617911338806,1,task14u/seed8/medium/episode1/step27/unit2,21,scenario_robust,0,2.746121644973755,medium,0.2503458559513092
0.5797110795974731,0.14600318670272827,1,task14u/seed8/medium/episode20/step18/unit1,21,scenario_robust,-1,2.655906915664673,medium,0.22213909029960632
0.596977949142456,0.13321907818317413,1,task14u/seed8/medium/episode20/step18/unit2,21,scenario_robust,0,3.4950225353240967,medium,0.38712769746780396
0.7865425944328308,0.19875174760818481,0,task14u/seed8/medium/episode35/step38/unit2,21,scenario_robust,0,4.642537593841553,medium,0.43165323138237
0.7493392825126648,0.11475756764411926,0,task14u/seed8/medium/episode24/step30/unit2,21,scenario_robust,0,4.936880588531494,medium,0.6955212354660034
0.6666673421859741,0.19430047273635864,1,task14u/seed8/time_pressure/episode6/step1/unit0,21,scenario_robust,-1,0.7073877453804016,time_pressure,-0.25928258895874023
0.6387437582015991,0.19925719499588013,1,task14u/seed8/time_pressure/episode6/step1/unit1,21,scenario_robust,0,0.8906329870223999,time_pressure,-0.21984931826591492
0.6105696558952332,0.20985417068004608,1,task14u/seed8/time_pressure/episode12/step0/unit0,21,scenario_robust,0,0.5653848052024841,time_pressure,-0.2804527282714844
0.6105591058731079,0.20407423377037048,1,task14u/seed8/time_pressure/episode12/step0/unit1,21,scenario_robust,0,0.3079393208026886,time_pressure,-0.3158947229385376
0.6315749883651733,0.1463855803012848,1,task14u/seed8/time_pressure/episode35/step22/unit2,21,scenario_robust,0,3.082888126373291,time_pressure,0.2750953137874603
0.5124621391296387,0.25389766693115234,2,task14u/seed8/time_pressure/episode19/step23/unit2,21,scenario_robust,1,2.900923490524292,time_pressure,0.050012409687042236
0.9063225984573364,0.21754604578018188,0,task14u/seed8/time_pressure/episode4/step5/unit0,21,scenario_robust,-1,-2.320866823196411,time_pressure,-1.0272042751312256
0.8508172035217285,0.1523142158985138,0,task14u/seed8/time_pressure/episode4/step5/unit1,21,scenario_robust,0,-0.7772088646888733,time_pressure,-0.5313267111778259
0.586368203163147,0.16041351854801178,1,task14u/seed8/time_pressure/episode33/step18/unit0,21,scenario_robust,-1,3.043816089630127,time_pressure,0.26333534717559814
0.6422475576400757,0.186126708984375,1,task14u/seed8/time_pressure/episode27/step7/unit0,21,scenario_robust,0,1.6342859268188477,time_pressure,-0.06408992409706116
0.6287981271743774,0.16905759274959564,1,task14u/seed8/time_pressure/episode27/step7/unit2,21,scenario_robust,1,2.4804866313934326,time_pressure,0.12634825706481934
0.7560188174247742,0.17875507473945618,0,task14u/seed8/time_pressure/episode2/step25/unit2,21,scenario_robust,0,6.5149946212768555,time_pressure,0.854008674621582
0.5762419700622559,0.20172247290611267,2,task14u/seed8/time_pressure/episode15/step15/unit2,21,scenario_robust,1,2.4780712127685547,time_pressure,0.023019522428512573
0.9918141961097717,0.333925724029541,0,task14u/seed8/time_pressure/episode27/step12/unit0,21,scenario_robust,0,-1.7375715970993042,time_pressure,-1.3100848197937012
0.9107100963592529,0.2951134145259857,0,task14u/seed8/time_pressure/episode27/step12/unit2,21,scenario_robust,1,0.41190823912620544,time_pressure,-0.7129230499267578
0.7612901329994202,0.19796128571033478,2,task14u/seed8/time_pressure/episode22/step8/unit0,21,scenario_robust,0,-0.8543755412101746,time_pressure,-0.7458727955818176
0.7160313725471497,0.20245926082134247,2,task14u/seed8/time_pressure/episode22/step8/unit1,21,scenario_robust,-1,0.07584767788648605,time_pressure,-0.5462579131126404
0.6210407614707947,0.2022951990365982,2,task14u/seed8/time_pressure/episode22/step8/unit2,21,scenario_robust,0,1.202209234237671,time_pressure,-0.2566503882408142
0.8370991349220276,0.23400017619132996,0,task14u/seed8/heterogeneity_pressure/episode20/step29/unit0,21,scenario_robust,1,3.328059434890747,heterogeneity_pressure,0.062410950660705566
0.7447097301483154,0.19207343459129333,0,task14u/seed8/heterogeneity_pressure/episode20/step29/unit2,21,scenario_robust,-1,5.719243049621582,heterogeneity_pressure,0.6777774095535278
0.515433132648468,0.17484550178050995,2,task14u/seed8/heterogeneity_pressure/episode35/step28/unit2,21,scenario_robust,0,2.6131749153137207,heterogeneity_pressure,0.14981698989868164
0.6516839861869812,0.11189109086990356,0,task14u/seed8/heterogeneity_pressure/episode16/step48/unit2,21,scenario_robust,0,8.569036483764648,heterogeneity_pressure,1.432221531867981
0.7283011078834534,0.23180915415287018,0,task14u/seed8/heterogeneity_pressure/episode12/step25/unit2,21,scenario_robust,1,5.500609874725342,heterogeneity_pressure,0.5597497820854187
0.5870280265808105,0.14046631753444672,1,task14u/seed8/heterogeneity_pressure/episode21/step21/unit2,21,scenario_robust,0,2.2369542121887207,heterogeneity_pressure,0.15385329723358154
1.006665825843811,0.14506328105926514,2,task14u/seed8/heterogeneity_pressure/episode4/step5/unit0,21,scenario_robust,0,-3.337019681930542,heterogeneity_pressure,-1.201291799545288
0.8494626879692078,0.1330270767211914,2,task14u/seed8/heterogeneity_pressure/episode4/step5/unit2,21,scenario_robust,0,-2.1255111694335938,heterogeneity_pressure,-0.8424728512763977
0.7054539918899536,0.20137815177440643,0,task14u/seed8/heterogeneity_pressure/episode6/step38/unit2,21,scenario_robust,0,6.252686023712158,heterogeneity_pressure,0.7831910848617554
0.6296558976173401,0.12947693467140198,1,task14u/seed8/heterogeneity_pressure/episode25/step17/unit2,21,scenario_robust,0,2.5451247692108154,heterogeneity_pressure,0.21163301169872284
0.5958061218261719,0.13608503341674805,1,task14u/seed8/heterogeneity_pressure/episode11/step49/unit2,21,scenario_robust,0,3.027174472808838,heterogeneity_pressure,0.29900211095809937
0.8745540976524353,0.2248355746269226,0,task14u/seed8/heterogeneity_pressure/episode19/step11/unit0,21,scenario_robust,0,0.8834877610206604,heterogeneity_pressure,-0.4096893072128296
0.653592050075531,0.23046858608722687,2,task14u/seed8/heterogeneity_pressure/episode30/step25/unit2,21,scenario_robust,0,-1.1353899240493774,heterogeneity_pressure,-0.7991850972175598
0.9758106470108032,0.2887918949127197,0,task14u/seed10/medium/episode30/step5/unit0,21,scenario_robust,0,-3.664860486984253,medium,-1.5349938869476318
0.9393051266670227,0.22466513514518738,0,task14u/seed10/medium/episode30/step5/unit1,21,scenario_robust,0,-1.9767040014266968,medium,-1.0019047260284424
0.5983200669288635,0.13097251951694489,1,task14u/seed10/medium/episode33/step12/unit2,21,scenario_robust,-1,1.783052921295166,medium,0.08502085506916046
0.8640134334564209,0.23956088721752167,0,task14u/seed10/medium/episode32/step36/unit2,21,scenario_robust,0,0.4773064851760864,medium,-0.5182769894599915
0.8116881847381592,0.20054392516613007,2,task14u/seed10/medium/episode21/step6/unit1,21,scenario_robust,-1,0.22854436933994293,medium,-0.5860302448272705
0.6902754902839661,0.2098284661769867,2,task14u/seed10/medium/episode21/step6/unit2,21,scenario_robust,0,1.967862844467163,medium,-0.18490761518478394
0.5021092891693115,0.16550858318805695,2,task14u/seed10/medium/episode35/step28/unit2,21,scenario_robust,0,3.426638603210449,medium,0.33210983872413635
0.9395148158073425,0.24710960686206818,0,task14u/seed10/medium/episode8/step13/unit2,21,scenario_robust,0,-1.378347396850586,medium,-0.9491761326789856
0.7553854584693909,0.20213685929775238,0,task14u/seed10/medium/episode13/step19/unit2,21,scenario_robust,0,3.917867660522461,medium,0.30307289958000183
0.7850530743598938,0.15947450697422028,2,task14u/seed10/medium/episode19/step7/unit0,21,scenario_robust,-1,-2.273555040359497,medium,-0.9178758859634399
0.6429088115692139,0.16324222087860107,2,task14u/seed10/medium/episode19/step7/unit2,21,scenario_robust,-1,-0.2536540627479553,medium,-0.45431792736053467
1.0918322801589966,0.3717440366744995,0,task14u/seed10/medium/episode9/step0/unit0,21,scenario_robust,0,-5.559611797332764,medium,-2.2648768424987793
1.0484745502471924,0.33408263325691223,0,task14u/seed10/medium/episode9/step0/unit1,21,scenario_robust,0,-4.5044450759887695,medium,-1.8981753587722778
0.6252118349075317,0.2461598813533783,2,task14u/seed10/medium/episode28/step24/unit2,21,scenario_robust,0,0.48327913880348206,medium,-0.5031097531318665
0.5657526254653931,0.16761371493339539,2,task14u/seed10/medium/episode17/step30/unit2,21,scenario_robust,0,1.0773961544036865,medium,-0.16130107641220093
0.6111748814582825,0.10407174378633499,1,task14u/seed10/time_pressure/episode32/step15/unit2,21,scenario_robust,0,2.945812463760376,time_pressure,0.3364902138710022
0.6041605472564697,0.19015800952911377,1,task14u/seed10/time_pressure/episode28/step12/unit0,21,scenario_robust,-1,2.0553159713745117,time_pressure,0.024911880493164062
0.5902986526489258,0.1853451281785965,1,task14u/seed10/time_pressure/episode28/step12/unit1,21,scenario_robust,-1,1.9729639291763306,time_pressure,0.02651435136795044
0.5981263518333435,0.16843540966510773,1,task14u/seed10/time_pressure/episode28/step12/unit2,21,scenario_robust,0,2.3362839221954346,time_pressure,0.11715027689933777
0.5487812161445618,0.22800986468791962,2,task14u/seed10/time_pressure/episode20/step18/unit2,21,scenario_robust,0,0.6706411838531494,time_pressure,-0.3560768663883209
0.6079909205436707,0.14983966946601868,1,task14u/seed10/time_pressure/episode27/step14/unit2,21,scenario_robust,0,3.035160779953003,time_pressure,0.2706013321876526
0.546668291091919,0.1404750645160675,2,task14u/seed10/time_pressure/episode1/step27/unit2,21,scenario_robust,0,3.8896007537841797,time_pressure,0.44481590390205383
0.6188283562660217,0.14424076676368713,1,task14u/seed10/time_pressure/episode18/step12/unit2,21,scenario_robust,0,3.675126075744629,time_pressure,0.3903101980686188
0.6639125943183899,0.1927296370267868,2,task14u/seed10/time_pressure/episode30/step14/unit2,21,scenario_robust,0,-0.060135260224342346,time_pressure,-0.5063937902450562
0.8080632090568542,0.17854386568069458,0,task14u/seed10/time_pressure/episode0/step17/unit2,21,scenario_robust,0,2.4862725734710693,time_pressure,0.052699506282806396
0.9028552770614624,0.23932568728923798,0,task14u/seed10/time_pressure/episode27/step15/unit2,21,scenario_robust,0,0.18229885399341583,time_pressure,-0.6017807722091675
0.6300835609436035,0.14240865409374237,1,task14u/seed10/time_pressure/episode8/step25/unit2,21,scenario_robust,0,3.0995988845825195,time_pressure,0.28618621826171875
1.0264521837234497,0.2720617949962616,0,task14u/seed10/time_pressure/episode6/step3/unit0,21,scenario_robust,0,-3.93538761138916,time_pressure,-1.5794854164123535
0.9496912956237793,0.21605294942855835,0,task14u/seed10/time_pressure/episode6/step3/unit1,21,scenario_robust,0,-2.168394088745117,time_pressure,-1.0215232372283936
0.6311079859733582,0.13037119805812836,1,task14u/seed10/heterogeneity_pressure/episode12/step30/unit2,21,scenario_robust,0,3.024381160736084,heterogeneity_pressure,0.29493775963783264
0.5747832655906677,0.19467872381210327,2,task14u/seed10/heterogeneity_pressure/episode28/step27/unit2,21,scenario_robust,0,0.25991347432136536,heterogeneity_pressure,-0.38324251770973206
0.897217869758606,0.1583898812532425,2,task14u/seed10/heterogeneity_pressure/episode9/step4/unit1,21,scenario_robust,0,-2.498769998550415,heterogeneity_pressure,-1.026253581047058
0.8016089200973511,0.16570326685905457,2,task14u/seed10/heterogeneity_pressure/episode9/step4/unit2,21,scenario_robust,0,-1.2064878940582275,heterogeneity_pressure,-0.7438835501670837
0.7911368012428284,0.2007240355014801,0,task14u/seed10/heterogeneity_pressure/episode16/step10/unit2,21,scenario_robust,0,2.2192065715789795,heterogeneity_pressure,-0.04144495725631714
0.6726192235946655,0.11536996066570282,2,task14u/seed10/heterogeneity_pressure/episode19/step13/unit2,21,scenario_robust,0,1.4061472415924072,heterogeneity_pressure,-0.031963497400283813
0.6042552590370178,0.11160295456647873,1,task14u/seed10/heterogeneity_pressure/episode31/step34/unit2,21,scenario_robust,0,3.8697047233581543,heterogeneity_pressure,0.48999741673469543
0.8473222851753235,0.20896345376968384,0,task14u/seed10/heterogeneity_pressure/episode12/step24/unit2,21,scenario_robust,0,1.6015400886535645,heterogeneity_pressure,-0.21398532390594482
0.7448383569717407,0.15324653685092926,0,task14u/seed10/heterogeneity_pressure/episode16/step29/unit2,21,scenario_robust,0,3.948456048965454,heterogeneity_pressure,0.422559529542923
0.9127297401428223,0.2523840367794037,0,task14u/seed10/heterogeneity_pressure/episode16/step7/unit0,21,scenario_robust,0,-0.850054144859314,heterogeneity_pressure,-0.8423095941543579
0.8009634613990784,0.20283585786819458,0,task14u/seed10/heterogeneity_pressure/episode16/step7/unit2,21,scenario_robust,0,2.019620180130005,heterogeneity_pressure,-0.09060746431350708
0.5973485708236694,0.1943615823984146,2,task14u/seed10/heterogeneity_pressure/episode10/step24/unit2,21,scenario_robust,0,-0.14135311543941498,heterogeneity_pressure,-0.476033478975296
1.0958424806594849,0.31202879548072815,0,task14u/seed10/heterogeneity_pressure/episode9/step1/unit0,21,scenario_robust,0,-5.071414947509766,heterogeneity_pressure,-1.9825695753097534
1.036336898803711,0.289797842502594,0,task14u/seed10/heterogeneity_pressure/episode9/step1/unit1,21,scenario_robust,0,-4.5073370933532715,heterogeneity_pressure,-1.751521348953247
0.5038135647773743,0.10220588743686676,2,task14b/seed8/medium/episode26/step38/unit2,21,scenario_robust,1,5.901861667633057,medium,0.9264670610427856
0.5841838717460632,0.11267505586147308,1,task14b/seed8/medium/episode15/step27/unit2,21,scenario_robust,1,3.030402660369873,medium,0.3449905514717102
0.5989116430282593,0.12323594838380814,1,task14b/seed8/medium/episode40/step32/unit2,21,scenario_robust,1,2.4603188037872314,medium,0.2194691002368927
0.5924030542373657,0.10915183275938034,1,task14b/seed8/medium/episode28/step33/unit2,21,scenario_robust,1,3.687915325164795,medium,0.46580812335014343
0.8032510876655579,0.20839063823223114,2,task14b/seed8/medium/episode46/step31/unit0,21,scenario_robust,-1,-1.1367909908294678,medium,-0.8642695546150208
0.6629175543785095,0.21528029441833496,2,task14b/seed8/medium/episode46/step31/unit2,21,scenario_robust,1,0.8607608675956726,medium,-0.38783591985702515
0.933820903301239,0.2929966449737549,0,task14b/seed8/medium/episode42/step20/unit2,21,scenario_robust,1,0.07484891265630722,medium,-0.7919871211051941
0.9268792271614075,0.21201619505882263,0,task14b/seed8/medium/episode32/step24/unit2,21,scenario_robust,1,-0.4702834486961365,medium,-0.669562578201294
0.6305317878723145,0.13675768673419952,1,task14b/seed8/medium/episode30/step38/unit2,21,scenario_robust,1,3.6973366737365723,medium,0.4032938480377197
0.5121380090713501,0.10589192062616348,2,task14b/seed8/medium/episode26/step35/unit2,21,scenario_robust,1,5.710264205932617,medium,0.8793319463729858
0.6816571354866028,0.17604109644889832,0,task14b/seed8/medium/episode39/step28/unit2,21,scenario_robust,1,4.736265182495117,medium,0.5567326545715332
0.7458610534667969,0.1440046727657318,0,task14b/seed8/medium/episode28/step30/unit2,21,scenario_robust,1,4.674909591674805,medium,0.5820508003234863
0.7075808048248291,0.059485774487257004,0,task14b/seed8/medium/episode15/step24/unit2,21,scenario_robust,1,5.602165222167969,medium,0.9527872800827026
0.6079580783843994,0.17000970244407654,1,task14b/seed8/medium/episode46/step27/unit0,21,scenario_robust,0,1.3988968133926392,medium,-0.05794495344161987
0.6021643877029419,0.16012093424797058,1,task14b/seed8/medium/episode46/step27/unit2,21,scenario_robust,1,1.7934834957122803,medium,0.033141493797302246
0.5638989806175232,0.1634906828403473,2,task14b/seed8/medium/episode8/step25/unit2,21,scenario_robust,0,2.7173709869384766,medium,0.16167911887168884
0.8314712643623352,0.21978448331356049,0,task14b/seed8/time_pressure/episode15/step17/unit1,21,scenario_robust,-1,3.1862356662750244,time_pressure,0.0738668441772461
0.7966729402542114,0.24170447885990143,0,task14b/seed8/time_pressure/episode15/step17/unit2,21,scenario_robust,1,3.773071765899658,time_pressure,0.1577407717704773
0.8125895857810974,0.25785142183303833,0,task14b/seed8/time_pressure/episode36/step32/unit2,21,scenario_robust,1,3.834130048751831,time_pressure,0.11946922540664673
0.4752400815486908,0.14202527701854706,2,task14b/seed8/time_pressure/episode17/step37/unit2,21,scenario_robust,1,5.965882301330566,time_pressure,0.8767772912979126
0.5566157102584839,0.23264166712760925,2,task14b/seed8/time_pressure/episode15/step24/unit0,21,scenario_robust,1,3.7511982917785645,time_pressure,0.21458351612091064
0.45397526025772095,0.22681644558906555,2,task14b/seed8/time_pressure/episode15/step24/unit2,21,scenario_robust,1,5.664487838745117,time_pressure,0.6820864677429199
0.6063551902770996,0.1323535293340683,1,task14b/seed8/time_pressure/episode34/step27/unit2,21,scenario_robust,1,3.7682204246520996,time_pressure,0.4337356388568878
0.8489253520965576,0.2037864327430725,0,task14b/seed8/time_pressure/episode38/step24/unit0,21,scenario_robust,0,2.3222858905792236,time_pressure,-0.063479483127594
0.7709493637084961,0.16975191235542297,0,task14b/seed8/time_pressure/episode38/step24/unit2,21,scenario_robust,1,3.663329601287842,time_pressure,0.31845739483833313
0.9168704152107239,0.25472527742385864,0,task14b/seed8/time_pressure/episode28/step19/unit0,21,scenario_robust,0,-0.1514994204044342,time_pressure,-0.7174411416053772
0.865212082862854,0.20927032828330994,0,task14b/seed8/time_pressure/episode28/step19/unit1,21,scenario_robust,0,1.058813452720642,time_pressure,-0.3301074504852295
0.8041181564331055,0.18675068020820618,0,task14b/seed8/time_pressure/episode28/step19/unit2,21,scenario_robust,0,2.994467258453369,time_pressure,0.1330103576183319
0.6169990301132202,0.10414925962686539,1,task14b/seed8/time_pressure/episode46/step29/unit2,21,scenario_robust,1,3.246001958847046,time_pressure,0.3881256580352783
0.6049716472625732,0.15261061489582062,2,task14b/seed8/time_pressure/episode39/step15/unit2,21,scenario_robust,1,3.5276455879211426,time_pressure,0.3157055377960205
0.6003054976463318,0.16001300513744354,2,task14b/seed8/time_pressure/episode21/step23/unit2,21,scenario_robust,1,1.965894341468811,time_pressure,0.003405630588531494
0.8142096996307373,0.26380908489227295,0,task14b/seed8/time_pressure/episode47/step21/unit2,21,scenario_robust,1,4.122730731964111,time_pressure,0.15941613912582397
0.6124078631401062,0.18439313769340515,1,task14b/seed8/time_pressure/episode3/step0/unit0,21,scenario_robust,0,0.6858846545219421,time_pressure,-0.21368251740932465
0.596781849861145,0.18536590039730072,1,task14b/seed8/time_pressure/episode3/step0/unit1,21,scenario_robust,0,0.4448099136352539,time_pressure,-0.24986466765403748
0.7871847152709961,0.18469734489917755,0,task14b/seed8/time_pressure/episode14/step20/unit2,21,scenario_robust,0,1.8915553092956543,time_pressure,-0.06490564346313477
0.46416428685188293,0.1998860388994217,2,task14b/seed8/time_pressure/episode44/step45/unit2,21,scenario_robust,1,3.5225372314453125,time_pressure,0.312971830368042
0.5842414498329163,0.140682652592659,1,task14b/seed8/heterogeneity_pressure/episode21/step26/unit0,21,scenario_robust,0,2.2312605381011963,heterogeneity_pressure,0.15362587571144104
0.5890681147575378,0.12404473125934601,1,task14b/seed8/heterogeneity_pressure/episode21/step26/unit2,21,scenario_robust,0,2.76108717918396,heterogeneity_pressure,0.27534687519073486
0.6100503206253052,0.12908585369586945,1,task14b/seed8/heterogeneity_pressure/episode14/step39/unit2,21,scenario_robust,0,3.4185686111450195,heterogeneity_pressure,0.3758027255535126
0.4734072983264923,0.18546587228775024,2,task14b/seed8/heterogeneity_pressure/episode42/step28/unit2,21,scenario_robust,1,5.218252182006836,heterogeneity_pressure,0.6556472778320312
0.6809754967689514,0.14579695463180542,0,task14b/seed8/heterogeneity_pressure/episode13/step37/unit2,21,scenario_robust,1,5.520212173461914,heterogeneity_pressure,0.7684744596481323
0.6031544208526611,0.13330362737178802,1,task14b/seed8/heterogeneity_pressure/episode26/step31/unit2,21,scenario_robust,1,3.403656482696533,heterogeneity_pressure,0.3682186007499695
0.7916660308837891,0.19809970259666443,0,task14b/seed8/heterogeneity_pressure/episode31/step37/unit2,21,scenario_robust,0,3.8413712978363037,heterogeneity_pressure,0.2761746942996979
0.7556909322738647,0.27492958307266235,2,task14b/seed8/heterogeneity_pressure/episode5/step18/unit0,21,scenario_robust,0,-0.8070899248123169,heterogeneity_pressure,-0.9575425982475281
0.6391127109527588,0.28184637427330017,2,task14b/seed8/heterogeneity_pressure/episode5/step18/unit2,21,scenario_robust,0,0.06665796786546707,heterogeneity_pressure,-0.6840243935585022
0.7243501543998718,0.12273624539375305,0,task14b/seed8/heterogeneity_pressure/episode41/step27/unit2,21,scenario_robust,1,4.745315074920654,heterogeneity_pressure,0.6501175165176392
0.6249117851257324,0.14635704457759857,1,task14b/seed8/heterogeneity_pressure/episode6/step25/unit2,21,scenario_robust,0,2.8784584999084473,heterogeneity_pressure,0.24156221747398376
0.751861035823822,0.14256882667541504,0,task14b/seed8/heterogeneity_pressure/episode30/step32/unit2,21,scenario_robust,1,4.367790699005127,heterogeneity_pressure,0.5236521363258362
0.5650098323822021,0.1649291068315506,2,task14b/seed8/heterogeneity_pressure/episode31/step29/unit2,21,scenario_robust,0,1.8463305234909058,heterogeneity_pressure,-0.008296847343444824
0.49895209074020386,0.11204095184803009,2,task14b/seed8/heterogeneity_pressure/episode33/step49/unit2,21,scenario_robust,1,5.124971866607666,heterogeneity_pressure,0.7612351775169373
0.6303495168685913,0.1896725296974182,1,task14b/seed8/heterogeneity_pressure/episode29/step0/unit0,21,scenario_robust,0,0.2716851830482483,heterogeneity_pressure,-0.3073664903640747
0.4888232350349426,0.10412467271089554,2,task14b/seed8/heterogeneity_pressure/episode43/step49/unit2,21,scenario_robust,0,5.057812690734863,heterogeneity_pressure,0.7677832841873169
0.5991350412368774,0.12051787972450256,1,task14b/seed10/medium/episode9/step27/unit2,21,scenario_robust,0,2.589552402496338,medium,0.24730157852172852
0.7758756875991821,0.15312324464321136,0,task14b/seed10/medium/episode20/step25/unit2,21,scenario_robust,0,3.10424542427063,medium,0.24655082821846008
0.6171801090240479,0.1875082552433014,1,task14b/seed10/medium/episode33/step0/unit0,21,scenario_robust,0,1.2234700918197632,medium,-0.1260686218738556
0.6038773655891418,0.18778960406780243,1,task14b/seed10/medium/episode33/step0/unit1,21,scenario_robust,0,1.1651208400726318,medium,-0.12956497073173523
0.6463779807090759,0.10254885256290436,1,task14b/seed10/medium/episode27/step20/unit2,21,scenario_robust,0,2.7995002269744873,medium,0.30239975452423096
0.8058653473854065,0.20500397682189941,0,task14b/seed10/medium/episode44/step25/unit2,21,scenario_robust,0,2.080604076385498,medium,-0.08696496486663818
0.6359456777572632,0.2027805596590042,1,task14b/seed10/medium/episode44/step4/unit0,21,scenario_robust,-1,-0.2939586639404297,medium,-0.43630093336105347
0.6209474802017212,0.20881107449531555,1,task14b/seed10/medium/episode44/step4/unit1,21,scenario_robust,0,-0.44687891006469727,medium,-0.4656895101070404
0.6072947382926941,0.19704261422157288,1,task14b/seed10/medium/episode28/step4/unit0,21,scenario_robust,0,0.20367522537708282,medium,-0.3198122978210449
0.5962240099906921,0.1854821890592575,1,task14b/seed10/medium/episode28/step4/unit2,21,scenario_robust,0,1.048817753791809,medium,-0.1419517695903778
1.094748616218567,0.22650563716888428,2,task14b/seed10/medium/episode44/step0/unit0,21,scenario_robust,0,-5.726507663726807,medium,-2.0513129234313965
1.0154249668121338,0.21866057813167572,2,task14b/seed10/medium/episode44/step0/unit1,21,scenario_robust,0,-5.056847095489502,medium,-1.8232829570770264
0.6197234392166138,0.12411405891180038,1,task14b/seed10/medium/episode39/step28/unit2,21,scenario_robust,1,3.667795181274414,medium,0.4257422685623169
0.7309747934341431,0.1455061435699463,0,task14b/seed10/medium/episode2/step30/unit2,21,scenario_robust,0,5.205449104309082,medium,0.687113344669342
0.6228713393211365,0.18737350404262543,1,task14b/seed10/medium/episode12/step4/unit0,21,scenario_robust,0,0.8358609080314636,medium,-0.19818080961704254
0.6168249249458313,0.18272224068641663,1,task14b/seed10/medium/episode12/step4/unit1,21,scenario_robust,0,0.2229204624891281,medium,-0.2956751883029938
0.5813974738121033,0.23560145497322083,2,task14b/seed10/medium/episode24/step20/unit2,21,scenario_robust,0,1.318779706954956,medium,-0.2782973051071167
0.8133817911148071,0.1838727593421936,2,task14b/seed10/medium/episode35/step7/unit1,21,scenario_robust,0,-0.6826210021972656,medium,-0.7086774110794067
0.6614031195640564,0.1747385561466217,2,task14b/seed10/medium/episode35/step7/unit2,21,scenario_robust,0,1.3550937175750732,medium,-0.18857625126838684
0.7021163702011108,0.18185676634311676,0,task14b/seed10/medium/episode22/step46/unit2,21,scenario_robust,0,5.808371543884277,medium,0.7401618957519531
0.6065293550491333,0.13908176124095917,2,task14b/seed10/time_pressure/episode44/step22/unit2,21,scenario_robust,0,3.7734339237213135,time_pressure,0.39340317249298096
0.6406750082969666,0.13840065896511078,1,task14b/seed10/time_pressure/episode18/step26/unit2,21,scenario_robust,0,4.142829418182373,time_pressure,0.4755496084690094
0.790334165096283,0.16132572293281555,0,task14b/seed10/time_pressure/episode31/step21/unit2,21,scenario_robust,1,2.0140798091888428,time_pressure,0.011370420455932617
0.5888254642486572,0.1824578195810318,2,task14b/seed10/time_pressure/episode41/step18/unit2,21,scenario_robust,0,2.966144561767578,time_pressure,0.15016549825668335
0.8692176938056946,0.19239866733551025,2,task14b/seed10/time_pressure/episode28/step8/unit0,21,scenario_robust,0,-2.7912464141845703,time_pressure,-1.179222583770752
0.7204902172088623,0.1686004251241684,2,task14b/seed10/time_pressure/episode28/step8/unit2,21,scenario_robust,0,-0.8621994853019714,time_pressure,-0.6343013048171997
0.5062007904052734,0.21385586261749268,2,task14b/seed10/time_pressure/episode16/step22/unit2,21,scenario_robust,0,2.4990074634552,time_pressure,0.0579056441783905
0.6067943572998047,0.12548966705799103,1,task14b/seed10/time_pressure/episode26/step20/unit2,21,scenario_robust,0,2.6636979579925537,time_pressure,0.24880915880203247
0.6681900024414062,0.09976757317781448,0,task14b/seed10/time_pressure/episode5/step22/unit2,21,scenario_robust,0,5.912556171417236,time_pressure,0.9400292634963989
0.8008673191070557,0.2201664298772812,0,task14b/seed10/time_pressure/episode47/step24/unit2,21,scenario_robust,0,3.885438919067383,time_pressure,0.2271885871887207
0.6242988705635071,0.1407182812690735,2,task14b/seed10/time_pressure/episode44/step19/unit2,21,scenario_robust,0,3.360236406326294,time_pressure,0.30108463764190674
0.6228063106536865,0.1505439281463623,1,task14b/seed10/time_pressure/episode41/step12/unit0,21,scenario_robust,-1,1.420872688293457,time_pressure,-0.025451600551605225
0.7314406037330627,0.11521269381046295,0,task14b/seed10/time_pressure/episode3/step24/unit2,21,scenario_robust,1,2.841364860534668,time_pressure,0.2977973222732544
0.7899068593978882,0.153524249792099,0,task14b/seed10/time_pressure/episode12/step18/unit2,21,scenario_robust,0,3.0824341773986816,time_pressure,0.23509269952774048
1.0656697750091553,0.2929745018482208,0,task14b/seed10/time_pressure/episode30/step0/unit1,21,scenario_robust,0,-5.354785919189453,time_pressure,-1.949446678161621
0.9495543241500854,0.12189842015504837,2,task14b/seed10/heterogeneity_pressure/episode18/step5/unit0,21,scenario_robust,0,-1.5229090452194214,heterogeneity_pressure,-0.7381687164306641
0.8482370972633362,0.11046554148197174,2,task14b/seed10/heterogeneity_pressure/episode18/step5/unit1,21,scenario_robust,0,-0.4309443533420563,heterogeneity_pressure,-0.444621741771698
0.7879741191864014,0.10185499489307404,2,task14b/seed10/heterogeneity_pressure/episode18/step5/unit2,21,scenario_robust,0,0.40254300832748413,heterogeneity_pressure,-0.23366180062294006
0.5960879325866699,0.1848740428686142,1,task14b/seed10/heterogeneity_pressure/episode10/step4/unit0,21,scenario_robust,0,0.49487996101379395,heterogeneity_pressure,-0.2396719753742218
0.5703609585762024,0.1842767298221588,1,task14b/seed10/heterogeneity_pressure/episode10/step4/unit1,21,scenario_robust,1,0.4294421970844269,heterogeneity_pressure,-0.23618155717849731
0.5806129574775696,0.17428651452064514,1,task14b/seed10/heterogeneity_pressure/episode10/step4/unit2,21,scenario_robust,0,1.1644766330718994,heterogeneity_pressure,-0.09334120154380798
0.978457510471344,0.20186367630958557,2,task14b/seed10/heterogeneity_pressure/episode10/step0/unit0,21,scenario_robust,0,-3.6663620471954346,heterogeneity_pressure,-1.4632458686828613
0.8927969932556152,0.1747402399778366,2,task14b/seed10/heterogeneity_pressure/episode10/step0/unit1,21,scenario_robust,1,-2.3224542140960693,heterogeneity_pressure,-1.046379566192627
0.6177924275398254,0.19961006939411163,1,task14b/seed10/heterogeneity_pressure/episode40/step5/unit0,21,scenario_robust,0,-0.010783198289573193,heterogeneity_pressure,-0.3689694404602051
0.6113367080688477,0.20450761914253235,1,task14b/seed10/heterogeneity_pressure/episode40/step5/unit1,21,scenario_robust,0,-0.24477314949035645,heterogeneity_pressure,-0.4158112108707428
0.5831985473632812,0.18606863915920258,1,task14b/seed10/heterogeneity_pressure/episode21/step5/unit0,21,scenario_robust,0,1.207515835762024,heterogeneity_pressure,-0.10745218396186829
0.5721451640129089,0.1825028955936432,1,task14b/seed10/heterogeneity_pressure/episode21/step5/unit1,21,scenario_robust,0,1.1379882097244263,heterogeneity_pressure,-0.10766857862472534
0.5859242677688599,0.17579038441181183,1,task14b/seed10/heterogeneity_pressure/episode21/step5/unit2,21,scenario_robust,-1,1.5247693061828613,heterogeneity_pressure,-0.03440922498703003
0.9296536445617676,0.1785341203212738,2,task14b/seed10/heterogeneity_pressure/episode8/step6/unit0,21,scenario_robust,0,-2.3486697673797607,heterogeneity_pressure,-1.0899326801300049
0.9403694272041321,0.18567579984664917,2,task14b/seed10/heterogeneity_pressure/episode8/step6/unit1,21,scenario_robust,-1,-2.701900005340576,heterogeneity_pressure,-1.1906789541244507
0.8160279989242554,0.19336628913879395,2,task14b/seed10/heterogeneity_pressure/episode8/step6/unit2,21,scenario_robust,0,-1.0222216844558716,heterogeneity_pressure,-0.805294930934906
0.6266857385635376,0.18911799788475037,1,task14b/seed10/heterogeneity_pressure/episode40/step2/unit0,21,scenario_robust,0,0.2833469808101654,heterogeneity_pressure,-0.3021821975708008
0.47038206458091736,0.1503509134054184,2,task14b/seed10/heterogeneity_pressure/episode32/step32/unit2,21,scenario_robust,1,4.019008159637451,heterogeneity_pressure,0.4929790496826172
1.0901824235916138,0.2890454828739166,0,task14b/seed10/heterogeneity_pressure/episode8/step3/unit0,21,scenario_robust,0,-4.659104347229004,heterogeneity_pressure,-1.8242655992507935
0.6236061453819275,0.18345525860786438,1,task14b/seed10/heterogeneity_pressure/episode4/step6/unit0,21,scenario_robust,0,1.5998427867889404,heterogeneity_pressure,-0.05495208501815796
0.9604319930076599,0.21094977855682373,0,task14b/seed10/heterogeneity_pressure/episode27/step5/unit0,21,scenario_robust,0,-2.81119966506958,heterogeneity_pressure,-1.1374764442443848
0.9235938787460327,0.1764499992132187,0,task14b/seed10/heterogeneity_pressure/episode27/step5/unit1,21,scenario_robust,-1,-2.4858438968658447,heterogeneity_pressure,-0.9581251740455627
0.9007048606872559,0.191069558262825,0,task14b/seed10/heterogeneity_pressure/episode27/step5/unit2,21,scenario_robust,0,-1.6327247619628906,heterogeneity_pressure,-0.8210455775260925
1.137133002281189,0.3456037938594818,0,task14b/seed10/heterogeneity_pressure/episode2/step2/unit0,21,scenario_robust,0,-5.137258529663086,heterogeneity_pressure,-2.145719289779663
1.0258265733718872,0.3203178942203522,0,task14b/seed10/heterogeneity_pressure/episode2/step2/unit2,21,scenario_robust,0,-3.3716793060302734,heterogeneity_pressure,-1.6165224313735962
0.5967013239860535,0.17345720529556274,1,task14b/seed10/heterogeneity_pressure/episode5/step6/unit0,21,scenario_robust,0,0.5653383135795593,heterogeneity_pressure,-0.2071564644575119
0.5835625529289246,0.16671206057071686,1,task14b/seed10/heterogeneity_pressure/episode5/step6/unit1,21,scenario_robust,0,0.41141948103904724,heterogeneity_pressure,-0.21613086760044098
0.773845374584198,0.21930323541164398,0,task14b/seed10/heterogeneity_pressure/episode36/step49/unit2,21,scenario_robust,0,3.2350611686706543,heterogeneity_pressure,0.1216767430305481
0.6149551868438721,0.318773478269577,2,task14u/seed8/medium/episode25/step23/unit0,21,scenario_robust_reliable_cost,0,-0.4136931002140045,medium,-0.8371391296386719
0.5340362787246704,0.2894119918346405,2,task14u/seed8/medium/episode25/step23/unit2,21,scenario_robust_reliable_cost,1,2.1657938957214355,medium,-0.1847420036792755
0.9746054410934448,0.3598077893257141,1,task14u/seed8/medium/episode0/step26/unit2,21,scenario_robust_reliable_cost,0,5.3743391036987305,medium,-0.08445775508880615
0.6240601539611816,0.1614927500486374,0,task14u/seed8/medium/episode18/step31/unit2,21,scenario_robust_reliable_cost,0,2.5354738235473633,medium,0.1903412938117981
0.5199047923088074,0.26650214195251465,2,task14u/seed8/medium/episode5/step12/unit2,21,scenario_robust_reliable_cost,0,2.5053415298461914,medium,-0.05809152126312256
0.5012259483337402,0.25441667437553406,2,task14u/seed8/medium/episode21/step37/unit2,21,scenario_robust_reliable_cost,0,3.3955163955688477,medium,0.15437248349189758
0.5240887999534607,0.28706809878349304,2,task14u/seed8/medium/episode30/step17/unit2,21,scenario_robust_reliable_cost,1,-0.1295473277568817,medium,-0.6066360473632812
0.6231250762939453,0.14033125340938568,0,task14u/seed8/medium/episode20/step26/unit2,21,scenario_robust_reliable_cost,1,3.0296504497528076,medium,0.3246387541294098
4.6048583984375,0.26999491453170776,1,task14u/seed8/medium/episode1/step27/unit2,21,scenario_robust_reliable_cost,0,1.6570616960525513,medium,-3.404771327972412
0.8924210667610168,0.2659083604812622,1,task14u/seed8/medium/episode20/step18/unit1,21,scenario_robust_reliable_cost,-1,9.363757133483887,medium,0.965059220790863
0.0652770921587944,0.4179859459400177,1,task14u/seed8/medium/episode20/step18/unit2,21,scenario_robust_reliable_cost,0,9.689436912536621,medium,1.6482902765274048
0.6396618485450745,0.11861903965473175,0,task14u/seed8/medium/episode35/step38/unit2,21,scenario_robust_reliable_cost,0,3.2129580974578857,medium,0.3939666152000427
0.6104018688201904,0.12776996195316315,0,task14u/seed8/medium/episode24/step30/unit2,21,scenario_robust_reliable_cost,0,2.7096383571624756,medium,0.29098618030548096
5.0,0.23550578951835632,1,task14u/seed8/time_pressure/episode6/step1/unit0,21,scenario_robust_reliable_cost,-1,1.594361662864685,time_pressure,-3.2202353477478027
5.0,0.11875861883163452,1,task14u/seed8/time_pressure/episode6/step1/unit1,21,scenario_robust_reliable_cost,0,3.802248477935791,time_pressure,-1.0887000560760498
5.0,0.3213246464729309,1,task14u/seed8/time_pressure/episode12/step0/unit0,21,scenario_robust_reliable_cost,0,1.0909053087234497,time_pressure,-4.587263584136963
5.0,0.2510664165019989,1,task14u/seed8/time_pressure/episode12/step0/unit1,21,scenario_robust_reliable_cost,0,3.0633225440979004,time_pressure,-3.189610242843628
3.666674852371216,0.3834555447101593,1,task14u/seed8/time_pressure/episode35/step22/unit2,21,scenario_robust_reliable_cost,0,1.7614808082580566,time_pressure,-3.8704516887664795
0.4740707278251648,0.2991173267364502,2,task14u/seed8/time_pressure/episode19/step23/unit2,21,scenario_robust_reliable_cost,1,2.909022331237793,time_pressure,0.006341516971588135
0.5760908126831055,0.2286311537027359,0,task14u/seed8/time_pressure/episode4/step5/unit0,21,scenario_robust_reliable_cost,-1,-0.2016490399837494,time_pressure,-0.42694395780563354
0.5785646438598633,0.204074427485466,0,task14u/seed8/time_pressure/episode4/step5/unit1,21,scenario_robust_reliable_cost,0,0.20850339531898499,time_pressure,-0.30789923667907715
0.08989966660737991,0.5995296835899353,1,task14u/seed8/time_pressure/episode33/step18/unit0,21,scenario_robust_reliable_cost,-1,13.001852035522461,time_pressure,2.1603245735168457
2.0020241737365723,0.4377270042896271,1,task14u/seed8/time_pressure/episode27/step7/unit0,21,scenario_robust_reliable_cost,0,6.191243648529053,time_pressure,-1.5032577514648438
0.04645845293998718,0.47144925594329834,1,task14u/seed8/time_pressure/episode27/step7/unit2,21,scenario_robust_reliable_cost,1,10.539851188659668,time_pressure,1.816103219985962
0.6283847093582153,0.1254258155822754,0,task14u/seed8/time_pressure/episode2/step25/unit2,21,scenario_robust_reliable_cost,0,3.705015182495117,time_pressure,0.47988536953926086
0.5162507891654968,0.26219210028648376,2,task14u/seed8/time_pressure/episode15/step15/unit2,21,scenario_robust_reliable_cost,1,3.1982717514038086,time_pressure,0.08644121885299683
0.6244320869445801,0.21835942566394806,0,task14u/seed8/time_pressure/episode27/step12/unit0,21,scenario_robust_reliable_cost,0,0.7706714868545532,time_pressure,-0.2537163496017456
0.6261253356933594,0.1780087798833847,0,task14u/seed8/time_pressure/episode27/step12/unit2,21,scenario_robust_reliable_cost,1,1.7938034534454346,time_pressure,0.016318440437316895
0.5981296896934509,0.2838501036167145,2,task14u/seed8/time_pressure/episode22/step8/unit0,21,scenario_robust_reliable_cost,0,-0.7815982699394226,time_pressure,-0.805766224861145
0.5766667127609253,0.28404703736305237,2,task14u/seed8/time_pressure/episode22/step8/unit1,21,scenario_robust_reliable_cost,-1,-0.25819724798202515,time_pressure,-0.68281489610672
0.5253946781158447,0.2714096009731293,2,task14u/seed8/time_pressure/episode22/step8/unit2,21,scenario_robust_reliable_cost,0,1.4452399015426636,time_pressure,-0.27591225504875183
0.5907365083694458,0.19911669194698334,0,task14u/seed8/heterogeneity_pressure/episode20/step29/unit0,21,scenario_robust_reliable_cost,1,1.9237112998962402,heterogeneity_pressure,0.023105740547180176
0.6000297665596008,0.15710480511188507,0,task14u/seed8/heterogeneity_pressure/episode20/step29/unit2,21,scenario_robust_reliable_cost,-1,2.9881880283355713,heterogeneity_pressure,0.2965582013130188
0.47687816619873047,0.23076479136943817,2,task14u/seed8/heterogeneity_pressure/episode35/step28/unit2,21,scenario_robust_reliable_cost,0,3.781876802444458,heterogeneity_pressure,0.2956480085849762
0.6227961182594299,0.09369680285453796,0,task14u/seed8/heterogeneity_pressure/episode16/step48/unit2,21,scenario_robust_reliable_cost,0,4.347928524017334,heterogeneity_pressure,0.6637697219848633
0.6000875234603882,0.12209334224462509,0,task14u/seed8/heterogeneity_pressure/episode12/step25/unit2,21,scenario_robust_reliable_cost,1,3.159249782562256,heterogeneity_pressure,0.39133331179618835
5.0,0.0948178842663765,1,task14u/seed8/heterogeneity_pressure/episode21/step21/unit2,21,scenario_robust_reliable_cost,0,-1.5864191055297852,heterogeneity_pressure,-1.694253921508789
0.7028939127922058,0.2817518413066864,2,task14u/seed8/heterogeneity_pressure/episode4/step5/unit0,21,scenario_robust_reliable_cost,0,-3.647146224975586,heterogeneity_pressure,-1.4616179466247559
0.6165523529052734,0.2648722231388092,2,task14u/seed8/heterogeneity_pressure/episode4/step5/unit2,21,scenario_robust_reliable_cost,0,-2.008662700653076,heterogeneity_pressure,-1.0147675275802612
0.6006020903587341,0.11169733852148056,0,task14u/seed8/heterogeneity_pressure/episode6/step38/unit2,21,scenario_robust_reliable_cost,0,3.6694071292877197,heterogeneity_pressure,0.5076116323471069
2.212045431137085,0.26715078949928284,1,task14u/seed8/heterogeneity_pressure/episode25/step17/unit2,21,scenario_robust_reliable_cost,0,6.385476589202881,heterogeneity_pressure,-0.6191474199295044
4.4597320556640625,0.2700687348842621,1,task14u/seed8/heterogeneity_pressure/episode11/step49/unit2,21,scenario_robust_reliable_cost,0,-0.0718446597456932,heterogeneity_pressure,-3.597723960876465
0.5907393097877502,0.20245711505413055,0,task14u/seed8/heterogeneity_pressure/episode19/step11/unit0,21,scenario_robust_reliable_cost,0,1.1388205289840698,heterogeneity_pressure,-0.1335819661617279
0.5360727906227112,0.3017353117465973,2,task14u/seed8/heterogeneity_pressure/episode30/step25/unit2,21,scenario_robust_reliable_cost,0,-0.18653981387615204,heterogeneity_pressure,-0.6612249612808228
0.5699939131736755,0.22437646985054016,0,task14u/seed10/medium/episode30/step5/unit0,21,scenario_robust_reliable_cost,0,0.0245039239525795,medium,-0.37221759557724
0.5848618149757385,0.20624253153800964,0,task14u/seed10/medium/episode30/step5/unit1,21,scenario_robust_reliable_cost,0,0.35411885380744934,medium,-0.2874338924884796
5.0,0.013600274920463562,1,task14u/seed10/medium/episode33/step12/unit2,21,scenario_robust_reliable_cost,-1,1.5310735702514648,medium,0.07088616490364075
0.6114333271980286,0.17799372971057892,0,task14u/seed10/medium/episode32/step36/unit2,21,scenario_robust_reliable_cost,0,1.9413206577301025,medium,0.05240890383720398
0.6581799983978271,0.3004777431488037,2,task14u/seed10/medium/episode21/step6/unit1,21,scenario_robust_reliable_cost,-1,-1.4915064573287964,medium,-1.0494248867034912
0.5948517322540283,0.2951207160949707,2,task14u/seed10/medium/episode21/step6/unit2,21,scenario_robust_reliable_cost,0,0.6462785005569458,medium,-0.555766224861145
0.4768487513065338,0.22377054393291473,2,task14u/seed10/medium/episode35/step28/unit2,21,scenario_robust_reliable_cost,0,4.225313186645508,medium,0.39314934611320496
0.6245774030685425,0.17401182651519775,0,task14u/seed10/medium/episode8/step13/unit2,21,scenario_robust_reliable_cost,0,1.0632575750350952,medium,-0.11593624949455261
0.613993763923645,0.13530832529067993,0,task14u/seed10/medium/episode13/step19/unit2,21,scenario_robust_reliable_cost,0,2.518315076828003,medium,0.2392166554927826
0.6088500618934631,0.26095446944236755,2,task14u/seed10/medium/episode19/step7/unit0,21,scenario_robust_reliable_cost,-1,-1.4870634078979492,medium,-0.898167610168457
0.5355345606803894,0.2482624351978302,2,task14u/seed10/medium/episode19/step7/unit2,21,scenario_robust_reliable_cost,-1,0.7188392281532288,medium,-0.37715309858322144
0.6017149686813354,0.25301268696784973,0,task14u/seed10/medium/episode9/step0/unit0,21,scenario_robust_reliable_cost,0,-0.8938116431236267,medium,-0.62049400806427
0.6031286120414734,0.23340892791748047,0,task14u/seed10/medium/episode9/step0/unit1,21,scenario_robust_reliable_cost,0,-0.6291666030883789,medium,-0.5358319878578186
0.5195112824440002,0.31874585151672363,2,task14u/seed10/medium/episode28/step24/unit2,21,scenario_robust_reliable_cost,0,0.565594494342804,medium,-0.5326262712478638
0.4938895106315613,0.255551815032959,2,task14u/seed10/medium/episode17/step30/unit2,21,scenario_robust_reliable_cost,0,2.3221681118011475,medium,-0.045291751623153687
2.055224657058716,0.21373462677001953,1,task14u/seed10/time_pressure/episode32/step15/unit2,21,scenario_robust_reliable_cost,0,4.62082052230835,time_pressure,-0.4826727509498596
5.0,0.4000836908817291,1,task14u/seed10/time_pressure/episode28/step12/unit0,21,scenario_robust_reliable_cost,-1,-1.142295002937317,time_pressure,-6.1579742431640625
5.0,0.30609551072120667,1,task14u/seed10/time_pressure/episode28/step12/unit1,21,scenario_robust_reliable_cost,-1,0.8564976453781128,time_pressure,-4.402462482452393
2.5827436447143555,0.40564459562301636,1,task14u/seed10/time_pressure/episode28/step12/unit2,21,scenario_robust_reliable_cost,0,4.240743637084961,time_pressure,-2.361377000808716
0.48203158378601074,0.28127622604370117,2,task14u/seed10/time_pressure/episode20/step18/unit2,21,scenario_robust_reliable_cost,0,1.9525736570358276,time_pressure,-0.1520242691040039
4.77046012878418,0.14920516312122345,1,task14u/seed10/time_pressure/episode27/step14/unit2,21,scenario_robust_reliable_cost,0,4.417755603790283,time_pressure,-1.3300062417984009
0.4992365837097168,0.22132079303264618,2,task14u/seed10/time_pressure/episode1/step27/unit2,21,scenario_robust_reliable_cost,0,4.395143985748291,time_pressure,0.4108937084674835
1.8142085075378418,0.3288057744503021,1,task14u/seed10/time_pressure/episode18/step12/unit2,21,scenario_robust_reliable_cost,0,2.9229378700256348,time_pressure,-1.2537744045257568
0.5472669005393982,0.2765757143497467,2,task14u/seed10/time_pressure/episode30/step14/unit2,21,scenario_robust_reliable_cost,0,0.4995495676994324,time_pressure,-0.49017685651779175
0.6054038405418396,0.13051070272922516,0,task14u/seed10/time_pressure/episode0/step17/unit2,21,scenario_robust_reliable_cost,0,2.2330381870269775,time_pressure,0.19636689126491547
0.6264639496803284,0.14368771016597748,0,task14u/seed10/time_pressure/episode27/step15/unit2,21,scenario_robust_reliable_cost,0,2.0620529651641846,time_pressure,0.13107088208198547
0.4809311032295227,0.3668552041053772,1,task14u/seed10/time_pressure/episode8/step25/unit2,21,scenario_robust_reliable_cost,0,7.040118217468262,time_pressure,0.7314797639846802
0.5965584516525269,0.2686609625816345,0,task14u/seed10/time_pressure/episode6/step3/unit0,21,scenario_robust_reliable_cost,0,-0.7187414169311523,time_pressure,-0.6105097532272339
0.5944949388504028,0.23802469670772552,0,task14u/seed10/time_pressure/episode6/step3/unit1,21,scenario_robust_reliable_cost,0,-0.13270241022109985,time_pressure,-0.4425506889820099
5.0,0.0934191644191742,1,task14u/seed10/heterogeneity_pressure/episode12/step30/unit2,21,scenario_robust_reliable_cost,0,-0.6074941754341125,heterogeneity_pressure,-1.4987062215805054
0.5041779279708862,0.2552412450313568,2,task14u/seed10/heterogeneity_pressure/episode28/step27/unit2,21,scenario_robust_reliable_cost,0,1.443216323852539,heterogeneity_pressure,-0.22249463200569153
0.6555972695350647,0.2912554144859314,2,task14u/seed10/heterogeneity_pressure/episode9/step4/unit1,21,scenario_robust_reliable_cost,0,-2.6541664600372314,heterogeneity_pressure,-1.2447863817214966
0.6077975630760193,0.28561872243881226,2,task14u/seed10/heterogeneity_pressure/episode9/step4/unit2,21,scenario_robust_reliable_cost,0,-0.970988929271698,heterogeneity_pressure,-0.8566603660583496
0.604246199131012,0.1499316394329071,0,task14u/seed10/heterogeneity_pressure/episode16/step10/unit2,21,scenario_robust_reliable_cost,0,2.084475517272949,heterogeneity_pressure,0.1336701512336731
0.5570950508117676,0.20824189484119415,2,task14u/seed10/heterogeneity_pressure/episode19/step13/unit2,21,scenario_robust_reliable_cost,0,1.7633951902389526,heterogeneity_pressure,-0.11239641904830933
0.012078109197318554,0.24780356884002686,1,task14u/seed10/heterogeneity_pressure/episode31/step34/unit2,21,scenario_robust_reliable_cost,0,17.94609260559082,heterogeneity_pressure,3.194352626800537
0.6073390245437622,0.15700934827327728,0,task14u/seed10/heterogeneity_pressure/episode12/step24/unit2,21,scenario_robust_reliable_cost,0,1.8896169662475586,heterogeneity_pressure,0.08217936754226685
0.6018205285072327,0.12106644362211227,0,task14u/seed10/heterogeneity_pressure/episode16/step29/unit2,21,scenario_robust_reliable_cost,0,2.677821159362793,heterogeneity_pressure,0.2999917268753052
0.5896866321563721,0.21784745156764984,0,task14u/seed10/heterogeneity_pressure/episode16/step7/unit0,21,scenario_robust_reliable_cost,0,0.32478317618370056,heterogeneity_pressure,-0.3161739706993103
0.5990321040153503,0.1652989387512207,0,task14u/seed10/heterogeneity_pressure/episode16/step7/unit2,21,scenario_robust_reliable_cost,0,1.6384047269821167,heterogeneity_pressure,0.023100733757019043
0.5199885964393616,0.2467547357082367,2,task14u/seed10/heterogeneity_pressure/episode10/step24/unit2,21,scenario_robust_reliable_cost,0,0.9691537022590637,heterogeneity_pressure,-0.3114510178565979
0.625566303730011,0.27557745575904846,0,task14u/seed10/heterogeneity_pressure/episode9/step1/unit0,21,scenario_robust_reliable_cost,0,-1.1349610090255737,heterogeneity_pressure,-0.7262347936630249
0.6261655688285828,0.2505190670490265,0,task14u/seed10/heterogeneity_pressure/episode9/step1/unit1,21,scenario_robust_reliable_cost,0,-0.9844317436218262,heterogeneity_pressure,-0.651543378829956
0.4877271056175232,0.1569513976573944,2,task14b/seed8/medium/episode26/step38/unit2,21,scenario_robust_reliable_cost,1,6.936731815338135,medium,1.0269256830215454
0.022224748507142067,0.21165885031223297,1,task14b/seed8/medium/episode15/step27/unit2,21,scenario_robust_reliable_cost,1,11.723215103149414,medium,2.0785164833068848
2.541625738143921,0.18327219784259796,1,task14b/seed8/medium/episode40/step32/unit2,21,scenario_robust_reliable_cost,1,8.557374000549316,medium,0.1409921646118164
0.00626093614846468,0.11498023569583893,1,task14b/seed8/medium/episode28/step33/unit2,21,scenario_robust_reliable_cost,1,12.86463451385498,medium,2.2941110134124756
0.6305351853370667,0.3076268434524536,2,task14b/seed8/medium/episode46/step31/unit0,21,scenario_robust_reliable_cost,-1,-1.4137358665466309,medium,-1.0198981761932373
0.5627975463867188,0.29526469111442566,2,task14b/seed8/medium/episode46/step31/unit2,21,scenario_robust_reliable_cost,1,0.8050056099891663,medium,-0.48921623826026917
0.6504654884338379,0.15999707579612732,0,task14b/seed8/medium/episode42/step20/unit2,21,scenario_robust_reliable_cost,1,1.611535668373108,medium,0.003043144941329956
0.6338008642196655,0.16220366954803467,0,task14b/seed8/medium/episode32/step24/unit2,21,scenario_robust_reliable_cost,1,1.317643165588379,medium,-0.049712032079696655
4.3486175537109375,0.15967199206352234,1,task14b/seed8/medium/episode30/step38/unit2,21,scenario_robust_reliable_cost,1,-7.703165531158447,medium,-3.441648483276367
0.49119871854782104,0.16291603446006775,2,task14b/seed8/medium/episode26/step35/unit2,21,scenario_robust_reliable_cost,1,6.7175188064575195,medium,0.9716761708259583
0.5590075850486755,0.10345843434333801,0,task14b/seed8/medium/episode39/step28/unit2,21,scenario_robust_reliable_cost,1,3.309657335281372,medium,0.4657275378704071
0.6224115490913391,0.12363310158252716,0,task14b/seed8/medium/episode28/step30/unit2,21,scenario_robust_reliable_cost,1,2.8922810554504395,medium,0.32915958762168884
0.6040713787078857,0.11345060169696808,0,task14b/seed8/medium/episode15/step24/unit2,21,scenario_robust_reliable_cost,1,2.950012445449829,medium,0.36506739258766174
4.522704124450684,0.3392794728279114,1,task14b/seed8/medium/episode46/step27/unit0,21,scenario_robust_reliable_cost,0,5.982729434967041,medium,-3.4993185997009277
0.42712798714637756,0.41047149896621704,1,task14b/seed8/medium/episode46/step27/unit2,21,scenario_robust_reliable_cost,1,8.373472213745117,medium,0.9727732539176941
0.5005679726600647,0.23360027372837067,2,task14b/seed8/medium/episode8/step25/unit2,21,scenario_robust_reliable_cost,0,2.9623963832855225,medium,0.11271676421165466
0.6084851622581482,0.1690547913312912,0,task14b/seed8/time_pressure/episode15/step17/unit1,21,scenario_robust_reliable_cost,-1,2.1786105632781982,time_pressure,0.11559736728668213
0.6015058159828186,0.15133769810199738,0,task14b/seed8/time_pressure/episode15/step17/unit2,21,scenario_robust_reliable_cost,1,2.870480537414551,time_pressure,0.2834729850292206
0.6472962498664856,0.14998561143875122,0,task14b/seed8/time_pressure/episode36/step32/unit2,21,scenario_robust_reliable_cost,1,2.8539817333221436,time_pressure,0.26245737075805664
0.4581596255302429,0.2115980088710785,2,task14b/seed8/time_pressure/episode17/step37/unit2,21,scenario_robust_reliable_cost,1,6.4565887451171875,time_pressure,0.8564587831497192
0.5197249054908752,0.28489264845848083,2,task14b/seed8/time_pressure/episode15/step24/unit0,21,scenario_robust_reliable_cost,1,3.348022222518921,time_pressure,0.06584519147872925
0.46010133624076843,0.26401427388191223,2,task14b/seed8/time_pressure/episode15/step24/unit2,21,scenario_robust_reliable_cost,1,5.493505001068115,time_pressure,0.5779021978378296
0.9778610467910767,0.30366966128349304,1,task14b/seed8/time_pressure/episode34/step27/unit2,21,scenario_robust_reliable_cost,1,7.1746978759765625,time_pressure,0.39679932594299316
0.6050490140914917,0.17669960856437683,0,task14b/seed8/time_pressure/episode38/step24/unit0,21,scenario_robust_reliable_cost,0,1.4052573442459106,time_pressure,-0.04497542977333069
0.5995970368385315,0.1423548310995102,0,task14b/seed8/time_pressure/episode38/step24/unit2,21,scenario_robust_reliable_cost,1,2.2139735221862793,time_pressure,0.1740056872367859
0.5983422994613647,0.20981170237064362,0,task14b/seed8/time_pressure/episode28/step19/unit0,21,scenario_robust_reliable_cost,0,0.5143834352493286,time_pressure,-0.27111610770225525
0.5981336832046509,0.18983224034309387,0,task14b/seed8/time_pressure/episode28/step19/unit1,21,scenario_robust_reliable_cost,0,0.7911784052848816,time_pressure,-0.18256181478500366
0.6071028113365173,0.15607497096061707,0,task14b/seed8/time_pressure/episode28/step19/unit2,21,scenario_robust_reliable_cost,0,1.8674519062042236,time_pressure,0.07969999313354492
0.03719020262360573,0.2763960063457489,1,task14b/seed8/time_pressure/episode46/step29/unit2,21,scenario_robust_reliable_cost,1,13.10409164428711,time_pressure,2.3083999156951904
0.5361807346343994,0.2285306304693222,2,task14b/seed8/time_pressure/episode39/step15/unit2,21,scenario_robust_reliable_cost,1,3.3675103187561035,time_pressure,0.16831856966018677
0.5139540433883667,0.2401285171508789,2,task14b/seed8/time_pressure/episode21/step23/unit2,21,scenario_robust_reliable_cost,1,2.7456188201904297,time_pressure,0.04629892110824585
0.628689169883728,0.16671501100063324,0,task14b/seed8/time_pressure/episode47/step21/unit2,21,scenario_robust_reliable_cost,1,2.9186315536499023,time_pressure,0.2521117925643921
5.0,0.3286770284175873,1,task14b/seed8/time_pressure/episode3/step0/unit0,21,scenario_robust_reliable_cost,0,1.2505601644515991,time_pressure,-4.668184280395508
5.0,0.26709291338920593,1,task14b/seed8/time_pressure/episode3/step0/unit1,21,scenario_robust_reliable_cost,0,0.4411579370498657,time_pressure,-3.8961572647094727
0.6020761728286743,0.1390942633152008,0,task14b/seed8/time_pressure/episode14/step20/unit2,21,scenario_robust_reliable_cost,0,2.0751771926879883,time_pressure,0.15207204222679138
0.4380966126918793,0.24646203219890594,2,task14b/seed8/time_pressure/episode44/step45/unit2,21,scenario_robust_reliable_cost,1,4.683879852294922,time_pressure,0.47569966316223145
2.638990879058838,0.1344708502292633,1,task14b/seed8/heterogeneity_pressure/episode21/step26/unit0,21,scenario_robust_reliable_cost,0,11.126944541931152,heterogeneity_pressure,0.9298537969589233
0.10571108758449554,0.12882524728775024,1,task14b/seed8/heterogeneity_pressure/episode21/step26/unit2,21,scenario_robust_reliable_cost,0,16.846357345581055,heterogeneity_pressure,2.9664318561553955
0.2719229459762573,0.22999249398708344,1,task14b/seed8/heterogeneity_pressure/episode14/step39/unit2,21,scenario_robust_reliable_cost,0,8.091473579406738,heterogeneity_pressure,1.258129596710205
0.4726945459842682,0.229278564453125,2,task14b/seed8/heterogeneity_pressure/episode42/step28/unit2,21,scenario_robust_reliable_cost,1,5.520778656005859,heterogeneity_pressure,0.6337531208992004
0.5821264982223511,0.10238902270793915,0,task14b/seed8/heterogeneity_pressure/episode13/step37/unit2,21,scenario_robust_reliable_cost,1,3.312981367111206,heterogeneity_pressure,0.46115195751190186
5.0,0.35455524921417236,1,task14b/seed8/heterogeneity_pressure/episode26/step31/unit2,21,scenario_robust_reliable_cost,1,-6.88732385635376,heterogeneity_pressure,-6.505866050720215
0.6235948204994202,0.1315145492553711,0,task14b/seed8/heterogeneity_pressure/episode31/step37/unit2,21,scenario_robust_reliable_cost,0,2.6537842750549316,heterogeneity_pressure,0.26840001344680786
0.616614580154419,0.3404969274997711,2,task14b/seed8/heterogeneity_pressure/episode5/step18/unit0,21,scenario_robust_reliable_cost,0,-1.5976152420043945,heterogeneity_pressure,-1.1168007850646973
0.5440604090690613,0.33817383646965027,2,task14b/seed8/heterogeneity_pressure/episode5/step18/unit2,21,scenario_robust_reliable_cost,0,-0.4341214895248413,heterogeneity_pressure,-0.7944483757019043
0.596626341342926,0.11452240496873856,0,task14b/seed8/heterogeneity_pressure/episode41/step27/unit2,21,scenario_robust_reliable_cost,1,2.8349366188049316,heterogeneity_pressure,0.34355247020721436
5.0,0.15115180611610413,1,task14b/seed8/heterogeneity_pressure/episode6/step25/unit2,21,scenario_robust_reliable_cost,0,-1.6859301328659058,heterogeneity_pressure,-2.5503828525543213
0.6208170652389526,0.10822717845439911,0,task14b/seed8/heterogeneity_pressure/episode30/step32/unit2,21,scenario_robust_reliable_cost,1,2.710292339324951,heterogeneity_pressure,0.3229468762874603
0.4867139756679535,0.23410627245903015,2,task14b/seed8/heterogeneity_pressure/episode31/step29/unit2,21,scenario_robust_reliable_cost,0,2.922551393508911,heterogeneity_pressure,0.1166824996471405
0.46744439005851746,0.16983723640441895,2,task14b/seed8/heterogeneity_pressure/episode33/step49/unit2,21,scenario_robust_reliable_cost,1,6.451268672943115,heterogeneity_pressure,0.9233503341674805
5.0,0.29365813732147217,1,task14b/seed8/heterogeneity_pressure/episode29/step0/unit0,21,scenario_robust_reliable_cost,0,-3.0581367015838623,heterogeneity_pressure,-4.916104316711426
0.45962491631507874,0.1727767437696457,2,task14b/seed8/heterogeneity_pressure/episode43/step49/unit2,21,scenario_robust_reliable_cost,0,6.122779369354248,heterogeneity_pressure,0.8606098294258118
4.942867755889893,0.06248985603451729,1,task14b/seed10/medium/episode9/step27/unit2,21,scenario_robust_reliable_cost,0,-0.8109898567199707,medium,-1.0641098022460938
0.5998854637145996,0.12603525817394257,0,task14b/seed10/medium/episode20/step25/unit2,21,scenario_robust_reliable_cost,0,2.620278835296631,medium,0.28083673119544983
5.0,0.27951666712760925,1,task14b/seed10/medium/episode33/step0/unit0,21,scenario_robust_reliable_cost,0,-0.03133890777826309,medium,-4.16538667678833
5.0,0.24962717294692993,1,task14b/seed10/medium/episode33/step0/unit1,21,scenario_robust_reliable_cost,0,-2.2043232917785645,medium,-4.108431816101074
0.030271003022789955,0.1547519713640213,1,task14b/seed10/medium/episode27/step20/unit2,21,scenario_robust_reliable_cost,0,8.408802032470703,medium,1.486973524093628
0.5807695388793945,0.14548221230506897,0,task14b/seed10/medium/episode44/step25/unit2,21,scenario_robust_reliable_cost,0,2.4625887870788574,medium,0.22434015572071075
5.0,0.23520363867282867,1,task14b/seed10/medium/episode44/step4/unit0,21,scenario_robust_reliable_cost,-1,-1.6251457929611206,medium,-3.7904000282287598
5.0,0.227660670876503,1,task14b/seed10/medium/episode44/step4/unit1,21,scenario_robust_reliable_cost,0,-3.284907817840576,medium,-3.9744014739990234
5.0,0.3232309818267822,1,task14b/seed10/medium/episode28/step4/unit0,21,scenario_robust_reliable_cost,0,1.0683435201644897,medium,-4.619660377502441
5.0,0.3790794312953949,1,task14b/seed10/medium/episode28/step4/unit2,21,scenario_robust_reliable_cost,0,-2.3725905418395996,medium,-6.064986705780029
0.7576238512992859,0.3628457188606262,2,task14b/seed10/medium/episode44/step0/unit0,21,scenario_robust_reliable_cost,0,-6.729301929473877,medium,-2.346750259399414
0.7173261046409607,0.35610949993133545,2,task14b/seed10/medium/episode44/step0/unit1,21,scenario_robust_reliable_cost,0,-6.3110432624816895,medium,-2.1917309761047363
0.16145871579647064,0.16460327804088593,1,task14b/seed10/medium/episode39/step28/unit2,21,scenario_robust_reliable_cost,1,7.559575080871582,medium,1.27023184299469
0.5847156643867493,0.12988659739494324,0,task14b/seed10/medium/episode2/step30/unit2,21,scenario_robust_reliable_cost,0,2.789915084838867,medium,0.31244176626205444
5.0,0.3367842733860016,1,task14b/seed10/medium/episode12/step4/unit0,21,scenario_robust_reliable_cost,0,-3.6769423484802246,medium,-5.668364524841309
5.0,0.2577882707118988,1,task14b/seed10/medium/episode12/step4/unit1,21,scenario_robust_reliable_cost,0,-1.3575843572616577,medium,-4.07874870300293
0.5102790594100952,0.2894314229488373,2,task14b/seed10/medium/episode24/step20/unit2,21,scenario_robust_reliable_cost,0,1.7683364152908325,medium,-0.23399129509925842
0.6227690577507019,0.29252874851226807,2,task14b/seed10/medium/episode35/step7/unit1,21,scenario_robust_reliable_cost,0,-1.6696293354034424,medium,-1.0230940580368042
0.5406782627105713,0.27545401453971863,2,task14b/seed10/medium/episode35/step7/unit2,21,scenario_robust_reliable_cost,0,0.6973830461502075,medium,-0.44305071234703064
0.6088192462921143,0.12842313945293427,0,task14b/seed10/medium/episode22/step46/unit2,21,scenario_robust_reliable_cost,0,3.197456121444702,medium,0.38417762517929077
0.5301827192306519,0.21856577694416046,2,task14b/seed10/time_pressure/episode44/step22/unit2,21,scenario_robust_reliable_cost,0,4.194688320159912,time_pressure,0.351819783449173
0.5941585302352905,0.306090384721756,1,task14b/seed10/time_pressure/episode18/step26/unit2,21,scenario_robust_reliable_cost,0,2.46199369430542,time_pressure,-0.10186004638671875
0.5866881608963013,0.1392303705215454,0,task14b/seed10/time_pressure/episode31/step21/unit2,21,scenario_robust_reliable_cost,1,2.1720874309539795,time_pressure,0.17677278816699982
0.5281692743301392,0.2560695707798004,2,task14b/seed10/time_pressure/episode41/step18/unit2,21,scenario_robust_reliable_cost,0,2.9215333461761475,time_pressure,0.0340808629989624
0.6679941415786743,0.2906104326248169,2,task14b/seed10/time_pressure/episode28/step8/unit0,21,scenario_robust_reliable_cost,0,-3.049050807952881,time_pressure,-1.3324003219604492
0.5864165425300598,0.2610107362270355,2,task14b/seed10/time_pressure/episode28/step8/unit2,21,scenario_robust_reliable_cost,0,-0.8566943407058716,time_pressure,-0.7554242610931396
0.46724629402160645,0.25963595509529114,2,task14b/seed10/time_pressure/episode16/step22/unit2,21,scenario_robust_reliable_cost,0,3.133110284805298,time_pressure,0.12833043932914734
0.19052451848983765,0.20231103897094727,1,task14b/seed10/time_pressure/episode26/step20/unit2,21,scenario_robust_reliable_cost,0,6.323948860168457,time_pressure,1.0140571594238281
0.582565426826477,0.10130786150693893,0,task14b/seed10/time_pressure/episode5/step22/unit2,21,scenario_robust_reliable_cost,0,3.361401081085205,time_pressure,0.4721829295158386
0.5966365933418274,0.13755269348621368,0,task14b/seed10/time_pressure/episode47/step24/unit2,21,scenario_robust_reliable_cost,0,2.6994528770446777,time_pressure,0.2770098149776459
0.5372896194458008,0.22489358484745026,2,task14b/seed10/time_pressure/episode44/step19/unit2,21,scenario_robust_reliable_cost,0,3.7989823818206787,time_pressure,0.25718972086906433
5.0,0.34207600355148315,1,task14b/seed10/time_pressure/episode41/step12/unit0,21,scenario_robust_reliable_cost,-1,2.9205374717712402,time_pressure,-4.569509506225586
0.5757420659065247,0.12564288079738617,0,task14b/seed10/time_pressure/episode3/step24/unit2,21,scenario_robust_reliable_cost,1,2.313251495361328,time_pressure,0.23145438730716705
0.609776496887207,0.12432454526424408,0,task14b/seed10/time_pressure/episode12/step18/unit2,21,scenario_robust_reliable_cost,0,2.4180080890655518,time_pressure,0.24135693907737732
0.6109338998794556,0.24991853535175323,0,task14b/seed10/time_pressure/episode30/step0/unit1,21,scenario_robust_reliable_cost,0,-1.003576636314392,time_pressure,-0.6428960561752319
0.7104458808898926,0.24456368386745453,2,task14b/seed10/heterogeneity_pressure/episode18/step5/unit0,21,scenario_robust_reliable_cost,0,-2.139082431793213,heterogeneity_pressure,-1.0800296068191528
0.6617275476455688,0.2322583943605423,2,task14b/seed10/heterogeneity_pressure/episode18/step5/unit1,21,scenario_robust_reliable_cost,0,-1.350245714187622,heterogeneity_pressure,-0.8519970178604126
0.6253798007965088,0.22659243643283844,2,task14b/seed10/heterogeneity_pressure/episode18/step5/unit2,21,scenario_robust_reliable_cost,0,-0.1793975979089737,heterogeneity_pressure,-0.5823270082473755
5.0,0.17804250121116638,1,task14b/seed10/heterogeneity_pressure/episode10/step4/unit0,21,scenario_robust_reliable_cost,0,-2.351348876953125,heterogeneity_pressure,-3.069345474243164
5.0,-0.02169286087155342,1,task14b/seed10/heterogeneity_pressure/episode10/step4/unit1,21,scenario_robust_reliable_cost,1,1.984031319618225,heterogeneity_pressure,0.35413670539855957
5.0,0.04112247750163078,1,task14b/seed10/heterogeneity_pressure/episode10/step4/unit2,21,scenario_robust_reliable_cost,0,-0.00043853584793396294,heterogeneity_pressure,-0.6120667457580566
0.7031227350234985,0.32958388328552246,2,task14b/seed10/heterogeneity_pressure/episode10/step0/unit0,21,scenario_robust_reliable_cost,0,-4.214723587036133,heterogeneity_pressure,-1.700204610824585
0.666461706161499,0.30135640501976013,2,task14b/seed10/heterogeneity_pressure/episode10/step0/unit1,21,scenario_robust_reliable_cost,1,-3.0235037803649902,heterogeneity_pressure,-1.3535065650939941
5.0,0.20858831703662872,1,task14b/seed10/heterogeneity_pressure/episode40/step5/unit0,21,scenario_robust_reliable_cost,0,0.05145962908864021,heterogeneity_pressure,-3.0950450897216797
5.0,0.17125055193901062,1,task14b/seed10/heterogeneity_pressure/episode40/step5/unit1,21,scenario_robust_reliable_cost,0,-1.6583586931228638,heterogeneity_pressure,-2.8445725440979004
5.0,0.26631149649620056,1,task14b/seed10/heterogeneity_pressure/episode21/step5/unit0,21,scenario_robust_reliable_cost,0,-2.2680392265319824,heterogeneity_pressure,-4.368102550506592
5.0,0.15521152317523956,1,task14b/seed10/heterogeneity_pressure/episode21/step5/unit1,21,scenario_robust_reliable_cost,0,-0.7672900557518005,heterogeneity_pressure,-2.4468283653259277
5.0,0.292515367269516,1,task14b/seed10/heterogeneity_pressure/episode21/step5/unit2,21,scenario_robust_reliable_cost,-1,-4.398584842681885,heterogeneity_pressure,-5.138360023498535
0.6781241297721863,0.2937581241130829,2,task14b/seed10/heterogeneity_pressure/episode8/step6/unit0,21,scenario_robust_reliable_cost,0,-2.9727578163146973,heterogeneity_pressure,-1.3374922275543213
0.6883714199066162,0.3011699914932251,2,task14b/seed10/heterogeneity_pressure/episode8/step6/unit1,21,scenario_robust_reliable_cost,-1,-3.5383098125457764,heterogeneity_pressure,-1.4767357110977173
0.6209200620651245,0.2964158058166504,2,task14b/seed10/heterogeneity_pressure/episode8/step6/unit2,21,scenario_robust_reliable_cost,0,-1.5513640642166138,heterogeneity_pressure,-1.0077812671661377
5.0,0.2555868327617645,1,task14b/seed10/heterogeneity_pressure/episode40/step2/unit0,21,scenario_robust_reliable_cost,0,0.15072917938232422,heterogeneity_pressure,-3.7767624855041504
0.45219308137893677,0.19027309119701385,2,task14b/seed10/heterogeneity_pressure/episode32/step32/unit2,21,scenario_robust_reliable_cost,1,4.98570442199707,heterogeneity_pressure,0.6181047558784485
0.6329503059387207,0.2564246654510498,0,task14b/seed10/heterogeneity_pressure/episode8/step3/unit0,21,scenario_robust_reliable_cost,0,-0.8544736504554749,heterogeneity_pressure,-0.6425889730453491
5.0,0.3436136245727539,1,task14b/seed10/heterogeneity_pressure/episode4/step6/unit0,21,scenario_robust_reliable_cost,0,0.8590574860572815,heterogeneity_pressure,-4.960353374481201
0.5951523184776306,0.23009860515594482,0,task14b/seed10/heterogeneity_pressure/episode27/step5/unit0,21,scenario_robust_reliable_cost,0,-0.31257742643356323,heterogeneity_pressure,-0.46368443965911865
0.5904044508934021,0.20715852081775665,0,task14b/seed10/heterogeneity_pressure/episode27/step5/unit1,21,scenario_robust_reliable_cost,-1,-0.14964599907398224,heterogeneity_pressure,-0.38922956585884094
0.5923723578453064,0.19309204816818237,0,task14b/seed10/heterogeneity_pressure/episode27/step5/unit2,21,scenario_robust_reliable_cost,0,0.5271950960159302,heterogeneity_pressure,-0.23577198386192322
0.6415045857429504,0.2916295826435089,0,task14b/seed10/heterogeneity_pressure/episode2/step2/unit0,21,scenario_robust_reliable_cost,0,-1.2888245582580566,heterogeneity_pressure,-0.7991039156913757
0.6300438046455383,0.2462926208972931,0,task14b/seed10/heterogeneity_pressure/episode2/step2/unit2,21,scenario_robust_reliable_cost,0,-0.276570588350296,heterogeneity_pressure,-0.5104950666427612
5.0,0.20337951183319092,1,task14b/seed10/heterogeneity_pressure/episode5/step6/unit0,21,scenario_robust_reliable_cost,0,-0.6295567154884338,heterogeneity_pressure,-3.1390841007232666
5.0,0.10709022730588913,1,task14b/seed10/heterogeneity_pressure/episode5/step6/unit1,21,scenario_robust_reliable_cost,0,-0.29986175894737244,heterogeneity_pressure,-1.6472500562667847
0.5957580208778381,0.1404682844877243,0,task14b/seed10/heterogeneity_pressure/episode36/step49/unit2,21,scenario_robust_reliable_cost,0,2.3754281997680664,heterogeneity_pressure,0.20996330678462982
2.855581760406494,0.29744672775268555,2,task14u/seed8/medium/episode25/step23/unit0,22,standard,0,-1.3694573640823364,medium,-3.546553134918213
1.607047438621521,0.2927597463130951,2,task14u/seed8/medium/episode25/step23/unit2,22,standard,1,2.6816320419311523,medium,-1.308326005935669
0.6514930129051208,0.3916456699371338,1,task14u/seed8/medium/episode0/step26/unit2,22,standard,0,3.879570245742798,medium,-0.06696820259094238
1.0085726976394653,0.2604735791683197,0,task14u/seed8/medium/episode18/step31/unit2,22,standard,0,2.888676643371582,medium,-0.218994140625
1.1221601963043213,0.2256438434123993,2,task14u/seed8/medium/episode5/step12/unit2,22,standard,0,2.211552381515503,medium,-0.5575946569442749
1.7316999435424805,0.16094662249088287,2,task14u/seed8/medium/episode21/step37/unit2,22,standard,0,-2.563539743423462,medium,-1.5669710636138916
2.234989643096924,0.20233596861362457,2,task14u/seed8/medium/episode30/step17/unit2,22,standard,1,-3.2938425540924072,medium,-2.3773748874664307
0.9124804139137268,0.26473289728164673,0,task14u/seed8/medium/episode20/step26/unit2,22,standard,1,3.8841540813446045,medium,0.0346674919128418
5.0,0.2380053997039795,1,task14u/seed8/medium/episode1/step27/unit2,22,standard,0,1.2930816411972046,medium,-3.311211585998535
1.0486944913864136,0.13934867084026337,1,task14u/seed8/medium/episode20/step18/unit1,22,standard,-1,9.956557273864746,medium,1.3422244787216187
0.04948907345533371,0.355042040348053,1,task14u/seed8/medium/episode20/step18/unit2,22,standard,0,11.42996883392334,medium,1.9878774881362915
0.872001588344574,0.21832670271396637,0,task14u/seed8/medium/episode35/step38/unit2,22,standard,0,5.070056438446045,medium,0.41346436738967896
0.8155856132507324,0.15295757353305817,0,task14u/seed8/medium/episode24/step30/unit2,22,standard,0,5.737756729125977,medium,0.7352373600006104
5.0,0.2265990525484085,1,task14u/seed8/time_pressure/episode6/step1/unit0,22,standard,-1,1.019403338432312,time_pressure,-3.1903109550476074
5.0,0.08319028466939926,1,task14u/seed8/time_pressure/episode6/step1/unit1,22,standard,0,1.7417176961898804,time_pressure,-0.9271601438522339
5.0,0.26917794346809387,1,task14u/seed8/time_pressure/episode12/step0/unit0,22,standard,0,2.044935703277588,time_pressure,-3.640923261642456
5.0,0.19575293362140656,1,task14u/seed8/time_pressure/episode12/step0/unit1,22,standard,0,2.895944118499756,time_pressure,-2.396305799484253
3.7807154655456543,0.3558516204357147,1,task14u/seed8/time_pressure/episode35/step22/unit2,22,standard,0,2.499621629714966,time_pressure,-3.5582287311553955
0.7751883864402771,0.3359048664569855,2,task14u/seed8/time_pressure/episode19/step23/unit2,22,standard,1,5.489258766174316,time_pressure,0.03977310657501221
1.1813615560531616,0.2354917824268341,0,task14u/seed8/time_pressure/episode4/step5/unit0,22,standard,-1,-1.2440804243087769,time_pressure,-1.059050440788269
1.1377980709075928,0.18947936594486237,0,task14u/seed8/time_pressure/episode4/step5/unit1,22,standard,0,-0.30026108026504517,time_pressure,-0.693101704120636
0.41244396567344666,0.41859155893325806,1,task14u/seed8/time_pressure/episode33/step18/unit0,22,standard,-1,14.16823959350586,time_pressure,2.015073299407959
1.099716067314148,0.4296893775463104,1,task14u/seed8/time_pressure/episode27/step7/unit0,22,standard,0,5.730887413024902,time_pressure,-0.3835395574569702
0.03647391498088837,0.44357573986053467,1,task14u/seed8/time_pressure/episode27/step7/unit2,22,standard,1,8.415966033935547,time_pressure,1.4540400505065918
0.8211016058921814,0.19789810478687286,0,task14u/seed8/time_pressure/episode2/step25/unit2,22,standard,0,6.859174728393555,time_pressure,0.8395536541938782
1.1941066980361938,0.2005179524421692,2,task14u/seed8/time_pressure/episode15/step15/unit2,22,standard,1,2.3112869262695312,time_pressure,-0.48531609773635864
1.1388771533966064,0.313651978969574,0,task14u/seed8/time_pressure/episode27/step12/unit0,22,standard,0,-0.30317196249961853,time_pressure,-1.1110498905181885
1.065766453742981,0.2926597595214844,0,task14u/seed8/time_pressure/episode27/step12/unit2,22,standard,1,0.889427125453949,time_pressure,-0.748289942741394
3.066110610961914,0.23353467881679535,2,task14u/seed8/time_pressure/episode22/step8/unit0,22,standard,0,-1.0657696723937988,time_pressure,-2.9728801250457764
2.129552125930786,0.24312657117843628,2,task14u/seed8/time_pressure/episode22/step8/unit1,22,standard,-1,4.271799564361572,time_pressure,-1.1878846883773804
1.8939402103424072,0.25677230954170227,2,task14u/seed8/time_pressure/episode22/step8/unit2,22,standard,0,2.954935312271118,time_pressure,-1.3174395561218262
0.9482450485229492,0.22530585527420044,0,task14u/seed8/heterogeneity_pressure/episode20/step29/unit0,22,standard,1,4.593513488769531,heterogeneity_pressure,0.25330066680908203
0.8548370599746704,0.20284977555274963,0,task14u/seed8/heterogeneity_pressure/episode20/step29/unit2,22,standard,-1,6.131900310516357,heterogeneity_pressure,0.6676070094108582
0.9887893795967102,0.2269282042980194,2,task14u/seed8/heterogeneity_pressure/episode35/step28/unit2,22,standard,0,3.277891159057617,heterogeneity_pressure,-0.2427254319190979
0.7110407948493958,0.14971520006656647,0,task14u/seed8/heterogeneity_pressure/episode16/step48/unit2,22,standard,0,7.930255889892578,heterogeneity_pressure,1.2105988264083862
0.8400924205780029,0.21154627203941345,0,task14u/seed8/heterogeneity_pressure/episode12/step25/unit2,22,standard,1,6.215573787689209,heterogeneity_pressure,0.6709736585617065
5.0,0.09814802557229996,1,task14u/seed8/heterogeneity_pressure/episode21/step21/unit2,22,standard,0,-3.000080108642578,heterogeneity_pressure,-1.9961426258087158
3.6744132041931152,0.16255730390548706,2,task14u/seed8/heterogeneity_pressure/episode4/step5/unit0,22,standard,0,-1.4262781143188477,heterogeneity_pressure,-2.582357883453369
2.9764604568481445,0.15589995682239532,2,task14u/seed8/heterogeneity_pressure/episode4/step5/unit2,22,standard,0,0.0933850109577179,heterogeneity_pressure,-1.7770283222198486
0.8478957414627075,0.2236136794090271,0,task14u/seed8/heterogeneity_pressure/episode6/step38/unit2,22,standard,0,5.200510025024414,heterogeneity_pressure,0.4408392310142517
1.8270397186279297,0.16878215968608856,1,task14u/seed8/heterogeneity_pressure/episode25/step17/unit2,22,standard,0,8.006678581237793,heterogeneity_pressure,0.5112970471382141
5.0,0.2237616330385208,1,task14u/seed8/heterogeneity_pressure/episode11/step49/unit2,22,standard,0,1.246295690536499,heterogeneity_pressure,-3.1075854301452637
1.0469601154327393,0.23782677948474884,0,task14u/seed8/heterogeneity_pressure/episode19/step11/unit0,22,standard,0,2.6766343116760254,heterogeneity_pressure,-0.2193421721458435
3.0857157707214355,0.2028755396604538,2,task14u/seed8/heterogeneity_pressure/episode30/step25/unit2,22,standard,0,-5.980286598205566,heterogeneity_pressure,-3.5619869232177734
1.304458498954773,0.3133634924888611,0,task14u/seed10/medium/episode30/step5/unit0,22,standard,0,-2.788055419921875,medium,-1.7406435012817383
1.2427023649215698,0.26484453678131104,0,task14u/seed10/medium/episode30/step5/unit1,22,standard,0,-1.25641667842865,medium,-1.2114993333816528
5.0,0.09698771685361862,1,task14u/seed10/medium/episode33/step12/unit2,22,standard,-1,1.17400324344635,medium,-1.2338281869888306
1.0025900602340698,0.24895061552524567,0,task14u/seed10/medium/episode32/step36/unit2,22,standard,0,1.4378324747085571,medium,-0.45923158526420593
2.0753135681152344,0.2006562203168869,2,task14u/seed10/medium/episode21/step6/unit1,22,standard,-1,1.8982532024383545,medium,-1.248658299446106
1.0789587497711182,0.26770856976509094,2,task14u/seed10/medium/episode21/step6/unit2,22,standard,0,5.130413055419922,medium,-0.1387377381324768
1.3995169401168823,0.13485385477542877,2,task14u/seed10/medium/episode35/step28/unit2,22,standard,0,-1.9012048244476318,medium,-1.092605710029602
1.1088953018188477,0.26758062839508057,0,task14u/seed10/medium/episode8/step13/unit2,22,standard,0,-0.8977458477020264,medium,-1.0470548868179321
0.8638249635696411,0.18476562201976776,0,task14u/seed10/medium/episode13/step19/unit2,22,standard,0,4.977849006652832,medium,0.4864439368247986
2.8962156772613525,0.14373277127742767,2,task14u/seed10/medium/episode19/step7/unit0,22,standard,-1,-3.3165292739868164,medium,-2.242697238922119
1.6565511226654053,0.16438786685466766,2,task14u/seed10/medium/episode19/step7/unit2,22,standard,-1,0.9687148332595825,medium,-0.8685458302497864
1.4080036878585815,0.36908674240112305,0,task14u/seed10/medium/episode9/step0/unit0,22,standard,0,-3.433375358581543,medium,-2.1915481090545654
1.3882073163986206,0.3388344943523407,0,task14u/seed10/medium/episode9/step0/unit1,22,standard,0,-2.813606023788452,medium,-1.9271111488342285
1.2620733976364136,0.22899344563484192,2,task14u/seed10/medium/episode28/step24/unit2,22,standard,0,3.839268922805786,medium,-0.385611355304718
1.301239013671875,0.15279100835323334,2,task14u/seed10/medium/episode17/step30/unit2,22,standard,0,-1.041974663734436,medium,-0.9677456617355347
3.164210319519043,0.2368016242980957,1,task14u/seed10/time_pressure/episode32/step15/unit2,22,standard,0,2.59167742729187,time_pressure,-1.7676033973693848
5.0,0.36832696199417114,1,task14u/seed10/time_pressure/episode28/step12/unit0,22,standard,-1,-1.1239644289016724,time_pressure,-5.682096004486084
5.0,0.27990925312042236,1,task14u/seed10/time_pressure/episode28/step12/unit1,22,standard,-1,-0.8215426802635193,time_pressure,-4.312274932861328
3.5940463542938232,0.38467803597450256,1,task14u/seed10/time_pressure/episode28/step12/unit2,22,standard,0,2.8515124320983887,time_pressure,-3.6060729026794434
1.42507004737854,0.22361169755458832,2,task14u/seed10/time_pressure/episode20/step18/unit2,22,standard,0,0.787701427936554,time_pressure,-1.0823309421539307
5.0,0.1540510654449463,1,task14u/seed10/time_pressure/episode27/step14/unit2,22,standard,0,4.893336296081543,time_pressure,-1.419173240661621
0.23053619265556335,0.1647949367761612,2,task14u/seed10/time_pressure/episode1/step27/unit2,22,standard,0,11.869574546813965,time_pressure,2.116887331008911
2.663748025894165,0.22581957280635834,1,task14u/seed10/time_pressure/episode18/step12/unit2,22,standard,0,2.411130905151367,time_pressure,-1.360023021697998
3.5421082973480225,0.20061008632183075,2,task14u/seed10/time_pressure/episode30/step14/unit2,22,standard,0,-6.998661518096924,time_pressure,-4.083314895629883
0.9776692986488342,0.23944559693336487,0,task14u/seed10/time_pressure/episode0/step17/unit2,22,standard,0,2.1743507385253906,time_pressure,-0.27198705077171326
1.1098628044128418,0.2779415249824524,0,task14u/seed10/time_pressure/episode27/step15/unit2,22,standard,0,-0.9420685172080994,time_pressure,-1.0902279615402222
0.5171233415603638,0.29591047763824463,1,task14u/seed10/time_pressure/episode8/step25/unit2,22,standard,0,8.430459976196289,time_pressure,1.0493241548538208
1.2836763858795166,0.24470581114292145,0,task14u/seed10/time_pressure/episode6/step3/unit0,22,standard,0,-1.4654887914657593,time_pressure,-1.2074791193008423
1.2401968240737915,0.199797123670578,0,task14u/seed10/time_pressure/episode6/step3/unit1,22,standard,0,-0.7245701551437378,time_pressure,-0.86955726146698
5.0,0.06377141922712326,1,task14u/seed10/heterogeneity_pressure/episode12/step30/unit2,22,standard,0,-0.5864298343658447,heterogeneity_pressure,-1.0537259578704834
1.8891165256500244,0.2085878849029541,2,task14u/seed10/heterogeneity_pressure/episode28/step27/unit2,22,standard,0,-2.9862778186798096,heterogeneity_pressure,-2.0937089920043945
3.281611919403076,0.13479867577552795,2,task14u/seed10/heterogeneity_pressure/episode9/step4/unit1,22,standard,0,-2.133784294128418,heterogeneity_pressure,-2.1179771423339844
2.797452688217163,0.16426560282707214,2,task14u/seed10/heterogeneity_pressure/episode9/step4/unit2,22,standard,0,-1.4669315814971924,heterogeneity_pressure,-2.057196855545044
1.0197021961212158,0.239529088139534,0,task14u/seed10/heterogeneity_pressure/episode16/step10/unit2,22,standard,0,1.1824500560760498,heterogeneity_pressure,-0.49256181716918945
1.2672268152236938,0.12680025398731232,2,task14u/seed10/heterogeneity_pressure/episode19/step13/unit2,22,standard,0,1.9897719621658325,heterogeneity_pressure,-0.24201732873916626
0.0488978736102581,0.09376639872789383,1,task14u/seed10/heterogeneity_pressure/episode31/step34/unit2,22,standard,0,18.88629722595215,heterogeneity_pressure,3.3574345111846924
1.0221409797668457,0.2300776243209839,0,task14u/seed10/heterogeneity_pressure/episode12/step24/unit2,22,standard,0,2.483778715133667,heterogeneity_pressure,-0.21567225456237793
0.9230750799179077,0.2048005759716034,0,task14u/seed10/heterogeneity_pressure/episode16/step29/unit2,22,standard,0,2.600003480911255,heterogeneity_pressure,-0.057390451431274414
1.1180732250213623,0.2565270960330963,0,task14u/seed10/heterogeneity_pressure/episode16/step7/unit0,22,standard,0,-0.21708790957927704,heterogeneity_pressure,-0.8870343565940857
1.029223918914795,0.23367054760456085,0,task14u/seed10/heterogeneity_pressure/episode16/step7/unit2,22,standard,0,1.2296127080917358,heterogeneity_pressure,-0.47244712710380554
2.5020382404327393,0.18565687537193298,2,task14u/seed10/heterogeneity_pressure/episode10/step24/unit2,22,standard,0,-7.4362101554870605,heterogeneity_pressure,-3.2150142192840576
1.4175676107406616,0.2844466269016266,0,task14u/seed10/heterogeneity_pressure/episode9/step1/unit0,22,standard,0,-2.850332021713257,heterogeneity_pressure,-1.7362651824951172
1.4202754497528076,0.2635684907436371,0,task14u/seed10/heterogeneity_pressure/episode9/step1/unit1,22,standard,0,-3.01719331741333,heterogeneity_pressure,-1.6832162141799927
0.2499631941318512,0.13899187743663788,2,task14b/seed8/medium/episode26/step38/unit2,22,standard,1,10.109220504760742,medium,1.7937066555023193
0.012084104120731354,0.20994964241981506,1,task14b/seed8/medium/episode15/step27/unit2,22,standard,1,10.512263298034668,medium,1.8688194751739502
2.272543430328369,0.14461278915405273,1,task14b/seed8/medium/episode40/step32/unit2,22,standard,1,9.027058601379395,medium,0.6331047415733337
0.01689579337835312,0.1345767080783844,1,task14b/seed8/medium/episode28/step33/unit2,22,standard,1,12.384432792663574,medium,2.203773021697998
1.8409579992294312,0.2894493341445923,2,task14b/seed8/medium/episode46/step31/unit0,22,standard,-1,5.02808141708374,medium,-1.1020997762680054
0.8292527198791504,0.30707114934921265,2,task14b/seed8/medium/episode46/step31/unit2,22,standard,1,8.954779624938965,medium,0.7229781746864319
1.1187576055526733,0.2929254472255707,0,task14b/seed8/medium/episode42/step20/unit2,22,standard,1,0.7818264365196228,medium,-0.815555214881897
1.0580791234970093,0.2741142213344574,0,task14b/seed8/medium/episode32/step24/unit2,22,standard,1,0.6676297187805176,medium,-0.7264610528945923
5.0,0.23589164018630981,1,task14b/seed8/medium/episode30/step38/unit2,22,standard,1,-10.370002746582031,medium,-5.361539363861084
0.2766478359699249,0.14246514439582825,2,task14b/seed8/medium/episode26/step35/unit2,22,standard,1,9.943195343017578,medium,1.74397873878479
0.8801932334899902,0.19954252243041992,0,task14b/seed8/medium/episode39/step28/unit2,22,standard,1,4.218289852142334,medium,0.2931966781616211
0.8213281631469727,0.19067977368831635,0,task14b/seed8/medium/episode28/step30/unit2,22,standard,1,5.342385292053223,medium,0.5653398036956787
0.8203359246253967,0.11685438454151154,0,task14b/seed8/medium/episode15/step24/unit2,22,standard,1,5.685882091522217,medium,0.8104113340377808
4.344043254852295,0.28536999225616455,1,task14b/seed8/medium/episode46/step27/unit0,22,standard,0,6.275543689727783,medium,-2.5696020126342773
0.20842531323432922,0.27545011043548584,1,task14b/seed8/medium/episode46/step27/unit2,22,standard,1,9.853757858276367,medium,1.5879532098770142
1.4706181287765503,0.20237836241722107,2,task14b/seed8/medium/episode8/step25/unit2,22,standard,0,0.4316076636314392,medium,-1.068861722946167
0.9370627403259277,0.19565019011497498,0,task14b/seed8/time_pressure/episode15/step17/unit1,22,standard,-1,5.7562456130981445,time_pressure,0.5661247372627258
0.9196561574935913,0.22671152651309967,0,task14b/seed8/time_pressure/episode15/step17/unit2,22,standard,1,5.765187740325928,time_pressure,0.49369144439697266
0.908202588558197,0.25857067108154297,0,task14b/seed8/time_pressure/episode36/step32/unit2,22,standard,1,3.295745849609375,time_pressure,-0.058603525161743164
0.34774667024612427,0.24316944181919098,2,task14b/seed8/time_pressure/episode17/step37/unit2,22,standard,1,9.846085548400879,time_pressure,1.5508251190185547
1.0792938470840454,0.31540584564208984,2,task14b/seed8/time_pressure/episode15/step24/unit0,22,standard,1,4.722254753112793,time_pressure,-0.4160500764846802
0.3716992437839508,0.3141801953315735,2,task14b/seed8/time_pressure/episode15/step24/unit2,22,standard,1,8.78618049621582,time_pressure,1.2240519523620605
0.9780360460281372,0.275129109621048,1,task14b/seed8/time_pressure/episode34/step27/unit2,22,standard,1,4.520440578460693,time_pressure,0.005956172943115234
0.9371914267539978,0.19234508275985718,0,task14b/seed8/time_pressure/episode38/step24/unit0,22,standard,0,3.735708236694336,time_pressure,0.18679547309875488
0.9080545902252197,0.17935924232006073,0,task14b/seed8/time_pressure/episode38/step24/unit2,22,standard,1,4.021644115447998,time_pressure,0.29302772879600525
1.103731393814087,0.2495879977941513,0,task14b/seed8/time_pressure/episode28/step19/unit0,22,standard,0,0.8135812282562256,time_pressure,-0.6555056571960449
1.0753594636917114,0.21517018973827362,0,task14b/seed8/time_pressure/episode28/step19/unit1,22,standard,0,1.4928349256515503,time_pressure,-0.39499014616012573
0.9890077114105225,0.2097346931695938,0,task14b/seed8/time_pressure/episode28/step19/unit2,22,standard,0,2.7776060104370117,time_pressure,-0.07743024826049805
0.008658576756715775,0.22792035341262817,1,task14b/seed8/time_pressure/episode46/step29/unit2,22,standard,1,14.819706916809082,time_pressure,2.639347553253174
0.21033644676208496,0.15681803226470947,2,task14b/seed8/time_pressure/episode39/step15/unit2,22,standard,1,13.135529518127441,time_pressure,2.3777031898498535
0.9752793312072754,0.14639022946357727,2,task14b/seed8/time_pressure/episode21/step23/unit2,22,standard,1,3.1682357788085938,time_pressure,0.05203378200531006
0.9531615972518921,0.23488183319568634,0,task14b/seed8/time_pressure/episode47/step21/unit2,22,standard,1,3.772540330886841,time_pressure,0.06532943248748779
5.0,0.31040260195732117,1,task14b/seed8/time_pressure/episode3/step0/unit0,22,standard,0,2.762838125228882,time_pressure,-4.126291275024414
5.0,0.25155752897262573,1,task14b/seed8/time_pressure/episode3/step0/unit1,22,standard,0,0.6350593566894531,time_pressure,-3.6303482055664062
0.9492354393005371,0.22216583788394928,0,task14b/seed8/time_pressure/episode14/step20/unit2,22,standard,0,1.7596783638000488,time_pressure,-0.28328728675842285
0.5736566185951233,0.26531460881233215,2,task14b/seed8/time_pressure/episode44/step45/unit2,22,standard,1,6.4037675857543945,time_pressure,0.6326660513877869
3.125447988510132,0.13941720128059387,1,task14b/seed8/heterogeneity_pressure/episode21/step26/unit0,22,standard,0,10.606573104858398,heterogeneity_pressure,0.5962563753128052
0.21235482394695282,0.17213189601898193,1,task14b/seed8/heterogeneity_pressure/episode21/step26/unit2,22,standard,0,15.567098617553711,heterogeneity_pressure,2.6698288917541504
0.2696264982223511,0.1420685052871704,1,task14b/seed8/heterogeneity_pressure/episode14/step39/unit2,22,standard,0,7.501226425170898,heterogeneity_pressure,1.2249072790145874
0.5485010743141174,0.22726070880889893,2,task14b/seed8/heterogeneity_pressure/episode42/step28/unit2,22,standard,1,5.049480438232422,heterogeneity_pressure,0.48091748356819153
0.8062622547149658,0.19431042671203613,0,task14b/seed8/heterogeneity_pressure/episode13/step37/unit2,22,standard,1,5.8180670738220215,heterogeneity_pressure,0.6566139459609985
5.0,0.32127416133880615,1,task14b/seed8/heterogeneity_pressure/episode26/step31/unit2,22,standard,1,-5.84776496887207,heterogeneity_pressure,-5.825019359588623
0.8887972831726074,0.21241644024848938,0,task14b/seed8/heterogeneity_pressure/episode31/step37/unit2,22,standard,0,4.2550249099731445,heterogeneity_pressure,0.2614750266075134
1.2610105276107788,0.37506401538848877,2,task14b/seed8/heterogeneity_pressure/episode5/step18/unit0,22,standard,0,6.643559455871582,heterogeneity_pressure,-0.5622798204421997
0.6034119725227356,0.3947877585887909,2,task14b/seed8/heterogeneity_pressure/episode5/step18/unit2,22,standard,0,9.467938423156738,heterogeneity_pressure,0.8843620419502258
0.8406543731689453,0.18931183218955994,0,task14b/seed8/heterogeneity_pressure/episode41/step27/unit2,22,standard,1,4.023882865905762,heterogeneity_pressure,0.3044280409812927
5.0,0.1936596930027008,1,task14b/seed8/heterogeneity_pressure/episode6/step25/unit2,22,standard,0,-2.0289466381073,heterogeneity_pressure,-3.2442150115966797
0.8582653999328613,0.19514012336730957,0,task14b/seed8/heterogeneity_pressure/episode30/step32/unit2,22,standard,1,3.9282498359680176,heterogeneity_pressure,0.26147714257240295
2.242208242416382,0.2050388604402542,2,task14b/seed8/heterogeneity_pressure/episode31/step29/unit2,22,standard,0,-1.5462771654129028,heterogeneity_pressure,-2.07315993309021
0.6633087992668152,0.12532761693000793,2,task14b/seed8/heterogeneity_pressure/episode33/step49/unit2,22,standard,1,4.918948173522949,heterogeneity_pressure,0.6166254878044128
5.0,0.2542845606803894,1,task14b/seed8/heterogeneity_pressure/episode29/step0/unit0,22,standard,0,-0.8480235934257507,heterogeneity_pressure,-3.935652732849121
0.5380492210388184,0.1544266790151596,2,task14b/seed8/heterogeneity_pressure/episode43/step49/unit2,22,standard,0,7.203176498413086,heterogeneity_pressure,1.0524485111236572
5.0,0.061702191829681396,1,task14b/seed10/medium/episode9/step27/unit2,22,standard,0,0.2890123426914215,medium,-0.8666709065437317
0.962847113609314,0.20134125649929047,0,task14b/seed10/medium/episode20/step25/unit2,22,standard,0,2.962947130203247,medium,-0.001815497875213623
5.0,0.26854407787323,1,task14b/seed10/medium/episode33/step0/unit0,22,standard,0,1.2403286695480347,medium,-3.775106906890869
5.0,0.2395063042640686,1,task14b/seed10/medium/episode33/step0/unit1,22,standard,0,-1.4603359699249268,medium,-3.8250153064727783
0.008282932452857494,0.1485031694173813,1,task14b/seed10/medium/episode27/step20/unit2,22,standard,0,9.494817733764648,medium,1.691102147102356
0.9340994358062744,0.19923575222492218,0,task14b/seed10/medium/episode44/step25/unit2,22,standard,0,3.7397706508636475,medium,0.17035925388336182
5.0,0.2356833517551422,1,task14b/seed10/medium/episode44/step4/unit0,22,standard,-1,-1.3006024360656738,medium,-3.739610433578491
5.0,0.22003372013568878,1,task14b/seed10/medium/episode44/step4/unit1,22,standard,0,-5.094747543334961,medium,-4.18394136428833
5.0,0.3569057285785675,1,task14b/seed10/medium/episode28/step4/unit0,22,standard,0,-0.4542654752731323,medium,-5.392587184906006
5.0,0.424785852432251,1,task14b/seed10/medium/episode28/step4/unit2,22,standard,0,-4.0739641189575195,medium,-7.048878192901611
4.49115514755249,0.23889295756816864,2,task14b/seed10/medium/episode44/step0/unit0,22,standard,0,-5.006414413452148,medium,-5.104783535003662
4.011102199554443,0.21838876605033875,2,task14b/seed10/medium/episode44/step0/unit1,22,standard,0,-2.518068552017212,medium,-3.868495464324951
0.3411094546318054,0.12388750165700912,1,task14b/seed10/medium/episode39/step28/unit2,22,standard,1,7.967994213104248,medium,1.2964541912078857
0.8379371166229248,0.17727446556091309,0,task14b/seed10/medium/episode2/step30/unit2,22,standard,0,5.424323081970215,medium,0.6048613786697388
5.0,0.30922627449035645,1,task14b/seed10/medium/episode12/step4/unit0,22,standard,0,-3.0045032501220703,medium,-5.138218402862549
5.0,0.23511752486228943,1,task14b/seed10/medium/episode12/step4/unit1,22,standard,0,-2.349846363067627,medium,-3.9184730052948
1.843687891960144,0.26374247670173645,2,task14b/seed10/medium/episode24/step20/unit2,22,standard,0,-1.645898699760437,medium,-2.1947340965270996
2.780909538269043,0.14676788449287415,2,task14b/seed10/medium/episode35/step7/unit1,22,standard,0,0.49312224984169006,medium,-1.4846405982971191
1.5174272060394287,0.1743137091398239,2,task14b/seed10/medium/episode35/step7/unit2,22,standard,0,4.305953502655029,medium,-0.2018452286720276
0.7557233572006226,0.17040182650089264,0,task14b/seed10/medium/episode22/step46/unit2,22,standard,0,6.163183212280273,medium,0.8051447868347168
0.45713692903518677,0.19676610827445984,2,task14b/seed10/time_pressure/episode44/step22/unit2,22,standard,0,10.984023094177246,time_pressure,1.7470200061798096
0.9311111569404602,0.2593708336353302,1,task14b/seed10/time_pressure/episode18/step26/unit2,22,standard,0,2.513343572616577,time_pressure,-0.27019867300987244
0.9299041628837585,0.21109718084335327,0,task14b/seed10/time_pressure/episode31/step21/unit2,22,standard,1,2.462303876876831,time_pressure,-0.10523736476898193
1.109785556793213,0.1899486929178238,2,task14b/seed10/time_pressure/episode41/step18/unit2,22,standard,0,4.243106842041016,time_pressure,-0.006099998950958252
2.782198190689087,0.18067015707492828,2,task14b/seed10/time_pressure/episode28/step8/unit0,22,standard,0,-1.2059202194213867,time_pressure,-2.1742584705352783
1.4825599193572998,0.14295007288455963,2,task14b/seed10/time_pressure/episode28/step8/unit2,22,standard,0,3.351512908935547,time_pressure,-0.18051975965499878
1.2391654253005981,0.22246360778808594,2,task14b/seed10/time_pressure/episode16/step22/unit2,22,standard,0,1.8164278268814087,time_pressure,-0.7198315262794495
0.03575707599520683,0.15399101376533508,1,task14b/seed10/time_pressure/episode26/step20/unit2,22,standard,0,4.06152868270874,time_pressure,0.7085675597190857
0.7466112375259399,0.13088743388652802,0,task14b/seed10/time_pressure/episode5/step22/unit2,22,standard,0,7.140116214752197,time_pressure,1.0844533443450928
0.9681380391120911,0.24060244858264923,0,task14b/seed10/time_pressure/episode47/step24/unit2,22,standard,0,3.523723840713501,time_pressure,-0.009187638759613037
0.608330488204956,0.19431768357753754,2,task14b/seed10/time_pressure/episode44/step19/unit2,22,standard,0,9.69689655303955,time_pressure,1.3922226428985596
5.0,0.3393731415271759,1,task14b/seed10/time_pressure/episode41/step12/unit0,22,standard,-1,4.222673416137695,time_pressure,-4.296862602233887
0.8825411200523376,0.14186164736747742,0,task14b/seed10/time_pressure/episode3/step24/unit2,22,standard,1,3.7773094177246094,time_pressure,0.35708117485046387
0.9215155243873596,0.2306455820798874,0,task14b/seed10/time_pressure/episode12/step18/unit2,22,standard,0,2.184718370437622,time_pressure,-0.20646682381629944
1.3374742269515991,0.2955860495567322,0,task14b/seed10/time_pressure/episode30/step0/unit1,22,standard,0,-3.220658540725708,time_pressure,-1.7842140197753906
3.0143473148345947,0.1362433284521103,2,task14b/seed10/heterogeneity_pressure/episode18/step5/unit0,22,standard,0,0.2551965117454529,heterogeneity_pressure,-1.5398303270339966
2.017383337020874,0.10715210437774658,2,task14b/seed10/heterogeneity_pressure/episode18/step5/unit1,22,standard,0,4.451094627380371,heterogeneity_pressure,0.01281893253326416
1.4608100652694702,0.12646079063415527,2,task14b/seed10/heterogeneity_pressure/episode18/step5/unit2,22,standard,0,6.505993843078613,heterogeneity_pressure,0.5263171195983887
5.0,0.19938722252845764,1,task14b/seed10/heterogeneity_pressure/episode10/step4/unit0,22,standard,0,-2.7283952236175537,heterogeneity_pressure,-3.4542999267578125
5.0,0.01327207125723362,1,task14b/seed10/heterogeneity_pressure/episode10/step4/unit1,22,standard,1,1.5072062015533447,heterogeneity_pressure,0.07151034474372864
5.0,0.10420727729797363,1,task14b/seed10/heterogeneity_pressure/episode10/step4/unit2,22,standard,0,-0.008638938888907433,heterogeneity_pressure,-1.5523642301559448
3.4723422527313232,0.16900521516799927,2,task14b/seed10/heterogeneity_pressure/episode10/step0/unit0,22,standard,0,-1.5948785543441772,heterogeneity_pressure,-2.5740604400634766
2.5953052043914795,0.10973186790943146,2,task14b/seed10/heterogeneity_pressure/episode10/step0/unit1,22,standard,1,1.8902243375778198,heterogeneity_pressure,-0.7410262823104858
5.0,0.19492000341415405,1,task14b/seed10/heterogeneity_pressure/episode40/step5/unit0,22,standard,0,0.8756529688835144,heterogeneity_pressure,-2.744518995285034
5.0,0.09138448536396027,1,task14b/seed10/heterogeneity_pressure/episode40/step5/unit1,22,standard,0,-0.8686480522155762,heterogeneity_pressure,-1.5150402784347534
5.0,0.24844251573085785,1,task14b/seed10/heterogeneity_pressure/episode21/step5/unit0,22,standard,0,-1.4395699501037598,heterogeneity_pressure,-3.954298257827759
5.0,0.1495538055896759,1,task14b/seed10/heterogeneity_pressure/episode21/step5/unit1,22,standard,0,-1.0339564085006714,heterogeneity_pressure,-2.4102280139923096
5.0,0.2360580563545227,1,task14b/seed10/heterogeneity_pressure/episode21/step5/unit2,22,standard,-1,-3.336294174194336,heterogeneity_pressure,-4.10854434967041
3.078094244003296,0.18799671530723572,2,task14b/seed10/heterogeneity_pressure/episode8/step6/unit0,22,standard,0,-0.12525498867034912,heterogeneity_pressure,-2.262155055999756
2.5903048515319824,0.19588758051395416,2,task14b/seed10/heterogeneity_pressure/episode8/step6/unit1,22,standard,-1,2.7091565132141113,heterogeneity_pressure,-1.4459184408187866
1.7837833166122437,0.2435091882944107,2,task14b/seed10/heterogeneity_pressure/episode8/step6/unit2,22,standard,0,5.0491485595703125,heterogeneity_pressure,-0.7171036601066589
5.0,0.24517075717449188,1,task14b/seed10/heterogeneity_pressure/episode40/step2/unit0,22,standard,0,-0.926754355430603,heterogeneity_pressure,-3.814073085784912
0.8209044337272644,0.19964511692523956,2,task14b/seed10/heterogeneity_pressure/episode32/step32/unit2,22,standard,1,3.3979921340942383,heterogeneity_pressure,0.014170408248901367
1.2423869371414185,0.26329243183135986,0,task14b/seed10/heterogeneity_pressure/episode8/step3/unit0,22,standard,0,-1.8617746829986572,heterogeneity_pressure,-1.3219307661056519
5.0,0.31196287274360657,1,task14b/seed10/heterogeneity_pressure/episode4/step6/unit0,22,standard,0,0.031750936061143875,heterogeneity_pressure,-4.636992931365967
1.1930826902389526,0.21028873324394226,0,task14b/seed10/heterogeneity_pressure/episode27/step5/unit0,22,standard,0,-0.39980408549308777,heterogeneity_pressure,-0.8162796497344971
1.213152527809143,0.18994693458080292,0,task14b/seed10/heterogeneity_pressure/episode27/step5/unit1,22,standard,-1,-1.3682085275650024,heterogeneity_pressure,-0.9421328902244568
1.1668853759765625,0.2101106345653534,0,task14b/seed10/heterogeneity_pressure/episode27/step5/unit2,22,standard,0,-0.7424079775810242,heterogeneity_pressure,-0.8652857542037964
1.3390716314315796,0.30350807309150696,0,task14b/seed10/heterogeneity_pressure/episode2/step2/unit0,22,standard,0,-2.0976381301879883,heterogeneity_pressure,-1.601004958152771
1.2890820503234863,0.2978266179561615,0,task14b/seed10/heterogeneity_pressure/episode2/step2/unit2,22,standard,0,-2.0195398330688477,heterogeneity_pressure,-1.5196924209594727
5.0,0.22733564674854279,1,task14b/seed10/heterogeneity_pressure/episode5/step6/unit0,22,standard,0,-0.5320870876312256,heterogeneity_pressure,-3.4782040119171143
5.0,0.12526972591876984,1,task14b/seed10/heterogeneity_pressure/episode5/step6/unit1,22,standard,0,-1.4901587963104248,heterogeneity_pressure,-2.1302592754364014
0.9588460326194763,0.2327982634305954,0,task14b/seed10/heterogeneity_pressure/episode36/step49/unit2,22,standard,0,3.4636216163635254,heterogeneity_pressure,0.007902562618255615
0.7701719403266907,0.22775627672672272,2,task14u/seed8/medium/episode25/step23/unit0,22,scenario_robust,0,-0.2456836849451065,medium,-0.7253389358520508
0.603766679763794,0.2032715082168579,2,task14u/seed8/medium/episode25/step23/unit2,22,scenario_robust,1,2.5343198776245117,medium,0.008653908967971802
0.5285078287124634,0.30759531259536743,1,task14u/seed8/medium/episode0/step26/unit2,22,scenario_robust,0,6.3724684715271,medium,0.6535782814025879
0.943848192691803,0.26371249556541443,0,task14u/seed8/medium/episode18/step31/unit2,22,scenario_robust,0,1.4010323286056519,medium,-0.46426910161972046
0.5826928019523621,0.18873661756515503,2,task14u/seed8/medium/episode5/step12/unit2,22,scenario_robust,0,2.497765064239502,medium,0.0510101318359375
0.6439173817634583,0.17604999244213104,2,task14u/seed8/medium/episode21/step37/unit2,22,scenario_robust,0,2.564952850341797,medium,0.05072706937789917
0.7999228239059448,0.19933077692985535,2,task14u/seed8/medium/episode30/step17/unit2,22,scenario_robust,1,-0.8206102848052979,medium,-0.7732512950897217
0.7749216556549072,0.2517293393611908,0,task14u/seed8/medium/episode20/step26/unit2,22,scenario_robust,1,3.4347033500671387,medium,0.08529949188232422
2.8925797939300537,0.25309640169143677,1,task14u/seed8/medium/episode1/step27/unit2,22,scenario_robust,0,0.1301109790802002,medium,-2.1558165550231934
0.28035199642181396,0.22916929423809052,1,task14u/seed8/medium/episode20/step18/unit1,22,scenario_robust,-1,11.11022663116455,medium,1.7918741703033447
0.07846421003341675,0.3761327862739563,1,task14u/seed8/medium/episode20/step18/unit2,22,scenario_robust,0,9.6256685256958,medium,1.6302763223648071
0.744320809841156,0.21144402027130127,0,task14u/seed8/medium/episode35/step38/unit2,22,scenario_robust,0,4.259090900421143,medium,0.3548371195793152
0.6423500776290894,0.12105456739664078,0,task14u/seed8/medium/episode24/step30/unit2,22,scenario_robust,0,5.414581298828125,medium,0.8116081357002258
5.0,0.3243137300014496,1,task14u/seed8/time_pressure/episode6/step1/unit0,22,scenario_robust,-1,2.1382203102111816,time_pressure,-4.444808006286621
3.9139292240142822,0.1695895940065384,1,task14u/seed8/time_pressure/episode6/step1/unit1,22,scenario_robust,0,6.721012592315674,time_pressure,-0.775975227355957
5.0,0.277535617351532,1,task14u/seed8/time_pressure/episode12/step0/unit0,22,scenario_robust,0,1.5900015830993652,time_pressure,-3.846505641937256
5.0,0.17497532069683075,1,task14u/seed8/time_pressure/episode12/step0/unit1,22,scenario_robust,0,4.879073619842529,time_pressure,-1.7331156730651855
2.024036407470703,0.43833592534065247,1,task14u/seed8/time_pressure/episode35/step22/unit2,22,scenario_robust,0,1.4530513286590576,time_pressure,-2.3813414573669434
0.5699841976165771,0.2286664843559265,2,task14u/seed8/time_pressure/episode19/step23/unit2,22,scenario_robust,1,4.286754608154297,time_pressure,0.31346237659454346
1.1714951992034912,0.19826020300388336,0,task14u/seed8/time_pressure/episode4/step5/unit0,22,scenario_robust,-1,-2.490489959716797,time_pressure,-1.1632381677627563
1.0376224517822266,0.12198178470134735,0,task14u/seed8/time_pressure/episode4/step5/unit1,22,scenario_robust,0,-0.7935926914215088,time_pressure,-0.5255739092826843
0.4194585084915161,0.446106493473053,1,task14u/seed8/time_pressure/episode33/step18/unit0,22,scenario_robust,-1,10.432435035705566,time_pressure,1.3051650524139404
1.4813034534454346,0.38580477237701416,1,task14u/seed8/time_pressure/episode27/step7/unit0,22,scenario_robust,0,8.089211463928223,time_pressure,-0.25713324546813965
0.27996793389320374,0.3635523021221161,1,task14u/seed8/time_pressure/episode27/step7/unit2,22,scenario_robust,1,10.736795425415039,time_pressure,1.6134995222091675
0.668891966342926,0.19522659480571747,0,task14u/seed8/time_pressure/episode2/step25/unit2,22,scenario_robust,0,6.4795613288879395,time_pressure,0.860627293586731
0.5875428915023804,0.13383525609970093,2,task14u/seed8/time_pressure/episode15/step15/unit2,22,scenario_robust,1,2.941479444503784,time_pressure,0.256864994764328
1.1886626482009888,0.3046956956386566,0,task14u/seed8/time_pressure/episode27/step12/unit0,22,scenario_robust,0,-1.9084901809692383,time_pressure,-1.4342669248580933
1.0242164134979248,0.2707425653934479,0,task14u/seed8/time_pressure/episode27/step12/unit2,22,scenario_robust,1,-0.29683583974838257,time_pressure,-0.874314546585083
0.9149854183197021,0.1983977109193802,2,task14u/seed8/time_pressure/episode22/step8/unit0,22,scenario_robust,0,-0.4553860127925873,time_pressure,-0.7890045642852783
0.8527219891548157,0.1963648498058319,2,task14u/seed8/time_pressure/episode22/step8/unit1,22,scenario_robust,-1,0.9165211915969849,time_pressure,-0.47286102175712585
0.7475886940956116,0.186741903424263,2,task14u/seed8/time_pressure/episode22/step8/unit2,22,scenario_robust,0,2.0097687244415283,time_pressure,-0.15667292475700378
0.8312605619430542,0.21488474309444427,0,task14u/seed8/heterogeneity_pressure/episode20/step29/unit0,22,scenario_robust,1,4.5022382736206055,heterogeneity_pressure,0.33896684646606445
0.6783269643783569,0.1826726645231247,0,task14u/seed8/heterogeneity_pressure/episode20/step29/unit2,22,scenario_robust,-1,6.509453296661377,heterogeneity_pressure,0.8860418796539307
0.5391809344291687,0.15604987740516663,2,task14u/seed8/heterogeneity_pressure/episode35/step28/unit2,22,scenario_robust,0,3.966078281402588,heterogeneity_pressure,0.4309888482093811
0.489256888628006,0.10634063184261322,0,task14u/seed8/heterogeneity_pressure/episode16/step48/unit2,22,scenario_robust,0,8.503957748413086,heterogeneity_pressure,1.481278657913208
0.6810318231582642,0.2096390724182129,0,task14u/seed8/heterogeneity_pressure/episode12/step25/unit2,22,scenario_robust,1,6.075859069824219,heterogeneity_pressure,0.7471155524253845
3.891545057296753,0.08047223091125488,1,task14u/seed8/heterogeneity_pressure/episode21/step21/unit2,22,scenario_robust,0,-2.253173351287842,heterogeneity_pressure,-1.3342759609222412
1.0748622417449951,0.13913169503211975,2,task14u/seed8/heterogeneity_pressure/episode4/step5/unit0,22,scenario_robust,0,-3.469892978668213,heterogeneity_pressure,-1.2402384281158447
0.9118994474411011,0.121419258415699,2,task14u/seed8/heterogeneity_pressure/episode4/step5/unit2,22,scenario_robust,0,-1.5966118574142456,heterogeneity_pressure,-0.7327815294265747
0.6743559241294861,0.20981881022453308,0,task14u/seed8/heterogeneity_pressure/episode6/step38/unit2,22,scenario_robust,0,5.319618225097656,heterogeneity_pressure,0.605519711971283
1.3893632888793945,0.26459378004074097,1,task14u/seed8/heterogeneity_pressure/episode25/step17/unit2,22,scenario_robust,0,6.1147541999816895,heterogeneity_pressure,-0.0027376413345336914
2.656053066253662,0.20826442539691925,1,task14u/seed8/heterogeneity_pressure/episode11/step49/unit2,22,scenario_robust,0,-2.7810966968536377,heterogeneity_pressure,-2.1428472995758057
1.0306198596954346,0.23235702514648438,0,task14u/seed8/heterogeneity_pressure/episode19/step11/unit0,22,scenario_robust,0,1.6057326793670654,heterogeneity_pressure,-0.3971216380596161
0.8063936233520508,0.19066031277179718,2,task14u/seed8/heterogeneity_pressure/episode30/step25/unit2,22,scenario_robust,0,-1.5075714588165283,heterogeneity_pressure,-0.8822176456451416
1.3745497465133667,0.27337175607681274,0,task14u/seed10/medium/episode30/step5/unit0,22,scenario_robust,0,-4.198277950286865,medium,-1.9144368171691895
1.2207375764846802,0.20196287333965302,0,task14u/seed10/medium/episode30/step5/unit1,22,scenario_robust,0,-1.8977327346801758,medium,-1.0913938283920288
3.7108592987060547,0.11330783367156982,1,task14u/seed10/medium/episode33/step12/unit2,22,scenario_robust,-1,-0.13308493793010712,medium,-1.2752476930618286
0.9366649985313416,0.21779631078243256,0,task14u/seed10/medium/episode32/step36/unit2,22,scenario_robust,0,0.04688553139567375,medium,-0.5922242403030396
0.8906220197677612,0.20907168090343475,2,task14u/seed10/medium/episode21/step6/unit1,22,scenario_robust,-1,-1.0226081609725952,medium,-0.9152626395225525
0.769964873790741,0.21696992218494415,2,task14u/seed10/medium/episode21/step6/unit2,22,scenario_robust,0,0.6043251752853394,medium,-0.5309141874313354
0.5757038593292236,0.15915614366531372,2,task14u/seed10/medium/episode35/step28/unit2,22,scenario_robust,0,3.3560333251953125,medium,0.28567561507225037
1.0718995332717896,0.24535030126571655,0,task14u/seed10/medium/episode8/step13/unit2,22,scenario_robust,0,-2.6414387226104736,medium,-1.2828209400177002
0.7348899841308594,0.1760285198688507,0,task14u/seed10/medium/episode13/step19/unit2,22,scenario_robust,0,4.013956546783447,medium,0.3903002440929413
0.8966604471206665,0.14130103588104248,2,task14u/seed10/medium/episode19/step7/unit0,22,scenario_robust,-1,-2.4750282764434814,medium,-0.9621159434318542
0.7298623919487,0.1299641877412796,2,task14u/seed10/medium/episode19/step7/unit2,22,scenario_robust,-1,0.041058577597141266,medium,-0.35906606912612915
1.5686458349227905,0.35566285252571106,0,task14u/seed10/medium/episode9/step0/unit0,22,scenario_robust,0,-4.880804061889648,medium,-2.5824525356292725
1.4849309921264648,0.309137761592865,0,task14u/seed10/medium/episode9/step0/unit1,22,scenario_robust,0,-3.65629243850708,medium,-2.055715799331665
0.6903394460678101,0.21786810457706451,2,task14u/seed10/medium/episode28/step24/unit2,22,scenario_robust,0,1.0459495782852173,medium,-0.3822595477104187
0.5762603878974915,0.1698431670665741,2,task14u/seed10/medium/episode17/step30/unit2,22,scenario_robust,0,2.2738583087921143,medium,0.05511346459388733
1.0189915895462036,0.20653218030929565,1,task14u/seed10/time_pressure/episode32/step15/unit2,22,scenario_robust,0,6.55717134475708,time_pressure,0.5440117120742798
3.719308614730835,0.31300216913223267,1,task14u/seed10/time_pressure/episode28/step12/unit0,22,scenario_robust,-1,2.665757894515991,time_pressure,-2.9891819953918457
2.6922659873962402,0.18734724819660187,1,task14u/seed10/time_pressure/episode28/step12/unit1,22,scenario_robust,-1,6.24953556060791,time_pressure,-0.3857700824737549
1.9287402629852295,0.2912021577358246,1,task14u/seed10/time_pressure/episode28/step12/unit2,22,scenario_robust,0,7.051356315612793,time_pressure,-0.4130939245223999
0.6469889879226685,0.1948823183774948,2,task14u/seed10/time_pressure/episode20/step18/unit2,22,scenario_robust,0,0.6755414605140686,time_pressure,-0.3588523268699646
2.28788161277771,0.20788046717643738,1,task14u/seed10/time_pressure/episode27/step14/unit2,22,scenario_robust,0,4.154808521270752,time_pressure,-0.6739957332611084
0.5391325354576111,0.13153749704360962,2,task14u/seed10/time_pressure/episode1/step27/unit2,22,scenario_robust,0,4.907857418060303,time_pressure,0.661756157875061
0.8907896280288696,0.38416069746017456,1,task14u/seed10/time_pressure/episode18/step12/unit2,22,scenario_robust,0,2.233635187149048,time_pressure,-0.6198599338531494
0.8478236794471741,0.17339998483657837,2,task14u/seed10/time_pressure/episode30/step14/unit2,22,scenario_robust,0,-1.2465691566467285,time_pressure,-0.8063885569572449
0.8661254644393921,0.20221713185310364,0,task14u/seed10/time_pressure/episode0/step17/unit2,22,scenario_robust,0,1.1202658414840698,time_pressure,-0.3008541464805603
1.0643748044967651,0.25678208470344543,0,task14u/seed10/time_pressure/episode27/step15/unit2,22,scenario_robust,0,-2.5958259105682373,time_pressure,-1.3044729232788086
0.9270384311676025,0.3622768223285675,1,task14u/seed10/time_pressure/episode8/step25/unit2,22,scenario_robust,0,4.505260944366455,time_pressure,-0.19545400142669678
1.3581500053405762,0.2173139452934265,0,task14u/seed10/time_pressure/episode6/step3/unit0,22,scenario_robust,0,-3.2960917949676514,time_pressure,-1.5034219026565552
1.234905481338501,0.14891113340854645,0,task14u/seed10/time_pressure/episode6/step3/unit1,22,scenario_robust,0,-1.8687430620193481,time_pressure,-0.9011716842651367
2.7155847549438477,0.08942821621894836,1,task14u/seed10/heterogeneity_pressure/episode12/step30/unit2,22,scenario_robust,0,0.5882078409194946,heterogeneity_pressure,-0.6178316473960876
0.6783860921859741,0.20749491453170776,2,task14u/seed10/heterogeneity_pressure/episode28/step27/unit2,22,scenario_robust,0,0.2872360646724701,heterogeneity_pressure,-0.4896739721298218
0.9751397371292114,0.16672174632549286,2,task14u/seed10/heterogeneity_pressure/episode9/step4/unit1,22,scenario_robust,0,-2.5852482318878174,heterogeneity_pressure,-1.1219114065170288
0.8610023856163025,0.16598856449127197,2,task14u/seed10/heterogeneity_pressure/episode9/step4/unit2,22,scenario_robust,0,-1.218561053276062,heterogeneity_pressure,-0.7852033972740173
0.8888031244277954,0.21606223285198212,0,task14u/seed10/heterogeneity_pressure/episode16/step10/unit2,22,scenario_robust,0,0.5277301669120789,heterogeneity_pressure,-0.46453267335891724
0.6585716605186462,0.14174160361289978,2,task14u/seed10/heterogeneity_pressure/episode19/step13/unit2,22,scenario_robust,0,1.5092439651489258,heterogeneity_pressure,-0.0732085108757019
0.11976142227649689,0.23947112262248993,1,task14u/seed10/heterogeneity_pressure/episode31/step34/unit2,22,scenario_robust,0,13.037553787231445,heterogeneity_pressure,2.2417566776275635
0.9213067889213562,0.2083008736371994,0,task14u/seed10/heterogeneity_pressure/episode12/step24/unit2,22,scenario_robust,0,1.5213347673416138,heterogeneity_pressure,-0.27316713333129883
0.7617490291595459,0.17607669532299042,0,task14u/seed10/heterogeneity_pressure/episode16/step29/unit2,22,scenario_robust,0,2.1376798152923584,heterogeneity_pressure,0.015603303909301758
1.0683366060256958,0.2425590306520462,0,task14u/seed10/heterogeneity_pressure/episode16/step7/unit0,22,scenario_robust,0,-0.9533358216285706,heterogeneity_pressure,-0.9469718933105469
0.8798235058784485,0.2029387205839157,0,task14u/seed10/heterogeneity_pressure/episode16/step7/unit2,22,scenario_robust,0,1.126794457435608,heterogeneity_pressure,-0.3096340298652649
0.6811093091964722,0.16951365768909454,2,task14u/seed10/heterogeneity_pressure/episode10/step24/unit2,22,scenario_robust,0,0.7101492285728455,heterogeneity_pressure,-0.3111379146575928
1.5326831340789795,0.2555401623249054,0,task14u/seed10/heterogeneity_pressure/episode9/step1/unit0,22,scenario_robust,0,-4.6693620681762695,heterogeneity_pressure,-2.0518453121185303
1.502960205078125,0.22634956240653992,0,task14u/seed10/heterogeneity_pressure/episode9/step1/unit1,22,scenario_robust,0,-4.327335357666016,heterogeneity_pressure,-1.8344156742095947
0.4710777997970581,0.08873601257801056,2,task14b/seed8/medium/episode26/step38/unit2,22,scenario_robust,1,6.29879093170166,medium,1.0396565198898315
0.2526274621486664,0.1310162991285324,1,task14b/seed8/medium/episode15/step27/unit2,22,scenario_robust,1,10.717209815979004,medium,1.814437985420227
2.384631872177124,0.1550583392381668,1,task14b/seed8/medium/episode40/step32/unit2,22,scenario_robust,1,6.61218786239624,medium,0.0796809196472168
0.052873264998197556,0.10354005545377731,1,task14b/seed8/medium/episode28/step33/unit2,22,scenario_robust,1,13.283350944519043,medium,2.3546974658966064
0.9271843433380127,0.23531953990459442,2,task14b/seed8/medium/episode46/step31/unit0,22,scenario_robust,-1,-0.9487761855125427,medium,-1.0248805284500122
0.7750062346458435,0.23154515027999878,2,task14b/seed8/medium/episode46/step31/unit2,22,scenario_robust,1,1.1524783372879028,medium,-0.47428983449935913
1.0745090246200562,0.28594380617141724,0,task14b/seed8/medium/episode42/step20/unit2,22,scenario_robust,1,-0.5632930397987366,medium,-1.0138019323349
1.0020771026611328,0.2536209523677826,0,task14b/seed8/medium/episode32/step24/unit2,22,scenario_robust,1,-1.0218626260757446,medium,-0.9454464316368103
0.6819956302642822,0.2643032670021057,1,task14b/seed8/medium/episode30/step38/unit2,22,scenario_robust,1,-2.191408157348633,medium,-0.9276624917984009
0.4810452461242676,0.09098685532808304,2,task14b/seed8/medium/episode26/step35/unit2,22,scenario_robust,1,6.0907087326049805,medium,0.9923607110977173
0.7362328171730042,0.18683266639709473,0,task14b/seed8/medium/episode39/step28/unit2,22,scenario_robust,1,3.462266683578491,medium,0.2601156234741211
0.6841606497764587,0.17771407961845398,0,task14b/seed8/medium/episode28/step30/unit2,22,scenario_robust,1,4.362288951873779,medium,0.48017534613609314
0.6247239708900452,0.0666290745139122,0,task14b/seed8/medium/episode15/step24/unit2,22,scenario_robust,1,5.254447937011719,medium,0.887323796749115
3.437526226043701,0.22382771968841553,1,task14b/seed8/medium/episode46/step27/unit0,22,scenario_robust,0,7.22390079498291,medium,-1.0006775856018066
1.8396949768066406,0.22392143309116364,1,task14b/seed8/medium/episode46/step27/unit2,22,scenario_robust,1,7.608414649963379,medium,0.1319255828857422
0.5986230373382568,0.17383170127868652,2,task14b/seed8/medium/episode8/step25/unit2,22,scenario_robust,0,3.1448795795440674,medium,0.1973136067390442
0.8553234934806824,0.19353915750980377,0,task14b/seed8/time_pressure/episode15/step17/unit1,22,scenario_robust,-1,5.108832836151123,time_pressure,0.4941343069076538
0.8296903371810913,0.23727571964263916,0,task14b/seed8/time_pressure/episode15/step17/unit2,22,scenario_robust,1,4.815712928771973,time_pressure,0.34546494483947754
0.806574285030365,0.26182976365089417,0,task14b/seed8/time_pressure/episode36/step32/unit2,22,scenario_robust,1,2.4334630966186523,time_pressure,-0.1546502411365509
0.49812719225883484,0.1433805376291275,2,task14b/seed8/time_pressure/episode17/step37/unit2,22,scenario_robust,1,6.489651679992676,time_pressure,0.9614896178245544
0.6111143231391907,0.22030705213546753,2,task14b/seed8/time_pressure/episode15/step24/unit0,22,scenario_robust,1,4.435481071472168,time_pressure,0.32520973682403564
0.49103373289108276,0.20138300955295563,2,task14b/seed8/time_pressure/episode15/step24/unit2,22,scenario_robust,1,6.703497886657715,time_pressure,0.8960461616516113
0.48472413420677185,0.2281399816274643,1,task14b/seed8/time_pressure/episode34/step27/unit2,22,scenario_robust,1,8.019949913024902,time_pressure,1.1023619174957275
0.8725128173828125,0.19549313187599182,0,task14b/seed8/time_pressure/episode38/step24/unit0,22,scenario_robust,0,2.262105941772461,time_pressure,-0.06788778305053711
0.7755858302116394,0.16056282818317413,0,task14b/seed8/time_pressure/episode38/step24/unit2,22,scenario_robust,1,2.7957892417907715,time_pressure,0.17038527131080627
1.0701953172683716,0.23602376878261566,0,task14b/seed8/time_pressure/episode28/step19/unit0,22,scenario_robust,0,-0.43563541769981384,time_pressure,-0.8281763792037964
0.9744657278060913,0.17895935475826263,0,task14b/seed8/time_pressure/episode28/step19/unit1,22,scenario_robust,0,0.9617520570755005,time_pressure,-0.32909631729125977
0.8515703082084656,0.17667564749717712,0,task14b/seed8/time_pressure/episode28/step19/unit2,22,scenario_robust,0,2.1822149753570557,time_pressure,-0.023950815200805664
0.16684427857398987,0.27657413482666016,1,task14b/seed8/time_pressure/episode46/step29/unit2,22,scenario_robust,1,11.179055213928223,time_pressure,1.8580424785614014
0.6377066373825073,0.1533554196357727,2,task14b/seed8/time_pressure/episode39/step15/unit2,22,scenario_robust,1,3.1332902908325195,time_pressure,0.2193315625190735
0.5975313186645508,0.13240067660808563,2,task14b/seed8/time_pressure/episode21/step23/unit2,22,scenario_robust,1,1.981882095336914,time_pressure,0.07198989391326904
0.8690195679664612,0.2522917687892914,0,task14b/seed8/time_pressure/episode47/step21/unit2,22,scenario_robust,1,2.561551570892334,time_pressure,-0.1537877917289734
5.0,0.2834613621234894,1,task14b/seed8/time_pressure/episode3/step0/unit0,22,scenario_robust,0,1.2920266389846802,time_pressure,-3.9878792762756348
5.0,0.17553545534610748,1,task14b/seed8/time_pressure/episode3/step0/unit1,22,scenario_robust,0,2.12968111038208,time_pressure,-2.2322003841400146
0.8248933553695679,0.17857857048511505,0,task14b/seed8/time_pressure/episode14/step20/unit2,22,scenario_robust,0,0.6243458390235901,time_pressure,-0.31413722038269043
0.5776349306106567,0.18525150418281555,2,task14b/seed8/time_pressure/episode44/step45/unit2,22,scenario_robust,1,4.240504264831543,time_pressure,0.394874632358551
1.818249225616455,0.07805956155061722,1,task14b/seed8/heterogeneity_pressure/episode21/step26/unit0,22,scenario_robust,0,10.667186737060547,heterogeneity_pressure,1.4815752506256104
0.5057295560836792,0.07473712414503098,1,task14b/seed8/heterogeneity_pressure/episode21/step26/unit2,22,scenario_robust,0,13.468979835510254,heterogeneity_pressure,2.291626453399658
1.2995405197143555,0.18539486825466156,1,task14b/seed8/heterogeneity_pressure/episode14/step39/unit2,22,scenario_robust,0,3.809216022491455,heterogeneity_pressure,-0.037182629108428955
0.5098800659179688,0.15061762928962708,2,task14b/seed8/heterogeneity_pressure/episode42/step28/unit2,22,scenario_robust,1,5.869793891906738,heterogeneity_pressure,0.822475790977478
0.6582298874855042,0.18035472929477692,0,task14b/seed8/heterogeneity_pressure/episode13/step37/unit2,22,scenario_robust,1,5.264107704162598,heterogeneity_pressure,0.661980152130127
3.296785354614258,0.3561641275882721,1,task14b/seed8/heterogeneity_pressure/episode26/step31/unit2,22,scenario_robust,1,-9.030588150024414,heterogeneity_pressure,-5.106801986694336
0.7666018009185791,0.20615743100643158,0,task14b/seed8/heterogeneity_pressure/episode31/step37/unit2,22,scenario_robust,0,3.1888723373413086,heterogeneity_pressure,0.14718091487884521
0.8185971975326538,0.27795183658599854,2,task14b/seed8/heterogeneity_pressure/episode5/step18/unit0,22,scenario_robust,0,-0.5564058423042297,heterogeneity_pressure,-0.9861950874328613
0.7210424542427063,0.2799777388572693,2,task14b/seed8/heterogeneity_pressure/episode5/step18/unit2,22,scenario_robust,0,0.839475154876709,heterogeneity_pressure,-0.6207334995269775
0.6627506017684937,0.15273842215538025,0,task14b/seed8/heterogeneity_pressure/episode41/step27/unit2,22,scenario_robust,1,3.4449713230133057,heterogeneity_pressure,0.363847941160202
3.503544807434082,0.28608718514442444,1,task14b/seed8/heterogeneity_pressure/episode6/step25/unit2,22,scenario_robust,0,-2.2740161418914795,heterogeneity_pressure,-3.38921856880188
0.6777812242507935,0.1554114818572998,0,task14b/seed8/heterogeneity_pressure/episode30/step32/unit2,22,scenario_robust,1,3.483349084854126,heterogeneity_pressure,0.3591192066669464
0.6522248387336731,0.1546056568622589,2,task14b/seed8/heterogeneity_pressure/episode31/step29/unit2,22,scenario_robust,0,1.8396234512329102,heterogeneity_pressure,-0.03916996717453003
0.46995148062705994,0.09942439943552017,2,task14b/seed8/heterogeneity_pressure/episode33/step49/unit2,22,scenario_robust,1,5.517088890075684,heterogeneity_pressure,0.8715235590934753
5.0,0.28365185856819153,1,task14b/seed8/heterogeneity_pressure/episode29/step0/unit0,22,scenario_robust,0,-4.9563164710998535,heterogeneity_pressure,-5.106003284454346
0.5285794734954834,0.11004652082920074,2,task14b/seed8/heterogeneity_pressure/episode43/step49/unit2,22,scenario_robust,0,5.340425491333008,heterogeneity_pressure,0.7935658693313599
2.6986358165740967,0.12835058569908142,1,task14b/seed10/medium/episode9/step27/unit2,22,scenario_robust,0,0.570780873298645,medium,-0.9290658235549927
0.8272627592086792,0.16908837854862213,0,task14b/seed10/medium/episode20/step25/unit2,22,scenario_robust,0,1.9967395067214966,medium,-0.028447061777114868
4.891701698303223,0.2451501041650772,1,task14b/seed10/medium/episode33/step0/unit0,22,scenario_robust,0,2.1375133991241455,medium,-3.1877923011779785
5.0,0.25360140204429626,1,task14b/seed10/medium/episode33/step0/unit1,22,scenario_robust,0,0.9988594055175781,medium,-3.595829486846924
0.06537170708179474,0.2406308352947235,1,task14b/seed10/medium/episode27/step20/unit2,22,scenario_robust,0,9.49779987335205,medium,1.6484752893447876
0.8485780954360962,0.1841520220041275,0,task14b/seed10/medium/episode44/step25/unit2,22,scenario_robust,0,2.281564474105835,medium,-0.021993905305862427
5.0,0.2544476091861725,1,task14b/seed10/medium/episode44/step4/unit0,22,scenario_robust,-1,-3.8968019485473633,medium,-4.482266902923584
5.0,0.1902015209197998,1,task14b/seed10/medium/episode44/step4/unit1,22,scenario_robust,0,-2.776421546936035,medium,-3.326169729232788
5.0,0.3060763478279114,1,task14b/seed10/medium/episode28/step4/unit0,22,scenario_robust,0,1.563531756401062,medium,-4.275976181030273
5.0,0.42788007855415344,1,task14b/seed10/medium/episode28/step4/unit2,22,scenario_robust,0,-1.0713880062103271,medium,-6.558986663818359
1.3752620220184326,0.2457754909992218,2,task14b/seed10/medium/episode44/step0/unit0,22,scenario_robust,0,-7.121997833251953,medium,-2.66573429107666
1.295328140258789,0.23058673739433289,2,task14b/seed10/medium/episode44/step0/unit1,22,scenario_robust,0,-6.023028373718262,medium,-2.304044246673584
0.20020738244056702,0.19811050593852997,1,task14b/seed10/medium/episode39/step28/unit2,22,scenario_robust,1,5.316391468048096,medium,0.8308871388435364
0.6539930105209351,0.15351469814777374,0,task14b/seed10/medium/episode2/step30/unit2,22,scenario_robust,0,5.032637119293213,medium,0.6714721918106079
5.0,0.30818527936935425,1,task14b/seed10/medium/episode12/step4/unit0,22,scenario_robust,0,-4.343928337097168,medium,-5.361804962158203
5.0,0.20007115602493286,1,task14b/seed10/medium/episode12/step4/unit1,22,scenario_robust,0,-0.5678086876869202,medium,-3.078827381134033
0.6616654992103577,0.22459787130355835,2,task14b/seed10/medium/episode24/step20/unit2,22,scenario_robust,0,1.332183599472046,medium,-0.32072713971138
0.9485107660293579,0.18110188841819763,2,task14b/seed10/medium/episode35/step7/unit1,22,scenario_robust,0,-0.9626179337501526,medium,-0.8480191826820374
0.7811747789382935,0.1663990020751953,2,task14b/seed10/medium/episode35/step7/unit2,22,scenario_robust,0,1.2818411588668823,medium,-0.258300244808197
0.6132089495658875,0.1489155888557434,0,task14b/seed10/medium/episode22/step46/unit2,22,scenario_robust,0,5.488155364990234,medium,0.7857952117919922
0.5912152528762817,0.14386846125125885,2,task14b/seed10/time_pressure/episode44/step22/unit2,22,scenario_robust,0,3.4739739894866943,time_pressure,0.3335806429386139
0.2649003565311432,0.4020769000053406,1,task14b/seed10/time_pressure/episode18/step26/unit2,22,scenario_robust,0,2.8706772327423096,time_pressure,0.19537797570228577
0.8479374647140503,0.1918955147266388,0,task14b/seed10/time_pressure/episode31/step21/unit2,22,scenario_robust,1,1.0008362531661987,time_pressure,-0.28717684745788574
0.6707490086555481,0.16874635219573975,2,task14b/seed10/time_pressure/episode41/step18/unit2,22,scenario_robust,0,2.9120588302612305,time_pressure,0.11760684847831726
0.9952725768089294,0.2024027705192566,2,task14b/seed10/time_pressure/episode28/step8/unit0,22,scenario_robust,0,-3.1588237285614014,time_pressure,-1.3816496133804321
0.8254855871200562,0.1874893456697464,2,task14b/seed10/time_pressure/episode28/step8/unit2,22,scenario_robust,0,-1.0162228345870972,time_pressure,-0.7924597263336182
0.6043741703033447,0.16255773603916168,2,task14b/seed10/time_pressure/episode16/step22/unit2,22,scenario_robust,0,3.2043280601501465,time_pressure,0.23113998770713806
1.0204477310180664,0.14764153957366943,1,task14b/seed10/time_pressure/episode26/step20/unit2,22,scenario_robust,0,4.7700276374816895,time_pressure,0.4029903709888458
0.5853474736213684,0.11134157329797745,0,task14b/seed10/time_pressure/episode5/step22/unit2,22,scenario_robust,0,6.366304874420166,time_pressure,1.0316399335861206
0.8571702241897583,0.24804583191871643,0,task14b/seed10/time_pressure/episode47/step24/unit2,22,scenario_robust,0,2.4687118530273438,time_pressure,-0.15209627151489258
0.6109723448753357,0.1447858363389969,2,task14b/seed10/time_pressure/episode44/step19/unit2,22,scenario_robust,0,3.0792384147644043,time_pressure,0.24513208866119385
4.1858296394348145,0.2818264961242676,1,task14b/seed10/time_pressure/episode41/step12/unit0,22,scenario_robust,-1,3.547067165374756,time_pressure,-2.8780858516693115
0.7458856105804443,0.10796645283699036,0,task14b/seed10/time_pressure/episode3/step24/unit2,22,scenario_robust,1,2.556670904159546,time_pressure,0.2540983557701111
0.7867611646652222,0.17917810380458832,0,task14b/seed10/time_pressure/episode12/step18/unit2,22,scenario_robust,0,1.0570776462554932,time_pressure,-0.21227918565273285
1.4347909688949585,0.2566550374031067,0,task14b/seed10/time_pressure/episode30/step0/unit1,22,scenario_robust,0,-4.365979194641113,time_pressure,-1.9245185852050781
0.9843729734420776,0.1448395550251007,2,task14b/seed10/heterogeneity_pressure/episode18/step5/unit0,22,scenario_robust,0,-2.3752667903900146,heterogeneity_pressure,-1.004500389099121
0.8750330209732056,0.1212843805551529,2,task14b/seed10/heterogeneity_pressure/episode18/step5/unit1,22,scenario_robust,0,-0.8104715943336487,heterogeneity_pressure,-0.5650737285614014
0.8112913370132446,0.11743516474962234,2,task14b/seed10/heterogeneity_pressure/episode18/step5/unit2,22,scenario_robust,0,-0.056575577706098557,heterogeneity_pressure,-0.37930482625961304
5.0,0.1826658695936203,1,task14b/seed10/heterogeneity_pressure/episode10/step4/unit0,22,scenario_robust,0,-3.686121940612793,heterogeneity_pressure,-3.376399040222168
5.0,-0.02347736246883869,1,task14b/seed10/heterogeneity_pressure/episode10/step4/unit1,22,scenario_robust,1,0.667628824710846,heterogeneity_pressure,0.11916740983724594
4.856670379638672,0.07762210816144943,1,task14b/seed10/heterogeneity_pressure/episode10/step4/unit2,22,scenario_robust,0,-1.2463734149932861,heterogeneity_pressure,-1.3445346355438232
1.0325653553009033,0.20706534385681152,2,task14b/seed10/heterogeneity_pressure/episode10/step0/unit0,22,scenario_robust,0,-3.566433906555176,heterogeneity_pressure,-1.507209062576294
0.9365981221199036,0.19228872656822205,2,task14b/seed10/heterogeneity_pressure/episode10/step0/unit1,22,scenario_robust,1,-2.3018059730529785,heterogeneity_pressure,-1.1356189250946045
5.0,0.2297249585390091,1,task14b/seed10/heterogeneity_pressure/episode40/step5/unit0,22,scenario_robust,0,-2.5594546794891357,heterogeneity_pressure,-3.875633955001831
5.0,0.15086987614631653,1,task14b/seed10/heterogeneity_pressure/episode40/step5/unit1,22,scenario_robust,0,-2.6535120010375977,heterogeneity_pressure,-2.7188942432403564
5.0,0.24746723473072052,1,task14b/seed10/heterogeneity_pressure/episode21/step5/unit0,22,scenario_robust,0,-2.3346972465515137,heterogeneity_pressure,-4.099558353424072
5.0,0.11647886782884598,1,task14b/seed10/heterogeneity_pressure/episode21/step5/unit1,22,scenario_robust,0,0.20150980353355408,heterogeneity_pressure,-1.6974810361862183
5.0,0.2214033603668213,1,task14b/seed10/heterogeneity_pressure/episode21/step5/unit2,22,scenario_robust,-1,-2.463911533355713,heterogeneity_pressure,-3.7347371578216553
1.0202938318252563,0.19218678772449493,2,task14b/seed10/heterogeneity_pressure/episode8/step6/unit0,22,scenario_robust,0,-3.1593034267425537,heterogeneity_pressure,-1.3610131740570068
1.0079175233840942,0.1983308047056198,2,task14b/seed10/heterogeneity_pressure/episode8/step6/unit1,22,scenario_robust,-1,-3.0532712936401367,heterogeneity_pressure,-1.3555426597595215
0.8679235577583313,0.19853152334690094,2,task14b/seed10/heterogeneity_pressure/episode8/step6/unit2,22,scenario_robust,0,-1.1852257251739502,heterogeneity_pressure,-0.8925382494926453
5.0,0.19807404279708862,1,task14b/seed10/heterogeneity_pressure/episode40/step2/unit0,22,scenario_robust,0,0.5282052159309387,heterogeneity_pressure,-2.8534748554229736
0.5821844339370728,0.13724465668201447,2,task14b/seed10/heterogeneity_pressure/episode32/step32/unit2,22,scenario_robust,1,4.243463039398193,heterogeneity_pressure,0.5002833604812622
1.3046982288360596,0.25518009066581726,0,task14b/seed10/heterogeneity_pressure/episode8/step3/unit0,22,scenario_robust,0,-3.3622469902038574,heterogeneity_pressure,-1.6275073289871216
4.291916370391846,0.3134876489639282,1,task14b/seed10/heterogeneity_pressure/episode4/step6/unit0,22,scenario_robust,0,4.03519868850708,heterogeneity_pressure,-3.2844033241271973
1.2162573337554932,0.18056011199951172,0,task14b/seed10/heterogeneity_pressure/episode27/step5/unit0,22,scenario_robust,0,-2.063185453414917,heterogeneity_pressure,-1.0438106060028076
1.2208753824234009,0.13861049711704254,0,task14b/seed10/heterogeneity_pressure/episode27/step5/unit1,22,scenario_robust,-1,-2.734313726425171,heterogeneity_pressure,-1.0243291854858398
1.1577746868133545,0.16996312141418457,0,task14b/seed10/heterogeneity_pressure/episode27/step5/unit2,22,scenario_robust,0,-2.4067351818084717,heterogeneity_pressure,-1.0425666570663452
1.4230806827545166,0.2879067063331604,0,task14b/seed10/heterogeneity_pressure/episode2/step2/unit0,22,scenario_robust,0,-3.6638338565826416,heterogeneity_pressure,-1.9117686748504639
1.2899318933486938,0.26931706070899963,0,task14b/seed10/heterogeneity_pressure/episode2/step2/unit2,22,scenario_robust,0,-3.1342790126800537,heterogeneity_pressure,-1.6263269186019897
5.0,0.24343863129615784,1,task14b/seed10/heterogeneity_pressure/episode5/step6/unit0,22,scenario_robust,0,-2.091130256652832,heterogeneity_pressure,-3.996129274368286
5.0,0.07995735108852386,1,task14b/seed10/heterogeneity_pressure/episode5/step6/unit1,22,scenario_robust,0,0.0427858792245388,heterogeneity_pressure,-1.1822956800460815
0.827426016330719,0.2155608981847763,0,task14b/seed10/heterogeneity_pressure/episode36/step49/unit2,22,scenario_robust,0,2.679715871810913,heterogeneity_pressure,-0.010575592517852783
0.636772096157074,0.2628287374973297,2,task14u/seed8/medium/episode25/step23/unit0,22,scenario_robust_reliable_cost,0,0.01095358282327652,medium,-0.6452566385269165
0.5027912259101868,0.23860351741313934,2,task14u/seed8/medium/episode25/step23/unit2,22,scenario_robust_reliable_cost,1,2.719862699508667,medium,0.05472037196159363
0.5736047625541687,0.32397493720054626,1,task14u/seed8/medium/episode0/step26/unit2,22,scenario_robust_reliable_cost,0,5.896132469177246,medium,0.49930286407470703
0.5303785800933838,0.12615080177783966,0,task14u/seed8/medium/episode18/step31/unit2,22,scenario_robust_reliable_cost,0,2.6414859294891357,medium,0.3105509281158447
0.47211652994155884,0.18926586210727692,2,task14u/seed8/medium/episode5/step12/unit2,22,scenario_robust_reliable_cost,0,2.80928373336792,medium,0.1901814341545105
0.539315938949585,0.20413145422935486,2,task14u/seed8/medium/episode21/step37/unit2,22,scenario_robust_reliable_cost,0,2.6977570056915283,medium,0.08870556950569153
0.6568381786346436,0.18933039903640747,2,task14u/seed8/medium/episode30/step17/unit2,22,scenario_robust_reliable_cost,1,-0.6073210835456848,medium,-0.596846342086792
0.5347700715065002,0.11902126669883728,0,task14u/seed8/medium/episode20/step26/unit2,22,scenario_robust_reliable_cost,1,3.709808349609375,medium,0.5255059599876404
3.312505006790161,0.281439870595932,1,task14u/seed8/medium/episode1/step27/unit2,22,scenario_robust_reliable_cost,0,0.7601755261421204,medium,-2.6391420364379883
0.274402916431427,0.3269081115722656,1,task14u/seed8/medium/episode20/step18/unit1,22,scenario_robust_reliable_cost,-1,11.208699226379395,medium,1.7336816787719727
0.05816160514950752,0.41939687728881836,1,task14u/seed8/medium/episode20/step18/unit2,22,scenario_robust_reliable_cost,0,9.229934692382812,medium,1.5748801231384277
0.5306854248046875,0.11146639287471771,0,task14u/seed8/medium/episode35/step38/unit2,22,scenario_robust_reliable_cost,0,4.248758316040039,medium,0.6423509120941162
0.47516724467277527,0.09370894730091095,0,task14u/seed8/medium/episode24/step30/unit2,22,scenario_robust_reliable_cost,0,3.6111907958984375,medium,0.5629051327705383
5.0,0.3309856951236725,1,task14u/seed8/time_pressure/episode6/step1/unit0,22,scenario_robust_reliable_cost,-1,1.6979984045028687,time_pressure,-4.622677803039551
4.943350791931152,0.1889859288930893,1,task14u/seed8/time_pressure/episode6/step1/unit1,22,scenario_robust_reliable_cost,0,5.838245391845703,time_pressure,-1.7385517358779907
5.0,0.3163378834724426,1,task14u/seed8/time_pressure/episode12/step0/unit0,22,scenario_robust_reliable_cost,0,1.9049195051193237,time_pressure,-4.367753505706787
5.0,0.22822223603725433,1,task14u/seed8/time_pressure/episode12/step0/unit1,22,scenario_robust_reliable_cost,0,5.1907830238342285,time_pressure,-2.4699032306671143
2.32969331741333,0.4507181942462921,1,task14u/seed8/time_pressure/episode35/step22/unit2,22,scenario_robust_reliable_cost,0,1.17311429977417,time_pressure,-2.9159507751464844
0.4741649925708771,0.24445566534996033,2,task14u/seed8/time_pressure/episode19/step23/unit2,22,scenario_robust_reliable_cost,1,4.097817897796631,time_pressure,0.3332182765007019
0.5201618671417236,0.14832496643066406,0,task14u/seed8/time_pressure/episode4/step5/unit0,22,scenario_robust_reliable_cost,-1,-0.825448751449585,time_pressure,-0.38605207204818726
0.5124418139457703,0.11903269588947296,0,task14u/seed8/time_pressure/episode4/step5/unit1,22,scenario_robust_reliable_cost,0,0.060364194214344025,time_pressure,-0.16816860437393188
0.2785286605358124,0.5906467437744141,1,task14u/seed8/time_pressure/episode33/step18/unit0,22,scenario_robust_reliable_cost,-1,11.123891830444336,time_pressure,1.4958858489990234
1.7751868963241577,0.4842775762081146,1,task14u/seed8/time_pressure/episode27/step7/unit0,22,scenario_robust_reliable_cost,0,7.017126560211182,time_pressure,-1.3062653541564941
0.23364605009555817,0.44858309626579285,1,task14u/seed8/time_pressure/episode27/step7/unit2,22,scenario_robust_reliable_cost,1,9.976408958435059,time_pressure,1.468766689300537
0.5142354965209961,0.1146831065416336,0,task14u/seed8/time_pressure/episode2/step25/unit2,22,scenario_robust_reliable_cost,0,3.945526123046875,time_pressure,0.5845930576324463
0.4921697974205017,0.1431565135717392,2,task14u/seed8/time_pressure/episode15/step15/unit2,22,scenario_robust_reliable_cost,1,2.9805490970611572,time_pressure,0.2959432899951935
0.5647197365760803,0.19177477061748505,0,task14u/seed8/time_pressure/episode27/step12/unit0,22,scenario_robust_reliable_cost,0,0.24400830268859863,time_pressure,-0.2722766399383545
0.5514369010925293,0.1577838957309723,0,task14u/seed8/time_pressure/episode27/step12/unit2,22,scenario_robust_reliable_cost,1,1.4623568058013916,time_pressure,0.024661481380462646
0.7665069103240967,0.2208908200263977,2,task14u/seed8/time_pressure/episode22/step8/unit0,22,scenario_robust_reliable_cost,0,-0.6192224621772766,time_pressure,-0.7729990482330322
0.7262058258056641,0.22231775522232056,2,task14u/seed8/time_pressure/episode22/step8/unit1,22,scenario_robust_reliable_cost,-1,0.3882983922958374,time_pressure,-0.550413966178894
0.6246082186698914,0.20556968450546265,2,task14u/seed8/time_pressure/episode22/step8/unit2,22,scenario_robust_reliable_cost,0,1.7973791360855103,time_pressure,-0.15383848547935486
0.5163782238960266,0.14297334849834442,0,task14u/seed8/heterogeneity_pressure/episode20/step29/unit0,22,scenario_robust_reliable_cost,1,2.193547487258911,heterogeneity_pressure,0.20405247807502747
0.5144239664077759,0.11517906934022903,0,task14u/seed8/heterogeneity_pressure/episode20/step29/unit2,22,scenario_robust_reliable_cost,-1,3.247607707977295,heterogeneity_pressure,0.44962477684020996
0.45405030250549316,0.17874306440353394,2,task14u/seed8/heterogeneity_pressure/episode35/step28/unit2,22,scenario_robust_reliable_cost,0,4.281787872314453,heterogeneity_pressure,0.5027322769165039
0.5091924667358398,0.04028507322072983,0,task14u/seed8/heterogeneity_pressure/episode16/step48/unit2,22,scenario_robust_reliable_cost,0,5.970855712890625,heterogeneity_pressure,1.0872516632080078
0.5322025418281555,0.09938443452119827,0,task14u/seed8/heterogeneity_pressure/episode12/step25/unit2,22,scenario_robust_reliable_cost,1,4.018496990203857,heterogeneity_pressure,0.6165426969528198
4.866420269012451,0.07690587639808655,1,task14u/seed8/heterogeneity_pressure/episode21/step21/unit2,22,scenario_robust_reliable_cost,0,-1.8617525100708008,heterogeneity_pressure,-1.4462542533874512
0.9120498895645142,0.1670471429824829,2,task14u/seed8/heterogeneity_pressure/episode4/step5/unit0,22,scenario_robust_reliable_cost,0,-3.4946932792663574,heterogeneity_pressure,-1.2558293342590332
0.7679303884506226,0.1529684215784073,2,task14u/seed8/heterogeneity_pressure/episode4/step5/unit2,22,scenario_robust_reliable_cost,0,-1.4236758947372437,heterogeneity_pressure,-0.7258949279785156
0.5264473557472229,0.0914468765258789,0,task14u/seed8/heterogeneity_pressure/episode6/step38/unit2,22,scenario_robust_reliable_cost,0,4.718751430511475,heterogeneity_pressure,0.7651456594467163
1.6851871013641357,0.28754594922065735,1,task14u/seed8/heterogeneity_pressure/episode25/step17/unit2,22,scenario_robust_reliable_cost,0,5.760976791381836,heterogeneity_pressure,-0.4139823913574219
3.0586750507354736,0.27246546745300293,1,task14u/seed8/heterogeneity_pressure/episode11/step49/unit2,22,scenario_robust_reliable_cost,0,-2.3263137340545654,heterogeneity_pressure,-2.8957293033599854
0.530434250831604,0.17754052579402924,0,task14u/seed8/heterogeneity_pressure/episode19/step11/unit0,22,scenario_robust_reliable_cost,0,0.8195943832397461,heterogeneity_pressure,-0.12000800669193268
0.6500544548034668,0.20153941214084625,2,task14u/seed8/heterogeneity_pressure/episode30/step25/unit2,22,scenario_robust_reliable_cost,0,-0.5564577579498291,heterogeneity_pressure,-0.6128755211830139
0.5575085878372192,0.2062971591949463,0,task14u/seed10/medium/episode30/step5/unit0,22,scenario_robust_reliable_cost,0,-1.306209683418274,medium,-0.5900427103042603
0.5448678731918335,0.18116974830627441,0,task14u/seed10/medium/episode30/step5/unit1,22,scenario_robust_reliable_cost,0,-0.4781061112880707,medium,-0.3828299641609192
4.3766770362854,0.10614071041345596,1,task14u/seed10/medium/episode33/step12/unit2,22,scenario_robust_reliable_cost,-1,0.710220992565155,medium,-1.255906343460083
0.5304458141326904,0.14525781571865082,0,task14u/seed10/medium/episode32/step36/unit2,22,scenario_robust_reliable_cost,0,2.296298027038574,medium,0.21430394053459167
0.7631139755249023,0.23343388736248016,2,task14u/seed10/medium/episode21/step6/unit1,22,scenario_robust_reliable_cost,-1,-1.4276683330535889,medium,-0.9613147974014282
0.6533798575401306,0.2409837394952774,2,task14u/seed10/medium/episode21/step6/unit2,22,scenario_robust_reliable_cost,0,0.4027757942676544,medium,-0.5322021842002869
0.4804035723209381,0.17004255950450897,2,task14u/seed10/medium/episode35/step28/unit2,22,scenario_robust_reliable_cost,0,3.282867431640625,medium,0.3101595640182495
0.5181430578231812,0.14313194155693054,0,task14u/seed10/medium/episode8/step13/unit2,22,scenario_robust_reliable_cost,0,0.9703702926635742,medium,-0.03205028176307678
0.5132917761802673,0.08739392459392548,0,task14u/seed10/medium/episode13/step19/unit2,22,scenario_robust_reliable_cost,0,3.645684242248535,medium,0.5685594081878662
0.7490361332893372,0.14894753694534302,2,task14u/seed10/medium/episode19/step7/unit0,22,scenario_robust_reliable_cost,-1,-2.0087549686431885,medium,-0.8146560788154602
0.6070012450218201,0.13371966779232025,2,task14u/seed10/medium/episode19/step7/unit2,22,scenario_robust_reliable_cost,-1,0.4675775170326233,medium,-0.22477364540100098
0.6069808602333069,0.25489670038223267,0,task14u/seed10/medium/episode9/step0/unit0,22,scenario_robust_reliable_cost,0,-2.981513261795044,medium,-1.0290852785110474
0.6093282699584961,0.23605290055274963,0,task14u/seed10/medium/episode9/step0/unit1,22,scenario_robust_reliable_cost,0,-2.605464458465576,medium,-0.9247252941131592
0.5614065527915955,0.23983579874038696,2,task14u/seed10/medium/episode28/step24/unit2,22,scenario_robust_reliable_cost,0,1.230100393295288,medium,-0.2861879765987396
0.4716101884841919,0.1998293697834015,2,task14u/seed10/medium/episode17/step30/unit2,22,scenario_robust_reliable_cost,0,2.728978395462036,medium,0.15596628189086914
1.0521849393844604,0.2459036260843277,1,task14u/seed10/time_pressure/episode32/step15/unit2,22,scenario_robust_reliable_cost,0,6.226919651031494,time_pressure,0.34135788679122925
4.218550205230713,0.40476194024086,1,task14u/seed10/time_pressure/episode28/step12/unit0,22,scenario_robust_reliable_cost,-1,1.8260304927825928,time_pressure,-4.756325721740723
2.9519546031951904,0.29412761330604553,1,task14u/seed10/time_pressure/episode28/step12/unit1,22,scenario_robust_reliable_cost,-1,5.702535152435303,time_pressure,-1.5664137601852417
1.9008307456970215,0.4095083773136139,1,task14u/seed10/time_pressure/episode28/step12/unit2,22,scenario_robust_reliable_cost,0,6.519412994384766,time_pressure,-1.1531894207000732
0.5104116797447205,0.19758465886116028,2,task14u/seed10/time_pressure/episode20/step18/unit2,22,scenario_robust_reliable_cost,0,1.5700078010559082,time_pressure,-0.09063854813575745
2.764108419418335,0.21246060729026794,1,task14u/seed10/time_pressure/episode27/step14/unit2,22,scenario_robust_reliable_cost,0,5.013204574584961,time_pressure,-0.8531193733215332
0.4719346761703491,0.17815187573432922,2,task14u/seed10/time_pressure/episode1/step27/unit2,22,scenario_robust_reliable_cost,0,4.488827705383301,time_pressure,0.5309346318244934
1.3924744129180908,0.3573874831199646,1,task14u/seed10/time_pressure/episode18/step12/unit2,22,scenario_robust_reliable_cost,0,0.731191098690033,time_pressure,-1.350710391998291
0.6912814974784851,0.18852084875106812,2,task14u/seed10/time_pressure/episode30/step14/unit2,22,scenario_robust_reliable_cost,0,-0.4213249981403351,time_pressure,-0.5844309329986572
0.5079875588417053,0.12086402624845505,0,task14u/seed10/time_pressure/episode0/step17/unit2,22,scenario_robust_reliable_cost,0,1.9735418558120728,time_pressure,0.19839982688426971
0.5189483761787415,0.12182781100273132,0,task14u/seed10/time_pressure/episode27/step15/unit2,22,scenario_robust_reliable_cost,0,1.8177539110183716,time_pressure,0.16307611763477325
0.8516257405281067,0.4014263451099396,1,task14u/seed10/time_pressure/episode8/step25/unit2,22,scenario_robust_reliable_cost,0,4.668128490447998,time_pressure,-0.1843026876449585
0.547730565071106,0.19032296538352966,0,task14u/seed10/time_pressure/episode6/step3/unit0,22,scenario_robust_reliable_cost,0,-2.737740993499756,time_pressure,-0.833477258682251
0.5492252707481384,0.16296851634979248,0,task14u/seed10/time_pressure/episode6/step3/unit1,22,scenario_robust_reliable_cost,0,-2.169240713119507,time_pressure,-0.680761456489563
3.3010025024414062,0.11221013218164444,1,task14u/seed10/heterogeneity_pressure/episode12/step30/unit2,22,scenario_robust_reliable_cost,0,0.5173744559288025,heterogeneity_pressure,-1.0101349353790283
0.538486897945404,0.1932932734489441,2,task14u/seed10/heterogeneity_pressure/episode28/step27/unit2,22,scenario_robust_reliable_cost,0,0.9641187787055969,heterogeneity_pressure,-0.2187153697013855
0.8221058249473572,0.21120208501815796,2,task14u/seed10/heterogeneity_pressure/episode9/step4/unit1,22,scenario_robust_reliable_cost,0,-2.5242271423339844,heterogeneity_pressure,-1.1530271768569946
0.7114887833595276,0.20426462590694427,2,task14u/seed10/heterogeneity_pressure/episode9/step4/unit2,22,scenario_robust_reliable_cost,0,-0.9762455821037292,heterogeneity_pressure,-0.7483303546905518
0.5014441609382629,0.10477285832166672,0,task14u/seed10/heterogeneity_pressure/episode16/step10/unit2,22,scenario_robust_reliable_cost,0,2.2681477069854736,heterogeneity_pressure,0.2811397612094879
0.5442295074462891,0.14586141705513,2,task14u/seed10/heterogeneity_pressure/episode19/step13/unit2,22,scenario_robust_reliable_cost,0,1.4984077215194702,heterogeneity_pressure,-0.02125987410545349
0.08330963551998138,0.2556052803993225,1,task14u/seed10/heterogeneity_pressure/episode31/step34/unit2,22,scenario_robust_reliable_cost,0,14.41787338256836,heterogeneity_pressure,2.5101158618927
0.5295572280883789,0.13650991022586823,0,task14u/seed10/heterogeneity_pressure/episode12/step24/unit2,22,scenario_robust_reliable_cost,0,1.7256321907043457,heterogeneity_pressure,0.11864496767520905
0.4854235351085663,0.07381986081600189,0,task14u/seed10/heterogeneity_pressure/episode16/step29/unit2,22,scenario_robust_reliable_cost,0,3.517343044281006,heterogeneity_pressure,0.5704874992370605
0.48891696333885193,0.14907962083816528,0,task14u/seed10/heterogeneity_pressure/episode16/step7/unit0,22,scenario_robust_reliable_cost,0,0.035576771944761276,heterogeneity_pressure,-0.20797614753246307
0.49551084637641907,0.1170983761548996,0,task14u/seed10/heterogeneity_pressure/episode16/step7/unit2,22,scenario_robust_reliable_cost,0,1.2938268184661865,heterogeneity_pressure,0.07768979668617249
0.5489151477813721,0.15541459619998932,2,task14u/seed10/heterogeneity_pressure/episode10/step24/unit2,22,scenario_robust_reliable_cost,0,1.5130879878997803,heterogeneity_pressure,-0.04138651490211487
0.5615697503089905,0.1945059597492218,0,task14u/seed10/heterogeneity_pressure/episode9/step1/unit0,22,scenario_robust_reliable_cost,0,-3.1923165321350098,heterogeneity_pressure,-0.9355407357215881
0.5913431644439697,0.1828935444355011,0,task14u/seed10/heterogeneity_pressure/episode9/step1/unit1,22,scenario_robust_reliable_cost,0,-3.614145278930664,heterogeneity_pressure,-1.0134532451629639
0.4097123146057129,0.12041033059358597,2,task14b/seed8/medium/episode26/step38/unit2,22,scenario_robust_reliable_cost,1,6.080843925476074,medium,0.9689549207687378
0.08863075822591782,0.2233482450246811,1,task14b/seed8/medium/episode15/step27/unit2,22,scenario_robust_reliable_cost,1,11.376461029052734,medium,1.9717046022415161
2.2079219818115234,0.20995929837226868,1,task14b/seed8/medium/episode40/step32/unit2,22,scenario_robust_reliable_cost,1,8.042911529541016,medium,0.05581808090209961
0.021198656409978867,0.1665908545255661,1,task14b/seed8/medium/episode28/step33/unit2,22,scenario_robust_reliable_cost,1,13.355539321899414,medium,2.373365879058838
0.7803094983100891,0.2697487473487854,2,task14b/seed8/medium/episode46/step31/unit0,22,scenario_robust_reliable_cost,-1,-1.0817949771881104,medium,-1.0204788446426392
0.6501911878585815,0.2615116238594055,2,task14b/seed8/medium/episode46/step31/unit2,22,scenario_robust_reliable_cost,1,1.034387230873108,medium,-0.4603908658027649
0.577141284942627,0.15466846525669098,0,task14b/seed8/medium/episode42/step20/unit2,22,scenario_robust_reliable_cost,1,1.5327903032302856,medium,0.031546205282211304
0.5051807761192322,0.1608075648546219,0,task14b/seed8/medium/episode32/step24/unit2,22,scenario_robust_reliable_cost,1,1.2727181911468506,medium,0.00521773099899292
1.0843130350112915,0.16663695871829987,1,task14b/seed8/medium/episode30/step38/unit2,22,scenario_robust_reliable_cost,1,-5.069608211517334,medium,-1.4426910877227783
0.4171433746814728,0.12349733710289001,2,task14b/seed8/medium/episode26/step35/unit2,22,scenario_robust_reliable_cost,1,5.887259483337402,medium,0.9235916137695312
0.5100290775299072,0.08034168928861618,0,task14b/seed8/medium/episode39/step28/unit2,22,scenario_robust_reliable_cost,1,4.572667598724365,medium,0.7581835389137268
0.5016955733299255,0.10501831024885178,0,task14b/seed8/medium/episode28/step30/unit2,22,scenario_robust_reliable_cost,1,4.038536071777344,medium,0.6210000514984131
0.4717954695224762,0.05110891908407211,0,task14b/seed8/medium/episode15/step24/unit2,22,scenario_robust_reliable_cost,1,4.276185512542725,medium,0.7508948445320129
3.3845667839050293,0.34034374356269836,1,task14b/seed8/medium/episode46/step27/unit0,22,scenario_robust_reliable_cost,0,8.194724082946777,medium,-1.965879201889038
1.2998080253601074,0.32754942774772644,1,task14b/seed8/medium/episode46/step27/unit2,22,scenario_robust_reliable_cost,1,8.735527992248535,medium,0.29202091693878174
0.501380980014801,0.19280403852462769,2,task14b/seed8/medium/episode8/step25/unit2,22,scenario_robust_reliable_cost,0,3.2697672843933105,medium,0.24972233176231384
0.550987720489502,0.14931942522525787,0,task14b/seed8/time_pressure/episode15/step17/unit1,22,scenario_robust_reliable_cost,-1,2.77689528465271,time_pressure,0.2912938594818115
0.5482344031333923,0.14476332068443298,0,task14b/seed8/time_pressure/episode15/step17/unit2,22,scenario_robust_reliable_cost,1,3.437120199203491,time_pressure,0.4267743229866028
0.5085082650184631,0.12206152081489563,0,task14b/seed8/time_pressure/episode36/step32/unit2,22,scenario_robust_reliable_cost,1,3.580274820327759,time_pressure,0.5052630305290222
0.43318793177604675,0.18702766299247742,2,task14b/seed8/time_pressure/episode17/step37/unit2,22,scenario_robust_reliable_cost,1,6.217673301696777,time_pressure,0.8724980354309082
0.530430257320404,0.26144012808799744,2,task14b/seed8/time_pressure/episode15/step24/unit0,22,scenario_robust_reliable_cost,1,3.8176991939544678,time_pressure,0.191744863986969
0.4293515086174011,0.23757420480251312,2,task14b/seed8/time_pressure/episode15/step24/unit2,22,scenario_robust_reliable_cost,1,6.057675361633301,time_pressure,0.7608146667480469
0.47725093364715576,0.3019559681415558,1,task14b/seed8/time_pressure/episode34/step27/unit2,22,scenario_robust_reliable_cost,1,7.709810256958008,time_pressure,0.9472230672836304
0.5033239126205444,0.10611235350370407,0,task14b/seed8/time_pressure/episode38/step24/unit0,22,scenario_robust_reliable_cost,0,2.1675524711608887,time_pressure,0.25923603773117065
0.5050598382949829,0.07599648833274841,0,task14b/seed8/time_pressure/episode38/step24/unit2,22,scenario_robust_reliable_cost,1,2.929307460784912,time_pressure,0.44994431734085083
0.5099545121192932,0.1369675099849701,0,task14b/seed8/time_pressure/episode28/step19/unit0,22,scenario_robust_reliable_cost,0,1.0393515825271606,time_pressure,-0.006071805953979492
0.511030375957489,0.11653056740760803,0,task14b/seed8/time_pressure/episode28/step19/unit1,22,scenario_robust_reliable_cost,0,1.4280797243118286,time_pressure,0.09899486601352692
0.5054075717926025,0.09854516386985779,0,task14b/seed8/time_pressure/episode28/step19/unit2,22,scenario_robust_reliable_cost,0,2.4395694732666016,time_pressure,0.32214266061782837
0.07359542697668076,0.34254297614097595,1,task14b/seed8/time_pressure/episode46/step29/unit2,22,scenario_robust_reliable_cost,1,11.550512313842773,time_pressure,1.9866572618484497
0.5496851205825806,0.18394018709659576,2,task14b/seed8/time_pressure/episode39/step15/unit2,22,scenario_robust_reliable_cost,1,2.6313462257385254,time_pressure,0.11078178882598877
0.4922105371952057,0.1487419754266739,2,task14b/seed8/time_pressure/episode21/step23/unit2,22,scenario_robust_reliable_cost,1,2.1357762813568115,time_pressure,0.12416690587997437
0.5290330648422241,0.10938773304224014,0,task14b/seed8/time_pressure/episode47/step21/unit2,22,scenario_robust_reliable_cost,1,2.8489816188812256,time_pressure,0.37707212567329407
5.0,0.3460111916065216,1,task14b/seed8/time_pressure/episode3/step0/unit0,22,scenario_robust_reliable_cost,0,1.8331512212753296,time_pressure,-4.822164535522461
5.0,0.25403356552124023,1,task14b/seed8/time_pressure/episode3/step0/unit1,22,scenario_robust_reliable_cost,0,2.3707823753356934,time_pressure,-3.3573813438415527
0.5060571432113647,0.08978882431983948,0,task14b/seed8/time_pressure/episode14/step20/unit2,22,scenario_robust_reliable_cost,0,3.089193105697632,time_pressure,0.4598832130432129
0.48475876450538635,0.20735663175582886,2,task14b/seed8/time_pressure/episode44/step45/unit2,22,scenario_robust_reliable_cost,1,4.2441816329956055,time_pressure,0.420678049325943
1.8302263021469116,0.1439785659313202,1,task14b/seed8/heterogeneity_pressure/episode21/step26/unit0,22,scenario_robust_reliable_cost,0,11.579453468322754,heterogeneity_pressure,1.2825313806533813
0.3379044234752655,0.10052308440208435,1,task14b/seed8/heterogeneity_pressure/episode21/step26/unit2,22,scenario_robust_reliable_cost,0,14.864998817443848,heterogeneity_pressure,2.5522050857543945
1.1486308574676514,0.21297472715377808,1,task14b/seed8/heterogeneity_pressure/episode14/step39/unit2,22,scenario_robust_reliable_cost,0,3.803309917449951,heterogeneity_pressure,-0.049253106117248535
0.44346117973327637,0.17269140481948853,2,task14b/seed8/heterogeneity_pressure/episode42/step28/unit2,22,scenario_robust_reliable_cost,1,5.62549352645874,heterogeneity_pressure,0.7767130136489868
0.4977291524410248,0.08614983409643173,0,task14b/seed8/heterogeneity_pressure/episode13/step37/unit2,22,scenario_robust_reliable_cost,1,4.987122058868408,heterogeneity_pressure,0.8322416543960571
3.9447107315063477,0.36947715282440186,1,task14b/seed8/heterogeneity_pressure/episode26/step31/unit2,22,scenario_robust_reliable_cost,1,-9.63604736328125,heterogeneity_pressure,-6.058043479919434
0.5191864967346191,0.0999753475189209,0,task14b/seed8/heterogeneity_pressure/episode31/step37/unit2,22,scenario_robust_reliable_cost,0,3.812176465988159,heterogeneity_pressure,0.5797924995422363
0.6847043037414551,0.294584184885025,2,task14b/seed8/heterogeneity_pressure/episode5/step18/unit0,22,scenario_robust_reliable_cost,0,-0.690376341342926,heterogeneity_pressure,-0.9118474721908569
0.5973122119903564,0.2948979437351227,2,task14b/seed8/heterogeneity_pressure/episode5/step18/unit2,22,scenario_robust_reliable_cost,0,0.8282451033592224,heterogeneity_pressure,-0.5233545303344727
0.4686276614665985,0.07391906529664993,0,task14b/seed8/heterogeneity_pressure/episode41/step27/unit2,22,scenario_robust_reliable_cost,1,4.205012321472168,heterogeneity_pressure,0.7061871886253357
4.708040714263916,0.2411823868751526,1,task14b/seed8/heterogeneity_pressure/episode6/step25/unit2,22,scenario_robust_reliable_cost,0,-3.1488091945648193,heterogeneity_pressure,-3.9417545795440674
0.4781301021575928,0.08885814994573593,0,task14b/seed8/heterogeneity_pressure/episode30/step32/unit2,22,scenario_robust_reliable_cost,1,3.6870198249816895,heterogeneity_pressure,0.5834980607032776
0.5320077538490295,0.16465823352336884,2,task14b/seed8/heterogeneity_pressure/episode31/step29/unit2,22,scenario_robust_reliable_cost,0,2.3937361240386963,heterogeneity_pressure,0.1177181601524353
0.3984530568122864,0.12289906293153763,2,task14b/seed8/heterogeneity_pressure/episode33/step49/unit2,22,scenario_robust_reliable_cost,1,5.523049831390381,heterogeneity_pressure,0.8639774918556213
5.0,0.3049045205116272,1,task14b/seed8/heterogeneity_pressure/episode29/step0/unit0,22,scenario_robust_reliable_cost,0,-4.144619941711426,heterogeneity_pressure,-5.277404308319092
0.4557977020740509,0.1483692079782486,2,task14b/seed8/heterogeneity_pressure/episode43/step49/unit2,22,scenario_robust_reliable_cost,0,5.353533744812012,heterogeneity_pressure,0.7594828605651855
3.058837413787842,0.10679405927658081,1,task14b/seed10/medium/episode9/step27/unit2,22,scenario_robust_reliable_cost,0,-0.3773954510688782,medium,-1.0396562814712524
0.5207091569900513,0.09994720667600632,0,task14b/seed10/medium/episode20/step25/unit2,22,scenario_robust_reliable_cost,0,3.049755096435547,medium,0.43283575773239136
5.0,0.285410612821579,1,task14b/seed10/medium/episode33/step0/unit0,22,scenario_robust_reliable_cost,0,1.6769320964813232,medium,-3.948185682296753
5.0,0.27608880400657654,1,task14b/seed10/medium/episode33/step0/unit1,22,scenario_robust_reliable_cost,0,-0.19485509395599365,medium,-4.143559455871582
0.031024780124425888,0.24638116359710693,1,task14b/seed10/medium/episode27/step20/unit2,22,scenario_robust_reliable_cost,0,8.397357940673828,medium,1.4761223793029785
0.5268352031707764,0.1234915480017662,0,task14b/seed10/medium/episode44/step25/unit2,22,scenario_robust_reliable_cost,0,2.5345282554626465,medium,0.29543814063072205
5.0,0.28713375329971313,1,task14b/seed10/medium/episode44/step4/unit0,22,scenario_robust_reliable_cost,-1,-3.1505236625671387,medium,-4.835498809814453
5.0,0.24047420918941498,1,task14b/seed10/medium/episode44/step4/unit1,22,scenario_robust_reliable_cost,0,-2.3806312084198,medium,-4.003686428070068
5.0,0.352451890707016,1,task14b/seed10/medium/episode28/step4/unit0,22,scenario_robust_reliable_cost,0,1.5594531297683716,medium,-4.966868877410889
5.0,0.41216370463371277,1,task14b/seed10/medium/episode28/step4/unit2,22,scenario_robust_reliable_cost,0,-1.9317940473556519,medium,-6.478670597076416
1.1640052795410156,0.2745002508163452,2,task14b/seed10/medium/episode44/step0/unit0,22,scenario_robust_reliable_cost,0,-6.902533531188965,medium,-2.5523741245269775
1.1133145093917847,0.26835277676582336,2,task14b/seed10/medium/episode44/step0/unit1,22,scenario_robust_reliable_cost,0,-6.077304840087891,medium,-2.314688205718994
0.11994458734989166,0.21159057319164276,1,task14b/seed10/medium/episode39/step28/unit2,22,scenario_robust_reliable_cost,1,5.9059271812438965,medium,0.9786307215690613
0.4642009437084198,0.07512768357992172,0,task14b/seed10/medium/episode2/step30/unit2,22,scenario_robust_reliable_cost,0,4.308487415313721,medium,0.7253878712654114
5.0,0.3555765151977539,1,task14b/seed10/medium/episode12/step4/unit0,22,scenario_robust_reliable_cost,0,-4.133858680725098,medium,-6.0295891761779785
5.0,0.28065186738967896,1,task14b/seed10/medium/episode12/step4/unit1,22,scenario_robust_reliable_cost,0,-0.6109679937362671,medium,-4.285740375518799
0.5333077907562256,0.22487910091876984,2,task14b/seed10/medium/episode24/step20/unit2,22,scenario_robust_reliable_cost,0,1.5967512130737305,medium,-0.15933912992477417
0.8192592859268188,0.22448524832725525,2,task14b/seed10/medium/episode35/step7/unit1,22,scenario_robust_reliable_cost,0,-1.5739798545837402,medium,-1.0115573406219482
0.6757373809814453,0.2179429680109024,2,task14b/seed10/medium/episode35/step7/unit2,22,scenario_robust_reliable_cost,0,0.7391603589057922,medium,-0.4286627471446991
0.5119125843048096,0.07139638066291809,0,task14b/seed10/medium/episode22/step46/unit2,22,scenario_robust_reliable_cost,0,4.6349992752075195,medium,0.7832146883010864
0.5006104707717896,0.18570542335510254,2,task14b/seed10/time_pressure/episode44/step22/unit2,22,scenario_robust_reliable_cost,0,3.456245183944702,time_pressure,0.29960834980010986
0.30418384075164795,0.3582945466041565,1,task14b/seed10/time_pressure/episode18/step26/unit2,22,scenario_robust_reliable_cost,0,1.2451608180999756,time_pressure,-0.10213901102542877
0.48575258255004883,0.11029142886400223,0,task14b/seed10/time_pressure/episode31/step21/unit2,22,scenario_robust_reliable_cost,1,2.7640297412872314,time_pressure,0.3734022080898285
0.5680584907531738,0.2045755386352539,2,task14b/seed10/time_pressure/episode41/step18/unit2,22,scenario_robust_reliable_cost,0,2.911561965942383,time_pressure,0.10581380128860474
0.8371728658676147,0.20690113306045532,2,task14b/seed10/time_pressure/episode28/step8/unit0,22,scenario_robust_reliable_cost,0,-3.27225661277771,time_pressure,-1.2940771579742432
0.6923744678497314,0.19980424642562866,2,task14b/seed10/time_pressure/episode28/step8/unit2,22,scenario_robust_reliable_cost,0,-1.1056193113327026,time_pressure,-0.7459582090377808
0.5149645209312439,0.16709381341934204,2,task14b/seed10/time_pressure/episode16/step22/unit2,22,scenario_robust_reliable_cost,0,3.2465641498565674,time_pressure,0.28637784719467163
0.8374637961387634,0.20969092845916748,1,task14b/seed10/time_pressure/episode26/step20/unit2,22,scenario_robust_reliable_cost,0,4.092789173126221,time_pressure,0.20785176753997803
0.5025513768196106,0.06491795927286148,0,task14b/seed10/time_pressure/episode5/step22/unit2,22,scenario_robust_reliable_cost,0,5.306426048278809,time_pressure,0.9238402843475342
0.5065855383872986,0.10757908970117569,0,task14b/seed10/time_pressure/episode47/step24/unit2,22,scenario_robust_reliable_cost,0,2.8262577056884766,time_pressure,0.3826413154602051
0.5154114961624146,0.18819965422153473,2,task14b/seed10/time_pressure/episode44/step19/unit2,22,scenario_robust_reliable_cost,0,3.123436450958252,time_pressure,0.22052913904190063
4.898520469665527,0.351314902305603,1,task14b/seed10/time_pressure/episode41/step12/unit0,22,scenario_robust_reliable_cost,-1,4.244960784912109,time_pressure,-4.364489555358887
0.5015339255332947,0.08234640955924988,0,task14b/seed10/time_pressure/episode3/step24/unit2,22,scenario_robust_reliable_cost,1,3.3370916843414307,time_pressure,0.5197316408157349
0.47373154759407043,0.10672146826982498,0,task14b/seed10/time_pressure/episode12/step18/unit2,22,scenario_robust_reliable_cost,0,3.267367362976074,time_pressure,0.47904467582702637
0.5855905413627625,0.2478334754705429,0,task14b/seed10/time_pressure/episode30/step0/unit1,22,scenario_robust_reliable_cost,0,-3.6561005115509033,time_pressure,-1.1304939985275269
0.8442263603210449,0.16427308320999146,2,task14b/seed10/heterogeneity_pressure/episode18/step5/unit0,22,scenario_robust_reliable_cost,0,-2.705536365509033,heterogeneity_pressure,-1.0524355173110962
0.770702600479126,0.1500340849161148,2,task14b/seed10/heterogeneity_pressure/episode18/step5/unit1,22,scenario_robust_reliable_cost,0,-1.4510613679885864,heterogeneity_pressure,-0.7240110039710999
0.7079927325248718,0.1558506041765213,2,task14b/seed10/heterogeneity_pressure/episode18/step5/unit2,22,scenario_robust_reliable_cost,0,-0.43441787362098694,heterogeneity_pressure,-0.5096471905708313
5.0,0.20213477313518524,1,task14b/seed10/heterogeneity_pressure/episode10/step4/unit0,22,scenario_robust_reliable_cost,0,-3.53456974029541,heterogeneity_pressure,-3.6390860080718994
5.0,-0.004381392151117325,1,task14b/seed10/heterogeneity_pressure/episode10/step4/unit1,22,scenario_robust_reliable_cost,1,0.8572919964790344,heterogeneity_pressure,0.15302105247974396
5.0,0.042205046862363815,1,task14b/seed10/heterogeneity_pressure/episode10/step4/unit2,22,scenario_robust_reliable_cost,0,-1.5036752223968506,heterogeneity_pressure,-0.8964956402778625
0.8558276295661926,0.23964351415634155,2,task14b/seed10/heterogeneity_pressure/episode10/step0/unit0,22,scenario_robust_reliable_cost,0,-3.578568458557129,heterogeneity_pressure,-1.4758145809173584
0.7930539846420288,0.23528073728084564,2,task14b/seed10/heterogeneity_pressure/episode10/step0/unit1,22,scenario_robust_reliable_cost,1,-2.5367259979248047,heterogeneity_pressure,-1.2055389881134033
5.0,0.2680351138114929,1,task14b/seed10/heterogeneity_pressure/episode40/step5/unit0,22,scenario_robust_reliable_cost,0,-1.4616124629974365,heterogeneity_pressure,-4.249811172485352
5.0,0.20532125234603882,1,task14b/seed10/heterogeneity_pressure/episode40/step5/unit1,22,scenario_robust_reliable_cost,0,-1.549849271774292,heterogeneity_pressure,-3.332247734069824
5.0,0.28794747591018677,1,task14b/seed10/heterogeneity_pressure/episode21/step5/unit0,22,scenario_robust_reliable_cost,0,-1.753347635269165,heterogeneity_pressure,-4.598221778869629
5.0,0.16383956372737885,1,task14b/seed10/heterogeneity_pressure/episode21/step5/unit1,22,scenario_robust_reliable_cost,0,0.8318739533424377,heterogeneity_pressure,-2.2897913455963135
5.0,0.2547892928123474,1,task14b/seed10/heterogeneity_pressure/episode21/step5/unit2,22,scenario_robust_reliable_cost,-1,-1.9594128131866455,heterogeneity_pressure,-4.141540050506592
0.8530339002609253,0.2146950215101242,2,task14b/seed10/heterogeneity_pressure/episode8/step6/unit0,22,scenario_robust_reliable_cost,0,-3.1506733894348145,heterogeneity_pressure,-1.3092972040176392
0.8536887764930725,0.22268962860107422,2,task14b/seed10/heterogeneity_pressure/episode8/step6/unit1,22,scenario_robust_reliable_cost,-1,-3.1722662448883057,heterogeneity_pressure,-1.3403576612472534
0.7250490188598633,0.22251303493976593,2,task14b/seed10/heterogeneity_pressure/episode8/step6/unit2,22,scenario_robust_reliable_cost,0,-1.1750842332839966,heterogeneity_pressure,-0.8481443524360657
5.0,0.2774597406387329,1,task14b/seed10/heterogeneity_pressure/episode40/step2/unit0,22,scenario_robust_reliable_cost,0,0.7650521993637085,heterogeneity_pressure,-3.992624521255493
0.5024734735488892,0.13639123737812042,2,task14b/seed10/heterogeneity_pressure/episode32/step32/unit2,22,scenario_robust_reliable_cost,1,4.048846244812012,heterogeneity_pressure,0.5071384310722351
0.53593909740448,0.19877637922763824,0,task14b/seed10/heterogeneity_pressure/episode8/step3/unit0,22,scenario_robust_reliable_cost,0,-1.9773567914962769,heterogeneity_pressure,-0.6940558552742004
5.0,0.36585402488708496,1,task14b/seed10/heterogeneity_pressure/episode4/step6/unit0,22,scenario_robust_reliable_cost,0,3.1261415481567383,heterogeneity_pressure,-4.8866777420043945
0.5416421294212341,0.16162511706352234,0,task14b/seed10/heterogeneity_pressure/episode27/step5/unit0,22,scenario_robust_reliable_cost,0,-1.235094428062439,heterogeneity_pressure,-0.4954147934913635
0.5480586290359497,0.14320504665374756,0,task14b/seed10/heterogeneity_pressure/episode27/step5/unit1,22,scenario_robust_reliable_cost,-1,-1.657860517501831,heterogeneity_pressure,-0.5499817728996277
0.5368456840515137,0.1369786113500595,0,task14b/seed10/heterogeneity_pressure/episode27/step5/unit2,22,scenario_robust_reliable_cost,0,-0.8565456867218018,heterogeneity_pressure,-0.38137054443359375
0.5446035861968994,0.20903456211090088,0,task14b/seed10/heterogeneity_pressure/episode2/step2/unit0,22,scenario_robust_reliable_cost,0,-3.0322766304016113,heterogeneity_pressure,-0.9183716177940369
0.5446000695228577,0.1824311912059784,0,task14b/seed10/heterogeneity_pressure/episode2/step2/unit2,22,scenario_robust_reliable_cost,0,-2.251405954360962,heterogeneity_pressure,-0.7255721688270569
5.0,0.24557681381702423,1,task14b/seed10/heterogeneity_pressure/episode5/step6/unit0,22,scenario_robust_reliable_cost,0,-1.4752298593521118,heterogeneity_pressure,-3.918015718460083
5.0,0.1082870364189148,1,task14b/seed10/heterogeneity_pressure/episode5/step6/unit1,22,scenario_robust_reliable_cost,0,0.41598600149154663,heterogeneity_pressure,-1.5372868776321411
0.5300980806350708,0.10508958250284195,0,task14b/seed10/heterogeneity_pressure/episode36/step49/unit2,22,scenario_robust_reliable_cost,0,3.1070313453674316,heterogeneity_pressure,0.4330456554889679
